{"type":"FeatureCollection","features":[{"type":"Feature","id":1,"geometry":{"type":"MultiPolygon","coordinates":[[[[-73.016523470999971,43.494148515000063],[-73.016660370999944,43.493080810000038],[-73.014480788999947,43.492999631000032],[-73.007879403999937,43.492769893000059],[-73.008017624999979,43.495705458000032],[-73.011849852999944,43.495625725000025],[-73.011539814999935,43.494170919000055],[-73.016523470999971,43.494148515000063]]],[[[-72.955753260999984,43.483771162000039],[-72.951655879999976,43.483455316000061],[-72.940298747999975,43.482579849000047],[-72.928769666999983,43.481689154000037],[-72.928788163999968,43.482736390000071],[-72.928822552999975,43.486524835000068],[-72.928949573999944,43.489913065000053],[-72.928964106999956,43.49018304100008],[-72.929036836999956,43.491534131000037],[-72.929267037999978,43.495810260000042],[-72.93047592299996,43.517121613000029],[-72.930580991999989,43.518975588000046],[-72.931568979999952,43.519421143000045],[-72.93221134199996,43.519582034000052],[-72.93372650699996,43.52074282600006],[-72.93420890699997,43.520950982000045],[-72.934500639999953,43.521393146000037],[-72.935179781999977,43.522207141000081],[-72.935823347999985,43.522531323000067],[-72.936468273999935,43.52304213900004],[-72.936772297999937,43.523171929000057],[-72.937497444999963,43.523481497000034],[-72.938116863999937,43.523565347000044],[-72.938774789999968,43.523654407000038],[-72.939530101999935,43.523683669000036],[-72.93993566499995,43.52368210700007],[-72.940959949999979,43.52344486100003],[-72.942942140999946,43.522667289000026],[-72.943963655999937,43.522056728000052],[-72.944667458999959,43.521844014000067],[-72.946296017999941,43.520951091000029],[-72.947159585999941,43.520667755000034],[-72.949591663999968,43.520051611000042],[-72.951283349999983,43.519041727000058],[-72.953103915999975,43.518124630000045],[-72.953576582999972,43.517505671000038],[-72.95415346599998,43.517000589000077],[-72.95482459599998,43.516717953000068],[-72.955369041999973,43.516645790000041],[-72.956330790999971,43.516641952000043],[-72.956524376999937,43.516804500000035],[-72.957811773999936,43.51681792800008],[-72.958768076999945,43.516748853000081],[-72.960362186999987,43.516391393000049],[-72.961263633999977,43.516085554000028],[-72.962672223999959,43.515823222000051],[-72.963632064999956,43.51548904200007],[-72.964015945999961,43.514857366000058],[-72.964723442999968,43.514109821000034],[-72.965579187999936,43.51385666200008],[-72.967428170999938,43.513507995000055],[-72.967461371999946,43.511921915000073],[-72.968773918999943,43.512694833000069],[-72.970207023999933,43.513633150000032],[-72.970683555999983,43.514001377000056],[-72.971887610999943,43.514939710000078],[-72.972846808999975,43.516195972000048],[-72.973958577999952,43.517451597000047],[-72.97507178799998,43.518879043000027],[-72.975692501999958,43.520053232000066],[-72.976033670999982,43.520752517000062],[-72.97612363199994,43.520966275000035],[-72.976351921999935,43.521508715000039],[-72.984436792999986,43.520630542000049],[-73.006499487999974,43.518231548000074],[-73.012926764999975,43.518657766000047],[-73.013518366999961,43.518696997000063],[-73.027442375999954,43.519620351000071],[-73.027516387999981,43.524634493000065],[-73.027521582999952,43.524986368000043],[-73.027911323999945,43.551373489000071],[-73.038864865999983,43.551411618000031],[-73.042829105999942,43.532225677000042],[-73.046790891999933,43.513039547000062],[-73.050769223999964,43.494183254000063],[-73.049373279999941,43.494149811000057],[-73.037856477999981,43.493793108000034],[-73.037846790999936,43.49379280200003],[-73.037850374999948,43.495315880000078],[-73.034556877999989,43.495331319000059],[-73.034404214999938,43.498833780000041],[-73.029151431999935,43.49887203000003],[-73.008879701999945,43.498522464000075],[-73.004505792999964,43.498505536000039],[-73.002418057999989,43.49834596900007],[-73.002605802999938,43.497439273000055],[-73.00276103899995,43.495573096000044],[-73.002790282999968,43.494683377000058],[-73.002848331999985,43.494049268000026],[-73.002130802999943,43.492481918000067],[-72.997358437999935,43.492184075000068],[-72.987612253999941,43.491576276000046],[-72.987240278999934,43.495581609000055],[-72.987193295999987,43.496085821000065],[-72.977347272999964,43.495664305000048],[-72.972426255999949,43.495453378000036],[-72.971762186999968,43.495424938000042],[-72.971236922999935,43.495402442000056],[-72.968656740999961,43.495291940000072],[-72.964440520999972,43.495111371000064],[-72.963816518999977,43.495084648000045],[-72.963794999999948,43.495083737000073],[-72.963324287999967,43.495063820000041],[-72.963328924999985,43.494840601000078],[-72.96333829699995,43.494355668000026],[-72.963357278999979,43.493350278000037],[-72.960515223999948,43.493342445000053],[-72.958742602999962,43.493247837000069],[-72.958934608999982,43.492188081000052],[-72.959278719999986,43.490288802000066],[-72.958369285999936,43.49025282000008],[-72.955930284999965,43.489994820000049],[-72.955322284999966,43.489879819000066],[-72.955331741999942,43.489749561000053],[-72.955353522999985,43.489440677000061],[-72.955374900999971,43.489137497000058],[-72.955621720999943,43.485637159000078],[-72.955753260999984,43.483771162000039]],[[-72.938546502999941,43.499109181000051],[-72.936531497999965,43.498891401000037],[-72.934703490999937,43.498830718000079],[-72.935049280999976,43.495221595000032],[-72.94197788799994,43.495240075000027],[-72.941842252999948,43.496548444000041],[-72.943783921999966,43.496540922000065],[-72.943000690999952,43.498235046000048],[-72.945499980999955,43.498202968000044],[-72.945934368999986,43.498336480000034],[-72.944709958999965,43.500325581000027],[-72.945332463999989,43.500729045000071],[-72.94601423599994,43.500771476000068],[-72.946946343999969,43.501151188000051],[-72.947669464999933,43.501351142000033],[-72.948070327999972,43.501343235000036],[-72.94778353099997,43.501778912000077],[-72.947135304999961,43.502274810000074],[-72.946886019999965,43.502648591000025],[-72.946283201999961,43.502326323000034],[-72.944949217999977,43.502060932000063],[-72.943737664999958,43.501592109000057],[-72.942866866999964,43.501121953000052],[-72.942267628999957,43.500675030000025],[-72.941313830999945,43.50090079000006],[-72.94044499499995,43.500342088000025],[-72.939602926999953,43.499556108000036],[-72.939228116999971,43.499129115000073],[-72.938546502999941,43.499109181000051]],[[-72.980998038999985,43.500129418000029],[-72.981415924999965,43.499868995000043],[-72.982221609999954,43.499630444000047],[-72.983319900999959,43.499625810000055],[-72.983968017999985,43.499881729000037],[-72.984586097999966,43.500419969000063],[-72.98468769699997,43.501007429000026],[-72.984661794999965,43.501807064000047],[-72.984377073999951,43.502560754000058],[-72.984284858999956,43.503149034000046],[-72.984512311999936,43.503312673000039],[-72.984868228999972,43.503381718000071],[-72.985193524999943,43.503662528000064],[-72.985358063999968,43.50403807400005],[-72.985361842999964,43.504508357000077],[-72.985073923999948,43.504862313000046],[-72.984689447999983,43.50526370700004],[-72.983935437999946,43.505559531000074],[-72.983755589999987,43.505643904000067],[-72.983207151999977,43.505740287000037],[-72.982851409999967,43.505694757000072],[-72.982592024999974,43.505578283000034],[-72.982398124999975,43.505421339000065],[-72.981941234999965,43.504993135000063],[-72.981777647999934,43.504735156000038],[-72.981678122999938,43.504406365000079],[-72.981320702999938,43.504149200000029],[-72.981318276999957,43.503843503000041],[-72.981090846999962,43.50367986200007],[-72.98095901399995,43.503351199000065],[-72.980567621999967,43.502882528000043],[-72.98043635099998,43.502624412000046],[-72.980457651999984,43.501236918000075],[-72.980998038999985,43.500129418000029]]],[[[-73.010823917999971,43.524946066000041],[-73.010561369999948,43.525006234000045],[-73.004992322999954,43.526282484000035],[-73.004331885999989,43.522837861000028],[-72.983949523999968,43.52597922700005],[-72.988358586999937,43.545551094000075],[-72.992770557999961,43.565122710000026],[-72.992688107999982,43.566049422000049],[-72.992658412999958,43.566797038000061],[-72.992696343999967,43.56794855000004],[-72.992407804999971,43.569538894000061],[-72.991959687999952,43.570683404000079],[-72.991020643999946,43.572417053000038],[-72.999690601999987,43.572084673000063],[-73.010591931999954,43.571736371000043],[-73.010711833999949,43.571732737000048],[-73.011414804999959,43.571702770000059],[-73.020120086999952,43.549107273000061],[-73.020317033999959,43.548595850000027],[-73.020887544999937,43.547114375000035],[-73.021499047999953,43.545526456000061],[-73.018787930999963,43.540301105000026],[-73.018701102999955,43.540133732000072],[-73.018403159999934,43.539559402000066],[-73.018032048999942,43.538844033000032],[-73.01728054299997,43.537395399000047],[-73.015246760999958,43.533474233000049],[-73.015097254999944,43.533185955000079],[-73.01121518399998,43.525700508000057],[-73.010823917999971,43.524946066000041]]],[[[-72.932870269999967,43.530816344000073],[-72.932717621999984,43.529904590000058],[-72.932626153999934,43.525655071000074],[-72.930945288999965,43.525375797000038],[-72.931471441999975,43.534979474000068],[-72.931863974999942,43.541476458000034],[-72.933480637999935,43.564962724000054],[-72.933566776999953,43.566199470000072],[-72.934151568999937,43.574636141000042],[-72.934309093999957,43.574798390000069],[-72.951454206999983,43.57395260800007],[-72.951430509999966,43.572941338000078],[-72.951421396999933,43.572772744000076],[-72.951403662999951,43.572444750000045],[-72.951295346999984,43.571511491000081],[-72.951111640999954,43.571002254000064],[-72.950934355999948,43.570673676000069],[-72.950692328999935,43.57027934100006],[-72.950613792999945,43.569751779000057],[-72.950700979999965,43.569043141000066],[-72.950715441999989,43.568917512000041],[-72.950378520999948,43.568373787000041],[-72.950247862999959,43.568093848000046],[-72.949845550999953,43.567582405000053],[-72.949444464999942,43.566360583000062],[-72.948731744999975,43.564702272000034],[-72.944129674999942,43.555183154000076],[-72.943559212999958,43.55394485000005],[-72.943070637999938,43.552609681000035],[-72.942628366999941,43.551839147000067],[-72.940705475999948,43.546048425000038],[-72.940156339999987,43.545140537000066],[-72.938531271999977,43.543194983000035],[-72.938302379999982,43.542557995000038],[-72.937775845999965,43.541985775000057],[-72.935799404999955,43.537764266000067],[-72.935403376999943,43.536633718000076],[-72.933816455999988,43.533322539000039],[-72.933236481999984,43.531964545000051],[-72.932870269999967,43.530816344000073]]]]},"properties":{"Abbreviated_District_Name":"Arr","District_Name":"Agricultural And Rural Residential","OBJECTID":1,"OBJECT_ID":1068,"County":"Rutland","RPC":"RRPC","Municipal_Name":"Clarendon","GEO_ID":"5002114500","District_Type":"Mixed with Residential","Bylaw_Date":"2011-02-11","Elderly_Housing_District":"No","District_Mapped":"Yes","Overlay_District":"No","Base_Density":null,"FIPS6":21025,"GIS_ID":null,"Last_Update":"2026-04-16","F1F_Allowance":"Permitted","F1F_Front_Setback":40,"F1F_Side_Setback":20,"F1F_Rear_Setback":30,"F1F_Frontage":125,"F1F_Max_Height":35,"F1F_Max_Stories":3,"F1F_Min_Lot_Size":0.92000000000000004,"F1F_Max_Lot_Building_Coverage":20,"F1F_Max_Lot_Impervious_Coverage":null,"F1F_Min_Parking_Spaces":2,"F1F_Elderly_Housing_Only":null,"F1F_Affordable_Housing_Only":null,"F2F_Allowance":"Permitted","F2F_Front_Setback":40,"F2F_Side_Setback":20,"F2F_Rear_Setback":30,"F2F_Frontage":125,"F2F_Max_Density":null,"F2F_Max_Height":35,"F2F_Max_Stories":3,"F2F_Min_Lot_Size":0.92000000000000004,"F2F_Max_Lot_Building_Coverage":20,"F2F_Max_Lot_Impervious_Coverage":20,"F2F_Min_Parking_Spaces_per_1BR":2,"F2F_Min_Parking_Spaces_per_mult_BR":2,"F2F_Elderly_Housing_Only":"No","F2F_Affordable_Housing_Only":"No","F3F_Allowance":null,"F3F_Front_Setback":null,"F3F_Side_Setback":null,"F3F_Rear_Setback":null,"F3F_Frontage":null,"F3F_Max_Density":null,"F3F_Max_Height":null,"F3F_Max_Stories":null,"F3F_Min_Lot_Size":null,"F3F_Max_Lot_Building_Coverage":null,"F3F_Max_Lot_Impervious_Coverage":null,"F3F_Min_Parking_Spaces_per_1BR":null,"F3F_Min_Parking_Spaces_per_mult_BR":null,"F3F_Affordable_Housing_Only":"No","F3F_Proximity_to_Public_Transit_Required":"No","F3F_Connection_to_Sewage_Water_Required":"No","F4F_Allowance":null,"F4F_Front_Setback":null,"F4F_Side_Setback":null,"F4F_Rear_Setback":null,"F4F_Frontage":null,"F1F_Max_Density":null,"F4F_Max_Density":null,"F4F_Max_Height":null,"F4F_Max_Stories":null,"F4F_Min_Lot_Size":null,"F4F_Max_Lot_Building_Coverage":null,"F4F_Max_Lot_Impervious_Coverage":null,"F4F_Min_Parking_Spaces_per_1BR":null,"F4F_Min_Parking_Spaces_per_mult_BR":null,"F3F_Elderly_Housing_Only":"No","F4F_Elderly_Housing_Only":"No","F4F_Affordable_Housing_Only":"No","F4F_Proximity_to_Public_Transit_Required":"No","F4F_Connection_to_Sewage_Water_Required":"No","ADU_Allowance":"Permitted","ADU_Elderly_Housing_Only":"No","ADU_Max_Size_as_Percent_of_Primary_Strcture":50,"ADU_Max_Size_in_sq_ft":null,"ADU_Min_Lot_Size":null,"ADU_Max_Bedrooms":1,"ADU_Min_Parking_Spaces":null,"ADU_Owner_Occupancy_Required":"Yes","ADU_Renter_Occupancy_Prohibited":"No","ADU_Employee_or_Family_Occupancy_Required":"No","ADU_Restricted_to_Primary_Structure":"No","Affordable_Housing_Allowance":"Not Mentioned","Affordable_Housing_District":"No","Affordable_Housing_Elderly_Only":"No","Affordable_Housing_Min_Lot_Size":null,"Affordable_Housing_Max_Density":null,"Affordable_Housing_Min_Parking_Spaces_per_mult_BR":null,"Affordable_Housing_Max_Units_per_Building":null,"Affordable_Housing_Min_Parking_Spaces_per_1BR":null,"PRD_Allowance":"Not Mentioned","PRD_Max_Density":null,"PRD_Max_Units":null,"PRD_Min_Lot_Size":null,"PRD_Mobile_or_Manufactured_Home_Park":"No","PUD_Allowance":null,"PUD_Required_with_Subdivision":null,"PUD_Requires_Land_Conservation":null,"PUD_Threshold_Number":null,"Notes":"Single And Two Family Residences Are Permissible Upon Issuance Of A Development Permit, And May Require A Site Plan Review  ","Shape_Length":0.74646513319701091,"Shape_Area":0.0052908595416681177}},{"type":"Feature","id":2,"geometry":{"type":"MultiPolygon","coordinates":[[[[-72.963475273999961,43.566976234000037],[-72.953814528999942,43.567939519000049],[-72.951983367999958,43.56839855100003],[-72.951375609999957,43.56846334800008],[-72.950796361999949,43.568372135000061],[-72.950247862999959,43.568093848000046],[-72.950378520999948,43.568373787000041],[-72.950595281999938,43.568711681000025],[-72.950700979999965,43.569043141000066],[-72.950613792999945,43.569751779000057],[-72.950692328999935,43.57027934100006],[-72.950934355999948,43.570673676000069],[-72.951111640999954,43.571002254000064],[-72.951295346999984,43.571511491000081],[-72.951403662999951,43.572444750000045],[-72.951421396999933,43.572772744000076],[-72.951430509999966,43.572941338000078],[-72.951493490999951,43.573950913000033],[-72.965532825999958,43.573390973000073],[-72.965491286999963,43.57327768500005],[-72.965151583999955,43.572542371000054],[-72.964271823999979,43.571119835000047],[-72.964062918999957,43.570779823000066],[-72.963682020999954,43.569959512000025],[-72.963500246999956,43.569349684000031],[-72.963328599999954,43.567924725000069],[-72.963475273999961,43.566976234000037]]],[[[-72.962274333999972,43.539317701000073],[-72.95810714199996,43.539569118000031],[-72.958699498999977,43.542912391000073],[-72.959392330999947,43.544496196000068],[-72.960076755999978,43.545644071000027],[-72.963228932999982,43.544825941000056],[-72.962274333999972,43.539317701000073]]],[[[-72.952466882999943,43.538144840000029],[-72.951951606999955,43.538234471000067],[-72.951278330999969,43.53835156100007],[-72.949651914999947,43.538357971000039],[-72.948148535999962,43.538456592000045],[-72.948335048999979,43.538693694000074],[-72.948899826999934,43.539175248000049],[-72.951577682999982,43.540841365000063],[-72.954392680999945,43.540955803000031],[-72.953515448999951,43.538235931000031],[-72.952466882999943,43.538144840000029]]],[[[-72.956347603999973,43.521442999000044],[-72.951160176999963,43.522502512000074],[-72.951232957999935,43.526946560000056],[-72.956322828999987,43.528844152000033],[-72.955627690999961,43.529861901000061],[-72.954707828999972,43.531056430000035],[-72.953889401999959,43.531903474000046],[-72.958531978999986,43.531966689000058],[-72.959110867999982,43.531192505000035],[-72.959664516999965,43.53057597600008],[-72.963012367999966,43.52728819500004],[-72.957487227999934,43.527462121000042],[-72.958642329999975,43.526185292000036],[-72.961221038999952,43.522977114000071],[-72.956347603999973,43.521442999000044]]]]},"properties":{"Abbreviated_District_Name":"Ci","District_Name":"Commercial And Industrial","OBJECTID":2,"OBJECT_ID":1069,"County":"Rutland","RPC":"RRPC","Municipal_Name":"Clarendon","GEO_ID":"5002114500","District_Type":"Mixed with Residential","Bylaw_Date":"2011-02-11","Elderly_Housing_District":"No","District_Mapped":"Yes","Overlay_District":"No","Base_Density":null,"FIPS6":21025,"GIS_ID":null,"Last_Update":"2026-04-16","F1F_Allowance":"Conditional","F1F_Front_Setback":40,"F1F_Side_Setback":20,"F1F_Rear_Setback":30,"F1F_Frontage":125,"F1F_Max_Height":35,"F1F_Max_Stories":3,"F1F_Min_Lot_Size":0.92000000000000004,"F1F_Max_Lot_Building_Coverage":50,"F1F_Max_Lot_Impervious_Coverage":null,"F1F_Min_Parking_Spaces":2,"F1F_Elderly_Housing_Only":null,"F1F_Affordable_Housing_Only":null,"F2F_Allowance":"Permitted","F2F_Front_Setback":40,"F2F_Side_Setback":20,"F2F_Rear_Setback":30,"F2F_Frontage":125,"F2F_Max_Density":null,"F2F_Max_Height":35,"F2F_Max_Stories":3,"F2F_Min_Lot_Size":0.92000000000000004,"F2F_Max_Lot_Building_Coverage":50,"F2F_Max_Lot_Impervious_Coverage":null,"F2F_Min_Parking_Spaces_per_1BR":2,"F2F_Min_Parking_Spaces_per_mult_BR":2,"F2F_Elderly_Housing_Only":"No","F2F_Affordable_Housing_Only":"No","F3F_Allowance":"Permitted","F3F_Front_Setback":40,"F3F_Side_Setback":20,"F3F_Rear_Setback":30,"F3F_Frontage":125,"F3F_Max_Density":null,"F3F_Max_Height":35,"F3F_Max_Stories":3,"F3F_Min_Lot_Size":0.92000000000000004,"F3F_Max_Lot_Building_Coverage":50,"F3F_Max_Lot_Impervious_Coverage":null,"F3F_Min_Parking_Spaces_per_1BR":2,"F3F_Min_Parking_Spaces_per_mult_BR":2,"F3F_Affordable_Housing_Only":"No","F3F_Proximity_to_Public_Transit_Required":"No","F3F_Connection_to_Sewage_Water_Required":"No","F4F_Allowance":"Permitted","F4F_Front_Setback":40,"F4F_Side_Setback":20,"F4F_Rear_Setback":30,"F4F_Frontage":125,"F1F_Max_Density":null,"F4F_Max_Density":null,"F4F_Max_Height":35,"F4F_Max_Stories":3,"F4F_Min_Lot_Size":0.92000000000000004,"F4F_Max_Lot_Building_Coverage":50,"F4F_Max_Lot_Impervious_Coverage":null,"F4F_Min_Parking_Spaces_per_1BR":2,"F4F_Min_Parking_Spaces_per_mult_BR":2,"F3F_Elderly_Housing_Only":"No","F4F_Elderly_Housing_Only":"No","F4F_Affordable_Housing_Only":"No","F4F_Proximity_to_Public_Transit_Required":"No","F4F_Connection_to_Sewage_Water_Required":"No","ADU_Allowance":"Permitted","ADU_Elderly_Housing_Only":"No","ADU_Max_Size_as_Percent_of_Primary_Strcture":50,"ADU_Max_Size_in_sq_ft":null,"ADU_Min_Lot_Size":null,"ADU_Max_Bedrooms":1,"ADU_Min_Parking_Spaces":null,"ADU_Owner_Occupancy_Required":"Yes","ADU_Renter_Occupancy_Prohibited":"No","ADU_Employee_or_Family_Occupancy_Required":"No","ADU_Restricted_to_Primary_Structure":"No","Affordable_Housing_Allowance":"Not Mentioned","Affordable_Housing_District":"No","Affordable_Housing_Elderly_Only":"No","Affordable_Housing_Min_Lot_Size":null,"Affordable_Housing_Max_Density":null,"Affordable_Housing_Min_Parking_Spaces_per_mult_BR":null,"Affordable_Housing_Max_Units_per_Building":null,"Affordable_Housing_Min_Parking_Spaces_per_1BR":null,"PRD_Allowance":"Not Mentioned","PRD_Max_Density":null,"PRD_Max_Units":null,"PRD_Min_Lot_Size":null,"PRD_Mobile_or_Manufactured_Home_Park":"No","PUD_Allowance":null,"PUD_Required_with_Subdivision":null,"PUD_Requires_Land_Conservation":null,"PUD_Threshold_Number":null,"Notes":"Two Family And Multifamily Residences Are Permissible Upon Issuance Of A Development Permit, And May Be Subject to A Site Plan Review  ","Shape_Length":0.12197101708594152,"Shape_Area":0.00018522144410520073}},{"type":"Feature","id":3,"geometry":{"type":"MultiPolygon","coordinates":[[[[-72.967428170999938,43.513507995000055],[-72.965579187999936,43.51385666200008],[-72.964723442999968,43.514109821000034],[-72.964015945999961,43.514857366000058],[-72.963632064999956,43.51548904200007],[-72.962672223999959,43.515823222000051],[-72.961263633999977,43.516085554000028],[-72.960362186999987,43.516391393000049],[-72.958768076999945,43.516748853000081],[-72.957811773999936,43.51681792800008],[-72.956524376999937,43.516804500000035],[-72.956330790999971,43.516641952000043],[-72.955369041999973,43.516645790000041],[-72.95482459599998,43.516717953000068],[-72.95415346599998,43.517000589000077],[-72.953576582999972,43.517505671000038],[-72.953103915999975,43.518124630000045],[-72.951283349999983,43.519041727000058],[-72.949591663999968,43.520051611000042],[-72.947159585999941,43.520667755000034],[-72.946296017999941,43.520951091000029],[-72.944667458999959,43.521844014000067],[-72.943963655999937,43.522056728000052],[-72.942942140999946,43.522667289000026],[-72.940959949999979,43.52344486100003],[-72.93993566499995,43.52368210700007],[-72.939530101999935,43.523683669000036],[-72.938774789999968,43.523654407000038],[-72.938116863999937,43.523565347000044],[-72.937497444999963,43.523481497000034],[-72.936772297999937,43.523171929000057],[-72.936468273999935,43.52304213900004],[-72.935823347999985,43.522531323000067],[-72.935179781999977,43.522207141000081],[-72.934500639999953,43.521393146000037],[-72.93420890699997,43.520950982000045],[-72.93372650699996,43.52074282600006],[-72.93221134199996,43.519582034000052],[-72.931568979999952,43.519421143000045],[-72.930580991999989,43.518975588000046],[-72.930588973999988,43.51911632000008],[-72.930612861999975,43.519533856000066],[-72.930628737999939,43.519812990000048],[-72.930629689999989,43.519829748000063],[-72.930669440999964,43.52052954100003],[-72.931438937999985,43.521049092000055],[-72.933115095999938,43.52251457400007],[-72.934390177999944,43.523346663000041],[-72.935225506999984,43.523689799000067],[-72.935902217999967,43.52403352500005],[-72.936625400999958,43.524293200000045],[-72.937928828999986,43.524574115000064],[-72.939316493999968,43.524511069000027],[-72.940433599999949,43.524522060000038],[-72.941537356999959,43.524228318000041],[-72.942208474999973,43.523972785000069],[-72.944175145999964,43.523574364000069],[-72.945237573999975,43.523240315000066],[-72.946221826999988,43.523095352000041],[-72.947045646999982,43.522896994000064],[-72.949228593999976,43.522095604000071],[-72.950402602999986,43.521722056000044],[-72.951020622999977,43.521455071000048],[-72.952195478999954,43.520802715000059],[-72.953287223999951,43.520401984000046],[-72.955499079999981,43.519810888000052],[-72.95594904099994,43.519559179000055],[-72.956284744999948,43.519276838000053],[-72.956796200999975,43.51903268600006],[-72.957696444999954,43.518422366000038],[-72.958685463999984,43.518057012000043],[-72.961167769999975,43.517709011000079],[-72.962488176999955,43.517606036000075],[-72.964361923999945,43.517228985000031],[-72.965367175999972,43.516949106000027],[-72.966950567999959,43.516270905000056],[-72.967517089999944,43.516082162000032],[-72.967467014999954,43.514611097000056],[-72.967447403999984,43.514028021000058],[-72.967428170999938,43.513507995000055]]],[[[-72.983319900999959,43.499625810000055],[-72.982221609999954,43.499630444000047],[-72.981415924999965,43.499868995000043],[-72.980998038999985,43.500129418000029],[-72.980457651999984,43.501236918000075],[-72.98043635099998,43.502624412000046],[-72.980567621999967,43.502882528000043],[-72.98095901399995,43.503351199000065],[-72.981090846999962,43.50367986200007],[-72.981318276999957,43.503843503000041],[-72.981320702999938,43.504149200000029],[-72.981678122999938,43.504406365000079],[-72.981777647999934,43.504735156000038],[-72.981941234999965,43.504993135000063],[-72.982398124999975,43.505421339000065],[-72.982592024999974,43.505578283000034],[-72.982851409999967,43.505694757000072],[-72.983207151999977,43.505740287000037],[-72.983755589999987,43.505643904000067],[-72.983935437999946,43.505559531000074],[-72.984689447999983,43.50526370700004],[-72.985073923999948,43.504862313000046],[-72.985361842999964,43.504508357000077],[-72.985358063999968,43.50403807400005],[-72.985193524999943,43.503662528000064],[-72.984868228999972,43.503381718000071],[-72.984512311999936,43.503312673000039],[-72.984284858999956,43.503149034000046],[-72.984377073999951,43.502560754000058],[-72.984661794999965,43.501807064000047],[-72.98468769699997,43.501007429000026],[-72.984586097999966,43.500419969000063],[-72.983968017999985,43.499881729000037],[-72.983319900999959,43.499625810000055]]],[[[-72.935049280999976,43.495221595000032],[-72.934703490999937,43.498830718000079],[-72.936531497999965,43.498891401000037],[-72.938546502999941,43.499109181000051],[-72.939228116999971,43.499129115000073],[-72.939602926999953,43.499556108000036],[-72.94044499499995,43.500342088000025],[-72.941313830999945,43.50090079000006],[-72.942267628999957,43.500675030000025],[-72.942866866999964,43.501121953000052],[-72.943737664999958,43.501592109000057],[-72.944949217999977,43.502060932000063],[-72.946283201999961,43.502326323000034],[-72.946886019999965,43.502648591000025],[-72.947145006999961,43.502274778000071],[-72.947793228999956,43.501778873000035],[-72.948070327999972,43.501343235000036],[-72.947669464999933,43.501351142000033],[-72.946956037999939,43.501151139000058],[-72.946023934999971,43.500771443000076],[-72.945342133999986,43.50072900300006],[-72.944719637999981,43.500325542000041],[-72.945944058999942,43.498336448000032],[-72.945499980999955,43.498202968000044],[-72.943000690999952,43.498235046000048],[-72.943783921999966,43.496540922000065],[-72.941842252999948,43.496548444000041],[-72.941987581999967,43.495240026000033],[-72.935049280999976,43.495221595000032]]],[[[-73.002140695999969,43.492482535000079],[-73.002848331999985,43.494049268000026],[-73.002790282999968,43.494683377000058],[-73.00276103899995,43.495573096000044],[-73.002605802999938,43.497439273000055],[-73.002418057999989,43.49834596900007],[-73.004505792999964,43.498505536000039],[-73.008879701999945,43.498522464000075],[-73.029151431999935,43.49887203000003],[-73.034413907999976,43.498833748000038],[-73.034556877999989,43.495331319000059],[-73.037850374999948,43.495315880000078],[-73.037856477999981,43.493793108000034],[-73.037846790999936,43.49379280200003],[-73.035799156999985,43.493727956000043],[-73.027033572999983,43.493464589000041],[-73.017073579999987,43.49309635700007],[-73.016660370999944,43.493080810000038],[-73.016523470999971,43.494148515000063],[-73.011539814999935,43.494170919000055],[-73.011849852999944,43.495625725000025],[-73.008017624999979,43.495705458000032],[-73.007879403999937,43.492769893000059],[-73.005307300999959,43.492679818000056],[-73.002140695999969,43.492482535000079]]]]},"properties":{"Abbreviated_District_Name":"Con","District_Name":"Conservation","OBJECTID":3,"OBJECT_ID":1070,"County":"Rutland","RPC":"RRPC","Municipal_Name":"Clarendon","GEO_ID":"5002114500","District_Type":"Nonresidential","Bylaw_Date":"2011-02-11","Elderly_Housing_District":"No","District_Mapped":"Yes","Overlay_District":"No","Base_Density":null,"FIPS6":21025,"GIS_ID":null,"Last_Update":"2026-04-16","F1F_Allowance":null,"F1F_Front_Setback":null,"F1F_Side_Setback":null,"F1F_Rear_Setback":null,"F1F_Frontage":null,"F1F_Max_Height":null,"F1F_Max_Stories":null,"F1F_Min_Lot_Size":null,"F1F_Max_Lot_Building_Coverage":null,"F1F_Max_Lot_Impervious_Coverage":null,"F1F_Min_Parking_Spaces":null,"F1F_Elderly_Housing_Only":null,"F1F_Affordable_Housing_Only":null,"F2F_Allowance":null,"F2F_Front_Setback":null,"F2F_Side_Setback":null,"F2F_Rear_Setback":null,"F2F_Frontage":null,"F2F_Max_Density":null,"F2F_Max_Height":null,"F2F_Max_Stories":null,"F2F_Min_Lot_Size":null,"F2F_Max_Lot_Building_Coverage":null,"F2F_Max_Lot_Impervious_Coverage":null,"F2F_Min_Parking_Spaces_per_1BR":null,"F2F_Min_Parking_Spaces_per_mult_BR":null,"F2F_Elderly_Housing_Only":"No","F2F_Affordable_Housing_Only":"No","F3F_Allowance":null,"F3F_Front_Setback":null,"F3F_Side_Setback":null,"F3F_Rear_Setback":null,"F3F_Frontage":null,"F3F_Max_Density":null,"F3F_Max_Height":null,"F3F_Max_Stories":null,"F3F_Min_Lot_Size":null,"F3F_Max_Lot_Building_Coverage":null,"F3F_Max_Lot_Impervious_Coverage":null,"F3F_Min_Parking_Spaces_per_1BR":null,"F3F_Min_Parking_Spaces_per_mult_BR":null,"F3F_Affordable_Housing_Only":"No","F3F_Proximity_to_Public_Transit_Required":"No","F3F_Connection_to_Sewage_Water_Required":"No","F4F_Allowance":null,"F4F_Front_Setback":null,"F4F_Side_Setback":null,"F4F_Rear_Setback":null,"F4F_Frontage":null,"F1F_Max_Density":null,"F4F_Max_Density":null,"F4F_Max_Height":null,"F4F_Max_Stories":null,"F4F_Min_Lot_Size":null,"F4F_Max_Lot_Building_Coverage":null,"F4F_Max_Lot_Impervious_Coverage":null,"F4F_Min_Parking_Spaces_per_1BR":null,"F4F_Min_Parking_Spaces_per_mult_BR":null,"F3F_Elderly_Housing_Only":"No","F4F_Elderly_Housing_Only":"No","F4F_Affordable_Housing_Only":"No","F4F_Proximity_to_Public_Transit_Required":"No","F4F_Connection_to_Sewage_Water_Required":"No","ADU_Allowance":"Permitted","ADU_Elderly_Housing_Only":"No","ADU_Max_Size_as_Percent_of_Primary_Strcture":null,"ADU_Max_Size_in_sq_ft":null,"ADU_Min_Lot_Size":null,"ADU_Max_Bedrooms":null,"ADU_Min_Parking_Spaces":null,"ADU_Owner_Occupancy_Required":"No","ADU_Renter_Occupancy_Prohibited":"No","ADU_Employee_or_Family_Occupancy_Required":"No","ADU_Restricted_to_Primary_Structure":"No","Affordable_Housing_Allowance":"Not Mentioned","Affordable_Housing_District":"No","Affordable_Housing_Elderly_Only":"No","Affordable_Housing_Min_Lot_Size":null,"Affordable_Housing_Max_Density":null,"Affordable_Housing_Min_Parking_Spaces_per_mult_BR":null,"Affordable_Housing_Max_Units_per_Building":null,"Affordable_Housing_Min_Parking_Spaces_per_1BR":null,"PRD_Allowance":"Not Mentioned","PRD_Max_Density":null,"PRD_Max_Units":null,"PRD_Min_Lot_Size":null,"PRD_Mobile_or_Manufactured_Home_Park":"No","PUD_Allowance":null,"PUD_Required_with_Subdivision":null,"PUD_Requires_Land_Conservation":null,"PUD_Threshold_Number":null,"Notes":"None","Shape_Length":0.23051877730609277,"Shape_Area":0.00030285884860948952}},{"type":"Feature","id":4,"geometry":{"type":"MultiPolygon","coordinates":[[[[-72.949416632999942,43.486803100000031],[-72.949325388999966,43.486299507000069],[-72.949380823999945,43.485728724000069],[-72.949794351999969,43.484502902000031],[-72.948411717999988,43.484488102000057],[-72.948256514999969,43.484841086000074],[-72.948239495999985,43.485229253000057],[-72.947820229999934,43.485998896000069],[-72.947544178999976,43.486114551000071],[-72.946490996999955,43.486240311000074],[-72.94524639499997,43.486841797000068],[-72.945140760999948,43.487082598000029],[-72.945096404999958,43.488383986000031],[-72.944913762999988,43.488972639000053],[-72.944396381999979,43.489481498000032],[-72.94396502099994,43.489787283000055],[-72.943851783999946,43.490077349000046],[-72.943639126999983,43.490319076000048],[-72.943235878999985,43.491258344000073],[-72.942936608999958,43.49173490700008],[-72.942714963999947,43.491735766000033],[-72.942654644999948,43.491679300000044],[-72.942524800999934,43.491125899000053],[-72.942398080999965,43.490999908000049],[-72.94210974799995,43.490891987000055],[-72.94176211599995,43.490867162000029],[-72.940929743999959,43.490909627000065],[-72.940056924999965,43.491157231000045],[-72.939274125999987,43.491726922000055],[-72.937638533999973,43.492547692000073],[-72.937208587999976,43.492655068000033],[-72.936819904999936,43.492818745000079],[-72.936390917999972,43.492910166000058],[-72.935828326999967,43.492924545000051],[-72.934991309999987,43.492808883000066],[-72.934856843999967,43.492919454000059],[-72.934846385999947,43.493125128000031],[-72.934942669999941,43.493237717000056],[-72.935150197999974,43.493329607000078],[-72.935897209999951,43.493374906000042],[-72.936141069999962,43.493571470000063],[-72.936308047999944,43.493556352000041],[-72.93660074099995,43.493320636000078],[-72.93702512599998,43.493142342000056],[-72.937822535999942,43.49282751700008],[-72.938509178999936,43.49266824800003],[-72.93919813399998,43.49221957900005],[-72.939948009999966,43.491944447000037],[-72.940694123999947,43.491460078000046],[-72.941166795999948,43.491379749000032],[-72.941310597999973,43.491383556000073],[-72.941815316999964,43.491590955000049],[-72.942159793999963,43.49200396100008],[-72.942424582999934,43.492168672000048],[-72.942820752999978,43.49227617400004],[-72.943263601999945,43.492213398000047],[-72.943419550999977,43.492076805000067],[-72.944281815999943,43.49055209900007],[-72.945761473999937,43.48956886600007],[-72.946649133999983,43.48856618800005],[-72.947100531999979,43.488283486000057],[-72.948476841999934,43.487739390000058],[-72.948913686999958,43.487642098000038],[-72.94942651599996,43.487599536000062],[-72.950371080999957,43.487735777000069],[-72.95049026199996,43.487707114000045],[-72.950689094999973,43.487541868000051],[-72.951072996999983,43.487553520000063],[-72.951507790999983,43.487870276000081],[-72.952089289999947,43.488594369000054],[-72.952364643999942,43.488695255000039],[-72.952921251999953,43.48872891700006],[-72.953218766999953,43.488814669000078],[-72.953416358999959,43.488914911000052],[-72.95395063999996,43.489365767000038],[-72.954177963999939,43.489443064000056],[-72.954842550999956,43.489478073000043],[-72.955353522999985,43.489440677000061],[-72.955374900999971,43.489137497000058],[-72.954613334999976,43.489148810000074],[-72.954160261999959,43.488945129000058],[-72.953759096999988,43.488618961000043],[-72.953119438999977,43.488454406000074],[-72.952367883999955,43.488161435000052],[-72.951836752999952,43.487541151000073],[-72.951498695999987,43.487314903000026],[-72.951365412999962,43.487133518000064],[-72.951161117999959,43.487039081000034],[-72.950553079999963,43.487041972000043],[-72.950280414999952,43.487259195000036],[-72.950167585999964,43.487273736000077],[-72.949721130999933,43.487097322000068],[-72.949416632999942,43.486803100000031]]],[[[-72.985347370999989,43.514765134000072],[-72.985377611999979,43.514960140000028],[-72.98547380399998,43.514979184000026],[-72.985597184999961,43.514883898000051],[-72.985427928999968,43.514753959000075],[-72.985347370999989,43.514765134000072]]],[[[-72.972658923999973,43.523178840000071],[-72.972325740999963,43.52315489700004],[-72.972172379999961,43.52322696400006],[-72.971830818999933,43.52321093300003],[-72.971594385999936,43.523007610000036],[-72.97152841999997,43.523010124000052],[-72.971413029999951,43.52323537400008],[-72.971343012999967,43.523315393000075],[-72.971365810999941,43.523449839000079],[-72.971731765999948,43.523681682000074],[-72.972064191999948,43.523773214000073],[-72.972210204999953,43.524041602000068],[-72.972447411999951,43.524133634000066],[-72.972633490999954,43.524293059000058],[-72.972744969999951,43.524296579000065],[-72.972658923999973,43.523178840000071]]],[[[-72.982647491999955,43.52748224000004],[-72.982675939999979,43.527563511000039],[-72.982796973999939,43.527607796000041],[-72.983266388999937,43.527552872000058],[-72.983316736999939,43.527317335000077],[-72.983205564999935,43.527316720000044],[-72.982713015999934,43.527424372000041],[-72.982647491999955,43.52748224000004]]],[[[-72.982683231999943,43.530115802000068],[-72.982717764999961,43.530282937000038],[-72.982796052999959,43.53032618800006],[-72.983199808999984,43.530361644000038],[-72.983037954999986,43.530244381000045],[-72.982683231999943,43.530115802000068]]],[[[-72.976619568999979,43.511722692000035],[-72.976713635999943,43.511735921000025],[-72.976746760999958,43.511802643000067],[-72.976515681999956,43.51186851600005],[-72.976800775999948,43.51201866200006],[-72.976480349999974,43.512109956000074],[-72.976239785999951,43.512088038000059],[-72.976108607999947,43.512188223000067],[-72.976286516999949,43.512313516000063],[-72.975948598999935,43.512356510000075],[-72.97611382499997,43.512422568000034],[-72.976228524999954,43.512545413000055],[-72.976375245999975,43.512553695000065],[-72.976508697999975,43.512476442000036],[-72.976634844999978,43.512535212000046],[-72.976645992999977,43.512569641000027],[-72.976458797999953,43.51265193100005],[-72.976212509999982,43.512661627000057],[-72.976256611999986,43.512867890000052],[-72.976202724999951,43.512944700000048],[-72.976004995999972,43.512897888000055],[-72.976077252999971,43.512975137000069],[-72.976291773999947,43.513033559000064],[-72.976512133999961,43.512917826000034],[-72.976525881999976,43.513032704000068],[-72.976424333999944,43.513105391000067],[-72.976226939999947,43.513125173000049],[-72.976075760999947,43.513086085000054],[-72.975809394999942,43.513129499000058],[-72.975664153999958,43.513253148000047],[-72.975752330999967,43.513410493000038],[-72.976308788999972,43.513563377000025],[-72.976437871999963,43.51369128500005],[-72.976292026999943,43.513761359000057],[-72.976161099999956,43.513746775000072],[-72.975946354999962,43.513558183000043],[-72.975866058999941,43.513647032000051],[-72.975890699999979,43.513964873000077],[-72.975730437999971,43.514037962000032],[-72.976031851999949,43.514106190000064],[-72.976075940999976,43.514239129000032],[-72.975811236999959,43.514343064000059],[-72.976038388999939,43.514442978000034],[-72.976479444999939,43.514817146000041],[-72.97567763099994,43.514967180000042],[-72.97593478999994,43.51507547500006],[-72.976512637999974,43.515532791000055],[-72.97646117499994,43.515651146000039],[-72.976643897999963,43.515938812000059],[-72.976886303999947,43.515981559000068],[-72.976750682999977,43.516532251000058],[-72.976416579999977,43.516637359000072],[-72.976516493999952,43.516707432000032],[-72.976738950999959,43.516704582000045],[-72.976882111999942,43.516614562000029],[-72.976940784999954,43.516435357000034],[-72.977502582999989,43.516438457000049],[-72.977307746999941,43.516528059000052],[-72.977274217999934,43.516742301000079],[-72.977579655999989,43.516833495000071],[-72.977653415999953,43.516902563000031],[-72.977165923999962,43.516952184000047],[-72.977230798999983,43.517047069000057],[-72.976998786999957,43.517150837000031],[-72.976997950999987,43.517206994000048],[-72.977389887999948,43.517151170000034],[-72.977897494999979,43.517167096000037],[-72.978387502999965,43.517274554000039],[-72.978577938999933,43.517370775000074],[-72.979208761999985,43.51743096000007],[-72.978766366999935,43.517707898000026],[-72.978675002999978,43.517730193000034],[-72.978563354999949,43.517688785000075],[-72.978403429999958,43.517797081000026],[-72.978184158999966,43.517699011000047],[-72.977767072999939,43.517714101000081],[-72.977940074999935,43.517929346000074],[-72.978142415999969,43.518046526000035],[-72.978198238999937,43.518160521000027],[-72.978000427999973,43.518268982000052],[-72.978105702999983,43.518521781000061],[-72.978781285999958,43.518933834000052],[-72.978868456999976,43.51905436800007],[-72.978819170999941,43.519108010000025],[-72.978143086999978,43.519115555000042],[-72.977867823999986,43.518884381000078],[-72.977676703999975,43.518849547000059],[-72.977596586999937,43.518950725000025],[-72.97776952199996,43.519151329000067],[-72.977698885999985,43.519404228000042],[-72.977985358999945,43.519449763000068],[-72.978582298999982,43.519812762000072],[-72.978538167999943,43.520104745000026],[-72.978025713999955,43.520567861000075],[-72.977545848999966,43.520709346000046],[-72.977079757999945,43.520977613000071],[-72.977017479999972,43.520831164000072],[-72.97690122299997,43.520785901000067],[-72.976458323999964,43.520384911000065],[-72.975957446999985,43.520157147000077],[-72.975729624999985,43.51970766200003],[-72.975757159999944,43.519936445000042],[-72.975692501999958,43.520053232000066],[-72.975605940999969,43.520171650000066],[-72.975240557999939,43.520110235000061],[-72.975186912999959,43.520152145000054],[-72.975417429999936,43.520262675000026],[-72.97554379099995,43.520438622000029],[-72.975514911999937,43.520541149000053],[-72.97583560399994,43.520573335000051],[-72.976033670999982,43.520752517000062],[-72.97612363199994,43.520966275000035],[-72.976065880999954,43.521006597000053],[-72.975714764999964,43.521000395000044],[-72.975543186999971,43.520862177000026],[-72.974805236999941,43.520585954000069],[-72.97514320199997,43.52078493700003],[-72.975490806999971,43.521171690000074],[-72.975272869999969,43.521267861000069],[-72.97474187499995,43.521346315000073],[-72.974349903999951,43.52165627800008],[-72.973932895999951,43.521793364000075],[-72.97310874599998,43.521724367000047],[-72.973029954999959,43.521898516000078],[-72.97315638799995,43.522169486000053],[-72.972871913999938,43.522620114000063],[-72.972846223999966,43.52380092900006],[-72.973187032999988,43.525326213000028],[-72.973181051999973,43.52561731600008],[-72.973277472999939,43.525900751000052],[-72.973443456999973,43.526066889000049],[-72.973359411999979,43.526192119000029],[-72.97335194599998,43.526374580000038],[-72.97346883199998,43.52663177800008],[-72.973870660999978,43.527041654000072],[-72.973833528999933,43.527265115000034],[-72.973890609999955,43.527652444000068],[-72.973766724999962,43.528195172000039],[-72.973816933999956,43.528278908000061],[-72.974633080999979,43.528738152000074],[-72.975118056999975,43.529356737000057],[-72.975048318999939,43.529477017000033],[-72.974792670999989,43.529423792000046],[-72.974583625999969,43.529308960000037],[-72.974389333999966,43.529078290000029],[-72.973859316999949,43.528820127000074],[-72.973985157999948,43.529372830000057],[-72.974276428999985,43.529581707000034],[-72.974350441999945,43.529731575000028],[-72.974674905999962,43.529871638000031],[-72.974797699999954,43.529988565000053],[-72.974795855999957,43.530110605000061],[-72.974874645999989,43.530200628000046],[-72.974794011999961,43.530251589000045],[-72.974715221999986,43.53015502900007],[-72.974573568999972,43.530153521000045],[-72.974345747999962,43.530225941000026],[-72.974262765999981,43.530348317000062],[-72.974538865999989,43.530528192000077],[-72.974690411999973,43.53103881800007],[-72.974879675999944,43.53121886200006],[-72.974918566999975,43.531389182000055],[-72.974821504999966,43.531545253000047],[-72.97456451499994,43.531584145000068],[-72.974308364999956,43.531378956000026],[-72.974028240999985,43.531292119000057],[-72.974045417999946,43.533233390000078],[-72.973973703999945,43.533202021000079],[-72.973922293999976,43.531361857000036],[-72.973871581999958,43.531193716000075],[-72.973625364999975,43.531046403000062],[-72.973455588999968,43.531021090000081],[-72.973004641999978,43.531281056000068],[-72.972515976999944,43.531135210000059],[-72.972423105999951,43.53125373000006],[-72.972563753999964,43.531482556000071],[-72.972898442999963,43.531594246000054],[-72.972968097999967,43.531757148000054],[-72.972959379999963,43.532013634000066],[-72.973193402999982,43.532184791000077],[-72.973276214999942,43.532349497000041],[-72.973287196999934,43.532623083000033],[-72.973370972999987,43.532674547000056],[-72.973370540999952,43.532740960000069],[-72.973677876999943,43.532857651000029],[-72.973582491999935,43.533213421000028],[-72.973339080999949,43.533481642000027],[-72.97335073499994,43.533956399000033],[-72.973143279999988,43.534235844000079],[-72.973076055999968,43.534532397000078],[-72.97296457799996,43.534522674000073],[-72.972876399999961,43.534371129000078],[-72.972645730999943,43.534243053000068],[-72.972273404999953,43.534234336000054],[-72.972242390999952,43.534287646000053],[-72.972233505999952,43.534492834000048],[-72.972043740999936,43.534696179000036],[-72.971819775999961,43.535250056000052],[-72.971894039999938,43.535469662000025],[-72.972151531999941,43.535592875000077],[-72.972165948999987,43.535677030000045],[-72.971939301999953,43.536069471000076],[-72.971756366999955,43.536235642000065],[-72.971896805999961,43.537054178000062],[-72.971865037999976,43.53738719100005],[-72.971991521999939,43.53749322200008],[-72.971963609999989,43.537685502000045],[-72.972171146999983,43.538104765000071],[-72.972303746999955,43.538234182000053],[-72.972593592999942,43.53837164600003],[-72.973201450999966,43.53848916000004],[-72.973543849999942,43.538445575000026],[-72.973758008999937,43.538573985000028],[-72.973803606999979,43.539273540000067],[-72.973734036999986,43.539355514000079],[-72.973551981999947,43.53941418800008],[-72.973502359999941,43.539659609000068],[-72.973852891999968,43.54019286700003],[-72.974116084999935,43.540304178000042],[-72.974249159999943,43.540583438000056],[-72.974191940999958,43.54082184400005],[-72.974134955999943,43.540761089000057],[-72.974175762999948,43.540931398000055],[-72.974073727999951,43.540942935000032],[-72.973767479999935,43.540539039000066],[-72.973348720999979,43.540218766000066],[-72.972390744999984,43.539969908000046],[-72.972191932999976,43.539962733000038],[-72.972003004999976,43.540073130000053],[-72.971829700999933,43.540203327000029],[-72.971826760999988,43.540340221000065],[-72.971700501999976,43.540429153000048],[-72.971791766999957,43.540522500000066],[-72.972096077999936,43.540644316000055],[-72.972122665999962,43.540733970000076],[-72.971814114999972,43.540858078000042],[-72.971124748999955,43.54094204200004],[-72.97070230099996,43.540943886000036],[-72.970358139999973,43.540873812000029],[-72.970172563999938,43.540672479000079],[-72.970022359999973,43.540287247000037],[-72.969400422999968,43.540234776000034],[-72.968633109999985,43.540011373000027],[-72.96848211799994,43.540023768000026],[-72.968421175999936,43.540167293000025],[-72.968446657999948,43.54032224000008],[-72.968749650999939,43.540593354000066],[-72.968951654999955,43.540629564000028],[-72.969422216999988,43.540513223000062],[-72.969540399999971,43.540548595000075],[-72.970078015999945,43.541130132000035],[-72.970557292999956,43.541237420000073],[-72.972229483999968,43.541397850000067],[-72.972808229999941,43.541643616000044],[-72.973649938999984,43.541858184000034],[-72.974192695999989,43.542151886000056],[-72.97415966899996,43.542322542000079],[-72.973650217999989,43.542475595000042],[-72.973008498999945,43.54255388200005],[-72.972181454999941,43.542284404000043],[-72.971971657999973,43.54198056000007],[-72.971418785999958,43.542243584000062],[-72.971482152999954,43.54240636000003],[-72.971356927999977,43.54272018000006],[-72.971341672999984,43.542966105000062],[-72.971902757999942,43.543299705000038],[-72.972582864999936,43.543452423000076],[-72.973045043999946,43.543478071000038],[-72.973131713999976,43.543555352000055],[-72.972994920999952,43.543696337000029],[-72.972557384999959,43.543715783000039],[-72.971614754999962,43.543508916000064],[-72.971408225999937,43.54353741500006],[-72.971269253999935,43.54385140200003],[-72.971595811999975,43.544163543000025],[-72.971600337999973,43.544313915000032],[-72.971279813999956,43.544317771000067],[-72.971021819999976,43.544381473000044],[-72.970961301999978,43.544582305000063],[-72.971059034999939,43.544734856000048],[-72.971297583999956,43.544824206000044],[-72.971676445999947,43.544790007000074],[-72.972109455999941,43.544620190000046],[-72.973605331999977,43.544763019000072],[-72.973657257999946,43.545127548000039],[-72.973535636999941,43.545403815000043],[-72.973397922999936,43.546367482000051],[-72.97352080099995,43.546512657000051],[-72.97361568499997,43.546849609000049],[-72.974044725999988,43.547245068000052],[-72.974056404999942,43.547402479000027],[-72.974235107999959,43.547582022000029],[-72.974395481999977,43.547985441000037],[-72.974417175999974,43.548330960000044],[-72.97409722499998,43.548404454000035],[-72.973706713999945,43.54828576500006],[-72.973480903999985,43.54828677200004],[-72.972915124999986,43.548529344000031],[-72.972754862999977,43.548548287000074],[-72.972227807999957,43.54839607200006],[-72.971591453999963,43.548617857000067],[-72.971352402999969,43.548817179000025],[-72.971333458999936,43.548892448000061],[-72.971466120999935,43.549085507000029],[-72.971067919999939,43.549086071000033],[-72.970639268999946,43.549173243000041],[-72.97009008699996,43.549175422000076],[-72.970029065999938,43.549004264000075],[-72.969930326999986,43.548954642000069],[-72.969517433999954,43.548906362000025],[-72.968658683999934,43.548620730000039],[-72.968075713999951,43.54859930300006],[-72.967133402999934,43.548684128000048],[-72.966623783999978,43.548833862000038],[-72.966402172999949,43.548968130000048],[-72.966194685999938,43.549235705000058],[-72.966131002999987,43.549469352000074],[-72.96591932299998,43.549617868000041],[-72.965436287999978,43.549819881000076],[-72.965037317999986,43.549883424000029],[-72.964480675999937,43.549880922000057],[-72.96296291799996,43.549648929000057],[-72.961154501999943,43.549513348000062],[-72.960662183999943,43.54935815400006],[-72.959730847999936,43.549166618000072],[-72.959282601999973,43.548777854000036],[-72.958221585999979,43.547457996000048],[-72.957806786999981,43.547159589000046],[-72.957294168999965,43.546913964000055],[-72.956655272999967,43.546854599000028],[-72.955329602999939,43.546464558000025],[-72.953216247999933,43.546253856000078],[-72.952468750999969,43.546118690000071],[-72.951799120999965,43.545887951000054],[-72.951003273999959,43.545414792000031],[-72.950616466999975,43.544911439000032],[-72.950419181999962,43.544797904000063],[-72.950262069999951,43.544803286000047],[-72.950245475999964,43.54521297000008],[-72.950049607999972,43.54528994900005],[-72.949374827999975,43.545244973000081],[-72.949118862999967,43.545165008000026],[-72.948874826999941,43.54492781600004],[-72.948416991999977,43.544115139000041],[-72.948181328999965,43.543239670000048],[-72.947745657999974,43.542322117000026],[-72.947231219999935,43.54181925000006],[-72.946919372999957,43.541263198000081],[-72.946920185999943,43.540486825000073],[-72.946788642999934,43.540406368000049],[-72.946455047999962,43.540450538000073],[-72.946260102999986,43.540651346000061],[-72.945495222999966,43.540811507000058],[-72.945456499999977,43.540887867000038],[-72.945503592999955,43.54105915100007],[-72.946008365999944,43.541585878000035],[-72.94692433299997,43.542377723000072],[-72.947380618999944,43.54298560400008],[-72.947760599999981,43.543898613000067],[-72.948045889999946,43.544402374000072],[-72.947923138999954,43.544626716000039],[-72.94768150699997,43.544713396000077],[-72.947597267999981,43.54483280200003],[-72.947690698999963,43.545070586000065],[-72.948659749999933,43.545504984000047],[-72.94956568799995,43.54581578300008],[-72.950752877999946,43.546082600000034],[-72.951928482999961,43.546725728000069],[-72.952223926999977,43.546829346000038],[-72.955228364999982,43.547107966000056],[-72.955733710999937,43.547258369000076],[-72.956946967999954,43.547501202000035],[-72.957505209999965,43.547718068000052],[-72.957994015999986,43.547844712000028],[-72.958389282999974,43.548157487000026],[-72.959018402999959,43.549083747000054],[-72.959171508999987,43.549411779000025],[-72.95941505899998,43.549577506000048],[-72.96058770999997,43.549639470000045],[-72.960883506999949,43.549785931000031],[-72.961022146999937,43.54993302500003],[-72.961202624999942,43.549984691000077],[-72.961569403999988,43.549992736000036],[-72.961876483999959,43.549900999000045],[-72.962518109999962,43.549884117000033],[-72.962976746999971,43.549915601000066],[-72.963514657999951,43.550037259000078],[-72.96461914799994,43.55017566600003],[-72.965077530999963,43.550173803000064],[-72.965868816999944,43.550032454000075],[-72.966038450999974,43.549950792000061],[-72.966253294999945,43.549787974000026],[-72.966622285999961,43.549233960000038],[-72.966732760999946,43.549123960000031],[-72.966961214999969,43.549027767000041],[-72.967723015999979,43.549165158000051],[-72.968811844999948,43.549115742000026],[-72.969067996999968,43.54920056800006],[-72.969354991999978,43.549485050000044],[-72.969483068999978,43.549520254000072],[-72.970102323999981,43.549574903000064],[-72.971274617999939,43.549582111000063],[-72.971543173999976,43.549839101000032],[-72.971527666999975,43.550049990000048],[-72.971662028999958,43.550168510000049],[-72.971640906999937,43.550260991000073],[-72.972672719999935,43.550249396000027],[-72.972904227999948,43.550332376000028],[-72.973369883999965,43.550262932000066],[-72.973815592999983,43.550058958000079],[-72.974238292999985,43.549965277000069],[-72.974324793999983,43.549651346000076],[-72.974310879999962,43.549135859000046],[-72.974351028999934,43.549013414000058],[-72.974404894999964,43.549012676000075],[-72.974495951999984,43.549134183000035],[-72.974441567999975,43.549199995000038],[-72.974447504999944,43.549636593000059],[-72.974559605999957,43.549890509000079],[-72.974997022999958,43.549874808000027],[-72.975800010999933,43.550047140000061],[-72.976334607999945,43.550192315000061],[-72.976783207999972,43.550394151000035],[-72.977152011999976,43.550678633000075],[-72.97789867299997,43.55078994400003],[-72.977949298999988,43.550846103000026],[-72.977845362999972,43.550959259000081],[-72.977877716999956,43.551023632000067],[-72.978399742999954,43.551329738000049],[-72.978483729999937,43.551576503000035],[-72.978574254999955,43.551493187000062],[-72.978617840999959,43.551527720000081],[-72.97862370699994,43.55170508100008],[-72.97852798599996,43.551707261000047],[-72.97845824999996,43.551811867000026],[-72.97829128099994,43.551726371000029],[-72.978280048999977,43.55176291600003],[-72.978629013999978,43.55203590800005],[-72.978730828999971,43.552206235000028],[-72.978484424999976,43.552559947000077],[-72.978308883999944,43.55263061200003],[-72.97808994899998,43.552532040000074],[-72.977770764999946,43.552519132000043],[-72.977605472999983,43.552609824000058],[-72.977988861999961,43.552724154000032],[-72.978095269999983,43.55283730900004],[-72.977530789999946,43.552932192000071],[-72.976990241999943,43.552741253000079],[-72.976157414999989,43.55268794300008],[-72.975797831999955,43.552871507000077],[-72.975115879999976,43.552971252000077],[-72.974556553999946,43.553322622000053],[-72.974575749999985,43.555545504000065],[-72.974692341999969,43.55566482100005],[-72.974594524999986,43.555720016000066],[-72.97458865699997,43.555818418000058],[-72.974671636999972,43.556645294000077],[-72.974638780999953,43.557671323000079],[-72.974764341999958,43.558020178000049],[-72.974801892999949,43.557934683000042],[-72.974883700999953,43.557932335000032],[-72.974893088999977,43.558083209000074],[-72.975056870999936,43.558084551000036],[-72.975098276999972,43.558131992000028],[-72.975005573999965,43.558150265000052],[-72.975011775999974,43.558239617000027],[-72.975279660999945,43.558286052000028],[-72.974914041999966,43.558313377000047],[-72.974901971999941,43.55851001700006],[-72.97507849699997,43.558406081000044],[-72.975190646999977,43.558423515000072],[-72.975308495999968,43.558480512000074],[-72.975178575999962,43.558616131000065],[-72.975252839999939,43.55869726800006],[-72.975493903999961,43.558795504000045],[-72.975415616999953,43.558911006000073],[-72.975568334999934,43.558898434000071],[-72.975684674999968,43.558762982000076],[-72.975816774999942,43.558901284000058],[-72.975964127999987,43.558890723000047],[-72.976314995999985,43.559062049000033],[-72.976477436999971,43.559234046000029],[-72.976502582999956,43.559305459000029],[-72.975846948999958,43.559602011000038],[-72.976822770999945,43.559417274000054],[-72.976543485999969,43.559662696000032],[-72.976716153999973,43.559741318000079],[-72.976691677999952,43.560098891000052],[-72.976985212999978,43.559928906000039],[-72.97714882799994,43.55990627500006],[-72.977266677999978,43.55997534100004],[-72.977292158999944,43.560088330000042],[-72.977222085999983,43.560197797000058],[-72.977334570999972,43.560274743000036],[-72.977671020999935,43.560340960000076],[-72.97764486899996,43.56049183500005],[-72.977228958999945,43.560722002000034],[-72.977157208999984,43.560898189000056],[-72.977072383999939,43.56092702400008],[-72.977092836999987,43.561031797000055],[-72.977178330999948,43.561083765000035],[-72.977256618999945,43.561045376000038],[-72.977440182999942,43.561058954000032],[-72.977466836999952,43.561120646000063],[-72.976997952999966,43.561453659000051],[-72.976821430999962,43.561494814000071],[-72.976809695999975,43.561675863000062],[-72.97686250199996,43.561732860000063],[-72.977268856999956,43.561769237000078],[-72.977367595999965,43.561830761000067],[-72.977363236999963,43.562097472000062],[-72.977239520999944,43.562188500000047],[-72.977220576999969,43.562283886000046],[-72.976295214999936,43.562479185000029],[-72.977890793999961,43.562405592000061],[-72.97754445399994,43.56256585400007],[-72.977206495999951,43.562522436000052],[-72.977173972999935,43.562600890000056],[-72.977570940999954,43.562740701000052],[-72.977723490999949,43.562978244000078],[-72.977573455999959,43.563074133000043],[-72.977738410999962,43.563211596000031],[-72.977856763999966,43.563272952000034],[-72.977987690999953,43.563272449000067],[-72.978065808999986,43.563200700000039],[-72.978452214999948,43.563189467000029],[-72.978531171999975,43.563246297000035],[-72.978348781999955,43.563366158000065],[-72.978421368999989,43.563446792000036],[-72.978749603999972,43.563526421000063],[-72.97856587299998,43.56362901500006],[-72.977833294999982,43.563730604000057],[-72.979777560999935,43.563611413000046],[-72.980004375999954,43.563632200000029],[-72.979410434999977,43.563759438000034],[-72.979354274999935,43.56381459000005],[-72.979468101999942,43.564193285000044],[-72.979633225999976,43.56437349600003],[-72.979634231999967,43.564487825000072],[-72.979537000999983,43.564621600000066],[-72.979603218999955,43.564716651000026],[-72.980030528999976,43.564900550000061],[-72.979815447999954,43.565049077000026],[-72.979698938999945,43.565221074000078],[-72.979738837999946,43.565301876000035],[-72.97995425299996,43.565210513000068],[-72.980151059999969,43.565243035000037],[-72.980258012999968,43.56551410700007],[-72.980634025999962,43.565841168000077],[-72.980810044999942,43.565749805000053],[-72.980967792999934,43.565811161000056],[-72.980759586999966,43.565978632000053],[-72.981095031999985,43.566148784000063],[-72.981077428999981,43.566406108000081],[-72.981190080999966,43.566572237000059],[-72.981171305999965,43.566691429000059],[-72.98095002499997,43.566863760000047],[-72.981043565999983,43.567092083000034],[-72.981426618999933,43.567490559000078],[-72.981741107999937,43.567503468000041],[-72.981820400999936,43.567593657000032],[-72.981630969999969,43.567651660000081],[-72.981703388999961,43.567698933000031],[-72.981704228999945,43.567794152000033],[-72.981665502999988,43.567875289000028],[-72.981541451999988,43.567918707000047],[-72.98079361799995,43.567798008000068],[-72.980735614999958,43.567903117000071],[-72.980778194999971,43.568317183000033],[-72.98069387299995,43.568427153000073],[-72.981043733999968,43.568763939000064],[-72.98085446999994,43.568864689000065],[-72.980848937999951,43.568974325000056],[-72.981025963999969,43.568997291000073],[-72.981092013999955,43.569068538000067],[-72.981199636999975,43.569415716000037],[-72.981154206999975,43.56948729800007],[-72.980519193999953,43.569532895000066],[-72.98038877099998,43.569600119000029],[-72.980474266999977,43.569642698000052],[-72.980690184999958,43.56960833200003],[-72.980736452999963,43.569660635000048],[-72.980772159999958,43.570085263000067],[-72.980714155999976,43.570313418000069],[-72.980594965999956,43.570332027000063],[-72.980345520999947,43.570242507000046],[-72.979598366999937,43.569846552000058],[-72.979321881999965,43.569599925000034],[-72.978979939999988,43.569542786000056],[-72.978862258999982,43.569409011000062],[-72.978872650999961,43.569208851000042],[-72.978798219999987,43.569057473000044],[-72.978310057999977,43.568823786000053],[-72.975922554999954,43.568433022000079],[-72.974843133999968,43.568413072000055],[-72.973866472999987,43.568542154000056],[-72.972764251999934,43.568950353000048],[-72.971957911999937,43.569078260000026],[-72.971512497999981,43.569084128000043],[-72.969951784999978,43.568857817000037],[-72.969378630999984,43.56886787500008],[-72.968871526999976,43.568940798000028],[-72.968706750999957,43.569009020000067],[-72.968170166999982,43.56898268100008],[-72.967647448999969,43.569057748000034],[-72.967073554999956,43.569282050000027],[-72.966440690999946,43.569649433000052],[-72.966055163999954,43.569966606000037],[-72.965606086999969,43.570125123000025],[-72.965020623999976,43.570432366000034],[-72.964362513999959,43.570599457000071],[-72.964062918999957,43.570779823000066],[-72.963614423999957,43.571042034000072],[-72.962837689999958,43.571298234000039],[-72.962252887999966,43.571308749000025],[-72.960772407999968,43.571032526000067],[-72.95998680699995,43.570950078000067],[-72.959525427999949,43.571066081000026],[-72.959142973999974,43.571238840000035],[-72.958755220999933,43.571287959000074],[-72.958468462999974,43.571428624000077],[-72.958195530999944,43.571667527000045],[-72.957956236999962,43.571741413000041],[-72.957587289999935,43.571971188000077],[-72.95698280299996,43.572195560000068],[-72.955890286999988,43.573002834000079],[-72.95514263299998,43.57337926200006],[-72.954937593999944,43.573370565000062],[-72.954041516999951,43.57309826900007],[-72.952977532999967,43.573115173000076],[-72.952287547999958,43.572991074000072],[-72.952038165999966,43.572884253000041],[-72.951625296999964,43.572492708000027],[-72.951403662999951,43.572444750000045],[-72.951205935999951,43.572399240000038],[-72.951109072999941,43.572275961000059],[-72.951067244999933,43.571930511000062],[-72.950876265999966,43.571499471000038],[-72.950903485999959,43.571246435000035],[-72.950771619999955,43.571008633000076],[-72.950484286999938,43.57086223400006],[-72.949930557999949,43.570760418000077],[-72.949578853999981,43.570585619000042],[-72.949158118999947,43.570305073000043],[-72.948425090999933,43.569664282000076],[-72.948151386999939,43.569215103000033],[-72.948151398999983,43.568628508000074],[-72.947728266999945,43.568021374000068],[-72.947504771999945,43.56787322200006],[-72.946280007999974,43.567364343000065],[-72.94550705499995,43.566622221000046],[-72.944739461999973,43.566013248000047],[-72.94461279899997,43.565985204000071],[-72.944269275999943,43.566116542000032],[-72.943558331999952,43.566093936000073],[-72.942422632999978,43.565828819000046],[-72.94235787599996,43.56591785300003],[-72.94258132799996,43.566062844000044],[-72.942451580999943,43.566209202000039],[-72.941905020999968,43.566245269000035],[-72.941711683999984,43.56621616700005],[-72.940702268999985,43.566335267000056],[-72.940070040999956,43.566344044000061],[-72.939646448999952,43.566260062000026],[-72.939361979999944,43.566118470000049],[-72.938860947999956,43.565578190000053],[-72.938484408999955,43.565367192000053],[-72.937943393999944,43.565324875000044],[-72.936940814999957,43.565373101000034],[-72.935592140999972,43.565803134000078],[-72.93535252199996,43.565832584000077],[-72.934808287999942,43.565615941000033],[-72.934583625999949,43.565396643000042],[-72.934247589999984,43.565200941000057],[-72.933480637999935,43.564962724000054],[-72.933566776999953,43.566199470000072],[-72.934589539999934,43.566219297000032],[-72.934876586999962,43.566351233000034],[-72.935416378999946,43.566827967000052],[-72.935669975999986,43.566922125000076],[-72.93671806499998,43.567133740000031],[-72.937688815999934,43.56690173100003],[-72.938145134999957,43.566687542000068],[-72.938672229999952,43.56661259100008],[-72.940159814999959,43.566695655000046],[-72.942481508999947,43.566568896000035],[-72.943589883999948,43.566635834000067],[-72.943771383999945,43.566589367000063],[-72.944222349999961,43.566585201000066],[-72.944321936999984,43.566522409000072],[-72.944799087999968,43.566633309000053],[-72.945070840999961,43.566822499000068],[-72.945282200999941,43.56710070500003],[-72.945786928999951,43.567530912000052],[-72.94614441799996,43.567950967000058],[-72.946577017999971,43.568192767000028],[-72.947172084999977,43.568298134000031],[-72.947245884999973,43.568369234000045],[-72.947540683999989,43.568938567000032],[-72.947534377999943,43.569146581000041],[-72.947273978999988,43.569315651000068],[-72.94724512099998,43.569540891000031],[-72.946988962999967,43.569694090000041],[-72.947033343999976,43.569798552000066],[-72.947343331999946,43.56984807200007],[-72.947708459999944,43.570012617000032],[-72.947718818999988,43.570230967000043],[-72.947912618999965,43.570496435000052],[-72.948327414999937,43.570816883000077],[-72.948376694999979,43.571001362000061],[-72.94868357699994,43.57121894200003],[-72.949545045999969,43.571535807000032],[-72.949842788999945,43.571696346000067],[-72.950244282999961,43.572319409000045],[-72.950830136999969,43.572516860000064],[-72.951141230999951,43.572712221000074],[-72.951421396999933,43.572772744000076],[-72.951712420999968,43.573063434000062],[-72.952144486999941,43.573336368000071],[-72.953950849999956,43.573436721000064],[-72.954243585999961,43.573508487000026],[-72.954609019999964,43.573736435000058],[-72.955051996999941,43.573720886000046],[-72.95583789899996,43.573261161000062],[-72.956412400999966,43.573106672000051],[-72.957037886999956,43.572774412000058],[-72.958027331999972,43.572129955000037],[-72.958623333999981,43.571937317000049],[-72.958734684999968,43.571700919000079],[-72.958876087999954,43.571568567000043],[-72.959249291999981,43.571433841000044],[-72.959923596999943,43.57145330600008],[-72.961024322999947,43.571683510000071],[-72.96181388399998,43.571712031000061],[-72.962314623999987,43.571651833000033],[-72.962840823999954,43.571687766000025],[-72.963340481999978,43.571544088000053],[-72.964102417999982,43.571582274000036],[-72.964141300999984,43.571534554000038],[-72.964073551999945,43.571230435000075],[-72.964271823999979,43.571119835000047],[-72.964586643999951,43.571034932000032],[-72.964661314999944,43.571104387000048],[-72.964706628999977,43.571326157000044],[-72.964898969999979,43.571385620000058],[-72.965116475999935,43.571314978000032],[-72.965661715999943,43.570764213000075],[-72.965831028999958,43.570665229000042],[-72.966088145999947,43.570641986000055],[-72.966108946999952,43.570511898000063],[-72.966036024999937,43.570369034000066],[-72.966214491999949,43.570157032000054],[-72.966666763999967,43.569897661000027],[-72.966800770999953,43.569744917000037],[-72.966996489999985,43.569677531000025],[-72.967192722999982,43.569676729000037],[-72.967472642999951,43.569783391000044],[-72.967712580999944,43.569795094000028],[-72.968983005999974,43.569383362000053],[-72.969179309999959,43.569361066000056],[-72.96939690499994,43.569524513000033],[-72.969311240999957,43.569889294000063],[-72.969371757999966,43.570103369000037],[-72.969608462999986,43.570202442000038],[-72.969765707999954,43.570201771000029],[-72.970167702999959,43.570100016000026],[-72.971449968999934,43.569466176000049],[-72.972520002999943,43.569333071000074],[-72.974046013999953,43.568887991000054],[-72.974835756999937,43.568731082000056],[-72.975001382999949,43.568751199000076],[-72.975130798999942,43.568957897000075],[-72.975248983999961,43.569007350000049],[-72.975639078999961,43.569038530000057],[-72.976489674999982,43.56932368300005],[-72.977559541999938,43.569958025000062],[-72.977674541999988,43.570073864000051],[-72.977903367999943,43.57009884200005],[-72.977965896999933,43.570020722000038],[-72.978193547999979,43.570111750000081],[-72.978365377999978,43.570111080000061],[-72.978848678999952,43.570359687000064],[-72.979216142999974,43.570855057000074],[-72.979556615999968,43.571143059000065],[-72.979597518999981,43.57127298000006],[-72.979574385999967,43.571500967000077],[-72.979312199999981,43.571672125000077],[-72.978849684999943,43.571699451000029],[-72.978485071999955,43.571527287000038],[-72.978261273999976,43.571539021000035],[-72.977035002999969,43.571862562000035],[-72.97678287399998,43.572069763000059],[-72.976534433999973,43.572110499000075],[-72.976424462999944,43.572027854000055],[-72.976423291999936,43.571890390000078],[-72.97673912099998,43.571563496000067],[-72.97693223999994,43.570806778000076],[-72.976851773999954,43.570709380000039],[-72.976712801999952,43.570746093000025],[-72.976564777999954,43.570895123000071],[-72.976231846999951,43.570950612000047],[-72.976043422999965,43.57103459800004],[-72.97590562399995,43.571223359000044],[-72.975775368999962,43.571733984000048],[-72.975121243999979,43.572076637000066],[-72.975029881999944,43.572471257000075],[-72.975071599999978,43.573031601000025],[-72.990399681999975,43.572444654000037],[-72.990961376999962,43.57187228600003],[-72.991055461999963,43.571713616000068],[-72.991027507999945,43.571536171000048],[-72.991235462999953,43.571425656000031],[-72.991198917999952,43.571348249000039],[-72.991281956999956,43.57116932200006],[-72.991072938999935,43.571079441000052],[-72.991129683999986,43.570931333000033],[-72.991056091999951,43.570698819000029],[-72.991208725999968,43.570620280000071],[-72.991569020999975,43.570638344000031],[-72.991395055999988,43.570456498000055],[-72.991481556999986,43.570335379000028],[-72.991431767999984,43.570257385000048],[-72.991613696999934,43.569943399000067],[-72.991601250999963,43.56981905300006],[-72.991771234999987,43.569469696000056],[-72.991864022999948,43.569399287000067],[-72.991938370999947,43.568882962000032],[-72.992083880999985,43.568832670000063],[-72.992046664999975,43.568750024000053],[-72.99191842099998,43.568687496000052],[-72.992122604999963,43.568567299000051],[-72.992093268999952,43.568318860000034],[-72.99225185499995,43.568195477000074],[-72.992182451999952,43.568069749000074],[-72.99221698599996,43.567837570000052],[-72.992138362999981,43.567695413000081],[-72.99222654099998,43.567311522000068],[-72.992409768999948,43.566997368000045],[-72.992367188999935,43.56654399100006],[-72.99242766499998,43.566485443000033],[-72.992315973999951,43.566159093000067],[-72.992381018999936,43.566060271000026],[-72.992064099999936,43.565642180000054],[-72.991902181999933,43.565229965000071],[-72.991903585999978,43.565116551000074],[-72.992109059999962,43.564991108000072],[-72.991936693999946,43.564518726000074],[-72.991979507999986,43.564354016000038],[-72.991881037999974,43.56430546200005],[-72.991826079999953,43.564078425000048],[-72.991649027999983,43.563884998000049],[-72.991032872999938,43.563717024000027],[-72.99074855799995,43.563577004000081],[-72.990446322999958,43.563663078000047],[-72.990212591999978,43.563529828000071],[-72.989879605999988,43.563532622000025],[-72.989767287999939,43.563283848000026],[-72.989751361999936,43.563042114000041],[-72.989824451999937,43.562913535000064],[-72.989936266999962,43.562863579000066],[-72.989617922999969,43.562898448000055],[-72.989328410999974,43.563278483000033],[-72.989154738999957,43.563341850000029],[-72.989089862999947,43.563267755000027],[-72.989143171999956,43.56290481800005],[-72.98842542899996,43.562960167000028],[-72.988457530999938,43.562877492000041],[-72.988982070999953,43.562804905000064],[-72.988882326999942,43.562618827000051],[-72.988876794999953,43.562423529000057],[-72.989135359999977,43.56186371900003],[-72.989364565999949,43.561716207000075],[-72.989896536999936,43.561670162000041],[-72.989993599999934,43.561595731000068],[-72.989526392999949,43.561576118000062],[-72.989304439999955,43.561431949000053],[-72.989106624999977,43.561443098000041],[-72.98864447699998,43.561088237000035],[-72.98859985699994,43.560919311000077],[-72.988670598999988,43.560743124000055],[-72.988893725999958,43.56050139000007],[-72.988761458999988,43.560427797000045],[-72.988773193999975,43.560307432000059],[-72.989385912999978,43.559952710000061],[-72.989556231999984,43.559757411000078],[-72.989212975999976,43.559857240000042],[-72.988661714999978,43.559863526000072],[-72.988385948999962,43.559494052000048],[-72.98832073899996,43.559273943000051],[-72.988447138999959,43.559221304000062],[-72.988416291999954,43.559167325000033],[-72.988198696999973,43.559162129000072],[-72.988111797999977,43.559094508000044],[-72.988025422999954,43.559123698000064],[-72.987792342999967,43.559060707000071],[-72.987785578999933,43.55893289800008],[-72.988123986999938,43.558614175000059],[-72.987840286999983,43.558527953000066],[-72.987525629999936,43.55797407700004],[-72.987432758999944,43.557609297000056],[-72.987277693999943,43.557604100000049],[-72.987061893999964,43.55739820000008],[-72.987098124999989,43.55721070900006],[-72.987012724999943,43.55692969100005],[-72.987026067999977,43.556384309000066],[-72.987355979999961,43.556184540000061],[-72.986903692999988,43.556293337000056],[-72.986809145999985,43.55620482300003],[-72.986995055999955,43.555973903000051],[-72.986787184999969,43.556020757000056],[-72.986578306999945,43.555923695000047],[-72.986193912999966,43.55585110800007],[-72.985965337999971,43.555724266000027],[-72.985543476999965,43.55516513200007],[-72.985542134999946,43.555013588000065],[-72.985407186999964,43.554963799000063],[-72.985187748999977,43.554596504000074],[-72.98524742799998,43.554388464000056],[-72.985103761999937,43.554299951000075],[-72.985082470999942,43.554193166000061],[-72.985163439999951,43.554094930000076],[-72.985067550999986,43.553860740000061],[-72.98514466499995,43.553801060000069],[-72.98544222299995,43.553746411000077],[-72.985620924999978,43.553635770000028],[-72.985015583999939,43.553486907000035],[-72.984757755999965,43.552891288000069],[-72.984909300999959,43.552439336000077],[-72.985026982999955,43.552364569000076],[-72.984936625999978,43.552281923000066],[-72.985082304999935,43.552135743000065],[-72.985249438999972,43.552096516000063],[-72.985440210999968,43.551962070000059],[-72.985439371999973,43.551861152000072],[-72.985164613999984,43.551704913000037],[-72.985131420999949,43.551636852000058],[-72.985191770999961,43.55152369700005],[-72.98510091199995,43.551408362000075],[-72.985191463999968,43.551238153000043],[-72.985506595999937,43.551079958000059],[-72.985510115999944,43.551011729000038],[-72.984769423999978,43.550031583000077],[-72.984638822999955,43.549520058000041],[-72.984729257999959,43.549591666000026],[-72.984767646999956,43.549558307000041],[-72.984768987999985,43.549303329000054],[-72.984597250999968,43.549005236000028],[-72.984543430999963,43.548734806000027],[-72.984358888999964,43.548448319000045],[-72.984283778999952,43.548095832000058],[-72.983970777999957,43.547847392000051],[-72.983939178999947,43.547902712000052],[-72.983721672999934,43.547652318000075],[-72.983728970999948,43.547465126000077],[-72.984054847999971,43.546563451000054],[-72.983627370999955,43.546217111000033],[-72.983368105999944,43.546103041000038],[-72.983243418999962,43.545661537000058],[-72.983226854999941,43.545327512000028],[-72.983000236999942,43.544628404000036],[-72.982954805999952,43.544600744000036],[-72.982897976999936,43.544660088000057],[-72.982673510999973,43.544626225000059],[-72.982189203999951,43.544019375000062],[-72.98221485199997,43.543632466000076],[-72.981873373999974,43.543293837000078],[-72.982013350999978,43.543182190000039],[-72.982213175999959,43.543120667000039],[-72.982205547999968,43.543070753000052],[-72.981739932999972,43.543002817000058],[-72.981576233999988,43.542811039000071],[-72.981216900999982,43.542606018000072],[-72.981225284999937,43.542467213000066],[-72.981405661999986,43.542358919000037],[-72.981322468999963,43.542105559000049],[-72.981501216999959,43.542067061000068],[-72.981491492999965,43.541751398000031],[-72.981631302999972,43.541637907000052],[-72.981885778999981,43.541539839000052],[-72.982142934999956,43.541505640000025],[-72.982232789999955,43.541389132000063],[-72.981992563999938,43.541185452000036],[-72.981053789999976,43.541000212000029],[-72.980711640999971,43.540547086000061],[-72.980687668999963,43.540238464000026],[-72.980767128999958,43.540033442000038],[-72.980507625999962,43.539779470000042],[-72.980513994999967,43.539389041000049],[-72.980420084999935,43.539307133000079],[-72.980367939999951,43.539070026000047],[-72.980470687999969,43.538748999000063],[-72.980729450999945,43.538676496000051],[-72.981247914999983,43.538662330000079],[-72.981285674999981,43.538516066000057],[-72.981141840999953,43.538194829000076],[-72.98068884099996,43.538123262000056],[-72.980755645999977,43.537696650000044],[-72.980396446999976,43.537328836000029],[-72.980133343999967,43.537186807000069],[-72.980078470999956,43.537090932000069],[-72.980103700999962,43.536953092000033],[-72.97991301199994,43.536606962000064],[-72.979915610999967,43.536137323000048],[-72.980422363999935,43.534833239000079],[-72.98048930799996,43.534460959000057],[-72.980808869999976,43.53372203300006],[-72.981224947999976,43.53316245700006],[-72.981308096999953,43.532962801000053],[-72.98131161799995,43.532906977000039],[-72.981177351999975,43.532804225000064],[-72.981508424999959,43.532399872000042],[-72.981648149999955,43.532428455000058],[-72.981863188999966,43.532334200000037],[-72.983002918999944,43.531086637000044],[-72.982968063999976,43.530879799000047],[-72.983066117999954,43.530814686000042],[-72.982919865999975,43.530759836000072],[-72.982613661999949,43.530445546000067],[-72.982421213999942,43.529981357000054],[-72.982413376999943,43.52947054200007],[-72.982289382999966,43.528815098000052],[-72.982155338999974,43.528526216000046],[-72.982149472999936,43.528234566000037],[-72.981961214999956,43.527921083000081],[-72.98176155799996,43.527786806000051],[-72.981910755999934,43.527538030000073],[-72.982164894999983,43.527477176000048],[-72.982334208999987,43.527583293000077],[-72.982429260999936,43.527579771000035],[-72.98260748499996,43.527410805000045],[-72.983192293999934,43.527191397000081],[-72.982824216999973,43.526605459000052],[-72.982567394999933,43.526582828000073],[-72.982450660999973,43.526647154000045],[-72.982192388999977,43.526575619000027],[-72.982028604999982,43.526463638000052],[-72.982011841999963,43.526407311000071],[-72.982517437999945,43.526461459000075],[-72.982659930999944,43.526437151000039],[-72.982858077999936,43.526258448000078],[-72.982596394999973,43.526135067000041],[-72.98221317499997,43.52611293800004],[-72.98191178999997,43.525858806000031],[-72.98188926499995,43.525732180000034],[-72.98199356799995,43.525639696000042],[-72.982060633999936,43.52528194000007],[-72.982704522999938,43.525010315000031],[-72.983085073999973,43.524940128000026],[-72.983258454999941,43.524967635000053],[-72.983387782999955,43.524902926000038],[-72.983323910999957,43.524736561000054],[-72.982967176999978,43.524383241000066],[-72.982512826999937,43.524255004000054],[-72.983021189999988,43.524225920000049],[-72.983159730999944,43.524134024000034],[-72.983002330999966,43.523829762000048],[-72.982986237999967,43.523623763000046],[-72.983238252999968,43.523225986000057],[-72.983140086999981,43.52307621500006],[-72.982907497999975,43.523093540000048],[-72.982818809999969,43.523043358000052],[-72.982721997999988,43.522763570000052],[-72.982926541999973,43.522341248000032],[-72.983412121999947,43.521868675000064],[-72.983460290999972,43.521737220000034],[-72.983817275999968,43.521557204000032],[-72.98400673499998,43.521165433000078],[-72.984168085999954,43.521145653000076],[-72.984763844999975,43.520913697000026],[-72.984710898999936,43.52079616900005],[-72.984436792999986,43.520630542000049],[-72.984679266999933,43.520234238000057],[-72.985111413999959,43.519925484000055],[-72.98560508099996,43.518829480000079],[-72.985480511999981,43.517995299000063],[-72.985518126999978,43.517884017000029],[-72.985736951999968,43.517690391000031],[-72.985748826999952,43.517526374000056],[-72.985641597999972,43.517415228000061],[-72.985780680999937,43.517284611000036],[-72.985837887999935,43.517018527000062],[-72.985745494999946,43.516748144000076],[-72.985796775999972,43.516343210000059],[-72.985637552999947,43.516189397000062],[-72.985715200999948,43.515989237000042],[-72.98555205599996,43.515839301000028],[-72.985517824999988,43.515639879000048],[-72.985379941999952,43.515452745000061],[-72.985210375999941,43.514668114000074],[-72.985042066999938,43.514289671000029],[-72.985076767999942,43.514097055000036],[-72.984958081999935,43.513491797000029],[-72.984762782999951,43.513064320000069],[-72.984607213999936,43.512365772000066],[-72.984220808999964,43.511726065000062],[-72.984290880999936,43.511655322000081],[-72.983895422999979,43.511071102000074],[-72.983680510999989,43.510959120000052],[-72.983598590999975,43.510852278000073],[-72.983260325999936,43.51070732800008],[-72.982810133999976,43.510386971000059],[-72.982278384999972,43.510164850000081],[-72.981625098999984,43.509740391000037],[-72.981328797999936,43.509325151000041],[-72.981229807999966,43.509031450000066],[-72.981346482999982,43.508530882000059],[-72.981887060999952,43.508191526000076],[-72.982060085999933,43.507783920000065],[-72.982241096999985,43.507621014000051],[-72.982383807999952,43.507382330000041],[-72.982726912999965,43.50722126800008],[-72.98315802999997,43.50714778300005],[-72.983502045999955,43.506923449000055],[-72.983726487999945,43.506453029000056],[-72.983806489999949,43.505859679000025],[-72.983941103999939,43.505713471000035],[-72.983935437999946,43.505559531000074],[-72.983981999999969,43.505416794000041],[-72.98418811099998,43.505335755000033],[-72.98405553799995,43.505239363000044],[-72.984093338999969,43.504995861000054],[-72.984339562999935,43.504810052000039],[-72.98456456699995,43.504902186000038],[-72.984737732999974,43.504854241000032],[-72.984892667999986,43.504496502000052],[-72.984772437999936,43.504306970000073],[-72.984872919999987,43.504098823000049],[-72.984733695999978,43.503697161000048],[-72.98460141299995,43.503654958000027],[-72.984110107999982,43.503191847000039],[-72.983816806999982,43.503076229000044],[-72.983789306999938,43.502508481000064],[-72.983717390999971,43.502508816000045],[-72.983522929999936,43.502743007000049],[-72.983498062999956,43.502986864000036],[-72.983159824999973,43.503568290000032],[-72.98357647399996,43.50383714700007],[-72.983810595999955,43.503872620000038],[-72.983857926999974,43.503968554000039],[-72.983792770999969,43.504190842000071],[-72.983686292999948,43.504369976000078],[-72.983144654999933,43.504900174000056],[-72.982398124999975,43.505421339000065],[-72.981976165999981,43.505545414000039],[-72.981835181999941,43.505535691000034],[-72.981436505999966,43.505247576000045],[-72.981069404999971,43.504672997000057],[-72.980994707999969,43.504661528000042],[-72.981134352999959,43.504936804000067],[-72.981048757999986,43.50491654800004],[-72.980455738999979,43.504257031000066],[-72.979882246999978,43.504027765000046],[-72.979584035999949,43.504159448000053],[-72.979327491999982,43.504443822000042],[-72.979035859999954,43.504601175000062],[-72.978852462999953,43.504630143000043],[-72.978687774999969,43.503998282000055],[-72.978820176999989,43.503709207000043],[-72.978720318999933,43.503512577000038],[-72.978737697999975,43.503389001000073],[-72.978465755999935,43.503179973000044],[-72.978282241999977,43.502782083000056],[-72.978376996999941,43.502717023000059],[-72.978330657999948,43.502517744000045],[-72.978495237999937,43.502233527000044],[-72.978413605999947,43.50191099500006],[-72.978560951999953,43.501842064000073],[-72.979108303999965,43.501827284000058],[-72.979183140999965,43.501675040000066],[-72.979155535999951,43.501498126000058],[-72.979740565999975,43.501252480000062],[-72.979765085999986,43.50099524500007],[-72.979562142999953,43.500327341000059],[-72.979258314999981,43.500449918000072],[-72.978952023999966,43.500357489000066],[-72.978741678999938,43.500202053000066],[-72.978431187999945,43.500133987000027],[-72.978133298999978,43.499977313000045],[-72.978043755999977,43.499702374000037],[-72.977983786999971,43.499684387000059],[-72.977919287999953,43.499736182000049],[-72.977898534999952,43.500071995000042],[-72.977954962999945,43.50022991000003],[-72.977874852999946,43.500407300000063],[-72.977478902999962,43.500777785000025],[-72.977452248999953,43.500976521000041],[-72.977286621999951,43.50126158900008],[-72.976770840999961,43.501620544000048],[-72.97665797999997,43.50178386500005],[-72.976664349999965,43.502179974000057],[-72.976603558999955,43.502316913000072],[-72.976720440999941,43.502408133000074],[-72.976721073999954,43.502484090000053],[-72.976372435999963,43.502664552000056],[-72.976173873999983,43.502424394000059],[-72.976099450999982,43.502420932000064],[-72.975980301999982,43.502634098000044],[-72.975780727999961,43.502788438000039],[-72.975714287999949,43.502984825000055],[-72.975456399999985,43.503015134000066],[-72.975399787999947,43.503065912000068],[-72.975340119999942,43.503196468000056],[-72.975396298999954,43.50343207700007],[-72.975215264999974,43.503601315000026],[-72.974968633999936,43.503554153000039],[-72.974838434999981,43.503414230000033],[-72.974652942999967,43.503320926000072],[-72.974437610999985,43.503316028000029],[-72.974344851999945,43.503267295000057],[-72.974121725999964,43.502554638000049],[-72.973734452999963,43.502389208000068],[-72.97353594599997,43.502357996000057],[-72.973261494999974,43.501804535000076],[-72.973078526999984,43.501742375000049],[-72.972923335999951,43.501422941000044],[-72.972742622999988,43.501520171000038],[-72.972586004999982,43.501444796000044],[-72.972637707999979,43.50092681600006],[-72.973003717999973,43.500677182000061],[-72.97298150499995,43.500398756000038],[-72.973190383999963,43.500136737000048],[-72.973392856999965,43.50003343800006],[-72.973357602999954,43.499797353000076],[-72.973164776999965,43.499611526000081],[-72.973045376999949,43.499388066000051],[-72.973061133999977,43.499133591000032],[-72.97320605799996,43.49896863400005],[-72.973594557999945,43.49882278900003],[-72.973838221999983,43.498861095000052],[-72.973991442999989,43.499006185000042],[-72.974194368999974,43.498961761000032],[-72.974382960999947,43.498985230000073],[-72.974540205999972,43.498895293000032],[-72.97458680799997,43.498760763000064],[-72.97525828299996,43.498561860000052],[-72.975293821999969,43.498204624000039],[-72.975043622999976,43.498034554000071],[-72.974991737999972,43.497883261000027],[-72.974741371999983,43.49758846900005],[-72.97484329599996,43.497264173000076],[-72.975055441999984,43.497148084000059],[-72.975619459999962,43.49623437300005],[-72.975715647999948,43.496198716000038],[-72.975990631999935,43.496260000000063],[-72.976188548999971,43.496216980000042],[-72.976432639999985,43.496312408000051],[-72.976575974999946,43.496313721000035],[-72.977044132999936,43.495901108000055],[-72.977289304999942,43.495760926000059],[-72.977347272999964,43.495664305000048],[-72.972426255999949,43.495453378000036],[-72.972371008999971,43.495561558000077],[-72.972325035999972,43.495559127000035],[-72.972321470999987,43.495454129000052],[-72.971762186999968,43.495424938000042],[-72.971236922999935,43.495402442000056],[-72.970745715999954,43.496106047000069],[-72.970754601999943,43.496192213000029],[-72.970949060999942,43.496386170000051],[-72.971965366999939,43.49631802600004],[-72.972258273999955,43.495769763000055],[-72.972355879999952,43.496105373000034],[-72.972436598999934,43.496125826000025],[-72.972524689999943,43.49604963400003],[-72.972609850999959,43.496051058000035],[-72.972828451999987,43.496161784000037],[-72.972712113999933,43.496355152000035],[-72.972632733999944,43.497184212000036],[-72.972155047999934,43.498663364000038],[-72.97215274499996,43.498871069000074],[-72.971516682999948,43.499864825000031],[-72.971501540999952,43.499978876000057],[-72.970841269999937,43.500034252000034],[-72.970827061999955,43.500095289000058],[-72.971021748999988,43.500118097000041],[-72.971109457999944,43.500220355000067],[-72.971064898999941,43.500365093000028],[-72.970865074999949,43.500463128000035],[-72.970440560999975,43.500508222000065],[-72.970439104999969,43.500421136000057],[-72.970375255999954,43.500410156000044],[-72.969970390999947,43.500358885000026],[-72.969713825999975,43.500410183000042],[-72.969897206999974,43.500518764000049],[-72.970241460999944,43.500869751000039],[-72.970290011999964,43.500879333000057],[-72.970399876999977,43.500654833000056],[-72.970461089999958,43.500680733000081],[-72.970438909999984,43.501163745000042],[-72.97065205499996,43.501360537000039],[-72.970958750999955,43.502007176000063],[-72.971333873999981,43.502322992000074],[-72.97164090299998,43.503291352000076],[-72.97191935099994,43.503758896000079],[-72.972031836999975,43.504084111000054],[-72.971954220999976,43.504216041000063],[-72.97173675099998,43.504325470000026],[-72.971985736999954,43.504724492000037],[-72.971941645999948,43.504851896000048],[-72.971702342999947,43.505013581000071],[-72.971673927999973,43.505278872000076],[-72.971575020999978,43.505426388000046],[-72.971552224999982,43.505768035000074],[-72.971640065999964,43.505956298000058],[-72.971412077999958,43.506185790000075],[-72.970914526999934,43.507828312000072],[-72.970644005999986,43.508311614000036],[-72.970397614999968,43.508492577000027],[-72.969977094999933,43.509524806000059],[-72.969828065999934,43.509583482000039],[-72.969649026999946,43.509571078000079],[-72.969290616999956,43.509526987000072],[-72.968958358999942,43.509404612000026],[-72.968851236999967,43.50943109800005],[-72.968639508999956,43.50974595200006],[-72.968323145999989,43.509999426000036],[-72.967889077999985,43.510615088000065],[-72.967661036999971,43.510646229000031],[-72.967193473999941,43.510565066000026],[-72.967067999999983,43.510440969000058],[-72.96696185199994,43.51013176500004],[-72.966901769999936,43.508395017000055],[-72.966812914999934,43.507636389000027],[-72.966686691999939,43.507414116000064],[-72.966634318999979,43.507350136000071],[-72.966129827999964,43.507186047000062],[-72.965423741999984,43.507117179000034],[-72.964945685999965,43.507017169000051],[-72.964790168999969,43.507032905000074],[-72.964687891999972,43.507225901000027],[-72.964704149999989,43.507316460000027],[-72.964834599999961,43.507414108000035],[-72.965462811999942,43.507475746000068],[-72.965821464999976,43.507564912000078],[-72.966114043999937,43.507831820000035],[-72.966366506999975,43.508952284000031],[-72.966380067999978,43.510039737000056],[-72.966462773999979,43.510673780000047],[-72.966365391999943,43.510828996000043],[-72.96639188499995,43.510900634000052],[-72.966485706999947,43.510956892000081],[-72.967342379999934,43.511036467000054],[-72.968132398999956,43.511218262000057],[-72.968766529999982,43.511221453000076],[-72.969126111999969,43.510688948000052],[-72.969233568999982,43.510701522000033],[-72.969415454999989,43.511059094000075],[-72.969558450999955,43.511032440000065],[-72.969681831999935,43.510784336000029],[-72.969722064999985,43.510197936000054],[-72.969979707999983,43.510169167000072],[-72.969964312999934,43.510521758000039],[-72.970044463999955,43.510614424000039],[-72.970311869999989,43.510366186000056],[-72.970531474999973,43.509837454000035],[-72.970833055999947,43.509484411000074],[-72.971048133999943,43.509381480000059],[-72.971711820999985,43.509289857000056],[-72.972035859999949,43.508968753000033],[-72.97209193499998,43.508484951000071],[-72.972228393999956,43.508488636000038],[-72.97261881999998,43.508206250000057],[-72.972702303999938,43.508211951000078],[-72.972677662999956,43.508329633000073],[-72.972736418999943,43.508427285000039],[-72.972562074999985,43.508875715000045],[-72.971750204999978,43.509333535000053],[-72.97165900899995,43.509488935000036],[-72.971302443999946,43.509685909000041],[-72.970600374999947,43.510333834000051],[-72.970379928999989,43.510777739000048],[-72.970394512999974,43.511487849000048],[-72.970172227999967,43.511684326000079],[-72.969547102999968,43.51187576600006],[-72.96903010799997,43.512171145000025],[-72.968932374999952,43.512275750000072],[-72.968773918999943,43.512694833000069],[-72.968595651999976,43.513119180000047],[-72.968050619999985,43.513508708000074],[-72.967787890999944,43.513838924000027],[-72.967447403999984,43.514028021000058],[-72.967162309999935,43.514120862000027],[-72.966622809999933,43.514146072000074],[-72.96619119199994,43.514105104000066],[-72.965938845999972,43.514178443000048],[-72.965727493999964,43.514352705000078],[-72.96540413699995,43.514810926000052],[-72.96513645999994,43.515763585000059],[-72.964884744999949,43.516093127000033],[-72.962900486999956,43.516486336000071],[-72.961690137999938,43.516985895000062],[-72.959996621999949,43.517408088000025],[-72.959561205999989,43.517466480000053],[-72.958388630999934,43.517478739000069],[-72.957890948999989,43.517537375000074],[-72.957294026999989,43.517509555000061],[-72.956846920999965,43.517394283000044],[-72.956471730999965,43.517142284000045],[-72.956108008999934,43.517072300000052],[-72.955685080999956,43.516764542000033],[-72.955306512999982,43.516792482000028],[-72.954805006999948,43.517032369000049],[-72.954420905999939,43.517706037000039],[-72.953899793999938,43.51810081800005],[-72.953749971999969,43.51818826300007],[-72.952952526999979,43.518431219000036],[-72.952565658999958,43.518642854000063],[-72.952435712999943,43.518815271000051],[-72.952622033999944,43.519162159000075],[-72.952566346999959,43.519437424000046],[-72.951965676999976,43.51984090600007],[-72.950794710999958,43.519795869000063],[-72.950323182999966,43.519919968000067],[-72.950145615999986,43.52004290900004],[-72.949996365999937,43.520444603000044],[-72.949766728999975,43.520625049000046],[-72.949128175999988,43.520879684000079],[-72.948252262999972,43.520982442000047],[-72.947031181999989,43.521262268000044],[-72.946047243999942,43.521667216000026],[-72.945304599999986,43.522048297000026],[-72.944050939999954,43.522901225000055],[-72.943202606999989,43.523191022000049],[-72.941231819999985,43.523618851000037],[-72.940838430999975,43.523666209000055],[-72.939530101999935,43.523683669000036],[-72.938774789999968,43.523654407000038],[-72.938116863999937,43.523565347000044],[-72.937707984999975,43.52344903200003],[-72.937265416999935,43.523229163000053],[-72.936772297999937,43.523171929000057],[-72.936519256999986,43.523132692000047],[-72.936129574999939,43.522966096000061],[-72.935416016999966,43.52257424700008],[-72.933157797999968,43.520704458000068],[-72.932180137999978,43.520150155000067],[-72.930584265999983,43.518977666000069],[-72.930588973999988,43.51911632000008],[-72.930612861999975,43.519533856000066],[-72.930628737999939,43.519812990000048],[-72.930629689999989,43.519829748000063],[-72.93290464599994,43.521274606000077],[-72.933153502999971,43.52157162900005],[-72.933250835999957,43.52196854500005],[-72.933525723999935,43.52223490800003],[-72.935512926999934,43.52335809300007],[-72.936918158999958,43.523849339000037],[-72.937664522999967,43.523972547000028],[-72.938705812999956,43.524224500000059],[-72.939314082999942,43.524126663000061],[-72.940704776999951,43.524056370000039],[-72.942342335999967,43.523764487000051],[-72.942974531999937,43.523589192000031],[-72.944058052999935,43.523444264000034],[-72.94451012199994,43.523235607000061],[-72.946151288999943,43.522251280000035],[-72.946653439999977,43.522004836000065],[-72.947177881999949,43.521934024000075],[-72.947613674999957,43.521943779000026],[-72.947885120999956,43.521736433000058],[-72.948398266999959,43.521558698000035],[-72.949322568999946,43.521608551000043],[-72.950182456999983,43.521467646000076],[-72.950564955999937,43.521370638000064],[-72.951561914999957,43.520945623000046],[-72.952040528999987,43.520800799000028],[-72.952221741999949,43.520705109000062],[-72.952846601999966,43.520173082000042],[-72.953284031999942,43.519711134000033],[-72.953565825999988,43.519568729000071],[-72.954036016999964,43.519018591000076],[-72.954565726999988,43.518800596000062],[-72.955259767999962,43.518649611000058],[-72.955699338999977,43.518222525000056],[-72.955981788999964,43.518098953000049],[-72.956357317999959,43.517987899000047],[-72.956993637999972,43.518011712000032],[-72.957561640999984,43.517834424000057],[-72.958111493999979,43.517853653000031],[-72.959170312999959,43.517677960000071],[-72.960003348999976,43.517660730000046],[-72.960573927999974,43.517581100000029],[-72.962693829999978,43.516870091000044],[-72.964085879999971,43.516519669000047],[-72.964502095999933,43.516521201000046],[-72.965085346999956,43.516364163000048],[-72.965359181999986,43.516250697000032],[-72.965519040999936,43.516116400000044],[-72.965589577999935,43.515144101000033],[-72.965937139999937,43.51469426500006],[-72.966143148999947,43.514584398000068],[-72.96649696999998,43.514534621000053],[-72.967068776999952,43.514619288000063],[-72.967467014999954,43.514611097000056],[-72.967949536999981,43.514577019000058],[-72.968751156999986,43.514664594000067],[-72.969172431999937,43.514657889000034],[-72.969905849999975,43.514570214000059],[-72.97025386699994,43.51442537500003],[-72.970502137999972,43.514124632000062],[-72.970683555999983,43.514001377000056],[-72.971045285999935,43.513744596000038],[-72.971395482999981,43.513315778000049],[-72.971553397999969,43.512944459000039],[-72.972085647999961,43.512427629000058],[-72.972379012999966,43.512052123000046],[-72.97258101999995,43.511905940000076],[-72.972864663999985,43.51180871400004],[-72.973701176999953,43.511829836000061],[-72.974263939999958,43.51191381700005],[-72.974693763999937,43.511878952000075],[-72.975139121999973,43.511753167000052],[-72.975232920999986,43.511555829000031],[-72.975510630999963,43.511337078000054],[-72.97573091199996,43.511359384000059],[-72.975757019999946,43.511327373000029],[-72.975539018999939,43.511060920000034],[-72.975552907999941,43.510936490000063],[-72.975937303999956,43.510402811000063],[-72.97626553899994,43.51042116900004],[-72.976292416999968,43.510472522000043],[-72.975876450999976,43.510739556000033],[-72.975970787999984,43.510852453000041],[-72.975854237999954,43.510973077000074],[-72.975943701999938,43.511087755000062],[-72.97603679599996,43.511084012000026],[-72.976138916999957,43.510987888000045],[-72.976321247999977,43.511028958000054],[-72.976291383999978,43.511231644000077],[-72.976523659999941,43.511277674000041],[-72.976589863999948,43.511374528000033],[-72.976560234999965,43.511439929000062],[-72.976723241999935,43.511474866000071],[-72.976575803999935,43.511589976000039],[-72.976619568999979,43.511722692000035]],[[-72.976872472999958,43.512055851000071],[-72.976800775999948,43.51201866200006],[-72.977011137999966,43.512010967000037],[-72.976872472999958,43.512055851000071]],[[-72.976968487999955,43.511733525000068],[-72.977085623999983,43.511872850000032],[-72.977012073999958,43.511912814000027],[-72.976903736999986,43.51186587400008],[-72.976968487999955,43.511733525000068]],[[-72.980405195999936,43.517252758000041],[-72.980693198999973,43.517150498000035],[-72.980759248999959,43.517038683000067],[-72.981195106999962,43.51686501100005],[-72.981394429999966,43.516645909000033],[-72.981442373999982,43.516648088000068],[-72.981472212999961,43.516805835000071],[-72.981289656999934,43.517122504000042],[-72.98102227399994,43.517207162000034],[-72.980405195999936,43.517252758000041]],[[-72.979769344999966,43.517351834000067],[-72.979654846999949,43.517403300000069],[-72.979306999999949,43.517404807000048],[-72.979293754999958,43.517339763000052],[-72.979464829999984,43.517260472000032],[-72.979721065999968,43.517296177000048],[-72.979769344999966,43.517351834000067]],[[-72.981021267999949,43.532907257000033],[-72.981237939999971,43.532936846000041],[-72.981065690999969,43.533076040000026],[-72.980979357999956,43.533033796000041],[-72.981021267999949,43.532907257000033]],[[-72.97990120999998,43.533137614000054],[-72.979833760999952,43.533259311000052],[-72.979707186999974,43.533306187000051],[-72.979625116999955,43.533275564000064],[-72.97984228699994,43.533119213000077],[-72.97990120999998,43.533137614000054]],[[-72.979765545999953,43.533350939000059],[-72.979963595999948,43.533382509000035],[-72.979831098999966,43.53367905600004],[-72.979699049999965,43.533381645000077],[-72.979765545999953,43.533350939000059]],[[-72.974138379999943,43.539575287000048],[-72.974136536999936,43.539340259000028],[-72.974032766999983,43.539241855000057],[-72.973959844999968,43.538898197000037],[-72.974006448999944,43.53887422400004],[-72.974137708999933,43.538877075000073],[-72.974431075999973,43.539277729000048],[-72.974636265999948,43.539780980000046],[-72.974172744999976,43.539765893000038],[-72.973979961999987,43.539657598000076],[-72.974007286999949,43.539562211000032],[-72.974138379999943,43.539575287000048]],[[-72.974319373999947,43.54849693400007],[-72.974421185999972,43.548576451000031],[-72.974424605999957,43.548842928000056],[-72.974359410999966,43.54888782200004],[-72.974319373999947,43.54849693400007]],[[-72.991817754999943,43.568667212000037],[-72.991828819999967,43.568579285000055],[-72.991850360999933,43.568625931000042],[-72.991817754999943,43.568667212000037]],[[-72.992013666999981,43.568780601000071],[-72.99196971899994,43.568744325000068],[-72.992019003999985,43.568771609000066],[-72.992013666999981,43.568780601000071]],[[-72.991992015999983,43.568817080000031],[-72.992013666999981,43.568780601000071],[-72.99203694199997,43.568799813000055],[-72.991992015999983,43.568817080000031]]],[[[-73.020413538999946,43.502495623000073],[-73.020196073999955,43.501736922000077],[-73.020192569999949,43.50132880600006],[-73.019967807999933,43.501192543000059],[-73.019711022999957,43.501124706000041],[-73.019396239999935,43.501165301000071],[-73.019246093999982,43.501283477000072],[-73.019190976999937,43.50142919700005],[-73.019492095999965,43.501857309000059],[-73.019987065999942,43.502368921000027],[-73.020019291999972,43.502614536000067],[-73.020178100999942,43.502876540000045],[-73.020337907999988,43.503384966000056],[-73.020697593999955,43.503896524000027],[-73.020856815999934,43.504336257000034],[-73.020985399999972,43.504440737000039],[-73.021137994999947,43.504755231000047],[-73.021244282999987,43.505494232000046],[-73.021514053999965,43.505876888000046],[-73.021588693999945,43.506163451000077],[-73.021559245999981,43.506612127000039],[-73.021313149999969,43.507045625000046],[-73.021194248999961,43.507421972000031],[-73.021192138999936,43.507822032000036],[-73.021428820999972,43.50822908300006],[-73.021798117999936,43.508562794000056],[-73.022019020999949,43.509070940000072],[-73.021993909999935,43.509378162000075],[-73.021797874999947,43.509823557000061],[-73.021187779999934,43.510541579000062],[-73.020897458999968,43.510999524000056],[-73.020884904999946,43.511476407000032],[-73.020987376999983,43.511770926000054],[-73.021719922999978,43.51302026500008],[-73.021700672999941,43.51336383000006],[-73.021481094999956,43.513655776000064],[-73.021320777999961,43.513737325000079],[-73.021109657999943,43.513722124000026],[-73.020852971999943,43.513573780000058],[-73.020701465999934,43.513388589000044],[-73.020412131999933,43.51331717000005],[-73.020121930999949,43.513144732000058],[-73.019865874999937,43.513069119000079],[-73.019311219999963,43.513136295000038],[-73.018754348999948,43.512944860000061],[-73.018149206999965,43.512951644000054],[-73.01737277899997,43.51305618300006],[-73.015167154999972,43.512896424000076],[-73.014327826999988,43.512654681000072],[-73.013930398999946,43.512434509000059],[-73.012734192999972,43.512115344000051],[-73.012399054999946,43.511878433000049],[-73.012085375999959,43.51155252500007],[-73.011669035999944,43.510903803000076],[-73.011429611999972,43.510165389000065],[-73.011340466999968,43.509470753000073],[-73.011096523999981,43.508853585000054],[-73.011085926999954,43.508255579000036],[-73.010961710999936,43.508009639000079],[-73.010271200999966,43.507103519000054],[-73.01000492999998,43.507128953000063],[-73.009318610999969,43.507378507000055],[-73.010398099999975,43.508327346000044],[-73.010488015999954,43.509114922000037],[-73.010223165999946,43.509310067000058],[-73.010625207999965,43.509583054000075],[-73.010809188999986,43.509844703000056],[-73.010820451999962,43.510124565000069],[-73.010982320999972,43.510551041000042],[-73.011186727999984,43.51073892800008],[-73.011463795999987,43.511583593000069],[-73.011784080999973,43.512034741000036],[-73.011985627999934,43.512231843000052],[-73.012470226999937,43.512415553000039],[-73.01299331599995,43.51255463900003],[-73.013393267999959,43.512577089000047],[-73.01374928499996,43.512656309000079],[-73.013972635999949,43.512804818000063],[-73.01413032399995,43.513066768000044],[-73.01474342399996,43.513342831000045],[-73.015449710999974,43.513477039000065],[-73.015600994999943,43.513637994000078],[-73.014984907999974,43.51497022500007],[-73.01391788799998,43.516821718000074],[-73.01385695099998,43.517492781000044],[-73.013731641999982,43.517776207000054],[-73.013259913999946,43.518461237000054],[-73.012926764999975,43.518657766000047],[-73.012403461999952,43.51886483800007],[-73.011771130999989,43.519700383000043],[-73.011231708999958,43.520264482000073],[-73.011112856999944,43.520656980000069],[-73.011130853999987,43.521473161000074],[-73.011394466999946,43.521783130000074],[-73.011445567999942,43.52191625100005],[-73.011420192999935,43.522199227000044],[-73.011306618999981,43.522559374000025],[-73.01107084299997,43.522916027000065],[-73.010635291999961,43.523289736000038],[-73.010469211999975,43.523351091000052],[-73.010175104999973,43.523376649000056],[-73.009334658999933,43.523150065000038],[-73.009234057999947,43.523073736000072],[-73.00894696499995,43.521951645000058],[-73.008722231999968,43.521641497000076],[-73.008292998999934,43.52144540200004],[-73.008147402999953,43.521300576000044],[-73.007852118999949,43.521184703000074],[-73.007268968999938,43.52117516900006],[-73.007113082999979,43.521127370000045],[-73.006431952999947,43.520689932000039],[-73.006066987999986,43.520873388000041],[-73.005957012999943,43.521003183000062],[-73.006069352999987,43.521156240000039],[-73.006688082999972,43.521436362000031],[-73.007677070999989,43.521500671000069],[-73.00797283199995,43.521673115000056],[-73.008213809999972,43.521934703000056],[-73.008518519999939,43.522511196000039],[-73.008570056999986,43.522696847000077],[-73.008501567999986,43.523137610000049],[-73.008838859999969,43.523625057000061],[-73.009090276999984,43.523805778000053],[-73.009658730999945,43.524045699000055],[-73.009730854999987,43.524037295000028],[-73.009867979999967,43.523834639000029],[-73.010094260999949,43.523667954000075],[-73.010238810999965,43.523687513000027],[-73.010468291999985,43.52390065600008],[-73.010460183999953,43.524256292000075],[-73.010580071999982,43.524643682000033],[-73.010561369999948,43.525006234000045],[-73.01045917099998,43.526473475000046],[-73.011099643999955,43.526985077000063],[-73.011287681999988,43.52754996200008],[-73.011818195999979,43.527895104000038],[-73.012025895999955,43.528156832000036],[-73.011989311999969,43.528427736000026],[-73.011368046999962,43.529174039000054],[-73.011226350999948,43.529493903000059],[-73.011318108999944,43.52983696900003],[-73.011779281999964,43.530517815000053],[-73.011730253999986,43.530631179000068],[-73.01152603099996,43.530781606000062],[-73.010680604999948,43.530635872000062],[-73.010075625999946,43.530683023000051],[-73.009300042999939,43.530916811000054],[-73.008672449999949,43.531204182000067],[-73.008729513999981,43.531249510000066],[-73.009102861999963,43.531245001000059],[-73.010484180999981,43.531052962000047],[-73.010906469999952,43.53107532100006],[-73.011085077999951,43.531179585000075],[-73.011309411999946,43.531437200000028],[-73.011968638999974,43.532549534000054],[-73.012792146999971,43.533382307000068],[-73.013182498999981,43.533566436000058],[-73.014094894999971,43.533744177000074],[-73.014600136999945,43.533721700000058],[-73.015246760999958,43.533474233000049],[-73.015669129999935,43.533373408000045],[-73.015963523999972,43.533376120000071],[-73.016342501999986,43.53352796300004],[-73.016473761999976,43.533939542000041],[-73.016978420999976,43.534498943000074],[-73.017605415999981,43.535073953000051],[-73.017742379999959,43.535501667000062],[-73.017404620999969,43.53627500500005],[-73.017476420999969,43.536876772000028],[-73.01728054299997,43.537395399000047],[-73.017144066999947,43.537633920000076],[-73.01706986399995,43.538050467000062],[-73.017171478999956,43.539541093000025],[-73.017338639999934,43.54025153200007],[-73.017967796999983,43.541279198000041],[-73.018421259999968,43.541716637000036],[-73.018882190999989,43.542494401000056],[-73.019358949999969,43.542997820000039],[-73.019447385999968,43.543245253000066],[-73.019636606999939,43.544648794000068],[-73.02016015099997,43.54530730700003],[-73.020366110999987,43.546013526000081],[-73.020429176999983,43.546479170000055],[-73.020353541999953,43.546664564000025],[-73.020200080999984,43.546780919000071],[-73.019860364999943,43.546898120000037],[-73.019648185999984,43.547054395000032],[-73.019352529999935,43.547541495000075],[-73.01922024299995,43.548008026000048],[-73.019468850999942,43.548390214000051],[-73.020120086999952,43.549107273000061],[-73.020359446999976,43.549463421000041],[-73.020240963999981,43.549949717000061],[-73.020376123999938,43.550345638000067],[-73.020925304999935,43.550809067000046],[-73.021063563999974,43.551036444000033],[-73.021554122999987,43.55154970500007],[-73.022077783999976,43.551686102000076],[-73.022589416999949,43.55200760200006],[-73.023044736999964,43.552121176000071],[-73.023491831999934,43.552333920000081],[-73.02462651899998,43.552199845000075],[-73.02518547699998,43.55221380100005],[-73.025513305999937,43.552294906000043],[-73.025847573999954,43.552594076000048],[-73.027271920999965,43.553373978000025],[-73.027656441999966,43.553702651000037],[-73.028057018999959,43.554308822000053],[-73.028269870999964,43.555269438000039],[-73.028098708999948,43.555960862000063],[-73.028095693999944,43.556136012000024],[-73.028253694999989,43.556538427000078],[-73.028285141999959,43.557017429000041],[-73.028067168999939,43.558072560000028],[-73.028102494999985,43.558475540000074],[-73.028547102999937,43.55891628300003],[-73.028914732999965,43.559387121000043],[-73.029317270999968,43.560211374000062],[-73.029513927999972,43.560355859000026],[-73.030010651999987,43.560518781000042],[-73.030266468999969,43.560672904000057],[-73.030486659999951,43.560909804000062],[-73.030709000999934,43.561391223000044],[-73.030732861999979,43.562038786000073],[-73.030533980999962,43.56267747000004],[-73.029675603999976,43.56428741700006],[-73.029315861999976,43.565240767000034],[-73.029200574999948,43.566087242000037],[-73.029273019999948,43.566575966000073],[-73.028698588999987,43.566367139000079],[-73.028426164999985,43.56639483400005],[-73.027650940999933,43.566609901000049],[-73.02727813599995,43.566591793000043],[-73.026754534999952,43.566478551000046],[-73.026291334999939,43.566517033000025],[-73.025720391999982,43.566708014000028],[-73.025564042999974,43.567019351000056],[-73.025597834999985,43.567247204000068],[-73.025662174999979,43.567329520000044],[-73.025862727999936,43.567397991000064],[-73.026751262999937,43.567146067000067],[-73.027546981999933,43.567195268000035],[-73.028440973999977,43.567049048000058],[-73.028663673999972,43.567051323000044],[-73.029483447999951,43.567252405000033],[-73.031855063999956,43.570848077000051],[-73.033119369999952,43.570802941000068],[-73.033258209999985,43.570797207000055],[-73.033464692999985,43.570788685000025],[-73.03363070599994,43.570781833000069],[-73.033489473999964,43.570275475000074],[-73.03315416099997,43.569620848000056],[-73.032946048999975,43.569376766000062],[-73.032500911999989,43.568156309000074],[-73.032457596999961,43.566639919000067],[-73.032583926999962,43.565678186000071],[-73.032739508999953,43.565062110000042],[-73.032732118999945,43.564648280000029],[-73.032572175999974,43.563919319000036],[-73.032557731999987,43.563129777000029],[-73.032650738999962,43.56221176300005],[-73.032492174999959,43.561213237000061],[-73.032009013999982,43.560344193000049],[-73.031713990999947,43.560005216000036],[-73.031484770999953,43.559910985000045],[-73.030870401999948,43.55987299800006],[-73.02978548699997,43.559545849000074],[-73.029634464999958,43.559402241000043],[-73.02939020499997,43.558872428000029],[-73.029488761999971,43.558583355000053],[-73.029973702999939,43.558379622000075],[-73.030265664999945,43.557517866000069],[-73.030410790999952,43.557416449000073],[-73.030821746999948,43.557326099000079],[-73.031047490999981,43.557181857000046],[-73.031039095999972,43.556912539000052],[-73.031169767999984,43.556871089000026],[-73.031100443999946,43.556650866000041],[-73.030820976999962,43.55680191700003],[-73.030662861999986,43.557129386000042],[-73.030521122999971,43.557189946000051],[-73.029847692999965,43.557244801000081],[-73.029440380999972,43.557333818000075],[-73.029282997999985,43.557318210000062],[-73.029101917999981,43.556733647000044],[-73.029018934999954,43.556663239000045],[-73.028925484999945,43.556680008000058],[-73.028927913999951,43.55695772200005],[-73.028797975999964,43.557083571000078],[-73.028588664999972,43.556695180000077],[-73.028456735999953,43.556164844000079],[-73.028565706999984,43.555654437000044],[-73.028564962999951,43.555268545000047],[-73.028628056999935,43.555205630000046],[-73.028800362999959,43.55521572300006],[-73.028953756999954,43.555458226000042],[-73.029380060999983,43.555420103000074],[-73.029433299999937,43.55535057000003],[-73.02942636299997,43.555031282000073],[-73.029574971999978,43.554973357000051],[-73.029582173999984,43.554849813000033],[-73.029526481999937,43.554639199000064],[-73.029335690999972,43.554609958000071],[-73.029292321999947,43.554387238000061],[-73.029091982999944,43.554213442000048],[-73.028977542999939,43.553915739000047],[-73.028828277999935,43.553898354000069],[-73.028783086999965,43.553940738000051],[-73.028712192999933,43.554551770000046],[-73.028819061999968,43.554785435000042],[-73.028704627999957,43.554971115000058],[-73.028588574999958,43.554971652000063],[-73.028309213999989,43.554164809000042],[-73.027955716999941,43.553667635000068],[-73.027681284999971,43.553108006000059],[-73.027553197999964,43.553016022000065],[-73.027121929999964,43.552930882000055],[-73.026696539999989,43.552660563000074],[-73.026234973999976,43.552534717000071],[-73.026122004999934,43.552458998000077],[-73.025653432999945,43.551957437000056],[-73.025542765999944,43.551715616000081],[-73.025285420999978,43.551395509000031],[-73.024854189999985,43.550449957000069],[-73.024688039999944,43.550284629000032],[-73.024394452999957,43.550100826000062],[-73.023962903999973,43.549980278000078],[-73.022950126999945,43.550178234000043],[-73.022248748999971,43.550456442000041],[-73.021967851999989,43.550441388000081],[-73.021513893999952,43.550326379000069],[-73.02114912199994,43.550134725000078],[-73.020930388999943,43.549947848000045],[-73.02087212899994,43.549703062000049],[-73.020902722999949,43.549343513000053],[-73.020610620999946,43.548895582000057],[-73.020317033999959,43.548595850000027],[-73.019900142999973,43.54811464900007],[-73.019894059999956,43.547842397000068],[-73.020118439999976,43.547381224000048],[-73.020292800999982,43.547198003000062],[-73.020576227999982,43.547074187000078],[-73.020887544999937,43.547114375000035],[-73.022018376999938,43.547620340000037],[-73.022226774999979,43.54747780200006],[-73.02246693099994,43.547111850000078],[-73.022727940999971,43.546993576000034],[-73.022685119999949,43.546803177000072],[-73.022328607999953,43.546265692000077],[-73.022064997999962,43.545648821000043],[-73.021924929999955,43.545467032000033],[-73.021420188999969,43.545101757000054],[-73.021310115999938,43.544925278000051],[-73.021262595999985,43.544623263000062],[-73.021318259999987,43.544132906000073],[-73.022057751999967,43.543941659000041],[-73.022205167999971,43.543674151000062],[-73.022116259999962,43.543347821000054],[-73.021603732999949,43.542511539000031],[-73.021740574999967,43.542320318000066],[-73.022015979999935,43.542216992000078],[-73.022058210999944,43.542147564000061],[-73.022019424999939,43.542064658000072],[-73.022089352999956,43.541696777000027],[-73.021781104999945,43.540736454000069],[-73.02140316599997,43.540067392000026],[-73.021362611999962,43.539873615000033],[-73.021450422999976,43.539105447000054],[-73.021937346999948,43.538242517000072],[-73.02206726999998,43.537849958000038],[-73.021947506999936,43.537507159000029],[-73.021712398999966,43.537277772000039],[-73.021738636999942,43.537099854000076],[-73.021975275999978,43.53684419800004],[-73.021870037999975,43.536234505000039],[-73.021716135999952,43.535778588000028],[-73.021636668999975,43.534291905000032],[-73.022667948999981,43.53279610800007],[-73.022900935999985,43.532120215000077],[-73.023450237999953,43.531414587000029],[-73.023481254999979,43.531147746000045],[-73.023683560999984,43.530779100000075],[-73.024015454999983,43.530624024000076],[-73.024097254999958,43.530449892000036],[-73.023904442999935,43.529990114000043],[-73.023747611999966,43.529837279000049],[-73.02382099099998,43.529331831000036],[-73.023769401999971,43.529146187000038],[-73.023088793999989,43.528793705000055],[-73.023014642999954,43.528567754000051],[-73.023039966999988,43.528284776000078],[-73.02331421599996,43.527887514000042],[-73.023821530999953,43.527468978000059],[-73.024164407999933,43.52730173100008],[-73.025000726999963,43.527039277000029],[-73.025624292999964,43.526579791000074],[-73.025961294999945,43.525737736000053],[-73.02648034799995,43.525395912000079],[-73.026687959999947,43.525002990000075],[-73.026887521999981,43.524961661000077],[-73.027265631999967,43.525016491000031],[-73.027521582999952,43.524986368000043],[-73.027920060999975,43.524916490000066],[-73.027980122999963,43.524799027000029],[-73.027516387999981,43.524634493000065],[-73.027309801999934,43.52434954000006],[-73.027297358999988,43.524196044000064],[-73.027074671999969,43.524132416000043],[-73.026841967999985,43.524194102000081],[-73.026478803999964,43.52457965900004],[-73.026178155999958,43.525130605000072],[-73.025686624999935,43.525444015000062],[-73.025287655999989,43.526185331000079],[-73.024958033999951,43.526599016000034],[-73.024643069999968,43.526782301000026],[-73.024166497999943,43.526901673000054],[-73.024017466999965,43.527007419000029],[-73.023694810999984,43.526944244000049],[-73.023615491999976,43.526762767000037],[-73.023425454999938,43.52662220600007],[-73.023301080999943,43.525725697000041],[-73.022883788999934,43.524992165000072],[-73.022817119999957,43.52434592700007],[-73.02274423199998,43.524265442000058],[-73.022521618999974,43.52420988700004],[-73.022227896999937,43.524279924000041],[-73.022012544999939,43.524422339000068],[-73.021953411999959,43.524648899000056],[-73.022366958999953,43.524950077000028],[-73.02268750199994,43.525413314000048],[-73.022899181999946,43.526774127000067],[-73.022867357999985,43.52759053300008],[-73.02245744399994,43.528356134000035],[-73.022465856999986,43.528687449000074],[-73.022684642999934,43.528941025000051],[-73.023086870999975,43.529213966000043],[-73.023135072999935,43.529650161000063],[-73.023334165999984,43.530194771000026],[-73.023347088999969,43.530404837000049],[-73.023165691999964,43.530902309000055],[-73.022921298999961,43.531064224000033],[-73.022837747999972,43.53119534800004],[-73.02282579599995,43.531485439000051],[-73.022659713999985,43.531842496000081],[-73.021622127999933,43.53324942200004],[-73.021137187999955,43.534338632000072],[-73.021132782999985,43.53447200100004],[-73.021353672999965,43.534968023000033],[-73.021224933999974,43.535497966000037],[-73.02145298399995,43.536179836000031],[-73.021318580999946,43.537986723000074],[-73.021174459999941,43.538666249000073],[-73.020906605999983,43.539168539000059],[-73.020864813999935,43.539475836000065],[-73.020973967999964,43.539895591000061],[-73.021159912999963,43.540201850000074],[-73.021404470999983,43.540863440000066],[-73.021333007999942,43.541595165000047],[-73.021200394999937,43.541849650000074],[-73.021131607999962,43.54220719500006],[-73.020976230999963,43.542245659000059],[-73.020808249999959,43.542211572000042],[-73.020113068999933,43.541691959000048],[-73.019762241999956,43.541097206000074],[-73.018991018999941,43.540555191000067],[-73.018787930999963,43.540301105000026],[-73.018701102999955,43.540133732000072],[-73.018403159999934,43.539559402000066],[-73.018123774999935,43.539177143000074],[-73.018032048999942,43.538844033000032],[-73.01805503099996,43.538284419000036],[-73.018153036999934,43.538053645000048],[-73.018088443999943,43.537645809000026],[-73.018277481999974,43.537018615000079],[-73.018230797999934,43.536756169000057],[-73.017920021999942,43.536139322000054],[-73.017901388999974,43.535909077000042],[-73.018280059999938,43.53537396300004],[-73.018388614999935,43.535078487000078],[-73.018287014999942,43.534889025000041],[-73.018233359999954,43.534460935000027],[-73.018071254999938,43.534340443000076],[-73.017587395999954,43.534265858000026],[-73.017402661999938,43.534096977000047],[-73.017107021999948,43.533948802000054],[-73.016607694999948,43.533222438000053],[-73.016381390999982,43.533043837000037],[-73.015097254999944,43.533185955000079],[-73.014097531999937,43.533400690000065],[-73.013474836999933,43.533326711000029],[-73.012871791999942,43.532949575000032],[-73.012389604999953,43.532414299000038],[-73.012145726999961,43.531817340000032],[-73.012296173999971,43.531218615000057],[-73.012200574999952,43.530422988000055],[-73.011559530999989,43.52948837200006],[-73.011724261999973,43.529265386000077],[-73.012281205999955,43.528794149000078],[-73.012417546999984,43.528498553000077],[-73.012459647999947,43.528223583000056],[-73.012227510999935,43.52769930900007],[-73.011757707999948,43.527309446000061],[-73.011681346999978,43.526816799000073],[-73.011496139999963,43.526587296000059],[-73.011060045999955,43.526241730000038],[-73.01110136799997,43.525873825000076],[-73.01121518399998,43.525700508000057],[-73.011315044999947,43.525529393000056],[-73.011350913999934,43.525173634000055],[-73.010894623999945,43.524407905000032],[-73.01097955299997,43.523942822000038],[-73.011033990999977,43.523813271000051],[-73.011513523999952,43.523386833000075],[-73.012127278999969,43.523072936000062],[-73.012430026999937,43.522756389000051],[-73.012489879999976,43.522610649000057],[-73.012484166999968,43.521935846000076],[-73.01291579399998,43.521101486000077],[-73.012751853999987,43.52075874500008],[-73.012959991999935,43.519763751000028],[-73.013057028999981,43.519419840000069],[-73.013518366999961,43.518696997000063],[-73.014495419999946,43.51748182800003],[-73.015201720999983,43.516306787000076],[-73.01593147799997,43.515281149000032],[-73.016131678999955,43.514666028000079],[-73.016455813999983,43.514260475000071],[-73.016465299999936,43.514070509000078],[-73.016368602999989,43.513800207000031],[-73.016405814999985,43.513606075000041],[-73.016782119999959,43.513458903000071],[-73.017192906999981,43.51344896300003],[-73.017926720999981,43.513554746000068],[-73.018721020999976,43.513591554000072],[-73.01919406199994,43.513718716000028],[-73.020238733999975,43.513814990000071],[-73.021328833999974,43.514028234000079],[-73.021683651999979,43.513966002000075],[-73.021854933999975,43.513868238000043],[-73.022074545999942,43.513580331000071],[-73.022085489999938,43.512917574000028],[-73.021351301999971,43.511478322000073],[-73.021282313999961,43.511203856000066],[-73.021358196999984,43.510989342000073],[-73.02193239099995,43.510614959000065],[-73.022190714999965,43.510310712000035],[-73.022573207999983,43.50959776600007],[-73.022580128999948,43.509112826000035],[-73.022281147999934,43.50856463000008],[-73.021719784999959,43.507847911000056],[-73.021721472999957,43.507399363000047],[-73.022034708999968,43.507026170000074],[-73.022104962999947,43.506803600000069],[-73.021999150999989,43.506121169000039],[-73.021775613999978,43.505305927000052],[-73.021305044999963,43.504168538000044],[-73.02075903399998,43.503294150000045],[-73.020413538999946,43.502495623000073]]],[[[-72.983962353999971,43.545181401000036],[-72.983995872999969,43.545005322000065],[-72.983843428999933,43.544743068000059],[-72.983917988999963,43.54464439700007],[-72.983880890999956,43.544515382000043],[-72.983699399999978,43.544835661000036],[-72.983294888999978,43.544957981000039],[-72.98338731399997,43.545408826000028],[-72.983900286999983,43.545310825000058],[-72.983864104999952,43.545254700000044],[-72.983962353999971,43.545181401000036]]],[[[-72.973856245999968,43.553224889000035],[-72.973583833999953,43.553318263000051],[-72.973252077999973,43.553312563000077],[-72.972831472999985,43.553155823000054],[-72.972484630999986,43.552882907000026],[-72.972341132999986,43.55282674800003],[-72.97221774999997,43.55284854100006],[-72.972019099999955,43.553232432000073],[-72.971670746999962,43.553600398000071],[-72.971874427999978,43.553859734000071],[-72.972090177999974,43.554007758000068],[-72.97220886599996,43.554206075000025],[-72.972272232999956,43.554406737000079],[-72.972227304999933,43.554908311000077],[-72.972361919999969,43.555070920000048],[-72.972386227999948,43.55528130600004],[-72.972173661999989,43.555532762000041],[-72.971710811999969,43.555801990000077],[-72.971388109999964,43.55571582400006],[-72.971351396999978,43.55600215000004],[-72.971484668999949,43.556420072000037],[-72.971844084999987,43.55663615800006],[-72.97231984299998,43.556776136000053],[-72.97253894499994,43.556926674000067],[-72.973103047999984,43.557111076000069],[-72.973884409999982,43.557249713000033],[-72.974272826999936,43.557416011000043],[-72.974272156999973,43.557340405000048],[-72.974324290999959,43.557344931000046],[-72.974445997999965,43.55752883100007],[-72.974491259999979,43.557911716000035],[-72.974574407999967,43.557743575000075],[-72.974460246999968,43.556867834000059],[-72.974471310999945,43.555687996000074],[-72.974402744999963,43.555587365000065],[-72.974465275999933,43.555541229000028],[-72.974468459999969,43.555178377000061],[-72.974407273999987,43.55342588700006],[-72.974125975999982,43.553219022000064],[-72.973856245999968,43.553224889000035]]],[[[-72.988198362999981,43.558611940000048],[-72.988270278999948,43.55848076400008],[-72.988123986999938,43.558614175000059],[-72.988198362999981,43.558611940000048]]]]},"properties":{"Abbreviated_District_Name":"Fho","District_Name":"Flood Hazard Overlay","OBJECTID":4,"OBJECT_ID":1071,"County":"Rutland","RPC":"RRPC","Municipal_Name":"Clarendon","GEO_ID":"5002114500","District_Type":"Nonresidential","Bylaw_Date":"2011-02-11","Elderly_Housing_District":"No","District_Mapped":"Yes","Overlay_District":"Yes","Base_Density":null,"FIPS6":21025,"GIS_ID":null,"Last_Update":"2026-04-16","F1F_Allowance":null,"F1F_Front_Setback":null,"F1F_Side_Setback":null,"F1F_Rear_Setback":null,"F1F_Frontage":null,"F1F_Max_Height":null,"F1F_Max_Stories":null,"F1F_Min_Lot_Size":null,"F1F_Max_Lot_Building_Coverage":null,"F1F_Max_Lot_Impervious_Coverage":null,"F1F_Min_Parking_Spaces":null,"F1F_Elderly_Housing_Only":null,"F1F_Affordable_Housing_Only":null,"F2F_Allowance":null,"F2F_Front_Setback":null,"F2F_Side_Setback":null,"F2F_Rear_Setback":null,"F2F_Frontage":null,"F2F_Max_Density":null,"F2F_Max_Height":null,"F2F_Max_Stories":null,"F2F_Min_Lot_Size":null,"F2F_Max_Lot_Building_Coverage":null,"F2F_Max_Lot_Impervious_Coverage":null,"F2F_Min_Parking_Spaces_per_1BR":null,"F2F_Min_Parking_Spaces_per_mult_BR":null,"F2F_Elderly_Housing_Only":"No","F2F_Affordable_Housing_Only":"No","F3F_Allowance":null,"F3F_Front_Setback":null,"F3F_Side_Setback":null,"F3F_Rear_Setback":null,"F3F_Frontage":null,"F3F_Max_Density":null,"F3F_Max_Height":null,"F3F_Max_Stories":null,"F3F_Min_Lot_Size":null,"F3F_Max_Lot_Building_Coverage":null,"F3F_Max_Lot_Impervious_Coverage":null,"F3F_Min_Parking_Spaces_per_1BR":null,"F3F_Min_Parking_Spaces_per_mult_BR":null,"F3F_Affordable_Housing_Only":"No","F3F_Proximity_to_Public_Transit_Required":"No","F3F_Connection_to_Sewage_Water_Required":"No","F4F_Allowance":null,"F4F_Front_Setback":null,"F4F_Side_Setback":null,"F4F_Rear_Setback":null,"F4F_Frontage":null,"F1F_Max_Density":null,"F4F_Max_Density":null,"F4F_Max_Height":null,"F4F_Max_Stories":null,"F4F_Min_Lot_Size":null,"F4F_Max_Lot_Building_Coverage":null,"F4F_Max_Lot_Impervious_Coverage":null,"F4F_Min_Parking_Spaces_per_1BR":null,"F4F_Min_Parking_Spaces_per_mult_BR":null,"F3F_Elderly_Housing_Only":"No","F4F_Elderly_Housing_Only":"No","F4F_Affordable_Housing_Only":"No","F4F_Proximity_to_Public_Transit_Required":"No","F4F_Connection_to_Sewage_Water_Required":"No","ADU_Allowance":"Permitted","ADU_Elderly_Housing_Only":"No","ADU_Max_Size_as_Percent_of_Primary_Strcture":null,"ADU_Max_Size_in_sq_ft":null,"ADU_Min_Lot_Size":null,"ADU_Max_Bedrooms":null,"ADU_Min_Parking_Spaces":null,"ADU_Owner_Occupancy_Required":"No","ADU_Renter_Occupancy_Prohibited":"No","ADU_Employee_or_Family_Occupancy_Required":"No","ADU_Restricted_to_Primary_Structure":"No","Affordable_Housing_Allowance":"Not Mentioned","Affordable_Housing_District":"No","Affordable_Housing_Elderly_Only":"No","Affordable_Housing_Min_Lot_Size":null,"Affordable_Housing_Max_Density":null,"Affordable_Housing_Min_Parking_Spaces_per_mult_BR":null,"Affordable_Housing_Max_Units_per_Building":null,"Affordable_Housing_Min_Parking_Spaces_per_1BR":null,"PRD_Allowance":"Not Mentioned","PRD_Max_Density":null,"PRD_Max_Units":null,"PRD_Min_Lot_Size":null,"PRD_Mobile_or_Manufactured_Home_Park":"No","PUD_Allowance":null,"PUD_Required_with_Subdivision":null,"PUD_Requires_Land_Conservation":null,"PUD_Threshold_Number":null,"Notes":"None","Shape_Length":1.0522784927648214,"Shape_Area":0.00095876879361734885}},{"type":"Feature","id":5,"geometry":{"type":"Polygon","coordinates":[[[-72.967461371999946,43.511921915000073],[-72.967428170999938,43.513507995000055],[-72.967447403999984,43.514028021000058],[-72.967467014999954,43.514611097000056],[-72.967517089999944,43.516082162000032],[-72.966950567999959,43.516270905000056],[-72.965367175999972,43.516949106000027],[-72.964361923999945,43.517228985000031],[-72.962488176999955,43.517606036000075],[-72.961167769999975,43.517709011000079],[-72.958685463999984,43.518057012000043],[-72.957696444999954,43.518422366000038],[-72.956796200999975,43.51903268600006],[-72.956284744999948,43.519276838000053],[-72.95594904099994,43.519559179000055],[-72.955499079999981,43.519810888000052],[-72.953287223999951,43.520401984000046],[-72.952195478999954,43.520802715000059],[-72.951020622999977,43.521455071000048],[-72.950402602999986,43.521722056000044],[-72.949228593999976,43.522095604000071],[-72.947045646999982,43.522896994000064],[-72.946221826999988,43.523095352000041],[-72.945237573999975,43.523240315000066],[-72.944175145999964,43.523574364000069],[-72.942208474999973,43.523972785000069],[-72.941537356999959,43.524228318000041],[-72.940433599999949,43.524522060000038],[-72.939316493999968,43.524511069000027],[-72.937928828999986,43.524574115000064],[-72.936625400999958,43.524293200000045],[-72.935902217999967,43.52403352500005],[-72.935225506999984,43.523689799000067],[-72.934390177999944,43.523346663000041],[-72.933115095999938,43.52251457400007],[-72.931438937999985,43.521049092000055],[-72.930669440999964,43.52052954100003],[-72.930945288999965,43.525375797000038],[-72.932626153999934,43.525655071000074],[-72.932717621999984,43.529904590000058],[-72.932870269999967,43.530816344000073],[-72.933236481999984,43.531964545000051],[-72.933816455999988,43.533322539000039],[-72.935403376999943,43.536633718000076],[-72.935799404999955,43.537764266000067],[-72.937775845999965,43.541985775000057],[-72.938302379999982,43.542557995000038],[-72.938531271999977,43.543194983000035],[-72.940156339999987,43.545140537000066],[-72.940705475999948,43.546048425000038],[-72.942628366999941,43.551839147000067],[-72.943070637999938,43.552609681000035],[-72.943559212999958,43.55394485000005],[-72.944129674999942,43.555183154000076],[-72.948731744999975,43.564702272000034],[-72.949444464999942,43.566360583000062],[-72.949845550999953,43.567582405000053],[-72.950247862999959,43.568093848000046],[-72.950796361999949,43.568372135000061],[-72.951375609999957,43.56846334800008],[-72.951983367999958,43.56839855100003],[-72.953814528999942,43.567939519000049],[-72.963475273999961,43.566976234000037],[-72.963328599999954,43.567924725000069],[-72.963500246999956,43.569349684000031],[-72.963682020999954,43.569959512000025],[-72.964062918999957,43.570779823000066],[-72.964271823999979,43.571119835000047],[-72.965151583999955,43.572542371000054],[-72.965491286999963,43.57327768500005],[-72.965544030999979,43.573390581000069],[-72.975071599999978,43.573031601000025],[-72.990399681999975,43.572444654000037],[-72.991020643999946,43.572417053000038],[-72.991959687999952,43.570683404000079],[-72.992407804999971,43.569538894000061],[-72.992696343999967,43.56794855000004],[-72.992658412999958,43.566797038000061],[-72.992688107999982,43.566049422000049],[-72.992770557999961,43.565122710000026],[-72.988358586999937,43.545551094000075],[-72.983949523999968,43.52597922700005],[-73.004331885999989,43.522837861000028],[-73.004992322999954,43.526282484000035],[-73.010561369999948,43.525006234000045],[-73.010823917999971,43.524946066000041],[-73.01121518399998,43.525700508000057],[-73.015097254999944,43.533185955000079],[-73.015246760999958,43.533474233000049],[-73.01728054299997,43.537395399000047],[-73.018032048999942,43.538844033000032],[-73.018403159999934,43.539559402000066],[-73.018701102999955,43.540133732000072],[-73.018787930999963,43.540301105000026],[-73.021499047999953,43.545526456000061],[-73.020887544999937,43.547114375000035],[-73.020317033999959,43.548595850000027],[-73.020120086999952,43.549107273000061],[-73.011414804999959,43.571702770000059],[-73.033119369999952,43.570802941000068],[-73.033258209999985,43.570797207000055],[-73.033464692999985,43.570788685000025],[-73.03363070599994,43.570781833000069],[-73.033752638999943,43.570776801000079],[-73.034883942999954,43.570756132000042],[-73.035002702999975,43.570577510000078],[-73.038864865999983,43.551411618000031],[-73.027911323999945,43.551373489000071],[-73.027521582999952,43.524986368000043],[-73.027516387999981,43.524634493000065],[-73.027442375999954,43.519620351000071],[-73.013518366999961,43.518696997000063],[-73.012926764999975,43.518657766000047],[-73.006499487999974,43.518231548000074],[-72.984436792999986,43.520630542000049],[-72.976351921999935,43.521508715000039],[-72.97612363199994,43.520966275000035],[-72.976033670999982,43.520752517000062],[-72.975692501999958,43.520053232000066],[-72.97507178799998,43.518879043000027],[-72.973958577999952,43.517451597000047],[-72.972846808999975,43.516195972000048],[-72.971887610999943,43.514939710000078],[-72.970683555999983,43.514001377000056],[-72.970207023999933,43.513633150000032],[-72.968773918999943,43.512694833000069],[-72.967461371999946,43.511921915000073]],[[-72.956347603999973,43.521442999000044],[-72.961221038999952,43.522977114000071],[-72.958642329999975,43.526185292000036],[-72.957487227999934,43.527462121000042],[-72.963012367999966,43.52728819500004],[-72.959664516999965,43.53057597600008],[-72.959110867999982,43.531192505000035],[-72.958531978999986,43.531966689000058],[-72.953889401999959,43.531903474000046],[-72.954707828999972,43.531056430000035],[-72.955627690999961,43.529861901000061],[-72.956322828999987,43.528844152000033],[-72.951232957999935,43.526946560000056],[-72.951160176999963,43.522502512000074],[-72.956347603999973,43.521442999000044]],[[-72.952466882999943,43.538144840000029],[-72.953515448999951,43.538235931000031],[-72.954392680999945,43.540955803000031],[-72.951577682999982,43.540841365000063],[-72.948899826999934,43.539175248000049],[-72.948335048999979,43.538693694000074],[-72.948148535999962,43.538456592000045],[-72.949651914999947,43.538357971000039],[-72.951278330999969,43.53835156100007],[-72.951951606999955,43.538234471000067],[-72.952466882999943,43.538144840000029]],[[-72.962274333999972,43.539317701000073],[-72.963228932999982,43.544825941000056],[-72.960076755999978,43.545644071000027],[-72.959392330999947,43.544496196000068],[-72.958699498999977,43.542912391000073],[-72.95810714199996,43.539569118000031],[-72.962274333999972,43.539317701000073]]]},"properties":{"Abbreviated_District_Name":"Rc","District_Name":"Residential And Commercial","OBJECTID":5,"OBJECT_ID":1072,"County":"Rutland","RPC":"RRPC","Municipal_Name":"Clarendon","GEO_ID":"5002114500","District_Type":"Mixed with Residential","Bylaw_Date":"2011-02-11","Elderly_Housing_District":"No","District_Mapped":"Yes","Overlay_District":"No","Base_Density":null,"FIPS6":21025,"GIS_ID":null,"Last_Update":"2026-04-16","F1F_Allowance":"Permitted","F1F_Front_Setback":40,"F1F_Side_Setback":20,"F1F_Rear_Setback":30,"F1F_Frontage":125,"F1F_Max_Height":35,"F1F_Max_Stories":3,"F1F_Min_Lot_Size":0.92000000000000004,"F1F_Max_Lot_Building_Coverage":35,"F1F_Max_Lot_Impervious_Coverage":null,"F1F_Min_Parking_Spaces":2,"F1F_Elderly_Housing_Only":null,"F1F_Affordable_Housing_Only":null,"F2F_Allowance":"Permitted","F2F_Front_Setback":40,"F2F_Side_Setback":20,"F2F_Rear_Setback":30,"F2F_Frontage":125,"F2F_Max_Density":null,"F2F_Max_Height":35,"F2F_Max_Stories":3,"F2F_Min_Lot_Size":0.92000000000000004,"F2F_Max_Lot_Building_Coverage":35,"F2F_Max_Lot_Impervious_Coverage":null,"F2F_Min_Parking_Spaces_per_1BR":2,"F2F_Min_Parking_Spaces_per_mult_BR":2,"F2F_Elderly_Housing_Only":"No","F2F_Affordable_Housing_Only":"No","F3F_Allowance":"Permitted","F3F_Front_Setback":40,"F3F_Side_Setback":20,"F3F_Rear_Setback":30,"F3F_Frontage":125,"F3F_Max_Density":null,"F3F_Max_Height":35,"F3F_Max_Stories":3,"F3F_Min_Lot_Size":0.92000000000000004,"F3F_Max_Lot_Building_Coverage":35,"F3F_Max_Lot_Impervious_Coverage":null,"F3F_Min_Parking_Spaces_per_1BR":2,"F3F_Min_Parking_Spaces_per_mult_BR":2,"F3F_Affordable_Housing_Only":"No","F3F_Proximity_to_Public_Transit_Required":"No","F3F_Connection_to_Sewage_Water_Required":"Yes","F4F_Allowance":"Permitted","F4F_Front_Setback":40,"F4F_Side_Setback":20,"F4F_Rear_Setback":30,"F4F_Frontage":125,"F1F_Max_Density":null,"F4F_Max_Density":null,"F4F_Max_Height":35,"F4F_Max_Stories":3,"F4F_Min_Lot_Size":0.92000000000000004,"F4F_Max_Lot_Building_Coverage":35,"F4F_Max_Lot_Impervious_Coverage":null,"F4F_Min_Parking_Spaces_per_1BR":2,"F4F_Min_Parking_Spaces_per_mult_BR":2,"F3F_Elderly_Housing_Only":"No","F4F_Elderly_Housing_Only":"No","F4F_Affordable_Housing_Only":"No","F4F_Proximity_to_Public_Transit_Required":"No","F4F_Connection_to_Sewage_Water_Required":"Yes","ADU_Allowance":"Permitted","ADU_Elderly_Housing_Only":"No","ADU_Max_Size_as_Percent_of_Primary_Strcture":50,"ADU_Max_Size_in_sq_ft":null,"ADU_Min_Lot_Size":null,"ADU_Max_Bedrooms":1,"ADU_Min_Parking_Spaces":null,"ADU_Owner_Occupancy_Required":"Yes","ADU_Renter_Occupancy_Prohibited":"No","ADU_Employee_or_Family_Occupancy_Required":"No","ADU_Restricted_to_Primary_Structure":"No","Affordable_Housing_Allowance":"Not Mentioned","Affordable_Housing_District":"No","Affordable_Housing_Elderly_Only":"No","Affordable_Housing_Min_Lot_Size":null,"Affordable_Housing_Max_Density":null,"Affordable_Housing_Min_Parking_Spaces_per_mult_BR":null,"Affordable_Housing_Max_Units_per_Building":null,"Affordable_Housing_Min_Parking_Spaces_per_1BR":null,"PRD_Allowance":"Not Mentioned","PRD_Max_Density":null,"PRD_Max_Units":null,"PRD_Min_Lot_Size":null,"PRD_Mobile_or_Manufactured_Home_Park":"No","PUD_Allowance":null,"PUD_Required_with_Subdivision":null,"PUD_Requires_Land_Conservation":null,"PUD_Threshold_Number":null,"Notes":"One Family, Two Family, And Multifamily Residences Are Permissible Upon Issuance Of A Development Permit, And May Require A Site Plan Review  ","Shape_Length":0.50386222318471663,"Shape_Area":0.0033051914626153357}}]}