{"type":"FeatureCollection","features":[{"type":"Feature","id":1,"geometry":{"type":"Polygon","coordinates":[[[-73.081018163999943,44.168368678000036],[-73.081024940999953,44.168422151000073],[-73.081049949999965,44.168501758000048],[-73.081092249999983,44.168591543000048],[-73.081136065999942,44.168676539000046],[-73.08119385699996,44.168752322000046],[-73.081242182999972,44.168819013000075],[-73.081281313999966,44.168904172000055],[-73.081298854999943,44.169019396000067],[-73.081275753999989,44.169094044000076],[-73.081230539999979,44.16918511700004],[-73.081201242999953,44.169265703000065],[-73.081183320999969,44.169350591000068],[-73.081155732999946,44.169445934000066],[-73.081079230999933,44.169534073000079],[-73.080995605999988,44.169613247000029],[-73.080914089999965,44.16970830200006],[-73.080847601999949,44.169821420000062],[-73.080823398999939,44.169903457000032],[-73.080803963999983,44.169953689000067],[-73.080773806999957,44.170066201000054],[-73.080763375999936,44.170197878000067],[-73.080763181999941,44.170297441000059],[-73.080765349999979,44.170359163000057],[-73.08077684899996,44.170482385000071],[-73.080803917999958,44.170586216000061],[-73.080814549999957,44.170674053000027],[-73.080810370999984,44.170805698000038],[-73.08077910999998,44.170925106000027],[-73.080758730999946,44.17099861500003],[-73.080763167999976,44.17109238900008],[-73.080770891999975,44.171162803000072],[-73.080788435999978,44.171238370000026],[-73.080810566999958,44.171343162000028],[-73.080845183999941,44.171426377000046],[-73.080878021999979,44.17152745900006],[-73.080896992999953,44.171628893000047],[-73.080915169999969,44.17168919900007],[-73.080937948999974,44.171820356000069],[-73.080923856999959,44.171937287000048],[-73.080918595999947,44.171978516000081],[-73.080905108999957,44.172057615000028],[-73.080882063999979,44.17213816900005],[-73.080884913999967,44.172229561000051],[-73.080915840999978,44.172314903000029],[-73.080944521999982,44.17237044400008],[-73.080998137999984,44.17245820200003],[-73.08100809299998,44.172516932000065],[-73.081005182999945,44.172578822000048],[-73.081017399999951,44.172668900000076],[-73.081026569999949,44.172767149000038],[-73.08103517099994,44.172847121000075],[-73.081060126999944,44.172901415000069],[-73.081074816999944,44.172944793000056],[-73.081092680999973,44.173013187000038],[-73.081095052999956,44.173095439000065],[-73.081092540999975,44.17315810100007],[-73.081082958999957,44.173216860000025],[-73.081062957999961,44.173289242000067],[-73.081050235999953,44.173346681000055],[-73.081021637999982,44.173418968000078],[-73.080982716999983,44.17347471100004],[-73.080962178999982,44.17353219000006],[-73.08097169499996,44.173585861000049],[-73.081014373999949,44.173634299000071],[-73.081083877999959,44.173668680000048],[-73.081174304999934,44.173724470000025],[-73.081231988999946,44.17378872300003],[-73.081289717999937,44.173857475000034],[-73.081352491999951,44.173962436000068],[-73.081355033999955,44.174022376000039],[-73.081347480999966,44.174088789000052],[-73.081336576999945,44.174152407000065],[-73.081371657999966,44.174202853000054],[-73.08141438399997,44.174255932000051],[-73.081465849999972,44.174323732000062],[-73.081499780999934,44.17439640300006],[-73.081521273999954,44.174476027000026],[-73.081550442999969,44.174541270000077],[-73.081561560999944,44.174599010000065],[-73.081568106999953,44.174668585000063],[-73.08156719599998,44.174734964000038],[-73.081572213999948,44.174808063000057],[-73.081571391999944,44.174883582000064],[-73.081555805999983,44.17496768400008],[-73.08153985499996,44.175054460000069],[-73.081512688999965,44.175153176000038],[-73.081493123999962,44.175230057000078],[-73.08146073599994,44.175327768000045],[-73.081421913999975,44.175459917000069],[-73.081375626999943,44.175561403000074],[-73.081326735999937,44.17567654000004],[-73.081278905999966,44.175780142000065],[-73.081216039999958,44.17590477400006],[-73.081174871999963,44.175970515000074],[-73.08114186499995,44.176031714000032],[-73.082679336999945,44.175863149000065],[-73.08274219499998,44.175758063000046],[-73.082758054999942,44.175701873000037],[-73.082801956999958,44.175635978000059],[-73.082839038999964,44.175591914000051],[-73.082860678999964,44.17552753800004],[-73.082884295999975,44.175465403000032],[-73.082905283999935,44.175404300000025],[-73.082924628999933,44.175235699000041],[-73.082958777999977,44.175171681000052],[-73.083007124999938,44.175081154000054],[-73.083058019999953,44.174971628000037],[-73.08309608199994,44.174789186000055],[-73.08312712999998,44.17456909100008],[-73.083090470999934,44.174378311000055],[-73.083070303999989,44.17427491400008],[-73.082938819999981,44.174018525000065],[-73.082855668999969,44.173808927000039],[-73.082774327999971,44.173624351000058],[-73.082560910999973,44.173499721000042],[-73.082463945999962,44.173335545000043],[-73.082491706999974,44.17325777800005],[-73.082524034999949,44.173167614000079],[-73.082587013999955,44.172995591000074],[-73.082579736999946,44.172752489000061],[-73.082575663999933,44.172616667000057],[-73.082531177999954,44.172464176000062],[-73.082480890999989,44.172297934000028],[-73.082401294999954,44.172052106000081],[-73.08240821399994,44.171822010000028],[-73.082443868999974,44.171613423000053],[-73.082433656999967,44.171528679000062],[-73.082418311999959,44.171398821000025],[-73.082383058999937,44.171271173000036],[-73.082355905999975,44.171172311000078],[-73.082304147999935,44.170975632000079],[-73.082269605999954,44.170741316000033],[-73.082326178999949,44.170454577000044],[-73.082293895999953,44.170310953000069],[-73.082319310999935,44.170113879000041],[-73.082369310999979,44.169874002000029],[-73.082410884999945,44.169730986000047],[-73.082540353999946,44.16958541200006],[-73.082656603999965,44.169486382000059],[-73.082681331999936,44.169259570000065],[-73.082849141999986,44.168920653000043],[-73.082834330999958,44.168805417000044],[-73.082748061999951,44.168734701000062],[-73.082680125999957,44.168581345000064],[-73.082611274999977,44.168414354000049],[-73.082500396999933,44.168265154000039],[-73.082425372999978,44.168225178000057],[-73.081018163999943,44.168368678000036]]]},"properties":{"OBJECTID":1,"OBJECT_ID":13,"County":"Addison","RPC":"ACRPC","Municipal_Name":"Bristol","GEO_ID":"5000109025","District_Name":"Bristol Pond Camp","Abbreviated_District_Name":"BPC","District_Type":"Nonresidential","Bylaw_Date":"2024-11-05","Elderly_Housing_District":"No","District_Mapped":"Yes","Overlay_District":"No","Base_Density":0,"FIPS6":1015,"GIS_ID":null,"Last_Update":"2026-05-31","F1F_Allowance":"Prohibited","F1F_Front_Setback":45,"F1F_Side_Setback":20,"F1F_Rear_Setback":20,"F1F_Frontage":75,"F1F_Max_Height":35,"F1F_Max_Stories":null,"F1F_Min_Lot_Size":0.23000000000000001,"F1F_Max_Lot_Building_Coverage":30,"F1F_Max_Lot_Impervious_Coverage":30,"F1F_Min_Parking_Spaces":1,"F1F_Elderly_Housing_Only":null,"F1F_Affordable_Housing_Only":null,"F2F_Allowance":"Prohibited","F2F_Front_Setback":45,"F2F_Side_Setback":20,"F2F_Rear_Setback":20,"F2F_Frontage":75,"F2F_Max_Density":2,"F2F_Max_Height":35,"F2F_Max_Stories":null,"F2F_Min_Lot_Size":1,"F2F_Max_Lot_Building_Coverage":30,"F2F_Max_Lot_Impervious_Coverage":30,"F2F_Min_Parking_Spaces_per_1BR":1,"F2F_Min_Parking_Spaces_per_mult_BR":1,"F2F_Elderly_Housing_Only":"No","F2F_Affordable_Housing_Only":"No","F3F_Allowance":"Prohibited","F3F_Front_Setback":45,"F3F_Side_Setback":20,"F3F_Rear_Setback":20,"F3F_Frontage":75,"F3F_Max_Density":2,"F3F_Max_Height":35,"F3F_Max_Stories":null,"F3F_Min_Lot_Size":1.5,"F3F_Max_Lot_Building_Coverage":30,"F3F_Max_Lot_Impervious_Coverage":30,"F3F_Min_Parking_Spaces_per_1BR":1,"F3F_Min_Parking_Spaces_per_mult_BR":1,"F3F_Affordable_Housing_Only":"No","F3F_Proximity_to_Public_Transit_Required":"No","F3F_Connection_to_Sewage_Water_Required":"No","F4F_Allowance":"Prohibited","F4F_Front_Setback":45,"F4F_Side_Setback":20,"F4F_Rear_Setback":20,"F4F_Frontage":75,"F1F_Max_Density":null,"F4F_Max_Density":2,"F4F_Max_Height":35,"F4F_Max_Stories":null,"F4F_Min_Lot_Size":2,"F4F_Max_Lot_Building_Coverage":30,"F4F_Max_Lot_Impervious_Coverage":30,"F4F_Min_Parking_Spaces_per_1BR":1,"F4F_Min_Parking_Spaces_per_mult_BR":1,"F3F_Elderly_Housing_Only":"No","F4F_Elderly_Housing_Only":"No","F4F_Affordable_Housing_Only":"No","F4F_Proximity_to_Public_Transit_Required":"No","F4F_Connection_to_Sewage_Water_Required":"No","ADU_Allowance":"Prohibited","ADU_Elderly_Housing_Only":"No","ADU_Max_Size_as_Percent_of_Primary_Strcture":"30","ADU_Max_Size_in_sq_ft":900,"ADU_Min_Lot_Size":null,"ADU_Max_Bedrooms":null,"ADU_Min_Parking_Spaces":1,"ADU_Owner_Occupancy_Required":"yes","ADU_Renter_Occupancy_Prohibited":"No","ADU_Employee_or_Family_Occupancy_Required":"No","ADU_Restricted_to_Primary_Structure":"No","Affordable_Housing_Allowance":"Prohibited","Affordable_Housing_District":"No","Affordable_Housing_Elderly_Only":"No","Affordable_Housing_Min_Lot_Size":null,"Affordable_Housing_Max_Density":null,"Affordable_Housing_Min_Parking_Spaces_per_mult_BR":null,"Affordable_Housing_Max_Units_per_Building":null,"Affordable_Housing_Min_Parking_Spaces_per_1BR":null,"PRD_Allowance":"Prohibited","PRD_Max_Density":null,"PRD_Max_Units":null,"PRD_Min_Lot_Size":null,"PRD_Mobile_or_Manufactured_Home_Park":"No","PUD_Allowance":"Yes","PUD_Required_with_Subdivision":"Yes","PUD_Requires_Land_Conservation":"No","PUD_Threshold_Number":null,"Notes":"No further subdivision is allowed.\nOnly one single-family dwelling unit is allowed per lot.\nYear-round homes are prohibited.\nSeasonal and primitive camp use has time limits and wastewater-related conditions.\nNo new structure may be within 100 ft of Bristol Pond’s shoreline.","Shape_Length":0.019610817427198526,"Shape_Area":1.1736549188677152e-05}},{"type":"Feature","id":2,"geometry":{"type":"Polygon","coordinates":[[[-73.090829071999963,44.13205160900003],[-73.092048137999939,44.13291515800006],[-73.092382466999936,44.133090972000048],[-73.093155428999978,44.133509581000055],[-73.094145186999981,44.134047773000077],[-73.094858874999943,44.134428763000074],[-73.095527343999947,44.137442715000077],[-73.095125454999959,44.137507603000074],[-73.095180072999938,44.137770463000038],[-73.09434344899995,44.138072943000054],[-73.094498839999972,44.138730260000045],[-73.092915028999982,44.139222521000079],[-73.093046214999958,44.139888838000047],[-73.093067436999945,44.139996902000064],[-73.093086113999959,44.140091976000065],[-73.096143175999941,44.140219065000053],[-73.097858855999959,44.140272028000027],[-73.100208796999937,44.140344533000075],[-73.100150937999956,44.139591004000067],[-73.100101228999961,44.139348828000038],[-73.100018658999943,44.139062667000076],[-73.099881922999941,44.138788323000028],[-73.099761015999945,44.138495755000065],[-73.099628550999967,44.138102841000034],[-73.099549060999948,44.137734680000051],[-73.09942668399998,44.137373635000074],[-73.099280352999983,44.136806278000051],[-73.099167228999988,44.136394277000079],[-73.099071103999961,44.136080063000065],[-73.098978691999946,44.135707750000051],[-73.098882680999964,44.135327160000031],[-73.098788536999962,44.134937841000067],[-73.09871493299994,44.13464896000005],[-73.098647852999989,44.134348516000045],[-73.098547737999979,44.13398636800008],[-73.098440589999939,44.133623835000037],[-73.098355419999962,44.133272015000045],[-73.098258474999966,44.132914070000027],[-73.098117496999976,44.132371995000028],[-73.098002759999986,44.131953252000073],[-73.097912453999982,44.131594989000064],[-73.097799532999943,44.131201267000051],[-73.09767635299994,44.130796771000064],[-73.097592274999954,44.130591055000025],[-73.097568144999968,44.130366743000025],[-73.09752889799995,44.13015333900006],[-73.097504157999936,44.129907234000029],[-73.097414709999953,44.129439701000081],[-73.100065857999937,44.128991979000034],[-73.100025444999972,44.128471456000057],[-73.100528450999946,44.128439843000081],[-73.100411546999965,44.12684450200004],[-73.100321561999976,44.125593410000079],[-73.100210992999962,44.123928425000031],[-73.099850252999943,44.12211822200004],[-73.099468105999961,44.120290615000044],[-73.099436694999952,44.120140387000049],[-73.099305648999973,44.11956589600004],[-73.096349462999967,44.119624541000064],[-73.096086637999974,44.118603161000067],[-73.095983005999983,44.118158623000056],[-73.095953276999978,44.11764802600004],[-73.096010049999961,44.117198291000079],[-73.096115099999963,44.116385911000066],[-73.096194709999963,44.115761682000027],[-73.09479061199994,44.115893313000072],[-73.09514435899996,44.113712253000074],[-73.094370852999987,44.11374266100006],[-73.094132275999982,44.113737293000042],[-73.093903472999955,44.113811327000064],[-73.093647682999972,44.11386082100006],[-73.09356672499996,44.113865320000059],[-73.093468348999977,44.113865409000027],[-73.093377154999985,44.113861453000027],[-73.093294396999966,44.113842195000075],[-73.093225604999986,44.113833693000061],[-73.093130984999959,44.113838403000045],[-73.093027006999989,44.113844287000063],[-73.092953983999962,44.11384199400004],[-73.092856435999977,44.113827312000069],[-73.092752572999984,44.113805632000037],[-73.092665082999986,44.11380116600003],[-73.092590510999969,44.113800145000027],[-73.092492078999953,44.113794608000035],[-73.092415931999938,44.11379233200006],[-73.092323091999958,44.113779946000079],[-73.092224005999981,44.113767452000047],[-73.092137239999943,44.113757214000032],[-73.092014488999951,44.113759678000065],[-73.091896773999963,44.11375810800007],[-73.091812894999975,44.113763394000046],[-73.091744680999966,44.113773732000027],[-73.091636705999974,44.113789902000065],[-73.091537469999935,44.113801383000066],[-73.091439896999987,44.113823263000029],[-73.091362198999946,44.113841666000042],[-73.091264682999963,44.113869172000079],[-73.091186045999962,44.113891094000053],[-73.091131590999964,44.113911133000045],[-73.091033919999973,44.113942646000055],[-73.09094356199995,44.113983403000077],[-73.090840434999961,44.114035546000025],[-73.090780270999971,44.114089858000057],[-73.09075648299995,44.114151082000035],[-73.090729797999984,44.114215697000077],[-73.090720384999941,44.114289504000055],[-73.090726969999935,44.114362665000044],[-73.090725377999945,44.114438119000056],[-73.090723213999979,44.114514701000076],[-73.090735411999958,44.114583193000044],[-73.090739380999935,44.114648422000073],[-73.090738753999972,44.114722676000042],[-73.090735722999966,44.114790754000069],[-73.090727167999944,44.114872502000026],[-73.090713255999958,44.114965106000056],[-73.090694964999955,44.115049154000076],[-73.090685641999983,44.115112624000062],[-73.090663535999965,44.115166457000043],[-73.090636805999964,44.115226502000041],[-73.090593931999933,44.115292255000043],[-73.090570345999936,44.115334564000079],[-73.090537099999949,44.115387189000046],[-73.090499292999937,44.115452120000043],[-73.090466877999972,44.115509616000054],[-73.090426598999954,44.115581191000047],[-73.090380670999934,44.115653781000049],[-73.090326823999987,44.115735059000031],[-73.090279392999946,44.115794016000052],[-73.090231926999934,44.115849456000035],[-73.090182247999962,44.115918127000043],[-73.090117045999989,44.115995948000034],[-73.090041252999981,44.116068622000057],[-73.089949283999943,44.116163597000025],[-73.089890115999935,44.116220222000038],[-73.089842472999976,44.116258015000028],[-73.089798020999979,44.116302683000072],[-73.089731566999944,44.116372565000063],[-73.089628628999947,44.116444112000067],[-73.089551019999988,44.116511100000025],[-73.089493694999987,44.11655681700006],[-73.089443342999971,44.116597014000035],[-73.089400399999988,44.11663647000006],[-73.089325871999961,44.116679395000062],[-73.089257568999983,44.116720598000029],[-73.089198260999979,44.116763091000053],[-73.089134241999943,44.116803078000032],[-73.089069804999951,44.116840325000055],[-73.088999501999979,44.116876476000073],[-73.088926527999945,44.116918830000031],[-73.08883601399998,44.116964086000053],[-73.088735399999962,44.117014526000048],[-73.088644298999952,44.117079262000061],[-73.088568323999937,44.117134215000078],[-73.088496877999944,44.117173115000071],[-73.088420864999989,44.117224131000057],[-73.088313811999967,44.117294573000038],[-73.088224127999979,44.117344957000057],[-73.088148900999954,44.117396532000043],[-73.088077605999956,44.117450900000051],[-73.088005416999977,44.11749388000004],[-73.087937272999966,44.117551044000038],[-73.087879738999959,44.117615184000044],[-73.087831379999955,44.117659870000068],[-73.087782220999941,44.117722209000078],[-73.087756347999971,44.117790265000053],[-73.087742069999933,44.117866277000076],[-73.087731299999973,44.117961183000034],[-73.087743205999971,44.118020044000048],[-73.087738741999942,44.118081801000073],[-73.087724428999934,44.11813446900004],[-73.087716686999954,44.118200181000077],[-73.087711346999981,44.118272139000055],[-73.08772417299997,44.118364744000075],[-73.087725091999971,44.118457412000055],[-73.08774589899997,44.118528181000045],[-73.087755581999943,44.118599076000066],[-73.087755968999943,44.11867740200006],[-73.087742363999951,44.118742582000039],[-73.087723468999968,44.11880553900005],[-73.087703861999955,44.118875811000066],[-73.087670596999942,44.118926749000025],[-73.087637367999946,44.119001170000047],[-73.087580378999974,44.119081197000071],[-73.087525060999951,44.119132671000045],[-73.087464215999944,44.119197881000048],[-73.087397952999936,44.119307277000075],[-73.087312464999968,44.119466342000067],[-73.087242960999959,44.119544184000063],[-73.087182837999933,44.119623103000038],[-73.087110079999945,44.119727258000069],[-73.087041695999972,44.11983940600004],[-73.086972116999959,44.119949311000028],[-73.086939174999941,44.120013325000059],[-73.086894906999987,44.120116349000057],[-73.086885409999979,44.120202249000045],[-73.089510168999936,44.123106912000026],[-73.090197297999964,44.123866275000069],[-73.092147787999977,44.123022548000051],[-73.093114857999979,44.127855889000045],[-73.093527101999939,44.129993735000028],[-73.092920943999957,44.130023424000058],[-73.092465312999934,44.130025788000069],[-73.092009686999972,44.130028226000036],[-73.091805696999984,44.130029427000068],[-73.091153344999952,44.130057137000051],[-73.090756389999967,44.130145648000052],[-73.090375365999989,44.130256048000035],[-73.090119781999988,44.130395284000031],[-73.089898528999981,44.130557408000072],[-73.089826049999942,44.130660405000071],[-73.089780272999974,44.130889287000059],[-73.089862177999976,44.131129725000051],[-73.090093079999974,44.131558766000069],[-73.090223313999957,44.131898793000062],[-73.090340072999936,44.131885667000063],[-73.090829071999963,44.13205160900003]]]},"properties":{"OBJECTID":2,"OBJECT_ID":14,"County":"Addison","RPC":"ACRPC","Municipal_Name":"Bristol","GEO_ID":"5000109025","District_Name":"Commercial","Abbreviated_District_Name":"C-1","District_Type":"Nonresidential","Bylaw_Date":"2024-11-05","Elderly_Housing_District":"No","District_Mapped":"Yes","Overlay_District":"No","Base_Density":0,"FIPS6":1015,"GIS_ID":null,"Last_Update":"2026-05-31","F1F_Allowance":"Prohibited","F1F_Front_Setback":45,"F1F_Side_Setback":20,"F1F_Rear_Setback":20,"F1F_Frontage":75,"F1F_Max_Height":35,"F1F_Max_Stories":null,"F1F_Min_Lot_Size":0.23000000000000001,"F1F_Max_Lot_Building_Coverage":30,"F1F_Max_Lot_Impervious_Coverage":30,"F1F_Min_Parking_Spaces":1,"F1F_Elderly_Housing_Only":null,"F1F_Affordable_Housing_Only":null,"F2F_Allowance":"Prohibited","F2F_Front_Setback":45,"F2F_Side_Setback":20,"F2F_Rear_Setback":20,"F2F_Frontage":75,"F2F_Max_Density":2,"F2F_Max_Height":35,"F2F_Max_Stories":null,"F2F_Min_Lot_Size":1,"F2F_Max_Lot_Building_Coverage":30,"F2F_Max_Lot_Impervious_Coverage":30,"F2F_Min_Parking_Spaces_per_1BR":1,"F2F_Min_Parking_Spaces_per_mult_BR":1,"F2F_Elderly_Housing_Only":"No","F2F_Affordable_Housing_Only":"No","F3F_Allowance":"Prohibited","F3F_Front_Setback":45,"F3F_Side_Setback":20,"F3F_Rear_Setback":20,"F3F_Frontage":75,"F3F_Max_Density":2,"F3F_Max_Height":35,"F3F_Max_Stories":null,"F3F_Min_Lot_Size":1.5,"F3F_Max_Lot_Building_Coverage":30,"F3F_Max_Lot_Impervious_Coverage":30,"F3F_Min_Parking_Spaces_per_1BR":1,"F3F_Min_Parking_Spaces_per_mult_BR":1,"F3F_Affordable_Housing_Only":"No","F3F_Proximity_to_Public_Transit_Required":"No","F3F_Connection_to_Sewage_Water_Required":"No","F4F_Allowance":"Prohibited","F4F_Front_Setback":45,"F4F_Side_Setback":20,"F4F_Rear_Setback":20,"F4F_Frontage":75,"F1F_Max_Density":null,"F4F_Max_Density":2,"F4F_Max_Height":35,"F4F_Max_Stories":null,"F4F_Min_Lot_Size":2,"F4F_Max_Lot_Building_Coverage":30,"F4F_Max_Lot_Impervious_Coverage":30,"F4F_Min_Parking_Spaces_per_1BR":1,"F4F_Min_Parking_Spaces_per_mult_BR":1,"F3F_Elderly_Housing_Only":"No","F4F_Elderly_Housing_Only":"No","F4F_Affordable_Housing_Only":"No","F4F_Proximity_to_Public_Transit_Required":"No","F4F_Connection_to_Sewage_Water_Required":"No","ADU_Allowance":"Prohibited","ADU_Elderly_Housing_Only":"No","ADU_Max_Size_as_Percent_of_Primary_Strcture":"30","ADU_Max_Size_in_sq_ft":900,"ADU_Min_Lot_Size":null,"ADU_Max_Bedrooms":null,"ADU_Min_Parking_Spaces":1,"ADU_Owner_Occupancy_Required":"yes","ADU_Renter_Occupancy_Prohibited":"No","ADU_Employee_or_Family_Occupancy_Required":"No","ADU_Restricted_to_Primary_Structure":"No","Affordable_Housing_Allowance":"Prohibited","Affordable_Housing_District":"No","Affordable_Housing_Elderly_Only":"No","Affordable_Housing_Min_Lot_Size":null,"Affordable_Housing_Max_Density":null,"Affordable_Housing_Min_Parking_Spaces_per_mult_BR":null,"Affordable_Housing_Max_Units_per_Building":null,"Affordable_Housing_Min_Parking_Spaces_per_1BR":null,"PRD_Allowance":"Prohibited","PRD_Max_Density":null,"PRD_Max_Units":null,"PRD_Min_Lot_Size":null,"PRD_Mobile_or_Manufactured_Home_Park":"No","PUD_Allowance":"Yes","PUD_Required_with_Subdivision":"Yes","PUD_Requires_Land_Conservation":"No","PUD_Threshold_Number":null,"Notes":"New residential uses are not listed, but existing residential uses may continue.\nExtraction is not allowed inside the Village Planning Area even if located in C-1.\nSide/rear setbacks vary depending on whether the adjacent lot is residential or commercial.","Shape_Length":0.086409229733207943,"Shape_Area":0.0001860495835088114}},{"type":"Feature","id":3,"geometry":{"type":"MultiPolygon","coordinates":[[[[-73.059709837999947,44.176460618000078],[-73.060399992999976,44.177410806000069],[-73.060304453999947,44.178505752000035],[-73.060997611999937,44.179604279000046],[-73.061786683999969,44.180470301000071],[-73.061564648999934,44.181247497000072],[-73.061394297999982,44.182364747000065],[-73.06180679299996,44.183205197000063],[-73.061972300999969,44.183853189000047],[-73.062317185999973,44.185203426000044],[-73.06379521599996,44.185055396000052],[-73.06425336999996,44.185009942000079],[-73.064507153999955,44.184984086000043],[-73.066579369999943,44.184772941000062],[-73.070320932999948,44.184398289000058],[-73.07100337199995,44.184329941000044],[-73.073737371999982,44.184059941000044],[-73.076013087999968,44.18383373000006],[-73.076081372999965,44.183826941000063],[-73.077562591999936,44.18368020500003],[-73.077564324999969,44.183680034000076],[-73.07859168899995,44.183578112000077],[-73.080823374999966,44.183354941000061],[-73.081076868999958,44.183331524000039],[-73.084656719999941,44.182991589000039],[-73.084657000999982,44.182991561000051],[-73.085566375999974,44.182901941000068],[-73.094979378999938,44.181966940000052],[-73.095591793999972,44.181904153000062],[-73.100210387999937,44.181443068000078],[-73.100835846999985,44.179996883000058],[-73.100896526999975,44.179856578000056],[-73.100986918999979,44.179598479000049],[-73.101083295999956,44.179390973000068],[-73.101214621999986,44.179161486000055],[-73.10135121199994,44.178950113000042],[-73.101522711999962,44.178712962000077],[-73.10170151799997,44.178349069000035],[-73.101742571999978,44.178120340000078],[-73.101907151999967,44.177818115000036],[-73.101841680999939,44.177528774000052],[-73.101745583999957,44.177225392000025],[-73.10152405499997,44.176923093000028],[-73.101364367999963,44.176707091000026],[-73.101167776999944,44.176397347000034],[-73.10116263499998,44.17612203200008],[-73.101098334999961,44.17590890300005],[-73.100840430999938,44.175795229000073],[-73.100541692999968,44.175932081000042],[-73.100120864999951,44.175975917000073],[-73.099880507999956,44.175742618000072],[-73.099805940999943,44.17551857400008],[-73.099790682999981,44.175246968000067],[-73.099799160999964,44.174888192000026],[-73.099688191999974,44.174581229000069],[-73.099648721999984,44.174349688000063],[-73.099588748999963,44.174100254000052],[-73.099575322999954,44.173662140000033],[-73.09949202599995,44.173231705000035],[-73.099482423999973,44.172978210000053],[-73.099473187999934,44.172760854000046],[-73.099448993999943,44.172532748000037],[-73.099408120999954,44.172239761000071],[-73.099378126999966,44.171979061000059],[-73.099373605999972,44.171725540000068],[-73.099422011999934,44.171373584000037],[-73.099407294999935,44.171116460000064],[-73.099537851999969,44.170850839000025],[-73.09949686899995,44.170546743000045],[-73.099455739999939,44.17022830500008],[-73.099460228999988,44.169938455000079],[-73.099654001999966,44.169548893000069],[-73.099936493999962,44.169354333000058],[-73.100164002999975,44.16917103000003],[-73.100436553999941,44.168998177000049],[-73.100616927999965,44.16871387100008],[-73.100612216999934,44.168442209000034],[-73.100307694999969,44.168274780000047],[-73.100034426999969,44.168415011000036],[-73.099806917999956,44.168598174000067],[-73.099489155999947,44.168782372000067],[-73.099143967999964,44.168843527000035],[-73.098843452999972,44.168878852000034],[-73.098513071999946,44.168936271000064],[-73.098167952999972,44.169004593000068],[-73.097839806999957,44.169167045000052],[-73.097572655999954,44.169372489000068],[-73.097266052999942,44.169618074000027],[-73.096978655999976,44.16983093500005],[-73.096720176999952,44.169695599000079],[-73.096414281999955,44.169430291000026],[-73.096089118999942,44.16923033300003],[-73.095829708999986,44.169040719000066],[-73.095415843999945,44.168917721000071],[-73.094789053999989,44.168680800000061],[-73.094248594999954,44.168519083000035],[-73.093934321999939,44.16835168700004],[-73.093568531999949,44.168112277000034],[-73.093339291999939,44.167929671000081],[-73.093144387999985,44.167703154000037],[-73.092964868999957,44.167491040000073],[-73.092755374999967,44.167290050000076],[-73.092550535999976,44.167085379000071],[-73.092360897999981,44.166876974000047],[-73.092104899999981,44.166596630000072],[-73.091925568999955,44.16640265400008],[-73.091704991999961,44.166147439000042],[-73.091485421999948,44.165953813000044],[-73.091133461999959,44.165649072000065],[-73.090827683999976,44.165390921000039],[-73.090527493999957,44.165183505000073],[-73.090171397999939,44.164933206000057],[-73.089941852999971,44.164717830000029],[-73.08970422799996,44.164357934000066],[-73.089609182999936,44.164112332000059],[-73.089679677999982,44.163854485000059],[-73.089709606999975,44.163564363000035],[-73.089894560999937,44.163265566000064],[-73.090095174999988,44.162970202000054],[-73.090195175999952,44.162693922000074],[-73.090355547999934,44.162398907000068],[-73.090570430999946,44.162085329000035],[-73.090680439999971,44.161794512000029],[-73.090793733999988,44.161402147000047],[-73.090837640999951,44.161064702000033],[-73.090742561999946,44.16081558500008],[-73.090461811999944,44.160557304000065],[-73.090196807999973,44.160349566000036],[-73.090012922999961,44.160166436000054],[-73.08984570299998,44.159812927000075],[-73.089841511999964,44.15958837200003],[-73.089966899999979,44.159311819000038],[-73.090102089999959,44.159038872000053],[-73.090257373999975,44.158743882000067],[-73.090448175999938,44.158484851000026],[-73.090593083999977,44.158168401000069],[-73.09052801699994,44.157911675000037],[-73.090456794999966,44.157586216000027],[-73.090500882999947,44.157267051000076],[-73.090557307999973,44.157049073000053],[-73.090756900999963,44.156732058000046],[-73.091053698999985,44.15648654000006],[-73.091112443999975,44.156149017000075],[-73.091015613999957,44.155802035000079],[-73.090707536999957,44.15569984800004],[-73.090414453999983,44.155847472000062],[-73.090176446999976,44.155994529000054],[-73.089974027999972,44.156184855000049],[-73.089745595999943,44.156038379000051],[-73.089659324999957,44.155731138000078],[-73.089559533999989,44.155478389000052],[-73.089301281999951,44.15535765900006],[-73.088992389999987,44.155487220000055],[-73.088851194999961,44.155705916000045],[-73.08889318699994,44.156078776000072],[-73.088972410999986,44.156306320000056],[-73.089123124999958,44.156573011000035],[-73.089177956999947,44.156822619000025],[-73.088976029999969,44.157023627000058],[-73.088677498999971,44.156899588000044],[-73.088527355999986,44.156650894000052],[-73.088407473999951,44.156420185000059],[-73.08821766899996,44.156189974000029],[-73.087836526999979,44.156204311000067],[-73.087694934999945,44.156423008000047],[-73.087725617999979,44.156719849000069],[-73.087790138999935,44.15696209400005],[-73.087879334999968,44.157171447000053],[-73.087914382999941,44.157435501000066],[-73.087640384999986,44.157539567000072],[-73.087436310999976,44.15736750700006],[-73.087256129999957,44.157122762000029],[-73.08709536899994,44.156827152000062],[-73.08703464599995,44.156534262000037],[-73.086888623999982,44.156227607000062],[-73.086670115999937,44.155820215000062],[-73.08653536099996,44.155585923000046],[-73.086329511999963,44.155312481000067],[-73.086010895999948,44.155170398000053],[-73.085561896999934,44.155156585000043],[-73.085479491999934,44.155237950000071],[-73.08543783999994,44.15537133600003],[-73.085471053999981,44.155530212000031],[-73.085584371999971,44.155770098000062],[-73.085743363999939,44.156045892000066],[-73.085974957999952,44.156433953000032],[-73.086569630999975,44.158019817000081],[-73.082814227999961,44.158390599000029],[-73.080483804999972,44.147538021000059],[-73.080325362999986,44.147553882000068],[-73.079077354999981,44.147712212000044],[-73.07900338099995,44.147372983000025],[-73.078908254999988,44.146977980000031],[-73.078675866999959,44.145970170000055],[-73.078443485999969,44.144962361000069],[-73.078323658999977,44.144463345000077],[-73.078546176999964,44.144425192000028],[-73.078310671999986,44.14379318400006],[-73.077780633999964,44.143865726000058],[-73.07774133099997,44.143871106000063],[-73.077583856999979,44.143359713000052],[-73.077577554999948,44.143339246000039],[-73.077007639999977,44.142985689000056],[-73.075590726999962,44.142040650000069],[-73.073759434999943,44.136886537000066],[-73.073746185999937,44.136849337000058],[-73.07293873499998,44.134726436000051],[-73.070922029999963,44.132814608000047],[-73.06706685599994,44.129172586000038],[-73.066899799999987,44.129016666000041],[-73.066843073999962,44.128964775000043],[-73.066722906999985,44.128852731000052],[-73.066640943999971,44.128774950000036],[-73.066565828999956,44.128679970000064],[-73.066622365999933,44.128656182000043],[-73.066694508999944,44.128659817000027],[-73.066774601999953,44.12865763800005],[-73.066854046999936,44.128665450000028],[-73.06693529599994,44.128692818000047],[-73.067042896999965,44.128703165000047],[-73.067137357999968,44.128715533000047],[-73.067213161999973,44.128718814000081],[-73.067308436999951,44.128728023000065],[-73.067386023999973,44.128747064000038],[-73.067471770999987,44.128752931000065],[-73.067568254999969,44.128746546000059],[-73.067643391999979,44.128735042000073],[-73.067727453999964,44.128722053000047],[-73.067811057999961,44.128718234000075],[-73.067871061999938,44.128720972000053],[-73.067956727999956,44.128704150000033],[-73.068042435999985,44.128689592000057],[-73.068111690999956,44.128690048000067],[-73.068198612999936,44.128682023000067],[-73.068282831999966,44.128668891000075],[-73.068348668999988,44.128669224000078],[-73.068412511999952,44.128689536000081],[-73.068523816999971,44.128706366000074],[-73.068611707999935,44.128674525000065],[-73.068683213999975,44.128649138000071],[-73.068773191999981,44.128647302000047],[-73.068869824999979,44.128655433000063],[-73.068961959999967,44.128661559000079],[-73.069067761999975,44.128666787000043],[-73.069148233999954,44.12867951700008],[-73.069233414999985,44.128672504000065],[-73.069395051999948,44.128674997000076],[-73.069471859999965,44.128671014000076],[-73.069553868999947,44.128654292000078],[-73.069662498999946,44.128637391000041],[-73.06975823199997,44.128638029000058],[-73.069837743999983,44.128633706000073],[-73.069905310999957,44.128628352000078],[-73.069974977999948,44.128624888000047],[-73.07007030799997,44.128630370000053],[-73.070183730999986,44.128640635000068],[-73.070271817999981,44.128659759000072],[-73.070348024999987,44.12868012000007],[-73.070433317999971,44.128704280000079],[-73.070514217999971,44.128738704000057],[-73.07055687999997,44.12876938200003],[-73.070604361999983,44.128807090000066],[-73.070662176999974,44.128840455000045],[-73.070729617999973,44.128863641000066],[-73.070792940999979,44.128899312000044],[-73.070859434999988,44.128944918000059],[-73.070935331999976,44.129000320000046],[-73.071001710999951,44.129039100000057],[-73.071073085999956,44.129056028000036],[-73.071133350999958,44.129084764000027],[-73.071206580999956,44.129107760000068],[-73.071262411999953,44.12912381700005],[-73.071327726999982,44.129142561000037],[-73.071403210999961,44.129182668000055],[-73.071461522999982,44.129218048000041],[-73.071521403999952,44.129250218000038],[-73.071617232999984,44.129294800000025],[-73.071677951999959,44.129312989000027],[-73.071767213999976,44.129341401000033],[-73.071852801999967,44.129384941000069],[-73.071925207999982,44.129412227000046],[-73.071991010999966,44.129433217000042],[-73.072060626999985,44.129464800000051],[-73.072124135999957,44.129490756000052],[-73.072185049999973,44.129510818000028],[-73.07225435099997,44.129530027000044],[-73.072336403999941,44.12955138500007],[-73.072421663999933,44.129573458000038],[-73.072520459999964,44.129590055000051],[-73.072635114999969,44.129615138000077],[-73.072692262999965,44.129629261000048],[-73.072760431999939,44.129642502000081],[-73.072866399999953,44.129661059000057],[-73.072972225999933,44.129663095000069],[-73.073077799999965,44.129642561000026],[-73.073179489999973,44.12964789800003],[-73.073263008999959,44.129679095000029],[-73.073345765999989,44.129712655000048],[-73.073407132999989,44.129729116000078],[-73.073495944999934,44.129751116000079],[-73.073607661999972,44.129781044000026],[-73.073703637999984,44.129792561000045],[-73.07375529899997,44.12980460700004],[-73.073811444999933,44.129806012000074],[-73.073890055999982,44.129815391000079],[-73.073982918999945,44.129851540000061],[-73.074077948999957,44.129876287000059],[-73.07414840399997,44.129883421000045],[-73.074211451999986,44.129899867000063],[-73.074279135999973,44.129932194000048],[-73.074379961999966,44.129973921000044],[-73.074475676999953,44.129990873000054],[-73.074568950999947,44.130006885000057],[-73.074640991999956,44.130023152000035],[-73.074722321999957,44.130041652000045],[-73.07479908199997,44.130057478000026],[-73.074867108999968,44.130067481000026],[-73.074947133999956,44.130076219000046],[-73.075040911999963,44.130089764000047],[-73.075128354999947,44.130107288000033],[-73.075211745999979,44.130127457000071],[-73.075284214999954,44.130143115000067],[-73.075354422999965,44.130154982000079],[-73.075437318999946,44.130159828000046],[-73.075510880999957,44.130161809000072],[-73.075571418999971,44.130163136000078],[-73.075636141999951,44.130166373000066],[-73.07572917799996,44.130179385000076],[-73.075793492999935,44.130204907000063],[-73.075852562999955,44.130222587000048],[-73.075934664999977,44.13024279800004],[-73.076011724999944,44.130253307000032],[-73.076086570999962,44.130273532000047],[-73.076150823999967,44.130299434000051],[-73.076208810999958,44.130315314000029],[-73.076270458999943,44.130322316000047],[-73.076357088999941,44.130332313000054],[-73.076454553999952,44.130338261000077],[-73.076550138999949,44.130339551000077],[-73.076625327999977,44.130341619000035],[-73.076703755999972,44.130347466000046],[-73.076808778999975,44.130363526000053],[-73.076910039999973,44.130389340000079],[-73.076991174999989,44.130414643000051],[-73.077048283999943,44.130434124000033],[-73.077110302999984,44.130460600000049],[-73.077195221999943,44.130489262000026],[-73.077280299999984,44.130519243000037],[-73.077359376999937,44.130560340000045],[-73.077517293999961,44.130651129000057],[-73.077444974999935,44.130081962000077],[-73.076745724999967,44.12547575800005],[-73.076459366999984,44.123857523000027],[-73.076435450999952,44.123526048000031],[-73.076300979999985,44.122385272000031],[-73.076219351999953,44.121606490000033],[-73.075858692999986,44.11817295700007],[-73.07490112399995,44.116331790000061],[-73.074985117999972,44.113116949000073],[-73.075105474999987,44.112123104000034],[-73.075451017999967,44.111124188000076],[-73.076638484999933,44.111443467000072],[-73.076634121999973,44.110994753000057],[-73.07658926199997,44.110476071000051],[-73.076705172999937,44.110071890000029],[-73.076618144999941,44.109351482000079],[-73.076208251999958,44.108344561000081],[-73.076083661999974,44.107855108000081],[-73.075418530999968,44.105321432000039],[-73.074801310999987,44.103537184000061],[-73.074755803999949,44.10298967500006],[-73.074776358999941,44.102009270000053],[-73.072506794999981,44.102135979000025],[-73.072497759999976,44.101240096000026],[-73.072819409999966,44.098536357000057],[-73.072771320999948,44.098365878000038],[-73.072751000999972,44.098302628000056],[-73.071969282999987,44.09589488000006],[-73.071943144999977,44.095531492000077],[-73.07233148499995,44.09552651000007],[-73.072245942999984,44.094312857000034],[-73.071514224999987,44.093138354000075],[-73.071365044999936,44.092762504000063],[-73.071122903999935,44.091485705000025],[-73.071115279999958,44.091423446000078],[-73.071093685999983,44.091247490000057],[-73.071106605999944,44.091130424000028],[-73.07111909799994,44.091009142000075],[-73.071207158999982,44.090143991000048],[-73.071281662999979,44.089857304000077],[-73.071598617999939,44.089097322000043],[-73.072537200999989,44.086074361000044],[-73.074366400999963,44.086391715000047],[-73.074425708999968,44.086068820000037],[-73.074500081999986,44.085488503000079],[-73.074573120999958,44.085092836000058],[-73.074602765999941,44.084527509000054],[-73.074648251999974,44.083744554000077],[-73.07451131299996,44.083101034000038],[-73.074237553999978,44.082672516000059],[-73.073941894999962,44.082399921000047],[-73.07332779799998,44.081999687000064],[-73.078773893999937,44.074523386000067],[-73.079976637999948,44.071527143000026],[-73.081252499999948,44.067369393000035],[-73.081454946999941,44.066709612000068],[-73.081580289999977,44.066356170000063],[-73.081581734999986,44.066292677000035],[-73.081298282999967,44.06508907500006],[-73.081266811999967,44.064950315000033],[-73.081243727999947,44.064852465000058],[-73.08121532499996,44.064766323000072],[-73.080785842999944,44.062942712000051],[-73.080473574999985,44.061577530000079],[-73.07946392499997,44.057269495000071],[-73.079146845999958,44.05591643200006],[-73.078707364999957,44.055959920000078],[-73.07449236399998,44.056376918000069],[-73.068647360999989,44.057111919000079],[-73.064661359999945,44.057612919000064],[-73.064632313999937,44.057313161000025],[-73.064611360999947,44.05709691900006],[-73.064575726999976,44.056725746000041],[-73.064007010999944,44.050821395000071],[-73.063632358999939,44.046933916000057],[-73.063319358999934,44.042207917000042],[-73.05355835599994,44.042977916000041],[-73.050882353999953,44.043238917000053],[-73.048897353999962,44.043424917000038],[-73.04828635399997,44.04348391700006],[-73.041816351999955,44.044104918000073],[-73.033617349999986,44.044891917000029],[-73.032602348999944,44.044988917000069],[-73.032229348999977,44.04502291700004],[-73.032129348999945,44.046555918000081],[-73.031875712999977,44.050444838000033],[-73.03180434899997,44.051537919000054],[-73.031705701999954,44.053051283000059],[-73.031385996999973,44.05795214300008],[-73.033242066999946,44.058687464000059],[-73.03559215699994,44.059618432000036],[-73.036167036999984,44.059919067000067],[-73.037686106999956,44.060943990000055],[-73.038291529999981,44.061169235000079],[-73.03982741599998,44.061461805000079],[-73.040059891999988,44.061506129000065],[-73.040308380999988,44.061552908000067],[-73.040444131999948,44.061597830000039],[-73.040765612999962,44.061693340000033],[-73.042629598999952,44.062247432000049],[-73.043061881999961,44.062217534000069],[-73.043316102999938,44.062208170000076],[-73.04381172099994,44.062237031000052],[-73.044293081999967,44.062327552000056],[-73.04457860399998,44.062413802000037],[-73.04466038399994,44.062442240000053],[-73.044847788999959,44.062419830000067],[-73.045519627999965,44.062397501000078],[-73.046788653999954,44.062463293000064],[-73.048346306999974,44.06223237200004],[-73.048414827999977,44.062218684000072],[-73.048532935999958,44.062210664000077],[-73.051059930999941,44.061948890000053],[-73.051437693999958,44.061928927000054],[-73.051933313999939,44.061957753000058],[-73.052328288999945,44.062027142000034],[-73.052739496999948,44.062122327000054],[-73.052825891999987,44.062143424000055],[-73.053278172999967,44.062292831000036],[-73.053687274999959,44.062496445000079],[-73.05404144299996,44.062748419000059],[-73.054172445999939,44.06286816000005],[-73.05626016399998,44.06492958900003],[-73.056881522999959,44.065303441000026],[-73.057388782999965,44.067525543000045],[-73.057973003999962,44.070669072000044],[-73.058198888999982,44.070878486000026],[-73.05837033399996,44.071106308000026],[-73.058487812999942,44.071278423000081],[-73.058593129999963,44.07148477000004],[-73.058681366999963,44.071617090000075],[-73.058800363999978,44.071784557000058],[-73.058952164999937,44.071914175000074],[-73.059123338999939,44.072071261000076],[-73.059251700999937,44.072238682000034],[-73.059357860999967,44.072409727000036],[-73.059540468999955,44.072579272000041],[-73.05973363399994,44.072709812000028],[-73.059981396999945,44.072921225000073],[-73.060213319999946,44.073148887000059],[-73.05964217199994,44.07327065700008],[-73.057124525999939,44.073702872000069],[-73.054912618999936,44.071329594000076],[-73.054585897999971,44.070847987000036],[-73.054143658999976,44.069900622000034],[-73.054008321999959,44.069443259000025],[-73.053946315999951,44.068985115000032],[-73.051983793999966,44.067684254000028],[-73.05044646999994,44.066166152000051],[-73.049515116999942,44.066264293000074],[-73.049327286999983,44.066284040000028],[-73.047566233999987,44.066549701000042],[-73.046777473999953,44.066587931000072],[-73.045447871999954,44.066519192000044],[-73.044723110999939,44.066603159000067],[-73.044251819999943,44.066636272000039],[-73.043756163999944,44.066607413000042],[-73.043274768999936,44.066516890000059],[-73.042993458999945,44.066423867000026],[-73.042822481999963,44.066367443000047],[-73.042464238999969,44.066392630000053],[-73.042209998999965,44.066401994000046],[-73.041714347999971,44.066373125000041],[-73.041232956999977,44.066282593000039],[-73.041093347999947,44.066243738000026],[-73.040767530999972,44.066145858000027],[-73.040175168999951,44.06804965200007],[-73.035871769999972,44.067051639000056],[-73.036903812999981,44.064452230000029],[-73.036793240999941,44.064431655000078],[-73.036396348999972,44.064322565000055],[-73.035154147999947,44.063860384000066],[-73.034726642999942,44.063643008000042],[-73.033092575999945,44.062540395000042],[-73.031341224999949,44.061846287000037],[-73.028538023999943,44.060735213000044],[-73.028161258999944,44.060771896000062],[-73.02303644999995,44.061278992000041],[-73.01797034599997,44.062640921000025],[-73.018167344999938,44.063674922000075],[-73.018593345999989,44.065912922000052],[-73.02008634699996,44.073089923000055],[-73.020353346999968,44.074659924000059],[-73.021344346999967,44.080599924000069],[-73.021690423999985,44.082731129000081],[-73.021690431999957,44.08273117300007],[-73.022365348999983,44.08686592600003],[-73.023494007999943,44.092010363000043],[-73.023546348999957,44.092248927000071],[-73.023574047999944,44.092372767000029],[-73.024685100999989,44.097402933000069],[-73.024685114999954,44.097402998000064],[-73.024971349999987,44.098749927000028],[-73.02552634999995,44.101297928000065],[-73.02625838199998,44.104629106000061],[-73.026258403999975,44.104629209000052],[-73.027988640999979,44.112508468000044],[-73.027988726999979,44.11250885700008],[-73.029428017999976,44.119086620000076],[-73.029428031999942,44.119086688000039],[-73.029536353999958,44.119588932000056],[-73.029555828999946,44.119665948000033],[-73.030130352999947,44.122269931000062],[-73.030142353999963,44.122328932000073],[-73.03015630799996,44.122392292000029],[-73.030272198999967,44.122938635000025],[-73.030283353999948,44.122991931000058],[-73.030347352999968,44.123292932000027],[-73.030714427999953,44.124934839000048],[-73.032828884999958,44.125805995000064],[-73.032923223999944,44.125844861000076],[-73.033167725999988,44.125939908000078],[-73.033390228999963,44.126020010000047],[-73.033594811999933,44.126104696000027],[-73.033812341999976,44.126196211000035],[-73.034009218999984,44.126292182000043],[-73.034191764999946,44.126400876000048],[-73.034271501999967,44.126453378000065],[-73.034370878999937,44.126518726000029],[-73.034555173999934,44.126648082000031],[-73.034734432999983,44.126781963000042],[-73.034939127999962,44.126921630000027],[-73.03510558399995,44.127021116000037],[-73.035272369999973,44.127113850000057],[-73.035416816999941,44.127197409000075],[-73.035564296999951,44.127270686000031],[-73.035659374999966,44.12731098900008],[-73.035718340999949,44.127335917000039],[-73.035853424999971,44.127377049000074],[-73.036000889999968,44.127405607000071],[-73.036112225999943,44.127411413000061],[-73.036282142999937,44.127418209000041],[-73.036382041999957,44.127411412000072],[-73.036567915999967,44.127412509000067],[-73.036776181999983,44.127428546000033],[-73.037030133999963,44.127444508000053],[-73.037290446999975,44.127473237000061],[-73.037600854999937,44.127535973000079],[-73.037841267999966,44.127587646000052],[-73.038051007999968,44.127636862000031],[-73.038368366999975,44.127712288000055],[-73.038646492999987,44.127767227000049],[-73.038884706999966,44.127813073000027],[-73.038989519999973,44.127831281000056],[-73.039176592999979,44.127878211000052],[-73.039417995999941,44.127930931000037],[-73.039916626999968,44.128059076000056],[-73.040180094999982,44.12813348800006],[-73.040440501999967,44.128214662000062],[-73.040672245999986,44.128278674000057],[-73.040931039999975,44.128354091000062],[-73.041215100999977,44.128417011000067],[-73.041429521999987,44.128465073000029],[-73.041743946999986,44.128517724000062],[-73.041972724999937,44.128555873000039],[-73.04209485399997,44.128588622000052],[-73.042201237999961,44.128607523000028],[-73.042322843999955,44.128625860000056],[-73.042445236999981,44.128623521000065],[-73.042568104999987,44.128587500000037],[-73.042697016999966,44.128550887000074],[-73.042895192999936,44.128487931000052],[-73.043046174999972,44.128430681000054],[-73.043239898999957,44.128350588000046],[-73.043376757999965,44.12828651500007],[-73.043559389999984,44.128189178000071],[-73.043702234999955,44.128096529000061],[-73.043839681999941,44.127990125000053],[-73.043942252999955,44.127934019000065],[-73.04405264899998,44.12790086900003],[-73.044107261999955,44.127895054000078],[-73.044197809999957,44.127890544000081],[-73.044277127999976,44.127896213000042],[-73.044413773999963,44.127894015000038],[-73.04461919299996,44.127896247000081],[-73.044680981999988,44.127907507000032],[-73.045484225999985,44.127911831000063],[-73.045744838999951,44.12784505500008],[-73.046073272999934,44.127850094000053],[-73.047182883999938,44.128429786000027],[-73.047888083999965,44.128682766000054],[-73.048289476999969,44.128680841000062],[-73.048717986999975,44.128613112000039],[-73.049533009999948,44.128918007000038],[-73.049835642999938,44.129087410000068],[-73.050001735999956,44.129270689000066],[-73.050165242999981,44.129217308000079],[-73.050229949999959,44.129289278000044],[-73.050304187999984,44.129420405000076],[-73.050369664999948,44.129617247000056],[-73.050353842999982,44.129847666000046],[-73.050181815999963,44.129993058000025],[-73.050165354999933,44.130196903000069],[-73.050124184999959,44.130683524000062],[-73.049953924999954,44.131019594000065],[-73.049809838999977,44.131230663000053],[-73.049648458999968,44.131514096000046],[-73.049732349999942,44.131717458000026],[-73.04997177499996,44.131933150000066],[-73.049991506999959,44.132123742000033],[-73.049711899999977,44.132333495000069],[-73.049638897999955,44.132314721000057],[-73.049504860999946,44.132325632000061],[-73.049357199999974,44.132362201000035],[-73.049295058999974,44.13239892200005],[-73.04920365299995,44.132480151000038],[-73.049136245999989,44.132538482000029],[-73.049087055999962,44.132582031000027],[-73.049016987999948,44.132648321000033],[-73.048961296999948,44.132706807000034],[-73.048877035999965,44.132800587000077],[-73.048816583999951,44.132893269000078],[-73.048735561999933,44.132957361000081],[-73.048608659999957,44.133000861000028],[-73.048514949999969,44.133044343000051],[-73.048448069999949,44.133075320000046],[-73.048395805999974,44.133124508000037],[-73.048357463999935,44.133201192000058],[-73.048324114999957,44.133268712000074],[-73.048270130999981,44.133343080000031],[-73.048225868999964,44.133412902000032],[-73.048205013999961,44.133480362000057],[-73.048188963999962,44.133560454000076],[-73.048154231999945,44.133647527000051],[-73.048068184999977,44.133759597000051],[-73.048041410999986,44.133820334000063],[-73.047953054999937,44.133872930000052],[-73.047801584999945,44.13389925000007],[-73.047712579999938,44.133944958000029],[-73.047642583999959,44.133977075000075],[-73.047573220999936,44.134035416000074],[-73.047583711999948,44.134114467000074],[-73.047577739999952,44.134186425000053],[-73.047535797999956,44.134254056000032],[-73.047456408999949,44.134326155000053],[-73.047399457999973,44.134375365000039],[-73.047308706999956,44.13444344100003],[-73.047246788999985,44.134589284000072],[-73.047229037999955,44.134696949000045],[-73.047203823999951,44.134799865000048],[-73.047165533999987,44.134882315000027],[-73.047138650999955,44.134973850000051],[-73.047111421999944,44.13507002700004],[-73.047084234999943,44.135213032000081],[-73.047030375999952,44.135385838000047],[-73.046980695999935,44.135546106000049],[-73.04689962599997,44.135690213000032],[-73.046901419999983,44.135757704000071],[-73.046890274999953,44.135819492000053],[-73.04688220099996,44.135960296000064],[-73.04686802699996,44.136074693000069],[-73.046877189999975,44.136221180000064],[-73.046877169999959,44.136388243000056],[-73.046853253999984,44.136505076000049],[-73.046837368999945,44.136645777000069],[-73.046799150999959,44.136820898000053],[-73.046837191999941,44.137007466000057],[-73.046864223999933,44.137143602000037],[-73.046872066999981,44.137231736000047],[-73.046894295999948,44.13739756700005],[-73.04694165799998,44.137578466000036],[-73.046960761999969,44.137701984000046],[-73.046971774999975,44.137837072000025],[-73.046986704999938,44.137952594000069],[-73.046998459999941,44.138104834000046],[-73.047014282999953,44.138211212000044],[-73.046996688999968,44.138336030000062],[-73.046937992999972,44.13849282700005],[-73.046933189999947,44.138607178000029],[-73.046942595999951,44.138695305000056],[-73.046937688999947,44.138755938000031],[-73.046971232999965,44.138836074000039],[-73.047015428999941,44.138885363000043],[-73.047083828999973,44.13893341000005],[-73.047158518999936,44.138986068000065],[-73.047191736999935,44.139072956000064],[-73.047202852999987,44.139134777000038],[-73.047205807999944,44.139201138000033],[-73.047217061999959,44.139277865000054],[-73.047221832999981,44.139413967000053],[-73.047204397999963,44.139555942000072],[-73.047223420999956,44.139754976000063],[-73.047234453999977,44.139849985000069],[-73.047216625999965,44.139907164000078],[-73.047208730999955,44.140025046000062],[-73.047248538999952,44.140148746000079],[-73.047294361999946,44.140247104000025],[-73.047345198999949,44.140338688000043],[-73.047434300999953,44.140429106000056],[-73.047521374999974,44.14055370400007],[-73.04761926499998,44.140665547000026],[-73.047696179999946,44.140789539000025],[-73.047760899999957,44.14090397700005],[-73.047781558999986,44.141026362000048],[-73.047775068999954,44.141127082000025],[-73.047824504999937,44.141278016000058],[-73.047841691999963,44.141362730000026],[-73.047813318999943,44.141419960000064],[-73.047821057999954,44.141538892000028],[-73.04780987099997,44.141680836000035],[-73.047763546999988,44.141823933000069],[-73.04773176499998,44.141934897000056],[-73.047725446999948,44.142096225000046],[-73.047692244999951,44.142222736000065],[-73.047696581999958,44.14235370800003],[-73.047715542999981,44.142461335000064],[-73.047774402999949,44.14257566200007],[-73.047838026999955,44.142655794000063],[-73.047879313999942,44.14277020600008],[-73.047915596999985,44.142892656000072],[-73.04793469699996,44.142972861000032],[-73.04792841699998,44.143054032000066],[-73.047877391999975,44.143153558000051],[-73.04785372799995,44.143213156000058],[-73.047772383999984,44.143286389000025],[-73.047723351999934,44.143348218000028],[-73.047665958999971,44.143392791000053],[-73.047613695999985,44.143443103000038],[-73.047596047999946,44.14351982800008],[-73.04764853599994,44.143662875000075],[-73.047664225999938,44.143796814000041],[-73.047656352999979,44.143916945000058],[-73.047672094999939,44.144056510000041],[-73.047686168999974,44.144184693000057],[-73.047654195999939,44.144275127000071],[-73.047632061999934,44.144373530000053],[-73.047647802999961,44.14447076700003],[-73.047684287999971,44.144530357000065],[-73.047703470999977,44.144704218000072],[-73.047717481999939,44.144825510000032],[-73.047728832999951,44.144954831000064],[-73.047763481999937,44.145090509000056],[-73.047710861999974,44.145207760000062],[-73.047734974999969,44.14528105100004],[-73.047720312999957,44.14534285600007],[-73.047728262999954,44.14540005200007],[-73.047722141999941,44.14549837800007],[-73.047688395999955,44.145608227000025],[-73.04762660199998,44.145810883000081],[-73.04759456499994,44.14589442700003],[-73.047532819999958,44.145975582000062],[-73.04749286699996,44.146090101000027],[-73.047467616999938,44.14618964400006],[-73.047432654999966,44.146294858000033],[-73.04742784299998,44.146365897000067],[-73.047426112999972,44.146432280000056],[-73.047416686999952,44.146511215000032],[-73.047411630999989,44.146598146000031],[-73.04743069899996,44.146717164000052],[-73.047460650999938,44.146830504000036],[-73.047473615999934,44.146923254000058],[-73.047459053999944,44.146995817000061],[-73.047414702999959,44.147099458000071],[-73.047374660999935,44.14724702500007],[-73.047380975999943,44.147338542000057],[-73.04739699299995,44.147423261000029],[-73.047434966999958,44.147517158000028],[-73.047471620999943,44.147594889000061],[-73.047500052999965,44.147712736000074],[-73.047558572999947,44.147789518000025],[-73.047550633999947,44.147860431000026],[-73.047498357999984,44.147909619000075],[-73.047437729999956,44.147942816000068],[-73.047358290999966,44.147969212000078],[-73.047180659999981,44.148021813000071],[-73.047091602999956,44.148064145000035],[-73.046972435999976,44.148103108000043],[-73.046862739999938,44.148152288000063],[-73.04678023699995,44.148227776000056],[-73.046687747999954,44.148321595000027],[-73.046616107999967,44.148431483000081],[-73.046559216999981,44.148531038000044],[-73.046534875999953,44.148581215000036],[-73.046511151999937,44.148655860000076],[-73.046511119999934,44.14873700000004],[-73.046506337999972,44.148811415000068],[-73.046526975999939,44.148931549000054],[-73.046557169999971,44.149028858000065],[-73.046588895999946,44.149165112000048],[-73.046620555999937,44.149294335000036],[-73.04669344499996,44.149531220000028],[-73.046761802999981,44.149658299000066],[-73.046869645999948,44.149788704000059],[-73.046938089999969,44.149924924000061],[-73.046928241999979,44.150254455000038],[-73.04690915599997,44.150344827000026],[-73.046855070999982,44.150452382000026],[-73.046815292999952,44.150586308000072],[-73.046778776999986,44.150735122000071],[-73.046778543999949,44.150879263000036],[-73.046797516999959,44.151030344000048],[-73.046814817999973,44.151338792000047],[-73.046786679999968,44.151464223000062],[-73.046760676999952,44.151609472000075],[-73.046722668999962,44.151723841000035],[-73.046696897999936,44.151809605000039],[-73.046681125999953,44.151878305000025],[-73.046656325999948,44.15194247800008],[-73.046690680999973,44.151982463000081],[-73.04673825499998,44.152058031000081],[-73.046777919999954,44.152123232000065],[-73.046782417999964,44.152187336000054],[-73.046777909999946,44.152249092000034],[-73.046773787999939,44.152310354000065],[-73.046793503999936,44.152372626000044],[-73.046804727999984,44.15244597800006],[-73.046814104999953,44.152530589000037],[-73.046846010999957,44.152601593000043],[-73.046890332999965,44.152663396000037],[-73.046949052999935,44.152719365000053],[-73.046966570999984,44.152797257000032],[-73.046969653999952,44.152877328000045],[-73.04701410399997,44.152952912000046],[-73.047031800999946,44.153007812000055],[-73.047061821999989,44.15308613600007],[-73.047063294999987,44.153161082000054],[-73.047072063999963,44.153243446000033],[-73.047061606999989,44.153316621000045],[-73.047079929999938,44.153376158000071],[-73.047102974999973,44.153439118000051],[-73.047147497999958,44.153480319000039],[-73.047173441999973,44.153511835000074],[-73.047272914999951,44.153524859000072],[-73.047310059999973,44.153591899000048],[-73.047306154999944,44.153697668000063],[-73.047348810999949,44.153790416000049],[-73.047382175999985,44.153934537000055],[-73.047406174999935,44.153995172000066],[-73.047482152999976,44.154100557000049],[-73.047571230999949,44.154101678000075],[-73.047633994999956,44.154150876000074],[-73.047615540999971,44.15420421400006],[-73.047561562999988,44.154196646000059],[-73.047587118999957,44.154277874000059],[-73.047666447999973,44.154344220000041],[-73.047736301999976,44.154378619000056],[-73.047825169999953,44.154399147000049],[-73.047944433999987,44.154411794000055],[-73.048071362999963,44.154408372000034],[-73.048200233999978,44.154403676000072],[-73.048281140999961,44.15440835000004],[-73.048416411999938,44.154419795000081],[-73.048476888999971,44.154468253000061],[-73.048631635999982,44.154459472000042],[-73.048715038999944,44.154480376000038],[-73.04875128599997,44.154534764000061],[-73.04875790799997,44.154595904000075],[-73.048833884999965,44.154616492000059],[-73.048934890999988,44.154639983000038],[-73.049011182999948,44.154715554000063],[-73.04908232799994,44.154755782000052],[-73.049183894999942,44.154783560000055],[-73.049252594999984,44.154735557000038],[-73.049316096999974,44.15475901700006],[-73.049381861999962,44.15481565500005],[-73.049437737999938,44.154859120000026],[-73.049554526999941,44.154899691000026],[-73.049625111999944,44.154970484000046],[-73.049537475999955,44.154956374000051],[-73.04945821299998,44.154918646000056],[-73.049380292999956,44.154899193000062],[-73.049269176999985,44.154880813000034],[-73.049184934999971,44.154916937000053],[-73.049204111999984,44.154983852000043],[-73.049201310999933,44.155039764000037],[-73.049186765999934,44.155093201000057],[-73.049211537999952,44.155152566000027],[-73.049191735999955,44.155249973000025],[-73.049175479999974,44.155350598000041],[-73.04920539699998,44.155459157000053],[-73.049268259999963,44.155539995000026],[-73.049379963999968,44.155579395000075],[-73.049486184999978,44.155575369000076],[-73.049613245999979,44.155586008000057],[-73.049701500999959,44.155666723000081],[-73.049671953999962,44.155724100000043],[-73.049601633999941,44.155807970000069],[-73.049560713999938,44.15586090000005],[-73.049482061999981,44.155931028000055],[-73.04943893799998,44.156041063000032],[-73.049430189999953,44.156108605000043],[-73.049467642999957,44.156187316000057],[-73.049536609999961,44.156252234000078],[-73.049621581999986,44.156315668000047],[-73.049727193999956,44.156372254000075],[-73.04979444199995,44.156420024000056],[-73.049872719999939,44.156477866000046],[-73.04989255199996,44.156552020000049],[-73.049972615999934,44.156591713000068],[-73.050075744999958,44.156591076000041],[-73.050169445999984,44.156584859000077],[-73.050301548999983,44.156633300000067],[-73.050318202999961,44.156701705000046],[-73.050252017999981,44.156726210000045],[-73.050204857999972,44.156780156000025],[-73.050161130999982,44.156846180000059],[-73.050216334999959,44.156964319000053],[-73.050315689999934,44.157019810000065],[-73.050400028999945,44.157056950000026],[-73.050584540999978,44.157069701000069],[-73.05069922399997,44.157093055000075],[-73.050858732999984,44.157231644000035],[-73.050846568999987,44.157351796000057],[-73.050849064999966,44.15741014300005],[-73.050859121999963,44.157483360000072],[-73.050888763999978,44.157562108000036],[-73.050936964999948,44.157620094000038],[-73.050999887999978,44.157706696000048],[-73.051001076999967,44.15779247100005],[-73.05098247799998,44.157850920000044],[-73.05095818999996,44.157927677000032],[-73.050968720999947,44.158009893000042],[-73.051015466999957,44.158079417000067],[-73.051081184999987,44.158130569000036],[-73.051137338999979,44.158203422000042],[-73.051217650999945,44.158269269000073],[-73.051262802999986,44.158335426000065],[-73.05130209899994,44.158443798000064],[-73.051284070999941,44.158521650000068],[-73.051232222999943,44.158575760000076],[-73.051220370999943,44.158645567000065],[-73.051235464999934,44.158714119000081],[-73.051341116999936,44.158795171000065],[-73.051427200999967,44.158830615000056],[-73.051482001999943,44.158884069000067],[-73.05149268599996,44.158982454000068],[-73.051469526999938,44.159054566000066],[-73.051464022999937,44.159134749000032],[-73.051465126999972,44.15921138300007],[-73.051467413999944,44.159289138000076],[-73.051495898999974,44.159348414000078],[-73.051592282999934,44.159357019000026],[-73.051633716999959,44.159317374000068],[-73.051665804999971,44.159281149000037],[-73.051748762999978,44.159295443000076],[-73.051823186999968,44.159274482000058],[-73.051926475999949,44.159290437000038],[-73.051995657999953,44.15937757100005],[-73.052039451999974,44.159465389000047],[-73.052048199999945,44.159523707000062],[-73.052066504999971,44.159601383000052],[-73.052106980999952,44.159668547000081],[-73.052174220999973,44.159715051000035],[-73.052289282999936,44.159778478000078],[-73.052330005999977,44.159872078000035],[-73.052312075999964,44.159960196000043],[-73.052300161999938,44.16002325200003],[-73.052305667999974,44.160090023000066],[-73.052421815999935,44.160123211000041],[-73.052496218999977,44.160099789000071],[-73.05256746699996,44.160073148000038],[-73.052652860999956,44.160055438000029],[-73.052762754999947,44.160067421000065],[-73.052847662999966,44.16012298000004],[-73.052911992999952,44.160192418000065],[-73.052941054999962,44.160250495000071],[-73.053022323999983,44.160334687000045],[-73.053118492999943,44.160341043000074],[-73.053269150999938,44.160325266000029],[-73.053329959999985,44.160352394000029],[-73.053329124999948,44.160430163000058],[-73.053329808999933,44.160503425000059],[-73.053324652999947,44.160578825000073],[-73.053374177999956,44.160610577000057],[-73.053477047999934,44.160581461000049],[-73.053568521999978,44.160545440000078],[-73.053663513999936,44.160509402000059],[-73.053752286999952,44.160476979000066],[-73.053841191999936,44.160500384000045],[-73.053897829999983,44.160582515000044],[-73.053932774999964,44.160726345000057],[-73.053933785999959,44.160792715000071],[-73.053945258999988,44.160849754000026],[-73.053961972999957,44.160924062000049],[-73.053973804999941,44.160977725000066],[-73.053984653999976,44.161093264000044],[-73.053976625999951,44.161153912000032],[-73.054021080999973,44.161228579000067],[-73.054098055999987,44.161271026000065],[-73.054211777999967,44.161336989000063],[-73.05436405599994,44.161431312000047],[-73.054461191999962,44.161540669000033],[-73.054493610999941,44.16166482400007],[-73.054534290999982,44.161753501000078],[-73.054562621999935,44.161858270000039],[-73.054568535999977,44.161947398000052],[-73.054666084999951,44.16197561000007],[-73.054790713999978,44.161933521000037],[-73.054932849999943,44.161966861000053],[-73.055084520999969,44.161933641000076],[-73.055265342999974,44.161926152000035],[-73.055279498999937,44.161977411000066],[-73.055378551999979,44.162041055000032],[-73.055484860999968,44.162045178000028],[-73.055545814999959,44.162004101000036],[-73.055620341999941,44.16199389600007],[-73.05573598899997,44.162035519000028],[-73.055909188999976,44.162089944000058],[-73.056058750999966,44.162206636000064],[-73.056170211999984,44.162218609000035],[-73.056179837999935,44.162328249000041],[-73.056235580999953,44.162439493000079],[-73.056466774999933,44.162470148000068],[-73.056689929999948,44.162601669000026],[-73.05685449899994,44.162735023000039],[-73.057034131999956,44.162850022000043],[-73.057146967999984,44.162800253000057],[-73.057124779999981,44.163016643000049],[-73.057013984999969,44.163075682000056],[-73.057045911999978,44.163188307000041],[-73.057043083999986,44.163261585000043],[-73.057018592999952,44.163399236000032],[-73.057068066999989,44.163508260000071],[-73.057194847999938,44.163445626000055],[-73.057253314999969,44.163596793000067],[-73.057365457999936,44.163680902000067],[-73.057323673999974,44.163766184000053],[-73.057434871999988,44.163874203000034],[-73.05745885999994,44.163932164000073],[-73.057564668999987,44.164048858000058],[-73.057665474999965,44.164048999000045],[-73.057712939999988,44.164193470000043],[-73.057681690999971,44.164318637000065],[-73.057690373999947,44.164452329000028],[-73.057762287999935,44.164579242000059],[-73.057861358999958,44.164644008000039],[-73.057851581999955,44.16474657100008],[-73.057938133999983,44.164830382000048],[-73.05787154099994,44.164936598000054],[-73.057962557999986,44.165058778000059],[-73.057998036999948,44.165133698000034],[-73.058182228999954,44.165233767000075],[-73.058282599999984,44.165353369000059],[-73.058411955999986,44.165480564000063],[-73.058511936999935,44.165641513000025],[-73.058527562999984,44.165848155000049],[-73.058471833999988,44.166112096000063],[-73.058502211999951,44.166225994000058],[-73.058521729999939,44.166348102000029],[-73.058461589999979,44.166517144000068],[-73.058390721999956,44.166584569000065],[-73.058372503999976,44.166724298000076],[-73.058358974999976,44.166864144000044],[-73.058470818999979,44.167039659000068],[-73.058532649999961,44.167091248000077],[-73.05864057399998,44.167279438000037],[-73.058630931999971,44.167403095000054],[-73.058601030999966,44.167464130000042],[-73.058630508999954,44.167606720000038],[-73.058559035999963,44.167817021000076],[-73.05843785999997,44.168019129000072],[-73.058388654999987,44.168229181000072],[-73.058426401999952,44.168378339000071],[-73.058576981999977,44.168476602000055],[-73.058594798999934,44.168542749000039],[-73.058466455999962,44.168606516000068],[-73.058285440999953,44.168554386000039],[-73.058079693999957,44.16853134400003],[-73.057938253999964,44.168532316000039],[-73.057921670999974,44.16872139600008],[-73.057952540999963,44.168804354000031],[-73.058161446999975,44.16883075700008],[-73.058001076999972,44.168937429000039],[-73.057889834999969,44.169074589000047],[-73.058017721999988,44.169128176000072],[-73.058046963999971,44.169204251000053],[-73.057909466999945,44.169167517000062],[-73.057748348999951,44.169361099000071],[-73.057832641999937,44.16947403100005],[-73.057989855999949,44.169571137000048],[-73.058153910999977,44.169647538000049],[-73.058240097999942,44.169712507000042],[-73.058226364999939,44.169789356000081],[-73.058284125999933,44.169906213000047],[-73.058270540999956,44.170040154000048],[-73.058215914999948,44.170131405000063],[-73.058200606999947,44.170248338000079],[-73.058261983999955,44.170500037000068],[-73.058115406999946,44.170702548000065],[-73.058033471999977,44.17083991700008],[-73.058014750999973,44.17100946000005],[-73.058052209999971,44.17108662000004],[-73.058052761999988,44.171269571000039],[-73.058116383999959,44.171427602000051],[-73.058172246999959,44.171550235000041],[-73.058246829999973,44.171710322000081],[-73.058334359999947,44.171875831000079],[-73.058466756999962,44.171992605000071],[-73.058549920999951,44.172067995000077],[-73.058653635999974,44.172188706000043],[-73.058606080999937,44.17234615700005],[-73.058585026999936,44.172599524000077],[-73.058580115999973,44.172658750000039],[-73.05856797399997,44.172780168000031],[-73.058655401999943,44.172893224000063],[-73.058748441999967,44.172979816000066],[-73.058893185999978,44.173079373000064],[-73.059063606999985,44.17320819400004],[-73.059177354999974,44.173294402000067],[-73.059159951999959,44.173396441000079],[-73.059098063999954,44.173505024000065],[-73.059050270999933,44.173616632000062],[-73.059090212999934,44.173832153000035],[-73.059121639999944,44.173932265000076],[-73.059173849999979,44.17408135200003],[-73.059235021999939,44.174269068000058],[-73.059192672999984,44.17450186700006],[-73.059135770999944,44.17472461300008],[-73.059188851999977,44.17480043200004],[-73.059087722999948,44.174933533000058],[-73.059056630999976,44.175117060000048],[-73.059044130999951,44.175283058000048],[-73.059090100999981,44.175433301000055],[-73.059202983999967,44.175551575000043],[-73.05926332599995,44.175651263000077],[-73.059320129999946,44.175748719000069],[-73.059415392999938,44.175739253000074],[-73.059521789999962,44.175791325000034],[-73.059613195999987,44.175869908000038],[-73.059575563999942,44.17594026300003],[-73.05956243299994,44.176039398000057],[-73.059709837999947,44.176460618000078]],[[-73.05359236299995,44.129598027000043],[-73.05374917499995,44.129434978000063],[-73.05386800399998,44.129322745000081],[-73.053974156999971,44.129191168000034],[-73.05413901999998,44.129074353000078],[-73.054304137999964,44.128984958000046],[-73.054416996999976,44.128902426000025],[-73.054478535999976,44.128844048000076],[-73.054505007999978,44.128793576000078],[-73.054569992999973,44.12873356700004],[-73.054693153999949,44.128619835000052],[-73.054762256999936,44.128535124000052],[-73.054860718999976,44.128458286000068],[-73.054938638999943,44.128397720000066],[-73.054997224999966,44.128357638000068],[-73.055132167999943,44.128256858000043],[-73.055269820999968,44.12815381300004],[-73.055396769999959,44.128033526000081],[-73.055528576999961,44.12793163300006],[-73.055641072999947,44.127852618000077],[-73.055772712999953,44.127774775000034],[-73.055926725999939,44.12762594700007],[-73.056014748999985,44.127560409000068],[-73.056094628999972,44.127501098000039],[-73.05625480499998,44.127426630000059],[-73.056505849999951,44.127340610000033],[-73.056705665999971,44.127287746000036],[-73.056796409999947,44.127221211000062],[-73.056994320999934,44.127131932000054],[-73.057138616999964,44.127029980000032],[-73.057232280999983,44.126941913000053],[-73.05734475099996,44.126860504000035],[-73.057446417999984,44.126792930000079],[-73.057522391999953,44.126733497000032],[-73.057606638999971,44.126640695000049],[-73.057666386999983,44.126599904000045],[-73.057773874999953,44.126528504000078],[-73.057846177999977,44.126494119000029],[-73.058053994999966,44.12642068200006],[-73.058185485999957,44.126369133000026],[-73.05830300599996,44.126326652000046],[-73.058552508999981,44.12632641700003],[-73.058823845999939,44.126363903000026],[-73.059022433999985,44.126430010000036],[-73.059305558999938,44.126475452000079],[-73.059524560999989,44.12651164600004],[-73.059737324999958,44.126590338000028],[-73.059816011999942,44.126611749000062],[-73.059945591999963,44.12664725500008],[-73.060191775999954,44.126667564000059],[-73.060294642999963,44.126685903000066],[-73.060483948999945,44.12671984900004],[-73.060746328999983,44.126759624000044],[-73.060962296999946,44.126763908000044],[-73.061078290999944,44.126766573000054],[-73.061152495999977,44.126768317000028],[-73.061521199999959,44.126861709000025],[-73.061654747999967,44.126903803000062],[-73.061756408999941,44.126959834000047],[-73.061831289999986,44.127032802000031],[-73.062064755999984,44.127111599000045],[-73.062218933999986,44.127187763000052],[-73.062285704999965,44.127270263000071],[-73.062449493999964,44.127330629000028],[-73.062593859999936,44.127360292000049],[-73.062767900999972,44.127390092000041],[-73.062771642999962,44.127784105000046],[-73.062192417999938,44.127789135000057],[-73.061959677999937,44.127786031000028],[-73.061836443999937,44.127777532000039],[-73.061537951999981,44.12775694700008],[-73.061330344999988,44.127751371000045],[-73.060922449999964,44.127740415000062],[-73.060621943999934,44.127741542000081],[-73.060083133999967,44.127743559000066],[-73.05990602299994,44.12774816700005],[-73.059364866999942,44.127762248000067],[-73.059476252999957,44.128632933000063],[-73.058728020999979,44.128666549000059],[-73.056040631999963,44.129445364000048],[-73.055795085999989,44.129494371000078],[-73.055213498999933,44.129561042000034],[-73.055022645999941,44.129571111000075],[-73.053867898999954,44.129562231000079],[-73.05359236299995,44.129598027000043]],[[-73.082319310999935,44.170113879000041],[-73.082293895999953,44.170310953000069],[-73.082326178999949,44.170454577000044],[-73.082269605999954,44.170741316000033],[-73.082304147999935,44.170975632000079],[-73.082355905999975,44.171172311000078],[-73.082383058999937,44.171271173000036],[-73.082418311999959,44.171398821000025],[-73.082433656999967,44.171528679000062],[-73.082443868999974,44.171613423000053],[-73.08240821399994,44.171822010000028],[-73.082401294999954,44.172052106000081],[-73.082480890999989,44.172297934000028],[-73.082531177999954,44.172464176000062],[-73.082575663999933,44.172616667000057],[-73.082579736999946,44.172752489000061],[-73.082587013999955,44.172995591000074],[-73.082524034999949,44.173167614000079],[-73.082491706999974,44.17325777800005],[-73.082463945999962,44.173335545000043],[-73.082560910999973,44.173499721000042],[-73.082774327999971,44.173624351000058],[-73.082855668999969,44.173808927000039],[-73.082938819999981,44.174018525000065],[-73.083070303999989,44.17427491400008],[-73.083090470999934,44.174378311000055],[-73.08312712999998,44.17456909100008],[-73.08309608199994,44.174789186000055],[-73.083058019999953,44.174971628000037],[-73.083007124999938,44.175081154000054],[-73.082958777999977,44.175171681000052],[-73.082924628999933,44.175235699000041],[-73.082905283999935,44.175404300000025],[-73.082884295999975,44.175465403000032],[-73.082860678999964,44.17552753800004],[-73.082839038999964,44.175591914000051],[-73.082801956999958,44.175635978000059],[-73.082758054999942,44.175701873000037],[-73.08274219499998,44.175758063000046],[-73.082679336999945,44.175863149000065],[-73.08114186499995,44.176031714000032],[-73.081174871999963,44.175970515000074],[-73.081216039999958,44.17590477400006],[-73.081278905999966,44.175780142000065],[-73.081326735999937,44.17567654000004],[-73.081375626999943,44.175561403000074],[-73.081421913999975,44.175459917000069],[-73.08146073599994,44.175327768000045],[-73.081493123999962,44.175230057000078],[-73.081512688999965,44.175153176000038],[-73.08153985499996,44.175054460000069],[-73.081555805999983,44.17496768400008],[-73.081571391999944,44.174883582000064],[-73.081572213999948,44.174808063000057],[-73.08156719599998,44.174734964000038],[-73.081568106999953,44.174668585000063],[-73.081561560999944,44.174599010000065],[-73.081550442999969,44.174541270000077],[-73.081521273999954,44.174476027000026],[-73.081499780999934,44.17439640300006],[-73.081465849999972,44.174323732000062],[-73.08141438399997,44.174255932000051],[-73.081371657999966,44.174202853000054],[-73.081336576999945,44.174152407000065],[-73.081347480999966,44.174088789000052],[-73.081355033999955,44.174022376000039],[-73.081352491999951,44.173962436000068],[-73.081289717999937,44.173857475000034],[-73.081231988999946,44.17378872300003],[-73.081174304999934,44.173724470000025],[-73.081083877999959,44.173668680000048],[-73.081014373999949,44.173634299000071],[-73.08097169499996,44.173585861000049],[-73.080962178999982,44.17353219000006],[-73.080982716999983,44.17347471100004],[-73.081021637999982,44.173418968000078],[-73.081050235999953,44.173346681000055],[-73.081062957999961,44.173289242000067],[-73.081082958999957,44.173216860000025],[-73.081092540999975,44.17315810100007],[-73.081095052999956,44.173095439000065],[-73.081092680999973,44.173013187000038],[-73.081074816999944,44.172944793000056],[-73.081060126999944,44.172901415000069],[-73.08103517099994,44.172847121000075],[-73.081026569999949,44.172767149000038],[-73.081017399999951,44.172668900000076],[-73.081005182999945,44.172578822000048],[-73.08100809299998,44.172516932000065],[-73.080998137999984,44.17245820200003],[-73.080944521999982,44.17237044400008],[-73.080915840999978,44.172314903000029],[-73.080884913999967,44.172229561000051],[-73.080882063999979,44.17213816900005],[-73.080905108999957,44.172057615000028],[-73.080918595999947,44.171978516000081],[-73.080923856999959,44.171937287000048],[-73.080937948999974,44.171820356000069],[-73.080915169999969,44.17168919900007],[-73.080896992999953,44.171628893000047],[-73.080878021999979,44.17152745900006],[-73.080845183999941,44.171426377000046],[-73.080810566999958,44.171343162000028],[-73.080788435999978,44.171238370000026],[-73.080770891999975,44.171162803000072],[-73.080763167999976,44.17109238900008],[-73.080758730999946,44.17099861500003],[-73.08077910999998,44.170925106000027],[-73.080810370999984,44.170805698000038],[-73.080814549999957,44.170674053000027],[-73.080803917999958,44.170586216000061],[-73.08077684899996,44.170482385000071],[-73.080765349999979,44.170359163000057],[-73.080763181999941,44.170297441000059],[-73.080763375999936,44.170197878000067],[-73.080773806999957,44.170066201000054],[-73.080803963999983,44.169953689000067],[-73.080823398999939,44.169903457000032],[-73.080847601999949,44.169821420000062],[-73.080914089999965,44.16970830200006],[-73.080995605999988,44.169613247000029],[-73.081079230999933,44.169534073000079],[-73.081155732999946,44.169445934000066],[-73.081183320999969,44.169350591000068],[-73.081201242999953,44.169265703000065],[-73.081230539999979,44.16918511700004],[-73.081275753999989,44.169094044000076],[-73.081298854999943,44.169019396000067],[-73.081281313999966,44.168904172000055],[-73.081242182999972,44.168819013000075],[-73.08119385699996,44.168752322000046],[-73.081136065999942,44.168676539000046],[-73.081092249999983,44.168591543000048],[-73.081049949999965,44.168501758000048],[-73.081024940999953,44.168422151000073],[-73.081018163999943,44.168368678000036],[-73.082425372999978,44.168225178000057],[-73.082500396999933,44.168265154000039],[-73.082611274999977,44.168414354000049],[-73.082680125999957,44.168581345000064],[-73.082748061999951,44.168734701000062],[-73.082834330999958,44.168805417000044],[-73.082849141999986,44.168920653000043],[-73.082681331999936,44.169259570000065],[-73.082656603999965,44.169486382000059],[-73.082540353999946,44.16958541200006],[-73.082410884999945,44.169730986000047],[-73.082369310999979,44.169874002000029],[-73.082319310999935,44.170113879000041]]],[[[-73.138558238999963,44.151161510000065],[-73.134940713999981,44.151641796000035],[-73.135924037999985,44.15685363800003],[-73.135563916999956,44.156933127000059],[-73.135229729999935,44.15706309400008],[-73.134816823999984,44.157284342000025],[-73.134355936999953,44.157621869000025],[-73.133956835999982,44.158038506000025],[-73.133728165999969,44.158428178000065],[-73.133606597999972,44.158896430000027],[-73.13355491599998,44.159360495000044],[-73.133607439999935,44.159997231000034],[-73.133720456999981,44.160408917000041],[-73.133983994999937,44.16079374800006],[-73.134340036999959,44.16127917600005],[-73.134781167999961,44.161756396000044],[-73.135196267999959,44.161918899000057],[-73.136015270999962,44.162182514000051],[-73.133477021999965,44.162413600000036],[-73.134662929999934,44.176764479000042],[-73.134776421999959,44.178137475000028],[-73.135712029999979,44.178046358000074],[-73.138070392999964,44.177817938000032],[-73.139835670999958,44.177644668000028],[-73.139835880999954,44.177644648000069],[-73.144448626999974,44.177201573000048],[-73.144448937999982,44.177201545000059],[-73.149627396999961,44.176721937000025],[-73.149269396999955,44.174751936000064],[-73.149080470999934,44.17370900800006],[-73.148815199999945,44.172247550000066],[-73.148619252999936,44.171167985000068],[-73.148619232999977,44.171167874000048],[-73.148052395999969,44.168043935000071],[-73.147787224999945,44.166729315000055],[-73.147535836999964,44.165388084000028],[-73.147492394999972,44.164961935000065],[-73.146852989999957,44.161744569000064],[-73.146772233999968,44.161313644000074],[-73.146771925999985,44.16131196200007],[-73.145959810999955,44.156881725000062],[-73.145756393999989,44.155761934000054],[-73.145731394999984,44.155246933000058],[-73.14571547099996,44.15490163700008],[-73.14569639399997,44.154487933000041],[-73.145613804999982,44.154077708000045],[-73.145361393999963,44.152823933000036],[-73.145333656999981,44.152684558000033],[-73.144632392999938,44.149196933000042],[-73.144628392999948,44.149173933000043],[-73.143449392999969,44.148991933000048],[-73.143296391999968,44.148964933000059],[-73.142933391999975,44.148911932000033],[-73.14153939199997,44.148696932000064],[-73.141011392999985,44.148614932000044],[-73.140342557999986,44.148513684000079],[-73.139501390999953,44.148384933000045],[-73.139118616999951,44.148328394000032],[-73.137707390999935,44.148119933000032],[-73.138115929999969,44.149580404000062],[-73.138558238999963,44.151161510000065]]]]},"properties":{"OBJECTID":3,"OBJECT_ID":15,"County":"Addison","RPC":"ACRPC","Municipal_Name":"Bristol","GEO_ID":"5000109025","District_Name":"Conservation","Abbreviated_District_Name":"CON-25","District_Type":"Nonresidential","Bylaw_Date":"2024-11-05","Elderly_Housing_District":"No","District_Mapped":"Yes","Overlay_District":"No","Base_Density":0.040000000000000001,"FIPS6":1015,"GIS_ID":null,"Last_Update":"2026-05-31","F1F_Allowance":"Allowed/Conditional","F1F_Front_Setback":80,"F1F_Side_Setback":50,"F1F_Rear_Setback":50,"F1F_Frontage":600,"F1F_Max_Height":35,"F1F_Max_Stories":null,"F1F_Min_Lot_Size":25,"F1F_Max_Lot_Building_Coverage":15,"F1F_Max_Lot_Impervious_Coverage":15,"F1F_Min_Parking_Spaces":1,"F1F_Elderly_Housing_Only":null,"F1F_Affordable_Housing_Only":null,"F2F_Allowance":"Allowed/Conditional","F2F_Front_Setback":80,"F2F_Side_Setback":50,"F2F_Rear_Setback":50,"F2F_Frontage":600,"F2F_Max_Density":0.040000000000000001,"F2F_Max_Height":35,"F2F_Max_Stories":null,"F2F_Min_Lot_Size":50,"F2F_Max_Lot_Building_Coverage":15,"F2F_Max_Lot_Impervious_Coverage":15,"F2F_Min_Parking_Spaces_per_1BR":1,"F2F_Min_Parking_Spaces_per_mult_BR":1,"F2F_Elderly_Housing_Only":"No","F2F_Affordable_Housing_Only":"No","F3F_Allowance":"Allowed/Conditional","F3F_Front_Setback":80,"F3F_Side_Setback":50,"F3F_Rear_Setback":50,"F3F_Frontage":600,"F3F_Max_Density":0.040000000000000001,"F3F_Max_Height":35,"F3F_Max_Stories":null,"F3F_Min_Lot_Size":75,"F3F_Max_Lot_Building_Coverage":15,"F3F_Max_Lot_Impervious_Coverage":15,"F3F_Min_Parking_Spaces_per_1BR":1,"F3F_Min_Parking_Spaces_per_mult_BR":1,"F3F_Affordable_Housing_Only":"No","F3F_Proximity_to_Public_Transit_Required":"No","F3F_Connection_to_Sewage_Water_Required":"No","F4F_Allowance":"Allowed/Conditional","F4F_Front_Setback":80,"F4F_Side_Setback":50,"F4F_Rear_Setback":50,"F4F_Frontage":600,"F1F_Max_Density":null,"F4F_Max_Density":2,"F4F_Max_Height":35,"F4F_Max_Stories":null,"F4F_Min_Lot_Size":100,"F4F_Max_Lot_Building_Coverage":15,"F4F_Max_Lot_Impervious_Coverage":15,"F4F_Min_Parking_Spaces_per_1BR":1,"F4F_Min_Parking_Spaces_per_mult_BR":1,"F3F_Elderly_Housing_Only":"No","F4F_Elderly_Housing_Only":"No","F4F_Affordable_Housing_Only":"No","F4F_Proximity_to_Public_Transit_Required":"No","F4F_Connection_to_Sewage_Water_Required":"No","ADU_Allowance":"Allowed/Conditional","ADU_Elderly_Housing_Only":"No","ADU_Max_Size_as_Percent_of_Primary_Strcture":"30","ADU_Max_Size_in_sq_ft":900,"ADU_Min_Lot_Size":null,"ADU_Max_Bedrooms":null,"ADU_Min_Parking_Spaces":1,"ADU_Owner_Occupancy_Required":"yes","ADU_Renter_Occupancy_Prohibited":"No","ADU_Employee_or_Family_Occupancy_Required":"No","ADU_Restricted_to_Primary_Structure":"No","Affordable_Housing_Allowance":"Not Mentioned","Affordable_Housing_District":"No","Affordable_Housing_Elderly_Only":"No","Affordable_Housing_Min_Lot_Size":null,"Affordable_Housing_Max_Density":null,"Affordable_Housing_Min_Parking_Spaces_per_mult_BR":null,"Affordable_Housing_Max_Units_per_Building":null,"Affordable_Housing_Min_Parking_Spaces_per_1BR":null,"PRD_Allowance":"Not Mentioned","PRD_Max_Density":null,"PRD_Max_Units":null,"PRD_Min_Lot_Size":null,"PRD_Mobile_or_Manufactured_Home_Park":"No","PUD_Allowance":"No","PUD_Required_with_Subdivision":"Yes","PUD_Requires_Land_Conservation":"No","PUD_Threshold_Number":null,"Notes":"Development is limited by shallow soils, steep slopes, fragile vegetation, lack of infrastructure, and conservation goals.\nMultifamily is technically conditional, but density remains extremely low.","Shape_Length":0.67824824610184964,"Shape_Area":0.0061019893712766018}},{"type":"Feature","id":4,"geometry":{"type":"MultiPolygon","coordinates":[[[[-73.077376499999957,44.134360100000038],[-73.077387899999962,44.134368800000061],[-73.077411199999972,44.134511100000054],[-73.07740229999996,44.134522700000048],[-73.077460099999939,44.134818200000041],[-73.078178599999944,44.134736300000043],[-73.078183899999942,44.134625700000072],[-73.07858269999997,44.134580400000061],[-73.078582099999949,44.134552700000029],[-73.078575699999988,44.134254200000044],[-73.078575699999988,44.134254000000055],[-73.078572399999985,44.133898400000078],[-73.07857219999994,44.133697000000041],[-73.078552799999954,44.133324100000038],[-73.078160899999943,44.133249300000045],[-73.077976399999955,44.133215700000051],[-73.077976199999966,44.133215700000051],[-73.077839199999971,44.13318780000003],[-73.077769299999943,44.133175200000039],[-73.077769099999955,44.133175200000039],[-73.077682999999979,44.133158000000037],[-73.077611699999977,44.133144000000073],[-73.077585399999975,44.133139400000061],[-73.07751879999995,44.133127500000057],[-73.077518599999962,44.133127500000057],[-73.077404499999943,44.133105200000045],[-73.077181699999983,44.133063400000026],[-73.076639099999966,44.132958700000074],[-73.076234899999974,44.13289750000007],[-73.076234399999976,44.132897400000047],[-73.076120799999956,44.132873600000039],[-73.076120399999979,44.132873600000039],[-73.076008299999955,44.132845700000075],[-73.075902199999973,44.13281900000004],[-73.075901599999952,44.132818800000052],[-73.075799299999971,44.132785700000056],[-73.07579869999995,44.132785500000068],[-73.075700499999982,44.132746100000077],[-73.075690799999961,44.132762400000047],[-73.075777999999957,44.13280050000003],[-73.075874199999987,44.132834500000058],[-73.075989599999957,44.132863900000075],[-73.075811699999974,44.133309200000042],[-73.075430099999949,44.13320230000005],[-73.075290699999982,44.133444200000042],[-73.075279399999943,44.133464300000071],[-73.075271199999975,44.133485300000075],[-73.075266699999986,44.133509200000049],[-73.075267199999985,44.133533300000067],[-73.075270899999964,44.133552000000066],[-73.07527749999997,44.133570200000065],[-73.075283999999954,44.133588700000075],[-73.075341199999968,44.133753100000035],[-73.075341199999968,44.13375330000008],[-73.075348299999973,44.13377550000007],[-73.076003399999934,44.133705100000043],[-73.076187299999958,44.13422550000007],[-73.07583539999996,44.134264800000039],[-73.075919099999965,44.134510700000078],[-73.075943699999982,44.134508000000039],[-73.07642119999997,44.134458700000039],[-73.077376499999957,44.134360100000038]]],[[[-73.077755699999955,44.132074500000044],[-73.077088299999957,44.132187800000054],[-73.077157199999988,44.132213200000081],[-73.07686769999998,44.132516700000053],[-73.07669999999996,44.132456800000057],[-73.076553699999977,44.132755000000031],[-73.076697199999956,44.132771500000047],[-73.076994299999967,44.132808200000056],[-73.076994499999955,44.132808200000056],[-73.077153599999974,44.13283000000007],[-73.077179999999942,44.132827400000053],[-73.077182199999982,44.132827500000076],[-73.077366899999959,44.132854000000066],[-73.077431199999978,44.13286190000008],[-73.077648899999986,44.132890400000065],[-73.077723099999957,44.132900000000063],[-73.077795999999978,44.132909400000074],[-73.077885099999946,44.132920900000045],[-73.077969799999948,44.132931800000051],[-73.077969999999937,44.132931800000051],[-73.078089799999987,44.132950900000026],[-73.07809119999996,44.132951200000036],[-73.078116499999965,44.132959300000039],[-73.078188299999965,44.132967200000053],[-73.078188499999953,44.132967200000053],[-73.078395399999977,44.132992900000033],[-73.078536499999984,44.133010600000034],[-73.078583599999945,44.132843800000046],[-73.07858669999996,44.132832800000074],[-73.07859689999998,44.132825500000081],[-73.078616399999987,44.132826500000078],[-73.078617399999985,44.132806800000026],[-73.078626299999939,44.132615700000031],[-73.078626299999939,44.132615500000043],[-73.078648099999953,44.132300600000065],[-73.077753799999982,44.132236900000066],[-73.077755699999955,44.132074500000044]]],[[[-73.08019029999997,44.13251340000005],[-73.080084299999953,44.132876600000031],[-73.079593699999975,44.132780400000058],[-73.079652199999941,44.132576300000039],[-73.078839399999936,44.132555800000034],[-73.078827399999966,44.13255550000008],[-73.078817899999933,44.13283320000005],[-73.078807799999936,44.133131300000059],[-73.079064099999982,44.133176300000059],[-73.079465599999935,44.133248600000059],[-73.07946579999998,44.133248600000059],[-73.079502099999956,44.133256000000074],[-73.079967999999951,44.133341400000063],[-73.079968199999939,44.133341400000063],[-73.080470499999933,44.133443500000055],[-73.080839099999935,44.13351270000004],[-73.081112999999959,44.132528000000036],[-73.081014799999934,44.132430900000031],[-73.080954199999951,44.132358900000042],[-73.080931899999939,44.132302800000048],[-73.08088319999996,44.132234500000038],[-73.080827699999986,44.132110100000034],[-73.080628199999978,44.132833500000061],[-73.08019029999997,44.13251340000005]]],[[[-73.078825999999935,44.13389090000004],[-73.080158899999958,44.134041000000025],[-73.080278999999962,44.133641700000055],[-73.078810399999952,44.13336780000003],[-73.078825999999935,44.13389090000004]]],[[[-73.079885799999943,44.134148400000072],[-73.079374299999984,44.134089500000073],[-73.079191199999968,44.134068400000046],[-73.07883389999995,44.134027200000048],[-73.078852299999937,44.134625600000049],[-73.078853199999969,44.134648500000026],[-73.078857299999981,44.134649600000046],[-73.07885749999997,44.134654100000034],[-73.079422599999987,44.134656200000052],[-73.079742799999963,44.134689000000037],[-73.080182499999978,44.13473330000005],[-73.08017209999997,44.134547200000043],[-73.080201799999941,44.134549700000036],[-73.080253399999947,44.134388000000058],[-73.081005999999945,44.134475500000065],[-73.081016499999976,44.134156500000074],[-73.080698599999948,44.134116200000051],[-73.080788299999938,44.133746700000074],[-73.080790799999988,44.133735000000058],[-73.080470699999978,44.133672900000079],[-73.080318999999974,44.134184300000072],[-73.080308199999934,44.134191500000043],[-73.079885999999988,44.134148400000072],[-73.079885799999943,44.134148400000072]]]]},"properties":{"OBJECTID":4,"OBJECT_ID":16,"County":"Addison","RPC":"ACRPC","Municipal_Name":"Bristol","GEO_ID":"5000109025","District_Name":"Downtown Design Review Overlay","Abbreviated_District_Name":"DDR","District_Type":"Overlay","Bylaw_Date":"2024-11-05","Elderly_Housing_District":"No","District_Mapped":"Yes","Overlay_District":"Yes","Base_Density":null,"FIPS6":1015,"GIS_ID":null,"Last_Update":"2026-05-31","F1F_Allowance":null,"F1F_Front_Setback":null,"F1F_Side_Setback":null,"F1F_Rear_Setback":null,"F1F_Frontage":null,"F1F_Max_Height":null,"F1F_Max_Stories":null,"F1F_Min_Lot_Size":null,"F1F_Max_Lot_Building_Coverage":null,"F1F_Max_Lot_Impervious_Coverage":null,"F1F_Min_Parking_Spaces":null,"F1F_Elderly_Housing_Only":null,"F1F_Affordable_Housing_Only":null,"F2F_Allowance":null,"F2F_Front_Setback":null,"F2F_Side_Setback":null,"F2F_Rear_Setback":null,"F2F_Frontage":null,"F2F_Max_Density":null,"F2F_Max_Height":null,"F2F_Max_Stories":null,"F2F_Min_Lot_Size":null,"F2F_Max_Lot_Building_Coverage":null,"F2F_Max_Lot_Impervious_Coverage":null,"F2F_Min_Parking_Spaces_per_1BR":null,"F2F_Min_Parking_Spaces_per_mult_BR":null,"F2F_Elderly_Housing_Only":null,"F2F_Affordable_Housing_Only":null,"F3F_Allowance":null,"F3F_Front_Setback":null,"F3F_Side_Setback":null,"F3F_Rear_Setback":null,"F3F_Frontage":null,"F3F_Max_Density":null,"F3F_Max_Height":null,"F3F_Max_Stories":null,"F3F_Min_Lot_Size":null,"F3F_Max_Lot_Building_Coverage":null,"F3F_Max_Lot_Impervious_Coverage":null,"F3F_Min_Parking_Spaces_per_1BR":null,"F3F_Min_Parking_Spaces_per_mult_BR":null,"F3F_Affordable_Housing_Only":null,"F3F_Proximity_to_Public_Transit_Required":null,"F3F_Connection_to_Sewage_Water_Required":null,"F4F_Allowance":null,"F4F_Front_Setback":null,"F4F_Side_Setback":null,"F4F_Rear_Setback":null,"F4F_Frontage":null,"F1F_Max_Density":null,"F4F_Max_Density":null,"F4F_Max_Height":null,"F4F_Max_Stories":null,"F4F_Min_Lot_Size":null,"F4F_Max_Lot_Building_Coverage":null,"F4F_Max_Lot_Impervious_Coverage":null,"F4F_Min_Parking_Spaces_per_1BR":null,"F4F_Min_Parking_Spaces_per_mult_BR":null,"F3F_Elderly_Housing_Only":null,"F4F_Elderly_Housing_Only":null,"F4F_Affordable_Housing_Only":null,"F4F_Proximity_to_Public_Transit_Required":null,"F4F_Connection_to_Sewage_Water_Required":null,"ADU_Allowance":"Not Mentioned","ADU_Elderly_Housing_Only":"No","ADU_Max_Size_as_Percent_of_Primary_Strcture":"30","ADU_Max_Size_in_sq_ft":900,"ADU_Min_Lot_Size":null,"ADU_Max_Bedrooms":null,"ADU_Min_Parking_Spaces":1,"ADU_Owner_Occupancy_Required":"yes","ADU_Renter_Occupancy_Prohibited":"No","ADU_Employee_or_Family_Occupancy_Required":"No","ADU_Restricted_to_Primary_Structure":"No","Affordable_Housing_Allowance":"Not Mentioned","Affordable_Housing_District":"No","Affordable_Housing_Elderly_Only":"No","Affordable_Housing_Min_Lot_Size":null,"Affordable_Housing_Max_Density":null,"Affordable_Housing_Min_Parking_Spaces_per_mult_BR":null,"Affordable_Housing_Max_Units_per_Building":null,"Affordable_Housing_Min_Parking_Spaces_per_1BR":null,"PRD_Allowance":"Not Mentioned","PRD_Max_Density":null,"PRD_Max_Units":null,"PRD_Min_Lot_Size":null,"PRD_Mobile_or_Manufactured_Home_Park":"No","PUD_Allowance":"Yes","PUD_Required_with_Subdivision":"Yes","PUD_Requires_Land_Conservation":"No","PUD_Threshold_Number":null,"Notes":"Overlay district; uses and dimensional standards come from the underlying district.\nExterior modifications require design review.","Shape_Length":0.034145338573501133,"Shape_Area":8.7481253749590972e-06}},{"type":"Feature","id":5,"geometry":{"type":"Polygon","coordinates":[[[-73.079553988999976,44.144674458000054],[-73.079902212999968,44.145471264000037],[-73.080159410999954,44.146095795000065],[-73.08024318799994,44.146289860000081],[-73.080612693999967,44.146233806000055],[-73.084587855999985,44.145684258000074],[-73.084205297999972,44.145112606000055],[-73.088114442999938,44.14453736300004],[-73.088277497999968,44.144516301000067],[-73.087452495999969,44.142128433000039],[-73.08709098199995,44.142159457000048],[-73.083240941999975,44.142653646000042],[-73.083057422999957,44.142420583000046],[-73.080987009999944,44.139751945000057],[-73.084122918999981,44.139452033000055],[-73.084015326999975,44.138838333000081],[-73.083921618999966,44.138352545000032],[-73.084589541999947,44.138320565000072],[-73.084572087999959,44.138059889000033],[-73.085186878999934,44.138031736000073],[-73.08496618099997,44.136779047000061],[-73.08595050699995,44.136724150000077],[-73.086325465999948,44.138647063000064],[-73.086352718999933,44.138717376000045],[-73.086931837999941,44.138671933000069],[-73.08697776799994,44.139168806000043],[-73.087003669999945,44.139260290000038],[-73.087052884999935,44.140640482000038],[-73.09146278299994,44.14014284700005],[-73.091446131999987,44.140020487000072],[-73.091091585999948,44.140009432000056],[-73.090797660999954,44.139971812000056],[-73.090585018999946,44.13993793800006],[-73.090188461999958,44.139837089000025],[-73.089791929999933,44.139736246000041],[-73.089447682999946,44.13964869800003],[-73.089247981999961,44.138575494000065],[-73.091225707999968,44.138400602000047],[-73.091119491999962,44.137618647000068],[-73.090921252999976,44.136792164000042],[-73.090668726999979,44.135652599000025],[-73.088385973999948,44.136168782000027],[-73.088397112999985,44.136228631000051],[-73.087702816999979,44.136274532000073],[-73.087563022999973,44.135527830000058],[-73.088253351999981,44.135409518000074],[-73.088058870999987,44.134296075000066],[-73.088681688999941,44.134172633000048],[-73.088649872999952,44.133918125000037],[-73.086661594999953,44.134729072000027],[-73.084764795999945,44.134882374000028],[-73.084313318999989,44.134799466000061],[-73.081003875999954,44.134223328000076],[-73.080986251999946,44.134775793000074],[-73.07939255399998,44.134577308000075],[-73.078853081999966,44.134520137000038],[-73.078704559999949,44.134507389000078],[-73.078693543999975,44.134347005000052],[-73.075554576999934,44.134660975000031],[-73.075101635999943,44.133569440000031],[-73.075645902999952,44.132605138000031],[-73.075802823999936,44.132679160000066],[-73.076147698999989,44.132042499000079],[-73.076272529999983,44.132109510000078],[-73.076345806999939,44.132135578000032],[-73.076446869999984,44.132167834000029],[-73.076565505999952,44.132200141000055],[-73.076657005999948,44.132212757000048],[-73.076839619999987,44.132238273000041],[-73.076967825999986,44.132250704000057],[-73.077097207999941,44.13227659000006],[-73.077154576999988,44.132216019000055],[-73.077088268999944,44.132187798000075],[-73.077259184999946,44.132154740000033],[-73.077758667999944,44.13205812800004],[-73.078005249999933,44.132058005000033],[-73.078671377999967,44.132101583000065],[-73.078766599999938,44.132106116000045],[-73.078789770999947,44.13203941200004],[-73.078843311999947,44.131960881000055],[-73.078901884999937,44.131900747000032],[-73.07895797599997,44.131866291000051],[-73.079022530999964,44.131818925000061],[-73.07911398899995,44.131767204000028],[-73.079229029999965,44.131711214000063],[-73.079294030999961,44.131689509000068],[-73.079441436999957,44.131628855000031],[-73.079536073999975,44.131602782000073],[-73.079636483999934,44.131568241000025],[-73.079736975999936,44.131542137000054],[-73.079819895999947,44.131515841000066],[-73.079914530999986,44.131489767000062],[-73.079997103999972,44.131467973000042],[-73.080067961999987,44.131446379000067],[-73.080192190999981,44.131411576000062],[-73.080310643999951,44.131385240000043],[-73.080596315999969,44.131367758000067],[-73.081011363999949,44.130924507000032],[-73.077444974999935,44.130081962000077],[-73.077517293999961,44.130651129000057],[-73.077359376999937,44.130560340000045],[-73.077280299999984,44.130519243000037],[-73.077195221999943,44.130489262000026],[-73.077110302999984,44.130460600000049],[-73.077048283999943,44.130434124000033],[-73.076991174999989,44.130414643000051],[-73.076910039999973,44.130389340000079],[-73.076808778999975,44.130363526000053],[-73.076703755999972,44.130347466000046],[-73.076625327999977,44.130341619000035],[-73.076550138999949,44.130339551000077],[-73.076454553999952,44.130338261000077],[-73.076357088999941,44.130332313000054],[-73.076270458999943,44.130322316000047],[-73.076208810999958,44.130315314000029],[-73.076150823999967,44.130299434000051],[-73.076086570999962,44.130273532000047],[-73.076011724999944,44.130253307000032],[-73.075934664999977,44.13024279800004],[-73.075852562999955,44.130222587000048],[-73.075793492999935,44.130204907000063],[-73.07572917799996,44.130179385000076],[-73.075636141999951,44.130166373000066],[-73.075571418999971,44.130163136000078],[-73.075510880999957,44.130161809000072],[-73.075437318999946,44.130159828000046],[-73.075354422999965,44.130154982000079],[-73.075284214999954,44.130143115000067],[-73.075211745999979,44.130127457000071],[-73.075128354999947,44.130107288000033],[-73.075040911999963,44.130089764000047],[-73.074947133999956,44.130076219000046],[-73.074867108999968,44.130067481000026],[-73.07479908199997,44.130057478000026],[-73.074722321999957,44.130041652000045],[-73.074640991999956,44.130023152000035],[-73.074568950999947,44.130006885000057],[-73.074475676999953,44.129990873000054],[-73.074379961999966,44.129973921000044],[-73.074279135999973,44.129932194000048],[-73.074211451999986,44.129899867000063],[-73.07414840399997,44.129883421000045],[-73.074077948999957,44.129876287000059],[-73.073982918999945,44.129851540000061],[-73.073890055999982,44.129815391000079],[-73.073811444999933,44.129806012000074],[-73.07375529899997,44.12980460700004],[-73.073703637999984,44.129792561000045],[-73.073607661999972,44.129781044000026],[-73.073495944999934,44.129751116000079],[-73.073407132999989,44.129729116000078],[-73.073345765999989,44.129712655000048],[-73.073263008999959,44.129679095000029],[-73.073179489999973,44.12964789800003],[-73.073077799999965,44.129642561000026],[-73.072972225999933,44.129663095000069],[-73.072866399999953,44.129661059000057],[-73.072760431999939,44.129642502000081],[-73.072692262999965,44.129629261000048],[-73.072635114999969,44.129615138000077],[-73.072520459999964,44.129590055000051],[-73.072421663999933,44.129573458000038],[-73.072336403999941,44.12955138500007],[-73.07225435099997,44.129530027000044],[-73.072185049999973,44.129510818000028],[-73.072124135999957,44.129490756000052],[-73.072060626999985,44.129464800000051],[-73.071991010999966,44.129433217000042],[-73.071925207999982,44.129412227000046],[-73.071852801999967,44.129384941000069],[-73.071767213999976,44.129341401000033],[-73.071677951999959,44.129312989000027],[-73.071617232999984,44.129294800000025],[-73.071521403999952,44.129250218000038],[-73.071461522999982,44.129218048000041],[-73.071403210999961,44.129182668000055],[-73.071327726999982,44.129142561000037],[-73.071262411999953,44.12912381700005],[-73.071206580999956,44.129107760000068],[-73.071133350999958,44.129084764000027],[-73.071073085999956,44.129056028000036],[-73.071001710999951,44.129039100000057],[-73.070935331999976,44.129000320000046],[-73.070859434999988,44.128944918000059],[-73.070792940999979,44.128899312000044],[-73.070729617999973,44.128863641000066],[-73.070662176999974,44.128840455000045],[-73.070604361999983,44.128807090000066],[-73.07055687999997,44.12876938200003],[-73.070514217999971,44.128738704000057],[-73.070433317999971,44.128704280000079],[-73.070348024999987,44.12868012000007],[-73.070271817999981,44.128659759000072],[-73.070183730999986,44.128640635000068],[-73.07007030799997,44.128630370000053],[-73.069974977999948,44.128624888000047],[-73.069905310999957,44.128628352000078],[-73.069837743999983,44.128633706000073],[-73.06975823199997,44.128638029000058],[-73.069662498999946,44.128637391000041],[-73.069553868999947,44.128654292000078],[-73.069471859999965,44.128671014000076],[-73.069395051999948,44.128674997000076],[-73.069233414999985,44.128672504000065],[-73.069148233999954,44.12867951700008],[-73.069067761999975,44.128666787000043],[-73.068961959999967,44.128661559000079],[-73.068869824999979,44.128655433000063],[-73.068773191999981,44.128647302000047],[-73.068683213999975,44.128649138000071],[-73.068611707999935,44.128674525000065],[-73.068523816999971,44.128706366000074],[-73.068412511999952,44.128689536000081],[-73.068348668999988,44.128669224000078],[-73.068282831999966,44.128668891000075],[-73.068198612999936,44.128682023000067],[-73.068111690999956,44.128690048000067],[-73.068042435999985,44.128689592000057],[-73.067956727999956,44.128704150000033],[-73.067871061999938,44.128720972000053],[-73.067811057999961,44.128718234000075],[-73.067727453999964,44.128722053000047],[-73.067643391999979,44.128735042000073],[-73.067568254999969,44.128746546000059],[-73.067471770999987,44.128752931000065],[-73.067386023999973,44.128747064000038],[-73.067308436999951,44.128728023000065],[-73.067213161999973,44.128718814000081],[-73.067137357999968,44.128715533000047],[-73.067042896999965,44.128703165000047],[-73.06693529599994,44.128692818000047],[-73.066854046999936,44.128665450000028],[-73.066774601999953,44.12865763800005],[-73.066694508999944,44.128659817000027],[-73.066622365999933,44.128656182000043],[-73.066565828999956,44.128679970000064],[-73.066640943999971,44.128774950000036],[-73.066722906999985,44.128852731000052],[-73.066843073999962,44.128964775000043],[-73.066899799999987,44.129016666000041],[-73.067572225999982,44.129263077000076],[-73.067793181999946,44.129338480000058],[-73.067945491999978,44.129381598000066],[-73.068212081999945,44.129451428000039],[-73.068452713999989,44.129644504000055],[-73.071982853999941,44.132998022000038],[-73.073311501999967,44.134264018000067],[-73.074564990999988,44.134136221000063],[-73.075058673999933,44.135592300000042],[-73.075488566999979,44.136871230000054],[-73.075675213999943,44.13743110200005],[-73.076637097999935,44.141402983000035],[-73.077007639999977,44.142985689000056],[-73.077583856999979,44.143359713000052],[-73.07774133099997,44.143871106000063],[-73.077780633999964,44.143865726000058],[-73.078310671999986,44.14379318400006],[-73.078546176999964,44.144425192000028],[-73.079074401999947,44.144334623000077],[-73.07938169099998,44.144311240000036],[-73.079553988999976,44.144674458000054]]]},"properties":{"OBJECTID":5,"OBJECT_ID":17,"County":"Addison","RPC":"ACRPC","Municipal_Name":"Bristol","GEO_ID":"5000109025","District_Name":"High Density Residential","Abbreviated_District_Name":"HDR","District_Type":"Primarily Residential","Bylaw_Date":"2024-11-05","Elderly_Housing_District":"No","District_Mapped":"Yes","Overlay_District":"No","Base_Density":4,"FIPS6":1015,"GIS_ID":null,"Last_Update":"2026-05-31","F1F_Allowance":"Allowed/Conditional","F1F_Front_Setback":40,"F1F_Side_Setback":15,"F1F_Rear_Setback":15,"F1F_Frontage":75,"F1F_Max_Height":35,"F1F_Max_Stories":null,"F1F_Min_Lot_Size":0.25,"F1F_Max_Lot_Building_Coverage":50,"F1F_Max_Lot_Impervious_Coverage":50,"F1F_Min_Parking_Spaces":1,"F1F_Elderly_Housing_Only":null,"F1F_Affordable_Housing_Only":null,"F2F_Allowance":"Allowed/Conditional","F2F_Front_Setback":40,"F2F_Side_Setback":15,"F2F_Rear_Setback":15,"F2F_Frontage":75,"F2F_Max_Density":5,"F2F_Max_Height":35,"F2F_Max_Stories":null,"F2F_Min_Lot_Size":0.40000000000000002,"F2F_Max_Lot_Building_Coverage":50,"F2F_Max_Lot_Impervious_Coverage":50,"F2F_Min_Parking_Spaces_per_1BR":1,"F2F_Min_Parking_Spaces_per_mult_BR":1,"F2F_Elderly_Housing_Only":"No","F2F_Affordable_Housing_Only":"No","F3F_Allowance":"Allowed/Conditional","F3F_Front_Setback":40,"F3F_Side_Setback":15,"F3F_Rear_Setback":15,"F3F_Frontage":75,"F3F_Max_Density":4,"F3F_Max_Height":35,"F3F_Max_Stories":null,"F3F_Min_Lot_Size":0.75,"F3F_Max_Lot_Building_Coverage":50,"F3F_Max_Lot_Impervious_Coverage":50,"F3F_Min_Parking_Spaces_per_1BR":1,"F3F_Min_Parking_Spaces_per_mult_BR":1,"F3F_Affordable_Housing_Only":"No","F3F_Proximity_to_Public_Transit_Required":"No","F3F_Connection_to_Sewage_Water_Required":"No","F4F_Allowance":"Allowed/Conditional","F4F_Front_Setback":40,"F4F_Side_Setback":15,"F4F_Rear_Setback":15,"F4F_Frontage":75,"F1F_Max_Density":null,"F4F_Max_Density":4,"F4F_Max_Height":35,"F4F_Max_Stories":null,"F4F_Min_Lot_Size":1,"F4F_Max_Lot_Building_Coverage":50,"F4F_Max_Lot_Impervious_Coverage":50,"F4F_Min_Parking_Spaces_per_1BR":1,"F4F_Min_Parking_Spaces_per_mult_BR":1,"F3F_Elderly_Housing_Only":"No","F4F_Elderly_Housing_Only":"No","F4F_Affordable_Housing_Only":"No","F4F_Proximity_to_Public_Transit_Required":"No","F4F_Connection_to_Sewage_Water_Required":"No","ADU_Allowance":"Allowed/Conditional","ADU_Elderly_Housing_Only":"No","ADU_Max_Size_as_Percent_of_Primary_Strcture":"30","ADU_Max_Size_in_sq_ft":900,"ADU_Min_Lot_Size":null,"ADU_Max_Bedrooms":null,"ADU_Min_Parking_Spaces":1,"ADU_Owner_Occupancy_Required":"yes","ADU_Renter_Occupancy_Prohibited":"No","ADU_Employee_or_Family_Occupancy_Required":"No","ADU_Restricted_to_Primary_Structure":"No","Affordable_Housing_Allowance":"Not Mentioned","Affordable_Housing_District":"No","Affordable_Housing_Elderly_Only":"No","Affordable_Housing_Min_Lot_Size":null,"Affordable_Housing_Max_Density":null,"Affordable_Housing_Min_Parking_Spaces_per_mult_BR":null,"Affordable_Housing_Max_Units_per_Building":null,"Affordable_Housing_Min_Parking_Spaces_per_1BR":null,"PRD_Allowance":"Not Mentioned","PRD_Max_Density":null,"PRD_Max_Units":null,"PRD_Min_Lot_Size":null,"PRD_Mobile_or_Manufactured_Home_Park":"No","PUD_Allowance":"Yes","PUD_Required_with_Subdivision":"Yes","PUD_Requires_Land_Conservation":"Yes","PUD_Threshold_Number":null,"Notes":"Duplexes have a separate higher density standard than other residential uses.\nFront setback is measured from the road centerline.","Shape_Length":0.11446433506260079,"Shape_Area":0.00014663115644839803}},{"type":"Feature","id":6,"geometry":{"type":"MultiPolygon","coordinates":[[[[-73.05359236299995,44.129598027000043],[-73.053867898999954,44.129562231000079],[-73.055022645999941,44.129571111000075],[-73.055213498999933,44.129561042000034],[-73.055795085999989,44.129494371000078],[-73.056040631999963,44.129445364000048],[-73.058728020999979,44.128666549000059],[-73.059476252999957,44.128632933000063],[-73.059364866999942,44.127762248000067],[-73.059098447999986,44.12776917900004],[-73.058624250999969,44.127814723000029],[-73.058259340999939,44.127879379000035],[-73.058025431999965,44.127951252000059],[-73.057786397999962,44.128033988000027],[-73.056565693999971,44.128426901000068],[-73.056306292999977,44.128487937000045],[-73.056092669999941,44.128564229000062],[-73.055619648999937,44.128686300000027],[-73.055207661999987,44.128739707000079],[-73.05503218399997,44.128751150000028],[-73.054569992999973,44.12873356700004],[-73.054505007999978,44.128793576000078],[-73.054478535999976,44.128844048000076],[-73.054416996999976,44.128902426000025],[-73.054304137999964,44.128984958000046],[-73.05413901999998,44.129074353000078],[-73.053974156999971,44.129191168000034],[-73.05386800399998,44.129322745000081],[-73.05374917499995,44.129434978000063],[-73.05359236299995,44.129598027000043]]],[[[-73.085967894999953,44.084815303000028],[-73.087806275999981,44.088696283000047],[-73.087827899999979,44.088752001000046],[-73.087908827999968,44.088885743000048],[-73.088027432999979,44.089080461000037],[-73.089434937999954,44.091436711000028],[-73.091569499999935,44.091317396000079],[-73.091656745999956,44.091128562000051],[-73.091683848999935,44.090731378000044],[-73.091587875999949,44.090146448000041],[-73.091308215999959,44.089258998000048],[-73.093926107999948,44.088571426000044],[-73.093831268999963,44.088351248000038],[-73.093744493999964,44.088219510000044],[-73.093623926999953,44.088025371000072],[-73.093216217999952,44.087367951000033],[-73.091420727999946,44.083593429000075],[-73.089457014999937,44.078571263000072],[-73.089380291999987,44.078388423000035],[-73.089318605999949,44.078226880000045],[-73.088562407999973,44.076249632000042],[-73.088550685999962,44.076050989000066],[-73.085852872999965,44.076837315000034],[-73.083167939999953,44.077623456000026],[-73.082097183999963,44.077889132000053],[-73.079126930999962,44.079280819000076],[-73.079025555999976,44.07932745800008],[-73.081301017999976,44.083081596000056],[-73.081645303999949,44.082977186000051],[-73.082046043999981,44.082820737000077],[-73.084612880999941,44.081617934000064],[-73.084708629999966,44.081594381000059],[-73.085967894999953,44.084815303000028]]]]},"properties":{"OBJECTID":6,"OBJECT_ID":18,"County":"Addison","RPC":"ACRPC","Municipal_Name":"Bristol","GEO_ID":"5000109025","District_Name":"Rural Agriculture1","Abbreviated_District_Name":"RA1","District_Type":"Primarily Residential","Bylaw_Date":"2024-11-05","Elderly_Housing_District":"No","District_Mapped":"Yes","Overlay_District":"No","Base_Density":1,"FIPS6":1015,"GIS_ID":null,"Last_Update":"2026-05-31","F1F_Allowance":"Allowed/Conditional","F1F_Front_Setback":60,"F1F_Side_Setback":25,"F1F_Rear_Setback":25,"F1F_Frontage":200,"F1F_Max_Height":35,"F1F_Max_Stories":null,"F1F_Min_Lot_Size":1,"F1F_Max_Lot_Building_Coverage":20,"F1F_Max_Lot_Impervious_Coverage":20,"F1F_Min_Parking_Spaces":1,"F1F_Elderly_Housing_Only":null,"F1F_Affordable_Housing_Only":null,"F2F_Allowance":"Allowed/Conditional","F2F_Front_Setback":60,"F2F_Side_Setback":25,"F2F_Rear_Setback":25,"F2F_Frontage":200,"F2F_Max_Density":1,"F2F_Max_Height":35,"F2F_Max_Stories":null,"F2F_Min_Lot_Size":2,"F2F_Max_Lot_Building_Coverage":20,"F2F_Max_Lot_Impervious_Coverage":20,"F2F_Min_Parking_Spaces_per_1BR":1,"F2F_Min_Parking_Spaces_per_mult_BR":1,"F2F_Elderly_Housing_Only":"No","F2F_Affordable_Housing_Only":"No","F3F_Allowance":"Allowed/Conditional","F3F_Front_Setback":60,"F3F_Side_Setback":25,"F3F_Rear_Setback":25,"F3F_Frontage":200,"F3F_Max_Density":1,"F3F_Max_Height":35,"F3F_Max_Stories":null,"F3F_Min_Lot_Size":3,"F3F_Max_Lot_Building_Coverage":20,"F3F_Max_Lot_Impervious_Coverage":20,"F3F_Min_Parking_Spaces_per_1BR":1,"F3F_Min_Parking_Spaces_per_mult_BR":1,"F3F_Affordable_Housing_Only":"No","F3F_Proximity_to_Public_Transit_Required":"No","F3F_Connection_to_Sewage_Water_Required":"No","F4F_Allowance":"Allowed/Conditional","F4F_Front_Setback":60,"F4F_Side_Setback":25,"F4F_Rear_Setback":25,"F4F_Frontage":200,"F1F_Max_Density":null,"F4F_Max_Density":1,"F4F_Max_Height":35,"F4F_Max_Stories":null,"F4F_Min_Lot_Size":4,"F4F_Max_Lot_Building_Coverage":20,"F4F_Max_Lot_Impervious_Coverage":20,"F4F_Min_Parking_Spaces_per_1BR":1,"F4F_Min_Parking_Spaces_per_mult_BR":1,"F3F_Elderly_Housing_Only":"No","F4F_Elderly_Housing_Only":"No","F4F_Affordable_Housing_Only":"No","F4F_Proximity_to_Public_Transit_Required":"No","F4F_Connection_to_Sewage_Water_Required":"No","ADU_Allowance":"Allowed/Conditional","ADU_Elderly_Housing_Only":"No","ADU_Max_Size_as_Percent_of_Primary_Strcture":"30","ADU_Max_Size_in_sq_ft":900,"ADU_Min_Lot_Size":null,"ADU_Max_Bedrooms":null,"ADU_Min_Parking_Spaces":1,"ADU_Owner_Occupancy_Required":"yes","ADU_Renter_Occupancy_Prohibited":"No","ADU_Employee_or_Family_Occupancy_Required":"No","ADU_Restricted_to_Primary_Structure":"No","Affordable_Housing_Allowance":"Not Mentioned","Affordable_Housing_District":"No","Affordable_Housing_Elderly_Only":"No","Affordable_Housing_Min_Lot_Size":null,"Affordable_Housing_Max_Density":null,"Affordable_Housing_Min_Parking_Spaces_per_mult_BR":null,"Affordable_Housing_Max_Units_per_Building":null,"Affordable_Housing_Min_Parking_Spaces_per_1BR":null,"PRD_Allowance":"Not Mentioned","PRD_Max_Density":null,"PRD_Max_Units":null,"PRD_Min_Lot_Size":null,"PRD_Mobile_or_Manufactured_Home_Park":"No","PUD_Allowance":"Yes","PUD_Required_with_Subdivision":"Yes","PUD_Requires_Land_Conservation":"No","PUD_Threshold_Number":null,"Notes":"PUDs are permitted and encouraged.\nFront setback is measured from the road centerline.","Shape_Length":0.062922170688332696,"Shape_Area":0.00010193160019973165}},{"type":"Feature","id":7,"geometry":{"type":"MultiPolygon","coordinates":[[[[-73.041966465999963,44.177426902000036],[-73.043182004999949,44.183317351000028],[-73.043413499999986,44.18418108700007],[-73.04357358599998,44.184418823000044],[-73.043908984999973,44.184636882000063],[-73.044172320999962,44.184754033000047],[-73.044562070999973,44.184931752000068],[-73.044861207999986,44.185074044000032],[-73.045237000999975,44.185306108000077],[-73.045501961999946,44.185513951000075],[-73.045579306999969,44.185636346000081],[-73.045638104999966,44.18582421900004],[-73.045811675999971,44.186208699000076],[-73.046133427999962,44.186513159000071],[-73.046651850999979,44.18674003700005],[-73.047019237999962,44.187033309000071],[-73.047220962999972,44.187502306000056],[-73.047361807999948,44.187938830000064],[-73.047484355999984,44.188087696000025],[-73.048765766999963,44.189644240000064],[-73.049041364999937,44.189616943000033],[-73.049675364999985,44.189553943000078],[-73.049442363999958,44.188287943000034],[-73.049281868999969,44.187394816000051],[-73.049281642999972,44.18739357100003],[-73.049201809999943,44.186956486000042],[-73.049125363999963,44.186537943000076],[-73.050030364999941,44.186447942000029],[-73.050415838999982,44.186409114000071],[-73.050715364999974,44.186378942000033],[-73.050910576999968,44.186359829000025],[-73.048579374999974,44.185223858000029],[-73.048351085999968,44.185112610000033],[-73.048203052999952,44.184807042000045],[-73.047979232999978,44.184463167000047],[-73.047690815999943,44.184170785000049],[-73.047378783999989,44.18394475100007],[-73.046573354999964,44.183447987000079],[-73.046246245999953,44.183281365000028],[-73.046124748999944,44.183223588000033],[-73.045557372999951,44.180863534000025],[-73.045548598999972,44.180823358000055],[-73.044686642999977,44.176854702000071],[-73.041966465999963,44.177426902000036]]],[[[-73.042526648999967,44.149393725000039],[-73.042437179999979,44.151779989000033],[-73.042451997999933,44.152033044000063],[-73.042615335999983,44.153104812000038],[-73.042645271999959,44.153302247000056],[-73.04266626499998,44.153461615000026],[-73.042798344999937,44.153807346000065],[-73.04293071799998,44.15401427900008],[-73.043006811999987,44.154133167000055],[-73.044128613999987,44.155733762000068],[-73.044279445999962,44.155950380000036],[-73.044352669999967,44.156053882000037],[-73.044607259999964,44.156508151000025],[-73.04739899499998,44.15571181100006],[-73.047020381999971,44.15532395300005],[-73.046726624999962,44.154902643000071],[-73.046394156999952,44.154561390000026],[-73.04594095799996,44.153920761000052],[-73.045380617999967,44.153183049000063],[-73.045290827999963,44.152383324000027],[-73.045297628999947,44.151636996000036],[-73.045338240999968,44.150278086000071],[-73.045439717999955,44.149208434000059],[-73.042526648999967,44.149393725000039]]],[[[-73.082158326999945,44.123582319000036],[-73.082156668999971,44.123488882000061],[-73.082171674999984,44.123227805000056],[-73.08218636099997,44.122934245000067],[-73.082101530999978,44.122685068000067],[-73.082031431999951,44.122424986000055],[-73.081961259999957,44.122157452000067],[-73.081947735999961,44.121972880000044],[-73.082055090999972,44.121812442000078],[-73.082196730999954,44.12160472000005],[-73.082403529999965,44.121392728000046],[-73.082660223999937,44.121172887000057],[-73.082917025999961,44.120964015000027],[-73.083213074999946,44.120696862000045],[-73.083509796999977,44.120458674000076],[-73.083569628999953,44.120428838000066],[-73.080935740999962,44.115877982000029],[-73.078627000999973,44.112602997000067],[-73.078932422999969,44.111378710000054],[-73.078968569999972,44.111082931000055],[-73.078962511999976,44.109582628000055],[-73.078849440999988,44.109076103000064],[-73.078295321999974,44.107853357000067],[-73.077688269999953,44.105060718000061],[-73.077621291999947,44.104856516000041],[-73.077581338999948,44.104761795000059],[-73.077120307999962,44.103672447000065],[-73.077087960999961,44.103316405000044],[-73.077067453999973,44.10136870000008],[-73.077399018999984,44.098582211000064],[-73.077362076999975,44.098114957000064],[-73.077238991999934,44.097678443000063],[-73.077220226999941,44.097614904000068],[-73.076844030999951,44.096413608000034],[-73.076960086999975,44.096067504000075],[-73.077156252999941,44.095692308000025],[-73.077316141999972,44.095720328000027],[-73.077473479999981,44.09544601500005],[-73.076135973999953,44.095477378000055],[-73.07233148499995,44.09552651000007],[-73.071943144999977,44.095531492000077],[-73.071969282999987,44.09589488000006],[-73.072751000999972,44.098302628000056],[-73.072771320999948,44.098365878000038],[-73.072819409999966,44.098536357000057],[-73.072497759999976,44.101240096000026],[-73.072506794999981,44.102135979000025],[-73.074776358999941,44.102009270000053],[-73.074755803999949,44.10298967500006],[-73.074801310999987,44.103537184000061],[-73.075418530999968,44.105321432000039],[-73.076083661999974,44.107855108000081],[-73.076208251999958,44.108344561000081],[-73.076618144999941,44.109351482000079],[-73.076705172999937,44.110071890000029],[-73.07658926199997,44.110476071000051],[-73.076634121999973,44.110994753000057],[-73.076638484999933,44.111443467000072],[-73.075451017999967,44.111124188000076],[-73.075105474999987,44.112123104000034],[-73.074985117999972,44.113116949000073],[-73.07490112399995,44.116331790000061],[-73.075858692999986,44.11817295700007],[-73.076219351999953,44.121606490000033],[-73.076300979999985,44.122385272000031],[-73.076435450999952,44.123526048000031],[-73.076459366999984,44.123857523000027],[-73.076745724999967,44.12547575800005],[-73.077165477999984,44.125425221000057],[-73.077142197999933,44.125167300000044],[-73.078342840999937,44.125040940000076],[-73.082000736999987,44.123601202000032],[-73.082158326999945,44.123582319000036]]],[[[-73.082158326999945,44.123582319000036],[-73.082162779999976,44.123832961000062],[-73.082208003999938,44.124104278000061],[-73.082292693999989,44.124338972000032],[-73.082326877999947,44.124559580000039],[-73.082415934999972,44.124761626000065],[-73.08248085799994,44.125011045000065],[-73.082490092999933,44.125235577000069],[-73.082534464999981,44.125459788000057],[-73.08255232199997,44.125608057000079],[-73.082546827999977,44.125843633000045],[-73.082512336999969,44.126148262000072],[-73.08252774999994,44.126445184000033],[-73.082533685999977,44.126771123000026],[-73.08255928799997,44.127071649000072],[-73.082569233999948,44.127328802000079],[-73.082599270999935,44.127603853000039],[-73.082608291999975,44.127806588000055],[-73.082631511999978,44.127983938000057],[-73.082691929999953,44.12825138200003],[-73.082729951999966,44.12842500000005],[-73.082799242999954,44.128641491000053],[-73.082845220999957,44.128949084000055],[-73.082922040999961,44.129136990000063],[-73.082964838999942,44.129240412000058],[-73.083134127999983,44.129142657000045],[-73.083564419999959,44.128902664000066],[-73.083800384999961,44.128280176000032],[-73.08396197199994,44.127757771000063],[-73.084126967999964,44.127462740000055],[-73.08434912599995,44.127143931000035],[-73.084757799999977,44.126852012000029],[-73.085405734999938,44.126353270000038],[-73.086152892999962,44.125781313000061],[-73.086557297999946,44.125493768000069],[-73.087049096999976,44.12519986600006],[-73.087586042999988,44.124970418000032],[-73.088414293999961,44.124626123000041],[-73.088928973999941,44.124396783000066],[-73.089466294999966,44.124167324000041],[-73.089891652999938,44.123987096000064],[-73.090197297999964,44.123866275000069],[-73.089510168999936,44.123106912000026],[-73.082158326999945,44.123582319000036]]],[[[-73.082814227999961,44.158390599000029],[-73.086569630999975,44.158019817000081],[-73.085974957999952,44.156433953000032],[-73.085743363999939,44.156045892000066],[-73.085584371999971,44.155770098000062],[-73.085471053999981,44.155530212000031],[-73.08543783999994,44.15537133600003],[-73.085479491999934,44.155237950000071],[-73.085561896999934,44.155156585000043],[-73.085452029999942,44.154870499000026],[-73.08530731899998,44.15437905400006],[-73.085235452999939,44.154024767000067],[-73.085173923999946,44.153688427000077],[-73.085031784999956,44.153338297000062],[-73.084930737999969,44.153034925000043],[-73.084683603999963,44.152693065000051],[-73.084458851999955,44.152481450000039],[-73.084283954999989,44.152254814000059],[-73.084188987999937,44.152013004000025],[-73.084182468999984,44.151668788000052],[-73.084161854999934,44.15136106600005],[-73.084170891999975,44.151049536000073],[-73.084192893999955,44.150864503000037],[-73.084208076999971,44.150621707000028],[-73.08410349199994,44.150394429000073],[-73.083912299999952,44.150099111000031],[-73.083779549999974,44.149708993000047],[-73.086804916999938,44.148569058000078],[-73.089451699999984,44.151866581000036],[-73.089684014999989,44.152208507000068],[-73.089927996999961,44.152407706000076],[-73.09363048199998,44.151690959000064],[-73.08926173499998,44.146025419000068],[-73.086584632999973,44.146651494000025],[-73.085524249999935,44.146783404000075],[-73.085394340999983,44.146808574000033],[-73.085283315999959,44.146829791000073],[-73.083586408999963,44.147031218000052],[-73.083281405999969,44.147070648000067],[-73.082722289999936,44.147142927000061],[-73.082528410999942,44.147168244000056],[-73.082404517999976,44.147200516000055],[-73.082314435999933,44.147235358000046],[-73.081984344999967,44.147299514000053],[-73.080742030999943,44.147510198000077],[-73.080572601999961,44.14752135100008],[-73.080483804999972,44.147538021000059],[-73.082814227999961,44.158390599000029]]],[[[-73.084559143999968,44.066391097000064],[-73.084292518999973,44.066667315000075],[-73.084085476999974,44.066993362000062],[-73.084041811999953,44.067114806000063],[-73.083949999999959,44.067338168000049],[-73.083629996999946,44.068117751000045],[-73.083534748999966,44.068468116000076],[-73.082591918999981,44.074790858000028],[-73.08260516699994,44.075306187000081],[-73.082939840999984,44.076969498000039],[-73.083014124999977,44.077223935000063],[-73.083167939999953,44.077623456000026],[-73.085852872999965,44.076837315000034],[-73.085435631999985,44.075038029000041],[-73.086569811999937,44.067858145000059],[-73.087607994999985,44.066693764000036],[-73.085643328999936,44.065400664000038],[-73.084559143999968,44.066391097000064]]],[[[-73.091308215999959,44.089258998000048],[-73.091587875999949,44.090146448000041],[-73.091683848999935,44.090731378000044],[-73.091656745999956,44.091128562000051],[-73.093288408999967,44.091974208000067],[-73.095149904999971,44.092797734000044],[-73.09708059899998,44.091960639000035],[-73.098162575999936,44.091868214000044],[-73.09863601099994,44.091063602000077],[-73.097372075999942,44.09056199500003],[-73.095397736999985,44.089688748000071],[-73.094132995999985,44.088984185000072],[-73.093977514999949,44.088693757000044],[-73.093926107999948,44.088571426000044],[-73.091308215999959,44.089258998000048]]],[[[-73.095479114999989,44.10487564500005],[-73.095770399999935,44.109044241000049],[-73.095719144999975,44.110198203000039],[-73.09514435899996,44.113712253000074],[-73.09479061199994,44.115893313000072],[-73.096194709999963,44.115761682000027],[-73.096284469999944,44.114943336000067],[-73.096313238999983,44.114814934000037],[-73.096352180999986,44.114688872000045],[-73.096402448999982,44.114330436000046],[-73.096502787999952,44.113632973000051],[-73.096681104999959,44.112654411000051],[-73.096795197999938,44.111966438000081],[-73.096915039999942,44.111190683000075],[-73.097039609999968,44.110613467000064],[-73.097048964999942,44.110340605000033],[-73.099354108999989,44.110000876000072],[-73.099387436999962,44.109088464000081],[-73.099386072999948,44.108953470000074],[-73.099090915999966,44.104619950000028],[-73.095479114999989,44.10487564500005]]],[[[-73.104046439999934,44.157606153000074],[-73.108626835999985,44.166402365000067],[-73.119826560999968,44.165049951000071],[-73.117269311999962,44.152684768000029],[-73.115628492999974,44.154700195000032],[-73.114392280999937,44.156451016000062],[-73.112561550999942,44.154818914000032],[-73.109469689999969,44.155098420000058],[-73.107914617999938,44.154805628000076],[-73.107269754999948,44.154739449000033],[-73.106222990999981,44.15471885200003],[-73.106124149999971,44.154718251000077],[-73.105627978999962,44.154752103000078],[-73.10514806499998,44.154847597000071],[-73.104882480999947,44.15493000400005],[-73.103495175999967,44.155418559000054],[-73.104046439999934,44.157606153000074]]],[[[-73.115139332999945,44.174752198000078],[-73.115141084999948,44.17486440700003],[-73.115325716999962,44.177399566000076],[-73.115694395999981,44.178577533000066],[-73.116114853999989,44.179920877000029],[-73.117499380999959,44.179788014000053],[-73.119021386999975,44.179641938000032],[-73.121783353999945,44.179380131000073],[-73.121788859999981,44.179379608000033],[-73.121790091999969,44.179379492000066],[-73.121804183999984,44.179378156000041],[-73.121384287999945,44.17803456300004],[-73.121009858999969,44.176836406000064],[-73.120850123999958,44.174648601000058],[-73.120806705999939,44.174383902000045],[-73.120721523999975,44.174161194000078],[-73.115139332999945,44.174752198000078]]]]},"properties":{"OBJECTID":7,"OBJECT_ID":19,"County":"Addison","RPC":"ACRPC","Municipal_Name":"Bristol","GEO_ID":"5000109025","District_Name":"Rural Agriculture2","Abbreviated_District_Name":"RA2","District_Type":"Primarily Residential","Bylaw_Date":"2024-11-05","Elderly_Housing_District":"No","District_Mapped":"Yes","Overlay_District":"No","Base_Density":0.5,"FIPS6":1015,"GIS_ID":null,"Last_Update":"2026-05-31","F1F_Allowance":"Allowed/Conditional","F1F_Front_Setback":80,"F1F_Side_Setback":25,"F1F_Rear_Setback":25,"F1F_Frontage":200,"F1F_Max_Height":35,"F1F_Max_Stories":null,"F1F_Min_Lot_Size":2,"F1F_Max_Lot_Building_Coverage":15,"F1F_Max_Lot_Impervious_Coverage":15,"F1F_Min_Parking_Spaces":1,"F1F_Elderly_Housing_Only":null,"F1F_Affordable_Housing_Only":null,"F2F_Allowance":"Allowed/Conditional","F2F_Front_Setback":80,"F2F_Side_Setback":25,"F2F_Rear_Setback":25,"F2F_Frontage":200,"F2F_Max_Density":0.5,"F2F_Max_Height":35,"F2F_Max_Stories":null,"F2F_Min_Lot_Size":2,"F2F_Max_Lot_Building_Coverage":15,"F2F_Max_Lot_Impervious_Coverage":15,"F2F_Min_Parking_Spaces_per_1BR":1,"F2F_Min_Parking_Spaces_per_mult_BR":1,"F2F_Elderly_Housing_Only":"No","F2F_Affordable_Housing_Only":"No","F3F_Allowance":"Allowed/Conditional","F3F_Front_Setback":80,"F3F_Side_Setback":25,"F3F_Rear_Setback":25,"F3F_Frontage":200,"F3F_Max_Density":0.5,"F3F_Max_Height":35,"F3F_Max_Stories":null,"F3F_Min_Lot_Size":6,"F3F_Max_Lot_Building_Coverage":15,"F3F_Max_Lot_Impervious_Coverage":15,"F3F_Min_Parking_Spaces_per_1BR":1,"F3F_Min_Parking_Spaces_per_mult_BR":1,"F3F_Affordable_Housing_Only":"No","F3F_Proximity_to_Public_Transit_Required":"No","F3F_Connection_to_Sewage_Water_Required":"No","F4F_Allowance":"Allowed/Conditional","F4F_Front_Setback":80,"F4F_Side_Setback":25,"F4F_Rear_Setback":25,"F4F_Frontage":200,"F1F_Max_Density":null,"F4F_Max_Density":0.5,"F4F_Max_Height":35,"F4F_Max_Stories":null,"F4F_Min_Lot_Size":8,"F4F_Max_Lot_Building_Coverage":15,"F4F_Max_Lot_Impervious_Coverage":15,"F4F_Min_Parking_Spaces_per_1BR":1,"F4F_Min_Parking_Spaces_per_mult_BR":1,"F3F_Elderly_Housing_Only":"No","F4F_Elderly_Housing_Only":"No","F4F_Affordable_Housing_Only":"No","F4F_Proximity_to_Public_Transit_Required":"No","F4F_Connection_to_Sewage_Water_Required":"No","ADU_Allowance":"Allowed/Conditional","ADU_Elderly_Housing_Only":"No","ADU_Max_Size_as_Percent_of_Primary_Strcture":"30","ADU_Max_Size_in_sq_ft":900,"ADU_Min_Lot_Size":null,"ADU_Max_Bedrooms":null,"ADU_Min_Parking_Spaces":1,"ADU_Owner_Occupancy_Required":"yes","ADU_Renter_Occupancy_Prohibited":"No","ADU_Employee_or_Family_Occupancy_Required":"No","ADU_Restricted_to_Primary_Structure":"No","Affordable_Housing_Allowance":"Not Mentioned","Affordable_Housing_District":"No","Affordable_Housing_Elderly_Only":"No","Affordable_Housing_Min_Lot_Size":null,"Affordable_Housing_Max_Density":null,"Affordable_Housing_Min_Parking_Spaces_per_mult_BR":null,"Affordable_Housing_Max_Units_per_Building":null,"Affordable_Housing_Min_Parking_Spaces_per_1BR":null,"PRD_Allowance":"Not Mentioned","PRD_Max_Density":null,"PRD_Max_Units":null,"PRD_Min_Lot_Size":null,"PRD_Mobile_or_Manufactured_Home_Park":"No","PUD_Allowance":"Yes","PUD_Required_with_Subdivision":"Yes","PUD_Requires_Land_Conservation":"Yes","PUD_Threshold_Number":null,"Notes":"PUDs are permitted and encouraged.\nFront setback is measured from the road centerline.","Shape_Length":0.3601399286081477,"Shape_Area":0.00052184851107061291}},{"type":"Feature","id":8,"geometry":{"type":"MultiPolygon","coordinates":[[[[-73.030714427999953,44.124934839000048],[-73.030827353999939,44.125439933000052],[-73.030834353999978,44.12549393200004],[-73.030857353999977,44.125603932000047],[-73.033361345999936,44.137089370000069],[-73.033722355999942,44.138765935000038],[-73.034140354999977,44.140661627000043],[-73.034779743999934,44.143576867000036],[-73.03477976399995,44.143576960000075],[-73.036721837999949,44.152530675000037],[-73.036721875999945,44.152530850000062],[-73.037121357999979,44.154381938000029],[-73.037184357999934,44.154595938000057],[-73.037283358999957,44.155066938000061],[-73.037266393999971,44.15506904700004],[-73.036482124999964,44.155166567000038],[-73.036158867999973,44.155206761000045],[-73.025247354999976,44.156562938000036],[-73.020234352999978,44.157189939000034],[-73.017322350999962,44.157545939000045],[-73.017014351999933,44.157582939000065],[-73.016904422999971,44.158224874000041],[-73.016852350999955,44.158528939000064],[-73.016758615999947,44.159085368000035],[-73.016758350999964,44.159086939000076],[-73.016821967999988,44.159420061000048],[-73.01682197699995,44.159420109000052],[-73.017050351999956,44.160615939000081],[-73.01730035199995,44.161927939000066],[-73.017358351999974,44.162233939000032],[-73.017499351999959,44.162953939000033],[-73.018243352999946,44.166875940000068],[-73.019161026999939,44.171693001000051],[-73.019681352999953,44.174423942000033],[-73.019846353999981,44.175292941000066],[-73.019988283999965,44.176036239000041],[-73.020344353999974,44.177900943000054],[-73.021171202999938,44.182239930000037],[-73.021547103999978,44.184211772000026],[-73.021608353999966,44.184531944000071],[-73.021650354999963,44.184749943000043],[-73.021692746999975,44.184975725000072],[-73.021697531999962,44.185000823000053],[-73.021706354999935,44.185044943000037],[-73.021806354999967,44.18556794400007],[-73.021826354999973,44.185675943000035],[-73.021838354999943,44.185737944000039],[-73.02193380999995,44.186240147000035],[-73.022101832999965,44.187121427000079],[-73.022101973999952,44.187122171000055],[-73.022152354999946,44.187385943000038],[-73.022302354999965,44.188169944000038],[-73.022445354999945,44.188920944000074],[-73.022546355999964,44.189449945000035],[-73.022595355999954,44.189707944000077],[-73.022752355999955,44.190532945000029],[-73.022903355999972,44.191323944000032],[-73.023057355999981,44.192130945000031],[-73.034510359999956,44.191038945000059],[-73.035949465999977,44.190901649000068],[-73.035966238999947,44.190900049000049],[-73.037316851999947,44.190771150000046],[-73.041913889999989,44.190323397000043],[-73.045279363999953,44.189989943000057],[-73.04583136399998,44.189935944000069],[-73.04607901199995,44.18991073400008],[-73.046874363999962,44.189831944000048],[-73.048708546999933,44.189649908000035],[-73.048765766999963,44.189644240000064],[-73.047484355999984,44.188087696000025],[-73.047361807999948,44.187938830000064],[-73.047220962999972,44.187502306000056],[-73.047019237999962,44.187033309000071],[-73.046651850999979,44.18674003700005],[-73.046133427999962,44.186513159000071],[-73.045811675999971,44.186208699000076],[-73.045638104999966,44.18582421900004],[-73.045579306999969,44.185636346000081],[-73.045501961999946,44.185513951000075],[-73.045237000999975,44.185306108000077],[-73.044861207999986,44.185074044000032],[-73.044562070999973,44.184931752000068],[-73.044172320999962,44.184754033000047],[-73.043908984999973,44.184636882000063],[-73.04357358599998,44.184418823000044],[-73.043413499999986,44.18418108700007],[-73.043182004999949,44.183317351000028],[-73.041966465999963,44.177426902000036],[-73.044686642999977,44.176854702000071],[-73.045548598999972,44.180823358000055],[-73.045557372999951,44.180863534000025],[-73.046124748999944,44.183223588000033],[-73.046246245999953,44.183281365000028],[-73.046573354999964,44.183447987000079],[-73.047378783999989,44.18394475100007],[-73.047690815999943,44.184170785000049],[-73.047979232999978,44.184463167000047],[-73.048203052999952,44.184807042000045],[-73.048351085999968,44.185112610000033],[-73.048579374999974,44.185223858000029],[-73.050910576999968,44.186359829000025],[-73.051818364999974,44.186270943000068],[-73.052553364999937,44.186194942000043],[-73.053105020999965,44.186139292000064],[-73.053105345999938,44.186139260000061],[-73.054598372999976,44.185989848000077],[-73.054918365999981,44.185957943000062],[-73.055869825999935,44.18586259500006],[-73.056325366999943,44.185816942000031],[-73.057328367999958,44.185715942000058],[-73.061373367999977,44.185297942000034],[-73.062317185999973,44.185203426000044],[-73.061972300999969,44.183853189000047],[-73.06180679299996,44.183205197000063],[-73.061394297999982,44.182364747000065],[-73.061564648999934,44.181247497000072],[-73.061786683999969,44.180470301000071],[-73.060997611999937,44.179604279000046],[-73.060304453999947,44.178505752000035],[-73.060399992999976,44.177410806000069],[-73.059709837999947,44.176460618000078],[-73.05956243299994,44.176039398000057],[-73.059575563999942,44.17594026300003],[-73.059613195999987,44.175869908000038],[-73.059521789999962,44.175791325000034],[-73.059415392999938,44.175739253000074],[-73.059320129999946,44.175748719000069],[-73.05926332599995,44.175651263000077],[-73.059202983999967,44.175551575000043],[-73.059090100999981,44.175433301000055],[-73.059044130999951,44.175283058000048],[-73.059056630999976,44.175117060000048],[-73.059087722999948,44.174933533000058],[-73.059188851999977,44.17480043200004],[-73.059135770999944,44.17472461300008],[-73.059192672999984,44.17450186700006],[-73.059235021999939,44.174269068000058],[-73.059173849999979,44.17408135200003],[-73.059121639999944,44.173932265000076],[-73.059090212999934,44.173832153000035],[-73.059050270999933,44.173616632000062],[-73.059098063999954,44.173505024000065],[-73.059159951999959,44.173396441000079],[-73.059177354999974,44.173294402000067],[-73.059063606999985,44.17320819400004],[-73.058893185999978,44.173079373000064],[-73.058748441999967,44.172979816000066],[-73.058655401999943,44.172893224000063],[-73.05856797399997,44.172780168000031],[-73.058580115999973,44.172658750000039],[-73.058585026999936,44.172599524000077],[-73.058606080999937,44.17234615700005],[-73.058653635999974,44.172188706000043],[-73.058549920999951,44.172067995000077],[-73.058466756999962,44.171992605000071],[-73.058334359999947,44.171875831000079],[-73.058246829999973,44.171710322000081],[-73.058172246999959,44.171550235000041],[-73.058116383999959,44.171427602000051],[-73.058052761999988,44.171269571000039],[-73.058052209999971,44.17108662000004],[-73.058014750999973,44.17100946000005],[-73.058033471999977,44.17083991700008],[-73.058115406999946,44.170702548000065],[-73.058261983999955,44.170500037000068],[-73.058200606999947,44.170248338000079],[-73.058215914999948,44.170131405000063],[-73.058270540999956,44.170040154000048],[-73.058284125999933,44.169906213000047],[-73.058226364999939,44.169789356000081],[-73.058240097999942,44.169712507000042],[-73.058153910999977,44.169647538000049],[-73.057989855999949,44.169571137000048],[-73.057832641999937,44.16947403100005],[-73.057748348999951,44.169361099000071],[-73.057909466999945,44.169167517000062],[-73.058046963999971,44.169204251000053],[-73.058017721999988,44.169128176000072],[-73.057889834999969,44.169074589000047],[-73.058001076999972,44.168937429000039],[-73.058161446999975,44.16883075700008],[-73.057952540999963,44.168804354000031],[-73.057921670999974,44.16872139600008],[-73.057938253999964,44.168532316000039],[-73.058079693999957,44.16853134400003],[-73.058285440999953,44.168554386000039],[-73.058466455999962,44.168606516000068],[-73.058594798999934,44.168542749000039],[-73.058576981999977,44.168476602000055],[-73.058426401999952,44.168378339000071],[-73.058388654999987,44.168229181000072],[-73.05843785999997,44.168019129000072],[-73.058559035999963,44.167817021000076],[-73.058630508999954,44.167606720000038],[-73.058601030999966,44.167464130000042],[-73.058630931999971,44.167403095000054],[-73.05864057399998,44.167279438000037],[-73.058532649999961,44.167091248000077],[-73.058470818999979,44.167039659000068],[-73.058358974999976,44.166864144000044],[-73.058372503999976,44.166724298000076],[-73.058390721999956,44.166584569000065],[-73.058461589999979,44.166517144000068],[-73.058521729999939,44.166348102000029],[-73.058502211999951,44.166225994000058],[-73.058471833999988,44.166112096000063],[-73.058527562999984,44.165848155000049],[-73.058511936999935,44.165641513000025],[-73.058411955999986,44.165480564000063],[-73.058282599999984,44.165353369000059],[-73.058182228999954,44.165233767000075],[-73.057998036999948,44.165133698000034],[-73.057962557999986,44.165058778000059],[-73.05787154099994,44.164936598000054],[-73.057938133999983,44.164830382000048],[-73.057851581999955,44.16474657100008],[-73.057861358999958,44.164644008000039],[-73.057762287999935,44.164579242000059],[-73.057690373999947,44.164452329000028],[-73.057681690999971,44.164318637000065],[-73.057712939999988,44.164193470000043],[-73.057665474999965,44.164048999000045],[-73.057564668999987,44.164048858000058],[-73.05745885999994,44.163932164000073],[-73.057434871999988,44.163874203000034],[-73.057323673999974,44.163766184000053],[-73.057365457999936,44.163680902000067],[-73.057253314999969,44.163596793000067],[-73.057194847999938,44.163445626000055],[-73.057068066999989,44.163508260000071],[-73.057018592999952,44.163399236000032],[-73.057043083999986,44.163261585000043],[-73.057045911999978,44.163188307000041],[-73.057013984999969,44.163075682000056],[-73.057124779999981,44.163016643000049],[-73.057146967999984,44.162800253000057],[-73.057034131999956,44.162850022000043],[-73.05685449899994,44.162735023000039],[-73.056689929999948,44.162601669000026],[-73.056466774999933,44.162470148000068],[-73.056235580999953,44.162439493000079],[-73.056179837999935,44.162328249000041],[-73.056170211999984,44.162218609000035],[-73.056058750999966,44.162206636000064],[-73.055909188999976,44.162089944000058],[-73.05573598899997,44.162035519000028],[-73.055620341999941,44.16199389600007],[-73.055545814999959,44.162004101000036],[-73.055484860999968,44.162045178000028],[-73.055378551999979,44.162041055000032],[-73.055279498999937,44.161977411000066],[-73.055265342999974,44.161926152000035],[-73.055084520999969,44.161933641000076],[-73.054932849999943,44.161966861000053],[-73.054790713999978,44.161933521000037],[-73.054666084999951,44.16197561000007],[-73.054568535999977,44.161947398000052],[-73.054562621999935,44.161858270000039],[-73.054534290999982,44.161753501000078],[-73.054493610999941,44.16166482400007],[-73.054461191999962,44.161540669000033],[-73.05436405599994,44.161431312000047],[-73.054211777999967,44.161336989000063],[-73.054098055999987,44.161271026000065],[-73.054021080999973,44.161228579000067],[-73.053976625999951,44.161153912000032],[-73.053984653999976,44.161093264000044],[-73.053973804999941,44.160977725000066],[-73.053961972999957,44.160924062000049],[-73.053945258999988,44.160849754000026],[-73.053933785999959,44.160792715000071],[-73.053932774999964,44.160726345000057],[-73.053897829999983,44.160582515000044],[-73.053841191999936,44.160500384000045],[-73.053752286999952,44.160476979000066],[-73.053663513999936,44.160509402000059],[-73.053568521999978,44.160545440000078],[-73.053477047999934,44.160581461000049],[-73.053374177999956,44.160610577000057],[-73.053324652999947,44.160578825000073],[-73.053329808999933,44.160503425000059],[-73.053329124999948,44.160430163000058],[-73.053329959999985,44.160352394000029],[-73.053269150999938,44.160325266000029],[-73.053118492999943,44.160341043000074],[-73.053022323999983,44.160334687000045],[-73.052941054999962,44.160250495000071],[-73.052911992999952,44.160192418000065],[-73.052847662999966,44.16012298000004],[-73.052762754999947,44.160067421000065],[-73.052652860999956,44.160055438000029],[-73.05256746699996,44.160073148000038],[-73.052496218999977,44.160099789000071],[-73.052421815999935,44.160123211000041],[-73.052305667999974,44.160090023000066],[-73.052300161999938,44.16002325200003],[-73.052312075999964,44.159960196000043],[-73.052330005999977,44.159872078000035],[-73.052289282999936,44.159778478000078],[-73.052174220999973,44.159715051000035],[-73.052106980999952,44.159668547000081],[-73.052066504999971,44.159601383000052],[-73.052048199999945,44.159523707000062],[-73.052039451999974,44.159465389000047],[-73.051995657999953,44.15937757100005],[-73.051926475999949,44.159290437000038],[-73.051823186999968,44.159274482000058],[-73.051748762999978,44.159295443000076],[-73.051665804999971,44.159281149000037],[-73.051633716999959,44.159317374000068],[-73.051592282999934,44.159357019000026],[-73.051495898999974,44.159348414000078],[-73.051467413999944,44.159289138000076],[-73.051465126999972,44.15921138300007],[-73.051464022999937,44.159134749000032],[-73.051469526999938,44.159054566000066],[-73.05149268599996,44.158982454000068],[-73.051482001999943,44.158884069000067],[-73.051427200999967,44.158830615000056],[-73.051341116999936,44.158795171000065],[-73.051235464999934,44.158714119000081],[-73.051220370999943,44.158645567000065],[-73.051232222999943,44.158575760000076],[-73.051284070999941,44.158521650000068],[-73.05130209899994,44.158443798000064],[-73.051262802999986,44.158335426000065],[-73.051217650999945,44.158269269000073],[-73.051137338999979,44.158203422000042],[-73.051081184999987,44.158130569000036],[-73.051015466999957,44.158079417000067],[-73.050968720999947,44.158009893000042],[-73.05095818999996,44.157927677000032],[-73.05098247799998,44.157850920000044],[-73.051001076999967,44.15779247100005],[-73.050999887999978,44.157706696000048],[-73.050936964999948,44.157620094000038],[-73.050888763999978,44.157562108000036],[-73.050859121999963,44.157483360000072],[-73.050849064999966,44.15741014300005],[-73.050846568999987,44.157351796000057],[-73.050858732999984,44.157231644000035],[-73.05069922399997,44.157093055000075],[-73.050584540999978,44.157069701000069],[-73.050400028999945,44.157056950000026],[-73.050315689999934,44.157019810000065],[-73.050216334999959,44.156964319000053],[-73.050161130999982,44.156846180000059],[-73.050204857999972,44.156780156000025],[-73.050252017999981,44.156726210000045],[-73.050318202999961,44.156701705000046],[-73.050301548999983,44.156633300000067],[-73.050169445999984,44.156584859000077],[-73.050075744999958,44.156591076000041],[-73.049972615999934,44.156591713000068],[-73.04989255199996,44.156552020000049],[-73.049872719999939,44.156477866000046],[-73.04979444199995,44.156420024000056],[-73.049727193999956,44.156372254000075],[-73.049621581999986,44.156315668000047],[-73.049536609999961,44.156252234000078],[-73.049467642999957,44.156187316000057],[-73.049430189999953,44.156108605000043],[-73.04943893799998,44.156041063000032],[-73.049482061999981,44.155931028000055],[-73.049560713999938,44.15586090000005],[-73.049601633999941,44.155807970000069],[-73.049671953999962,44.155724100000043],[-73.049701500999959,44.155666723000081],[-73.049613245999979,44.155586008000057],[-73.049486184999978,44.155575369000076],[-73.049379963999968,44.155579395000075],[-73.049268259999963,44.155539995000026],[-73.04920539699998,44.155459157000053],[-73.049175479999974,44.155350598000041],[-73.049191735999955,44.155249973000025],[-73.049211537999952,44.155152566000027],[-73.049186765999934,44.155093201000057],[-73.049201310999933,44.155039764000037],[-73.049204111999984,44.154983852000043],[-73.049184934999971,44.154916937000053],[-73.049269176999985,44.154880813000034],[-73.049380292999956,44.154899193000062],[-73.04945821299998,44.154918646000056],[-73.049537475999955,44.154956374000051],[-73.049625111999944,44.154970484000046],[-73.049554526999941,44.154899691000026],[-73.049437737999938,44.154859120000026],[-73.049381861999962,44.15481565500005],[-73.049316096999974,44.15475901700006],[-73.049252594999984,44.154735557000038],[-73.049183894999942,44.154783560000055],[-73.04908232799994,44.154755782000052],[-73.049011182999948,44.154715554000063],[-73.048934890999988,44.154639983000038],[-73.048833884999965,44.154616492000059],[-73.04875790799997,44.154595904000075],[-73.04875128599997,44.154534764000061],[-73.048715038999944,44.154480376000038],[-73.048631635999982,44.154459472000042],[-73.048476888999971,44.154468253000061],[-73.048416411999938,44.154419795000081],[-73.048281140999961,44.15440835000004],[-73.048200233999978,44.154403676000072],[-73.048071362999963,44.154408372000034],[-73.047944433999987,44.154411794000055],[-73.047825169999953,44.154399147000049],[-73.047736301999976,44.154378619000056],[-73.047666447999973,44.154344220000041],[-73.047587118999957,44.154277874000059],[-73.047561562999988,44.154196646000059],[-73.047615540999971,44.15420421400006],[-73.047633994999956,44.154150876000074],[-73.047571230999949,44.154101678000075],[-73.047482152999976,44.154100557000049],[-73.047406174999935,44.153995172000066],[-73.047382175999985,44.153934537000055],[-73.047348810999949,44.153790416000049],[-73.047306154999944,44.153697668000063],[-73.047310059999973,44.153591899000048],[-73.047272914999951,44.153524859000072],[-73.047173441999973,44.153511835000074],[-73.047147497999958,44.153480319000039],[-73.047102974999973,44.153439118000051],[-73.047079929999938,44.153376158000071],[-73.047061606999989,44.153316621000045],[-73.047072063999963,44.153243446000033],[-73.047063294999987,44.153161082000054],[-73.047061821999989,44.15308613600007],[-73.047031800999946,44.153007812000055],[-73.04701410399997,44.152952912000046],[-73.046969653999952,44.152877328000045],[-73.046966570999984,44.152797257000032],[-73.046949052999935,44.152719365000053],[-73.046890332999965,44.152663396000037],[-73.046846010999957,44.152601593000043],[-73.046814104999953,44.152530589000037],[-73.046804727999984,44.15244597800006],[-73.046793503999936,44.152372626000044],[-73.046773787999939,44.152310354000065],[-73.046777909999946,44.152249092000034],[-73.046782417999964,44.152187336000054],[-73.046777919999954,44.152123232000065],[-73.04673825499998,44.152058031000081],[-73.046690680999973,44.151982463000081],[-73.046656325999948,44.15194247800008],[-73.046681125999953,44.151878305000025],[-73.046696897999936,44.151809605000039],[-73.046722668999962,44.151723841000035],[-73.046760676999952,44.151609472000075],[-73.046786679999968,44.151464223000062],[-73.046814817999973,44.151338792000047],[-73.046797516999959,44.151030344000048],[-73.046778543999949,44.150879263000036],[-73.046778776999986,44.150735122000071],[-73.046815292999952,44.150586308000072],[-73.046855070999982,44.150452382000026],[-73.04690915599997,44.150344827000026],[-73.046928241999979,44.150254455000038],[-73.046938089999969,44.149924924000061],[-73.046869645999948,44.149788704000059],[-73.046761802999981,44.149658299000066],[-73.04669344499996,44.149531220000028],[-73.046620555999937,44.149294335000036],[-73.046588895999946,44.149165112000048],[-73.046557169999971,44.149028858000065],[-73.046526975999939,44.148931549000054],[-73.046506337999972,44.148811415000068],[-73.046511119999934,44.14873700000004],[-73.046511151999937,44.148655860000076],[-73.046534875999953,44.148581215000036],[-73.046559216999981,44.148531038000044],[-73.046616107999967,44.148431483000081],[-73.046687747999954,44.148321595000027],[-73.04678023699995,44.148227776000056],[-73.046862739999938,44.148152288000063],[-73.046972435999976,44.148103108000043],[-73.047091602999956,44.148064145000035],[-73.047180659999981,44.148021813000071],[-73.047358290999966,44.147969212000078],[-73.047437729999956,44.147942816000068],[-73.047498357999984,44.147909619000075],[-73.047550633999947,44.147860431000026],[-73.047558572999947,44.147789518000025],[-73.047500052999965,44.147712736000074],[-73.047471620999943,44.147594889000061],[-73.047434966999958,44.147517158000028],[-73.04739699299995,44.147423261000029],[-73.047380975999943,44.147338542000057],[-73.047374660999935,44.14724702500007],[-73.047414702999959,44.147099458000071],[-73.047459053999944,44.146995817000061],[-73.047473615999934,44.146923254000058],[-73.047460650999938,44.146830504000036],[-73.04743069899996,44.146717164000052],[-73.047411630999989,44.146598146000031],[-73.047416686999952,44.146511215000032],[-73.047426112999972,44.146432280000056],[-73.04742784299998,44.146365897000067],[-73.047432654999966,44.146294858000033],[-73.047467616999938,44.14618964400006],[-73.04749286699996,44.146090101000027],[-73.047532819999958,44.145975582000062],[-73.04759456499994,44.14589442700003],[-73.04762660199998,44.145810883000081],[-73.047688395999955,44.145608227000025],[-73.047722141999941,44.14549837800007],[-73.047728262999954,44.14540005200007],[-73.047720312999957,44.14534285600007],[-73.047734974999969,44.14528105100004],[-73.047710861999974,44.145207760000062],[-73.047763481999937,44.145090509000056],[-73.047728832999951,44.144954831000064],[-73.047717481999939,44.144825510000032],[-73.047703470999977,44.144704218000072],[-73.047684287999971,44.144530357000065],[-73.047647802999961,44.14447076700003],[-73.047632061999934,44.144373530000053],[-73.047654195999939,44.144275127000071],[-73.047686168999974,44.144184693000057],[-73.047672094999939,44.144056510000041],[-73.047656352999979,44.143916945000058],[-73.047664225999938,44.143796814000041],[-73.04764853599994,44.143662875000075],[-73.047596047999946,44.14351982800008],[-73.047613695999985,44.143443103000038],[-73.047665958999971,44.143392791000053],[-73.047723351999934,44.143348218000028],[-73.047772383999984,44.143286389000025],[-73.04785372799995,44.143213156000058],[-73.047877391999975,44.143153558000051],[-73.04792841699998,44.143054032000066],[-73.04793469699996,44.142972861000032],[-73.047915596999985,44.142892656000072],[-73.047879313999942,44.14277020600008],[-73.047838026999955,44.142655794000063],[-73.047774402999949,44.14257566200007],[-73.047715542999981,44.142461335000064],[-73.047696581999958,44.14235370800003],[-73.047692244999951,44.142222736000065],[-73.047725446999948,44.142096225000046],[-73.04773176499998,44.141934897000056],[-73.047763546999988,44.141823933000069],[-73.04780987099997,44.141680836000035],[-73.047821057999954,44.141538892000028],[-73.047813318999943,44.141419960000064],[-73.047841691999963,44.141362730000026],[-73.047824504999937,44.141278016000058],[-73.047775068999954,44.141127082000025],[-73.047781558999986,44.141026362000048],[-73.047760899999957,44.14090397700005],[-73.047696179999946,44.140789539000025],[-73.04761926499998,44.140665547000026],[-73.047521374999974,44.14055370400007],[-73.047434300999953,44.140429106000056],[-73.047345198999949,44.140338688000043],[-73.047294361999946,44.140247104000025],[-73.047248538999952,44.140148746000079],[-73.047208730999955,44.140025046000062],[-73.047216625999965,44.139907164000078],[-73.047234453999977,44.139849985000069],[-73.047223420999956,44.139754976000063],[-73.047204397999963,44.139555942000072],[-73.047221832999981,44.139413967000053],[-73.047217061999959,44.139277865000054],[-73.047205807999944,44.139201138000033],[-73.047202852999987,44.139134777000038],[-73.047191736999935,44.139072956000064],[-73.047158518999936,44.138986068000065],[-73.047083828999973,44.13893341000005],[-73.047015428999941,44.138885363000043],[-73.046971232999965,44.138836074000039],[-73.046937688999947,44.138755938000031],[-73.046942595999951,44.138695305000056],[-73.046933189999947,44.138607178000029],[-73.046937992999972,44.13849282700005],[-73.046996688999968,44.138336030000062],[-73.047014282999953,44.138211212000044],[-73.046998459999941,44.138104834000046],[-73.046986704999938,44.137952594000069],[-73.046971774999975,44.137837072000025],[-73.046960761999969,44.137701984000046],[-73.04694165799998,44.137578466000036],[-73.046894295999948,44.13739756700005],[-73.046872066999981,44.137231736000047],[-73.046864223999933,44.137143602000037],[-73.046837191999941,44.137007466000057],[-73.046799150999959,44.136820898000053],[-73.046837368999945,44.136645777000069],[-73.046853253999984,44.136505076000049],[-73.046877169999959,44.136388243000056],[-73.046877189999975,44.136221180000064],[-73.04686802699996,44.136074693000069],[-73.04688220099996,44.135960296000064],[-73.046890274999953,44.135819492000053],[-73.046901419999983,44.135757704000071],[-73.04689962599997,44.135690213000032],[-73.046980695999935,44.135546106000049],[-73.047030375999952,44.135385838000047],[-73.047084234999943,44.135213032000081],[-73.047111421999944,44.13507002700004],[-73.047138650999955,44.134973850000051],[-73.047165533999987,44.134882315000027],[-73.047203823999951,44.134799865000048],[-73.047229037999955,44.134696949000045],[-73.047246788999985,44.134589284000072],[-73.047308706999956,44.13444344100003],[-73.047399457999973,44.134375365000039],[-73.047456408999949,44.134326155000053],[-73.047535797999956,44.134254056000032],[-73.047577739999952,44.134186425000053],[-73.047583711999948,44.134114467000074],[-73.047573220999936,44.134035416000074],[-73.047642583999959,44.133977075000075],[-73.047712579999938,44.133944958000029],[-73.047801584999945,44.13389925000007],[-73.047953054999937,44.133872930000052],[-73.048041410999986,44.133820334000063],[-73.048068184999977,44.133759597000051],[-73.048154231999945,44.133647527000051],[-73.048188963999962,44.133560454000076],[-73.048205013999961,44.133480362000057],[-73.048225868999964,44.133412902000032],[-73.048270130999981,44.133343080000031],[-73.048324114999957,44.133268712000074],[-73.048357463999935,44.133201192000058],[-73.048395805999974,44.133124508000037],[-73.048448069999949,44.133075320000046],[-73.048514949999969,44.133044343000051],[-73.048608659999957,44.133000861000028],[-73.048735561999933,44.132957361000081],[-73.048816583999951,44.132893269000078],[-73.048877035999965,44.132800587000077],[-73.048961296999948,44.132706807000034],[-73.049016987999948,44.132648321000033],[-73.049087055999962,44.132582031000027],[-73.049136245999989,44.132538482000029],[-73.04920365299995,44.132480151000038],[-73.049295058999974,44.13239892200005],[-73.049357199999974,44.132362201000035],[-73.049504860999946,44.132325632000061],[-73.049638897999955,44.132314721000057],[-73.049711899999977,44.132333495000069],[-73.049991506999959,44.132123742000033],[-73.04997177499996,44.131933150000066],[-73.049732349999942,44.131717458000026],[-73.049648458999968,44.131514096000046],[-73.049809838999977,44.131230663000053],[-73.049953924999954,44.131019594000065],[-73.050124184999959,44.130683524000062],[-73.050165354999933,44.130196903000069],[-73.050181815999963,44.129993058000025],[-73.050353842999982,44.129847666000046],[-73.050369664999948,44.129617247000056],[-73.050304187999984,44.129420405000076],[-73.050229949999959,44.129289278000044],[-73.050165242999981,44.129217308000079],[-73.050001735999956,44.129270689000066],[-73.049835642999938,44.129087410000068],[-73.049533009999948,44.128918007000038],[-73.048717986999975,44.128613112000039],[-73.048289476999969,44.128680841000062],[-73.047888083999965,44.128682766000054],[-73.047182883999938,44.128429786000027],[-73.046073272999934,44.127850094000053],[-73.045744838999951,44.12784505500008],[-73.045484225999985,44.127911831000063],[-73.044680981999988,44.127907507000032],[-73.04461919299996,44.127896247000081],[-73.044413773999963,44.127894015000038],[-73.044277127999976,44.127896213000042],[-73.044197809999957,44.127890544000081],[-73.044107261999955,44.127895054000078],[-73.04405264899998,44.12790086900003],[-73.043942252999955,44.127934019000065],[-73.043839681999941,44.127990125000053],[-73.043702234999955,44.128096529000061],[-73.043559389999984,44.128189178000071],[-73.043376757999965,44.12828651500007],[-73.043239898999957,44.128350588000046],[-73.043046174999972,44.128430681000054],[-73.042895192999936,44.128487931000052],[-73.042697016999966,44.128550887000074],[-73.042568104999987,44.128587500000037],[-73.042445236999981,44.128623521000065],[-73.042322843999955,44.128625860000056],[-73.042201237999961,44.128607523000028],[-73.04209485399997,44.128588622000052],[-73.041972724999937,44.128555873000039],[-73.041743946999986,44.128517724000062],[-73.041429521999987,44.128465073000029],[-73.041215100999977,44.128417011000067],[-73.040931039999975,44.128354091000062],[-73.040672245999986,44.128278674000057],[-73.040440501999967,44.128214662000062],[-73.040180094999982,44.12813348800006],[-73.039916626999968,44.128059076000056],[-73.039417995999941,44.127930931000037],[-73.039176592999979,44.127878211000052],[-73.038989519999973,44.127831281000056],[-73.038884706999966,44.127813073000027],[-73.038646492999987,44.127767227000049],[-73.038368366999975,44.127712288000055],[-73.038051007999968,44.127636862000031],[-73.037841267999966,44.127587646000052],[-73.037600854999937,44.127535973000079],[-73.037290446999975,44.127473237000061],[-73.037030133999963,44.127444508000053],[-73.036776181999983,44.127428546000033],[-73.036567915999967,44.127412509000067],[-73.036382041999957,44.127411412000072],[-73.036282142999937,44.127418209000041],[-73.036112225999943,44.127411413000061],[-73.036000889999968,44.127405607000071],[-73.035853424999971,44.127377049000074],[-73.035718340999949,44.127335917000039],[-73.035659374999966,44.12731098900008],[-73.035564296999951,44.127270686000031],[-73.035416816999941,44.127197409000075],[-73.035272369999973,44.127113850000057],[-73.03510558399995,44.127021116000037],[-73.034939127999962,44.126921630000027],[-73.034734432999983,44.126781963000042],[-73.034555173999934,44.126648082000031],[-73.034370878999937,44.126518726000029],[-73.034271501999967,44.126453378000065],[-73.034191764999946,44.126400876000048],[-73.034009218999984,44.126292182000043],[-73.033812341999976,44.126196211000035],[-73.033594811999933,44.126104696000027],[-73.033390228999963,44.126020010000047],[-73.033167725999988,44.125939908000078],[-73.032923223999944,44.125844861000076],[-73.032828884999958,44.125805995000064],[-73.030714427999953,44.124934839000048]],[[-73.04739899499998,44.15571181100006],[-73.044607259999964,44.156508151000025],[-73.044352669999967,44.156053882000037],[-73.044279445999962,44.155950380000036],[-73.044128613999987,44.155733762000068],[-73.043006811999987,44.154133167000055],[-73.04293071799998,44.15401427900008],[-73.042798344999937,44.153807346000065],[-73.04266626499998,44.153461615000026],[-73.042645271999959,44.153302247000056],[-73.042615335999983,44.153104812000038],[-73.042451997999933,44.152033044000063],[-73.042437179999979,44.151779989000033],[-73.042526648999967,44.149393725000039],[-73.045439717999955,44.149208434000059],[-73.045338240999968,44.150278086000071],[-73.045297628999947,44.151636996000036],[-73.045290827999963,44.152383324000027],[-73.045380617999967,44.153183049000063],[-73.04594095799996,44.153920761000052],[-73.046394156999952,44.154561390000026],[-73.046726624999962,44.154902643000071],[-73.047020381999971,44.15532395300005],[-73.04739899499998,44.15571181100006]]],[[[-73.051983793999966,44.067684254000028],[-73.053946315999951,44.068985115000032],[-73.054008321999959,44.069443259000025],[-73.054143658999976,44.069900622000034],[-73.054585897999971,44.070847987000036],[-73.054912618999936,44.071329594000076],[-73.057124525999939,44.073702872000069],[-73.05964217199994,44.07327065700008],[-73.060213319999946,44.073148887000059],[-73.059981396999945,44.072921225000073],[-73.05973363399994,44.072709812000028],[-73.059540468999955,44.072579272000041],[-73.059357860999967,44.072409727000036],[-73.059251700999937,44.072238682000034],[-73.059123338999939,44.072071261000076],[-73.058952164999937,44.071914175000074],[-73.058800363999978,44.071784557000058],[-73.058681366999963,44.071617090000075],[-73.058593129999963,44.07148477000004],[-73.058487812999942,44.071278423000081],[-73.05837033399996,44.071106308000026],[-73.058198888999982,44.070878486000026],[-73.057973003999962,44.070669072000044],[-73.057388782999965,44.067525543000045],[-73.056881522999959,44.065303441000026],[-73.05626016399998,44.06492958900003],[-73.054172445999939,44.06286816000005],[-73.05404144299996,44.062748419000059],[-73.053687274999959,44.062496445000079],[-73.053278172999967,44.062292831000036],[-73.052825891999987,44.062143424000055],[-73.052739496999948,44.062122327000054],[-73.052328288999945,44.062027142000034],[-73.051933313999939,44.061957753000058],[-73.051437693999958,44.061928927000054],[-73.051059930999941,44.061948890000053],[-73.048532935999958,44.062210664000077],[-73.048414827999977,44.062218684000072],[-73.048346306999974,44.06223237200004],[-73.046788653999954,44.062463293000064],[-73.045519627999965,44.062397501000078],[-73.044847788999959,44.062419830000067],[-73.04466038399994,44.062442240000053],[-73.04457860399998,44.062413802000037],[-73.044293081999967,44.062327552000056],[-73.04381172099994,44.062237031000052],[-73.043316102999938,44.062208170000076],[-73.043061881999961,44.062217534000069],[-73.042629598999952,44.062247432000049],[-73.040765612999962,44.061693340000033],[-73.040444131999948,44.061597830000039],[-73.040308380999988,44.061552908000067],[-73.040059891999988,44.061506129000065],[-73.03982741599998,44.061461805000079],[-73.038291529999981,44.061169235000079],[-73.037686106999956,44.060943990000055],[-73.036167036999984,44.059919067000067],[-73.03559215699994,44.059618432000036],[-73.033242066999946,44.058687464000059],[-73.031385996999973,44.05795214300008],[-73.031379335999986,44.058054242000026],[-73.031240349999962,44.06018092000005],[-73.031231349999985,44.060316921000037],[-73.031221348999964,44.060473920000049],[-73.028538023999943,44.060735213000044],[-73.031341224999949,44.061846287000037],[-73.033092575999945,44.062540395000042],[-73.034726642999942,44.063643008000042],[-73.035154147999947,44.063860384000066],[-73.036396348999972,44.064322565000055],[-73.036793240999941,44.064431655000078],[-73.036903812999981,44.064452230000029],[-73.035871769999972,44.067051639000056],[-73.040175168999951,44.06804965200007],[-73.040767530999972,44.066145858000027],[-73.041093347999947,44.066243738000026],[-73.041232956999977,44.066282593000039],[-73.041714347999971,44.066373125000041],[-73.042209998999965,44.066401994000046],[-73.042464238999969,44.066392630000053],[-73.042822481999963,44.066367443000047],[-73.042993458999945,44.066423867000026],[-73.043274768999936,44.066516890000059],[-73.043756163999944,44.066607413000042],[-73.044251819999943,44.066636272000039],[-73.044723110999939,44.066603159000067],[-73.045447871999954,44.066519192000044],[-73.046777473999953,44.066587931000072],[-73.047566233999987,44.066549701000042],[-73.049327286999983,44.066284040000028],[-73.049515116999942,44.066264293000074],[-73.05044646999994,44.066166152000051],[-73.051983793999966,44.067684254000028]]],[[[-73.101098334999961,44.17590890300005],[-73.10116263499998,44.17612203200008],[-73.101167776999944,44.176397347000034],[-73.101364367999963,44.176707091000026],[-73.10152405499997,44.176923093000028],[-73.101745583999957,44.177225392000025],[-73.101841680999939,44.177528774000052],[-73.101907151999967,44.177818115000036],[-73.101742571999978,44.178120340000078],[-73.10170151799997,44.178349069000035],[-73.101522711999962,44.178712962000077],[-73.10135121199994,44.178950113000042],[-73.101214621999986,44.179161486000055],[-73.101083295999956,44.179390973000068],[-73.100986918999979,44.179598479000049],[-73.100896526999975,44.179856578000056],[-73.100835846999985,44.179996883000058],[-73.100210387999937,44.181443068000078],[-73.100573819999966,44.181406778000053],[-73.100604273999977,44.181403793000072],[-73.102697065999962,44.181198667000046],[-73.104071382999962,44.181063940000058],[-73.104123381999955,44.181058940000071],[-73.111040848999949,44.180403727000055],[-73.114415385999962,44.180083939000042],[-73.116114853999989,44.179920877000029],[-73.115694395999981,44.178577533000066],[-73.115325716999962,44.177399566000076],[-73.115141084999948,44.17486440700003],[-73.115139332999945,44.174752198000078],[-73.120721523999975,44.174161194000078],[-73.120806705999939,44.174383902000045],[-73.120850123999958,44.174648601000058],[-73.121009858999969,44.176836406000064],[-73.121384287999945,44.17803456300004],[-73.121804183999984,44.179378156000041],[-73.128618389999986,44.178731938000055],[-73.130952389999948,44.178509938000047],[-73.134776421999959,44.178137475000028],[-73.134662929999934,44.176764479000042],[-73.133477021999965,44.162413600000036],[-73.136015270999962,44.162182514000051],[-73.135196267999959,44.161918899000057],[-73.134781167999961,44.161756396000044],[-73.134340036999959,44.16127917600005],[-73.133983994999937,44.16079374800006],[-73.133720456999981,44.160408917000041],[-73.133607439999935,44.159997231000034],[-73.13355491599998,44.159360495000044],[-73.133606597999972,44.158896430000027],[-73.133728165999969,44.158428178000065],[-73.133956835999982,44.158038506000025],[-73.134355936999953,44.157621869000025],[-73.134816823999984,44.157284342000025],[-73.135229729999935,44.15706309400008],[-73.135563916999956,44.156933127000059],[-73.135924037999985,44.15685363800003],[-73.134940713999981,44.151641796000035],[-73.138558238999963,44.151161510000065],[-73.138115929999969,44.149580404000062],[-73.137707390999935,44.148119933000032],[-73.136420802999965,44.147924902000057],[-73.134389389999967,44.147616933000052],[-73.133165231999953,44.147433072000069],[-73.131966387999967,44.147251933000064],[-73.131750389999979,44.14722693300007],[-73.131698388999951,44.147219932000041],[-73.131317388999946,44.147167933000048],[-73.13023938799995,44.146993933000033],[-73.129151387999968,44.146831932000055],[-73.128232958999945,44.146691628000042],[-73.127148387999966,44.146525933000078],[-73.12642638799997,44.146420933000059],[-73.126169387999937,44.146380933000046],[-73.125359386999946,44.14625493300008],[-73.124843385999952,44.146174933000054],[-73.123804584999959,44.145985885000073],[-73.123766385999943,44.145978933000038],[-73.123557385999959,44.145923933000063],[-73.123499386999981,44.145905932000062],[-73.123406384999953,44.145890933000032],[-73.123044385999947,44.14583493300006],[-73.12032338399996,44.145413933000043],[-73.119007384999975,44.145209933000046],[-73.118382383999972,44.145109932000025],[-73.116803038999933,44.144869011000026],[-73.11642038399998,44.144809933000033],[-73.115731382999968,44.144703933000073],[-73.113460382999961,44.144350933000055],[-73.112422382999966,44.144190932000072],[-73.112072382999941,44.144136932000038],[-73.112058850999972,44.144134723000036],[-73.111974382999961,44.144120933000067],[-73.111591380999982,44.142344932000071],[-73.111395381999955,44.140992932000074],[-73.110589381999944,44.136628932000065],[-73.110356956999965,44.135371448000058],[-73.109915677999936,44.132983849000027],[-73.109710380999957,44.131871931000035],[-73.109346512999934,44.129902986000047],[-73.109299380999971,44.129647930000033],[-73.109171378999974,44.12895792900008],[-73.10794311899997,44.122308176000047],[-73.10794274999995,44.122306180000066],[-73.107893378999961,44.122038929000041],[-73.107786153999939,44.121459497000046],[-73.107206596999958,44.118325714000036],[-73.106830080999941,44.116287122000074],[-73.10682998599998,44.116286604000038],[-73.106028377999962,44.111945927000079],[-73.105663085999936,44.109968814000069],[-73.104620820999969,44.104326864000029],[-73.104327607999949,44.102739455000062],[-73.103704325999956,44.099296774000038],[-73.103698572999974,44.099264449000032],[-73.102989554999965,44.09528079200004],[-73.102989525999988,44.095280627000079],[-73.102460374999964,44.092301924000026],[-73.102226191999989,44.090986224000062],[-73.102225375999978,44.090980924000064],[-73.102219287999958,44.090947441000026],[-73.10216300999997,44.090631248000079],[-73.102144374999966,44.090524923000032],[-73.10207137499998,44.090115923000042],[-73.102014875999942,44.089798957000028],[-73.10201464499994,44.089797665000049],[-73.101469489999943,44.086735892000036],[-73.10089583499996,44.083511785000042],[-73.100895796999964,44.083511570000042],[-73.100756373999957,44.082727922000061],[-73.100708357999963,44.08247156300007],[-73.100281373999962,44.08018792200005],[-73.099073375999978,44.073741921000078],[-73.098624984999958,44.071348870000065],[-73.097113009999987,44.063277966000044],[-73.097111232999964,44.063268487000073],[-73.095949369999971,44.057064918000037],[-73.095706456999949,44.055769737000048],[-73.095455370999957,44.054430917000047],[-73.095430369999974,44.054296918000034],[-73.095178370999975,44.054380918000049],[-73.094997369999987,44.054414918000077],[-73.094672369999955,44.05447491700005],[-73.09426536999996,44.054508917000078],[-73.094159369999943,44.05451591800005],[-73.092493368999953,44.054625917000067],[-73.091909367999961,44.054677917000049],[-73.091389362999962,44.054724348000036],[-73.089344368999946,44.054906918000029],[-73.08607815199997,44.055230364000067],[-73.086078039999961,44.055230374000075],[-73.083447942999953,44.05549075600004],[-73.079146845999958,44.05591643200006],[-73.07946392499997,44.057269495000071],[-73.080473574999985,44.061577530000079],[-73.080785842999944,44.062942712000051],[-73.08121532499996,44.064766323000072],[-73.081243727999947,44.064852465000058],[-73.081266811999967,44.064950315000033],[-73.081298282999967,44.06508907500006],[-73.081581734999986,44.066292677000035],[-73.081580289999977,44.066356170000063],[-73.081454946999941,44.066709612000068],[-73.081252499999948,44.067369393000035],[-73.079976637999948,44.071527143000026],[-73.078773893999937,44.074523386000067],[-73.07332779799998,44.081999687000064],[-73.073941894999962,44.082399921000047],[-73.074237553999978,44.082672516000059],[-73.07451131299996,44.083101034000038],[-73.074648251999974,44.083744554000077],[-73.074602765999941,44.084527509000054],[-73.074573120999958,44.085092836000058],[-73.074500081999986,44.085488503000079],[-73.074425708999968,44.086068820000037],[-73.074366400999963,44.086391715000047],[-73.072537200999989,44.086074361000044],[-73.071598617999939,44.089097322000043],[-73.071281662999979,44.089857304000077],[-73.071207158999982,44.090143991000048],[-73.07111909799994,44.091009142000075],[-73.071106605999944,44.091130424000028],[-73.071093685999983,44.091247490000057],[-73.071115279999958,44.091423446000078],[-73.071122903999935,44.091485705000025],[-73.071365044999936,44.092762504000063],[-73.071514224999987,44.093138354000075],[-73.072245942999984,44.094312857000034],[-73.07233148499995,44.09552651000007],[-73.076135973999953,44.095477378000055],[-73.077473479999981,44.09544601500005],[-73.077316141999972,44.095720328000027],[-73.077156252999941,44.095692308000025],[-73.076960086999975,44.096067504000075],[-73.076844030999951,44.096413608000034],[-73.077220226999941,44.097614904000068],[-73.077238991999934,44.097678443000063],[-73.077362076999975,44.098114957000064],[-73.077399018999984,44.098582211000064],[-73.077067453999973,44.10136870000008],[-73.077087960999961,44.103316405000044],[-73.077120307999962,44.103672447000065],[-73.077581338999948,44.104761795000059],[-73.077621291999947,44.104856516000041],[-73.077688269999953,44.105060718000061],[-73.078295321999974,44.107853357000067],[-73.078849440999988,44.109076103000064],[-73.078962511999976,44.109582628000055],[-73.078968569999972,44.111082931000055],[-73.078932422999969,44.111378710000054],[-73.078627000999973,44.112602997000067],[-73.080935740999962,44.115877982000029],[-73.083569628999953,44.120428838000066],[-73.083509796999977,44.120458674000076],[-73.083213074999946,44.120696862000045],[-73.082917025999961,44.120964015000027],[-73.082660223999937,44.121172887000057],[-73.082403529999965,44.121392728000046],[-73.082196730999954,44.12160472000005],[-73.082055090999972,44.121812442000078],[-73.081947735999961,44.121972880000044],[-73.081961259999957,44.122157452000067],[-73.082031431999951,44.122424986000055],[-73.082101530999978,44.122685068000067],[-73.08218636099997,44.122934245000067],[-73.082171674999984,44.123227805000056],[-73.082156668999971,44.123488882000061],[-73.082158326999945,44.123582319000036],[-73.089510168999936,44.123106912000026],[-73.086885409999979,44.120202249000045],[-73.086894906999987,44.120116349000057],[-73.086939174999941,44.120013325000059],[-73.086972116999959,44.119949311000028],[-73.087041695999972,44.11983940600004],[-73.087110079999945,44.119727258000069],[-73.087182837999933,44.119623103000038],[-73.087242960999959,44.119544184000063],[-73.087312464999968,44.119466342000067],[-73.087397952999936,44.119307277000075],[-73.087464215999944,44.119197881000048],[-73.087525060999951,44.119132671000045],[-73.087580378999974,44.119081197000071],[-73.087637367999946,44.119001170000047],[-73.087670596999942,44.118926749000025],[-73.087703861999955,44.118875811000066],[-73.087723468999968,44.11880553900005],[-73.087742363999951,44.118742582000039],[-73.087755968999943,44.11867740200006],[-73.087755581999943,44.118599076000066],[-73.08774589899997,44.118528181000045],[-73.087725091999971,44.118457412000055],[-73.08772417299997,44.118364744000075],[-73.087711346999981,44.118272139000055],[-73.087716686999954,44.118200181000077],[-73.087724428999934,44.11813446900004],[-73.087738741999942,44.118081801000073],[-73.087743205999971,44.118020044000048],[-73.087731299999973,44.117961183000034],[-73.087742069999933,44.117866277000076],[-73.087756347999971,44.117790265000053],[-73.087782220999941,44.117722209000078],[-73.087831379999955,44.117659870000068],[-73.087879738999959,44.117615184000044],[-73.087937272999966,44.117551044000038],[-73.088005416999977,44.11749388000004],[-73.088077605999956,44.117450900000051],[-73.088148900999954,44.117396532000043],[-73.088224127999979,44.117344957000057],[-73.088313811999967,44.117294573000038],[-73.088420864999989,44.117224131000057],[-73.088496877999944,44.117173115000071],[-73.088568323999937,44.117134215000078],[-73.088644298999952,44.117079262000061],[-73.088735399999962,44.117014526000048],[-73.08883601399998,44.116964086000053],[-73.088926527999945,44.116918830000031],[-73.088999501999979,44.116876476000073],[-73.089069804999951,44.116840325000055],[-73.089134241999943,44.116803078000032],[-73.089198260999979,44.116763091000053],[-73.089257568999983,44.116720598000029],[-73.089325871999961,44.116679395000062],[-73.089400399999988,44.11663647000006],[-73.089443342999971,44.116597014000035],[-73.089493694999987,44.11655681700006],[-73.089551019999988,44.116511100000025],[-73.089628628999947,44.116444112000067],[-73.089731566999944,44.116372565000063],[-73.089798020999979,44.116302683000072],[-73.089842472999976,44.116258015000028],[-73.089890115999935,44.116220222000038],[-73.089949283999943,44.116163597000025],[-73.090041252999981,44.116068622000057],[-73.090117045999989,44.115995948000034],[-73.090182247999962,44.115918127000043],[-73.090231926999934,44.115849456000035],[-73.090279392999946,44.115794016000052],[-73.090326823999987,44.115735059000031],[-73.090380670999934,44.115653781000049],[-73.090426598999954,44.115581191000047],[-73.090466877999972,44.115509616000054],[-73.090499292999937,44.115452120000043],[-73.090537099999949,44.115387189000046],[-73.090570345999936,44.115334564000079],[-73.090593931999933,44.115292255000043],[-73.090636805999964,44.115226502000041],[-73.090663535999965,44.115166457000043],[-73.090685641999983,44.115112624000062],[-73.090694964999955,44.115049154000076],[-73.090713255999958,44.114965106000056],[-73.090727167999944,44.114872502000026],[-73.090735722999966,44.114790754000069],[-73.090738753999972,44.114722676000042],[-73.090739380999935,44.114648422000073],[-73.090735411999958,44.114583193000044],[-73.090723213999979,44.114514701000076],[-73.090725377999945,44.114438119000056],[-73.090726969999935,44.114362665000044],[-73.090720384999941,44.114289504000055],[-73.090729797999984,44.114215697000077],[-73.09075648299995,44.114151082000035],[-73.090780270999971,44.114089858000057],[-73.090840434999961,44.114035546000025],[-73.09094356199995,44.113983403000077],[-73.091033919999973,44.113942646000055],[-73.091131590999964,44.113911133000045],[-73.091186045999962,44.113891094000053],[-73.091264682999963,44.113869172000079],[-73.091362198999946,44.113841666000042],[-73.091439896999987,44.113823263000029],[-73.091537469999935,44.113801383000066],[-73.091636705999974,44.113789902000065],[-73.091744680999966,44.113773732000027],[-73.091812894999975,44.113763394000046],[-73.091896773999963,44.11375810800007],[-73.092014488999951,44.113759678000065],[-73.092137239999943,44.113757214000032],[-73.092224005999981,44.113767452000047],[-73.092323091999958,44.113779946000079],[-73.092415931999938,44.11379233200006],[-73.092492078999953,44.113794608000035],[-73.092590510999969,44.113800145000027],[-73.092665082999986,44.11380116600003],[-73.092752572999984,44.113805632000037],[-73.092856435999977,44.113827312000069],[-73.092953983999962,44.11384199400004],[-73.093027006999989,44.113844287000063],[-73.093130984999959,44.113838403000045],[-73.093225604999986,44.113833693000061],[-73.093294396999966,44.113842195000075],[-73.093377154999985,44.113861453000027],[-73.093468348999977,44.113865409000027],[-73.09356672499996,44.113865320000059],[-73.093647682999972,44.11386082100006],[-73.093903472999955,44.113811327000064],[-73.094132275999982,44.113737293000042],[-73.094370852999987,44.11374266100006],[-73.09514435899996,44.113712253000074],[-73.095719144999975,44.110198203000039],[-73.095770399999935,44.109044241000049],[-73.095479114999989,44.10487564500005],[-73.099090915999966,44.104619950000028],[-73.099386072999948,44.108953470000074],[-73.099387436999962,44.109088464000081],[-73.099354108999989,44.110000876000072],[-73.097048964999942,44.110340605000033],[-73.097039609999968,44.110613467000064],[-73.096915039999942,44.111190683000075],[-73.096795197999938,44.111966438000081],[-73.096681104999959,44.112654411000051],[-73.096502787999952,44.113632973000051],[-73.096402448999982,44.114330436000046],[-73.096352180999986,44.114688872000045],[-73.096313238999983,44.114814934000037],[-73.096284469999944,44.114943336000067],[-73.096194709999963,44.115761682000027],[-73.096115099999963,44.116385911000066],[-73.096010049999961,44.117198291000079],[-73.095953276999978,44.11764802600004],[-73.095983005999983,44.118158623000056],[-73.096086637999974,44.118603161000067],[-73.096349462999967,44.119624541000064],[-73.099305648999973,44.11956589600004],[-73.099436694999952,44.120140387000049],[-73.099468105999961,44.120290615000044],[-73.099850252999943,44.12211822200004],[-73.100210992999962,44.123928425000031],[-73.100321561999976,44.125593410000079],[-73.100411546999965,44.12684450200004],[-73.100528450999946,44.128439843000081],[-73.100025444999972,44.128471456000057],[-73.100065857999937,44.128991979000034],[-73.097414709999953,44.129439701000081],[-73.097504157999936,44.129907234000029],[-73.09752889799995,44.13015333900006],[-73.097568144999968,44.130366743000025],[-73.097592274999954,44.130591055000025],[-73.09767635299994,44.130796771000064],[-73.097799532999943,44.131201267000051],[-73.097912453999982,44.131594989000064],[-73.098002759999986,44.131953252000073],[-73.098117496999976,44.132371995000028],[-73.098258474999966,44.132914070000027],[-73.098355419999962,44.133272015000045],[-73.098440589999939,44.133623835000037],[-73.098547737999979,44.13398636800008],[-73.098647852999989,44.134348516000045],[-73.09871493299994,44.13464896000005],[-73.098788536999962,44.134937841000067],[-73.098882680999964,44.135327160000031],[-73.098978691999946,44.135707750000051],[-73.099071103999961,44.136080063000065],[-73.099167228999988,44.136394277000079],[-73.099280352999983,44.136806278000051],[-73.09942668399998,44.137373635000074],[-73.099549060999948,44.137734680000051],[-73.099628550999967,44.138102841000034],[-73.099761015999945,44.138495755000065],[-73.099881922999941,44.138788323000028],[-73.100018658999943,44.139062667000076],[-73.100101228999961,44.139348828000038],[-73.100150937999956,44.139591004000067],[-73.100208796999937,44.140344533000075],[-73.097858855999959,44.140272028000027],[-73.098653308999985,44.141092817000072],[-73.098625700999946,44.142130652000048],[-73.098623618999966,44.142256069000041],[-73.098642028999961,44.142340442000034],[-73.098597937999955,44.143803285000047],[-73.098790372999986,44.143789467000033],[-73.098765385999968,44.144296807000046],[-73.098630683999943,44.144296270000041],[-73.09847625499998,44.144295513000031],[-73.092222741999933,44.144160781000039],[-73.088277497999968,44.144516301000067],[-73.088114442999938,44.14453736300004],[-73.08926173499998,44.146025419000068],[-73.09363048199998,44.151690959000064],[-73.089927996999961,44.152407706000076],[-73.089684014999989,44.152208507000068],[-73.089451699999984,44.151866581000036],[-73.086804916999938,44.148569058000078],[-73.083779549999974,44.149708993000047],[-73.083912299999952,44.150099111000031],[-73.08410349199994,44.150394429000073],[-73.084208076999971,44.150621707000028],[-73.084192893999955,44.150864503000037],[-73.084170891999975,44.151049536000073],[-73.084161854999934,44.15136106600005],[-73.084182468999984,44.151668788000052],[-73.084188987999937,44.152013004000025],[-73.084283954999989,44.152254814000059],[-73.084458851999955,44.152481450000039],[-73.084683603999963,44.152693065000051],[-73.084930737999969,44.153034925000043],[-73.085031784999956,44.153338297000062],[-73.085173923999946,44.153688427000077],[-73.085235452999939,44.154024767000067],[-73.08530731899998,44.15437905400006],[-73.085452029999942,44.154870499000026],[-73.085561896999934,44.155156585000043],[-73.086010895999948,44.155170398000053],[-73.086329511999963,44.155312481000067],[-73.08653536099996,44.155585923000046],[-73.086670115999937,44.155820215000062],[-73.086888623999982,44.156227607000062],[-73.08703464599995,44.156534262000037],[-73.08709536899994,44.156827152000062],[-73.087256129999957,44.157122762000029],[-73.087436310999976,44.15736750700006],[-73.087640384999986,44.157539567000072],[-73.087914382999941,44.157435501000066],[-73.087879334999968,44.157171447000053],[-73.087790138999935,44.15696209400005],[-73.087725617999979,44.156719849000069],[-73.087694934999945,44.156423008000047],[-73.087836526999979,44.156204311000067],[-73.08821766899996,44.156189974000029],[-73.088407473999951,44.156420185000059],[-73.088527355999986,44.156650894000052],[-73.088677498999971,44.156899588000044],[-73.088976029999969,44.157023627000058],[-73.089177956999947,44.156822619000025],[-73.089123124999958,44.156573011000035],[-73.088972410999986,44.156306320000056],[-73.08889318699994,44.156078776000072],[-73.088851194999961,44.155705916000045],[-73.088992389999987,44.155487220000055],[-73.089301281999951,44.15535765900006],[-73.089559533999989,44.155478389000052],[-73.089659324999957,44.155731138000078],[-73.089745595999943,44.156038379000051],[-73.089974027999972,44.156184855000049],[-73.090176446999976,44.155994529000054],[-73.090414453999983,44.155847472000062],[-73.090707536999957,44.15569984800004],[-73.091015613999957,44.155802035000079],[-73.091112443999975,44.156149017000075],[-73.091053698999985,44.15648654000006],[-73.090756900999963,44.156732058000046],[-73.090557307999973,44.157049073000053],[-73.090500882999947,44.157267051000076],[-73.090456794999966,44.157586216000027],[-73.09052801699994,44.157911675000037],[-73.090593083999977,44.158168401000069],[-73.090448175999938,44.158484851000026],[-73.090257373999975,44.158743882000067],[-73.090102089999959,44.159038872000053],[-73.089966899999979,44.159311819000038],[-73.089841511999964,44.15958837200003],[-73.08984570299998,44.159812927000075],[-73.090012922999961,44.160166436000054],[-73.090196807999973,44.160349566000036],[-73.090461811999944,44.160557304000065],[-73.090742561999946,44.16081558500008],[-73.090837640999951,44.161064702000033],[-73.090793733999988,44.161402147000047],[-73.090680439999971,44.161794512000029],[-73.090570430999946,44.162085329000035],[-73.090355547999934,44.162398907000068],[-73.090195175999952,44.162693922000074],[-73.090095174999988,44.162970202000054],[-73.089894560999937,44.163265566000064],[-73.089709606999975,44.163564363000035],[-73.089679677999982,44.163854485000059],[-73.089609182999936,44.164112332000059],[-73.08970422799996,44.164357934000066],[-73.089941852999971,44.164717830000029],[-73.090171397999939,44.164933206000057],[-73.090527493999957,44.165183505000073],[-73.090827683999976,44.165390921000039],[-73.091133461999959,44.165649072000065],[-73.091485421999948,44.165953813000044],[-73.091704991999961,44.166147439000042],[-73.091925568999955,44.16640265400008],[-73.092104899999981,44.166596630000072],[-73.092360897999981,44.166876974000047],[-73.092550535999976,44.167085379000071],[-73.092755374999967,44.167290050000076],[-73.092964868999957,44.167491040000073],[-73.093144387999985,44.167703154000037],[-73.093339291999939,44.167929671000081],[-73.093568531999949,44.168112277000034],[-73.093934321999939,44.16835168700004],[-73.094248594999954,44.168519083000035],[-73.094789053999989,44.168680800000061],[-73.095415843999945,44.168917721000071],[-73.095829708999986,44.169040719000066],[-73.096089118999942,44.16923033300003],[-73.096414281999955,44.169430291000026],[-73.096720176999952,44.169695599000079],[-73.096978655999976,44.16983093500005],[-73.097266052999942,44.169618074000027],[-73.097572655999954,44.169372489000068],[-73.097839806999957,44.169167045000052],[-73.098167952999972,44.169004593000068],[-73.098513071999946,44.168936271000064],[-73.098843452999972,44.168878852000034],[-73.099143967999964,44.168843527000035],[-73.099489155999947,44.168782372000067],[-73.099806917999956,44.168598174000067],[-73.100034426999969,44.168415011000036],[-73.100307694999969,44.168274780000047],[-73.100612216999934,44.168442209000034],[-73.100616927999965,44.16871387100008],[-73.100436553999941,44.168998177000049],[-73.100164002999975,44.16917103000003],[-73.099936493999962,44.169354333000058],[-73.099654001999966,44.169548893000069],[-73.099460228999988,44.169938455000079],[-73.099455739999939,44.17022830500008],[-73.09949686899995,44.170546743000045],[-73.099537851999969,44.170850839000025],[-73.099407294999935,44.171116460000064],[-73.099422011999934,44.171373584000037],[-73.099373605999972,44.171725540000068],[-73.099378126999966,44.171979061000059],[-73.099408120999954,44.172239761000071],[-73.099448993999943,44.172532748000037],[-73.099473187999934,44.172760854000046],[-73.099482423999973,44.172978210000053],[-73.09949202599995,44.173231705000035],[-73.099575322999954,44.173662140000033],[-73.099588748999963,44.174100254000052],[-73.099648721999984,44.174349688000063],[-73.099688191999974,44.174581229000069],[-73.099799160999964,44.174888192000026],[-73.099790682999981,44.175246968000067],[-73.099805940999943,44.17551857400008],[-73.099880507999956,44.175742618000072],[-73.100120864999951,44.175975917000073],[-73.100541692999968,44.175932081000042],[-73.100840430999938,44.175795229000073],[-73.101098334999961,44.17590890300005]],[[-73.088562407999973,44.076249632000042],[-73.089318605999949,44.078226880000045],[-73.089380291999987,44.078388423000035],[-73.089457014999937,44.078571263000072],[-73.091420727999946,44.083593429000075],[-73.093216217999952,44.087367951000033],[-73.093623926999953,44.088025371000072],[-73.093744493999964,44.088219510000044],[-73.093831268999963,44.088351248000038],[-73.093926107999948,44.088571426000044],[-73.093977514999949,44.088693757000044],[-73.094132995999985,44.088984185000072],[-73.095397736999985,44.089688748000071],[-73.097372075999942,44.09056199500003],[-73.09863601099994,44.091063602000077],[-73.098162575999936,44.091868214000044],[-73.09708059899998,44.091960639000035],[-73.095149904999971,44.092797734000044],[-73.093288408999967,44.091974208000067],[-73.091656745999956,44.091128562000051],[-73.091569499999935,44.091317396000079],[-73.089434937999954,44.091436711000028],[-73.088027432999979,44.089080461000037],[-73.087908827999968,44.088885743000048],[-73.087827899999979,44.088752001000046],[-73.087806275999981,44.088696283000047],[-73.085967894999953,44.084815303000028],[-73.084708629999966,44.081594381000059],[-73.084612880999941,44.081617934000064],[-73.082046043999981,44.082820737000077],[-73.081645303999949,44.082977186000051],[-73.081301017999976,44.083081596000056],[-73.079025555999976,44.07932745800008],[-73.079126930999962,44.079280819000076],[-73.082097183999963,44.077889132000053],[-73.083167939999953,44.077623456000026],[-73.083014124999977,44.077223935000063],[-73.082939840999984,44.076969498000039],[-73.08260516699994,44.075306187000081],[-73.082591918999981,44.074790858000028],[-73.083534748999966,44.068468116000076],[-73.083629996999946,44.068117751000045],[-73.083949999999959,44.067338168000049],[-73.084041811999953,44.067114806000063],[-73.084085476999974,44.066993362000062],[-73.084292518999973,44.066667315000075],[-73.084559143999968,44.066391097000064],[-73.085643328999936,44.065400664000038],[-73.087607994999985,44.066693764000036],[-73.086569811999937,44.067858145000059],[-73.085435631999985,44.075038029000041],[-73.085852872999965,44.076837315000034],[-73.088550685999962,44.076050989000066],[-73.088562407999973,44.076249632000042]],[[-73.119826560999968,44.165049951000071],[-73.108626835999985,44.166402365000067],[-73.104046439999934,44.157606153000074],[-73.103495175999967,44.155418559000054],[-73.104882480999947,44.15493000400005],[-73.10514806499998,44.154847597000071],[-73.105627978999962,44.154752103000078],[-73.106124149999971,44.154718251000077],[-73.106222990999981,44.15471885200003],[-73.107269754999948,44.154739449000033],[-73.107914617999938,44.154805628000076],[-73.109469689999969,44.155098420000058],[-73.112561550999942,44.154818914000032],[-73.114392280999937,44.156451016000062],[-73.115628492999974,44.154700195000032],[-73.117269311999962,44.152684768000029],[-73.119826560999968,44.165049951000071]]]]},"properties":{"OBJECTID":8,"OBJECT_ID":20,"County":"Addison","RPC":"ACRPC","Municipal_Name":"Bristol","GEO_ID":"5000109025","District_Name":"Rural Agriculture5","Abbreviated_District_Name":"RA5","District_Type":"Primarily Residential","Bylaw_Date":"2024-11-05","Elderly_Housing_District":"No","District_Mapped":"Yes","Overlay_District":"No","Base_Density":0.20000000000000001,"FIPS6":1015,"GIS_ID":null,"Last_Update":"2026-05-31","F1F_Allowance":"Allowed/Conditional","F1F_Front_Setback":80,"F1F_Side_Setback":25,"F1F_Rear_Setback":25,"F1F_Frontage":200,"F1F_Max_Height":35,"F1F_Max_Stories":null,"F1F_Min_Lot_Size":2,"F1F_Max_Lot_Building_Coverage":15,"F1F_Max_Lot_Impervious_Coverage":15,"F1F_Min_Parking_Spaces":1,"F1F_Elderly_Housing_Only":null,"F1F_Affordable_Housing_Only":null,"F2F_Allowance":"Allowed/Conditional","F2F_Front_Setback":80,"F2F_Side_Setback":25,"F2F_Rear_Setback":25,"F2F_Frontage":200,"F2F_Max_Density":0.20000000000000001,"F2F_Max_Height":35,"F2F_Max_Stories":null,"F2F_Min_Lot_Size":2,"F2F_Max_Lot_Building_Coverage":15,"F2F_Max_Lot_Impervious_Coverage":15,"F2F_Min_Parking_Spaces_per_1BR":1,"F2F_Min_Parking_Spaces_per_mult_BR":1,"F2F_Elderly_Housing_Only":"No","F2F_Affordable_Housing_Only":"No","F3F_Allowance":"Allowed/Conditional","F3F_Front_Setback":80,"F3F_Side_Setback":25,"F3F_Rear_Setback":25,"F3F_Frontage":200,"F3F_Max_Density":0.20000000000000001,"F3F_Max_Height":35,"F3F_Max_Stories":null,"F3F_Min_Lot_Size":15,"F3F_Max_Lot_Building_Coverage":15,"F3F_Max_Lot_Impervious_Coverage":15,"F3F_Min_Parking_Spaces_per_1BR":1,"F3F_Min_Parking_Spaces_per_mult_BR":1,"F3F_Affordable_Housing_Only":"No","F3F_Proximity_to_Public_Transit_Required":"No","F3F_Connection_to_Sewage_Water_Required":"No","F4F_Allowance":"Allowed/Conditional","F4F_Front_Setback":80,"F4F_Side_Setback":25,"F4F_Rear_Setback":25,"F4F_Frontage":200,"F1F_Max_Density":null,"F4F_Max_Density":0.20000000000000001,"F4F_Max_Height":35,"F4F_Max_Stories":null,"F4F_Min_Lot_Size":20,"F4F_Max_Lot_Building_Coverage":15,"F4F_Max_Lot_Impervious_Coverage":15,"F4F_Min_Parking_Spaces_per_1BR":1,"F4F_Min_Parking_Spaces_per_mult_BR":1,"F3F_Elderly_Housing_Only":"No","F4F_Elderly_Housing_Only":"No","F4F_Affordable_Housing_Only":"No","F4F_Proximity_to_Public_Transit_Required":"No","F4F_Connection_to_Sewage_Water_Required":"No","ADU_Allowance":"Allowed/Conditional","ADU_Elderly_Housing_Only":"No","ADU_Max_Size_as_Percent_of_Primary_Strcture":"30","ADU_Max_Size_in_sq_ft":900,"ADU_Min_Lot_Size":null,"ADU_Max_Bedrooms":null,"ADU_Min_Parking_Spaces":1,"ADU_Owner_Occupancy_Required":"yes","ADU_Renter_Occupancy_Prohibited":"No","ADU_Employee_or_Family_Occupancy_Required":"No","ADU_Restricted_to_Primary_Structure":"No","Affordable_Housing_Allowance":"Not Mentioned","Affordable_Housing_District":"No","Affordable_Housing_Elderly_Only":"No","Affordable_Housing_Min_Lot_Size":null,"Affordable_Housing_Max_Density":null,"Affordable_Housing_Min_Parking_Spaces_per_mult_BR":null,"Affordable_Housing_Max_Units_per_Building":null,"Affordable_Housing_Min_Parking_Spaces_per_1BR":null,"PRD_Allowance":"Not Mentioned","PRD_Max_Density":null,"PRD_Max_Units":null,"PRD_Min_Lot_Size":null,"PRD_Mobile_or_Manufactured_Home_Park":"No","PUD_Allowance":"Yes","PUD_Required_with_Subdivision":"Yes","PUD_Requires_Land_Conservation":"Yes","PUD_Threshold_Number":null,"Notes":"PUDs and density-based zoning are permitted and encouraged.\nFront setback is measured from the road centerline","Shape_Length":0.95936361381992652,"Shape_Area":0.0046537397448445268}},{"type":"Feature","id":9,"geometry":{"type":"Polygon","coordinates":[[[-73.088649872999952,44.133918125000037],[-73.088681688999941,44.134172633000048],[-73.088058870999987,44.134296075000066],[-73.088253351999981,44.135409518000074],[-73.087563022999973,44.135527830000058],[-73.087702816999979,44.136274532000073],[-73.088397112999985,44.136228631000051],[-73.088385973999948,44.136168782000027],[-73.090668726999979,44.135652599000025],[-73.090284846999964,44.133916260000035],[-73.089595220999968,44.134027297000046],[-73.089419655999961,44.133640607000075],[-73.089391197999987,44.133577927000033],[-73.089279874999988,44.133614501000068],[-73.089120849999972,44.133212853000032],[-73.088558941999963,44.133413046000044],[-73.088649872999952,44.133918125000037]]]},"properties":{"OBJECTID":9,"OBJECT_ID":21,"County":"Addison","RPC":"ACRPC","Municipal_Name":"Bristol","GEO_ID":"5000109025","District_Name":"Recreational","Abbreviated_District_Name":"REC","District_Type":"Nonresidential","Bylaw_Date":"2024-11-05","Elderly_Housing_District":"No","District_Mapped":"Yes","Overlay_District":"No","Base_Density":0,"FIPS6":1015,"GIS_ID":null,"Last_Update":"2026-05-31","F1F_Allowance":"Prohibited","F1F_Front_Setback":45,"F1F_Side_Setback":20,"F1F_Rear_Setback":20,"F1F_Frontage":75,"F1F_Max_Height":35,"F1F_Max_Stories":null,"F1F_Min_Lot_Size":0.23000000000000001,"F1F_Max_Lot_Building_Coverage":30,"F1F_Max_Lot_Impervious_Coverage":30,"F1F_Min_Parking_Spaces":1,"F1F_Elderly_Housing_Only":null,"F1F_Affordable_Housing_Only":null,"F2F_Allowance":"Prohibited","F2F_Front_Setback":45,"F2F_Side_Setback":20,"F2F_Rear_Setback":20,"F2F_Frontage":75,"F2F_Max_Density":2,"F2F_Max_Height":35,"F2F_Max_Stories":null,"F2F_Min_Lot_Size":1,"F2F_Max_Lot_Building_Coverage":30,"F2F_Max_Lot_Impervious_Coverage":30,"F2F_Min_Parking_Spaces_per_1BR":1,"F2F_Min_Parking_Spaces_per_mult_BR":1,"F2F_Elderly_Housing_Only":"No","F2F_Affordable_Housing_Only":"No","F3F_Allowance":"Prohibited","F3F_Front_Setback":45,"F3F_Side_Setback":20,"F3F_Rear_Setback":20,"F3F_Frontage":75,"F3F_Max_Density":2,"F3F_Max_Height":35,"F3F_Max_Stories":null,"F3F_Min_Lot_Size":1.5,"F3F_Max_Lot_Building_Coverage":30,"F3F_Max_Lot_Impervious_Coverage":30,"F3F_Min_Parking_Spaces_per_1BR":1,"F3F_Min_Parking_Spaces_per_mult_BR":1,"F3F_Affordable_Housing_Only":"No","F3F_Proximity_to_Public_Transit_Required":"No","F3F_Connection_to_Sewage_Water_Required":"No","F4F_Allowance":"Prohibited","F4F_Front_Setback":45,"F4F_Side_Setback":20,"F4F_Rear_Setback":20,"F4F_Frontage":75,"F1F_Max_Density":null,"F4F_Max_Density":2,"F4F_Max_Height":35,"F4F_Max_Stories":null,"F4F_Min_Lot_Size":2,"F4F_Max_Lot_Building_Coverage":30,"F4F_Max_Lot_Impervious_Coverage":30,"F4F_Min_Parking_Spaces_per_1BR":1,"F4F_Min_Parking_Spaces_per_mult_BR":1,"F3F_Elderly_Housing_Only":"No","F4F_Elderly_Housing_Only":"No","F4F_Affordable_Housing_Only":"No","F4F_Proximity_to_Public_Transit_Required":"No","F4F_Connection_to_Sewage_Water_Required":"No","ADU_Allowance":"Prohibited","ADU_Elderly_Housing_Only":"No","ADU_Max_Size_as_Percent_of_Primary_Strcture":"30","ADU_Max_Size_in_sq_ft":900,"ADU_Min_Lot_Size":null,"ADU_Max_Bedrooms":null,"ADU_Min_Parking_Spaces":1,"ADU_Owner_Occupancy_Required":"yes","ADU_Renter_Occupancy_Prohibited":"No","ADU_Employee_or_Family_Occupancy_Required":"No","ADU_Restricted_to_Primary_Structure":"No","Affordable_Housing_Allowance":"Prohibited","Affordable_Housing_District":"No","Affordable_Housing_Elderly_Only":"No","Affordable_Housing_Min_Lot_Size":null,"Affordable_Housing_Max_Density":null,"Affordable_Housing_Min_Parking_Spaces_per_mult_BR":null,"Affordable_Housing_Max_Units_per_Building":null,"Affordable_Housing_Min_Parking_Spaces_per_1BR":null,"PRD_Allowance":"Prohibited","PRD_Max_Density":null,"PRD_Max_Units":null,"PRD_Min_Lot_Size":null,"PRD_Mobile_or_Manufactured_Home_Park":"No","PUD_Allowance":"Yes","PUD_Required_with_Subdivision":"Yes","PUD_Requires_Land_Conservation":"No","PUD_Threshold_Number":null,"Notes":"This district is intended for recreational uses and has no normal residential density standard.\nResidential fields should stay prohibited.","Shape_Length":0.011208022906959405,"Shape_Area":5.4260975480412366e-06}},{"type":"Feature","id":10,"geometry":{"type":"Polygon","coordinates":[[[-73.084313318999989,44.134799466000061],[-73.084764795999945,44.134882374000028],[-73.086661594999953,44.134729072000027],[-73.088649872999952,44.133918125000037],[-73.088558941999963,44.133413046000044],[-73.089120849999972,44.133212853000032],[-73.089279874999988,44.133614501000068],[-73.089391197999987,44.133577927000033],[-73.089419655999961,44.133640607000075],[-73.089595220999968,44.134027297000046],[-73.090284846999964,44.133916260000035],[-73.090164312999946,44.133372139000073],[-73.090148361999979,44.133299659000045],[-73.090039175999948,44.132805504000032],[-73.089990266999962,44.132650176000027],[-73.089247563999947,44.13307480800006],[-73.088678796999943,44.132269849000068],[-73.086883729999954,44.132947476000027],[-73.086390411999957,44.132676353000079],[-73.086355875999971,44.132722093000041],[-73.08631421399997,44.132773775000032],[-73.086271526999951,44.132840510000051],[-73.086231941999984,44.132904979000045],[-73.086200388999941,44.132972008000081],[-73.086148722999951,44.133038929000065],[-73.086058879999939,44.13309557000008],[-73.085928949999982,44.133146159000034],[-73.085824547999948,44.133211241000026],[-73.085678032999965,44.133282867000048],[-73.085550684999987,44.133318114000076],[-73.085441862999971,44.133331328000054],[-73.085341983999967,44.133340558000043],[-73.085250224999982,44.133341591000033],[-73.085155376999978,44.13334629600007],[-73.085013788999959,44.133363192000047],[-73.084926951999989,44.133388106000041],[-73.084856555999977,44.133417154000028],[-73.084766860999935,44.133469222000031],[-73.08467290699997,44.133485312000062],[-73.084545283999944,44.133492856000032],[-73.084437058999981,44.133467605000078],[-73.08437437799995,44.133467152000037],[-73.084282557999984,44.133462137000038],[-73.084176377999938,44.133466055000042],[-73.084092608999981,44.133445813000037],[-73.084029740999938,44.133406618000038],[-73.083948987999975,44.133375390000026],[-73.083870242999978,44.133349636000048],[-73.083772413999952,44.133329183000058],[-73.083666735999941,44.133304832000078],[-73.08355878499998,44.133287525000071],[-73.083434589999968,44.133246533000033],[-73.083306444999948,44.133200922000071],[-73.08319281699994,44.133162268000035],[-73.083099272999959,44.133140667000077],[-73.082972130999963,44.133117691000052],[-73.082868400999985,44.133092627000053],[-73.08273567699996,44.133058007000045],[-73.082621257999961,44.133018231000051],[-73.082495449999954,44.132972045000031],[-73.082411053999977,44.132927475000031],[-73.082269474999976,44.13286589900008],[-73.082176152999978,44.132807031000027],[-73.082073263999973,44.132768321000071],[-73.081971807999935,44.132736213000044],[-73.081854370999963,44.132707139000047],[-73.081781762999981,44.132670103000066],[-73.081742285999951,44.132626710000068],[-73.081689596999979,44.13258985300007],[-73.081591935999938,44.132546475000026],[-73.081541047999963,44.132494281000049],[-73.081498050999983,44.132450203000076],[-73.08144174499995,44.132402959000046],[-73.081398018999948,44.13234433000008],[-73.081378640999958,44.132299498000066],[-73.081328222999957,44.132255317000045],[-73.081264097999963,44.132207128000061],[-73.081207081999935,44.132147161000034],[-73.081145219999939,44.132070765000037],[-73.081120530999954,44.132022093000046],[-73.081106953999949,44.131951568000034],[-73.081085689999952,44.131893738000031],[-73.08103394699998,44.131813916000056],[-73.080969020999987,44.13174358200007],[-73.080927459999941,44.131686700000046],[-73.080912031999958,44.131626591000042],[-73.080841837999969,44.131556705000037],[-73.080794972999968,44.131476436000071],[-73.080755824999983,44.131386775000067],[-73.080596315999969,44.131367758000067],[-73.080310643999951,44.131385240000043],[-73.080192190999981,44.131411576000062],[-73.080067961999987,44.131446379000067],[-73.079997103999972,44.131467973000042],[-73.079914530999986,44.131489767000062],[-73.079819895999947,44.131515841000066],[-73.079736975999936,44.131542137000054],[-73.079636483999934,44.131568241000025],[-73.079536073999975,44.131602782000073],[-73.079441436999957,44.131628855000031],[-73.079294030999961,44.131689509000068],[-73.079229029999965,44.131711214000063],[-73.07911398899995,44.131767204000028],[-73.079022530999964,44.131818925000061],[-73.07895797599997,44.131866291000051],[-73.078901884999937,44.131900747000032],[-73.078843311999947,44.131960881000055],[-73.078789770999947,44.13203941200004],[-73.078766599999938,44.132106116000045],[-73.078758960999949,44.132167507000077],[-73.079281701999946,44.132185978000052],[-73.079289107999955,44.13213388500003],[-73.079295586999933,44.132088314000043],[-73.079538487999969,44.132097406000071],[-73.079531526999972,44.132191277000061],[-73.080097750999983,44.132215588000065],[-73.080221078999955,44.132407758000056],[-73.080190095999967,44.132513806000077],[-73.080627881999987,44.132835864000072],[-73.080580224999949,44.132999417000065],[-73.080448424999986,44.133451729000058],[-73.080480308999938,44.133457738000061],[-73.080522007999946,44.133465595000075],[-73.080488754999976,44.133577885000079],[-73.080303105999974,44.134204460000035],[-73.080130323999981,44.13418525700007],[-73.080130105999956,44.134185233000039],[-73.078690077999966,44.134025173000055],[-73.078572133999955,44.134012063000057],[-73.078563662999954,44.133715539000036],[-73.077406860999986,44.13381987300005],[-73.077419342999974,44.134023955000032],[-73.076161936999938,44.134149553000043],[-73.075910628999964,44.133445304000077],[-73.076076436999983,44.133428860000038],[-73.076226082999938,44.132915104000062],[-73.076462249999963,44.13294597600003],[-73.076505082999972,44.132859775000043],[-73.076550724999947,44.132767919000059],[-73.076699994999956,44.13245680600005],[-73.076867711999967,44.132516710000061],[-73.077097207999941,44.13227659000006],[-73.076967825999986,44.132250704000057],[-73.076839619999987,44.132238273000041],[-73.076657005999948,44.132212757000048],[-73.076565505999952,44.132200141000055],[-73.076446869999984,44.132167834000029],[-73.076345806999939,44.132135578000032],[-73.076272529999983,44.132109510000078],[-73.076147698999989,44.132042499000079],[-73.075802823999936,44.132679160000066],[-73.075645902999952,44.132605138000031],[-73.075101635999943,44.133569440000031],[-73.075554576999934,44.134660975000031],[-73.078693543999975,44.134347005000052],[-73.078704559999949,44.134507389000078],[-73.078853081999966,44.134520137000038],[-73.07939255399998,44.134577308000075],[-73.080986251999946,44.134775793000074],[-73.081003875999954,44.134223328000076],[-73.084313318999989,44.134799466000061]]]},"properties":{"OBJECTID":10,"OBJECT_ID":22,"County":"Addison","RPC":"ACRPC","Municipal_Name":"Bristol","GEO_ID":"5000109025","District_Name":"Residential, Office, Commercial","Abbreviated_District_Name":"ROC","District_Type":"Mixed with Residential","Bylaw_Date":"2024-11-05","Elderly_Housing_District":"No","District_Mapped":"Yes","Overlay_District":"No","Base_Density":4,"FIPS6":1015,"GIS_ID":null,"Last_Update":"2026-05-31","F1F_Allowance":"Allowed/Conditional","F1F_Front_Setback":35,"F1F_Side_Setback":10,"F1F_Rear_Setback":10,"F1F_Frontage":50,"F1F_Max_Height":35,"F1F_Max_Stories":null,"F1F_Min_Lot_Size":0.25,"F1F_Max_Lot_Building_Coverage":60,"F1F_Max_Lot_Impervious_Coverage":60,"F1F_Min_Parking_Spaces":1,"F1F_Elderly_Housing_Only":null,"F1F_Affordable_Housing_Only":null,"F2F_Allowance":"Allowed/Conditional","F2F_Front_Setback":35,"F2F_Side_Setback":10,"F2F_Rear_Setback":10,"F2F_Frontage":50,"F2F_Max_Density":4,"F2F_Max_Height":35,"F2F_Max_Stories":null,"F2F_Min_Lot_Size":0.5,"F2F_Max_Lot_Building_Coverage":60,"F2F_Max_Lot_Impervious_Coverage":60,"F2F_Min_Parking_Spaces_per_1BR":1,"F2F_Min_Parking_Spaces_per_mult_BR":1,"F2F_Elderly_Housing_Only":"No","F2F_Affordable_Housing_Only":"No","F3F_Allowance":"Prohibited","F3F_Front_Setback":45,"F3F_Side_Setback":20,"F3F_Rear_Setback":20,"F3F_Frontage":75,"F3F_Max_Density":2,"F3F_Max_Height":35,"F3F_Max_Stories":null,"F3F_Min_Lot_Size":1.5,"F3F_Max_Lot_Building_Coverage":30,"F3F_Max_Lot_Impervious_Coverage":30,"F3F_Min_Parking_Spaces_per_1BR":1,"F3F_Min_Parking_Spaces_per_mult_BR":1,"F3F_Affordable_Housing_Only":"No","F3F_Proximity_to_Public_Transit_Required":"No","F3F_Connection_to_Sewage_Water_Required":"No","F4F_Allowance":"Prohibited","F4F_Front_Setback":45,"F4F_Side_Setback":20,"F4F_Rear_Setback":20,"F4F_Frontage":75,"F1F_Max_Density":null,"F4F_Max_Density":2,"F4F_Max_Height":35,"F4F_Max_Stories":null,"F4F_Min_Lot_Size":2,"F4F_Max_Lot_Building_Coverage":30,"F4F_Max_Lot_Impervious_Coverage":30,"F4F_Min_Parking_Spaces_per_1BR":1,"F4F_Min_Parking_Spaces_per_mult_BR":1,"F3F_Elderly_Housing_Only":"No","F4F_Elderly_Housing_Only":"No","F4F_Affordable_Housing_Only":"No","F4F_Proximity_to_Public_Transit_Required":"No","F4F_Connection_to_Sewage_Water_Required":"No","ADU_Allowance":"Allowed/Conditional","ADU_Elderly_Housing_Only":"No","ADU_Max_Size_as_Percent_of_Primary_Strcture":"30","ADU_Max_Size_in_sq_ft":900,"ADU_Min_Lot_Size":null,"ADU_Max_Bedrooms":null,"ADU_Min_Parking_Spaces":1,"ADU_Owner_Occupancy_Required":"yes","ADU_Renter_Occupancy_Prohibited":"No","ADU_Employee_or_Family_Occupancy_Required":"No","ADU_Restricted_to_Primary_Structure":"No","Affordable_Housing_Allowance":"Not Mentioned","Affordable_Housing_District":"No","Affordable_Housing_Elderly_Only":"No","Affordable_Housing_Min_Lot_Size":null,"Affordable_Housing_Max_Density":null,"Affordable_Housing_Min_Parking_Spaces_per_mult_BR":null,"Affordable_Housing_Max_Units_per_Building":null,"Affordable_Housing_Min_Parking_Spaces_per_1BR":null,"PRD_Allowance":"Not Mentioned","PRD_Max_Density":null,"PRD_Max_Units":null,"PRD_Min_Lot_Size":null,"PRD_Mobile_or_Manufactured_Home_Park":"No","PUD_Allowance":"No","PUD_Required_with_Subdivision":"Yes","PUD_Requires_Land_Conservation":"No","PUD_Threshold_Number":null,"Notes":"None","Shape_Length":0.046986421628347,"Shape_Area":2.0764021037910508e-05}},{"type":"Feature","id":11,"geometry":{"type":"Polygon","coordinates":[[[-73.078572133999955,44.134012063000057],[-73.078690077999966,44.134025173000055],[-73.080130105999956,44.134185233000039],[-73.080130323999981,44.13418525700007],[-73.080303105999974,44.134204460000035],[-73.080488754999976,44.133577885000079],[-73.080522007999946,44.133465595000075],[-73.080480308999938,44.133457738000061],[-73.080448424999986,44.133451729000058],[-73.080580224999949,44.132999417000065],[-73.080627881999987,44.132835864000072],[-73.080190095999967,44.132513806000077],[-73.080221078999955,44.132407758000056],[-73.080097750999983,44.132215588000065],[-73.079531526999972,44.132191277000061],[-73.079538487999969,44.132097406000071],[-73.079295586999933,44.132088314000043],[-73.079289107999955,44.13213388500003],[-73.079281701999946,44.132185978000052],[-73.078758960999949,44.132167507000077],[-73.078766599999938,44.132106116000045],[-73.078671377999967,44.132101583000065],[-73.078005249999933,44.132058005000033],[-73.077758667999944,44.13205812800004],[-73.077259184999946,44.132154740000033],[-73.077088268999944,44.132187798000075],[-73.077154576999988,44.132216019000055],[-73.077097207999941,44.13227659000006],[-73.076867711999967,44.132516710000061],[-73.076699994999956,44.13245680600005],[-73.076550724999947,44.132767919000059],[-73.076505082999972,44.132859775000043],[-73.076462249999963,44.13294597600003],[-73.076226082999938,44.132915104000062],[-73.076076436999983,44.133428860000038],[-73.075910628999964,44.133445304000077],[-73.076161936999938,44.134149553000043],[-73.077419342999974,44.134023955000032],[-73.077406860999986,44.13381987300005],[-73.078563662999954,44.133715539000036],[-73.078572133999955,44.134012063000057]]]},"properties":{"OBJECTID":11,"OBJECT_ID":23,"County":"Addison","RPC":"ACRPC","Municipal_Name":"Bristol","GEO_ID":"5000109025","District_Name":"Village Business","Abbreviated_District_Name":"VB","District_Type":"Mixed with Residential","Bylaw_Date":"2024-11-05","Elderly_Housing_District":"No","District_Mapped":"Yes","Overlay_District":"No","Base_Density":8,"FIPS6":1015,"GIS_ID":null,"Last_Update":"2026-05-31","F1F_Allowance":"Allowed/Conditional","F1F_Front_Setback":0,"F1F_Side_Setback":0,"F1F_Rear_Setback":0,"F1F_Frontage":50,"F1F_Max_Height":40,"F1F_Max_Stories":"3","F1F_Min_Lot_Size":0.11,"F1F_Max_Lot_Building_Coverage":90,"F1F_Max_Lot_Impervious_Coverage":90,"F1F_Min_Parking_Spaces":1,"F1F_Elderly_Housing_Only":null,"F1F_Affordable_Housing_Only":null,"F2F_Allowance":"Allowed/Conditional","F2F_Front_Setback":0,"F2F_Side_Setback":0,"F2F_Rear_Setback":0,"F2F_Frontage":50,"F2F_Max_Density":8,"F2F_Max_Height":40,"F2F_Max_Stories":"3","F2F_Min_Lot_Size":0.11,"F2F_Max_Lot_Building_Coverage":90,"F2F_Max_Lot_Impervious_Coverage":90,"F2F_Min_Parking_Spaces_per_1BR":1,"F2F_Min_Parking_Spaces_per_mult_BR":1,"F2F_Elderly_Housing_Only":"No","F2F_Affordable_Housing_Only":"No","F3F_Allowance":"Allowed/Conditional","F3F_Front_Setback":0,"F3F_Side_Setback":0,"F3F_Rear_Setback":0,"F3F_Frontage":50,"F3F_Max_Density":8,"F3F_Max_Height":40,"F3F_Max_Stories":"3","F3F_Min_Lot_Size":0.11,"F3F_Max_Lot_Building_Coverage":90,"F3F_Max_Lot_Impervious_Coverage":90,"F3F_Min_Parking_Spaces_per_1BR":1,"F3F_Min_Parking_Spaces_per_mult_BR":1,"F3F_Affordable_Housing_Only":"No","F3F_Proximity_to_Public_Transit_Required":"No","F3F_Connection_to_Sewage_Water_Required":"No","F4F_Allowance":"Allowed/Conditional","F4F_Front_Setback":0,"F4F_Side_Setback":0,"F4F_Rear_Setback":0,"F4F_Frontage":50,"F1F_Max_Density":"8","F4F_Max_Density":8,"F4F_Max_Height":40,"F4F_Max_Stories":"3","F4F_Min_Lot_Size":0.11,"F4F_Max_Lot_Building_Coverage":90,"F4F_Max_Lot_Impervious_Coverage":90,"F4F_Min_Parking_Spaces_per_1BR":1,"F4F_Min_Parking_Spaces_per_mult_BR":1,"F3F_Elderly_Housing_Only":"No","F4F_Elderly_Housing_Only":"No","F4F_Affordable_Housing_Only":"No","F4F_Proximity_to_Public_Transit_Required":"No","F4F_Connection_to_Sewage_Water_Required":"No","ADU_Allowance":"Allowed/Conditional","ADU_Elderly_Housing_Only":"No","ADU_Max_Size_as_Percent_of_Primary_Strcture":"30","ADU_Max_Size_in_sq_ft":900,"ADU_Min_Lot_Size":null,"ADU_Max_Bedrooms":null,"ADU_Min_Parking_Spaces":1,"ADU_Owner_Occupancy_Required":"yes","ADU_Renter_Occupancy_Prohibited":"No","ADU_Employee_or_Family_Occupancy_Required":"No","ADU_Restricted_to_Primary_Structure":"No","Affordable_Housing_Allowance":"Not Mentioned","Affordable_Housing_District":"No","Affordable_Housing_Elderly_Only":"No","Affordable_Housing_Min_Lot_Size":null,"Affordable_Housing_Max_Density":null,"Affordable_Housing_Min_Parking_Spaces_per_mult_BR":null,"Affordable_Housing_Max_Units_per_Building":null,"Affordable_Housing_Min_Parking_Spaces_per_1BR":null,"PRD_Allowance":"Not Mentioned","PRD_Max_Density":null,"PRD_Max_Units":null,"PRD_Min_Lot_Size":null,"PRD_Mobile_or_Manufactured_Home_Park":"No","PUD_Allowance":"Yes","PUD_Required_with_Subdivision":"Yes","PUD_Requires_Land_Conservation":"No","PUD_Threshold_Number":null,"Notes":"Front setback is measured from the road right-of-way, not the road centerline.\nAffordable housing may receive up to a 50% density bonus.","Shape_Length":0.013214270062124767,"Shape_Area":7.5778213824228299e-06}},{"type":"Feature","id":12,"geometry":{"type":"MultiPolygon","coordinates":[[[[-73.055772712999953,44.127774775000034],[-73.055641072999947,44.127852618000077],[-73.055528576999961,44.12793163300006],[-73.055396769999959,44.128033526000081],[-73.055269820999968,44.12815381300004],[-73.055132167999943,44.128256858000043],[-73.054997224999966,44.128357638000068],[-73.054938638999943,44.128397720000066],[-73.054860718999976,44.128458286000068],[-73.054762256999936,44.128535124000052],[-73.054693153999949,44.128619835000052],[-73.054569992999973,44.12873356700004],[-73.05503218399997,44.128751150000028],[-73.055207661999987,44.128739707000079],[-73.055619648999937,44.128686300000027],[-73.056092669999941,44.128564229000062],[-73.056306292999977,44.128487937000045],[-73.056565693999971,44.128426901000068],[-73.057786397999962,44.128033988000027],[-73.058025431999965,44.127951252000059],[-73.058259340999939,44.127879379000035],[-73.058624250999969,44.127814723000029],[-73.059098447999986,44.12776917900004],[-73.059364866999942,44.127762248000067],[-73.05990602299994,44.12774816700005],[-73.060083133999967,44.127743559000066],[-73.060621943999934,44.127741542000081],[-73.060922449999964,44.127740415000062],[-73.061330344999988,44.127751371000045],[-73.061537951999981,44.12775694700008],[-73.061836443999937,44.127777532000039],[-73.061959677999937,44.127786031000028],[-73.062192417999938,44.127789135000057],[-73.062771642999962,44.127784105000046],[-73.062767900999972,44.127390092000041],[-73.062593859999936,44.127360292000049],[-73.062449493999964,44.127330629000028],[-73.062285704999965,44.127270263000071],[-73.062218933999986,44.127187763000052],[-73.062064755999984,44.127111599000045],[-73.061831289999986,44.127032802000031],[-73.061756408999941,44.126959834000047],[-73.061654747999967,44.126903803000062],[-73.061521199999959,44.126861709000025],[-73.061152495999977,44.126768317000028],[-73.061078290999944,44.126766573000054],[-73.060962296999946,44.126763908000044],[-73.060746328999983,44.126759624000044],[-73.060483948999945,44.12671984900004],[-73.060294642999963,44.126685903000066],[-73.060191775999954,44.126667564000059],[-73.059945591999963,44.12664725500008],[-73.059816011999942,44.126611749000062],[-73.059737324999958,44.126590338000028],[-73.059524560999989,44.12651164600004],[-73.059305558999938,44.126475452000079],[-73.059022433999985,44.126430010000036],[-73.058823845999939,44.126363903000026],[-73.058552508999981,44.12632641700003],[-73.05830300599996,44.126326652000046],[-73.058185485999957,44.126369133000026],[-73.058053994999966,44.12642068200006],[-73.057846177999977,44.126494119000029],[-73.057773874999953,44.126528504000078],[-73.057666386999983,44.126599904000045],[-73.057606638999971,44.126640695000049],[-73.057522391999953,44.126733497000032],[-73.057446417999984,44.126792930000079],[-73.05734475099996,44.126860504000035],[-73.057232280999983,44.126941913000053],[-73.057138616999964,44.127029980000032],[-73.056994320999934,44.127131932000054],[-73.056796409999947,44.127221211000062],[-73.056705665999971,44.127287746000036],[-73.056505849999951,44.127340610000033],[-73.05625480499998,44.127426630000059],[-73.056094628999972,44.127501098000039],[-73.056014748999985,44.127560409000068],[-73.055926725999939,44.12762594700007],[-73.055772712999953,44.127774775000034]]],[[[-73.090039175999948,44.132805504000032],[-73.090148361999979,44.133299659000045],[-73.090164312999946,44.133372139000073],[-73.090284846999964,44.133916260000035],[-73.090668726999979,44.135652599000025],[-73.090921252999976,44.136792164000042],[-73.091119491999962,44.137618647000068],[-73.091225707999968,44.138400602000047],[-73.089247981999961,44.138575494000065],[-73.089447682999946,44.13964869800003],[-73.089791929999933,44.139736246000041],[-73.090188461999958,44.139837089000025],[-73.090585018999946,44.13993793800006],[-73.090797660999954,44.139971812000056],[-73.091091585999948,44.140009432000056],[-73.091446131999987,44.140020487000072],[-73.091616039999963,44.140029482000045],[-73.091897095999968,44.140025213000058],[-73.092149974999984,44.140014588000042],[-73.092675286999963,44.139953820000073],[-73.092858541999988,44.139926482000078],[-73.093046214999958,44.139888838000047],[-73.092915028999982,44.139222521000079],[-73.094498839999972,44.138730260000045],[-73.09434344899995,44.138072943000054],[-73.095180072999938,44.137770463000038],[-73.095125454999959,44.137507603000074],[-73.095527343999947,44.137442715000077],[-73.094858874999943,44.134428763000074],[-73.094145186999981,44.134047773000077],[-73.093155428999978,44.133509581000055],[-73.092382466999936,44.133090972000048],[-73.092048137999939,44.13291515800006],[-73.090829071999963,44.13205160900003],[-73.090340072999936,44.131885667000063],[-73.090223313999957,44.131898793000062],[-73.090093079999974,44.131558766000069],[-73.089862177999976,44.131129725000051],[-73.089780272999974,44.130889287000059],[-73.089826049999942,44.130660405000071],[-73.089898528999981,44.130557408000072],[-73.090119781999988,44.130395284000031],[-73.090375365999989,44.130256048000035],[-73.090756389999967,44.130145648000052],[-73.091153344999952,44.130057137000051],[-73.091805696999984,44.130029427000068],[-73.092009686999972,44.130028226000036],[-73.092465312999934,44.130025788000069],[-73.092920943999957,44.130023424000058],[-73.093527101999939,44.129993735000028],[-73.093114857999979,44.127855889000045],[-73.092147787999977,44.123022548000051],[-73.090197297999964,44.123866275000069],[-73.089891652999938,44.123987096000064],[-73.089466294999966,44.124167324000041],[-73.088928973999941,44.124396783000066],[-73.088414293999961,44.124626123000041],[-73.087586042999988,44.124970418000032],[-73.087049096999976,44.12519986600006],[-73.086557297999946,44.125493768000069],[-73.086152892999962,44.125781313000061],[-73.085405734999938,44.126353270000038],[-73.084757799999977,44.126852012000029],[-73.08434912599995,44.127143931000035],[-73.084126967999964,44.127462740000055],[-73.08396197199994,44.127757771000063],[-73.083800384999961,44.128280176000032],[-73.083564419999959,44.128902664000066],[-73.083134127999983,44.129142657000045],[-73.082964838999942,44.129240412000058],[-73.081011363999949,44.130924507000032],[-73.080596315999969,44.131367758000067],[-73.080755824999983,44.131386775000067],[-73.080794972999968,44.131476436000071],[-73.080841837999969,44.131556705000037],[-73.080912031999958,44.131626591000042],[-73.080927459999941,44.131686700000046],[-73.080969020999987,44.13174358200007],[-73.08103394699998,44.131813916000056],[-73.081085689999952,44.131893738000031],[-73.081106953999949,44.131951568000034],[-73.081120530999954,44.132022093000046],[-73.081145219999939,44.132070765000037],[-73.081207081999935,44.132147161000034],[-73.081264097999963,44.132207128000061],[-73.081328222999957,44.132255317000045],[-73.081378640999958,44.132299498000066],[-73.081398018999948,44.13234433000008],[-73.08144174499995,44.132402959000046],[-73.081498050999983,44.132450203000076],[-73.081541047999963,44.132494281000049],[-73.081591935999938,44.132546475000026],[-73.081689596999979,44.13258985300007],[-73.081742285999951,44.132626710000068],[-73.081781762999981,44.132670103000066],[-73.081854370999963,44.132707139000047],[-73.081971807999935,44.132736213000044],[-73.082073263999973,44.132768321000071],[-73.082176152999978,44.132807031000027],[-73.082269474999976,44.13286589900008],[-73.082411053999977,44.132927475000031],[-73.082495449999954,44.132972045000031],[-73.082621257999961,44.133018231000051],[-73.08273567699996,44.133058007000045],[-73.082868400999985,44.133092627000053],[-73.082972130999963,44.133117691000052],[-73.083099272999959,44.133140667000077],[-73.08319281699994,44.133162268000035],[-73.083306444999948,44.133200922000071],[-73.083434589999968,44.133246533000033],[-73.08355878499998,44.133287525000071],[-73.083666735999941,44.133304832000078],[-73.083772413999952,44.133329183000058],[-73.083870242999978,44.133349636000048],[-73.083948987999975,44.133375390000026],[-73.084029740999938,44.133406618000038],[-73.084092608999981,44.133445813000037],[-73.084176377999938,44.133466055000042],[-73.084282557999984,44.133462137000038],[-73.08437437799995,44.133467152000037],[-73.084437058999981,44.133467605000078],[-73.084545283999944,44.133492856000032],[-73.08467290699997,44.133485312000062],[-73.084766860999935,44.133469222000031],[-73.084856555999977,44.133417154000028],[-73.084926951999989,44.133388106000041],[-73.085013788999959,44.133363192000047],[-73.085155376999978,44.13334629600007],[-73.085250224999982,44.133341591000033],[-73.085341983999967,44.133340558000043],[-73.085441862999971,44.133331328000054],[-73.085550684999987,44.133318114000076],[-73.085678032999965,44.133282867000048],[-73.085824547999948,44.133211241000026],[-73.085928949999982,44.133146159000034],[-73.086058879999939,44.13309557000008],[-73.086148722999951,44.133038929000065],[-73.086200388999941,44.132972008000081],[-73.086231941999984,44.132904979000045],[-73.086271526999951,44.132840510000051],[-73.08631421399997,44.132773775000032],[-73.086355875999971,44.132722093000041],[-73.086390411999957,44.132676353000079],[-73.086883729999954,44.132947476000027],[-73.088678796999943,44.132269849000068],[-73.089247563999947,44.13307480800006],[-73.089990266999962,44.132650176000027],[-73.090039175999948,44.132805504000032]]],[[[-73.084015326999975,44.138838333000081],[-73.084122918999981,44.139452033000055],[-73.080987009999944,44.139751945000057],[-73.083057422999957,44.142420583000046],[-73.083240941999975,44.142653646000042],[-73.08709098199995,44.142159457000048],[-73.087452495999969,44.142128433000039],[-73.087052884999935,44.140640482000038],[-73.087003669999945,44.139260290000038],[-73.08697776799994,44.139168806000043],[-73.086931837999941,44.138671933000069],[-73.086352718999933,44.138717376000045],[-73.086325465999948,44.138647063000064],[-73.08595050699995,44.136724150000077],[-73.08496618099997,44.136779047000061],[-73.085186878999934,44.138031736000073],[-73.084572087999959,44.138059889000033],[-73.084589541999947,44.138320565000072],[-73.083921618999966,44.138352545000032],[-73.084015326999975,44.138838333000081]]]]},"properties":{"OBJECTID":12,"OBJECT_ID":24,"County":"Addison","RPC":"ACRPC","Municipal_Name":"Bristol","GEO_ID":"5000109025","District_Name":"Village Mixed","Abbreviated_District_Name":"VM","District_Type":"Mixed with Residential","Bylaw_Date":"2024-11-05","Elderly_Housing_District":"No","District_Mapped":"Yes","Overlay_District":"No","Base_Density":4,"FIPS6":1015,"GIS_ID":null,"Last_Update":"2026-05-31","F1F_Allowance":"Allowed/Conditional","F1F_Front_Setback":40,"F1F_Side_Setback":10,"F1F_Rear_Setback":15,"F1F_Frontage":75,"F1F_Max_Height":35,"F1F_Max_Stories":null,"F1F_Min_Lot_Size":0.23000000000000001,"F1F_Max_Lot_Building_Coverage":50,"F1F_Max_Lot_Impervious_Coverage":50,"F1F_Min_Parking_Spaces":1,"F1F_Elderly_Housing_Only":null,"F1F_Affordable_Housing_Only":null,"F2F_Allowance":"Allowed/Conditional","F2F_Front_Setback":40,"F2F_Side_Setback":10,"F2F_Rear_Setback":15,"F2F_Frontage":75,"F2F_Max_Density":4,"F2F_Max_Height":35,"F2F_Max_Stories":null,"F2F_Min_Lot_Size":1,"F2F_Max_Lot_Building_Coverage":50,"F2F_Max_Lot_Impervious_Coverage":50,"F2F_Min_Parking_Spaces_per_1BR":1,"F2F_Min_Parking_Spaces_per_mult_BR":1,"F2F_Elderly_Housing_Only":"No","F2F_Affordable_Housing_Only":"No","F3F_Allowance":"Allowed/Conditional","F3F_Front_Setback":40,"F3F_Side_Setback":10,"F3F_Rear_Setback":15,"F3F_Frontage":75,"F3F_Max_Density":4,"F3F_Max_Height":35,"F3F_Max_Stories":null,"F3F_Min_Lot_Size":1.5,"F3F_Max_Lot_Building_Coverage":50,"F3F_Max_Lot_Impervious_Coverage":50,"F3F_Min_Parking_Spaces_per_1BR":1,"F3F_Min_Parking_Spaces_per_mult_BR":1,"F3F_Affordable_Housing_Only":"No","F3F_Proximity_to_Public_Transit_Required":"No","F3F_Connection_to_Sewage_Water_Required":"No","F4F_Allowance":"Allowed/Conditional","F4F_Front_Setback":40,"F4F_Side_Setback":10,"F4F_Rear_Setback":15,"F4F_Frontage":75,"F1F_Max_Density":null,"F4F_Max_Density":4,"F4F_Max_Height":35,"F4F_Max_Stories":null,"F4F_Min_Lot_Size":2,"F4F_Max_Lot_Building_Coverage":50,"F4F_Max_Lot_Impervious_Coverage":50,"F4F_Min_Parking_Spaces_per_1BR":1,"F4F_Min_Parking_Spaces_per_mult_BR":1,"F3F_Elderly_Housing_Only":"No","F4F_Elderly_Housing_Only":"No","F4F_Affordable_Housing_Only":"No","F4F_Proximity_to_Public_Transit_Required":"No","F4F_Connection_to_Sewage_Water_Required":"No","ADU_Allowance":"Allowed/Conditional","ADU_Elderly_Housing_Only":"No","ADU_Max_Size_as_Percent_of_Primary_Strcture":"30","ADU_Max_Size_in_sq_ft":900,"ADU_Min_Lot_Size":null,"ADU_Max_Bedrooms":null,"ADU_Min_Parking_Spaces":1,"ADU_Owner_Occupancy_Required":"yes","ADU_Renter_Occupancy_Prohibited":"No","ADU_Employee_or_Family_Occupancy_Required":"No","ADU_Restricted_to_Primary_Structure":"No","Affordable_Housing_Allowance":"Not Mentioned","Affordable_Housing_District":"No","Affordable_Housing_Elderly_Only":"No","Affordable_Housing_Min_Lot_Size":null,"Affordable_Housing_Max_Density":null,"Affordable_Housing_Min_Parking_Spaces_per_mult_BR":null,"Affordable_Housing_Max_Units_per_Building":null,"Affordable_Housing_Min_Parking_Spaces_per_1BR":null,"PRD_Allowance":"Not Mentioned","PRD_Max_Density":null,"PRD_Max_Units":null,"PRD_Min_Lot_Size":null,"PRD_Mobile_or_Manufactured_Home_Park":"No","PUD_Allowance":"Yes","PUD_Required_with_Subdivision":"Yes","PUD_Requires_Land_Conservation":"No","PUD_Threshold_Number":null,"Notes":"Mixed-use residential or commercial/office PUDs are encouraged.\nFront setback is measured from the road centerline.","Shape_Length":0.10383437947902922,"Shape_Area":0.00013144062609918565}},{"type":"Feature","id":13,"geometry":{"type":"MultiPolygon","coordinates":[[[[-73.07293873499998,44.134726436000051],[-73.073746185999937,44.136849337000058],[-73.073759434999943,44.136886537000066],[-73.075590726999962,44.142040650000069],[-73.077007639999977,44.142985689000056],[-73.076637097999935,44.141402983000035],[-73.075675213999943,44.13743110200005],[-73.075488566999979,44.136871230000054],[-73.075058673999933,44.135592300000042],[-73.074564990999988,44.134136221000063],[-73.073311501999967,44.134264018000067],[-73.071982853999941,44.132998022000038],[-73.068452713999989,44.129644504000055],[-73.068212081999945,44.129451428000039],[-73.067945491999978,44.129381598000066],[-73.067793181999946,44.129338480000058],[-73.067572225999982,44.129263077000076],[-73.066899799999987,44.129016666000041],[-73.06706685599994,44.129172586000038],[-73.070922029999963,44.132814608000047],[-73.07293873499998,44.134726436000051]]],[[[-73.082000736999987,44.123601202000032],[-73.078342840999937,44.125040940000076],[-73.077142197999933,44.125167300000044],[-73.077165477999984,44.125425221000057],[-73.076745724999967,44.12547575800005],[-73.077444974999935,44.130081962000077],[-73.081011363999949,44.130924507000032],[-73.082964838999942,44.129240412000058],[-73.082922040999961,44.129136990000063],[-73.082845220999957,44.128949084000055],[-73.082799242999954,44.128641491000053],[-73.082729951999966,44.12842500000005],[-73.082691929999953,44.12825138200003],[-73.082631511999978,44.127983938000057],[-73.082608291999975,44.127806588000055],[-73.082599270999935,44.127603853000039],[-73.082569233999948,44.127328802000079],[-73.08255928799997,44.127071649000072],[-73.082533685999977,44.126771123000026],[-73.08252774999994,44.126445184000033],[-73.082512336999969,44.126148262000072],[-73.082546827999977,44.125843633000045],[-73.08255232199997,44.125608057000079],[-73.082534464999981,44.125459788000057],[-73.082490092999933,44.125235577000069],[-73.08248085799994,44.125011045000065],[-73.082415934999972,44.124761626000065],[-73.082326877999947,44.124559580000039],[-73.082292693999989,44.124338972000032],[-73.082208003999938,44.124104278000061],[-73.082162779999976,44.123832961000062],[-73.082158326999945,44.123582319000036],[-73.082000736999987,44.123601202000032]]],[[[-73.078908254999988,44.146977980000031],[-73.07900338099995,44.147372983000025],[-73.079077354999981,44.147712212000044],[-73.080325362999986,44.147553882000068],[-73.080483804999972,44.147538021000059],[-73.080572601999961,44.14752135100008],[-73.080742030999943,44.147510198000077],[-73.081984344999967,44.147299514000053],[-73.082314435999933,44.147235358000046],[-73.082404517999976,44.147200516000055],[-73.082528410999942,44.147168244000056],[-73.082722289999936,44.147142927000061],[-73.083281405999969,44.147070648000067],[-73.083586408999963,44.147031218000052],[-73.085283315999959,44.146829791000073],[-73.085394340999983,44.146808574000033],[-73.085524249999935,44.146783404000075],[-73.086584632999973,44.146651494000025],[-73.08926173499998,44.146025419000068],[-73.088114442999938,44.14453736300004],[-73.084205297999972,44.145112606000055],[-73.084587855999985,44.145684258000074],[-73.080612693999967,44.146233806000055],[-73.08024318799994,44.146289860000081],[-73.080159410999954,44.146095795000065],[-73.079902212999968,44.145471264000037],[-73.079553988999976,44.144674458000054],[-73.07938169099998,44.144311240000036],[-73.079074401999947,44.144334623000077],[-73.078546176999964,44.144425192000028],[-73.078323658999977,44.144463345000077],[-73.078443485999969,44.144962361000069],[-73.078675866999959,44.145970170000055],[-73.078908254999988,44.146977980000031]]],[[[-73.088277497999968,44.144516301000067],[-73.092222741999933,44.144160781000039],[-73.09847625499998,44.144295513000031],[-73.098630683999943,44.144296270000041],[-73.098765385999968,44.144296807000046],[-73.098790372999986,44.143789467000033],[-73.098597937999955,44.143803285000047],[-73.098642028999961,44.142340442000034],[-73.098623618999966,44.142256069000041],[-73.098625700999946,44.142130652000048],[-73.098653308999985,44.141092817000072],[-73.097858855999959,44.140272028000027],[-73.096143175999941,44.140219065000053],[-73.093086113999959,44.140091976000065],[-73.093067436999945,44.139996902000064],[-73.093046214999958,44.139888838000047],[-73.092858541999988,44.139926482000078],[-73.092675286999963,44.139953820000073],[-73.092149974999984,44.140014588000042],[-73.091897095999968,44.140025213000058],[-73.091616039999963,44.140029482000045],[-73.091446131999987,44.140020487000072],[-73.09146278299994,44.14014284700005],[-73.087052884999935,44.140640482000038],[-73.087452495999969,44.142128433000039],[-73.088277497999968,44.144516301000067]]]]},"properties":{"OBJECTID":13,"OBJECT_ID":25,"County":"Addison","RPC":"ACRPC","Municipal_Name":"Bristol","GEO_ID":"5000109025","District_Name":"Village Residential","Abbreviated_District_Name":"VR","District_Type":"Primarily Residential","Bylaw_Date":"2024-11-05","Elderly_Housing_District":"No","District_Mapped":"Yes","Overlay_District":"No","Base_Density":2,"FIPS6":1015,"GIS_ID":null,"Last_Update":"2026-05-31","F1F_Allowance":"Allowed/Conditional","F1F_Front_Setback":45,"F1F_Side_Setback":20,"F1F_Rear_Setback":20,"F1F_Frontage":75,"F1F_Max_Height":35,"F1F_Max_Stories":null,"F1F_Min_Lot_Size":0.23000000000000001,"F1F_Max_Lot_Building_Coverage":30,"F1F_Max_Lot_Impervious_Coverage":30,"F1F_Min_Parking_Spaces":1,"F1F_Elderly_Housing_Only":null,"F1F_Affordable_Housing_Only":null,"F2F_Allowance":"Allowed/Conditional","F2F_Front_Setback":45,"F2F_Side_Setback":20,"F2F_Rear_Setback":20,"F2F_Frontage":75,"F2F_Max_Density":2,"F2F_Max_Height":35,"F2F_Max_Stories":null,"F2F_Min_Lot_Size":1,"F2F_Max_Lot_Building_Coverage":30,"F2F_Max_Lot_Impervious_Coverage":30,"F2F_Min_Parking_Spaces_per_1BR":1,"F2F_Min_Parking_Spaces_per_mult_BR":1,"F2F_Elderly_Housing_Only":"No","F2F_Affordable_Housing_Only":"No","F3F_Allowance":"Allowed/Conditional","F3F_Front_Setback":45,"F3F_Side_Setback":20,"F3F_Rear_Setback":20,"F3F_Frontage":75,"F3F_Max_Density":2,"F3F_Max_Height":35,"F3F_Max_Stories":null,"F3F_Min_Lot_Size":1.5,"F3F_Max_Lot_Building_Coverage":30,"F3F_Max_Lot_Impervious_Coverage":30,"F3F_Min_Parking_Spaces_per_1BR":1,"F3F_Min_Parking_Spaces_per_mult_BR":1,"F3F_Affordable_Housing_Only":"No","F3F_Proximity_to_Public_Transit_Required":"No","F3F_Connection_to_Sewage_Water_Required":"No","F4F_Allowance":"Allowed/Conditional","F4F_Front_Setback":45,"F4F_Side_Setback":20,"F4F_Rear_Setback":20,"F4F_Frontage":75,"F1F_Max_Density":null,"F4F_Max_Density":2,"F4F_Max_Height":35,"F4F_Max_Stories":null,"F4F_Min_Lot_Size":2,"F4F_Max_Lot_Building_Coverage":30,"F4F_Max_Lot_Impervious_Coverage":30,"F4F_Min_Parking_Spaces_per_1BR":1,"F4F_Min_Parking_Spaces_per_mult_BR":1,"F3F_Elderly_Housing_Only":"No","F4F_Elderly_Housing_Only":"No","F4F_Affordable_Housing_Only":"No","F4F_Proximity_to_Public_Transit_Required":"No","F4F_Connection_to_Sewage_Water_Required":"No","ADU_Allowance":"Allowed/Conditional","ADU_Elderly_Housing_Only":"No","ADU_Max_Size_as_Percent_of_Primary_Strcture":"30","ADU_Max_Size_in_sq_ft":900,"ADU_Min_Lot_Size":null,"ADU_Max_Bedrooms":null,"ADU_Min_Parking_Spaces":1,"ADU_Owner_Occupancy_Required":"yes","ADU_Renter_Occupancy_Prohibited":"No","ADU_Employee_or_Family_Occupancy_Required":"No","ADU_Restricted_to_Primary_Structure":"No","Affordable_Housing_Allowance":"Not Mentioned","Affordable_Housing_District":"No","Affordable_Housing_Elderly_Only":"No","Affordable_Housing_Min_Lot_Size":null,"Affordable_Housing_Max_Density":null,"Affordable_Housing_Min_Parking_Spaces_per_mult_BR":null,"Affordable_Housing_Max_Units_per_Building":null,"Affordable_Housing_Min_Parking_Spaces_per_1BR":null,"PRD_Allowance":"Not Mentioned","PRD_Max_Density":null,"PRD_Max_Units":null,"PRD_Min_Lot_Size":null,"PRD_Mobile_or_Manufactured_Home_Park":"No","PUD_Allowance":"Yes","PUD_Required_with_Subdivision":"Yes","PUD_Requires_Land_Conservation":"No","PUD_Threshold_Number":null,"Notes":"None","Shape_Length":0.11737824404161577,"Shape_Area":0.00011186247629664659}},{"type":"Feature","id":14,"geometry":{"type":"Polygon","coordinates":[[[-73.058688869999969,44.172646623000048],[-73.059018952999963,44.170996206000041],[-73.059018952999963,44.169235761000039],[-73.059018952999963,44.167475316000036],[-73.059128980999958,44.164944676000061],[-73.057808646999945,44.16296417600006],[-73.056048201999943,44.161643842000046],[-73.055278007999959,44.160873647000074],[-73.052857395999979,44.159883397000044],[-73.051757117999955,44.157682841000053],[-73.05085470399996,44.155593487000033],[-73.049658014999977,44.153050522000058],[-73.048760497999979,44.150806729000067],[-73.04771339499996,44.14901169500007],[-73.048760497999979,44.144972868000025],[-73.048760497999979,44.141382800000031],[-73.048162152999964,44.138241491000031],[-73.048162152999964,44.13614728400006],[-73.048610911999958,44.134950595000078],[-73.050405945999955,44.133155561000081],[-73.051602634999938,44.131809286000077],[-73.054444771999954,44.12971507900005],[-73.057631524999977,44.127288222000061],[-73.060429595999949,44.127754567000068],[-73.062450424999952,44.127910016000044],[-73.065559392999944,44.128531809000037],[-73.068045430999973,44.129514235000045],[-73.069819974999973,44.12935765800006],[-73.071698903999959,44.130192737000073],[-73.073264677999987,44.130558085000075],[-73.074830451999958,44.131393164000031],[-73.076604995999958,44.131654127000047],[-73.078222961999984,44.132228244000032],[-73.080258468999943,44.133272093000073],[-73.081667664999941,44.133741825000072],[-73.084642635999955,44.134002788000032],[-73.087095681999983,44.133846210000058],[-73.087095681999983,44.13290674600006],[-73.087043488999939,44.132176051000044],[-73.086312794999969,44.131445357000075],[-73.085112367999955,44.130505892000031],[-73.084694827999954,44.129201081000076],[-73.08365097899997,44.127948461000074],[-73.08365097899997,44.126852420000034],[-73.083631298999933,44.125940780000064],[-73.08372064699995,44.125136653000027],[-73.084167383999954,44.12397513600007],[-73.083541951999962,44.123171009000032],[-73.083054079999954,44.122254508000026],[-73.084238622999976,44.121051856000065],[-73.088018505999969,44.121642114000053],[-73.090250031999972,44.12135104500004],[-73.094713084999967,44.120865931000026],[-73.096071404999975,44.119022496000071],[-73.096071404999975,44.114947535000056],[-73.096362473999989,44.112910054000054],[-73.096750565999969,44.107767841000054],[-73.096362473999989,44.104857155000047],[-73.096168427999942,44.101655399000038],[-73.097045916999946,44.101613290000046],[-73.096962077999933,44.100020341000061],[-73.095285289999936,44.097924357000068],[-73.094530735999967,44.096331408000026],[-73.096710559999963,44.09566069300007],[-73.098471186999973,44.095576854000058],[-73.099141901999985,44.095576854000058],[-73.100231813999983,44.096163729000068],[-73.103333870999961,44.096415248000028],[-73.10178293599995,44.091410722000035],[-73.099933817999954,44.092372263000073],[-73.098502101999941,44.090912906000028],[-73.096701964999966,44.09028113100004],[-73.095893127999943,44.088806193000039],[-73.095274605999975,44.086474839000061],[-73.09489397699997,44.084714428000041],[-73.094037560999936,44.083477383000059],[-73.093561773999966,44.08328706900005],[-73.093752088999963,44.084381378000046],[-73.09389482499995,44.084809586000063],[-73.094227875999934,44.085999052000034],[-73.094751240999983,44.087045782000075],[-73.094798818999948,44.08742641200007],[-73.094989133999945,44.088758614000028],[-73.095084290999978,44.08956745100005],[-73.095750391999957,44.090471445000048],[-73.096654386999944,44.090852075000043],[-73.097510802999977,44.091185125000038],[-73.098224481999978,44.091518176000079],[-73.098652689999938,44.092279434000034],[-73.099080897999954,44.092897957000048],[-73.098801674999947,44.093688009000061],[-73.097800545999974,44.093652254000062],[-73.09569102599994,44.094689137000046],[-73.094689897999956,44.094081309000046],[-73.094260842999972,44.094117064000045],[-73.092294341999946,44.094117064000045],[-73.091293212999972,44.093580745000054],[-73.090506612999945,44.092472353000062],[-73.090506612999945,44.091113679000046],[-73.090613875999964,44.089611987000069],[-73.089720011999987,44.088503595000077],[-73.08896257899994,44.088069201000053],[-73.088263779999977,44.087999321000041],[-73.088019200999952,44.087789681000061],[-73.087564980999957,44.087789681000061],[-73.087250521999977,44.087545102000036],[-73.086901121999972,44.087824621000038],[-73.087136899999962,44.088029992000031],[-73.087452044999964,44.088194416000078],[-73.087835699999971,44.088331436000033],[-73.088431988999957,44.088840659000027],[-73.089006216999962,44.089989114000048],[-73.088970327999959,44.090671009000062],[-73.089156297999978,44.091550279000046],[-73.089217529999985,44.092193211000051],[-73.090105388999973,44.093785235000041],[-73.091146326999933,44.094336320000025],[-73.090016503999948,44.095552204000057],[-73.091876429999957,44.097589265000067],[-73.093913490999967,44.099803461000079],[-73.092939243999979,44.101043412000081],[-73.092142132999982,44.104054719000032],[-73.09196499799998,44.105737509000051],[-73.09196499799998,44.107951706000051],[-73.091345022999974,44.108571681000058],[-73.092997068999978,44.110521558000073],[-73.092425317999982,44.11272688400004],[-73.090465027999983,44.113788708000072],[-73.08874977499994,44.115422283000044],[-73.085074230999965,44.116402428000072],[-73.082787226999983,44.117627609000067],[-73.082623868999974,44.118689432000053],[-73.082552190999934,44.120348339000032],[-73.08154037099996,44.121899797000026],[-73.08154037099996,44.12324889000007],[-73.082012553999959,44.126689079000073],[-73.082147462999956,44.128105627000025],[-73.082754554999951,44.129589630000055],[-73.083948292999935,44.13023458400005],[-73.084453464999967,44.131434369000033],[-73.084769197999947,44.132065834000059],[-73.08565324999995,44.13288674000006],[-73.08420087899998,44.132949886000063],[-73.082559067999966,44.132949886000063],[-73.080222644999935,44.132318421000036],[-73.078391393999937,44.131308075000049],[-73.075676091999981,44.130802903000074],[-73.073339668999949,44.129792558000076],[-73.071634710999945,44.129413678000049],[-73.068427655999983,44.128127947000053],[-73.064673247999963,44.127580429000034],[-73.061466358999951,44.126720044000081],[-73.056147615999976,44.126641828000061],[-73.052549641999974,44.128049730000043],[-73.051141738999945,44.129614067000034],[-73.049733836999962,44.127815080000062],[-73.04707446499998,44.127267562000043],[-73.044415092999941,44.12625074400006],[-73.042147670999952,44.127400222000063],[-73.038766455999962,44.127118454000026],[-73.036512311999957,44.126695802000029],[-73.033976399999972,44.125427846000036],[-73.030313416999945,44.124300774000062],[-73.030313416999945,44.125427846000036],[-73.033694631999936,44.126554918000068],[-73.035526123999944,44.128668178000055],[-73.037780267999949,44.128668178000055],[-73.039752643999975,44.129090830000052],[-73.043274742999984,44.129228777000037],[-73.045031507999965,44.128926152000076],[-73.047935392999989,44.128926152000076],[-73.048754436999957,44.129559050000069],[-73.049089500999969,44.130117490000032],[-73.048885066999958,44.130978269000025],[-73.047300318999987,44.133133526000051],[-73.046159299999943,44.136429802000066],[-73.046919978999938,44.141057265000029],[-73.046627357999967,44.144941450000033],[-73.046450715999981,44.147944351000035],[-73.046097433999989,44.151123893000033],[-73.046627357999967,44.154126794000035],[-73.048393769999961,44.156953054000041],[-73.050336823999942,44.160662520000074],[-73.053869647999989,44.162252291000073],[-73.056165983999961,44.163665421000076],[-73.057225831999972,44.166315040000029],[-73.057605474999946,44.167160425000077],[-73.057554663999952,44.168989613000065],[-73.057453042999953,44.170259882000039],[-73.058570879999934,44.172851231000038],[-73.058688869999969,44.172646623000048]]]},"properties":{"OBJECTID":14,"OBJECT_ID":26,"County":"Addison","RPC":"ACRPC","Municipal_Name":"Bristol","GEO_ID":null,"District_Name":"Flood Hazard Area Overlay","Abbreviated_District_Name":"VHA","District_Type":"Overlay","Bylaw_Date":"2024-11-05","Elderly_Housing_District":"No","District_Mapped":"Yes","Overlay_District":"Yes","Base_Density":null,"FIPS6":1015,"GIS_ID":null,"Last_Update":"2026-05-31","F1F_Allowance":null,"F1F_Front_Setback":null,"F1F_Side_Setback":null,"F1F_Rear_Setback":null,"F1F_Frontage":null,"F1F_Max_Height":null,"F1F_Max_Stories":null,"F1F_Min_Lot_Size":null,"F1F_Max_Lot_Building_Coverage":null,"F1F_Max_Lot_Impervious_Coverage":null,"F1F_Min_Parking_Spaces":null,"F1F_Elderly_Housing_Only":null,"F1F_Affordable_Housing_Only":null,"F2F_Allowance":null,"F2F_Front_Setback":null,"F2F_Side_Setback":null,"F2F_Rear_Setback":null,"F2F_Frontage":null,"F2F_Max_Density":null,"F2F_Max_Height":null,"F2F_Max_Stories":null,"F2F_Min_Lot_Size":null,"F2F_Max_Lot_Building_Coverage":null,"F2F_Max_Lot_Impervious_Coverage":null,"F2F_Min_Parking_Spaces_per_1BR":null,"F2F_Min_Parking_Spaces_per_mult_BR":null,"F2F_Elderly_Housing_Only":null,"F2F_Affordable_Housing_Only":null,"F3F_Allowance":null,"F3F_Front_Setback":null,"F3F_Side_Setback":null,"F3F_Rear_Setback":null,"F3F_Frontage":null,"F3F_Max_Density":null,"F3F_Max_Height":null,"F3F_Max_Stories":null,"F3F_Min_Lot_Size":null,"F3F_Max_Lot_Building_Coverage":null,"F3F_Max_Lot_Impervious_Coverage":null,"F3F_Min_Parking_Spaces_per_1BR":null,"F3F_Min_Parking_Spaces_per_mult_BR":null,"F3F_Affordable_Housing_Only":null,"F3F_Proximity_to_Public_Transit_Required":null,"F3F_Connection_to_Sewage_Water_Required":null,"F4F_Allowance":null,"F4F_Front_Setback":null,"F4F_Side_Setback":null,"F4F_Rear_Setback":null,"F4F_Frontage":null,"F1F_Max_Density":null,"F4F_Max_Density":null,"F4F_Max_Height":null,"F4F_Max_Stories":null,"F4F_Min_Lot_Size":null,"F4F_Max_Lot_Building_Coverage":null,"F4F_Max_Lot_Impervious_Coverage":null,"F4F_Min_Parking_Spaces_per_1BR":null,"F4F_Min_Parking_Spaces_per_mult_BR":null,"F3F_Elderly_Housing_Only":null,"F4F_Elderly_Housing_Only":null,"F4F_Affordable_Housing_Only":null,"F4F_Proximity_to_Public_Transit_Required":null,"F4F_Connection_to_Sewage_Water_Required":null,"ADU_Allowance":null,"ADU_Elderly_Housing_Only":null,"ADU_Max_Size_as_Percent_of_Primary_Strcture":null,"ADU_Max_Size_in_sq_ft":null,"ADU_Min_Lot_Size":null,"ADU_Max_Bedrooms":null,"ADU_Min_Parking_Spaces":null,"ADU_Owner_Occupancy_Required":null,"ADU_Renter_Occupancy_Prohibited":null,"ADU_Employee_or_Family_Occupancy_Required":null,"ADU_Restricted_to_Primary_Structure":null,"Affordable_Housing_Allowance":null,"Affordable_Housing_District":null,"Affordable_Housing_Elderly_Only":null,"Affordable_Housing_Min_Lot_Size":null,"Affordable_Housing_Max_Density":null,"Affordable_Housing_Min_Parking_Spaces_per_mult_BR":null,"Affordable_Housing_Max_Units_per_Building":null,"Affordable_Housing_Min_Parking_Spaces_per_1BR":null,"PRD_Allowance":null,"PRD_Max_Density":null,"PRD_Max_Units":null,"PRD_Min_Lot_Size":null,"PRD_Mobile_or_Manufactured_Home_Park":null,"PUD_Allowance":null,"PUD_Required_with_Subdivision":null,"PUD_Requires_Land_Conservation":null,"PUD_Threshold_Number":null,"Notes":"Overlay district; allowed uses and dimensional standards come from the underlying base district unless modified by Article VIII.\nOnly certain open-space uses are permitted directly in the flood hazard area.\nNew construction, substantial improvement, and other development that does not qualify as a permitted open-space use requires conditional review.\nFlood hazard rules may be more restrictive than the underlying zoning district.","Shape_Length":0.38306304959274923,"Shape_Area":0.00039953989630271003}}]}