{
  "type": "FeatureCollection",
  "crs": {
    "type": "name",
    "properties": {
      "name": "urn:ogc:def:crs:OGC:1.3:CRS84"
    }
  },
  "features": [
    {
      "type": "Feature",
      "properties": {
        "ABB_DIST_NAME": "CIR",
        "Jurisdiction_County": "Essex",
        "Jurisdiction_District_Name": "Ferdinand"
      },
      "geometry": {
        "type": "Polygon",
        "coordinates": [
          [
            [
              -71.77869067445678,
              44.780653522535864
            ],
            [
              -71.77902452478206,
              44.780680169127834
            ],
            [
              -71.77906160962226,
              44.780684887441815
            ],
            [
              -71.77941361122839,
              44.78072967425727
            ],
            [
              -71.77967707304738,
              44.78077522171141
            ],
            [
              -71.77994888566955,
              44.78082922266686
            ],
            [
              -71.780299431968,
              44.78092455749695
            ],
            [
              -71.7811841286654,
              44.78117771773552
            ],
            [
              -71.78317134792186,
              44.78176272509554
            ],
            [
              -71.783171384428,
              44.78176273612348
            ],
            [
              -71.78543514545805,
              44.782424263393075
            ],
            [
              -71.786769361713,
              44.78282028470303
            ],
            [
              -71.78678519145033,
              44.78282491635385
            ],
            [
              -71.78735061474629,
              44.78298856781356
            ],
            [
              -71.78808594544033,
              44.7832013924481
            ],
            [
              -71.78869251005315,
              44.78337670442793
            ],
            [
              -71.78948583396925,
              44.783605988515816
            ],
            [
              -71.79253204646913,
              44.78449891660935
            ],
            [
              -71.79467151347437,
              44.78513958287585
            ],
            [
              -71.79596688677404,
              44.78555470254207
            ],
            [
              -71.79692592337753,
              44.785864119474084
            ],
            [
              -71.79696360720067,
              44.78587589175974
            ],
            [
              -71.79696364749176,
              44.785875903706476
            ],
            [
              -71.79714594380523,
              44.785931286054726
            ],
            [
              -71.79719149614613,
              44.78594463651846
            ],
            [
              -71.79738746551544,
              44.786000008135716
            ],
            [
              -71.79749889101063,
              44.786031492628126
            ],
            [
              -71.79750869766713,
              44.78603423374906
            ],
            [
              -71.79776522087177,
              44.78610555802373
            ],
            [
              -71.79779266116368,
              44.78611302222708
            ],
            [
              -71.79813821460412,
              44.78620477630959
            ],
            [
              -71.79846275250767,
              44.78629015045683
            ],
            [
              -71.7984848458157,
              44.786295690961225
            ],
            [
              -71.79851229222173,
              44.78630256109623
            ],
            [
              -71.79886845835871,
              44.786388185955474
            ],
            [
              -71.79892978468251,
              44.78640212391104
            ],
            [
              -71.79932440962688,
              44.786486608389716
            ],
            [
              -71.79934898096364,
              44.786491741878265
            ],
            [
              -71.79969715574556,
              44.78656252169663
            ],
            [
              -71.79972916492171,
              44.78656880758766
            ],
            [
              -71.80016805408515,
              44.7866522296133
            ],
            [
              -71.80018870623034,
              44.78665606734805
            ],
            [
              -71.80065637828645,
              44.7867409984181
            ],
            [
              -71.80068382197777,
              44.7867458297449
            ],
            [
              -71.80095525075745,
              44.78679212376379
            ],
            [
              -71.80119945379715,
              44.78683377445331
            ],
            [
              -71.80123255420604,
              44.786839190099194
            ],
            [
              -71.80152297130178,
              44.786884870032885
            ],
            [
              -71.80167673142829,
              44.78690904931842
            ],
            [
              -71.80200059363888,
              44.786962124527825
            ],
            [
              -71.80476477585864,
              44.78450462012599
            ],
            [
              -71.80468286710668,
              44.78450059925245
            ],
            [
              -71.8046598669198,
              44.78449956021524
            ],
            [
              -71.804580482341,
              44.78449631865088
            ],
            [
              -71.80449605549701,
              44.78448954211899
            ],
            [
              -71.80446664132639,
              44.78448734270727
            ],
            [
              -71.80436210647487,
              44.78448017813906
            ],
            [
              -71.80433961146115,
              44.78447863637159
            ],
            [
              -71.80415860965626,
              44.78446329636362
            ],
            [
              -71.80386259389527,
              44.78443156621005
            ],
            [
              -71.80370133388897,
              44.784411151601226
            ],
            [
              -71.80330959300197,
              44.78435804507603
            ],
            [
              -71.8029176832565,
              44.784297925066994
            ],
            [
              -71.80272204262933,
              44.78426587590117
            ],
            [
              -71.80253204566894,
              44.78423475086741
            ],
            [
              -71.80251555728012,
              44.78423210795313
            ],
            [
              -71.802289075554,
              44.78419647436308
            ],
            [
              -71.80207972637687,
              44.78416352593564
            ],
            [
              -71.80171388758068,
              44.78410116378778
            ],
            [
              -71.80159437272604,
              44.78408078816918
            ],
            [
              -71.80115080497798,
              44.78400023343424
            ],
            [
              -71.80073830173211,
              44.78392183256678
            ],
            [
              -71.80056513166056,
              44.7838866218611
            ],
            [
              -71.80042036184555,
              44.783857188538924
            ],
            [
              -71.80006946491221,
              44.783782063898805
            ],
            [
              -71.7997696400453,
              44.78370999333091
            ],
            [
              -71.79947819220851,
              44.78363332448461
            ],
            [
              -71.79932601263049,
              44.78359292765228
            ],
            [
              -71.79915205983221,
              44.78354674203586
            ],
            [
              -71.79891407827684,
              44.78348060020404
            ],
            [
              -71.79863449187748,
              44.78340159388978
            ],
            [
              -71.79849446222994,
              44.78335904961565
            ],
            [
              -71.79755165943419,
              44.78305489030154
            ],
            [
              -71.79623008078313,
              44.78263138927796
            ],
            [
              -71.7961862868368,
              44.782617790089326
            ],
            [
              -71.79618625284357,
              44.78261777998094
            ],
            [
              -71.79401805793947,
              44.78196852498393
            ],
            [
              -71.79400456018342,
              44.7819645296815
            ],
            [
              -71.79094726966726,
              44.7810683689702
            ],
            [
              -71.79094054408317,
              44.78106639512938
            ],
            [
              -71.7895349677353,
              44.780660144422654
            ],
            [
              -71.78824293788615,
              44.78028622276897
            ],
            [
              -71.78691173430981,
              44.77989108952458
            ],
            [
              -71.78690184882049,
              44.77988820571443
            ],
            [
              -71.7856464718389,
              44.779521334430505
            ],
            [
              -71.78463781252569,
              44.779226550734016
            ],
            [
              -71.78264635795986,
              44.77864031907937
            ],
            [
              -71.78264237215012,
              44.77863916106938
            ],
            [
              -71.78263927892961,
              44.778638262437674
            ],
            [
              -71.78263442567605,
              44.77863685510579
            ],
            [
              -71.78262866471788,
              44.77863518470066
            ],
            [
              -71.78220032777571,
              44.778512623060266
            ],
            [
              -71.78171963843955,
              44.778375080186976
            ],
            [
              -71.7816886027366,
              44.77836641422876
            ],
            [
              -71.78123907887145,
              44.77824416656237
            ],
            [
              -71.78115023986501,
              44.7782217587374
            ],
            [
              -71.78106960541513,
              44.778204374437436
            ],
            [
              -71.78068039466716,
              44.7781270546587
            ],
            [
              -71.78066064853085,
              44.77812335318237
            ],
            [
              -71.78062740594072,
              44.778117122560595
            ],
            [
              -71.78062114660675,
              44.77811601585132
            ],
            [
              -71.78061739092158,
              44.77811535866429
            ],
            [
              -71.78026476410732,
              44.77805436621279
            ],
            [
              -71.78014896008958,
              44.778037018777965
            ],
            [
              -71.7796398148758,
              44.77797225611169
            ],
            [
              -71.7796310173582,
              44.777971144136544
            ],
            [
              -71.77962962216627,
              44.77797096795454
            ],
            [
              -71.77951567325655,
              44.77795941163287
            ],
            [
              -71.77949456544367,
              44.7779577261378
            ],
            [
              -71.77906141794818,
              44.77792315861908
            ],
            [
              -71.77903758885137,
              44.77792135777137
            ],
            [
              -71.77894500627784,
              44.77791641324121
            ],
            [
              -71.77846168529659,
              44.77789887490782
            ],
            [
              -71.77841551954229,
              44.77789758702949
            ],
            [
              -71.77830412261159,
              44.777897741615995
            ],
            [
              -71.77770773063851,
              44.77791089107363
            ],
            [
              -71.77768013755502,
              44.77791163984873
            ],
            [
              -71.77759136625706,
              44.77791597199269
            ],
            [
              -71.77708038244927,
              44.777949356308845
            ],
            [
              -71.77703056965835,
              44.777953085120565
            ],
            [
              -71.77699979325132,
              44.777956416987664
            ],
            [
              -71.77690407970216,
              44.77796677806728
            ],
            [
              -71.77672041811198,
              44.77799111096953
            ],
            [
              -71.77644784126575,
              44.778027224186125
            ],
            [
              -71.7764369633784,
              44.77802870309299
            ],
            [
              -71.77635226432606,
              44.778041702708215
            ],
            [
              -71.77600534865203,
              44.77810078616838
            ],
            [
              -71.7759545402691,
              44.77810995708954
            ],
            [
              -71.77594566078238,
              44.778111667295114
            ],
            [
              -71.7756164830411,
              44.77817571968947
            ],
            [
              -71.77560617048843,
              44.778177755541186
            ],
            [
              -71.77535486350354,
              44.77822772362786
            ],
            [
              -71.77533007396595,
              44.778232807341446
            ],
            [
              -71.77498140865262,
              44.77830572873662
            ],
            [
              -71.77449525578244,
              44.77840691535142
            ],
            [
              -71.77414506205633,
              44.778480747777344
            ],
            [
              -71.77387935102206,
              44.778535893571934
            ],
            [
              -71.77387037698554,
              44.778537778495185
            ],
            [
              -71.77341762756365,
              44.778633431544996
            ],
            [
              -71.7734138295982,
              44.77863423528854
            ],
            [
              -71.77340719266758,
              44.77863563920021
            ],
            [
              -71.77298254051574,
              44.77872723075955
            ],
            [
              -71.77269195854105,
              44.77878990419429
            ],
            [
              -71.7722335551485,
              44.77888775278606
            ],
            [
              -71.77168719534586,
              44.778986734043166
            ],
            [
              -71.7713741819475,
              44.779019224228094
            ],
            [
              -71.77124515733672,
              44.77902228941948
            ],
            [
              -71.771133748251,
              44.779024944052246
            ],
            [
              -71.77099686988231,
              44.7790230849837
            ],
            [
              -71.77075603382838,
              44.77901981235083
            ],
            [
              -71.77026427263792,
              44.77899824386854
            ],
            [
              -71.76978229942904,
              44.778972007783864
            ],
            [
              -71.76932885213333,
              44.778947879763905
            ],
            [
              -71.76930117737173,
              44.77894654182488
            ],
            [
              -71.76876514017897,
              44.77892356231066
            ],
            [
              -71.76810579813703,
              44.7788896878414
            ],
            [
              -71.76748476361642,
              44.778858855771446
            ],
            [
              -71.76688203257665,
              44.77882701565043
            ],
            [
              -71.76641885600213,
              44.77880081943996
            ],
            [
              -71.76639772745897,
              44.77879967942967
            ],
            [
              -71.76595124076736,
              44.77877795304431
            ],
            [
              -71.76538831963263,
              44.77874860616531
            ],
            [
              -71.76537773982203,
              44.77874806746181
            ],
            [
              -71.76468426531032,
              44.77871468708458
            ],
            [
              -71.76378391730726,
              44.77867223980715
            ],
            [
              -71.76304448963263,
              44.77863776940566
            ],
            [
              -71.7624066685311,
              44.77860320269247
            ],
            [
              -71.76238429900752,
              44.778602094419846
            ],
            [
              -71.76178642602143,
              44.778574649387586
            ],
            [
              -71.7612091849583,
              44.778545209136674
            ],
            [
              -71.76053082025425,
              44.778508644546484
            ],
            [
              -71.76022994176398,
              44.778488066204865
            ],
            [
              -71.76000930693944,
              44.778472975398024
            ],
            [
              -71.75954584183818,
              44.77842839869213
            ],
            [
              -71.7591462818829,
              44.77837239021786
            ],
            [
              -71.75867341962102,
              44.77829708403947
            ],
            [
              -71.7582323406862,
              44.778205714867795
            ],
            [
              -71.75781025878918,
              44.778104618055515
            ],
            [
              -71.75779530052063,
              44.77810108142603
            ],
            [
              -71.75732138200487,
              44.77799060371346
            ],
            [
              -71.75686548427609,
              44.77788064985337
            ],
            [
              -71.75618031142272,
              44.77771456548622
            ],
            [
              -71.75615767991188,
              44.77770919866307
            ],
            [
              -71.75545769039353,
              44.77754669133604
            ],
            [
              -71.75481950240001,
              44.777395868634045
            ],
            [
              -71.75425913886205,
              44.77725715569028
            ],
            [
              -71.75422239625277,
              44.77724836040865
            ],
            [
              -71.75370958176148,
              44.77713030289559
            ],
            [
              -71.7533302626921,
              44.77702851685475
            ],
            [
              -71.7530950176751,
              44.77695439714002
            ],
            [
              -71.75285140562016,
              44.776860775371084
            ],
            [
              -71.7526111809303,
              44.77675251498639
            ],
            [
              -71.75222455971452,
              44.77655010920228
            ],
            [
              -71.7518723969327,
              44.7763469415536
            ],
            [
              -71.75185392617301,
              44.77633643750926
            ],
            [
              -71.75134217624613,
              44.77604957944834
            ],
            [
              -71.75081525652324,
              44.775747678529626
            ],
            [
              -71.74962037295434,
              44.775065347924325
            ],
            [
              -71.74936906671168,
              44.774914463309734
            ],
            [
              -71.7491368746347,
              44.77477505515051
            ],
            [
              -71.74867144412656,
              44.77447508287483
            ],
            [
              -71.74826348129955,
              44.774206496637944
            ],
            [
              -71.74823982144486,
              44.774191161381
            ],
            [
              -71.74787719994633,
              44.77396023156099
            ],
            [
              -71.74731849754428,
              44.773599533286564
            ],
            [
              -71.74730859359903,
              44.77359314981279
            ],
            [
              -71.74694218618797,
              44.77335984690829
            ],
            [
              -71.74662777561414,
              44.77315418251755
            ],
            [
              -71.7466277480568,
              44.77315416433775
            ],
            [
              -71.74662587256574,
              44.773152953298414
            ],
            [
              -71.74661163290043,
              44.77314375597054
            ],
            [
              -71.74632781428325,
              44.772962260498105
            ],
            [
              -71.74606723646151,
              44.77279281802764
            ],
            [
              -71.74585165113368,
              44.77263873821147
            ],
            [
              -71.7456850381672,
              44.77251043424121
            ],
            [
              -71.74551378754934,
              44.772370830835534
            ],
            [
              -71.74532439063415,
              44.772207219403455
            ],
            [
              -71.74515629156956,
              44.77206128748468
            ],
            [
              -71.74503417957425,
              44.771953659426146
            ],
            [
              -71.74482855192365,
              44.77176404972877
            ],
            [
              -71.74464235286673,
              44.77158558744222
            ],
            [
              -71.74447097763863,
              44.77141718391578
            ],
            [
              -71.74444521758252,
              44.77139246420855
            ],
            [
              -71.74428408902767,
              44.77124139277641
            ],
            [
              -71.744251937571,
              44.771212060136065
            ],
            [
              -71.7442348989613,
              44.77119717101423
            ],
            [
              -71.74404048882772,
              44.771029705066255
            ],
            [
              -71.74397773110968,
              44.77097823107182
            ],
            [
              -71.74374559747415,
              44.770797333134524
            ],
            [
              -71.74373451013362,
              44.770788765551885
            ],
            [
              -71.74371709930642,
              44.770775603495466
            ],
            [
              -71.74371707428925,
              44.7707755844319
            ],
            [
              -71.74349026011568,
              44.77060634701098
            ],
            [
              -71.74345162420967,
              44.77057832643677
            ],
            [
              -71.74345159666628,
              44.770578307356374
            ],
            [
              -71.74322743225804,
              44.77042036001527
            ],
            [
              -71.74298483354173,
              44.7702496752287
            ],
            [
              -71.74274403234791,
              44.77008036609031
            ],
            [
              -71.74246064028179,
              44.76988096471906
            ],
            [
              -71.74245524372297,
              44.76987718263536
            ],
            [
              -71.74214933138774,
              44.769663625042796
            ],
            [
              -71.74182508777702,
              44.76943497957635
            ],
            [
              -71.7415522907662,
              44.76923846835736
            ],
            [
              -71.74129731427837,
              44.76904192818964
            ],
            [
              -71.74117297075307,
              44.76892553408709
            ],
            [
              -71.74107800567447,
              44.76882199578839
            ],
            [
              -71.74101464782373,
              44.76874476999767
            ],
            [
              -71.74092292236718,
              44.768623191188986
            ],
            [
              -71.74084528289195,
              44.76850515256197
            ],
            [
              -71.74082704093864,
              44.76847819895461
            ],
            [
              -71.74082702357293,
              44.76847817454187
            ],
            [
              -71.7408093702312,
              44.76845344489974
            ],
            [
              -71.74079794794933,
              44.76843782227938
            ],
            [
              -71.74074141480872,
              44.76836051031658
            ],
            [
              -71.74069046961189,
              44.76826918262714
            ],
            [
              -71.74068351958772,
              44.76825691126424
            ],
            [
              -71.74068217681594,
              44.76825478576946
            ],
            [
              -71.74062778611227,
              44.7681687274582
            ],
            [
              -71.74050217561586,
              44.767987410734186
            ],
            [
              -71.7403874362417,
              44.76781292083272
            ],
            [
              -71.7402851024048,
              44.76764556766182
            ],
            [
              -71.74027618645354,
              44.767631214322364
            ],
            [
              -71.74014382113862,
              44.76742138298417
            ],
            [
              -71.74002298184143,
              44.76722960910985
            ],
            [
              -71.73988936517871,
              44.7670169884408
            ],
            [
              -71.7398712685114,
              44.766989043050145
            ],
            [
              -71.73974555059225,
              44.766800397748064
            ],
            [
              -71.73973817161776,
              44.766789461621855
            ],
            [
              -71.73965509198804,
              44.766667612647176
            ],
            [
              -71.73959972823683,
              44.76658643200764
            ],
            [
              -71.73959299962154,
              44.76657667007345
            ],
            [
              -71.73958703276068,
              44.76656815687432
            ],
            [
              -71.73947108280835,
              44.76640432357737
            ],
            [
              -71.73943669771937,
              44.76635797734992
            ],
            [
              -71.73938300720656,
              44.76628881602534
            ],
            [
              -71.73929659604073,
              44.766177508529935
            ],
            [
              -71.73927077231436,
              44.7661452793341
            ],
            [
              -71.73926411012268,
              44.76613729782677
            ],
            [
              -71.73913499226673,
              44.7659835372438
            ],
            [
              -71.73911245931066,
              44.7659573718724
            ],
            [
              -71.73898761505414,
              44.7658159691382
            ],
            [
              -71.73897441258651,
              44.76580121906856
            ],
            [
              -71.73882822660053,
              44.76564025856593
            ],
            [
              -71.7387958047773,
              44.765605698632974
            ],
            [
              -71.7387804921727,
              44.7655901371628
            ],
            [
              -71.73861129446475,
              44.765420724097865
            ],
            [
              -71.73855830009981,
              44.76537015357682
            ],
            [
              -71.73838328258242,
              44.76521095843881
            ],
            [
              -71.73836853822584,
              44.7651977341461
            ],
            [
              -71.73830656254582,
              44.76514547478633
            ],
            [
              -71.73811554623101,
              44.764992395340464
            ],
            [
              -71.73808663080298,
              44.764969727393755
            ],
            [
              -71.73806564546823,
              44.764953891305204
            ],
            [
              -71.73781184943333,
              44.76476547899806
            ],
            [
              -71.73775467177153,
              44.76472477999378
            ],
            [
              -71.73738572943026,
              44.76447297488102
            ],
            [
              -71.73737470257497,
              44.76446554095147
            ],
            [
              -71.73736564016326,
              44.76445943399548
            ],
            [
              -71.73735498549533,
              44.764452418303925
            ],
            [
              -71.73676473226436,
              44.76406683851097
            ],
            [
              -71.73676219360755,
              44.76406518642345
            ],
            [
              -71.73675922237693,
              44.76406329027129
            ],
            [
              -71.73614065492471,
              44.76366227005976
            ],
            [
              -71.73613044057993,
              44.76365569904988
            ],
            [
              -71.73515669682413,
              44.76303346454611
            ],
            [
              -71.73514526495455,
              44.76302623016485
            ],
            [
              -71.73421578991754,
              44.76244171096371
            ],
            [
              -71.73377477341307,
              44.76214827715716
            ],
            [
              -71.73371540702512,
              44.762110451911916
            ],
            [
              -71.73309255039568,
              44.76172974655738
            ],
            [
              -71.73307905755883,
              44.76172166031882
            ],
            [
              -71.73306574141439,
              44.7617136805538
            ],
            [
              -71.73224131545325,
              44.76122803257651
            ],
            [
              -71.73222132419659,
              44.76121642172717
            ],
            [
              -71.73219310961838,
              44.761200565643506
            ],
            [
              -71.7315795980863,
              44.76086216250609
            ],
            [
              -71.7312648906164,
              44.760683875201806
            ],
            [
              -71.73125726880453,
              44.76067961865397
            ],
            [
              -71.73124833906333,
              44.760674648677934
            ],
            [
              -71.73047222143678,
              44.7602447451922
            ],
            [
              -71.73045501718184,
              44.7602353242752
            ],
            [
              -71.73045498081888,
              44.760235304232324
            ],
            [
              -71.73019765569039,
              44.76009605321962
            ],
            [
              -71.73017526198987,
              44.76008412884785
            ],
            [
              -71.72997025986703,
              44.75997650161244
            ],
            [
              -71.72945781609293,
              44.75970680733863
            ],
            [
              -71.72942679920577,
              44.759690841669396
            ],
            [
              -71.72927230069551,
              44.759612847551594
            ],
            [
              -71.72922080294877,
              44.75958685097736
            ],
            [
              -71.729200670411,
              44.75957683416899
            ],
            [
              -71.72920063652693,
              44.75957681774206
            ],
            [
              -71.72904907377847,
              44.75950263622329
            ],
            [
              -71.72888800911804,
              44.759420315521446
            ],
            [
              -71.72886133954916,
              44.75940694467301
            ],
            [
              -71.72883143579341,
              44.759392493693845
            ],
            [
              -71.72873137069176,
              44.75934511121422
            ],
            [
              -71.7287313380709,
              44.75934509479567
            ],
            [
              -71.72872770557889,
              44.759343193067224
            ],
            [
              -71.72871487519579,
              44.7593364768353
            ],
            [
              -71.72866933216375,
              44.75931331262417
            ],
            [
              -71.72863197148803,
              44.759295347503574
            ],
            [
              -71.72851283108065,
              44.75923950469182
            ],
            [
              -71.72842371424301,
              44.75919774739881
            ],
            [
              -71.72838474486056,
              44.75917995220842
            ],
            [
              -71.72829697488456,
              44.75914092612061
            ],
            [
              -71.72821083856515,
              44.75910262732776
            ],
            [
              -71.72817012747763,
              44.75908502907044
            ],
            [
              -71.72806936757468,
              44.759045514557165
            ],
            [
              -71.72805515290544,
              44.759040325926875
            ],
            [
              -71.7278178714286,
              44.75895373770182
            ],
            [
              -71.72772820092659,
              44.75892241948611
            ],
            [
              -71.72763535419992,
              44.758896203761914
            ],
            [
              -71.72751752015994,
              44.75886037087093
            ],
            [
              -71.72742613269533,
              44.75883451490911
            ],
            [
              -71.72733300157473,
              44.75881203160919
            ],
            [
              -71.72712835794654,
              44.75876673250666
            ],
            [
              -71.72702267005288,
              44.75874566141035
            ],
            [
              -71.7268993685833,
              44.75872681432539
            ],
            [
              -71.7267017685961,
              44.758701376189116
            ],
            [
              -71.72652515343161,
              44.758678640063366
            ],
            [
              -71.72648534303006,
              44.75867424977098
            ],
            [
              -71.7264305548584,
              44.75866820837826
            ],
            [
              -71.72637622014375,
              44.75866415341573
            ],
            [
              -71.72633533220916,
              44.758661102025435
            ],
            [
              -71.72598650022178,
              44.75864137738502
            ],
            [
              -71.72593902793524,
              44.75863956988633
            ],
            [
              -71.72588722169255,
              44.75863760970359
            ],
            [
              -71.72579428572635,
              44.7586373720557
            ],
            [
              -71.72541844235921,
              44.758642921693635
            ],
            [
              -71.72538326094194,
              44.758643741351264
            ],
            [
              -71.72537243332657,
              44.75864399637221
            ],
            [
              -71.7253659647945,
              44.758644225166215
            ],
            [
              -71.72535098318295,
              44.75864475437534
            ],
            [
              -71.72513394017083,
              44.75865339772302
            ],
            [
              -71.72482460722642,
              44.758665716681165
            ],
            [
              -71.72433847585347,
              44.75868255568878
            ],
            [
              -71.7238643966291,
              44.75869897689048
            ],
            [
              -71.72361377899523,
              44.75870140841232
            ],
            [
              -71.72355399549473,
              44.75870265058428
            ],
            [
              -71.72352915592647,
              44.75870355168254
            ],
            [
              -71.72268628120909,
              44.758738140551145
            ],
            [
              -71.72238239215548,
              44.75875065462898
            ],
            [
              -71.72237347114407,
              44.75875104473469
            ],
            [
              -71.72204383592913,
              44.758765743939215
            ],
            [
              -71.72195020011179,
              44.75877058374283
            ],
            [
              -71.72185715900245,
              44.758779858640644
            ],
            [
              -71.72176521226794,
              44.75879350994585
            ],
            [
              -71.72150977391496,
              44.75880312481402
            ],
            [
              -71.72148058455564,
              44.758804388172074
            ],
            [
              -71.72107387012967,
              44.75882410609088
            ],
            [
              -71.7210536282663,
              44.758825170295545
            ],
            [
              -71.72062196898726,
              44.758849363552244
            ],
            [
              -71.72027105686593,
              44.75886904007287
            ],
            [
              -71.71985574999255,
              44.75886391437747
            ],
            [
              -71.71976259851365,
              44.75886436777238
            ],
            [
              -71.71954540316474,
              44.75886919286966
            ],
            [
              -71.71953718191781,
              44.758869389557475
            ],
            [
              -71.71898415898697,
              44.75888334046572
            ],
            [
              -71.71896648104615,
              44.758883841397974
            ],
            [
              -71.718951246244,
              44.758884404931784
            ],
            [
              -71.71893502829296,
              44.758885005834614
            ],
            [
              -71.71872708819821,
              44.75889406012259
            ],
            [
              -71.71837026970721,
              44.75890283127427
            ],
            [
              -71.71973640890731,
              44.76160905652639
            ],
            [
              -71.71983574593992,
              44.76160685460588
            ],
            [
              -71.72029669950768,
              44.76161253590846
            ],
            [
              -71.72034630821429,
              44.761612688320156
            ],
            [
              -71.72048097813547,
              44.761608497095196
            ],
            [
              -71.72134541055601,
              44.76156006544484
            ],
            [
              -71.72172746000646,
              44.76154152383625
            ],
            [
              -71.72215829390187,
              44.76152532991895
            ],
            [
              -71.72226293711924,
              44.76151944543342
            ],
            [
              -71.72236693921293,
              44.76150928285252
            ],
            [
              -71.72246992068644,
              44.7614948827895
            ],
            [
              -71.7224978517924,
              44.761493640309645
            ],
            [
              -71.72260908073034,
              44.76148869574589
            ],
            [
              -71.72290811328244,
              44.76147639369937
            ],
            [
              -71.72331536532938,
              44.761459656089784
            ],
            [
              -71.72370831610024,
              44.76144350463952
            ],
            [
              -71.72383911362813,
              44.7614422654055
            ],
            [
              -71.72395030807232,
              44.76144120237729
            ],
            [
              -71.7240177407605,
              44.76143970780762
            ],
            [
              -71.72448758782527,
              44.76142341382346
            ],
            [
              -71.72501859317028,
              44.761404985327644
            ],
            [
              -71.72503234982965,
              44.76140449104525
            ],
            [
              -71.72553196359179,
              44.76138461066919
            ],
            [
              -71.7257778040039,
              44.761380976280215
            ],
            [
              -71.72593515625378,
              44.76138988738163
            ],
            [
              -71.72609789680246,
              44.76141082237379
            ],
            [
              -71.72614934734185,
              44.761426462158006
            ],
            [
              -71.72624204138913,
              44.761460299313896
            ],
            [
              -71.72632725206186,
              44.76149817845089
            ],
            [
              -71.72647393746166,
              44.761566941908846
            ],
            [
              -71.72648680806712,
              44.761573690159025
            ],
            [
              -71.72653177968404,
              44.76159610624288
            ],
            [
              -71.72656227414478,
              44.7616112934397
            ],
            [
              -71.72661723538431,
              44.7616373290576
            ],
            [
              -71.72667205984818,
              44.76166330072964
            ],
            [
              -71.72682111428959,
              44.761739458077
            ],
            [
              -71.72682114564824,
              44.76173947448756
            ],
            [
              -71.72685326290247,
              44.76175554729771
            ],
            [
              -71.72700678522328,
              44.76183067726467
            ],
            [
              -71.72700681784501,
              44.76183069368371
            ],
            [
              -71.72718578892118,
              44.761921034820205
            ],
            [
              -71.72768475500796,
              44.76218364140776
            ],
            [
              -71.727880414736,
              44.76228634647275
            ],
            [
              -71.72811793081203,
              44.762414869725774
            ],
            [
              -71.72887720890672,
              44.762835433359065
            ],
            [
              -71.72919344402023,
              44.76301457079818
            ],
            [
              -71.72921300742813,
              44.763025490861565
            ],
            [
              -71.7298119317505,
              44.76335585578171
            ],
            [
              -71.7305990956254,
              44.76381952486413
            ],
            [
              -71.73094049498015,
              44.76402823575099
            ],
            [
              -71.7311778205592,
              44.76417330950624
            ],
            [
              -71.73160780705632,
              44.764459381726084
            ],
            [
              -71.73160783710706,
              44.7644594017261
            ],
            [
              -71.73164774784095,
              44.76448523375439
            ],
            [
              -71.73259172971423,
              44.76507889174865
            ],
            [
              -71.73355467878608,
              44.765694224512025
            ],
            [
              -71.73416541077643,
              44.76609015220255
            ],
            [
              -71.73473738927227,
              44.76646381433763
            ],
            [
              -71.73495526193551,
              44.76661252131286
            ],
            [
              -71.73506195646483,
              44.766685345093755
            ],
            [
              -71.7352623259641,
              44.76683408812019
            ],
            [
              -71.73532043302804,
              44.76688067543419
            ],
            [
              -71.73538908512515,
              44.766935717698814
            ],
            [
              -71.7354998227941,
              44.767036430871855
            ],
            [
              -71.7354998439939,
              44.7670364517115
            ],
            [
              -71.73561870449458,
              44.76715546283707
            ],
            [
              -71.73566279083094,
              44.76720402950046
            ],
            [
              -71.73573508959456,
              44.76728366775699
            ],
            [
              -71.73578228636204,
              44.76733710655511
            ],
            [
              -71.73584195858558,
              44.76740464746856
            ],
            [
              -71.73592331809697,
              44.767501599132245
            ],
            [
              -71.73594323833163,
              44.76752533231153
            ],
            [
              -71.73604977533563,
              44.76766255551376
            ],
            [
              -71.73614274247299,
              44.76779388978788
            ],
            [
              -71.73620613755956,
              44.76788689020542
            ],
            [
              -71.73627118724855,
              44.76798232058514
            ],
            [
              -71.73632692488619,
              44.76806593325122
            ],
            [
              -71.73638402281776,
              44.768151587860665
            ],
            [
              -71.73650958872537,
              44.76835144676669
            ],
            [
              -71.7366315533835,
              44.768545019945954
            ],
            [
              -71.7367597168215,
              44.76874824715692
            ],
            [
              -71.73686808590337,
              44.76892547429958
            ],
            [
              -71.73687832077334,
              44.768941883089454
            ],
            [
              -71.7368896272525,
              44.76895941581583
            ],
            [
              -71.73702376251264,
              44.76916342323891
            ],
            [
              -71.73704072068189,
              44.76918855467393
            ],
            [
              -71.73704073804618,
              44.76918857908727
            ],
            [
              -71.73714079628951,
              44.76933309663897
            ],
            [
              -71.73719954461797,
              44.76943837518129
            ],
            [
              -71.73719955946794,
              44.76943839867789
            ],
            [
              -71.73723397854992,
              44.769496175419334
            ],
            [
              -71.73725457366233,
              44.76952640925206
            ],
            [
              -71.73728133365327,
              44.76956565896362
            ],
            [
              -71.73737604481404,
              44.769695171641445
            ],
            [
              -71.73745893153321,
              44.76982117576341
            ],
            [
              -71.73750636619593,
              44.76988839739174
            ],
            [
              -71.73764076423694,
              44.77006651297409
            ],
            [
              -71.73767290846934,
              44.77010732836405
            ],
            [
              -71.7377778379581,
              44.770235275587346
            ],
            [
              -71.73781762785825,
              44.770281657455556
            ],
            [
              -71.73782845894877,
              44.770293594030555
            ],
            [
              -71.73794668668569,
              44.77042248925066
            ],
            [
              -71.73798751472042,
              44.77046699179419
            ],
            [
              -71.73805567870103,
              44.77053651486333
            ],
            [
              -71.73806703092016,
              44.7705472562247
            ],
            [
              -71.73828889524502,
              44.770754982642096
            ],
            [
              -71.7383646154164,
              44.77082145306569
            ],
            [
              -71.7384072075748,
              44.770855385292464
            ],
            [
              -71.73874674816823,
              44.77111709852865
            ],
            [
              -71.7387916605008,
              44.77115052683387
            ],
            [
              -71.73909448819286,
              44.77136870910045
            ],
            [
              -71.73910166040773,
              44.77137387462096
            ],
            [
              -71.73910901294269,
              44.771379065639756
            ],
            [
              -71.73944398019003,
              44.77161527373067
            ],
            [
              -71.7394508024183,
              44.77162006253967
            ],
            [
              -71.73975742821017,
              44.771834147682
            ],
            [
              -71.74003864585967,
              44.77203203749175
            ],
            [
              -71.74013708012284,
              44.772101236990665
            ],
            [
              -71.7402795654012,
              44.77220138726178
            ],
            [
              -71.74052064032684,
              44.77237103721889
            ],
            [
              -71.74072423157288,
              44.77251450773131
            ],
            [
              -71.74091758676809,
              44.7726587656448
            ],
            [
              -71.74110328843952,
              44.772803497009726
            ],
            [
              -71.74124195132012,
              44.772922971219366
            ],
            [
              -71.74136603717173,
              44.77303934365802
            ],
            [
              -71.74153145950976,
              44.77320191600426
            ],
            [
              -71.74154507235534,
              44.77321512155701
            ],
            [
              -71.74174971071939,
              44.77341125572572
            ],
            [
              -71.74177047666987,
              44.773430745951835
            ],
            [
              -71.74199990637081,
              44.773642320965024
            ],
            [
              -71.74202600550585,
              44.77366583939863
            ],
            [
              -71.74216588299674,
              44.773789149605015
            ],
            [
              -71.74217501627349,
              44.77379713563184
            ],
            [
              -71.74235059793916,
              44.773949565721374
            ],
            [
              -71.74256029001853,
              44.77413072071059
            ],
            [
              -71.74258935802199,
              44.774155244094956
            ],
            [
              -71.74259575387295,
              44.77416050953284
            ],
            [
              -71.74280313884698,
              44.77432961350734
            ],
            [
              -71.74283996523718,
              44.77435879395555
            ],
            [
              -71.74304959775117,
              44.77452017413921
            ],
            [
              -71.74309913991085,
              44.77455692955162
            ],
            [
              -71.74337294032627,
              44.77475262463755
            ],
            [
              -71.7434375702757,
              44.7747966349668
            ],
            [
              -71.74373759955935,
              44.7749917596121
            ],
            [
              -71.74374951802432,
              44.7749994345921
            ],
            [
              -71.74403122347547,
              44.775179578870656
            ],
            [
              -71.7442339540873,
              44.775312184570154
            ],
            [
              -71.74434716789276,
              44.77538623777952
            ],
            [
              -71.74436627997028,
              44.77539858937779
            ],
            [
              -71.74473732467096,
              44.77563484231014
            ],
            [
              -71.74529594098698,
              44.775995522821894
            ],
            [
              -71.7453056562434,
              44.776001760336804
            ],
            [
              -71.74566125419962,
              44.776228233342216
            ],
            [
              -71.74606504959019,
              44.77649411506986
            ],
            [
              -71.74608028248478,
              44.77650403443783
            ],
            [
              -71.74657843630096,
              44.7768250711345
            ],
            [
              -71.74661023181184,
              44.77684508588384
            ],
            [
              -71.74662931604573,
              44.77685673769475
            ],
            [
              -71.74715672602265,
              44.77717338075757
            ],
            [
              -71.74719321568722,
              44.777194750040515
            ],
            [
              -71.74840372054305,
              44.777886032118204
            ],
            [
              -71.7489365213316,
              44.77819130516053
            ],
            [
              -71.74895257719182,
              44.778200384549464
            ],
            [
              -71.74946172090216,
              44.77848580974547
            ],
            [
              -71.74946175225303,
              44.778485827949474
            ],
            [
              -71.74983582093999,
              44.778701646456156
            ],
            [
              -71.74989616748117,
              44.77873507184588
            ],
            [
              -71.74990745772683,
              44.778741035843126
            ],
            [
              -71.75038457278721,
              44.77899082289325
            ],
            [
              -71.75048765398103,
              44.77904119100399
            ],
            [
              -71.75049531990605,
              44.779044676231074
            ],
            [
              -71.75084867850579,
              44.779203936300135
            ],
            [
              -71.75096235115046,
              44.7792513614969
            ],
            [
              -71.75125895763185,
              44.77936536377476
            ],
            [
              -71.75133264832958,
              44.779393687971286
            ],
            [
              -71.75145405219386,
              44.77943648388496
            ],
            [
              -71.75146793255759,
              44.779440908778895
            ],
            [
              -71.75182165174262,
              44.77955239074753
            ],
            [
              -71.75192197068388,
              44.77958162243011
            ],
            [
              -71.7523950287833,
              44.779708558045584
            ],
            [
              -71.75240951713958,
              44.77971238657235
            ],
            [
              -71.75248166748658,
              44.77973012702803
            ],
            [
              -71.75301487646516,
              44.7798528759958
            ],
            [
              -71.75356816498406,
              44.779989822736866
            ],
            [
              -71.7535937886188,
              44.77999601233738
            ],
            [
              -71.7535938264047,
              44.77999602158335
            ],
            [
              -71.75424971651336,
              44.780151038712745
            ],
            [
              -71.7542593959413,
              44.78015331747177
            ],
            [
              -71.75452781898395,
              44.78021562597962
            ],
            [
              -71.7549515807543,
              44.78031397865947
            ],
            [
              -71.75562754672157,
              44.78047782266296
            ],
            [
              -71.75575516372534,
              44.78050861474579
            ],
            [
              -71.75609534639,
              44.780590683730864
            ],
            [
              -71.75610575131986,
              44.78059315153842
            ],
            [
              -71.7561141925372,
              44.78059514400573
            ],
            [
              -71.75659007634275,
              44.780706072325906
            ],
            [
              -71.75704248172683,
              44.78081446118782
            ],
            [
              -71.75707306996233,
              44.78082128073762
            ],
            [
              -71.75711855562925,
              44.780831408027694
            ],
            [
              -71.75745318648013,
              44.78090075637323
            ],
            [
              -71.75765912676643,
              44.78094341768814
            ],
            [
              -71.7577739095934,
              44.78096436108296
            ],
            [
              -71.75833010359815,
              44.78105292864647
            ],
            [
              -71.75835311370395,
              44.78105647519957
            ],
            [
              -71.75837830936162,
              44.78106014752849
            ],
            [
              -71.75885884371606,
              44.781127507284964
            ],
            [
              -71.75897182024421,
              44.781140865103616
            ],
            [
              -71.759275912669,
              44.78117013092484
            ],
            [
              -71.75953066221676,
              44.781194647610185
            ],
            [
              -71.75960456780672,
              44.78120072505361
            ],
            [
              -71.76018237239204,
              44.7812401866313
            ],
            [
              -71.76022077641736,
              44.781242532177885
            ],
            [
              -71.76092232468719,
              44.78128037350991
            ],
            [
              -71.76093016467209,
              44.78128078600709
            ],
            [
              -71.76151821004542,
              44.781310776270594
            ],
            [
              -71.76153188079424,
              44.7813114208091
            ],
            [
              -71.76212547691702,
              44.78133867754927
            ],
            [
              -71.76276243228527,
              44.78137323033268
            ],
            [
              -71.76277454191589,
              44.78137382954839
            ],
            [
              -71.76278291889604,
              44.78137424448504
            ],
            [
              -71.76353113008462,
              44.78140910707476
            ],
            [
              -71.76442719300678,
              44.781451340651316
            ],
            [
              -71.76476424272562,
              44.781467567517694
            ],
            [
              -71.76511257933588,
              44.78148432676925
            ],
            [
              -71.76567479854272,
              44.781513618289296
            ],
            [
              -71.7656801471492,
              44.78151391185206
            ],
            [
              -71.7656838468219,
              44.78151410752176
            ],
            [
              -71.76612430783547,
              44.781535585646765
            ],
            [
              -71.76638901202514,
              44.7815505400807
            ],
            [
              -71.7665819659445,
              44.781561449735456
            ],
            [
              -71.76659192326126,
              44.781561996028124
            ],
            [
              -71.7672040929704,
              44.78159436888139
            ],
            [
              -71.76721282716001,
              44.78159481818153
            ],
            [
              -71.76783348838649,
              44.78162560253138
            ],
            [
              -71.76849944259469,
              44.78165982148041
            ],
            [
              -71.76851935281489,
              44.78166076881855
            ],
            [
              -71.76905582038732,
              44.78168378282992
            ],
            [
              -71.76922421267578,
              44.78169274271176
            ],
            [
              -71.76949208606378,
              44.78170699661205
            ],
            [
              -71.76998489269594,
              44.78173383590359
            ],
            [
              -71.77000457913678,
              44.78173479775047
            ],
            [
              -71.77001167963041,
              44.78173514550386
            ],
            [
              -71.77014140984832,
              44.78174084493287
            ],
            [
              -71.77056010959116,
              44.781759227799796
            ],
            [
              -71.77064212399726,
              44.78176158651557
            ],
            [
              -71.77111107258403,
              44.7817679110622
            ],
            [
              -71.77113323797526,
              44.781767980538454
            ],
            [
              -71.77116504899259,
              44.78176806837422
            ],
            [
              -71.77121151544006,
              44.781767381324904
            ],
            [
              -71.77160951604115,
              44.78175795906015
            ],
            [
              -71.77170192572248,
              44.78175417941435
            ],
            [
              -71.77182308049595,
              44.78174440067859
            ],
            [
              -71.77234196558447,
              44.781690558168535
            ],
            [
              -71.7724410192069,
              44.78167839540495
            ],
            [
              -71.77253904869562,
              44.78166255984399
            ],
            [
              -71.7725390866891,
              44.78166255288682
            ],
            [
              -71.77322232291094,
              44.781538764652076
            ],
            [
              -71.7732707921209,
              44.7815291931105
            ],
            [
              -71.77330042968161,
              44.781523342486366
            ],
            [
              -71.77380279566088,
              44.781416090809245
            ],
            [
              -71.77451801471716,
              44.78126185843074
            ],
            [
              -71.77496112295759,
              44.78116824921747
            ],
            [
              -71.77522633964323,
              44.781113205782574
            ],
            [
              -71.77523427629775,
              44.78111155354316
            ],
            [
              -71.77558195364443,
              44.78103823459012
            ],
            [
              -71.77606410991638,
              44.78093786576722
            ],
            [
              -71.77622976710849,
              44.780903219475405
            ],
            [
              -71.77640286544921,
              44.78086701737146
            ],
            [
              -71.77663657269778,
              44.78082054232032
            ],
            [
              -71.77693089521503,
              44.78076326304946
            ],
            [
              -71.77720033154382,
              44.780717378416334
            ],
            [
              -71.77752096696496,
              44.780674888417145
            ],
            [
              -71.77788514979648,
              44.7806510812164
            ],
            [
              -71.77834446614462,
              44.780640963086285
            ],
            [
              -71.77869067445678,
              44.780653522535864
            ]
          ]
        ]
      }
    },
    {
      "type": "Feature",
      "properties": {
        "ABB_DIST_NAME": "FASF",
        "Jurisdiction_County": "Essex",
        "Jurisdiction_District_Name": "Ferdinand"
      },
      "geometry": {
        "type": "MultiPolygon",
        "coordinates": [
          [
            [
              [
                -71.78690184882049,
                44.77988820571443
              ],
              [
                -71.78691173430981,
                44.77989108952458
              ],
              [
                -71.78824293788615,
                44.78028622276897
              ],
              [
                -71.7895349677353,
                44.780660144422654
              ],
              [
                -71.79094054408317,
                44.78106639512938
              ],
              [
                -71.79094726966726,
                44.7810683689702
              ],
              [
                -71.79400456018342,
                44.7819645296815
              ],
              [
                -71.79401805793947,
                44.78196852498393
              ],
              [
                -71.79618625284357,
                44.78261777998094
              ],
              [
                -71.7961862868368,
                44.782617790089326
              ],
              [
                -71.79623008078313,
                44.78263138927796
              ],
              [
                -71.79755165943419,
                44.78305489030154
              ],
              [
                -71.79849446222994,
                44.78335904961565
              ],
              [
                -71.79863449187748,
                44.78340159388978
              ],
              [
                -71.79891407827684,
                44.78348060020404
              ],
              [
                -71.79915205983221,
                44.78354674203586
              ],
              [
                -71.79932601263049,
                44.78359292765228
              ],
              [
                -71.79947819220851,
                44.78363332448461
              ],
              [
                -71.7997696400453,
                44.78370999333091
              ],
              [
                -71.80006946491221,
                44.783782063898805
              ],
              [
                -71.80042036184555,
                44.783857188538924
              ],
              [
                -71.80056513166056,
                44.7838866218611
              ],
              [
                -71.80073830173211,
                44.78392183256678
              ],
              [
                -71.80115080497798,
                44.78400023343424
              ],
              [
                -71.80159437272604,
                44.78408078816918
              ],
              [
                -71.80171388758068,
                44.78410116378778
              ],
              [
                -71.80207972637687,
                44.78416352593564
              ],
              [
                -71.802289075554,
                44.78419647436308
              ],
              [
                -71.80251555728012,
                44.78423210795313
              ],
              [
                -71.80253204566894,
                44.78423475086741
              ],
              [
                -71.80272204262933,
                44.78426587590117
              ],
              [
                -71.8029176832565,
                44.784297925066994
              ],
              [
                -71.80330959300197,
                44.78435804507603
              ],
              [
                -71.80370133388897,
                44.784411151601226
              ],
              [
                -71.80386259389527,
                44.78443156621005
              ],
              [
                -71.80415860965626,
                44.78446329636362
              ],
              [
                -71.80433961146115,
                44.78447863637159
              ],
              [
                -71.80436210647487,
                44.78448017813906
              ],
              [
                -71.80446664132639,
                44.78448734270727
              ],
              [
                -71.80449605549701,
                44.78448954211899
              ],
              [
                -71.804580482341,
                44.78449631865088
              ],
              [
                -71.8046598669198,
                44.78449956021524
              ],
              [
                -71.80468286710668,
                44.78450059925245
              ],
              [
                -71.80476477585864,
                44.78450462012599
              ],
              [
                -71.8102668835591,
                44.779612125128
              ],
              [
                -71.80720497070101,
                44.77415729781402
              ],
              [
                -71.82093149633172,
                44.76209521933517
              ],
              [
                -71.83465229975909,
                44.750031431590706
              ],
              [
                -71.83873353609478,
                44.74595868214563
              ],
              [
                -71.84404339704437,
                44.7405243624031
              ],
              [
                -71.85014067253819,
                44.73429236560398
              ],
              [
                -71.85746609238423,
                44.726905083152836
              ],
              [
                -71.85503532369306,
                44.72563268143116
              ],
              [
                -71.84238631099574,
                44.71913430141785
              ],
              [
                -71.83706847897619,
                44.71638511143216
              ],
              [
                -71.83312675656096,
                44.714386050819904
              ],
              [
                -71.81836923306025,
                44.70699894365115
              ],
              [
                -71.80585011178103,
                44.700744027600834
              ],
              [
                -71.79547161428556,
                44.69550157088465
              ],
              [
                -71.78495681896065,
                44.690281700775515
              ],
              [
                -71.77517390220613,
                44.68532459064796
              ],
              [
                -71.76645580622677,
                44.681008823400276
              ],
              [
                -71.75664762323781,
                44.676112229595745
              ],
              [
                -71.74953659618036,
                44.67238155941539
              ],
              [
                -71.74062190260447,
                44.6679051215693
              ],
              [
                -71.73539184343889,
                44.66525227794001
              ],
              [
                -71.7324984261946,
                44.66377419411765
              ],
              [
                -71.72517301105201,
                44.65999106195616
              ],
              [
                -71.71441915220315,
                44.65444258359661
              ],
              [
                -71.70525922455279,
                44.64980330009815
              ],
              [
                -71.69827472339833,
                44.646171183292665
              ],
              [
                -71.69277309238325,
                44.64338317329115
              ],
              [
                -71.68909369710784,
                44.64147627269708
              ],
              [
                -71.68401540439855,
                44.63861903012599
              ],
              [
                -71.6773169014915,
                44.635003775721714
              ],
              [
                -71.66927516082669,
                44.63063673771349
              ],
              [
                -71.6620832014222,
                44.62668222428852
              ],
              [
                -71.66443000061565,
                44.633015881105216
              ],
              [
                -71.6667120100966,
                44.63900605220534
              ],
              [
                -71.66912097499223,
                44.64552183674859
              ],
              [
                -71.6718756752616,
                44.65297508718946
              ],
              [
                -71.67423662157726,
                44.65878756631804
              ],
              [
                -71.67725606143289,
                44.66605882118167
              ],
              [
                -71.68071787311386,
                44.674540937113456
              ],
              [
                -71.68456625093577,
                44.68386162761813
              ],
              [
                -71.68814279442776,
                44.692688170341405
              ],
              [
                -71.69140348857279,
                44.70071385894044
              ],
              [
                -71.69542776811399,
                44.71050801987642
              ],
              [
                -71.69847318018184,
                44.71793289718073
              ],
              [
                -71.69976220107785,
                44.72112932217717
              ],
              [
                -71.70132779475287,
                44.72430795836689
              ],
              [
                -71.70308892124869,
                44.72796821458583
              ],
              [
                -71.7059357465813,
                44.73378515268385
              ],
              [
                -71.70875953553538,
                44.73924018343574
              ],
              [
                -71.7104784597301,
                44.74276521916542
              ],
              [
                -71.7126421054308,
                44.74725601131721
              ],
              [
                -71.71388257363809,
                44.7500111534368
              ],
              [
                -71.71707602385848,
                44.75633877730203
              ],
              [
                -71.71710734729605,
                44.7562853587436
              ],
              [
                -71.71712103232635,
                44.75626716833719
              ],
              [
                -71.71715131540712,
                44.756227000899884
              ],
              [
                -71.71720294254338,
                44.7561719810828
              ],
              [
                -71.717261823505,
                44.75612075005569
              ],
              [
                -71.71732737314008,
                44.75607380414302
              ],
              [
                -71.717398984204,
                44.756031592723026
              ],
              [
                -71.71742972347013,
                44.756012904514016
              ],
              [
                -71.71745849749438,
                44.755996557875555
              ],
              [
                -71.71753138757907,
                44.75595913271955
              ],
              [
                -71.7176092461075,
                44.75592713647243
              ],
              [
                -71.71765002083774,
                44.75591153792969
              ],
              [
                -71.7176756805121,
                44.7558994777351
              ],
              [
                -71.71770834152088,
                44.7558873674056
              ],
              [
                -71.71773248312114,
                44.7558660368003
              ],
              [
                -71.71777529379985,
                44.75583414142205
              ],
              [
                -71.71778841729032,
                44.75582497221225
              ],
              [
                -71.71784423734537,
                44.75578899036539
              ],
              [
                -71.71790410171636,
                44.755756446819625
              ],
              [
                -71.71791813772612,
                44.75570087945982
              ],
              [
                -71.71793968294168,
                44.755646557692806
              ],
              [
                -71.71796852855124,
                44.75559397953049
              ],
              [
                -71.71798169588568,
                44.7555720022824
              ],
              [
                -71.717988459202,
                44.755561037385476
              ],
              [
                -71.71800625916737,
                44.75553587020529
              ],
              [
                -71.71803482311078,
                44.75548394072616
              ],
              [
                -71.71806974694086,
                44.755434003974976
              ],
              [
                -71.718110688636,
                44.755386509355425
              ],
              [
                -71.71815740233505,
                44.75534170625077
              ],
              [
                -71.71817400736795,
                44.75531719679073
              ],
              [
                -71.71819001834876,
                44.755293563366294
              ],
              [
                -71.71820882816449,
                44.75527066992181
              ],
              [
                -71.71822793458388,
                44.75524741494378
              ],
              [
                -71.71827091143577,
                44.75520360850024
              ],
              [
                -71.71831866077852,
                44.75516234363602
              ],
              [
                -71.71833161716938,
                44.755143255389946
              ],
              [
                -71.71835884814244,
                44.75509919985123
              ],
              [
                -71.71839106134108,
                44.75505683782572
              ],
              [
                -71.71842802023593,
                44.75501656994709
              ],
              [
                -71.71848320880935,
                44.754959605825626
              ],
              [
                -71.71853937993448,
                44.75490722710609
              ],
              [
                -71.71860233157213,
                44.75485898481153
              ],
              [
                -71.71866539776374,
                44.754807950866976
              ],
              [
                -71.71873557907607,
                44.75476190153016
              ],
              [
                -71.71881211988591,
                44.75472133376513
              ],
              [
                -71.71890338145784,
                44.75467767647878
              ],
              [
                -71.71897164053276,
                44.75464782379932
              ],
              [
                -71.71904325243621,
                44.75462220735244
              ],
              [
                -71.71911771487405,
                44.75460117645929
              ],
              [
                -71.71919444625627,
                44.75458477933231
              ],
              [
                -71.71923248602704,
                44.754576257255884
              ],
              [
                -71.71931836158144,
                44.754558415224544
              ],
              [
                -71.71940990343026,
                44.75454276712665
              ],
              [
                -71.71950317288722,
                44.75453359656499
              ],
              [
                -71.71959725997087,
                44.75453095491073
              ],
              [
                -71.71963349933817,
                44.754531205249705
              ],
              [
                -71.71972997126142,
                44.75453529035841
              ],
              [
                -71.71982539137505,
                44.7545463055517
              ],
              [
                -71.71987208814701,
                44.75455517633293
              ],
              [
                -71.7199187836586,
                44.7545640479863
              ],
              [
                -71.71996398980195,
                44.75457623278916
              ],
              [
                -71.72000919342678,
                44.75458841845677
              ],
              [
                -71.72005021390126,
                44.75460297287855
              ],
              [
                -71.72009571036261,
                44.75461911738489
              ],
              [
                -71.72017744490924,
                44.75465589753117
              ],
              [
                -71.72025361757876,
                44.754698309031475
              ],
              [
                -71.72028787248317,
                44.754721698314825
              ],
              [
                -71.72032340273596,
                44.75474595210256
              ],
              [
                -71.72034225692497,
                44.75474316333775
              ],
              [
                -71.72036833702305,
                44.754739674281076
              ],
              [
                -71.72046221292067,
                44.75473040538743
              ],
              [
                -71.72055693933314,
                44.75472776370698
              ],
              [
                -71.72065156021891,
                44.75473175081244
              ],
              [
                -71.72069836292721,
                44.7547370826604
              ],
              [
                -71.72074516435737,
                44.754742416280216
              ],
              [
                -71.72083686535667,
                44.75475955968624
              ],
              [
                -71.72092571424137,
                44.75478303237644
              ],
              [
                -71.7210109142491,
                44.7548126363433
              ],
              [
                -71.72109162073991,
                44.754848070665915
              ],
              [
                -71.72116706615519,
                44.75488893686155
              ],
              [
                -71.72123647401061,
                44.75493493627711
              ],
              [
                -71.7212991721109,
                44.754985621587835
              ],
              [
                -71.7213104528489,
                44.754995682029346
              ],
              [
                -71.72132213919203,
                44.75500610429658
              ],
              [
                -71.7213303509822,
                44.75501352959269
              ],
              [
                -71.72134321952092,
                44.755025640037054
              ],
              [
                -71.72135868578437,
                44.755040491297706
              ],
              [
                -71.72138231084706,
                44.755065210723444
              ],
              [
                -71.72144364865001,
                44.75511554651599
              ],
              [
                -71.7214976887026,
                44.75516986859121
              ],
              [
                -71.72154398041184,
                44.75522777883049
              ],
              [
                -71.72158201842208,
                44.755288630368014
              ],
              [
                -71.72161145142103,
                44.755351872776664
              ],
              [
                -71.72163905762986,
                44.75538740731793
              ],
              [
                -71.72168128187612,
                44.755435797602075
              ],
              [
                -71.72171731012165,
                44.75548663117602
              ],
              [
                -71.72174689950985,
                44.755539558128085
              ],
              [
                -71.72175380436633,
                44.75555356177489
              ],
              [
                -71.72175974279413,
                44.755561186623886
              ],
              [
                -71.72178844679001,
                44.75560923005793
              ],
              [
                -71.72183960922716,
                44.755667040178444
              ],
              [
                -71.72188206853696,
                44.755728339292816
              ],
              [
                -71.72191537056506,
                44.755792428691585
              ],
              [
                -71.72193912554447,
                44.75585861100221
              ],
              [
                -71.72194660895701,
                44.75588437670722
              ],
              [
                -71.72196151373065,
                44.75595220403083
              ],
              [
                -71.72196666277944,
                44.75602072890528
              ],
              [
                -71.72196432082931,
                44.756055016340625
              ],
              [
                -71.72196197887614,
                44.756089303775724
              ],
              [
                -71.72194752068552,
                44.756157130826914
              ],
              [
                -71.72192344902318,
                44.75622361181569
              ],
              [
                -71.72192113353623,
                44.75624444318478
              ],
              [
                -71.7219087382232,
                44.756312420169394
              ],
              [
                -71.72188691121822,
                44.756379150416976
              ],
              [
                -71.72185584750387,
                44.75644393692627
              ],
              [
                -71.72184918923871,
                44.75645587286147
              ],
              [
                -71.72184253098287,
                44.75646780789643
              ],
              [
                -71.72182614807082,
                44.756493925725
              ],
              [
                -71.72181001940099,
                44.75651963762766
              ],
              [
                -71.72177160300475,
                44.756569324038246
              ],
              [
                -71.72172755667155,
                44.75661661792273
              ],
              [
                -71.72167819264756,
                44.75666112094607
              ],
              [
                -71.72162380223422,
                44.756702584014114
              ],
              [
                -71.72160338018512,
                44.75671693684999
              ],
              [
                -71.72160281858915,
                44.756759048463
              ],
              [
                -71.7216014580843,
                44.75677280229977
              ],
              [
                -71.7215986221323,
                44.756807083656284
              ],
              [
                -71.72159568660177,
                44.75684257290293
              ],
              [
                -71.72157993931066,
                44.75691154478712
              ],
              [
                -71.72155432403218,
                44.75697902215862
              ],
              [
                -71.72151916334143,
                44.75704430618567
              ],
              [
                -71.72147480950548,
                44.75710665054209
              ],
              [
                -71.72142170754466,
                44.757165456216434
              ],
              [
                -71.7213604402077,
                44.75722002614583
              ],
              [
                -71.72132020065314,
                44.75726113919535
              ],
              [
                -71.72127584535856,
                44.757299961810794
              ],
              [
                -71.72122756136814,
                44.75733639087424
              ],
              [
                -71.72119366376228,
                44.75736016190984
              ],
              [
                -71.72112603598343,
                44.75740331986764
              ],
              [
                -71.72109927176598,
                44.75741881812768
              ],
              [
                -71.72106481229093,
                44.757452157555036
              ],
              [
                -71.72102663421838,
                44.757483354136525
              ],
              [
                -71.72098494609473,
                44.75751220861279
              ],
              [
                -71.72093904892168,
                44.75755840607727
              ],
              [
                -71.72088760563915,
                44.75760151321674
              ],
              [
                -71.72083101305539,
                44.75764123126386
              ],
              [
                -71.7208225120877,
                44.757649379473584
              ],
              [
                -71.72081401238053,
                44.75765752769124
              ],
              [
                -71.72080809090562,
                44.75766226127166
              ],
              [
                -71.7207584988005,
                44.75771713010885
              ],
              [
                -71.7207305169937,
                44.75774238571458
              ],
              [
                -71.72070173990203,
                44.7577683603078
              ],
              [
                -71.72066946836854,
                44.75779233576114
              ],
              [
                -71.72063834883237,
                44.75781545426079
              ],
              [
                -71.72056891448153,
                44.75785801191994
              ],
              [
                -71.72049403073719,
                44.75789563777138
              ],
              [
                -71.72041444565217,
                44.757927931054994
              ],
              [
                -71.7203308597884,
                44.7579546418716
              ],
              [
                -71.72024407221936,
                44.75797552099607
              ],
              [
                -71.7201548724566,
                44.75799037313432
              ],
              [
                -71.72006407723033,
                44.75799904547582
              ],
              [
                -71.7200509799342,
                44.758001187784885
              ],
              [
                -71.71997177081141,
                44.75800851283581
              ],
              [
                -71.71994584858307,
                44.75801010768364
              ],
              [
                -71.71985643788719,
                44.75801274917231
              ],
              [
                -71.71976702743744,
                44.758009459336044
              ],
              [
                -71.71967845840423,
                44.758000240322836
              ],
              [
                -71.71959150498976,
                44.75798519011526
              ],
              [
                -71.71950686743094,
                44.75796445928679
              ],
              [
                -71.71942529145029,
                44.757938196924
              ],
              [
                -71.71934748607231,
                44.757906650853776
              ],
              [
                -71.7192741716222,
                44.75787007348135
              ],
              [
                -71.71925407549529,
                44.75786483994662
              ],
              [
                -71.7191946586845,
                44.75785138513733
              ],
              [
                -71.71917765562823,
                44.757847282316455
              ],
              [
                -71.71916119894038,
                44.75784331191484
              ],
              [
                -71.71914613744522,
                44.75783937444802
              ],
              [
                -71.71909703744727,
                44.757826168309755
              ],
              [
                -71.71902717976809,
                44.7578050882375
              ],
              [
                -71.71895987713934,
                44.75778017041498
              ],
              [
                -71.71889552101112,
                44.75775151561343
              ],
              [
                -71.71884920148693,
                44.75772908998783
              ],
              [
                -71.71877892348907,
                44.757691415387306
              ],
              [
                -71.7187141737868,
                44.757649054976426
              ],
              [
                -71.71864851037834,
                44.75761217768195
              ],
              [
                -71.71858780514619,
                44.75757121362228
              ],
              [
                -71.71856016228381,
                44.75754886257684
              ],
              [
                -71.71853251944273,
                44.757526511524794
              ],
              [
                -71.71848311208986,
                44.757478420099694
              ],
              [
                -71.7184762339969,
                44.75747418488424
              ],
              [
                -71.71846268369774,
                44.75746543239176
              ],
              [
                -71.71844961796927,
                44.75745699278034
              ],
              [
                -71.71842870211042,
                44.757450466629535
              ],
              [
                -71.71833828493622,
                44.75746955025865
              ],
              [
                -71.71824567267676,
                44.757482258279225
              ],
              [
                -71.71815178807397,
                44.75748853760974
              ],
              [
                -71.71805749135805,
                44.75748828794869
              ],
              [
                -71.71796365906916,
                44.757481510797966
              ],
              [
                -71.71787118732185,
                44.757468254591316
              ],
              [
                -71.71778097902941,
                44.75744871899562
              ],
              [
                -71.71769381341078,
                44.75742300384377
              ],
              [
                -71.7176629696451,
                44.757411292698
              ],
              [
                -71.71761061475547,
                44.75739140884313
              ],
              [
                -71.71760644058602,
                44.75738962543603
              ],
              [
                -71.71837026970721,
                44.75890283127427
              ],
              [
                -71.71872708819821,
                44.75889406012259
              ],
              [
                -71.71893502829296,
                44.758885005834614
              ],
              [
                -71.718951246244,
                44.758884404931784
              ],
              [
                -71.71896648104615,
                44.758883841397974
              ],
              [
                -71.71898415898697,
                44.75888334046572
              ],
              [
                -71.71953718191781,
                44.758869389557475
              ],
              [
                -71.71954540316474,
                44.75886919286966
              ],
              [
                -71.71976259851365,
                44.75886436777238
              ],
              [
                -71.71985574999255,
                44.75886391437747
              ],
              [
                -71.72027105686593,
                44.75886904007287
              ],
              [
                -71.72062196898726,
                44.758849363552244
              ],
              [
                -71.7210536282663,
                44.758825170295545
              ],
              [
                -71.72107387012967,
                44.75882410609088
              ],
              [
                -71.72148058455564,
                44.758804388172074
              ],
              [
                -71.72150977391496,
                44.75880312481402
              ],
              [
                -71.72176521226794,
                44.75879350994585
              ],
              [
                -71.72185715900245,
                44.758779858640644
              ],
              [
                -71.72195020011179,
                44.75877058374283
              ],
              [
                -71.72204383592913,
                44.758765743939215
              ],
              [
                -71.72237347114407,
                44.75875104473469
              ],
              [
                -71.72238239215548,
                44.75875065462898
              ],
              [
                -71.72268628120909,
                44.758738140551145
              ],
              [
                -71.72352915592647,
                44.75870355168254
              ],
              [
                -71.72355399549473,
                44.75870265058428
              ],
              [
                -71.72361377899523,
                44.75870140841232
              ],
              [
                -71.7238643966291,
                44.75869897689048
              ],
              [
                -71.72433847585347,
                44.75868255568878
              ],
              [
                -71.72482460722642,
                44.758665716681165
              ],
              [
                -71.72513394017083,
                44.75865339772302
              ],
              [
                -71.72535098318295,
                44.75864475437534
              ],
              [
                -71.7253659647945,
                44.758644225166215
              ],
              [
                -71.72537243332657,
                44.75864399637221
              ],
              [
                -71.72538326094194,
                44.758643741351264
              ],
              [
                -71.72541844235921,
                44.758642921693635
              ],
              [
                -71.72579428572635,
                44.7586373720557
              ],
              [
                -71.72588722169255,
                44.75863760970359
              ],
              [
                -71.72593902793524,
                44.75863956988633
              ],
              [
                -71.72598650022178,
                44.75864137738502
              ],
              [
                -71.72633533220916,
                44.758661102025435
              ],
              [
                -71.72637622014375,
                44.75866415341573
              ],
              [
                -71.7264305548584,
                44.75866820837826
              ],
              [
                -71.72648534303006,
                44.75867424977098
              ],
              [
                -71.72652515343161,
                44.758678640063366
              ],
              [
                -71.7267017685961,
                44.758701376189116
              ],
              [
                -71.7268993685833,
                44.75872681432539
              ],
              [
                -71.72702267005288,
                44.75874566141035
              ],
              [
                -71.72712835794654,
                44.75876673250666
              ],
              [
                -71.72733300157473,
                44.75881203160919
              ],
              [
                -71.72742613269533,
                44.75883451490911
              ],
              [
                -71.72751752015994,
                44.75886037087093
              ],
              [
                -71.72763535419992,
                44.758896203761914
              ],
              [
                -71.72772820092659,
                44.75892241948611
              ],
              [
                -71.7278178714286,
                44.75895373770182
              ],
              [
                -71.72805515290544,
                44.759040325926875
              ],
              [
                -71.72806936757468,
                44.759045514557165
              ],
              [
                -71.72817012747763,
                44.75908502907044
              ],
              [
                -71.72821083856515,
                44.75910262732776
              ],
              [
                -71.72829697488456,
                44.75914092612061
              ],
              [
                -71.72838474486056,
                44.75917995220842
              ],
              [
                -71.72842371424301,
                44.75919774739881
              ],
              [
                -71.72851283108065,
                44.75923950469182
              ],
              [
                -71.72863197148803,
                44.759295347503574
              ],
              [
                -71.72866933216375,
                44.75931331262417
              ],
              [
                -71.72871487519579,
                44.7593364768353
              ],
              [
                -71.72872770557889,
                44.759343193067224
              ],
              [
                -71.7287313380709,
                44.75934509479567
              ],
              [
                -71.72873137069176,
                44.75934511121422
              ],
              [
                -71.72883143579341,
                44.759392493693845
              ],
              [
                -71.72886133954916,
                44.75940694467301
              ],
              [
                -71.72888800911804,
                44.759420315521446
              ],
              [
                -71.72904907377847,
                44.75950263622329
              ],
              [
                -71.72920063652693,
                44.75957681774206
              ],
              [
                -71.729200670411,
                44.75957683416899
              ],
              [
                -71.72922080294877,
                44.75958685097736
              ],
              [
                -71.72927230069551,
                44.759612847551594
              ],
              [
                -71.72942679920577,
                44.759690841669396
              ],
              [
                -71.72945781609293,
                44.75970680733863
              ],
              [
                -71.72997025986703,
                44.75997650161244
              ],
              [
                -71.73017526198987,
                44.76008412884785
              ],
              [
                -71.73019765569039,
                44.76009605321962
              ],
              [
                -71.73045498081888,
                44.760235304232324
              ],
              [
                -71.73045501718184,
                44.7602353242752
              ],
              [
                -71.73047222143678,
                44.7602447451922
              ],
              [
                -71.73124833906333,
                44.760674648677934
              ],
              [
                -71.73125726880453,
                44.76067961865397
              ],
              [
                -71.7312648906164,
                44.760683875201806
              ],
              [
                -71.7315795980863,
                44.76086216250609
              ],
              [
                -71.73219310961838,
                44.761200565643506
              ],
              [
                -71.73222132419659,
                44.76121642172717
              ],
              [
                -71.73224131545325,
                44.76122803257651
              ],
              [
                -71.73306574141439,
                44.7617136805538
              ],
              [
                -71.73307905755883,
                44.76172166031882
              ],
              [
                -71.73309255039568,
                44.76172974655738
              ],
              [
                -71.73371540702512,
                44.762110451911916
              ],
              [
                -71.73377477341307,
                44.76214827715716
              ],
              [
                -71.73421578991754,
                44.76244171096371
              ],
              [
                -71.73514526495455,
                44.76302623016485
              ],
              [
                -71.73515669682413,
                44.76303346454611
              ],
              [
                -71.73613044057993,
                44.76365569904988
              ],
              [
                -71.73614065492471,
                44.76366227005976
              ],
              [
                -71.73675922237693,
                44.76406329027129
              ],
              [
                -71.73676219360755,
                44.76406518642345
              ],
              [
                -71.73676473226436,
                44.76406683851097
              ],
              [
                -71.73735498549533,
                44.764452418303925
              ],
              [
                -71.73736564016326,
                44.76445943399548
              ],
              [
                -71.73737470257497,
                44.76446554095147
              ],
              [
                -71.73738572943026,
                44.76447297488102
              ],
              [
                -71.73775467177153,
                44.76472477999378
              ],
              [
                -71.73781184943333,
                44.76476547899806
              ],
              [
                -71.73806564546823,
                44.764953891305204
              ],
              [
                -71.73808663080298,
                44.764969727393755
              ],
              [
                -71.73811554623101,
                44.764992395340464
              ],
              [
                -71.73830656254582,
                44.76514547478633
              ],
              [
                -71.73836853822584,
                44.7651977341461
              ],
              [
                -71.73838328258242,
                44.76521095843881
              ],
              [
                -71.73855830009981,
                44.76537015357682
              ],
              [
                -71.73861129446475,
                44.765420724097865
              ],
              [
                -71.7387804921727,
                44.7655901371628
              ],
              [
                -71.7387958047773,
                44.765605698632974
              ],
              [
                -71.73882822660053,
                44.76564025856593
              ],
              [
                -71.73897441258651,
                44.76580121906856
              ],
              [
                -71.73898761505414,
                44.7658159691382
              ],
              [
                -71.73911245931066,
                44.7659573718724
              ],
              [
                -71.73913499226673,
                44.7659835372438
              ],
              [
                -71.73926411012268,
                44.76613729782677
              ],
              [
                -71.73927077231436,
                44.7661452793341
              ],
              [
                -71.73929659604073,
                44.766177508529935
              ],
              [
                -71.73938300720656,
                44.76628881602534
              ],
              [
                -71.73943669771937,
                44.76635797734992
              ],
              [
                -71.73947108280835,
                44.76640432357737
              ],
              [
                -71.73958703276068,
                44.76656815687432
              ],
              [
                -71.73959299962154,
                44.76657667007345
              ],
              [
                -71.73959972823683,
                44.76658643200764
              ],
              [
                -71.73965509198804,
                44.766667612647176
              ],
              [
                -71.73973817161776,
                44.766789461621855
              ],
              [
                -71.73974555059225,
                44.766800397748064
              ],
              [
                -71.7398712685114,
                44.766989043050145
              ],
              [
                -71.73988936517871,
                44.7670169884408
              ],
              [
                -71.74002298184143,
                44.76722960910985
              ],
              [
                -71.74014382113862,
                44.76742138298417
              ],
              [
                -71.74027618645354,
                44.767631214322364
              ],
              [
                -71.7402851024048,
                44.76764556766182
              ],
              [
                -71.7403874362417,
                44.76781292083272
              ],
              [
                -71.74050217561586,
                44.767987410734186
              ],
              [
                -71.74062778611227,
                44.7681687274582
              ],
              [
                -71.74068217681594,
                44.76825478576946
              ],
              [
                -71.74068351958772,
                44.76825691126424
              ],
              [
                -71.74069046961189,
                44.76826918262714
              ],
              [
                -71.74074141480872,
                44.76836051031658
              ],
              [
                -71.74079794794933,
                44.76843782227938
              ],
              [
                -71.7408093702312,
                44.76845344489974
              ],
              [
                -71.74082702357293,
                44.76847817454187
              ],
              [
                -71.74082704093864,
                44.76847819895461
              ],
              [
                -71.74084528289195,
                44.76850515256197
              ],
              [
                -71.74092292236718,
                44.768623191188986
              ],
              [
                -71.74101464782373,
                44.76874476999767
              ],
              [
                -71.74107800567447,
                44.76882199578839
              ],
              [
                -71.74117297075307,
                44.76892553408709
              ],
              [
                -71.74129731427837,
                44.76904192818964
              ],
              [
                -71.7415522907662,
                44.76923846835736
              ],
              [
                -71.74182508777702,
                44.76943497957635
              ],
              [
                -71.74214933138774,
                44.769663625042796
              ],
              [
                -71.74245524372297,
                44.76987718263536
              ],
              [
                -71.74246064028179,
                44.76988096471906
              ],
              [
                -71.74274403234791,
                44.77008036609031
              ],
              [
                -71.74298483354173,
                44.7702496752287
              ],
              [
                -71.74322743225804,
                44.77042036001527
              ],
              [
                -71.74345159666628,
                44.770578307356374
              ],
              [
                -71.74345162420967,
                44.77057832643677
              ],
              [
                -71.74349026011568,
                44.77060634701098
              ],
              [
                -71.74371707428925,
                44.7707755844319
              ],
              [
                -71.74371709930642,
                44.770775603495466
              ],
              [
                -71.74373451013362,
                44.770788765551885
              ],
              [
                -71.74374559747415,
                44.770797333134524
              ],
              [
                -71.74397773110968,
                44.77097823107182
              ],
              [
                -71.74404048882772,
                44.771029705066255
              ],
              [
                -71.7442348989613,
                44.77119717101423
              ],
              [
                -71.744251937571,
                44.771212060136065
              ],
              [
                -71.74428408902767,
                44.77124139277641
              ],
              [
                -71.74444521758252,
                44.77139246420855
              ],
              [
                -71.74447097763863,
                44.77141718391578
              ],
              [
                -71.74464235286673,
                44.77158558744222
              ],
              [
                -71.74482855192365,
                44.77176404972877
              ],
              [
                -71.74503417957425,
                44.771953659426146
              ],
              [
                -71.74515629156956,
                44.77206128748468
              ],
              [
                -71.74532439063415,
                44.772207219403455
              ],
              [
                -71.74551378754934,
                44.772370830835534
              ],
              [
                -71.7456850381672,
                44.77251043424121
              ],
              [
                -71.74585165113368,
                44.77263873821147
              ],
              [
                -71.74606723646151,
                44.77279281802764
              ],
              [
                -71.74632781428325,
                44.772962260498105
              ],
              [
                -71.74661163290043,
                44.77314375597054
              ],
              [
                -71.74662587256574,
                44.773152953298414
              ],
              [
                -71.7466277480568,
                44.77315416433775
              ],
              [
                -71.74662777561414,
                44.77315418251755
              ],
              [
                -71.74694218618797,
                44.77335984690829
              ],
              [
                -71.74730859359903,
                44.77359314981279
              ],
              [
                -71.74731849754428,
                44.773599533286564
              ],
              [
                -71.74787719994633,
                44.77396023156099
              ],
              [
                -71.74823982144486,
                44.774191161381
              ],
              [
                -71.74826348129955,
                44.774206496637944
              ],
              [
                -71.74867144412656,
                44.77447508287483
              ],
              [
                -71.7491368746347,
                44.77477505515051
              ],
              [
                -71.74936906671168,
                44.774914463309734
              ],
              [
                -71.74962037295434,
                44.775065347924325
              ],
              [
                -71.75081525652324,
                44.775747678529626
              ],
              [
                -71.75134217624613,
                44.77604957944834
              ],
              [
                -71.75185392617301,
                44.77633643750926
              ],
              [
                -71.7518723969327,
                44.7763469415536
              ],
              [
                -71.75222455971452,
                44.77655010920228
              ],
              [
                -71.7526111809303,
                44.77675251498639
              ],
              [
                -71.75285140562016,
                44.776860775371084
              ],
              [
                -71.7530950176751,
                44.77695439714002
              ],
              [
                -71.7533302626921,
                44.77702851685475
              ],
              [
                -71.75370958176148,
                44.77713030289559
              ],
              [
                -71.75422239625277,
                44.77724836040865
              ],
              [
                -71.75425913886205,
                44.77725715569028
              ],
              [
                -71.75481950240001,
                44.777395868634045
              ],
              [
                -71.75545769039353,
                44.77754669133604
              ],
              [
                -71.75615767991188,
                44.77770919866307
              ],
              [
                -71.75618031142272,
                44.77771456548622
              ],
              [
                -71.75686548427609,
                44.77788064985337
              ],
              [
                -71.75732138200487,
                44.77799060371346
              ],
              [
                -71.75779530052063,
                44.77810108142603
              ],
              [
                -71.75781025878918,
                44.778104618055515
              ],
              [
                -71.7582323406862,
                44.778205714867795
              ],
              [
                -71.75867341962102,
                44.77829708403947
              ],
              [
                -71.7591462818829,
                44.77837239021786
              ],
              [
                -71.75954584183818,
                44.77842839869213
              ],
              [
                -71.76000930693944,
                44.778472975398024
              ],
              [
                -71.76022994176398,
                44.778488066204865
              ],
              [
                -71.76053082025425,
                44.778508644546484
              ],
              [
                -71.7612091849583,
                44.778545209136674
              ],
              [
                -71.76178642602143,
                44.778574649387586
              ],
              [
                -71.76238429900752,
                44.778602094419846
              ],
              [
                -71.7624066685311,
                44.77860320269247
              ],
              [
                -71.76304448963263,
                44.77863776940566
              ],
              [
                -71.76378391730726,
                44.77867223980715
              ],
              [
                -71.76468426531032,
                44.77871468708458
              ],
              [
                -71.76537773982203,
                44.77874806746181
              ],
              [
                -71.76538831963263,
                44.77874860616531
              ],
              [
                -71.76595124076736,
                44.77877795304431
              ],
              [
                -71.76639772745897,
                44.77879967942967
              ],
              [
                -71.76641885600213,
                44.77880081943996
              ],
              [
                -71.76688203257665,
                44.77882701565043
              ],
              [
                -71.76748476361642,
                44.778858855771446
              ],
              [
                -71.76810579813703,
                44.7788896878414
              ],
              [
                -71.76876514017897,
                44.77892356231066
              ],
              [
                -71.76930117737173,
                44.77894654182488
              ],
              [
                -71.76932885213333,
                44.778947879763905
              ],
              [
                -71.76978229942904,
                44.778972007783864
              ],
              [
                -71.77026427263792,
                44.77899824386854
              ],
              [
                -71.77075603382838,
                44.77901981235083
              ],
              [
                -71.77099686988231,
                44.7790230849837
              ],
              [
                -71.771133748251,
                44.779024944052246
              ],
              [
                -71.77124515733672,
                44.77902228941948
              ],
              [
                -71.7713741819475,
                44.779019224228094
              ],
              [
                -71.77168719534586,
                44.778986734043166
              ],
              [
                -71.7722335551485,
                44.77888775278606
              ],
              [
                -71.77269195854105,
                44.77878990419429
              ],
              [
                -71.77298254051574,
                44.77872723075955
              ],
              [
                -71.77340719266758,
                44.77863563920021
              ],
              [
                -71.7734138295982,
                44.77863423528854
              ],
              [
                -71.77341762756365,
                44.778633431544996
              ],
              [
                -71.77387037698554,
                44.778537778495185
              ],
              [
                -71.77387935102206,
                44.778535893571934
              ],
              [
                -71.77414506205633,
                44.778480747777344
              ],
              [
                -71.77449525578244,
                44.77840691535142
              ],
              [
                -71.77498140865262,
                44.77830572873662
              ],
              [
                -71.77533007396595,
                44.778232807341446
              ],
              [
                -71.77535486350354,
                44.77822772362786
              ],
              [
                -71.77560617048843,
                44.778177755541186
              ],
              [
                -71.7756164830411,
                44.77817571968947
              ],
              [
                -71.77594566078238,
                44.778111667295114
              ],
              [
                -71.7759545402691,
                44.77810995708954
              ],
              [
                -71.77600534865203,
                44.77810078616838
              ],
              [
                -71.77635226432606,
                44.778041702708215
              ],
              [
                -71.7764369633784,
                44.77802870309299
              ],
              [
                -71.77644784126575,
                44.778027224186125
              ],
              [
                -71.77672041811198,
                44.77799111096953
              ],
              [
                -71.77690407970216,
                44.77796677806728
              ],
              [
                -71.77699979325132,
                44.777956416987664
              ],
              [
                -71.77703056965835,
                44.777953085120565
              ],
              [
                -71.77708038244927,
                44.777949356308845
              ],
              [
                -71.77759136625706,
                44.77791597199269
              ],
              [
                -71.77768013755502,
                44.77791163984873
              ],
              [
                -71.77770773063851,
                44.77791089107363
              ],
              [
                -71.77830412261159,
                44.777897741615995
              ],
              [
                -71.77841551954229,
                44.77789758702949
              ],
              [
                -71.77846168529659,
                44.77789887490782
              ],
              [
                -71.77894500627784,
                44.77791641324121
              ],
              [
                -71.77903758885137,
                44.77792135777137
              ],
              [
                -71.77906141794818,
                44.77792315861908
              ],
              [
                -71.77949456544367,
                44.7779577261378
              ],
              [
                -71.77951567325655,
                44.77795941163287
              ],
              [
                -71.77962962216627,
                44.77797096795454
              ],
              [
                -71.7796310173582,
                44.777971144136544
              ],
              [
                -71.7796398148758,
                44.77797225611169
              ],
              [
                -71.78014896008958,
                44.778037018777965
              ],
              [
                -71.78026476410732,
                44.77805436621279
              ],
              [
                -71.78061739092158,
                44.77811535866429
              ],
              [
                -71.78062114660675,
                44.77811601585132
              ],
              [
                -71.78062740594072,
                44.778117122560595
              ],
              [
                -71.78066064853085,
                44.77812335318237
              ],
              [
                -71.78068039466716,
                44.7781270546587
              ],
              [
                -71.78106960541513,
                44.778204374437436
              ],
              [
                -71.78115023986501,
                44.7782217587374
              ],
              [
                -71.78123907887145,
                44.77824416656237
              ],
              [
                -71.7816886027366,
                44.77836641422876
              ],
              [
                -71.78171963843955,
                44.778375080186976
              ],
              [
                -71.78220032777571,
                44.778512623060266
              ],
              [
                -71.78262866471788,
                44.77863518470066
              ],
              [
                -71.78263442567605,
                44.77863685510579
              ],
              [
                -71.78263927892961,
                44.778638262437674
              ],
              [
                -71.78264237215012,
                44.77863916106938
              ],
              [
                -71.78264635795986,
                44.77864031907937
              ],
              [
                -71.78463781252569,
                44.779226550734016
              ],
              [
                -71.7856464718389,
                44.779521334430505
              ],
              [
                -71.78690184882049,
                44.77988820571443
              ]
            ],
            [
              [
                -71.7981910751404,
                44.77984098107312
              ],
              [
                -71.79810933931483,
                44.77984954883326
              ],
              [
                -71.79802685199401,
                44.77985308597893
              ],
              [
                -71.79794424749318,
                44.779851591008565
              ],
              [
                -71.79786213669007,
                44.77984501548358
              ],
              [
                -71.79778112235637,
                44.77983345850076
              ],
              [
                -71.79768619399074,
                44.7798131831609
              ],
              [
                -71.7976337949866,
                44.77979863800181
              ],
              [
                -71.7975994062682,
                44.77979041739621
              ],
              [
                -71.79757071069386,
                44.779781898834926
              ],
              [
                -71.7975420138537,
                44.77977338115853
              ],
              [
                -71.79752979460856,
                44.779771712275675
              ],
              [
                -71.79751757536411,
                44.77977004339151
              ],
              [
                -71.7974585257028,
                44.7797582865249
              ],
              [
                -71.79742374242805,
                44.77975051518853
              ],
              [
                -71.79738785442541,
                44.77974194693341
              ],
              [
                -71.79737049268061,
                44.77973726412902
              ],
              [
                -71.79735388756302,
                44.77973561953733
              ],
              [
                -71.79732953473393,
                44.77973293018449
              ],
              [
                -71.79725762507739,
                44.779723066666115
              ],
              [
                -71.79719506755086,
                44.77971270541861
              ],
              [
                -71.79710303507669,
                44.779693924149555
              ],
              [
                -71.79701407197338,
                44.779668767916704
              ],
              [
                -71.79692903757763,
                44.779637433696095
              ],
              [
                -71.79690937938646,
                44.77962927297178
              ],
              [
                -71.7968908752665,
                44.779621591796484
              ],
              [
                -71.79683854845497,
                44.779605501589614
              ],
              [
                -71.79681952889709,
                44.77959812859418
              ],
              [
                -71.79673297003112,
                44.77957561195153
              ],
              [
                -71.79665029549314,
                44.77954661919439
              ],
              [
                -71.79661095208228,
                44.77952889363701
              ],
              [
                -71.79657244935096,
                44.779511548502136
              ],
              [
                -71.79653501454628,
                44.77949595123742
              ],
              [
                -71.79649891482141,
                44.779480911123215
              ],
              [
                -71.79646427339657,
                44.77946325227572
              ],
              [
                -71.79642963074046,
                44.77944559251018
              ],
              [
                -71.79636520504714,
                44.779405888883595
              ],
              [
                -71.79630615658208,
                44.77936214990985
              ],
              [
                -71.79625298522986,
                44.77931472513879
              ],
              [
                -71.79624789526585,
                44.77930978572242
              ],
              [
                -71.79624261674971,
                44.779304662464355
              ],
              [
                -71.79622914148192,
                44.77929126181504
              ],
              [
                -71.7961755230386,
                44.77922968873618
              ],
              [
                -71.79614821421119,
                44.7792013931786
              ],
              [
                -71.79612090541038,
                44.779173097614525
              ],
              [
                -71.79609782389744,
                44.77914295900873
              ],
              [
                -71.79607474367172,
                44.77911282040606
              ],
              [
                -71.79603750435766,
                44.77904945393018
              ],
              [
                -71.79600961612296,
                44.77898369646012
              ],
              [
                -71.79597932473364,
                44.778924911885674
              ],
              [
                -71.7959588316654,
                44.778869765708066
              ],
              [
                -71.79594886478657,
                44.77883758415771
              ],
              [
                -71.79593443498334,
                44.77877964787099
              ],
              [
                -71.79593096927395,
                44.77875033028274
              ],
              [
                -71.79592750356785,
                44.77872101269424
              ],
              [
                -71.79592781178619,
                44.778691596885984
              ],
              [
                -71.79592811875158,
                44.77866218016992
              ],
              [
                -71.79590949406473,
                44.778604990129786
              ],
              [
                -71.79589924821857,
                44.77854680336252
              ],
              [
                -71.79589744965769,
                44.778488119736565
              ],
              [
                -71.79589815047929,
                44.778431079437645
              ],
              [
                -71.79590409011186,
                44.77836058824526
              ],
              [
                -71.79591141543064,
                44.7783290046452
              ],
              [
                -71.79586657017526,
                44.77828252551844
              ],
              [
                -71.79582759241103,
                44.77823345574667
              ],
              [
                -71.79579477480817,
                44.7781821436018
              ],
              [
                -71.79577769545851,
                44.778152302908126
              ],
              [
                -71.79574791215909,
                44.77809262239749
              ],
              [
                -71.79572604167492,
                44.77803119807685
              ],
              [
                -71.79571224157986,
                44.777968577161374
              ],
              [
                -71.79570667133763,
                44.77790535907051
              ],
              [
                -71.7957093381185,
                44.777841991099656
              ],
              [
                -71.79568196717584,
                44.777779072309265
              ],
              [
                -71.79566425636845,
                44.777714408792136
              ],
              [
                -71.79565639618464,
                44.77764874954401
              ],
              [
                -71.7956556504041,
                44.77764326995597
              ],
              [
                -71.79565490463463,
                44.77763778946808
              ],
              [
                -71.79565301907229,
                44.77760665301549
              ],
              [
                -71.79565139578555,
                44.777552800217684
              ],
              [
                -71.79565670320778,
                44.777499097252964
              ],
              [
                -71.79566884364743,
                44.77744599166778
              ],
              [
                -71.79565820278556,
                44.77739383175781
              ],
              [
                -71.7956548889797,
                44.7773679374089
              ],
              [
                -71.79565169280323,
                44.77734296798208
              ],
              [
                -71.79564771938365,
                44.777280396858856
              ],
              [
                -71.79565178963023,
                44.777217776356046
              ],
              [
                -71.7956638874208,
                44.77715570300672
              ],
              [
                -71.79568386263774,
                44.77709467532681
              ],
              [
                -71.79570255762785,
                44.77704749730091
              ],
              [
                -71.79570723221752,
                44.77703461976996
              ],
              [
                -71.7957119080684,
                44.77702174224655
              ],
              [
                -71.79571857484501,
                44.776976457218765
              ],
              [
                -71.79572983065368,
                44.776931671137845
              ],
              [
                -71.79574566550868,
                44.77688758101889
              ],
              [
                -71.7957621140157,
                44.77681878163863
              ],
              [
                -71.79578833593315,
                44.776751577750865
              ],
              [
                -71.79580631056997,
                44.776718848551035
              ],
              [
                -71.7958240397174,
                44.77668656508457
              ],
              [
                -71.79586888589999,
                44.776624540648726
              ],
              [
                -71.7958959425721,
                44.77659498378295
              ],
              [
                -71.79592238076079,
                44.776566103421665
              ],
              [
                -71.79598395606146,
                44.7765118510213
              ],
              [
                -71.79599904537895,
                44.77649082789542
              ],
              [
                -71.79603792572132,
                44.77644145789927
              ],
              [
                -71.79604375004136,
                44.77643418391633
              ],
              [
                -71.79609287675792,
                44.776380229978685
              ],
              [
                -71.79612085250106,
                44.77634301607744
              ],
              [
                -71.79615316149324,
                44.77630769436781
              ],
              [
                -71.7961895593242,
                44.776274415422954
              ],
              [
                -71.79622825529202,
                44.77623999065793
              ],
              [
                -71.7962357641321,
                44.776233513558175
              ],
              [
                -71.79624590705446,
                44.776222055547095
              ],
              [
                -71.79630124433545,
                44.776165710960036
              ],
              [
                -71.79636438101036,
                44.77611369972297
              ],
              [
                -71.79639947056612,
                44.7760901288666
              ],
              [
                -71.7964346136008,
                44.77606652143296
              ],
              [
                -71.79651122477296,
                44.77602467290238
              ],
              [
                -71.79659340681036,
                44.775988603592886
              ],
              [
                -71.79665123488827,
                44.77593559660534
              ],
              [
                -71.79671612705361,
                44.775886922912754
              ],
              [
                -71.79678745750024,
                44.77584303309909
              ],
              [
                -71.79686448803805,
                44.775804373457184
              ],
              [
                -71.79694651324644,
                44.775771293293474
              ],
              [
                -71.79703273866797,
                44.77574419176204
              ],
              [
                -71.79712229015976,
                44.77572326775063
              ],
              [
                -71.7972142973737,
                44.77570872017273
              ],
              [
                -71.79730784825429,
                44.775700749487555
              ],
              [
                -71.79734729010171,
                44.7756965151676
              ],
              [
                -71.79737568681003,
                44.7756937751057
              ],
              [
                -71.79745950966235,
                44.77568963921066
              ],
              [
                -71.79747347513687,
                44.775688094503344
              ],
              [
                -71.79756929913854,
                44.77568072252214
              ],
              [
                -71.79766565699683,
                44.775680273973066
              ],
              [
                -71.7977615677288,
                44.77568679951626
              ],
              [
                -71.79785610076712,
                44.77570015124736
              ],
              [
                -71.79794822202498,
                44.77572027871764
              ],
              [
                -71.79803702743813,
                44.77574693160311
              ],
              [
                -71.79812159581735,
                44.77577981268233
              ],
              [
                -71.79820209331758,
                44.77580218125045
              ],
              [
                -71.79827924777659,
                44.77582988002426
              ],
              [
                -71.7983168499651,
                44.77584673131566
              ],
              [
                -71.79835239386945,
                44.775862661049935
              ],
              [
                -71.79842084601039,
                44.775900175461736
              ],
              [
                -71.79849091332814,
                44.775891009355156
              ],
              [
                -71.79856176991188,
                44.775885628532194
              ],
              [
                -71.79863297680501,
                44.77588418417838
              ],
              [
                -71.79871649228781,
                44.77588458186781
              ],
              [
                -71.79880824451422,
                44.77588816891978
              ],
              [
                -71.79889912923902,
                44.77589798327801
              ],
              [
                -71.79898825952189,
                44.77591392501075
              ],
              [
                -71.79907486271732,
                44.77593584539591
              ],
              [
                -71.79911205757836,
                44.77594670599227
              ],
              [
                -71.79919945871339,
                44.775976199336796
              ],
              [
                -71.79928227225817,
                44.77601177028573
              ],
              [
                -71.79935965596178,
                44.77605306991986
              ],
              [
                -71.7994308464904,
                44.776099700311335
              ],
              [
                -71.79944543841594,
                44.77611029705336
              ],
              [
                -71.79946055009948,
                44.7761212713401
              ],
              [
                -71.79947412517345,
                44.776125896405574
              ],
              [
                -71.79948628852442,
                44.77613003946275
              ],
              [
                -71.79949562286752,
                44.776129393897406
              ],
              [
                -71.79954088912557,
                44.77612715092836
              ],
              [
                -71.79959118291187,
                44.77612560650124
              ],
              [
                -71.79960877242593,
                44.776126005045235
              ],
              [
                -71.79969670850303,
                44.77612142298667
              ],
              [
                -71.7997848564821,
                44.77612261861591
              ],
              [
                -71.7998724943127,
                44.77612954251093
              ],
              [
                -71.79995886075882,
                44.776142146811424
              ],
              [
                -71.80004326092786,
                44.776160330071995
              ],
              [
                -71.80012495246191,
                44.776183945563325
              ],
              [
                -71.80020327454795,
                44.776212789464175
              ],
              [
                -71.80027755170875,
                44.7762466164696
              ],
              [
                -71.80034717169373,
                44.77628517626394
              ],
              [
                -71.80042495889424,
                44.77630351040641
              ],
              [
                -71.8005003061567,
                44.77632647573306
              ],
              [
                -71.800572689024,
                44.77635387555822
              ],
              [
                -71.80067274083213,
                44.776363590764525
              ],
              [
                -71.80069288279185,
                44.776366480395666
              ],
              [
                -71.80071014716786,
                44.77636912022892
              ],
              [
                -71.80078863661394,
                44.77638361765163
              ],
              [
                -71.80088623083277,
                44.7763845642998
              ],
              [
                -71.80098319323555,
                44.776392536113704
              ],
              [
                -71.80107852632253,
                44.776407381206454
              ],
              [
                -71.8011713058098,
                44.776428952641915
              ],
              [
                -71.80122672199344,
                44.77644414727682
              ],
              [
                -71.80125128538297,
                44.77645117280486
              ],
              [
                -71.80130436860485,
                44.77646925620406
              ],
              [
                -71.80138397941579,
                44.77649052912317
              ],
              [
                -71.80146017055776,
                44.776517430639736
              ],
              [
                -71.80153217621519,
                44.77654966270947
              ],
              [
                -71.80156930102895,
                44.77656231737577
              ],
              [
                -71.8016493077092,
                44.77659699113652
              ],
              [
                -71.80169314483625,
                44.776618163863034
              ],
              [
                -71.80172355927021,
                44.77663420606477
              ],
              [
                -71.80175397373192,
                44.77665024735863
              ],
              [
                -71.80181107513708,
                44.77668561786407
              ],
              [
                -71.80186406170351,
                44.77672412723324
              ],
              [
                -71.8019126262285,
                44.77676547662706
              ],
              [
                -71.80192213692872,
                44.776772850047124
              ],
              [
                -71.80195516312506,
                44.77680010380273
              ],
              [
                -71.8019869209137,
                44.77682630501258
              ],
              [
                -71.80204365407384,
                44.77688419403748
              ],
              [
                -71.8020917283155,
                44.77694591858402
              ],
              [
                -71.80213065236056,
                44.7770108313327
              ],
              [
                -71.80215261826896,
                44.777064236916175
              ],
              [
                -71.80217608609695,
                44.77707833505994
              ],
              [
                -71.80219250713259,
                44.77708849807547
              ],
              [
                -71.80222022926641,
                44.77710603372438
              ],
              [
                -71.80227595289695,
                44.777144244658395
              ],
              [
                -71.8023407553088,
                44.77719769953229
              ],
              [
                -71.80239750561815,
                44.77725558758265
              ],
              [
                -71.80244558054194,
                44.77731731198047
              ],
              [
                -71.80248448627914,
                44.77738222449261
              ],
              [
                -71.80248958300638,
                44.77739502789597
              ],
              [
                -71.80249467974667,
                44.777407830399255
              ],
              [
                -71.80251183140219,
                44.77744883108796
              ],
              [
                -71.80258071418334,
                44.77748285671604
              ],
              [
                -71.80264517449659,
                44.77752101643275
              ],
              [
                -71.80270475729056,
                44.77756301319992
              ],
              [
                -71.80275900755268,
                44.77760854638036
              ],
              [
                -71.8028423826537,
                44.77764486328309
              ],
              [
                -71.80287020092503,
                44.7776589626433
              ],
              [
                -71.80287729699215,
                44.77766269824761
              ],
              [
                -71.80288439431273,
                44.77766643475899
              ],
              [
                -71.80295600522649,
                44.77770803236861
              ],
              [
                -71.80302166843414,
                44.777754312706996
              ],
              [
                -71.80308078672341,
                44.77780492747831
              ],
              [
                -71.80313286191091,
                44.777859277919205
              ],
              [
                -71.80317735548122,
                44.777916966597424
              ],
              [
                -71.80321387602874,
                44.777977444894674
              ],
              [
                -71.8032279910132,
                44.778008780022105
              ],
              [
                -71.80324210727615,
                44.778040115155434
              ],
              [
                -71.80326175762467,
                44.77810442846795
              ],
              [
                -71.80327266238223,
                44.778169788998284
              ],
              [
                -71.80327469732559,
                44.77823559755794
              ],
              [
                -71.80326788857154,
                44.77830125587364
              ],
              [
                -71.80325226533745,
                44.77836611799431
              ],
              [
                -71.80324911615054,
                44.77837625594532
              ],
              [
                -71.80324596569919,
                44.7783863938885
              ],
              [
                -71.80323548427776,
                44.77841441939916
              ],
              [
                -71.80322461383916,
                44.77844348371882
              ],
              [
                -71.80321039123383,
                44.778471407209786
              ],
              [
                -71.80319634845551,
                44.77849897993542
              ],
              [
                -71.80316135567811,
                44.77855253270819
              ],
              [
                -71.80311992136295,
                44.77860369472557
              ],
              [
                -71.80311840384394,
                44.778666513737285
              ],
              [
                -71.80310804427901,
                44.77872893413062
              ],
              [
                -71.803088928106,
                44.77879025810267
              ],
              [
                -71.80308373421374,
                44.77880420634292
              ],
              [
                -71.8030518987705,
                44.778873601276196
              ],
              [
                -71.8030421176167,
                44.778889193532144
              ],
              [
                -71.8030046417371,
                44.7789534569988
              ],
              [
                -71.80295813687785,
                44.77901468127762
              ],
              [
                -71.80290308899139,
                44.779072170102225
              ],
              [
                -71.80284006693077,
                44.77912537349496
              ],
              [
                -71.80276974564919,
                44.779173744825165
              ],
              [
                -71.80269285378822,
                44.77921668649588
              ],
              [
                -71.80265077473169,
                44.779235580312935
              ],
              [
                -71.80261019719813,
                44.779253800260165
              ],
              [
                -71.8025226380156,
                44.7792847359108
              ],
              [
                -71.80243109647873,
                44.779309145397235
              ],
              [
                -71.80233654528794,
                44.77932673138621
              ],
              [
                -71.80226261894762,
                44.77935084159337
              ],
              [
                -71.80220984296814,
                44.779364490972185
              ],
              [
                -71.80218525286949,
                44.779370270156534
              ],
              [
                -71.80211500020393,
                44.77938476659453
              ],
              [
                -71.80204339876316,
                44.779395327585945
              ],
              [
                -71.80197084842257,
                44.77940190337821
              ],
              [
                -71.80189781788894,
                44.77940439424619
              ],
              [
                -71.80186684201693,
                44.77941206551003
              ],
              [
                -71.80184022583492,
                44.77941779443848
              ],
              [
                -71.80176057134065,
                44.77943219178561
              ],
              [
                -71.80167948474667,
                44.77944170646605
              ],
              [
                -71.80159751376306,
                44.77944628873226
              ],
              [
                -71.8015153330262,
                44.779445841019985
              ],
              [
                -71.80143350104332,
                44.77944036134569
              ],
              [
                -71.80138490995783,
                44.77947104763622
              ],
              [
                -71.80133279241913,
                44.77949869586965
              ],
              [
                -71.80127753235958,
                44.779523006024036
              ],
              [
                -71.80126099678438,
                44.779531723865205
              ],
              [
                -71.80119442252226,
                44.77956385506939
              ],
              [
                -71.80112428393745,
                44.77959200126622
              ],
              [
                -71.80105108559025,
                44.77961581367665
              ],
              [
                -71.80097536064406,
                44.77963519117006
              ],
              [
                -71.80089762704955,
                44.77965003702336
              ],
              [
                -71.8008382530796,
                44.779659451846676
              ],
              [
                -71.8007546674915,
                44.77967006284612
              ],
              [
                -71.80067010064886,
                44.77967529357767
              ],
              [
                -71.80058519821584,
                44.77967514439391
              ],
              [
                -71.8005006576781,
                44.7796696141668
              ],
              [
                -71.8004171676336,
                44.77965870531564
              ],
              [
                -71.80039669315404,
                44.77965940239826
              ],
              [
                -71.80029584354068,
                44.77966129526571
              ],
              [
                -71.80025014701933,
                44.77966064811955
              ],
              [
                -71.80020445051008,
                44.7796600000553
              ],
              [
                -71.80011367908585,
                44.779652328296145
              ],
              [
                -71.80002440928662,
                44.77963823048975
              ],
              [
                -71.79993174453001,
                44.77965058503603
              ],
              [
                -71.79983775524155,
                44.77965596436717
              ],
              [
                -71.79974350208866,
                44.779654321889545
              ],
              [
                -71.7996707233283,
                44.77968256619121
              ],
              [
                -71.79959478681634,
                44.779706229490905
              ],
              [
                -71.7995162553437,
                44.77972505966305
              ],
              [
                -71.79943573281047,
                44.779738957818424
              ],
              [
                -71.79935380356936,
                44.779747874443885
              ],
              [
                -71.79927108854707,
                44.77975166126343
              ],
              [
                -71.79923101402892,
                44.77975230806402
              ],
              [
                -71.79917304543058,
                44.77976625713774
              ],
              [
                -71.79914829820895,
                44.77977098992049
              ],
              [
                -71.79913774407765,
                44.77977288243047
              ],
              [
                -71.79906201950506,
                44.779791114884894
              ],
              [
                -71.79898444246217,
                44.779804764430224
              ],
              [
                -71.7989055157893,
                44.77981373066128
              ],
              [
                -71.79882583458944,
                44.77981801542929
              ],
              [
                -71.79874592385839,
                44.779817567062594
              ],
              [
                -71.79867857750953,
                44.779815225920125
              ],
              [
                -71.7986530756412,
                44.77981507650784
              ],
              [
                -71.79862827550691,
                44.77981467762797
              ],
              [
                -71.79860282590106,
                44.77981313368175
              ],
              [
                -71.79859019323014,
                44.77981492698493
              ],
              [
                -71.79852274916668,
                44.779822847600215
              ],
              [
                -71.7984546745376,
                44.779827330287
              ],
              [
                -71.79840246045791,
                44.77982942305208
              ],
              [
                -71.79831487399132,
                44.77983012049396
              ],
              [
                -71.7982715010574,
                44.77982748095749
              ],
              [
                -71.7981910751404,
                44.77984098107312
              ]
            ],
            [
              [
                -71.7408253881562,
                44.761014155763796
              ],
              [
                -71.74091762291249,
                44.76102222816208
              ],
              [
                -71.74100832354625,
                44.76103662919938
              ],
              [
                -71.74109668175434,
                44.761057259018074
              ],
              [
                -71.74118178445667,
                44.76108381998834
              ],
              [
                -71.7412628707553,
                44.76111616037808
              ],
              [
                -71.74133920124747,
                44.76115393332098
              ],
              [
                -71.74141003971243,
                44.761196837868354
              ],
              [
                -71.74147888633118,
                44.761241387660995
              ],
              [
                -71.74154130389978,
                44.761290572404064
              ],
              [
                -71.74159665038869,
                44.76134384160394
              ],
              [
                -71.74164444345368,
                44.761400699821365
              ],
              [
                -71.7416842090402,
                44.761460596777574
              ],
              [
                -71.74171553679369,
                44.76152303660995
              ],
              [
                -71.74174384512511,
                44.761580990172234
              ],
              [
                -71.74175405162265,
                44.76161019856169
              ],
              [
                -71.7417646368081,
                44.761640488446695
              ],
              [
                -71.74177776040052,
                44.76170113357526
              ],
              [
                -71.74178312014051,
                44.76176232648999
              ],
              [
                -71.74178062142923,
                44.761823668807274
              ],
              [
                -71.74177034784857,
                44.76188456264679
              ],
              [
                -71.74175235450453,
                44.76194455932137
              ],
              [
                -71.74173957288946,
                44.761973835552645
              ],
              [
                -71.74172679253603,
                44.76200311089079
              ],
              [
                -71.74172346676711,
                44.76202406461948
              ],
              [
                -71.74172014225873,
                44.762045018356346
              ],
              [
                -71.74171200098925,
                44.762075764338114
              ],
              [
                -71.74170435187246,
                44.762101427342124
              ],
              [
                -71.74168666543935,
                44.7621518564864
              ],
              [
                -71.7416747949034,
                44.76217694611667
              ],
              [
                -71.74166334785595,
                44.76220113955583
              ],
              [
                -71.74163457419435,
                44.762248927647754
              ],
              [
                -71.74160051069933,
                44.76229487090043
              ],
              [
                -71.74161611702871,
                44.76235063166335
              ],
              [
                -71.74162275802924,
                44.762401160252594
              ],
              [
                -71.74164872482649,
                44.762434496766524
              ],
              [
                -71.74170385990803,
                44.762474760020254
              ],
              [
                -71.74175347825138,
                44.762518462038955
              ],
              [
                -71.74179713032773,
                44.76256530197777
              ],
              [
                -71.74180424493895,
                44.76257287599073
              ],
              [
                -71.74184794139929,
                44.76260541586623
              ],
              [
                -71.74188586591806,
                44.762641492718
              ],
              [
                -71.74192794716265,
                44.76267662345589
              ],
              [
                -71.74196587247172,
                44.76271409603342
              ],
              [
                -71.74199937351763,
                44.76275366210064
              ],
              [
                -71.74207706471331,
                44.76279566860992
              ],
              [
                -71.74214836814332,
                44.76284300778905
              ],
              [
                -71.74221255704117,
                44.762895329265135
              ],
              [
                -71.74226891229159,
                44.762951986648766
              ],
              [
                -71.74231691621124,
                44.763012480670994
              ],
              [
                -71.74235603414748,
                44.76307606357654
              ],
              [
                -71.7423709563006,
                44.7631091511677
              ],
              [
                -71.74238587848228,
                44.76314223785701
              ],
              [
                -71.7424362233896,
                44.76319924314039
              ],
              [
                -71.74247816532167,
                44.76325958799131
              ],
              [
                -71.74249427226546,
                44.76329036707754
              ],
              [
                -71.74251120366003,
                44.76332272285811
              ],
              [
                -71.74253503868604,
                44.76338789974205
              ],
              [
                -71.74254938196633,
                44.76345447330616
              ],
              [
                -71.74256376881293,
                44.76348223980109
              ],
              [
                -71.74257796348456,
                44.763509634260075
              ],
              [
                -71.74258892228988,
                44.76353855328703
              ],
              [
                -71.74259949038645,
                44.76356644023414
              ],
              [
                -71.74261378162129,
                44.763624341991544
              ],
              [
                -71.74262072929639,
                44.76368299145739
              ],
              [
                -71.74269170926662,
                44.7637102486419
              ],
              [
                -71.74275891516106,
                44.76374203965843
              ],
              [
                -71.7428217710987,
                44.763778066427555
              ],
              [
                -71.7428384305037,
                44.76378843125968
              ],
              [
                -71.74290138366446,
                44.76383133477686
              ],
              [
                -71.74295839666513,
                44.76387827453575
              ],
              [
                -71.7430089707736,
                44.7639287504936
              ],
              [
                -71.74306062376058,
                44.763972451021985
              ],
              [
                -71.74310647777077,
                44.764019241150386
              ],
              [
                -71.74312649597,
                44.76404421650427
              ],
              [
                -71.74314621712455,
                44.7640688218262
              ],
              [
                -71.74317948263108,
                44.76412074342428
              ],
              [
                -71.74321817913157,
                44.76418093690038
              ],
              [
                -71.74324840153584,
                44.76424352284157
              ],
              [
                -71.74325927574557,
                44.764276151533714
              ],
              [
                -71.74326985826606,
                44.7643079026877
              ],
              [
                -71.7432823512298,
                44.764373476696655
              ],
              [
                -71.74328407464947,
                44.764407111133806
              ],
              [
                -71.74328573723054,
                44.764439600492935
              ],
              [
                -71.74328000891624,
                44.76450567379437
              ],
              [
                -71.74328314095241,
                44.76451723398374
              ],
              [
                -71.74328678986618,
                44.764531484703504
              ],
              [
                -71.74328903015493,
                44.76454081622733
              ],
              [
                -71.74329134394299,
                44.764550420008305
              ],
              [
                -71.74329523789467,
                44.76456805868038
              ],
              [
                -71.74329743924625,
                44.7645789215782
              ],
              [
                -71.74330123001266,
                44.764593821166294
              ],
              [
                -71.74330750004633,
                44.764628387428814
              ],
              [
                -71.7433137394679,
                44.7646627834066
              ],
              [
                -71.74331636316703,
                44.764732344270534
              ],
              [
                -71.74330910770524,
                44.76480170558992
              ],
              [
                -71.74329201054408,
                44.76487022058201
              ],
              [
                -71.74328700124946,
                44.7648856674931
              ],
              [
                -71.74326204284716,
                44.76494880027405
              ],
              [
                -71.74322870651763,
                44.765009940043996
              ],
              [
                -71.7431873265625,
                44.76506853827148
              ],
              [
                -71.74316253378288,
                44.765096626369
              ],
              [
                -71.74313828715306,
                44.76512409714869
              ],
              [
                -71.74308202936896,
                44.7651760175554
              ],
              [
                -71.74301903272841,
                44.7652238527088
              ],
              [
                -71.74298447707609,
                44.76524552814966
              ],
              [
                -71.74294992139798,
                44.76526720357978
              ],
              [
                -71.74292320937151,
                44.76528245080846
              ],
              [
                -71.74284401879669,
                44.76532301169454
              ],
              [
                -71.74275947770572,
                44.765357641794175
              ],
              [
                -71.74267046098099,
                44.765385994136146
              ],
              [
                -71.74257784920387,
                44.76540776948391
              ],
              [
                -71.74248264039677,
                44.76542276837142
              ],
              [
                -71.74239935133683,
                44.765451169293044
              ],
              [
                -71.7423126349393,
                44.76547379074613
              ],
              [
                -71.74222329533305,
                44.765490384286565
              ],
              [
                -71.74213213094411,
                44.76550084811856
              ],
              [
                -71.74203998375738,
                44.76550503394297
              ],
              [
                -71.7419476685682,
                44.76550294086662
              ],
              [
                -71.74185609108979,
                44.765494570402346
              ],
              [
                -71.7418110530181,
                44.76548727016872
              ],
              [
                -71.74176602379956,
                44.76547996997608
              ],
              [
                -71.74167834073191,
                44.765459341573646
              ],
              [
                -71.74159384336565,
                44.76543283270744
              ],
              [
                -71.74151327625775,
                44.765400693102706
              ],
              [
                -71.7414821148513,
                44.765386791436924
              ],
              [
                -71.74140267135473,
                44.765347277326626
              ],
              [
                -71.74132919182188,
                44.765302233292196
              ],
              [
                -71.74126244849373,
                44.76525220531632
              ],
              [
                -71.74120310182313,
                44.76519759375559
              ],
              [
                -71.74118847872937,
                44.7651792069989
              ],
              [
                -71.74109015512857,
                44.765180203162885
              ],
              [
                -71.740992182516,
                44.76517407435653
              ],
              [
                -71.7408955866322,
                44.76516082019975
              ],
              [
                -71.7408014304145,
                44.76514058994668
              ],
              [
                -71.74071064285404,
                44.76511363275329
              ],
              [
                -71.74062422366804,
                44.76508019824842
              ],
              [
                -71.74054302475473,
                44.76504063406965
              ],
              [
                -71.740513408932,
                44.7650245889532
              ],
              [
                -71.74045228109281,
                44.764988563415706
              ],
              [
                -71.74039567071304,
                44.76494895028963
              ],
              [
                -71.74034399199878,
                44.76490604750454
              ],
              [
                -71.74029760163037,
                44.76486020480177
              ],
              [
                -71.74022657988753,
                44.764839775207975
              ],
              [
                -71.74015812800003,
                44.76481525911835
              ],
              [
                -71.74009267343762,
                44.76478690685482
              ],
              [
                -71.7400306614199,
                44.76475486716926
              ],
              [
                -71.74000014445599,
                44.76474129065096
              ],
              [
                -71.73996849724452,
                44.764727211656655
              ],
              [
                -71.73994073691117,
                44.76471090966898
              ],
              [
                -71.7399119825299,
                44.764694026021445
              ],
              [
                -71.73990550104428,
                44.76469153515071
              ],
              [
                -71.73987567444807,
                44.764678778504546
              ],
              [
                -71.7398115995358,
                44.76465620632985
              ],
              [
                -71.73975019149556,
                44.764630145857
              ],
              [
                -71.73969187092001,
                44.76460069707968
              ],
              [
                -71.73963519191321,
                44.764584004505814
              ],
              [
                -71.73960101325572,
                44.76457254346593
              ],
              [
                -71.73955599992347,
                44.76455515371189
              ],
              [
                -71.7395109878814,
                44.76453776394866
              ],
              [
                -71.7394632911538,
                44.76451444303648
              ],
              [
                -71.73943192057057,
                44.764517133598225
              ],
              [
                -71.73938717152934,
                44.76451763287799
              ],
              [
                -71.73933300934499,
                44.76452535504371
              ],
              [
                -71.73927812049983,
                44.76452954113012
              ],
              [
                -71.73927808385949,
                44.76452954178596
              ],
              [
                -71.73922292183406,
                44.76453028840272
              ],
              [
                -71.73921541322787,
                44.76453108608932
              ],
              [
                -71.73912976592078,
                44.764537613914676
              ],
              [
                -71.7390436366366,
                44.76453871025896
              ],
              [
                -71.73895770883028,
                44.76453427438715
              ],
              [
                -71.73887271951091,
                44.76452435980648
              ],
              [
                -71.7387892743866,
                44.76450911094089
              ],
              [
                -71.73870807508568,
                44.764488581965594
              ],
              [
                -71.73867209933164,
                44.76447816785161
              ],
              [
                -71.73861047997674,
                44.764458535151995
              ],
              [
                -71.7385511510256,
                44.76443561415251
              ],
              [
                -71.738494419393,
                44.76440950409258
              ],
              [
                -71.73841619220799,
                44.76438294469045
              ],
              [
                -71.73834191426947,
                44.7643511534499
              ],
              [
                -71.73827225239047,
                44.7643144299939
              ],
              [
                -71.73818221079638,
                44.764291258947964
              ],
              [
                -71.73809595733456,
                44.76426166081053
              ],
              [
                -71.73801433817475,
                44.76422603269314
              ],
              [
                -71.73793826078273,
                44.764184624534394
              ],
              [
                -71.73786850177252,
                44.764137934674096
              ],
              [
                -71.73780576009194,
                44.76408641143997
              ],
              [
                -71.73776744138763,
                44.76405785918711
              ],
              [
                -71.73775118549014,
                44.76404405688553
              ],
              [
                -71.73771557684118,
                44.764013062372975
              ],
              [
                -71.73769539190538,
                44.76399402790714
              ],
              [
                -71.73764420305554,
                44.76395097508002
              ],
              [
                -71.73759975241613,
                44.763904235322244
              ],
              [
                -71.73757360162483,
                44.76387483553679
              ],
              [
                -71.73754679217203,
                44.763842695647085
              ],
              [
                -71.73754307257873,
                44.76383796162889
              ],
              [
                -71.7375359567925,
                44.763833676484325
              ],
              [
                -71.73745190829585,
                44.76380063965751
              ],
              [
                -71.73737312126214,
                44.76376162296266
              ],
              [
                -71.73730045702358,
                44.76371692553091
              ],
              [
                -71.73725820930117,
                44.76368807509488
              ],
              [
                -71.7371930368069,
                44.76365279470601
              ],
              [
                -71.73713377764996,
                44.763612582724946
              ],
              [
                -71.73711784632602,
                44.763604659757384
              ],
              [
                -71.73704913958453,
                44.76356708792457
              ],
              [
                -71.73698545853694,
                44.76352523100099
              ],
              [
                -71.7369573955462,
                44.763503145295054
              ],
              [
                -71.73692733224726,
                44.76347948758688
              ],
              [
                -71.73690091657957,
                44.76345451249124
              ],
              [
                -71.73687520581444,
                44.763430205327204
              ],
              [
                -71.73686652874093,
                44.76342170986698
              ],
              [
                -71.7368578441036,
                44.763413213455664
              ],
              [
                -71.73680893579201,
                44.763394378342554
              ],
              [
                -71.73677314994194,
                44.76338343305569
              ],
              [
                -71.73674017713091,
                44.76337334976628
              ],
              [
                -71.73670735859173,
                44.7633605686936
              ],
              [
                -71.73667454006709,
                44.763347787611536
              ],
              [
                -71.7366126416098,
                44.76331783909251
              ],
              [
                -71.73660246486706,
                44.763313304853106
              ],
              [
                -71.73659366506446,
                44.76330981650397
              ],
              [
                -71.73651803616893,
                44.76327652930304
              ],
              [
                -71.73648278934292,
                44.76325756400591
              ],
              [
                -71.73644710104941,
                44.76323836087187
              ],
              [
                -71.736381438086,
                44.763195705643774
              ],
              [
                -71.73632164455643,
                44.76314886548929
              ],
              [
                -71.73626816615268,
                44.76309823845496
              ],
              [
                -71.73624858716062,
                44.76308024986886
              ],
              [
                -71.73620360022832,
                44.76304357407367
              ],
              [
                -71.73616404508525,
                44.76300381013278
              ],
              [
                -71.7361303320653,
                44.76296135495335
              ],
              [
                -71.73612654195631,
                44.762956521427476
              ],
              [
                -71.73609596960198,
                44.76291939756456
              ],
              [
                -71.73607011657693,
                44.762880529756586
              ],
              [
                -71.73604917602039,
                44.76284011817693
              ],
              [
                -71.73604215757133,
                44.762826165046235
              ],
              [
                -71.73602222654681,
                44.7627815171782
              ],
              [
                -71.73601449890091,
                44.76275840910104
              ],
              [
                -71.73600697906484,
                44.762735922445735
              ],
              [
                -71.73600180359267,
                44.76271314820666
              ],
              [
                -71.73599647055094,
                44.7626896790889
              ],
              [
                -71.73598000455107,
                44.76264338687557
              ],
              [
                -71.73597443321664,
                44.76262161067717
              ],
              [
                -71.73597245945001,
                44.76261314019615
              ],
              [
                -71.73597048569582,
                44.76260466881526
              ],
              [
                -71.7359596517996,
                44.76254008777981
              ],
              [
                -71.73595789745869,
                44.76247500954901
              ],
              [
                -71.73596529178081,
                44.76241013020969
              ],
              [
                -71.73598171439951,
                44.76234614637868
              ],
              [
                -71.73600723511476,
                44.76227852661382
              ],
              [
                -71.73604218506372,
                44.762213099088
              ],
              [
                -71.7360862581998,
                44.762150560969175
              ],
              [
                -71.73609402135719,
                44.76214039541348
              ],
              [
                -71.73609846947012,
                44.762135262430924
              ],
              [
                -71.7361503334059,
                44.76207885433624
              ],
              [
                -71.73620977582196,
                44.762026381779485
              ],
              [
                -71.736276193326,
                44.761978295164106
              ],
              [
                -71.73634894523684,
                44.7619351913283
              ],
              [
                -71.7364273089093,
                44.76189736959512
              ],
              [
                -71.73644078417513,
                44.761891389855045
              ],
              [
                -71.73645919897868,
                44.76188381521649
              ],
              [
                -71.73651955476957,
                44.761859297754135
              ],
              [
                -71.73658262241086,
                44.76183851948215
              ],
              [
                -71.73664798630641,
                44.76182167559651
              ],
              [
                -71.736733044794,
                44.7618028890308
              ],
              [
                -71.7368202104149,
                44.76178983355948
              ],
              [
                -71.73690870700581,
                44.761782557985605
              ],
              [
                -71.73699776783378,
                44.761781162471856
              ],
              [
                -71.737086615503,
                44.76178559772844
              ],
              [
                -71.73717448330504,
                44.76179596212318
              ],
              [
                -71.73718543035427,
                44.761797806252076
              ],
              [
                -71.7372484094264,
                44.761749370337405
              ],
              [
                -71.73731767768273,
                44.76170551909401
              ],
              [
                -71.73739255982579,
                44.76166660166253
              ],
              [
                -71.73747237422265,
                44.76163306523143
              ],
              [
                -71.73755638121561,
                44.761605159524514
              ],
              [
                -71.73764375586944,
                44.761583184092444
              ],
              [
                -71.73773372828748,
                44.7615672876719
              ],
              [
                -71.7378254097936,
                44.76155771899804
              ],
              [
                -71.73791797938071,
                44.76155447978729
              ],
              [
                -71.73801054721422,
                44.76155761899422
              ],
              [
                -71.73803704996057,
                44.76155941295023
              ],
              [
                -71.7380774956318,
                44.761563545179904
              ],
              [
                -71.7381272845276,
                44.76156863242995
              ],
              [
                -71.73816663062482,
                44.76157550829243
              ],
              [
                -71.73825297880862,
                44.76157770141014
              ],
              [
                -71.73831473747158,
                44.76158293411164
              ],
              [
                -71.73833151120319,
                44.761584777397
              ],
              [
                -71.738367908487,
                44.76158921278685
              ],
              [
                -71.73840405205961,
                44.76159469305901
              ],
              [
                -71.73842559699227,
                44.76159823116773
              ],
              [
                -71.73848567164556,
                44.76160964297149
              ],
              [
                -71.73853760612586,
                44.761622748976734
              ],
              [
                -71.73855344105985,
                44.761625386882514
              ],
              [
                -71.73861786702652,
                44.761612285505855
              ],
              [
                -71.73864446572566,
                44.761607450383565
              ],
              [
                -71.73867144070528,
                44.76160281664191
              ],
              [
                -71.73869358978304,
                44.761600075612826
              ],
              [
                -71.73871298750792,
                44.76159389661138
              ],
              [
                -71.73877180002657,
                44.76155647297552
              ],
              [
                -71.73883622465816,
                44.761524032575316
              ],
              [
                -71.73889585261365,
                44.76148327027468
              ],
              [
                -71.73892822727151,
                44.761464781573274
              ],
              [
                -71.73896033212394,
                44.76144644584779
              ],
              [
                -71.73902915280271,
                44.761413855552874
              ],
              [
                -71.73910176378182,
                44.76138580077866
              ],
              [
                -71.7391776124163,
                44.76136242991957
              ],
              [
                -71.73925607089882,
                44.76134394036516
              ],
              [
                -71.7393156574419,
                44.7613127462251
              ],
              [
                -71.73937858258313,
                44.76128509020687
              ],
              [
                -71.7394445102577,
                44.76126117164491
              ],
              [
                -71.73951291055373,
                44.76124113908872
              ],
              [
                -71.73958063454299,
                44.76121373089154
              ],
              [
                -71.7396513760388,
                44.76119045979595
              ],
              [
                -71.73972460195786,
                44.76117152382543
              ],
              [
                -71.73979980955448,
                44.76115702311739
              ],
              [
                -71.73985220818896,
                44.76114840258339
              ],
              [
                -71.73994217928075,
                44.76113694092907
              ],
              [
                -71.74003330075959,
                44.761131857265084
              ],
              [
                -71.74012467644842,
                44.76113320321939
              ],
              [
                -71.74013302746089,
                44.76113150937591
              ],
              [
                -71.74018601468161,
                44.76110823680199
              ],
              [
                -71.74024180816507,
                44.76108845469458
              ],
              [
                -71.74029987356472,
                44.76107245736263
              ],
              [
                -71.74034349997245,
                44.7610607473775
              ],
              [
                -71.7404368404935,
                44.76103956900739
              ],
              [
                -71.74053273387614,
                44.761025217996114
              ],
              [
                -71.74063018982905,
                44.761017892030175
              ],
              [
                -71.74063977755492,
                44.76101724485988
              ],
              [
                -71.74073246866536,
                44.761012460843205
              ],
              [
                -71.7408253881562,
                44.761014155763796
              ]
            ],
            [
              [
                -71.71675703981167,
                44.741955877895315
              ],
              [
                -71.7166463210963,
                44.74196430201224
              ],
              [
                -71.71656287493602,
                44.74196804103389
              ],
              [
                -71.71652109027485,
                44.74196731792341
              ],
              [
                -71.71647930686532,
                44.74196659570612
              ],
              [
                -71.71639621348703,
                44.74196001511755
              ],
              [
                -71.71631426780077,
                44.74194830118786
              ],
              [
                -71.71621940985686,
                44.74192791258884
              ],
              [
                -71.71618670754097,
                44.741918598203966
              ],
              [
                -71.71615675611635,
                44.74191006671026
              ],
              [
                -71.71610306710025,
                44.74189326862878
              ],
              [
                -71.7160628437142,
                44.741879050295054
              ],
              [
                -71.71602409693924,
                44.74186535322986
              ],
              [
                -71.71594904731245,
                44.74183240272784
              ],
              [
                -71.71587851519268,
                44.74179471819785
              ],
              [
                -71.71585553922581,
                44.7417812085504
              ],
              [
                -71.71580356275219,
                44.74175683318868
              ],
              [
                -71.71574732075715,
                44.74172836903966
              ],
              [
                -71.7157365389141,
                44.741722387121435
              ],
              [
                -71.71570650186415,
                44.74170553890013
              ],
              [
                -71.71568056172521,
                44.74169292676335
              ],
              [
                -71.71563751435743,
                44.74167074452406
              ],
              [
                -71.71556859698096,
                44.741629369583165
              ],
              [
                -71.7155408315796,
                44.7416110259813
              ],
              [
                -71.71548221023512,
                44.74157813672281
              ],
              [
                -71.71542568171994,
                44.741546421789465
              ],
              [
                -71.71539315009994,
                44.74152637968287
              ],
              [
                -71.71535941385457,
                44.74150559586781
              ],
              [
                -71.71532005187255,
                44.74147897620061
              ],
              [
                -71.71525975652094,
                44.741434511546515
              ],
              [
                -71.71520557708422,
                44.74138625709391
              ],
              [
                -71.71515796841075,
                44.74133456424051
              ],
              [
                -71.71511730693723,
                44.741279980024224
              ],
              [
                -71.71509396378485,
                44.74125350906722
              ],
              [
                -71.71502055389325,
                44.741165077480765
              ],
              [
                -71.7150066847083,
                44.74114782995885
              ],
              [
                -71.71497198874238,
                44.741098529540984
              ],
              [
                -71.7149649710213,
                44.74108751235841
              ],
              [
                -71.71493872247557,
                44.74105032512582
              ],
              [
                -71.71491286949937,
                44.741010594775084
              ],
              [
                -71.71488861438961,
                44.74096438438835
              ],
              [
                -71.71482675808522,
                44.7409459403231
              ],
              [
                -71.71478783467865,
                44.740931833964964
              ],
              [
                -71.71473421653054,
                44.740911295719194
              ],
              [
                -71.71468169283102,
                44.740889660790835
              ],
              [
                -71.7146316110369,
                44.740865234927675
              ],
              [
                -71.71458419573952,
                44.74083821675676
              ],
              [
                -71.71455757910587,
                44.740822086481245
              ],
              [
                -71.71452982282135,
                44.740805266233025
              ],
              [
                -71.71450711140147,
                44.74079036147897
              ],
              [
                -71.71448524085739,
                44.74077480827324
              ],
              [
                -71.71447822256324,
                44.74076962424071
              ],
              [
                -71.71447402042058,
                44.74076645826761
              ],
              [
                -71.71446981826618,
                44.74076329319418
              ],
              [
                -71.71444168937828,
                44.74074033210906
              ],
              [
                -71.7144144284517,
                44.740718079813426
              ],
              [
                -71.71436474052051,
                44.74066962547722
              ],
              [
                -71.71432108683187,
                44.74061828164258
              ],
              [
                -71.71428122455755,
                44.74056165173662
              ],
              [
                -71.7142650912558,
                44.74053214083732
              ],
              [
                -71.71424895923279,
                44.74050262994438
              ],
              [
                -71.71422453536397,
                44.74044171380226
              ],
              [
                -71.71420818414623,
                44.740379451148485
              ],
              [
                -71.71420004330903,
                44.740316391876235
              ],
              [
                -71.71420018312337,
                44.74025303231852
              ],
              [
                -71.71420438549266,
                44.74022150246131
              ],
              [
                -71.71420858785717,
                44.74018997260374
              ],
              [
                -71.714225229873,
                44.740127759682274
              ],
              [
                -71.71424989784164,
                44.740066892443764
              ],
              [
                -71.71428246182961,
                44.74000791983116
              ],
              [
                -71.71430920025679,
                44.73996514861816
              ],
              [
                -71.71431846486779,
                44.73995213763499
              ],
              [
                -71.71432190401897,
                44.73993733265813
              ],
              [
                -71.71433091267427,
                44.73991385311583
              ],
              [
                -71.71433049207175,
                44.73988887875336
              ],
              [
                -71.71433112313507,
                44.739869785307086
              ],
              [
                -71.71433467582047,
                44.73980193979878
              ],
              [
                -71.71434010605111,
                44.73975059346976
              ],
              [
                -71.71434611596275,
                44.73971918762799
              ],
              [
                -71.71434948457231,
                44.73970418238548
              ],
              [
                -71.71435035296153,
                44.73963698433792
              ],
              [
                -71.71433260565897,
                44.739602762134915
              ],
              [
                -71.71431485837711,
                44.73956853992908
              ],
              [
                -71.71431039303093,
                44.739557872328305
              ],
              [
                -71.71429534846486,
                44.739521082385835
              ],
              [
                -71.71427583791146,
                44.739464352210774
              ],
              [
                -71.71426316214004,
                44.73940667466199
              ],
              [
                -71.71425740788183,
                44.73934844989637
              ],
              [
                -71.71425562688354,
                44.73930263786369
              ],
              [
                -71.71425530156765,
                44.73927706301717
              ],
              [
                -71.71425546755411,
                44.73926993510959
              ],
              [
                -71.71425764339907,
                44.7391920686772
              ],
              [
                -71.71426065144225,
                44.73915987006428
              ],
              [
                -71.71426355638516,
                44.73912875782734
              ],
              [
                -71.71427071492687,
                44.739097188907074
              ],
              [
                -71.71427813677624,
                44.73906445012105
              ],
              [
                -71.71428709352993,
                44.739034166037506
              ],
              [
                -71.7142960502863,
                44.73900388105316
              ],
              [
                -71.71429661241257,
                44.73900106461731
              ],
              [
                -71.71429715551123,
                44.738998347940054
              ],
              [
                -71.71430336525404,
                44.738973997829156
              ],
              [
                -71.71430980563721,
                44.73894874579963
              ],
              [
                -71.71432751875052,
                44.738899892114375
              ],
              [
                -71.71435025603603,
                44.73885213487824
              ],
              [
                -71.71435657190942,
                44.738840269880846
              ],
              [
                -71.714365204604,
                44.738819831224845
              ],
              [
                -71.71437365357515,
                44.73880083835203
              ],
              [
                -71.71440892755632,
                44.738726011802406
              ],
              [
                -71.71444020163713,
                44.738668334220655
              ],
              [
                -71.7144592560385,
                44.738640882289566
              ],
              [
                -71.71447864394692,
                44.738612949399965
              ],
              [
                -71.71450128553576,
                44.738586602922034
              ],
              [
                -71.7145239283664,
                44.73856025644801
              ],
              [
                -71.71457567828149,
                44.73851065412429
              ],
              [
                -71.71461722475097,
                44.738474412694316
              ],
              [
                -71.71464597163678,
                44.738450434429595
              ],
              [
                -71.71465154351932,
                44.738446047012104
              ],
              [
                -71.71469582765897,
                44.73841145050883
              ],
              [
                -71.71473442604395,
                44.7383829351489
              ],
              [
                -71.71476565756791,
                44.73836119940447
              ],
              [
                -71.7148369606442,
                44.7383161841362
              ],
              [
                -71.71491413259388,
                44.73827645291822
              ],
              [
                -71.71499648246095,
                44.73824240324695
              ],
              [
                -71.71508315586043,
                44.738214287511845
              ],
              [
                -71.71517333812707,
                44.73819250236227
              ],
              [
                -71.71526607214724,
                44.73817714830194
              ],
              [
                -71.71536051117488,
                44.7381684741802
              ],
              [
                -71.71545567547886,
                44.73816647956165
              ],
              [
                -71.71555067232704,
                44.73817126630091
              ],
              [
                -71.71564453222561,
                44.73818273054994
              ],
              [
                -71.71571464221232,
                44.73818088670116
              ],
              [
                -71.7157846829667,
                44.7381839774154
              ],
              [
                -71.71585395190556,
                44.73819195377325
              ],
              [
                -71.71591557100133,
                44.73819973088236
              ],
              [
                -71.71592893144991,
                44.738201526132926
              ],
              [
                -71.71594055534759,
                44.738203170874044
              ],
              [
                -71.71600673577123,
                44.73820032886908
              ],
              [
                -71.71607305656376,
                44.73820092722795
              ],
              [
                -71.71613909664066,
                44.73820501435471
              ],
              [
                -71.71628048383664,
                44.73821707966264
              ],
              [
                -71.71635220979189,
                44.73822515627093
              ],
              [
                -71.71642276883695,
                44.73823736799225
              ],
              [
                -71.7164917298655,
                44.738253570585826
              ],
              [
                -71.7165573743446,
                44.73826049935769
              ],
              [
                -71.71662187081103,
                44.738271566981126
              ],
              [
                -71.71668475281841,
                44.73828672166377
              ],
              [
                -71.7167027189827,
                44.7382858244009
              ],
              [
                -71.71678922487266,
                44.73828801683695
              ],
              [
                -71.71680658746887,
                44.73828263388928
              ],
              [
                -71.71684282703693,
                44.73827201515676
              ],
              [
                -71.71690182338128,
                44.738256262817984
              ],
              [
                -71.71694659914459,
                44.73824733861438
              ],
              [
                -71.71702470922051,
                44.73822545392725
              ],
              [
                -71.71710527756701,
                44.738208803690824
              ],
              [
                -71.71718766962893,
                44.73819753743413
              ],
              [
                -71.71725637625129,
                44.73817814476174
              ],
              [
                -71.71734017323985,
                44.73814658885693
              ],
              [
                -71.71742794351947,
                44.738121115581635
              ],
              [
                -71.7175188529242,
                44.73810207107432
              ],
              [
                -71.7176119834473,
                44.73808955882675
              ],
              [
                -71.7177064026035,
                44.738083726329776
              ],
              [
                -71.7177546449482,
                44.73808418277264
              ],
              [
                -71.71780116409465,
                44.738084621992954
              ],
              [
                -71.7178830206549,
                44.73807006691145
              ],
              [
                -71.71796637097587,
                44.73806074505167
              ],
              [
                -71.71805056981302,
                44.73805675638131
              ],
              [
                -71.71813490061706,
                44.73805815178693
              ],
              [
                -71.7182187668694,
                44.73806488218938
              ],
              [
                -71.7183014135872,
                44.73807694602152
              ],
              [
                -71.71833421478644,
                44.73808262846502
              ],
              [
                -71.71838815708153,
                44.73808163251076
              ],
              [
                -71.71847363775535,
                44.738081932251994
              ],
              [
                -71.71855872330686,
                44.73808766375469
              ],
              [
                -71.71864277364854,
                44.73809873174984
              ],
              [
                -71.7187250956819,
                44.73811513329788
              ],
              [
                -71.71880505830862,
                44.738136667906105
              ],
              [
                -71.71888200320033,
                44.73816318799156
              ],
              [
                -71.71897506158871,
                44.738175902088706
              ],
              [
                -71.71906580477089,
                44.73819534416959
              ],
              [
                -71.71911138389302,
                44.738208878151596
              ],
              [
                -71.7191532695511,
                44.73822131687397
              ],
              [
                -71.71923652945821,
                44.73825352050599
              ],
              [
                -71.71926242642799,
                44.73826468719895
              ],
              [
                -71.71930977266025,
                44.73827301283096
              ],
              [
                -71.71932584453312,
                44.73827655223821
              ],
              [
                -71.71934194134921,
                44.738278894939455
              ],
              [
                -71.7194178774534,
                44.73829155732271
              ],
              [
                -71.71953322872422,
                44.73831438979028
              ],
              [
                -71.71955456366307,
                44.73831882634318
              ],
              [
                -71.71959929451194,
                44.73832316359886
              ],
              [
                -71.71964402663016,
                44.738327500845735
              ],
              [
                -71.71973193766694,
                44.73834210675036
              ],
              [
                -71.71981755705211,
                44.738362446427416
              ],
              [
                -71.71990016017848,
                44.73838841864233
              ],
              [
                -71.71997897390828,
                44.73841977514643
              ],
              [
                -71.72006333148961,
                44.738457163727745
              ],
              [
                -71.72012937117026,
                44.738489218504164
              ],
              [
                -71.72019141119877,
                44.73852511102496
              ],
              [
                -71.72024907807682,
                44.738564542677445
              ],
              [
                -71.72026187260023,
                44.738567784204406
              ],
              [
                -71.72031593801532,
                44.73858358761424
              ],
              [
                -71.72038618871699,
                44.73860671873232
              ],
              [
                -71.72040918266204,
                44.73861511793543
              ],
              [
                -71.72043217532716,
                44.73862351892491
              ],
              [
                -71.72050097818413,
                44.73865123500577
              ],
              [
                -71.72056636082041,
                44.738682890885144
              ],
              [
                -71.72062786577294,
                44.73871823507296
              ],
              [
                -71.72068510682345,
                44.73875706966039
              ],
              [
                -71.72073767261615,
                44.73879909397817
              ],
              [
                -71.72077587747455,
                44.73883229390185
              ],
              [
                -71.7207919488187,
                44.738846701255866
              ],
              [
                -71.72081089701913,
                44.7388660435193
              ],
              [
                -71.72082629409209,
                44.7388764128921
              ],
              [
                -71.72085331352596,
                44.73889739944943
              ],
              [
                -71.72089665896814,
                44.73893254490309
              ],
              [
                -71.72095621635079,
                44.738985835036736
              ],
              [
                -71.72098257402483,
                44.73901502058583
              ],
              [
                -71.72100799118829,
                44.739043163922226
              ],
              [
                -71.72105143478532,
                44.739103832200676
              ],
              [
                -71.72108614724439,
                44.739167342205995
              ],
              [
                -71.72111176291898,
                44.73923299582547
              ],
              [
                -71.7211369587401,
                44.7392888286083
              ],
              [
                -71.72115531902483,
                44.73934605641565
              ],
              [
                -71.7211667147248,
                44.7394041330281
              ],
              [
                -71.72117141673955,
                44.73943892843557
              ],
              [
                -71.72117504059217,
                44.73947606704237
              ],
              [
                -71.72117482998924,
                44.73951968671374
              ],
              [
                -71.72120774354137,
                44.73957332504759
              ],
              [
                -71.72123408888797,
                44.73962875888775
              ],
              [
                -71.7212537129521,
                44.73968553904198
              ],
              [
                -71.72126644171195,
                44.739743365558624
              ],
              [
                -71.72127217072632,
                44.739801740080146
              ],
              [
                -71.72127153049342,
                44.73983099883207
              ],
              [
                -71.72127089017509,
                44.73986026388259
              ],
              [
                -71.72127142526575,
                44.73986809040726
              ],
              [
                -71.721271214496,
                44.73988209869419
              ],
              [
                -71.72128356606565,
                44.73992626567375
              ],
              [
                -71.72129048753727,
                44.73996983498439
              ],
              [
                -71.72129739238288,
                44.74003035209512
              ],
              [
                -71.72129968144355,
                44.74005707238954
              ],
              [
                -71.72129912006119,
                44.74012297401651
              ],
              [
                -71.72129584716909,
                44.74016559550547
              ],
              [
                -71.72128525016024,
                44.74023508681525
              ],
              [
                -71.72126475811429,
                44.74030342986356
              ],
              [
                -71.72123457981355,
                44.7403699304423
              ],
              [
                -71.72121492921177,
                44.74040671864576
              ],
              [
                -71.72120201593523,
                44.74042949987288
              ],
              [
                -71.72118882102038,
                44.74045153315643
              ],
              [
                -71.72114601087438,
                44.740514194960475
              ],
              [
                -71.72109447147383,
                44.74057341626717
              ],
              [
                -71.7210347752344,
                44.740628598932645
              ],
              [
                -71.72096749766645,
                44.74067919702825
              ],
              [
                -71.72089336022853,
                44.7407246098264
              ],
              [
                -71.72081314286791,
                44.74076448897279
              ],
              [
                -71.7207276635617,
                44.740798287494584
              ],
              [
                -71.72068923138752,
                44.740818476481806
              ],
              [
                -71.72062779601735,
                44.740857857330326
              ],
              [
                -71.72056711593616,
                44.74090257163817
              ],
              [
                -71.72053330869589,
                44.74092323219152
              ],
              [
                -71.72050088273086,
                44.74094304995285
              ],
              [
                -71.72042967555448,
                44.740979040645186
              ],
              [
                -71.72035411592537,
                44.74101014659142
              ],
              [
                -71.72031633223295,
                44.74102415393236
              ],
              [
                -71.72029286663278,
                44.74103292708095
              ],
              [
                -71.72022657179629,
                44.74106453265123
              ],
              [
                -71.72015662674126,
                44.741091898101686
              ],
              [
                -71.72008358593644,
                44.741114730243645
              ],
              [
                -71.72000798363817,
                44.741132924731595
              ],
              [
                -71.71993046079557,
                44.74114623666491
              ],
              [
                -71.71988686990964,
                44.741174050134596
              ],
              [
                -71.71984019958307,
                44.74119912483742
              ],
              [
                -71.71979072141798,
                44.74122135733635
              ],
              [
                -71.71974042970771,
                44.74126492550206
              ],
              [
                -71.71968502986877,
                44.74130525328094
              ],
              [
                -71.71962495523151,
                44.741342041258804
              ],
              [
                -71.71959280349063,
                44.741358516587745
              ],
              [
                -71.71956065173156,
                44.741374991907456
              ],
              [
                -71.71953272789938,
                44.74139555468376
              ],
              [
                -71.71950480532209,
                44.74141611656183
              ],
              [
                -71.71944409923138,
                44.74145355345918
              ],
              [
                -71.71937904064411,
                44.741487051385576
              ],
              [
                -71.7193100798739,
                44.741516363238446
              ],
              [
                -71.7192747081128,
                44.74153012124961
              ],
              [
                -71.7192626114823,
                44.741536900326764
              ],
              [
                -71.71919498347711,
                44.74157159545355
              ],
              [
                -71.71917002591275,
                44.74158320996852
              ],
              [
                -71.7190880524877,
                44.74161735609428
              ],
              [
                -71.71907862296304,
                44.741620447581056
              ],
              [
                -71.71900430152779,
                44.74165100405615
              ],
              [
                -71.71892640114076,
                44.74167662612353
              ],
              [
                -71.7188455255293,
                44.741697114526914
              ],
              [
                -71.71876238896903,
                44.74171221857341
              ],
              [
                -71.71867768029831,
                44.74172188897658
              ],
              [
                -71.71857795251586,
                44.74173818963806
              ],
              [
                -71.71856110911247,
                44.74173983459982
              ],
              [
                -71.71849939308699,
                44.741757879230605
              ],
              [
                -71.71843517916857,
                44.741770791673574
              ],
              [
                -71.71841569434625,
                44.74177702155019
              ],
              [
                -71.71840095629855,
                44.741781159235245
              ],
              [
                -71.71831070357817,
                44.741802693564274
              ],
              [
                -71.71821137109501,
                44.74181859525353
              ],
              [
                -71.71817128067539,
                44.74182333146946
              ],
              [
                -71.71811419689428,
                44.74183474560842
              ],
              [
                -71.71805601782629,
                44.74184292066084
              ],
              [
                -71.71799716200523,
                44.74184790718599
              ],
              [
                -71.7179031639355,
                44.74186485392808
              ],
              [
                -71.71780718161062,
                44.741874724548595
              ],
              [
                -71.71771030731874,
                44.74187751572598
              ],
              [
                -71.71761352671133,
                44.741873079426995
              ],
              [
                -71.71751194960063,
                44.74188200166575
              ],
              [
                -71.71743632065221,
                44.74188285039899
              ],
              [
                -71.7173827285549,
                44.74189506201703
              ],
              [
                -71.71732789169494,
                44.74190388593615
              ],
              [
                -71.71727216745687,
                44.74190931920465
              ],
              [
                -71.71718788011749,
                44.741928710362615
              ],
              [
                -71.71710134686195,
                44.74194226907649
              ],
              [
                -71.71701341066516,
                44.741949846337185
              ],
              [
                -71.71692484188273,
                44.74195134123509
              ],
              [
                -71.7168365116676,
                44.741946856032634
              ],
              [
                -71.71681833244742,
                44.74194979553867
              ],
              [
                -71.71675703981167,
                44.741955877895315
              ]
            ],
            [
              [
                -71.74586547253489,
                44.707194138998496
              ],
              [
                -71.74585663045345,
                44.70719743097582
              ],
              [
                -71.74582631150217,
                44.70720735654998
              ],
              [
                -71.74577877286286,
                44.7072272581891
              ],
              [
                -71.7457100924686,
                44.70724965331003
              ],
              [
                -71.74565043863066,
                44.707279131813664
              ],
              [
                -71.74558654698463,
                44.70730367328063
              ],
              [
                -71.74551376993072,
                44.70734736549568
              ],
              [
                -71.74547438936193,
                44.70736639399642
              ],
              [
                -71.74543501001757,
                44.70738542339156
              ],
              [
                -71.74535111671699,
                44.707417444009955
              ],
              [
                -71.74526301386165,
                44.70744303208512
              ],
              [
                -71.74522939650458,
                44.70746068842911
              ],
              [
                -71.74519542922947,
                44.70747565261857
              ],
              [
                -71.74513425790822,
                44.70751291044519
              ],
              [
                -71.74506821767595,
                44.70754563110228
              ],
              [
                -71.74499792322418,
                44.707573513575625
              ],
              [
                -71.7449622104797,
                44.707596056899106
              ],
              [
                -71.74491515373701,
                44.707621844076705
              ],
              [
                -71.74484097193863,
                44.70765995162844
              ],
              [
                -71.74480826787885,
                44.707676061541676
              ],
              [
                -71.74475935118106,
                44.707697559081836
              ],
              [
                -71.74469326769753,
                44.70772474298705
              ],
              [
                -71.74465681818376,
                44.70773900756674
              ],
              [
                -71.74461341888299,
                44.70775417107178
              ],
              [
                -71.74455512491694,
                44.707773223535966
              ],
              [
                -71.74448274323773,
                44.7077943722543
              ],
              [
                -71.74440820894081,
                44.70781123121088
              ],
              [
                -71.74433197698706,
                44.707823750317296
              ],
              [
                -71.74427370016674,
                44.70783158087043
              ],
              [
                -71.74425984858358,
                44.7078333763196
              ],
              [
                -71.74418039505593,
                44.70784015957583
              ],
              [
                -71.74410779327609,
                44.707886346601626
              ],
              [
                -71.74402897902323,
                44.7079269976054
              ],
              [
                -71.7439447613717,
                44.70796171207118
              ],
              [
                -71.74385605281093,
                44.70799019185918
              ],
              [
                -71.74376373811563,
                44.708012038758184
              ],
              [
                -71.74366878466009,
                44.70802710168192
              ],
              [
                -71.74360094637268,
                44.708035281626856
              ],
              [
                -71.74351672908068,
                44.708042713201124
              ],
              [
                -71.74343195032115,
                44.70804480812581
              ],
              [
                -71.74334721585195,
                44.70804156591363
              ],
              [
                -71.74326320840213,
                44.708032986589046
              ],
              [
                -71.74318060560121,
                44.708019170934655
              ],
              [
                -71.74314104662982,
                44.70800986647305
              ],
              [
                -71.7431000220091,
                44.708000217517224
              ],
              [
                -71.74303036640704,
                44.707981391372
              ],
              [
                -71.74295644792102,
                44.707961412937976
              ],
              [
                -71.74282053413324,
                44.707925400993595
              ],
              [
                -71.74273933465659,
                44.70790076120481
              ],
              [
                -71.74266171552347,
                44.70787078523613
              ],
              [
                -71.74258848936219,
                44.70783567196498
              ],
              [
                -71.74255982722161,
                44.707829474968136
              ],
              [
                -71.74253218686822,
                44.707823500719755
              ],
              [
                -71.74246453293028,
                44.7078059437799
              ],
              [
                -71.7424217868308,
                44.70779313797481
              ],
              [
                -71.74237745691566,
                44.70777985729295
              ],
              [
                -71.74237074500972,
                44.70777751349513
              ],
              [
                -71.74228973033745,
                44.707749282170354
              ],
              [
                -71.74220946975933,
                44.707717809815556
              ],
              [
                -71.7421762474008,
                44.70770259685907
              ],
              [
                -71.74203001756929,
                44.707632617697186
              ],
              [
                -71.74198119805796,
                44.70760762892781
              ],
              [
                -71.7417942096706,
                44.70750537901126
              ],
              [
                -71.74177154189651,
                44.70749260997267
              ],
              [
                -71.74163784585255,
                44.70741485010533
              ],
              [
                -71.74157798237479,
                44.7073836765338
              ],
              [
                -71.74156067324533,
                44.70737444909041
              ],
              [
                -71.7415015552805,
                44.707339535003015
              ],
              [
                -71.74144660372795,
                44.70730127839484
              ],
              [
                -71.74139625761624,
                44.70725997825861
              ],
              [
                -71.74135080641472,
                44.707215886698386
              ],
              [
                -71.74129346862019,
                44.70718112111438
              ],
              [
                -71.74126694075888,
                44.7071625660043
              ],
              [
                -71.74121706789802,
                44.70712630483051
              ],
              [
                -71.74115285288896,
                44.70707473085174
              ],
              [
                -71.74112454280636,
                44.70704674900371
              ],
              [
                -71.74109623401273,
                44.70701876715714
              ],
              [
                -71.74104776498858,
                44.70695901227847
              ],
              [
                -71.74102383352017,
                44.706925743733166
              ],
              [
                -71.74099302515624,
                44.70689436968471
              ],
              [
                -71.74094252109195,
                44.70683710928518
              ],
              [
                -71.74090024553723,
                44.706776506395904
              ],
              [
                -71.74086662912164,
                44.70671321092401
              ],
              [
                -71.74084199525169,
                44.70664786936276
              ],
              [
                -71.7408265915747,
                44.706581131299636
              ],
              [
                -71.74082054651153,
                44.706513596032494
              ],
              [
                -71.74082395946338,
                44.70644595895436
              ],
              [
                -71.74082143153319,
                44.706434786859724
              ],
              [
                -71.74081691408357,
                44.70640899959243
              ],
              [
                -71.7408059660423,
                44.706363709012244
              ],
              [
                -71.74079623682151,
                44.70631138563378
              ],
              [
                -71.74079286849657,
                44.70627627123293
              ],
              [
                -71.7407818059312,
                44.70608992251893
              ],
              [
                -71.7407822003216,
                44.70602557794027
              ],
              [
                -71.74079108709127,
                44.705961532793644
              ],
              [
                -71.74079971091273,
                44.70592995916892
              ],
              [
                -71.74080833472459,
                44.70589838554328
              ],
              [
                -71.74085266326429,
                44.70576874843724
              ],
              [
                -71.74087357632301,
                44.70571662424711
              ],
              [
                -71.74089287635643,
                44.70567871601693
              ],
              [
                -71.7409126410374,
                44.705643102044014
              ],
              [
                -71.74093011649279,
                44.70561387211578
              ],
              [
                -71.74095421517526,
                44.705555413014835
              ],
              [
                -71.7409855852579,
                44.705498749862095
              ],
              [
                -71.74102393062493,
                44.70544433153887
              ],
              [
                -71.74106896023505,
                44.705392605159446
              ],
              [
                -71.74112030605616,
                44.705343922835205
              ],
              [
                -71.74114793455793,
                44.7053221144085
              ],
              [
                -71.74117755717627,
                44.705298731782705
              ],
              [
                -71.74124027116393,
                44.70525738091866
              ],
              [
                -71.74128851201459,
                44.70521752760936
              ],
              [
                -71.74134266551933,
                44.705181763155714
              ],
              [
                -71.74137778170184,
                44.7051598658276
              ],
              [
                -71.74138995274514,
                44.705152886877485
              ],
              [
                -71.74140257385724,
                44.705145649941564
              ],
              [
                -71.74145397229819,
                44.705101306283915
              ],
              [
                -71.74151060918966,
                44.70506030546627
              ],
              [
                -71.74157201689444,
                44.70502299444049
              ],
              [
                -71.74163773154872,
                44.70498962479341
              ],
              [
                -71.74168366658846,
                44.704968223070495
              ],
              [
                -71.74173130157752,
                44.70494602899591
              ],
              [
                -71.74176964582624,
                44.70492911958664
              ],
              [
                -71.7418035873296,
                44.704915502504825
              ],
              [
                -71.7418337644267,
                44.704904031006485
              ],
              [
                -71.74189376946617,
                44.70487544862742
              ],
              [
                -71.74195702913093,
                44.70485070794085
              ],
              [
                -71.74202306954878,
                44.70482995788116
              ],
              [
                -71.74209907550535,
                44.70479968087147
              ],
              [
                -71.74217868698146,
                44.70477459142409
              ],
              [
                -71.74226119289317,
                44.70475483779827
              ],
              [
                -71.7423459281288,
                44.70474062345464
              ],
              [
                -71.74240419521081,
                44.70473274072141
              ],
              [
                -71.74246899842034,
                44.704725558249024
              ],
              [
                -71.74248250837151,
                44.70472436189029
              ],
              [
                -71.74248785054802,
                44.704679219107604
              ],
              [
                -71.74249931699991,
                44.704615172025854
              ],
              [
                -71.74251917751364,
                44.70455217322006
              ],
              [
                -71.74254732019176,
                44.70449076998935
              ],
              [
                -71.74258343687663,
                44.70443156142431
              ],
              [
                -71.7426272301951,
                44.704374997300434
              ],
              [
                -71.74265276695935,
                44.70434833581352
              ],
              [
                -71.74267830495009,
                44.704321675228826
              ],
              [
                -71.74273620419427,
                44.70427199353001
              ],
              [
                -71.74273428248695,
                44.70424740242396
              ],
              [
                -71.74273074615748,
                44.704236029300006
              ],
              [
                -71.74272663355504,
                44.70422201291631
              ],
              [
                -71.74272106229597,
                44.70419492735459
              ],
              [
                -71.7427168769493,
                44.70418629735411
              ],
              [
                -71.74270616592523,
                44.704163103120294
              ],
              [
                -71.74268305021175,
                44.70409805816597
              ],
              [
                -71.74265340735506,
                44.70405476216148
              ],
              [
                -71.7426257567011,
                44.70400094050527
              ],
              [
                -71.74262256387449,
                44.70399593562474
              ],
              [
                -71.74261942296194,
                44.70399101388017
              ],
              [
                -71.74260395629484,
                44.70396093527593
              ],
              [
                -71.7425892180057,
                44.70394302829471
              ],
              [
                -71.7425506448176,
                44.70389115177879
              ],
              [
                -71.74251847576288,
                44.70383713004358
              ],
              [
                -71.74249293021677,
                44.70378136320998
              ],
              [
                -71.74247419164222,
                44.70372419896505
              ],
              [
                -71.74244057546625,
                44.703676462483905
              ],
              [
                -71.74241769551156,
                44.70364039796469
              ],
              [
                -71.74240916085432,
                44.703626531315884
              ],
              [
                -71.7423923169112,
                44.70359370961534
              ],
              [
                -71.74235757721235,
                44.703553954164406
              ],
              [
                -71.74234344391466,
                44.703534275639626
              ],
              [
                -71.74232931188823,
                44.70351459712148
              ],
              [
                -71.74230084518145,
                44.703471624692995
              ],
              [
                -71.74227237852821,
                44.703428651357534
              ],
              [
                -71.74224175286089,
                44.70337707403943
              ],
              [
                -71.74221716261354,
                44.70332385032731
              ],
              [
                -71.74219873126653,
                44.7032693797049
              ],
              [
                -71.7421865911422,
                44.703214060813885
              ],
              [
                -71.742179458615,
                44.70316981525794
              ],
              [
                -71.74217739608196,
                44.703155748561976
              ],
              [
                -71.74217329930553,
                44.70310252493997
              ],
              [
                -71.7421708436601,
                44.70299198697838
              ],
              [
                -71.74217080010779,
                44.70298333224545
              ],
              [
                -71.74217075655545,
                44.702974677512515
              ],
              [
                -71.74217395842145,
                44.70293826406333
              ],
              [
                -71.74217716029486,
                44.70290184971396
              ],
              [
                -71.74218588947456,
                44.70284982258957
              ],
              [
                -71.74219868719022,
                44.70279350558811
              ],
              [
                -71.7422184534978,
                44.70273818693021
              ],
              [
                -71.74224500711408,
                44.70268441345523
              ],
              [
                -71.7422513675057,
                44.70265687878371
              ],
              [
                -71.74225463913892,
                44.7026479994713
              ],
              [
                -71.74225508764397,
                44.7026402182167
              ],
              [
                -71.74226035115849,
                44.70259133307635
              ],
              [
                -71.74226329843931,
                44.7025746232853
              ],
              [
                -71.74227979146303,
                44.702489124177006
              ],
              [
                -71.74229235339497,
                44.70243829415474
              ],
              [
                -71.74231067133353,
                44.70238836173465
              ],
              [
                -71.7423346012959,
                44.70233962652911
              ],
              [
                -71.7423535245092,
                44.70227772300003
              ],
              [
                -71.7423805705759,
                44.70221741490205
              ],
              [
                -71.7424154951329,
                44.70215915146395
              ],
              [
                -71.7424579534371,
                44.702103532432275
              ],
              [
                -71.74250759893654,
                44.70205100635554
              ],
              [
                -71.74252125694719,
                44.70202466745662
              ],
              [
                -71.74253714374869,
                44.70199713205828
              ],
              [
                -71.74257574321467,
                44.70193832059961
              ],
              [
                -71.74262199242834,
                44.70188235138412
              ],
              [
                -71.74267543625994,
                44.70182977482982
              ],
              [
                -71.74273561652167,
                44.701780989248896
              ],
              [
                -71.74280200745312,
                44.70173654369029
              ],
              [
                -71.74283330738159,
                44.70171748861506
              ],
              [
                -71.74290573477377,
                44.70167748268315
              ],
              [
                -71.7429832148686,
                44.701642564099316
              ],
              [
                -71.74306497467987,
                44.701613083194914
              ],
              [
                -71.74315031386313,
                44.70158923869942
              ],
              [
                -71.74323846134939,
                44.70157133146525
              ],
              [
                -71.7433285736274,
                44.70155950888202
              ],
              [
                -71.74335559403039,
                44.70155686488611
              ],
              [
                -71.74337000797553,
                44.701555568221444
              ],
              [
                -71.74341538699682,
                44.70155247529799
              ],
              [
                -71.74346184710811,
                44.70155008065002
              ],
              [
                -71.74351522787556,
                44.70154838516167
              ],
              [
                -71.74357614602503,
                44.701549930657784
              ],
              [
                -71.74365709059225,
                44.70154668893973
              ],
              [
                -71.74373815001599,
                44.701548483827985
              ],
              [
                -71.74381864730503,
                44.701555368434086
              ],
              [
                -71.74389799520632,
                44.70156719038576
              ],
              [
                -71.74390630355977,
                44.70156868705033
              ],
              [
                -71.74391418985839,
                44.701570134124694
              ],
              [
                -71.74393671762624,
                44.70157432477011
              ],
              [
                -71.74397801708517,
                44.70158355769596
              ],
              [
                -71.7440241804832,
                44.70159387930005
              ],
              [
                -71.74410863444609,
                44.701619219174674
              ],
              [
                -71.74418934266723,
                44.701650245933315
              ],
              [
                -71.74426553308068,
                44.70168656121345
              ],
              [
                -71.74433651245417,
                44.701727913861404
              ],
              [
                -71.74440168347778,
                44.701773856278535
              ],
              [
                -71.74446038195143,
                44.70182403851466
              ],
              [
                -71.74451214809982,
                44.701878012082
              ],
              [
                -71.7445564591059,
                44.70193522728544
              ],
              [
                -71.74457610968648,
                44.70196371077168
              ],
              [
                -71.74460645373541,
                44.702012595779365
              ],
              [
                -71.74463134186948,
                44.702063027635425
              ],
              [
                -71.74465066820522,
                44.70211470597269
              ],
              [
                -71.74466428331824,
                44.70216728243995
              ],
              [
                -71.74466807920813,
                44.70218617598225
              ],
              [
                -71.74467173876883,
                44.702204394589245
              ],
              [
                -71.74467688863679,
                44.70223512281807
              ],
              [
                -71.7446889864091,
                44.702263007384055
              ],
              [
                -71.74470011885983,
                44.70229817394425
              ],
              [
                -71.74471855055883,
                44.702364517601595
              ],
              [
                -71.74472678817106,
                44.70239863821496
              ],
              [
                -71.74472748913175,
                44.70240392532877
              ],
              [
                -71.74473974535479,
                44.7024121550787
              ],
              [
                -71.7448245499322,
                44.70243859373085
              ],
              [
                -71.74489966964478,
                44.702464782003055
              ],
              [
                -71.74491290737262,
                44.70247001972028
              ],
              [
                -71.74502463588546,
                44.702515062815436
              ],
              [
                -71.7450404264694,
                44.70252154847267
              ],
              [
                -71.7450553742637,
                44.702527832375765
              ],
              [
                -71.7451363371547,
                44.70253726137865
              ],
              [
                -71.74517590970915,
                44.70254496790495
              ],
              [
                -71.74521548352429,
                44.70255267532575
              ],
              [
                -71.74529195481816,
                44.70257382467114
              ],
              [
                -71.7453485911385,
                44.702591034473905
              ],
              [
                -71.74537631167794,
                44.70259736943982
              ],
              [
                -71.7454735552649,
                44.70261432914746
              ],
              [
                -71.74551026112658,
                44.70262280853954
              ],
              [
                -71.74557969619981,
                44.702639918301124
              ],
              [
                -71.74565682557125,
                44.7026616179951
              ],
              [
                -71.74573107649522,
                44.70268800516061
              ],
              [
                -71.74580184525762,
                44.70271883284016
              ],
              [
                -71.74586863101655,
                44.70275389975254
              ],
              [
                -71.74593095185173,
                44.702792907551704
              ],
              [
                -71.74599621913976,
                44.702837552014685
              ],
              [
                -71.7460605060967,
                44.702885987592566
              ],
              [
                -71.7461178870913,
                44.702938612527184
              ],
              [
                -71.74614286251024,
                44.70296679612269
              ],
              [
                -71.74616783795332,
                44.70299497971275
              ],
              [
                -71.74620985098959,
                44.70305453866204
              ],
              [
                -71.74624781759117,
                44.7031155440426
              ],
              [
                -71.7462717235901,
                44.7031576943683
              ],
              [
                -71.7462758638814,
                44.70316662271316
              ],
              [
                -71.74630372632089,
                44.70318966883653
              ],
              [
                -71.74634887810474,
                44.70323481117581
              ],
              [
                -71.74637936316172,
                44.70326803278252
              ],
              [
                -71.74641842817616,
                44.70331452258978
              ],
              [
                -71.74645218409069,
                44.70336300665139
              ],
              [
                -71.74646724688992,
                44.70337757300799
              ],
              [
                -71.74649415259587,
                44.703392287695344
              ],
              [
                -71.74654047234077,
                44.7034203708528
              ],
              [
                -71.74661230306211,
                44.7034686561053
              ],
              [
                -71.7466530688156,
                44.703501079743965
              ],
              [
                -71.74665753095294,
                44.70350485190819
              ],
              [
                -71.74666185953316,
                44.70350851160228
              ],
              [
                -71.74672048671928,
                44.703552507104234
              ],
              [
                -71.74677316515034,
                44.70360014487624
              ],
              [
                -71.74679587061246,
                44.7036251564668
              ],
              [
                -71.7468193971682,
                44.703651073378815
              ],
              [
                -71.74685368890108,
                44.70369272422978
              ],
              [
                -71.74687920921643,
                44.70372574557541
              ],
              [
                -71.74688681413973,
                44.7037362706892
              ],
              [
                -71.7468997982308,
                44.703743004854
              ],
              [
                -71.74692990593246,
                44.703758367790925
              ],
              [
                -71.7469923396602,
                44.70379318486387
              ],
              [
                -71.74700128976923,
                44.703798743232326
              ],
              [
                -71.74701057032976,
                44.703804508058674
              ],
              [
                -71.74707202232516,
                44.70384371467934
              ],
              [
                -71.74710503382585,
                44.703866460684836
              ],
              [
                -71.74713515487521,
                44.70388255528284
              ],
              [
                -71.74716673963061,
                44.70389943254521
              ],
              [
                -71.74722417428669,
                44.703936094650125
              ],
              [
                -71.74727688043433,
                44.70397619921577
              ],
              [
                -71.74733199833253,
                44.70400722515287
              ],
              [
                -71.74738271386119,
                44.704041842392144
              ],
              [
                -71.74742854130233,
                44.70407975166793
              ],
              [
                -71.74747626332787,
                44.70410574059175
              ],
              [
                -71.7475482703954,
                44.7041541748973
              ],
              [
                -71.74761293271105,
                44.70420764706472
              ],
              [
                -71.74766954255445,
                44.70426555850295
              ],
              [
                -71.74771750196817,
                44.70432731134386
              ],
              [
                -71.74775631207905,
                44.70439225617615
              ],
              [
                -71.74778555096172,
                44.704459744994026
              ],
              [
                -71.74779656944227,
                44.70450174441104
              ],
              [
                -71.74780092099552,
                44.704516308431344
              ],
              [
                -71.74780979004616,
                44.704549479963454
              ],
              [
                -71.7478109558171,
                44.70455426886759
              ],
              [
                -71.74781186881609,
                44.7045583091809
              ],
              [
                -71.7478212302402,
                44.70461377654386
              ],
              [
                -71.74782480877832,
                44.704641359879794
              ],
              [
                -71.74782913369467,
                44.70466899312686
              ],
              [
                -71.7478321511007,
                44.704701515976154
              ],
              [
                -71.74783296699496,
                44.70473683114707
              ],
              [
                -71.74783254557613,
                44.704769373642804
              ],
              [
                -71.74783210728019,
                44.704803121907524
              ],
              [
                -71.74783123885055,
                44.70482077963532
              ],
              [
                -71.74783037042026,
                44.70483843736305
              ],
              [
                -71.7478271909083,
                44.70485857802138
              ],
              [
                -71.74782390616656,
                44.70487943881495
              ],
              [
                -71.74785274029337,
                44.70494069216269
              ],
              [
                -71.74787313648648,
                44.70500369065276
              ],
              [
                -71.74788490120444,
                44.70506778687913
              ],
              [
                -71.74788637650295,
                44.70509954184398
              ],
              [
                -71.74788791094443,
                44.70513238159048
              ],
              [
                -71.74789849836955,
                44.70518595370474
              ],
              [
                -71.74791756159605,
                44.7052339877907
              ],
              [
                -71.74792429841432,
                44.70525194397736
              ],
              [
                -71.74792693976542,
                44.7052595260207
              ],
              [
                -71.74793625834725,
                44.70528703556161
              ],
              [
                -71.74794565953381,
                44.70531479312103
              ],
              [
                -71.74795302956922,
                44.70534202795464
              ],
              [
                -71.74799363730888,
                44.7054141037257
              ],
              [
                -71.74800416563491,
                44.70543365611747
              ],
              [
                -71.7480261754123,
                44.705481990357626
              ],
              [
                -71.74804976399821,
                44.705541131216044
              ],
              [
                -71.74807310822162,
                44.70559965672107
              ],
              [
                -71.74807771497035,
                44.70561157757113
              ],
              [
                -71.7481075844831,
                44.70569193466635
              ],
              [
                -71.7481224899459,
                44.705738521280914
              ],
              [
                -71.74813280702719,
                44.70578570762249
              ],
              [
                -71.74813849098719,
                44.705833342212784
              ],
              [
                -71.74814169276308,
                44.705879031952556
              ],
              [
                -71.74814494772416,
                44.70592197821476
              ],
              [
                -71.74814546528897,
                44.705929859439046
              ],
              [
                -71.74814628139278,
                44.705965173701735
              ],
              [
                -71.74814621103323,
                44.705970511507815
              ],
              [
                -71.74815407107957,
                44.7060205397855
              ],
              [
                -71.74816000968283,
                44.70609052082736
              ],
              [
                -71.74815589603602,
                44.70616060127387
              ],
              [
                -71.74814721984711,
                44.70622694045112
              ],
              [
                -71.74814304462964,
                44.70625020804652
              ],
              [
                -71.74813888580823,
                44.706273378559274
              ],
              [
                -71.74813053386518,
                44.70630998862624
              ],
              [
                -71.74811172540392,
                44.706373535262536
              ],
              [
                -71.74808442542147,
                44.706435534835144
              ],
              [
                -71.74804886941534,
                44.706495340053195
              ],
              [
                -71.74800538436095,
                44.70655245091204
              ],
              [
                -71.74795440702302,
                44.70660627003862
              ],
              [
                -71.74789636781195,
                44.706656398897515
              ],
              [
                -71.74788591065227,
                44.70666826914101
              ],
              [
                -71.74783751172147,
                44.70671814828898
              ],
              [
                -71.74778288370788,
                44.70676463512082
              ],
              [
                -71.74772245828107,
                44.706807332010975
              ],
              [
                -71.74767132353696,
                44.70685845743996
              ],
              [
                -71.74761384491511,
                44.706905991804675
              ],
              [
                -71.74755051656001,
                44.706949585586486
              ],
              [
                -71.74748183387172,
                44.70698889017521
              ],
              [
                -71.7474083989235,
                44.70702350546916
              ],
              [
                -71.74735945680327,
                44.707044355122896
              ],
              [
                -71.7472601329263,
                44.70708710137296
              ],
              [
                -71.74717504774159,
                44.70711967162183
              ],
              [
                -71.74708580391199,
                44.707145956413555
              ],
              [
                -71.74699330563628,
                44.70716580871559
              ],
              [
                -71.74696218952406,
                44.707171245082044
              ],
              [
                -71.74687512104337,
                44.70718361524053
              ],
              [
                -71.74678683349778,
                44.70719014857311
              ],
              [
                -71.74669805439146,
                44.70719079768089
              ],
              [
                -71.746609600234,
                44.70718556075
              ],
              [
                -71.74652218086572,
                44.70717448745994
              ],
              [
                -71.74643660515447,
                44.707157678540966
              ],
              [
                -71.74635358039065,
                44.707135282650285
              ],
              [
                -71.74627381192204,
                44.70710750062915
              ],
              [
                -71.74619801522189,
                44.70707453068758
              ],
              [
                -71.74618360303424,
                44.70707034096592
              ],
              [
                -71.74615015740551,
                44.70706031927295
              ],
              [
                -71.74608815597728,
                44.70709822366898
              ],
              [
                -71.74602166841358,
                44.70713204161736
              ],
              [
                -71.74595120596247,
                44.707161468716606
              ],
              [
                -71.74586547253489,
                44.707194138998496
              ]
            ],
            [
              [
                -71.7225164588086,
                44.662434286046
              ],
              [
                -71.72260179980923,
                44.66244501717156
              ],
              [
                -71.72268816663366,
                44.662454850798674
              ],
              [
                -71.72277259327497,
                44.66247107316747
              ],
              [
                -71.72281697307893,
                44.662481106896394
              ],
              [
                -71.7228594077203,
                44.662492238769296
              ],
              [
                -71.72290183985643,
                44.66250337060934
              ],
              [
                -71.72294179686608,
                44.66251704405717
              ],
              [
                -71.72298337308284,
                44.66253127385756
              ],
              [
                -71.7230220871413,
                44.66254794544389
              ],
              [
                -71.72306079994921,
                44.66256461790843
              ],
              [
                -71.72313343790685,
                44.662603054358804
              ],
              [
                -71.72320062773201,
                44.66264628176108
              ],
              [
                -71.7232617544219,
                44.6626938027873
              ],
              [
                -71.72331628483568,
                44.66274531594866
              ],
              [
                -71.72332533804537,
                44.662750257768955
              ],
              [
                -71.72334685719171,
                44.66276368599191
              ],
              [
                -71.72344925122182,
                44.66282972527377
              ],
              [
                -71.723468367388,
                44.66284095573487
              ],
              [
                -71.72353033694698,
                44.66286721280466
              ],
              [
                -71.72358919271122,
                44.66289691245285
              ],
              [
                -71.72364452053057,
                44.662929907882045
              ],
              [
                -71.72367771674634,
                44.66294443322869
              ],
              [
                -71.72370206922884,
                44.662956363384154
              ],
              [
                -71.72377912838436,
                44.66299834275087
              ],
              [
                -71.72384980084361,
                44.66304571325987
              ],
              [
                -71.7239133840067,
                44.66309792659824
              ],
              [
                -71.72396924844236,
                44.663154431351025
              ],
              [
                -71.7240167602085,
                44.66321473006743
              ],
              [
                -71.7240555004794,
                44.6632781737715
              ],
              [
                -71.72406043954433,
                44.66328546156117
              ],
              [
                -71.72407338036396,
                44.6633026983053
              ],
              [
                -71.72408607341467,
                44.663319603994914
              ],
              [
                -71.72409661500046,
                44.66333728609307
              ],
              [
                -71.7241073206127,
                44.6633552446792
              ],
              [
                -71.72411572998733,
                44.66337377261006
              ],
              [
                -71.72412404014302,
                44.66339208208624
              ],
              [
                -71.72413063780654,
                44.66340680725671
              ],
              [
                -71.72415115727999,
                44.66345966920109
              ],
              [
                -71.72416547332993,
                44.66351362829388
              ],
              [
                -71.7241734481674,
                44.66356823634263
              ],
              [
                -71.72422854036924,
                44.6636255888394
              ],
              [
                -71.72427521056213,
                44.66368663585723
              ],
              [
                -71.72431292450307,
                44.66375077803255
              ],
              [
                -71.72434132077508,
                44.66381731548377
              ],
              [
                -71.72435071654343,
                44.66385143305847
              ],
              [
                -71.72436011232256,
                44.66388555063227
              ],
              [
                -71.72436906820062,
                44.663954833074065
              ],
              [
                -71.72436812964622,
                44.66402436598581
              ],
              [
                -71.72436262860889,
                44.664059497380386
              ],
              [
                -71.72435730403856,
                44.66409349877738
              ],
              [
                -71.72434718349317,
                44.66412687275536
              ],
              [
                -71.72433668832616,
                44.664161483373526
              ],
              [
                -71.72432150521608,
                44.664194740171716
              ],
              [
                -71.7243064935391,
                44.6642276219668
              ],
              [
                -71.72430706361378,
                44.664240284070836
              ],
              [
                -71.72430763392866,
                44.6642529281781
              ],
              [
                -71.7243143264994,
                44.66428437533728
              ],
              [
                -71.72432102035006,
                44.664315821604724
              ],
              [
                -71.72432516142273,
                44.664379364068964
              ],
              [
                -71.72432001222298,
                44.66444285603128
              ],
              [
                -71.72432969736111,
                44.66447759651215
              ],
              [
                -71.72433861027942,
                44.664545281304974
              ],
              [
                -71.72434899631072,
                44.66459110362116
              ],
              [
                -71.72435418931309,
                44.664637325326076
              ],
              [
                -71.72435414654656,
                44.66468374634861
              ],
              [
                -71.7244347144382,
                44.66481666949321
              ],
              [
                -71.724440512494,
                44.66482385690782
              ],
              [
                -71.72447202346777,
                44.66486613480954
              ],
              [
                -71.724482059837,
                44.66488125947262
              ],
              [
                -71.72450886963112,
                44.66492298798733
              ],
              [
                -71.72453757345183,
                44.66497285290563
              ],
              [
                -71.72454536294387,
                44.664988625544844
              ],
              [
                -71.72456856644509,
                44.66503744250026
              ],
              [
                -71.7245949108671,
                44.6651037787592
              ],
              [
                -71.72461179737134,
                44.6651716625479
              ],
              [
                -71.72461905299458,
                44.665240444756016
              ],
              [
                -71.72461975475039,
                44.66526026118895
              ],
              [
                -71.7246235879376,
                44.66527598356299
              ],
              [
                -71.72463463309695,
                44.66533727899226
              ],
              [
                -71.72463793224284,
                44.665399022183806
              ],
              [
                -71.72463753613988,
                44.66543800568909
              ],
              [
                -71.72463578836609,
                44.66546515511087
              ],
              [
                -71.72463397548267,
                44.66549331019737
              ],
              [
                -71.72462389625193,
                44.665548266275955
              ],
              [
                -71.72460733283894,
                44.66560237380292
              ],
              [
                -71.7245844096905,
                44.66565528265289
              ],
              [
                -71.72458311980115,
                44.66566501549352
              ],
              [
                -71.72456094406373,
                44.66578680543932
              ],
              [
                -71.72454915249683,
                44.665836919128864
              ],
              [
                -71.72453216918029,
                44.66588628482965
              ],
              [
                -71.72451013237786,
                44.66593465150162
              ],
              [
                -71.7245033950018,
                44.66594777873236
              ],
              [
                -71.72449813203718,
                44.6659605065126
              ],
              [
                -71.72447689305865,
                44.666023747018585
              ],
              [
                -71.72447118262667,
                44.666046956687985
              ],
              [
                -71.7244523029928,
                44.66610745226584
              ],
              [
                -71.72442584435504,
                44.66616645020386
              ],
              [
                -71.72439201822094,
                44.66622350197493
              ],
              [
                -71.72436770841104,
                44.66625988878773
              ],
              [
                -71.72434842879638,
                44.66628578073482
              ],
              [
                -71.7243284697444,
                44.66631259767767
              ],
              [
                -71.72430499895925,
                44.66633835586037
              ],
              [
                -71.72428286025568,
                44.66636266162157
              ],
              [
                -71.72423123273572,
                44.666409629450364
              ],
              [
                -71.72417403569028,
                44.66645315413525
              ],
              [
                -71.72415976316056,
                44.66649353362508
              ],
              [
                -71.72414039361291,
                44.66653286607939
              ],
              [
                -71.7241161101936,
                44.66657075047712
              ],
              [
                -71.7240209018735,
                44.66678617537415
              ],
              [
                -71.72399135520436,
                44.666843774449866
              ],
              [
                -71.72395450925727,
                44.66689912902043
              ],
              [
                -71.72395153556376,
                44.66690556751431
              ],
              [
                -71.7239419471042,
                44.6669208405348
              ],
              [
                -71.7239121465717,
                44.66698318312342
              ],
              [
                -71.72389357137429,
                44.667012386970626
              ],
              [
                -71.72387398632327,
                44.66704317770385
              ],
              [
                -71.72385046867429,
                44.66707222106648
              ],
              [
                -71.72382778955637,
                44.66710022801983
              ],
              [
                -71.72377400495455,
                44.6671537845626
              ],
              [
                -71.72371315872505,
                44.66720334784509
              ],
              [
                -71.72365789926533,
                44.667244376468645
              ],
              [
                -71.7236297612038,
                44.66726367017751
              ],
              [
                -71.72360265017534,
                44.66728226082744
              ],
              [
                -71.72357365604476,
                44.66729917652263
              ],
              [
                -71.72354336425936,
                44.66731684921671
              ],
              [
                -71.72348043818766,
                44.667347994941274
              ],
              [
                -71.72341425734501,
                44.66737554673003
              ],
              [
                -71.72338229799638,
                44.66742790522078
              ],
              [
                -71.7233443317831,
                44.667478216937994
              ],
              [
                -71.72330063455543,
                44.66752603289367
              ],
              [
                -71.72329499420067,
                44.66753167300612
              ],
              [
                -71.72323625238435,
                44.667584879706325
              ],
              [
                -71.72320329312043,
                44.66760926284134
              ],
              [
                -71.72317033510184,
                44.66763364507531
              ],
              [
                -71.7230978827724,
                44.66767741730898
              ],
              [
                -71.72301965732797,
                44.667715800216136
              ],
              [
                -71.72293643842126,
                44.66774839322765
              ],
              [
                -71.722929912845,
                44.667751288852976
              ],
              [
                -71.72285318702548,
                44.66778218374591
              ],
              [
                -71.72277280531726,
                44.6678078881864
              ],
              [
                -71.7226894998935,
                44.667828252364586
              ],
              [
                -71.7226038793462,
                44.66784312653122
              ],
              [
                -71.72251675850217,
                44.66785231014747
              ],
              [
                -71.72242880387584,
                44.667855754652976
              ],
              [
                -71.72234077089637,
                44.66785345799057
              ],
              [
                -71.72225339668024,
                44.667845372984786
              ],
              [
                -71.7221921009475,
                44.667837686008056
              ],
              [
                -71.72209721702067,
                44.667822163222134
              ],
              [
                -71.72200502485138,
                44.6677999021223
              ],
              [
                -71.72191643100898,
                44.66777110327352
              ],
              [
                -71.7218756906005,
                44.667754089950726
              ],
              [
                -71.72183240698848,
                44.66773601538126
              ],
              [
                -71.7217537778577,
                44.667695085936906
              ],
              [
                -71.72168135102673,
                44.66764866782191
              ],
              [
                -71.72161587269487,
                44.66759725838816
              ],
              [
                -71.72155804296044,
                44.66754140686898
              ],
              [
                -71.72150842640674,
                44.66748161117858
              ],
              [
                -71.72146147430273,
                44.667417972088444
              ],
              [
                -71.72142252442961,
                44.6673583264679
              ],
              [
                -71.7213917587146,
                44.66729633565406
              ],
              [
                -71.72136946741477,
                44.66723254698175
              ],
              [
                -71.72135515057673,
                44.66716266894512
              ],
              [
                -71.7213510102608,
                44.667092142157394
              ],
              [
                -71.72135178213244,
                44.66703608982079
              ],
              [
                -71.72135419392325,
                44.66699346462026
              ],
              [
                -71.72135509760965,
                44.66698445811769
              ],
              [
                -71.72135603631659,
                44.666975096386835
              ],
              [
                -71.7213340700383,
                44.66694949067882
              ],
              [
                -71.72132714874387,
                44.66694040652577
              ],
              [
                -71.72128686512906,
                44.66688660121773
              ],
              [
                -71.72125771242116,
                44.666844124352714
              ],
              [
                -71.72123268557928,
                44.66680035093767
              ],
              [
                -71.72121198185737,
                44.66675542900677
              ],
              [
                -71.72117902285318,
                44.666674669811144
              ],
              [
                -71.7211591626078,
                44.666616770525415
              ],
              [
                -71.72114643246222,
                44.66655782196409
              ],
              [
                -71.72114093219867,
                44.666498375559
              ],
              [
                -71.72113871273032,
                44.66642869607825
              ],
              [
                -71.72113693192063,
                44.66639660280593
              ],
              [
                -71.72113005296272,
                44.66637410027217
              ],
              [
                -71.72112322957788,
                44.66635177990008
              ],
              [
                -71.72111576297301,
                44.66630620849436
              ],
              [
                -71.7211145437312,
                44.66626033772766
              ],
              [
                -71.72111113162846,
                44.66625005630679
              ],
              [
                -71.7211077195389,
                44.666239773986
              ],
              [
                -71.72109863919036,
                44.666195401060136
              ],
              [
                -71.72105533801162,
                44.666138348881724
              ],
              [
                -71.7210198699028,
                44.66607860267035
              ],
              [
                -71.7209925692585,
                44.66601670916378
              ],
              [
                -71.7209736903088,
                44.665953268546595
              ],
              [
                -71.72096340095304,
                44.66588883001751
              ],
              [
                -71.72096040938183,
                44.66585713524263
              ],
              [
                -71.72095830375504,
                44.66580467553356
              ],
              [
                -71.72096136486041,
                44.665769136206215
              ],
              [
                -71.7209644272106,
                44.665733597786975
              ],
              [
                -71.7209719362041,
                44.665686079411344
              ],
              [
                -71.72096765598221,
                44.66561455272993
              ],
              [
                -71.7209679361038,
                44.66559363877596
              ],
              [
                -71.720961681041,
                44.665572300477514
              ],
              [
                -71.7209554272436,
                44.66555096218726
              ],
              [
                -71.72094943458764,
                44.6655075858169
              ],
              [
                -71.72094021524403,
                44.66542917077341
              ],
              [
                -71.72093589056097,
                44.665392035003656
              ],
              [
                -71.72092108266635,
                44.66531586492226
              ],
              [
                -71.72089677204015,
                44.66526754812867
              ],
              [
                -71.72088518787437,
                44.66524104394349
              ],
              [
                -71.72087303473899,
                44.66521324179503
              ],
              [
                -71.72085567278373,
                44.665157736166336
              ],
              [
                -71.72084483906679,
                44.665101383256136
              ],
              [
                -71.72084161054308,
                44.665077123769834
              ],
              [
                -71.72082448666282,
                44.665001404027784
              ],
              [
                -71.72081777536364,
                44.66497290196828
              ],
              [
                -71.72081571440583,
                44.66496776108063
              ],
              [
                -71.72079749260728,
                44.664913853226054
              ],
              [
                -71.72078429890801,
                44.66485190922085
              ],
              [
                -71.7207749385568,
                44.6647884669098
              ],
              [
                -71.7207725170009,
                44.6647624274912
              ],
              [
                -71.72077001837755,
                44.66473545793248
              ],
              [
                -71.72077082445742,
                44.66468234853872
              ],
              [
                -71.72077742145163,
                44.66462948833728
              ],
              [
                -71.72077763192982,
                44.66462469591613
              ],
              [
                -71.72078366733538,
                44.66455426640415
              ],
              [
                -71.72078729030427,
                44.66453759496556
              ],
              [
                -71.72077426326963,
                44.66447714775424
              ],
              [
                -71.72076883223805,
                44.66441615122548
              ],
              [
                -71.72077103530076,
                44.66435505469885
              ],
              [
                -71.72077513176409,
                44.66431367477177
              ],
              [
                -71.72077882516218,
                44.66428487383288
              ],
              [
                -71.72078612442542,
                44.6642534778385
              ],
              [
                -71.72077514959278,
                44.664196474210065
              ],
              [
                -71.72077208780854,
                44.66413897202325
              ],
              [
                -71.72077700040457,
                44.66408156834209
              ],
              [
                -71.72076644723805,
                44.66404947369054
              ],
              [
                -71.72076338555539,
                44.66403799235728
              ],
              [
                -71.72075033093334,
                44.66398657921646
              ],
              [
                -71.72073910185918,
                44.663928228471256
              ],
              [
                -71.72073580447761,
                44.6638935861648
              ],
              [
                -71.7207329971313,
                44.663847214983704
              ],
              [
                -71.72073325116214,
                44.663783921953886
              ],
              [
                -71.7207375715794,
                44.663751801898584
              ],
              [
                -71.72074172522936,
                44.66372092888993
              ],
              [
                -71.72075835900914,
                44.66365878342791
              ],
              [
                -71.72078303606757,
                44.663597986023646
              ],
              [
                -71.720815495585,
                44.66353908474174
              ],
              [
                -71.72085548873203,
                44.66348258003177
              ],
              [
                -71.72085609491114,
                44.663470650367174
              ],
              [
                -71.72085836658688,
                44.66344584165312
              ],
              [
                -71.72085862084981,
                44.66342827160704
              ],
              [
                -71.72086465671237,
                44.66335778988409
              ],
              [
                -71.72088091160379,
                44.6632878575325
              ],
              [
                -71.72089146629096,
                44.663230304246596
              ],
              [
                -71.72090887107062,
                44.66317364901202
              ],
              [
                -71.72093308339818,
                44.663118242503025
              ],
              [
                -71.72096119940603,
                44.6630622857705
              ],
              [
                -71.72099666689948,
                44.663001138059144
              ],
              [
                -71.72104024902883,
                44.66294268604169
              ],
              [
                -71.72109150776906,
                44.66288752876599
              ],
              [
                -71.72112074640576,
                44.662861846562635
              ],
              [
                -71.7211499850166,
                44.662836164351496
              ],
              [
                -71.7212151400976,
                44.66278904265843
              ],
              [
                -71.7212398172113,
                44.66277282074425
              ],
              [
                -71.7212501336341,
                44.66276373533469
              ],
              [
                -71.72127037240591,
                44.66274806179557
              ],
              [
                -71.72132209495219,
                44.662709376061564
              ],
              [
                -71.72138984646035,
                44.66266335367153
              ],
              [
                -71.72146353695595,
                44.66262232217219
              ],
              [
                -71.72154248975347,
                44.66258653161625
              ],
              [
                -71.72162593470834,
                44.6625564321019
              ],
              [
                -71.72171309874976,
                44.66253222173229
              ],
              [
                -71.7217238356524,
                44.66252807879068
              ],
              [
                -71.72180456266236,
                44.662496032100506
              ],
              [
                -71.7218892270442,
                44.66246967625896
              ],
              [
                -71.72197709346877,
                44.66244931041983
              ],
              [
                -71.7220673018527,
                44.66243513389824
              ],
              [
                -71.72215900227762,
                44.66242724619019
              ],
              [
                -71.72225136059507,
                44.6624256992061
              ],
              [
                -71.7223434638605,
                44.662430591118195
              ],
              [
                -71.72243008392114,
                44.66242949357044
              ],
              [
                -71.7225164588086,
                44.662434286046
              ]
            ]
          ],
          [
            [
              [
                -71.73590713503481,
                44.79362186122304
              ],
              [
                -71.74153919758868,
                44.80620566318877
              ],
              [
                -71.74941977080972,
                44.81030185729914
              ],
              [
                -71.76586113039305,
                44.81906642993078
              ],
              [
                -71.77489976271455,
                44.81104146690903
              ],
              [
                -71.78393588320793,
                44.8030157612711
              ],
              [
                -71.79296949310543,
                44.794989313612334
              ],
              [
                -71.80200059363888,
                44.786962124527825
              ],
              [
                -71.80167673142829,
                44.78690904931842
              ],
              [
                -71.80152297130178,
                44.786884870032885
              ],
              [
                -71.80123255420604,
                44.786839190099194
              ],
              [
                -71.80119945379715,
                44.78683377445331
              ],
              [
                -71.80095525075745,
                44.78679212376379
              ],
              [
                -71.80068382197777,
                44.7867458297449
              ],
              [
                -71.80065637828645,
                44.7867409984181
              ],
              [
                -71.80018870623034,
                44.78665606734805
              ],
              [
                -71.80016805408515,
                44.7866522296133
              ],
              [
                -71.79972916492171,
                44.78656880758766
              ],
              [
                -71.79969715574556,
                44.78656252169663
              ],
              [
                -71.79934898096364,
                44.786491741878265
              ],
              [
                -71.79932440962688,
                44.786486608389716
              ],
              [
                -71.79892978468251,
                44.78640212391104
              ],
              [
                -71.79886845835871,
                44.786388185955474
              ],
              [
                -71.79851229222173,
                44.78630256109623
              ],
              [
                -71.7984848458157,
                44.786295690961225
              ],
              [
                -71.79846275250767,
                44.78629015045683
              ],
              [
                -71.79813821460412,
                44.78620477630959
              ],
              [
                -71.79779266116368,
                44.78611302222708
              ],
              [
                -71.79776522087177,
                44.78610555802373
              ],
              [
                -71.79750869766713,
                44.78603423374906
              ],
              [
                -71.79749889101063,
                44.786031492628126
              ],
              [
                -71.79738746551544,
                44.786000008135716
              ],
              [
                -71.79719149614613,
                44.78594463651846
              ],
              [
                -71.79714594380523,
                44.785931286054726
              ],
              [
                -71.79696364749176,
                44.785875903706476
              ],
              [
                -71.79696360720067,
                44.78587589175974
              ],
              [
                -71.79692592337753,
                44.785864119474084
              ],
              [
                -71.79596688677404,
                44.78555470254207
              ],
              [
                -71.79467151347437,
                44.78513958287585
              ],
              [
                -71.79253204646913,
                44.78449891660935
              ],
              [
                -71.78948583396925,
                44.783605988515816
              ],
              [
                -71.78869251005315,
                44.78337670442793
              ],
              [
                -71.78808594544033,
                44.7832013924481
              ],
              [
                -71.78735061474629,
                44.78298856781356
              ],
              [
                -71.78678519145033,
                44.78282491635385
              ],
              [
                -71.786769361713,
                44.78282028470303
              ],
              [
                -71.78543514545805,
                44.782424263393075
              ],
              [
                -71.783171384428,
                44.78176273612348
              ],
              [
                -71.78317134792186,
                44.78176272509554
              ],
              [
                -71.7811841286654,
                44.78117771773552
              ],
              [
                -71.780299431968,
                44.78092455749695
              ],
              [
                -71.77994888566955,
                44.78082922266686
              ],
              [
                -71.77967707304738,
                44.78077522171141
              ],
              [
                -71.77941361122839,
                44.78072967425727
              ],
              [
                -71.77906160962226,
                44.780684887441815
              ],
              [
                -71.77902452478206,
                44.780680169127834
              ],
              [
                -71.77869067445678,
                44.780653522535864
              ],
              [
                -71.77834446614462,
                44.780640963086285
              ],
              [
                -71.77788514979648,
                44.7806510812164
              ],
              [
                -71.77752096696496,
                44.780674888417145
              ],
              [
                -71.77720033154382,
                44.780717378416334
              ],
              [
                -71.77693089521503,
                44.78076326304946
              ],
              [
                -71.77663657269778,
                44.78082054232032
              ],
              [
                -71.77640286544921,
                44.78086701737146
              ],
              [
                -71.77622976710849,
                44.780903219475405
              ],
              [
                -71.77606410991638,
                44.78093786576722
              ],
              [
                -71.77558195364443,
                44.78103823459012
              ],
              [
                -71.77523427629775,
                44.78111155354316
              ],
              [
                -71.77522633964323,
                44.781113205782574
              ],
              [
                -71.77496112295759,
                44.78116824921747
              ],
              [
                -71.77451801471716,
                44.78126185843074
              ],
              [
                -71.77380279566088,
                44.781416090809245
              ],
              [
                -71.77330042968161,
                44.781523342486366
              ],
              [
                -71.7732707921209,
                44.7815291931105
              ],
              [
                -71.77322232291094,
                44.781538764652076
              ],
              [
                -71.7725390866891,
                44.78166255288682
              ],
              [
                -71.77253904869562,
                44.78166255984399
              ],
              [
                -71.7724410192069,
                44.78167839540495
              ],
              [
                -71.77234196558447,
                44.781690558168535
              ],
              [
                -71.77182308049595,
                44.78174440067859
              ],
              [
                -71.77170192572248,
                44.78175417941435
              ],
              [
                -71.77160951604115,
                44.78175795906015
              ],
              [
                -71.77121151544006,
                44.781767381324904
              ],
              [
                -71.77116504899259,
                44.78176806837422
              ],
              [
                -71.77113323797526,
                44.781767980538454
              ],
              [
                -71.77111107258403,
                44.7817679110622
              ],
              [
                -71.77064212399726,
                44.78176158651557
              ],
              [
                -71.77056010959116,
                44.781759227799796
              ],
              [
                -71.77014140984832,
                44.78174084493287
              ],
              [
                -71.77001167963041,
                44.78173514550386
              ],
              [
                -71.77000457913678,
                44.78173479775047
              ],
              [
                -71.76998489269594,
                44.78173383590359
              ],
              [
                -71.76949208606378,
                44.78170699661205
              ],
              [
                -71.76922421267578,
                44.78169274271176
              ],
              [
                -71.76905582038732,
                44.78168378282992
              ],
              [
                -71.76851935281489,
                44.78166076881855
              ],
              [
                -71.76849944259469,
                44.78165982148041
              ],
              [
                -71.76783348838649,
                44.78162560253138
              ],
              [
                -71.76721282716001,
                44.78159481818153
              ],
              [
                -71.7672040929704,
                44.78159436888139
              ],
              [
                -71.76659192326126,
                44.781561996028124
              ],
              [
                -71.7665819659445,
                44.781561449735456
              ],
              [
                -71.76638901202514,
                44.7815505400807
              ],
              [
                -71.76612430783547,
                44.781535585646765
              ],
              [
                -71.7656838468219,
                44.78151410752176
              ],
              [
                -71.7656801471492,
                44.78151391185206
              ],
              [
                -71.76567479854272,
                44.781513618289296
              ],
              [
                -71.76511257933588,
                44.78148432676925
              ],
              [
                -71.76476424272562,
                44.781467567517694
              ],
              [
                -71.76442719300678,
                44.781451340651316
              ],
              [
                -71.76353113008462,
                44.78140910707476
              ],
              [
                -71.76278291889604,
                44.78137424448504
              ],
              [
                -71.76277454191589,
                44.78137382954839
              ],
              [
                -71.76276243228527,
                44.78137323033268
              ],
              [
                -71.76212547691702,
                44.78133867754927
              ],
              [
                -71.76153188079424,
                44.7813114208091
              ],
              [
                -71.76151821004542,
                44.781310776270594
              ],
              [
                -71.76093016467209,
                44.78128078600709
              ],
              [
                -71.76092232468719,
                44.78128037350991
              ],
              [
                -71.76022077641736,
                44.781242532177885
              ],
              [
                -71.76018237239204,
                44.7812401866313
              ],
              [
                -71.75960456780672,
                44.78120072505361
              ],
              [
                -71.75953066221676,
                44.781194647610185
              ],
              [
                -71.759275912669,
                44.78117013092484
              ],
              [
                -71.75897182024421,
                44.781140865103616
              ],
              [
                -71.75885884371606,
                44.781127507284964
              ],
              [
                -71.75837830936162,
                44.78106014752849
              ],
              [
                -71.75835311370395,
                44.78105647519957
              ],
              [
                -71.75833010359815,
                44.78105292864647
              ],
              [
                -71.7577739095934,
                44.78096436108296
              ],
              [
                -71.75765912676643,
                44.78094341768814
              ],
              [
                -71.75745318648013,
                44.78090075637323
              ],
              [
                -71.75711855562925,
                44.780831408027694
              ],
              [
                -71.75707306996233,
                44.78082128073762
              ],
              [
                -71.75704248172683,
                44.78081446118782
              ],
              [
                -71.75659007634275,
                44.780706072325906
              ],
              [
                -71.7561141925372,
                44.78059514400573
              ],
              [
                -71.75610575131986,
                44.78059315153842
              ],
              [
                -71.75609534639,
                44.780590683730864
              ],
              [
                -71.75575516372534,
                44.78050861474579
              ],
              [
                -71.75562754672157,
                44.78047782266296
              ],
              [
                -71.7549515807543,
                44.78031397865947
              ],
              [
                -71.75452781898395,
                44.78021562597962
              ],
              [
                -71.7542593959413,
                44.78015331747177
              ],
              [
                -71.75424971651336,
                44.780151038712745
              ],
              [
                -71.7535938264047,
                44.77999602158335
              ],
              [
                -71.7535937886188,
                44.77999601233738
              ],
              [
                -71.75356816498406,
                44.779989822736866
              ],
              [
                -71.75301487646516,
                44.7798528759958
              ],
              [
                -71.75248166748658,
                44.77973012702803
              ],
              [
                -71.75240951713958,
                44.77971238657235
              ],
              [
                -71.7523950287833,
                44.779708558045584
              ],
              [
                -71.75192197068388,
                44.77958162243011
              ],
              [
                -71.75182165174262,
                44.77955239074753
              ],
              [
                -71.75146793255759,
                44.779440908778895
              ],
              [
                -71.75145405219386,
                44.77943648388496
              ],
              [
                -71.75133264832958,
                44.779393687971286
              ],
              [
                -71.75125895763185,
                44.77936536377476
              ],
              [
                -71.75096235115046,
                44.7792513614969
              ],
              [
                -71.75084867850579,
                44.779203936300135
              ],
              [
                -71.75049531990605,
                44.779044676231074
              ],
              [
                -71.75048765398103,
                44.77904119100399
              ],
              [
                -71.75038457278721,
                44.77899082289325
              ],
              [
                -71.74990745772683,
                44.778741035843126
              ],
              [
                -71.74989616748117,
                44.77873507184588
              ],
              [
                -71.74983582093999,
                44.778701646456156
              ],
              [
                -71.74946175225303,
                44.778485827949474
              ],
              [
                -71.74946172090216,
                44.77848580974547
              ],
              [
                -71.74895257719182,
                44.778200384549464
              ],
              [
                -71.7489365213316,
                44.77819130516053
              ],
              [
                -71.74840372054305,
                44.777886032118204
              ],
              [
                -71.74719321568722,
                44.777194750040515
              ],
              [
                -71.74715672602265,
                44.77717338075757
              ],
              [
                -71.74662931604573,
                44.77685673769475
              ],
              [
                -71.74661023181184,
                44.77684508588384
              ],
              [
                -71.74657843630096,
                44.7768250711345
              ],
              [
                -71.74608028248478,
                44.77650403443783
              ],
              [
                -71.74606504959019,
                44.77649411506986
              ],
              [
                -71.74566125419962,
                44.776228233342216
              ],
              [
                -71.7453056562434,
                44.776001760336804
              ],
              [
                -71.74529594098698,
                44.775995522821894
              ],
              [
                -71.74473732467096,
                44.77563484231014
              ],
              [
                -71.74436627997028,
                44.77539858937779
              ],
              [
                -71.74434716789276,
                44.77538623777952
              ],
              [
                -71.7442339540873,
                44.775312184570154
              ],
              [
                -71.74403122347547,
                44.775179578870656
              ],
              [
                -71.74374951802432,
                44.7749994345921
              ],
              [
                -71.74373759955935,
                44.7749917596121
              ],
              [
                -71.7434375702757,
                44.7747966349668
              ],
              [
                -71.74337294032627,
                44.77475262463755
              ],
              [
                -71.74309913991085,
                44.77455692955162
              ],
              [
                -71.74304959775117,
                44.77452017413921
              ],
              [
                -71.74283996523718,
                44.77435879395555
              ],
              [
                -71.74280313884698,
                44.77432961350734
              ],
              [
                -71.74259575387295,
                44.77416050953284
              ],
              [
                -71.74258935802199,
                44.774155244094956
              ],
              [
                -71.74256029001853,
                44.77413072071059
              ],
              [
                -71.74235059793916,
                44.773949565721374
              ],
              [
                -71.74217501627349,
                44.77379713563184
              ],
              [
                -71.74216588299674,
                44.773789149605015
              ],
              [
                -71.74202600550585,
                44.77366583939863
              ],
              [
                -71.74199990637081,
                44.773642320965024
              ],
              [
                -71.74177047666987,
                44.773430745951835
              ],
              [
                -71.74174971071939,
                44.77341125572572
              ],
              [
                -71.74154507235534,
                44.77321512155701
              ],
              [
                -71.74153145950976,
                44.77320191600426
              ],
              [
                -71.74136603717173,
                44.77303934365802
              ],
              [
                -71.74124195132012,
                44.772922971219366
              ],
              [
                -71.74110328843952,
                44.772803497009726
              ],
              [
                -71.74091758676809,
                44.7726587656448
              ],
              [
                -71.74072423157288,
                44.77251450773131
              ],
              [
                -71.74052064032684,
                44.77237103721889
              ],
              [
                -71.7402795654012,
                44.77220138726178
              ],
              [
                -71.74013708012284,
                44.772101236990665
              ],
              [
                -71.74003864585967,
                44.77203203749175
              ],
              [
                -71.73975742821017,
                44.771834147682
              ],
              [
                -71.7394508024183,
                44.77162006253967
              ],
              [
                -71.73944398019003,
                44.77161527373067
              ],
              [
                -71.73910901294269,
                44.771379065639756
              ],
              [
                -71.73910166040773,
                44.77137387462096
              ],
              [
                -71.73909448819286,
                44.77136870910045
              ],
              [
                -71.7387916605008,
                44.77115052683387
              ],
              [
                -71.73874674816823,
                44.77111709852865
              ],
              [
                -71.7384072075748,
                44.770855385292464
              ],
              [
                -71.7383646154164,
                44.77082145306569
              ],
              [
                -71.73828889524502,
                44.770754982642096
              ],
              [
                -71.73806703092016,
                44.7705472562247
              ],
              [
                -71.73805567870103,
                44.77053651486333
              ],
              [
                -71.73798751472042,
                44.77046699179419
              ],
              [
                -71.73794668668569,
                44.77042248925066
              ],
              [
                -71.73782845894877,
                44.770293594030555
              ],
              [
                -71.73781762785825,
                44.770281657455556
              ],
              [
                -71.7377778379581,
                44.770235275587346
              ],
              [
                -71.73767290846934,
                44.77010732836405
              ],
              [
                -71.73764076423694,
                44.77006651297409
              ],
              [
                -71.73750636619593,
                44.76988839739174
              ],
              [
                -71.73745893153321,
                44.76982117576341
              ],
              [
                -71.73737604481404,
                44.769695171641445
              ],
              [
                -71.73728133365327,
                44.76956565896362
              ],
              [
                -71.73725457366233,
                44.76952640925206
              ],
              [
                -71.73723397854992,
                44.769496175419334
              ],
              [
                -71.73719955946794,
                44.76943839867789
              ],
              [
                -71.73719954461797,
                44.76943837518129
              ],
              [
                -71.73714079628951,
                44.76933309663897
              ],
              [
                -71.73704073804618,
                44.76918857908727
              ],
              [
                -71.73704072068189,
                44.76918855467393
              ],
              [
                -71.73702376251264,
                44.76916342323891
              ],
              [
                -71.7368896272525,
                44.76895941581583
              ],
              [
                -71.73687832077334,
                44.768941883089454
              ],
              [
                -71.73686808590337,
                44.76892547429958
              ],
              [
                -71.7367597168215,
                44.76874824715692
              ],
              [
                -71.7366315533835,
                44.768545019945954
              ],
              [
                -71.73650958872537,
                44.76835144676669
              ],
              [
                -71.73638402281776,
                44.768151587860665
              ],
              [
                -71.73632692488619,
                44.76806593325122
              ],
              [
                -71.73627118724855,
                44.76798232058514
              ],
              [
                -71.73620613755956,
                44.76788689020542
              ],
              [
                -71.73614274247299,
                44.76779388978788
              ],
              [
                -71.73604977533563,
                44.76766255551376
              ],
              [
                -71.73594323833163,
                44.76752533231153
              ],
              [
                -71.73592331809697,
                44.767501599132245
              ],
              [
                -71.73584195858558,
                44.76740464746856
              ],
              [
                -71.73578228636204,
                44.76733710655511
              ],
              [
                -71.73573508959456,
                44.76728366775699
              ],
              [
                -71.73566279083094,
                44.76720402950046
              ],
              [
                -71.73561870449458,
                44.76715546283707
              ],
              [
                -71.7354998439939,
                44.7670364517115
              ],
              [
                -71.7354998227941,
                44.767036430871855
              ],
              [
                -71.73538908512515,
                44.766935717698814
              ],
              [
                -71.73532043302804,
                44.76688067543419
              ],
              [
                -71.7352623259641,
                44.76683408812019
              ],
              [
                -71.73506195646483,
                44.766685345093755
              ],
              [
                -71.73495526193551,
                44.76661252131286
              ],
              [
                -71.73473738927227,
                44.76646381433763
              ],
              [
                -71.73416541077643,
                44.76609015220255
              ],
              [
                -71.73355467878608,
                44.765694224512025
              ],
              [
                -71.73259172971423,
                44.76507889174865
              ],
              [
                -71.73164774784095,
                44.76448523375439
              ],
              [
                -71.73160783710706,
                44.7644594017261
              ],
              [
                -71.73160780705632,
                44.764459381726084
              ],
              [
                -71.7311778205592,
                44.76417330950624
              ],
              [
                -71.73094049498015,
                44.76402823575099
              ],
              [
                -71.7305990956254,
                44.76381952486413
              ],
              [
                -71.7298119317505,
                44.76335585578171
              ],
              [
                -71.72921300742813,
                44.763025490861565
              ],
              [
                -71.72919344402023,
                44.76301457079818
              ],
              [
                -71.72887720890672,
                44.762835433359065
              ],
              [
                -71.72811793081203,
                44.762414869725774
              ],
              [
                -71.727880414736,
                44.76228634647275
              ],
              [
                -71.72768475500796,
                44.76218364140776
              ],
              [
                -71.72718578892118,
                44.761921034820205
              ],
              [
                -71.72700681784501,
                44.76183069368371
              ],
              [
                -71.72700678522328,
                44.76183067726467
              ],
              [
                -71.72685326290247,
                44.76175554729771
              ],
              [
                -71.72682114564824,
                44.76173947448756
              ],
              [
                -71.72682111428959,
                44.761739458077
              ],
              [
                -71.72667205984818,
                44.76166330072964
              ],
              [
                -71.72661723538431,
                44.7616373290576
              ],
              [
                -71.72656227414478,
                44.7616112934397
              ],
              [
                -71.72653177968404,
                44.76159610624288
              ],
              [
                -71.72648680806712,
                44.761573690159025
              ],
              [
                -71.72647393746166,
                44.761566941908846
              ],
              [
                -71.72632725206186,
                44.76149817845089
              ],
              [
                -71.72624204138913,
                44.761460299313896
              ],
              [
                -71.72614934734185,
                44.761426462158006
              ],
              [
                -71.72609789680246,
                44.76141082237379
              ],
              [
                -71.72593515625378,
                44.76138988738163
              ],
              [
                -71.7257778040039,
                44.761380976280215
              ],
              [
                -71.72553196359179,
                44.76138461066919
              ],
              [
                -71.72503234982965,
                44.76140449104525
              ],
              [
                -71.72501859317028,
                44.761404985327644
              ],
              [
                -71.72448758782527,
                44.76142341382346
              ],
              [
                -71.7240177407605,
                44.76143970780762
              ],
              [
                -71.72395030807232,
                44.76144120237729
              ],
              [
                -71.72383911362813,
                44.7614422654055
              ],
              [
                -71.72370831610024,
                44.76144350463952
              ],
              [
                -71.72331536532938,
                44.761459656089784
              ],
              [
                -71.72290811328244,
                44.76147639369937
              ],
              [
                -71.72260908073034,
                44.76148869574589
              ],
              [
                -71.7224978517924,
                44.761493640309645
              ],
              [
                -71.72246992068644,
                44.7614948827895
              ],
              [
                -71.72236693921293,
                44.76150928285252
              ],
              [
                -71.72226293711924,
                44.76151944543342
              ],
              [
                -71.72215829390187,
                44.76152532991895
              ],
              [
                -71.72172746000646,
                44.76154152383625
              ],
              [
                -71.72134541055601,
                44.76156006544484
              ],
              [
                -71.72048097813547,
                44.761608497095196
              ],
              [
                -71.72034630821429,
                44.761612688320156
              ],
              [
                -71.72029669950768,
                44.76161253590846
              ],
              [
                -71.71983574593992,
                44.76160685460588
              ],
              [
                -71.71973640890731,
                44.76160905652639
              ],
              [
                -71.72781956419624,
                44.77761575203598
              ],
              [
                -71.73590713503481,
                44.79362186122304
              ]
            ]
          ]
        ]
      }
    },
    {
      "type": "Feature",
      "properties": {
        "ABB_DIST_NAME": "SL",
        "Jurisdiction_County": "Essex",
        "Jurisdiction_District_Name": "Ferdinand"
      },
      "geometry": {
        "type": "MultiPolygon",
        "coordinates": [
          [
            [
              [
                -71.72136946741477,
                44.66723254698175
              ],
              [
                -71.7213917587146,
                44.66729633565406
              ],
              [
                -71.72142252442961,
                44.6673583264679
              ],
              [
                -71.72146147430273,
                44.667417972088444
              ],
              [
                -71.72150842640674,
                44.66748161117858
              ],
              [
                -71.72155804296044,
                44.66754140686898
              ],
              [
                -71.72161587269487,
                44.66759725838816
              ],
              [
                -71.72168135102673,
                44.66764866782191
              ],
              [
                -71.7217537778577,
                44.667695085936906
              ],
              [
                -71.72183240698848,
                44.66773601538126
              ],
              [
                -71.7218756906005,
                44.667754089950726
              ],
              [
                -71.72191643100898,
                44.66777110327352
              ],
              [
                -71.72200502485138,
                44.6677999021223
              ],
              [
                -71.72209721702067,
                44.667822163222134
              ],
              [
                -71.7221921009475,
                44.667837686008056
              ],
              [
                -71.72225339668024,
                44.667845372984786
              ],
              [
                -71.72234077089637,
                44.66785345799057
              ],
              [
                -71.72242880387584,
                44.667855754652976
              ],
              [
                -71.72251675850217,
                44.66785231014747
              ],
              [
                -71.7226038793462,
                44.66784312653122
              ],
              [
                -71.7226894998935,
                44.667828252364586
              ],
              [
                -71.72277280531726,
                44.6678078881864
              ],
              [
                -71.72285318702548,
                44.66778218374591
              ],
              [
                -71.722929912845,
                44.667751288852976
              ],
              [
                -71.72293643842126,
                44.66774839322765
              ],
              [
                -71.72301965732797,
                44.667715800216136
              ],
              [
                -71.7230978827724,
                44.66767741730898
              ],
              [
                -71.72317033510184,
                44.66763364507531
              ],
              [
                -71.72320329312043,
                44.66760926284134
              ],
              [
                -71.72323625238435,
                44.667584879706325
              ],
              [
                -71.72329499420067,
                44.66753167300612
              ],
              [
                -71.72330063455543,
                44.66752603289367
              ],
              [
                -71.7233443317831,
                44.667478216937994
              ],
              [
                -71.72338229799638,
                44.66742790522078
              ],
              [
                -71.72341425734501,
                44.66737554673003
              ],
              [
                -71.72348043818766,
                44.667347994941274
              ],
              [
                -71.72354336425936,
                44.66731684921671
              ],
              [
                -71.72357365604476,
                44.66729917652263
              ],
              [
                -71.72360265017534,
                44.66728226082744
              ],
              [
                -71.7236297612038,
                44.66726367017751
              ],
              [
                -71.72365789926533,
                44.667244376468645
              ],
              [
                -71.72371315872505,
                44.66720334784509
              ],
              [
                -71.72377400495455,
                44.6671537845626
              ],
              [
                -71.72382778955637,
                44.66710022801983
              ],
              [
                -71.72385046867429,
                44.66707222106648
              ],
              [
                -71.72387398632327,
                44.66704317770385
              ],
              [
                -71.72389357137429,
                44.667012386970626
              ],
              [
                -71.7239121465717,
                44.66698318312342
              ],
              [
                -71.7239419471042,
                44.6669208405348
              ],
              [
                -71.72395153556376,
                44.66690556751431
              ],
              [
                -71.72395450925727,
                44.66689912902043
              ],
              [
                -71.72399135520436,
                44.666843774449866
              ],
              [
                -71.7240209018735,
                44.66678617537415
              ],
              [
                -71.7241161101936,
                44.66657075047712
              ],
              [
                -71.72414039361291,
                44.66653286607939
              ],
              [
                -71.72415976316056,
                44.66649353362508
              ],
              [
                -71.72417403569028,
                44.66645315413525
              ],
              [
                -71.72423123273572,
                44.666409629450364
              ],
              [
                -71.72428286025568,
                44.66636266162157
              ],
              [
                -71.72430499895925,
                44.66633835586037
              ],
              [
                -71.7243284697444,
                44.66631259767767
              ],
              [
                -71.72434842879638,
                44.66628578073482
              ],
              [
                -71.72436770841104,
                44.66625988878773
              ],
              [
                -71.72439201822094,
                44.66622350197493
              ],
              [
                -71.72442584435504,
                44.66616645020386
              ],
              [
                -71.7244523029928,
                44.66610745226584
              ],
              [
                -71.72447118262667,
                44.666046956687985
              ],
              [
                -71.72447689305865,
                44.666023747018585
              ],
              [
                -71.72449813203718,
                44.6659605065126
              ],
              [
                -71.7245033950018,
                44.66594777873236
              ],
              [
                -71.72451013237786,
                44.66593465150162
              ],
              [
                -71.72453216918029,
                44.66588628482965
              ],
              [
                -71.72454915249683,
                44.665836919128864
              ],
              [
                -71.72456094406373,
                44.66578680543932
              ],
              [
                -71.72458311980115,
                44.66566501549352
              ],
              [
                -71.7245844096905,
                44.66565528265289
              ],
              [
                -71.72460733283894,
                44.66560237380292
              ],
              [
                -71.72462389625193,
                44.665548266275955
              ],
              [
                -71.72463397548267,
                44.66549331019737
              ],
              [
                -71.72463578836609,
                44.66546515511087
              ],
              [
                -71.72463753613988,
                44.66543800568909
              ],
              [
                -71.72463793224284,
                44.665399022183806
              ],
              [
                -71.72463463309695,
                44.66533727899226
              ],
              [
                -71.7246235879376,
                44.66527598356299
              ],
              [
                -71.72461975475039,
                44.66526026118895
              ],
              [
                -71.72461905299458,
                44.665240444756016
              ],
              [
                -71.72461179737134,
                44.6651716625479
              ],
              [
                -71.7245949108671,
                44.6651037787592
              ],
              [
                -71.72456856644509,
                44.66503744250026
              ],
              [
                -71.72454536294387,
                44.664988625544844
              ],
              [
                -71.72453757345183,
                44.66497285290563
              ],
              [
                -71.72450886963112,
                44.66492298798733
              ],
              [
                -71.724482059837,
                44.66488125947262
              ],
              [
                -71.72447202346777,
                44.66486613480954
              ],
              [
                -71.724440512494,
                44.66482385690782
              ],
              [
                -71.7244347144382,
                44.66481666949321
              ],
              [
                -71.72435414654656,
                44.66468374634861
              ],
              [
                -71.72435418931309,
                44.664637325326076
              ],
              [
                -71.72434899631072,
                44.66459110362116
              ],
              [
                -71.72433861027942,
                44.664545281304974
              ],
              [
                -71.72432969736111,
                44.66447759651215
              ],
              [
                -71.72432001222298,
                44.66444285603128
              ],
              [
                -71.72432516142273,
                44.664379364068964
              ],
              [
                -71.72432102035006,
                44.664315821604724
              ],
              [
                -71.7243143264994,
                44.66428437533728
              ],
              [
                -71.72430763392866,
                44.6642529281781
              ],
              [
                -71.72430706361378,
                44.664240284070836
              ],
              [
                -71.7243064935391,
                44.6642276219668
              ],
              [
                -71.72432150521608,
                44.664194740171716
              ],
              [
                -71.72433668832616,
                44.664161483373526
              ],
              [
                -71.72434718349317,
                44.66412687275536
              ],
              [
                -71.72435730403856,
                44.66409349877738
              ],
              [
                -71.72436262860889,
                44.664059497380386
              ],
              [
                -71.72436812964622,
                44.66402436598581
              ],
              [
                -71.72436906820062,
                44.663954833074065
              ],
              [
                -71.72436011232256,
                44.66388555063227
              ],
              [
                -71.72435071654343,
                44.66385143305847
              ],
              [
                -71.72434132077508,
                44.66381731548377
              ],
              [
                -71.72431292450307,
                44.66375077803255
              ],
              [
                -71.72427521056213,
                44.66368663585723
              ],
              [
                -71.72422854036924,
                44.6636255888394
              ],
              [
                -71.7241734481674,
                44.66356823634263
              ],
              [
                -71.72416547332993,
                44.66351362829388
              ],
              [
                -71.72415115727999,
                44.66345966920109
              ],
              [
                -71.72413063780654,
                44.66340680725671
              ],
              [
                -71.72412404014302,
                44.66339208208624
              ],
              [
                -71.72411572998733,
                44.66337377261006
              ],
              [
                -71.7241073206127,
                44.6633552446792
              ],
              [
                -71.72409661500046,
                44.66333728609307
              ],
              [
                -71.72408607341467,
                44.663319603994914
              ],
              [
                -71.72407338036396,
                44.6633026983053
              ],
              [
                -71.72406043954433,
                44.66328546156117
              ],
              [
                -71.7240555004794,
                44.6632781737715
              ],
              [
                -71.7240167602085,
                44.66321473006743
              ],
              [
                -71.72396924844236,
                44.663154431351025
              ],
              [
                -71.7239133840067,
                44.66309792659824
              ],
              [
                -71.72384980084361,
                44.66304571325987
              ],
              [
                -71.72377912838436,
                44.66299834275087
              ],
              [
                -71.72370206922884,
                44.662956363384154
              ],
              [
                -71.72367771674634,
                44.66294443322869
              ],
              [
                -71.72364452053057,
                44.662929907882045
              ],
              [
                -71.72358919271122,
                44.66289691245285
              ],
              [
                -71.72353033694698,
                44.66286721280466
              ],
              [
                -71.723468367388,
                44.66284095573487
              ],
              [
                -71.72344925122182,
                44.66282972527377
              ],
              [
                -71.72334685719171,
                44.66276368599191
              ],
              [
                -71.72332533804537,
                44.662750257768955
              ],
              [
                -71.72331628483568,
                44.66274531594866
              ],
              [
                -71.7232617544219,
                44.6626938027873
              ],
              [
                -71.72320062773201,
                44.66264628176108
              ],
              [
                -71.72313343790685,
                44.662603054358804
              ],
              [
                -71.72306079994921,
                44.66256461790843
              ],
              [
                -71.7230220871413,
                44.66254794544389
              ],
              [
                -71.72298337308284,
                44.66253127385756
              ],
              [
                -71.72294179686608,
                44.66251704405717
              ],
              [
                -71.72290183985643,
                44.66250337060934
              ],
              [
                -71.7228594077203,
                44.662492238769296
              ],
              [
                -71.72281697307893,
                44.662481106896394
              ],
              [
                -71.72277259327497,
                44.66247107316747
              ],
              [
                -71.72268816663366,
                44.662454850798674
              ],
              [
                -71.72260179980923,
                44.66244501717156
              ],
              [
                -71.7225164588086,
                44.662434286046
              ],
              [
                -71.72243008392114,
                44.66242949357044
              ],
              [
                -71.7223434638605,
                44.662430591118195
              ],
              [
                -71.72225136059507,
                44.6624256992061
              ],
              [
                -71.72215900227762,
                44.66242724619019
              ],
              [
                -71.7220673018527,
                44.66243513389824
              ],
              [
                -71.72197709346877,
                44.66244931041983
              ],
              [
                -71.7218892270442,
                44.66246967625896
              ],
              [
                -71.72180456266236,
                44.662496032100506
              ],
              [
                -71.7217238356524,
                44.66252807879068
              ],
              [
                -71.72171309874976,
                44.66253222173229
              ],
              [
                -71.72162593470834,
                44.6625564321019
              ],
              [
                -71.72154248975347,
                44.66258653161625
              ],
              [
                -71.72146353695595,
                44.66262232217219
              ],
              [
                -71.72138984646035,
                44.66266335367153
              ],
              [
                -71.72132209495219,
                44.662709376061564
              ],
              [
                -71.72127037240591,
                44.66274806179557
              ],
              [
                -71.7212501336341,
                44.66276373533469
              ],
              [
                -71.7212398172113,
                44.66277282074425
              ],
              [
                -71.7212151400976,
                44.66278904265843
              ],
              [
                -71.7211499850166,
                44.662836164351496
              ],
              [
                -71.72112074640576,
                44.662861846562635
              ],
              [
                -71.72109150776906,
                44.66288752876599
              ],
              [
                -71.72104024902883,
                44.66294268604169
              ],
              [
                -71.72099666689948,
                44.663001138059144
              ],
              [
                -71.72096119940603,
                44.6630622857705
              ],
              [
                -71.72093308339818,
                44.663118242503025
              ],
              [
                -71.72090887107062,
                44.66317364901202
              ],
              [
                -71.72089146629096,
                44.663230304246596
              ],
              [
                -71.72088091160379,
                44.6632878575325
              ],
              [
                -71.72086465671237,
                44.66335778988409
              ],
              [
                -71.72085862084981,
                44.66342827160704
              ],
              [
                -71.72085836658688,
                44.66344584165312
              ],
              [
                -71.72085609491114,
                44.663470650367174
              ],
              [
                -71.72085548873203,
                44.66348258003177
              ],
              [
                -71.720815495585,
                44.66353908474174
              ],
              [
                -71.72078303606757,
                44.663597986023646
              ],
              [
                -71.72075835900914,
                44.66365878342791
              ],
              [
                -71.72074172522936,
                44.66372092888993
              ],
              [
                -71.7207375715794,
                44.663751801898584
              ],
              [
                -71.72073325116214,
                44.663783921953886
              ],
              [
                -71.7207329971313,
                44.663847214983704
              ],
              [
                -71.72073580447761,
                44.6638935861648
              ],
              [
                -71.72073910185918,
                44.663928228471256
              ],
              [
                -71.72075033093334,
                44.66398657921646
              ],
              [
                -71.72076338555539,
                44.66403799235728
              ],
              [
                -71.72076644723805,
                44.66404947369054
              ],
              [
                -71.72077700040457,
                44.66408156834209
              ],
              [
                -71.72077208780854,
                44.66413897202325
              ],
              [
                -71.72077514959278,
                44.664196474210065
              ],
              [
                -71.72078612442542,
                44.6642534778385
              ],
              [
                -71.72077882516218,
                44.66428487383288
              ],
              [
                -71.72077513176409,
                44.66431367477177
              ],
              [
                -71.72077103530076,
                44.66435505469885
              ],
              [
                -71.72076883223805,
                44.66441615122548
              ],
              [
                -71.72077426326963,
                44.66447714775424
              ],
              [
                -71.72078729030427,
                44.66453759496556
              ],
              [
                -71.72078366733538,
                44.66455426640415
              ],
              [
                -71.72077763192982,
                44.66462469591613
              ],
              [
                -71.72077742145163,
                44.66462948833728
              ],
              [
                -71.72077082445742,
                44.66468234853872
              ],
              [
                -71.72077001837755,
                44.66473545793248
              ],
              [
                -71.7207725170009,
                44.6647624274912
              ],
              [
                -71.7207749385568,
                44.6647884669098
              ],
              [
                -71.72078429890801,
                44.66485190922085
              ],
              [
                -71.72079749260728,
                44.664913853226054
              ],
              [
                -71.72081571440583,
                44.66496776108063
              ],
              [
                -71.72081777536364,
                44.66497290196828
              ],
              [
                -71.72082448666282,
                44.665001404027784
              ],
              [
                -71.72084161054308,
                44.665077123769834
              ],
              [
                -71.72084483906679,
                44.665101383256136
              ],
              [
                -71.72085567278373,
                44.665157736166336
              ],
              [
                -71.72087303473899,
                44.66521324179503
              ],
              [
                -71.72088518787437,
                44.66524104394349
              ],
              [
                -71.72089677204015,
                44.66526754812867
              ],
              [
                -71.72092108266635,
                44.66531586492226
              ],
              [
                -71.72093589056097,
                44.665392035003656
              ],
              [
                -71.72094021524403,
                44.66542917077341
              ],
              [
                -71.72094943458764,
                44.6655075858169
              ],
              [
                -71.7209554272436,
                44.66555096218726
              ],
              [
                -71.720961681041,
                44.665572300477514
              ],
              [
                -71.7209679361038,
                44.66559363877596
              ],
              [
                -71.72096765598221,
                44.66561455272993
              ],
              [
                -71.7209719362041,
                44.665686079411344
              ],
              [
                -71.7209644272106,
                44.665733597786975
              ],
              [
                -71.72096136486041,
                44.665769136206215
              ],
              [
                -71.72095830375504,
                44.66580467553356
              ],
              [
                -71.72096040938183,
                44.66585713524263
              ],
              [
                -71.72096340095304,
                44.66588883001751
              ],
              [
                -71.7209736903088,
                44.665953268546595
              ],
              [
                -71.7209925692585,
                44.66601670916378
              ],
              [
                -71.7210198699028,
                44.66607860267035
              ],
              [
                -71.72105533801162,
                44.666138348881724
              ],
              [
                -71.72109863919036,
                44.666195401060136
              ],
              [
                -71.7211077195389,
                44.666239773986
              ],
              [
                -71.72111113162846,
                44.66625005630679
              ],
              [
                -71.7211145437312,
                44.66626033772766
              ],
              [
                -71.72111576297301,
                44.66630620849436
              ],
              [
                -71.72112322957788,
                44.66635177990008
              ],
              [
                -71.72113005296272,
                44.66637410027217
              ],
              [
                -71.72113693192063,
                44.66639660280593
              ],
              [
                -71.72113871273032,
                44.66642869607825
              ],
              [
                -71.72114093219867,
                44.666498375559
              ],
              [
                -71.72114643246222,
                44.66655782196409
              ],
              [
                -71.7211591626078,
                44.666616770525415
              ],
              [
                -71.72117902285318,
                44.666674669811144
              ],
              [
                -71.72121198185737,
                44.66675542900677
              ],
              [
                -71.72123268557928,
                44.66680035093767
              ],
              [
                -71.72125771242116,
                44.666844124352714
              ],
              [
                -71.72128686512906,
                44.66688660121773
              ],
              [
                -71.72132714874387,
                44.66694040652577
              ],
              [
                -71.7213340700383,
                44.66694949067882
              ],
              [
                -71.72135603631659,
                44.666975096386835
              ],
              [
                -71.72135509760965,
                44.66698445811769
              ],
              [
                -71.72135419392325,
                44.66699346462026
              ],
              [
                -71.72135178213244,
                44.66703608982079
              ],
              [
                -71.7213510102608,
                44.667092142157394
              ],
              [
                -71.72135515057673,
                44.66716266894512
              ],
              [
                -71.72136946741477,
                44.66723254698175
              ]
            ],
            [
              [
                -71.72267809248567,
                44.66679405100122
              ],
              [
                -71.72264016123304,
                44.66681078684121
              ],
              [
                -71.72260710207696,
                44.66684124266428
              ],
              [
                -71.72256872294138,
                44.66691883948706
              ],
              [
                -71.72253714082736,
                44.666979448048295
              ],
              [
                -71.7225295900697,
                44.66703564412713
              ],
              [
                -71.72252899922354,
                44.66707937154783
              ],
              [
                -71.72252864208241,
                44.667106276620125
              ],
              [
                -71.72251814497227,
                44.66712808032806
              ],
              [
                -71.72251250842422,
                44.667133715928564
              ],
              [
                -71.72248720583532,
                44.66714010855863
              ],
              [
                -71.72247109703281,
                44.66714729270973
              ],
              [
                -71.72242010866115,
                44.667170061710195
              ],
              [
                -71.7223829084069,
                44.667165394327235
              ],
              [
                -71.72235878218859,
                44.66716236741356
              ],
              [
                -71.72231185142763,
                44.66709868471887
              ],
              [
                -71.7223125946812,
                44.667042628581136
              ],
              [
                -71.72232437858621,
                44.66692563148487
              ],
              [
                -71.72234547395905,
                44.66688436637371
              ],
              [
                -71.72234252917958,
                44.666840435793645
              ],
              [
                -71.72229571813018,
                44.666776780001605
              ],
              [
                -71.7222753964413,
                44.666759621490904
              ],
              [
                -71.72227223082345,
                44.66673268162879
              ],
              [
                -71.72225592167489,
                44.66668865463341
              ],
              [
                -71.72223344213663,
                44.666672364237826
              ],
              [
                -71.72221182190525,
                44.66665669433314
              ],
              [
                -71.72217476638002,
                44.66661746927123
              ],
              [
                -71.72213451004504,
                44.66656365634569
              ],
              [
                -71.72210155369207,
                44.666482893831834
              ],
              [
                -71.72209914385827,
                44.66640727902254
              ],
              [
                -71.7220935548343,
                44.66630725571623
              ],
              [
                -71.7220963301246,
                44.66629718475505
              ],
              [
                -71.72207429257175,
                44.66624861822782
              ],
              [
                -71.72208289004784,
                44.66620846941572
              ],
              [
                -71.72206983609885,
                44.666157167139055
              ],
              [
                -71.72205008803078,
                44.66610591195192
              ],
              [
                -71.7220509289797,
                44.66604247445537
              ],
              [
                -71.72206851375796,
                44.666001192674315
              ],
              [
                -71.72207947516044,
                44.665954855037825
              ],
              [
                -71.72204064185624,
                44.66591687590153
              ],
              [
                -71.72202397468517,
                44.665890028537504
              ],
              [
                -71.72198291171769,
                44.66588723173412
              ],
              [
                -71.72194905486718,
                44.6658724143277
              ],
              [
                -71.721922075476,
                44.665842903132585
              ],
              [
                -71.72191909726597,
                44.66581120757358
              ],
              [
                -71.72192653001115,
                44.66576499529524
              ],
              [
                -71.72195094713898,
                44.665730959413
              ],
              [
                -71.72195159070573,
                44.66568219011094
              ],
              [
                -71.72194889100948,
                44.66566983116025
              ],
              [
                -71.72194518950211,
                44.66565289560708
              ],
              [
                -71.72192845999596,
                44.665621101860864
              ],
              [
                -71.72192891359997,
                44.66558700530621
              ],
              [
                -71.72192985975872,
                44.66551627739616
              ],
              [
                -71.7219269803354,
                44.66547729228297
              ],
              [
                -71.72190691258238,
                44.66545024264805
              ],
              [
                -71.72189774666337,
                44.665372262704665
              ],
              [
                -71.7218915142813,
                44.6653185708027
              ],
              [
                -71.72185493871314,
                44.665122054240356
              ],
              [
                -71.72182469316697,
                44.66508287635537
              ],
              [
                -71.7218013573966,
                44.66503638782656
              ],
              [
                -71.72179515497808,
                44.664989984546864
              ],
              [
                -71.72177254711082,
                44.66488985152884
              ],
              [
                -71.72175643914518,
                44.66482161805577
              ],
              [
                -71.72173984356571,
                44.664780028695034
              ],
              [
                -71.72173047820635,
                44.66471660082591
              ],
              [
                -71.72173784197304,
                44.66467516663969
              ],
              [
                -71.72173844096069,
                44.66463124847812
              ],
              [
                -71.72175939789298,
                44.66459963772375
              ],
              [
                -71.72177409553167,
                44.664519374400875
              ],
              [
                -71.72175412820624,
                44.664485036992
              ],
              [
                -71.72172949948917,
                44.66440326198963
              ],
              [
                -71.7217335750288,
                44.6643618872853
              ],
              [
                -71.72177911188409,
                44.66426706287872
              ],
              [
                -71.72179687212625,
                44.6642208390786
              ],
              [
                -71.7217872892619,
                44.664174423555956
              ],
              [
                -71.72173311501727,
                44.66414237820825
              ],
              [
                -71.72174384929141,
                44.664103489453865
              ],
              [
                -71.72176830062604,
                44.66406704025658
              ],
              [
                -71.72175500717815,
                44.664032844614816
              ],
              [
                -71.7217319221042,
                44.663976701662534
              ],
              [
                -71.72170878978176,
                44.66391561153933
              ],
              [
                -71.72169573255788,
                44.66386423808397
              ],
              [
                -71.72169293572252,
                44.66381787239725
              ],
              [
                -71.72171378405551,
                44.66379605380369
              ],
              [
                -71.72175129392846,
                44.66379145797122
              ],
              [
                -71.72176873424895,
                44.6637697016354
              ],
              [
                -71.72178624706277,
                44.663742997147075
              ],
              [
                -71.72180950647196,
                44.66365415294603
              ],
              [
                -71.72184091224737,
                44.66361540953402
              ],
              [
                -71.72183132567041,
                44.66356899308499
              ],
              [
                -71.72181490162168,
                44.66351516962268
              ],
              [
                -71.72181887850094,
                44.66347135726125
              ],
              [
                -71.72181936982639,
                44.66343482037632
              ],
              [
                -71.7218334406003,
                44.66340081929529
              ],
              [
                -71.72183753732565,
                44.66334964912692
              ],
              [
                -71.72186564881088,
                44.663293691243055
              ],
              [
                -71.72192085094343,
                44.663257419129735
              ],
              [
                -71.72195172438475,
                44.6632406345347
              ],
              [
                -71.72196572268675,
                44.66322128089327
              ],
              [
                -71.72201744407157,
                44.66318258494046
              ],
              [
                -71.72206535119574,
                44.66317319578045
              ],
              [
                -71.72209972640876,
                44.66316856138172
              ],
              [
                -71.7222301182436,
                44.66311086307033
              ],
              [
                -71.72227115171685,
                44.66311609746043
              ],
              [
                -71.72230178632013,
                44.66312612327469
              ],
              [
                -71.72233238237911,
                44.66313846700478
              ],
              [
                -71.72239411270886,
                44.663114502285815
              ],
              [
                -71.72244193476008,
                44.66312203353016
              ],
              [
                -71.72248274865208,
                44.66312483027352
              ],
              [
                -71.72252713147157,
                44.66313486053493
              ],
              [
                -71.72254373205169,
                44.66316664972967
              ],
              [
                -71.72256391796785,
                44.66318387927212
              ],
              [
                -71.72265532911543,
                44.66325037184641
              ],
              [
                -71.72270283295073,
                44.66327257396374
              ],
              [
                -71.72282134272177,
                44.66334895914642
              ],
              [
                -71.72289253580907,
                44.663390839794125
              ],
              [
                -71.72292313333438,
                44.663413098661785
              ],
              [
                -71.72294681110205,
                44.66342541675021
              ],
              [
                -71.72298424714914,
                44.6634353842681
              ],
              [
                -71.72300810963935,
                44.66344284314844
              ],
              [
                -71.72301138167154,
                44.663452673606116
              ],
              [
                -71.72301449783755,
                44.66347464468443
              ],
              [
                -71.72306545482952,
                44.66349210328296
              ],
              [
                -71.72313356588306,
                44.66350957415965
              ],
              [
                -71.72315773927905,
                44.663521421319324
              ],
              [
                -71.72314694605853,
                44.66352665921105
              ],
              [
                -71.72317177672198,
                44.663556612670426
              ],
              [
                -71.72320912834061,
                44.66360152151953
              ],
              [
                -71.72321574514024,
                44.66361621447545
              ],
              [
                -71.72322428592972,
                44.66374064740206
              ],
              [
                -71.72324389711673,
                44.66381142607584
              ],
              [
                -71.72323975287554,
                44.663867471717985
              ],
              [
                -71.72327975021874,
                44.66395062881072
              ],
              [
                -71.72333431566301,
                44.66395342698406
              ],
              [
                -71.7233447702088,
                44.663954387199986
              ],
              [
                -71.72335470555123,
                44.663955984625005
              ],
              [
                -71.7233802551194,
                44.663968854401986
              ],
              [
                -71.72340906506476,
                44.663983179911796
              ],
              [
                -71.7233674084975,
                44.66403409741414
              ],
              [
                -71.72333948984931,
                44.66406558912942
              ],
              [
                -71.72333569390399,
                44.664104621511086
              ],
              [
                -71.7233418589273,
                44.66415343893732
              ],
              [
                -71.72335109073528,
                44.66435949180972
              ],
              [
                -71.72336443231399,
                44.66437910893695
              ],
              [
                -71.72334653492604,
                44.66444475945373
              ],
              [
                -71.72333930441808,
                44.66447639635639
              ],
              [
                -71.72337895189584,
                44.66457663684875
              ],
              [
                -71.72338166482328,
                44.66462778407614
              ],
              [
                -71.72339470499402,
                44.664671775198045
              ],
              [
                -71.72338723882017,
                44.66472049542193
              ],
              [
                -71.72337313478837,
                44.66475703062656
              ],
              [
                -71.72337910117955,
                44.66481072064427
              ],
              [
                -71.72339591504543,
                44.664844832942016
              ],
              [
                -71.72342275697325,
                44.664874272665784
              ],
              [
                -71.72357489955122,
                44.66512529862346
              ],
              [
                -71.72360851704802,
                44.66516683155282
              ],
              [
                -71.72363532456409,
                44.6652085989514
              ],
              [
                -71.72365849281164,
                44.66525745544647
              ],
              [
                -71.72366097100448,
                44.66532819315393
              ],
              [
                -71.72367711386423,
                44.66539408410667
              ],
              [
                -71.72367670337965,
                44.6654330576117
              ],
              [
                -71.72365230663385,
                44.6654670688058
              ],
              [
                -71.72363447611167,
                44.66551816635614
              ],
              [
                -71.72363027846522,
                44.665576624309736
              ],
              [
                -71.72360809952242,
                44.665698413150274
              ],
              [
                -71.7235906233596,
                44.665732402984105
              ],
              [
                -71.72356952462133,
                44.665783464804235
              ],
              [
                -71.72353563424605,
                44.66588438862765
              ],
              [
                -71.72352483358652,
                44.6659282194298
              ],
              [
                -71.7235005120745,
                44.66596460148058
              ],
              [
                -71.72343865182378,
                44.66598856410213
              ],
              [
                -71.72340064741935,
                44.66601999533918
              ],
              [
                -71.72335930145826,
                44.666039229766405
              ],
              [
                -71.72333853647136,
                44.666063479893694
              ],
              [
                -71.7233073300533,
                44.666097372706346
              ],
              [
                -71.72327916456445,
                44.6661654947242
              ],
              [
                -71.72323712452781,
                44.66623583875186
              ],
              [
                -71.72324340192696,
                44.66628465423006
              ],
              [
                -71.72321895275937,
                44.66632103355049
              ],
              [
                -71.7231045410771,
                44.66657988303763
              ],
              [
                -71.72308366966574,
                44.666604242182096
              ],
              [
                -71.72305931181562,
                44.666633295866625
              ],
              [
                -71.72305569891407,
                44.66665755913612
              ],
              [
                -71.72302092108181,
                44.66669388164246
              ],
              [
                -71.72302058159413,
                44.66672807256278
              ],
              [
                -71.72296530955748,
                44.66676909626935
              ],
              [
                -71.72294219116364,
                44.66677653696605
              ],
              [
                -71.72292073692701,
                44.66678344183227
              ],
              [
                -71.72287631605938,
                44.66678557834259
              ],
              [
                -71.72279072943661,
                44.66679227624132
              ],
              [
                -71.72273616388236,
                44.666789477808365
              ],
              [
                -71.72271233165844,
                44.66679135481559
              ],
              [
                -71.72267809248567,
                44.66679405100122
              ]
            ]
          ],
          [
            [
              [
                -71.74156067324533,
                44.70737444909041
              ],
              [
                -71.74157798237479,
                44.7073836765338
              ],
              [
                -71.74163784585255,
                44.70741485010533
              ],
              [
                -71.74177154189651,
                44.70749260997267
              ],
              [
                -71.7417942096706,
                44.70750537901126
              ],
              [
                -71.74198119805796,
                44.70760762892781
              ],
              [
                -71.74203001756929,
                44.707632617697186
              ],
              [
                -71.7421762474008,
                44.70770259685907
              ],
              [
                -71.74220946975933,
                44.707717809815556
              ],
              [
                -71.74228973033745,
                44.707749282170354
              ],
              [
                -71.74237074500972,
                44.70777751349513
              ],
              [
                -71.74237745691566,
                44.70777985729295
              ],
              [
                -71.7424217868308,
                44.70779313797481
              ],
              [
                -71.74246453293028,
                44.7078059437799
              ],
              [
                -71.74253218686822,
                44.707823500719755
              ],
              [
                -71.74255982722161,
                44.707829474968136
              ],
              [
                -71.74258848936219,
                44.70783567196498
              ],
              [
                -71.74266171552347,
                44.70787078523613
              ],
              [
                -71.74273933465659,
                44.70790076120481
              ],
              [
                -71.74282053413324,
                44.707925400993595
              ],
              [
                -71.74295644792102,
                44.707961412937976
              ],
              [
                -71.74303036640704,
                44.707981391372
              ],
              [
                -71.7431000220091,
                44.708000217517224
              ],
              [
                -71.74314104662982,
                44.70800986647305
              ],
              [
                -71.74318060560121,
                44.708019170934655
              ],
              [
                -71.74326320840213,
                44.708032986589046
              ],
              [
                -71.74334721585195,
                44.70804156591363
              ],
              [
                -71.74343195032115,
                44.70804480812581
              ],
              [
                -71.74351672908068,
                44.708042713201124
              ],
              [
                -71.74360094637268,
                44.708035281626856
              ],
              [
                -71.74366878466009,
                44.70802710168192
              ],
              [
                -71.74376373811563,
                44.708012038758184
              ],
              [
                -71.74385605281093,
                44.70799019185918
              ],
              [
                -71.7439447613717,
                44.70796171207118
              ],
              [
                -71.74402897902323,
                44.7079269976054
              ],
              [
                -71.74410779327609,
                44.707886346601626
              ],
              [
                -71.74418039505593,
                44.70784015957583
              ],
              [
                -71.74425984858358,
                44.7078333763196
              ],
              [
                -71.74427370016674,
                44.70783158087043
              ],
              [
                -71.74433197698706,
                44.707823750317296
              ],
              [
                -71.74440820894081,
                44.70781123121088
              ],
              [
                -71.74448274323773,
                44.7077943722543
              ],
              [
                -71.74455512491694,
                44.707773223535966
              ],
              [
                -71.74461341888299,
                44.70775417107178
              ],
              [
                -71.74465681818376,
                44.70773900756674
              ],
              [
                -71.74469326769753,
                44.70772474298705
              ],
              [
                -71.74475935118106,
                44.707697559081836
              ],
              [
                -71.74480826787885,
                44.707676061541676
              ],
              [
                -71.74484097193863,
                44.70765995162844
              ],
              [
                -71.74491515373701,
                44.707621844076705
              ],
              [
                -71.7449622104797,
                44.707596056899106
              ],
              [
                -71.74499792322418,
                44.707573513575625
              ],
              [
                -71.74506821767595,
                44.70754563110228
              ],
              [
                -71.74513425790822,
                44.70751291044519
              ],
              [
                -71.74519542922947,
                44.70747565261857
              ],
              [
                -71.74522939650458,
                44.70746068842911
              ],
              [
                -71.74526301386165,
                44.70744303208512
              ],
              [
                -71.74535111671699,
                44.707417444009955
              ],
              [
                -71.74543501001757,
                44.70738542339156
              ],
              [
                -71.74547438936193,
                44.70736639399642
              ],
              [
                -71.74551376993072,
                44.70734736549568
              ],
              [
                -71.74558654698463,
                44.70730367328063
              ],
              [
                -71.74565043863066,
                44.707279131813664
              ],
              [
                -71.7457100924686,
                44.70724965331003
              ],
              [
                -71.74577877286286,
                44.7072272581891
              ],
              [
                -71.74582631150217,
                44.70720735654998
              ],
              [
                -71.74585663045345,
                44.70719743097582
              ],
              [
                -71.74586547253489,
                44.707194138998496
              ],
              [
                -71.74595120596247,
                44.707161468716606
              ],
              [
                -71.74602166841358,
                44.70713204161736
              ],
              [
                -71.74608815597728,
                44.70709822366898
              ],
              [
                -71.74615015740551,
                44.70706031927295
              ],
              [
                -71.74618360303424,
                44.70707034096592
              ],
              [
                -71.74619801522189,
                44.70707453068758
              ],
              [
                -71.74627381192204,
                44.70710750062915
              ],
              [
                -71.74635358039065,
                44.707135282650285
              ],
              [
                -71.74643660515447,
                44.707157678540966
              ],
              [
                -71.74652218086572,
                44.70717448745994
              ],
              [
                -71.746609600234,
                44.70718556075
              ],
              [
                -71.74669805439146,
                44.70719079768089
              ],
              [
                -71.74678683349778,
                44.70719014857311
              ],
              [
                -71.74687512104337,
                44.70718361524053
              ],
              [
                -71.74696218952406,
                44.707171245082044
              ],
              [
                -71.74699330563628,
                44.70716580871559
              ],
              [
                -71.74708580391199,
                44.707145956413555
              ],
              [
                -71.74717504774159,
                44.70711967162183
              ],
              [
                -71.7472601329263,
                44.70708710137296
              ],
              [
                -71.74735945680327,
                44.707044355122896
              ],
              [
                -71.7474083989235,
                44.70702350546916
              ],
              [
                -71.74748183387172,
                44.70698889017521
              ],
              [
                -71.74755051656001,
                44.706949585586486
              ],
              [
                -71.74761384491511,
                44.706905991804675
              ],
              [
                -71.74767132353696,
                44.70685845743996
              ],
              [
                -71.74772245828107,
                44.706807332010975
              ],
              [
                -71.74778288370788,
                44.70676463512082
              ],
              [
                -71.74783751172147,
                44.70671814828898
              ],
              [
                -71.74788591065227,
                44.70666826914101
              ],
              [
                -71.74789636781195,
                44.706656398897515
              ],
              [
                -71.74795440702302,
                44.70660627003862
              ],
              [
                -71.74800538436095,
                44.70655245091204
              ],
              [
                -71.74804886941534,
                44.706495340053195
              ],
              [
                -71.74808442542147,
                44.706435534835144
              ],
              [
                -71.74811172540392,
                44.706373535262536
              ],
              [
                -71.74813053386518,
                44.70630998862624
              ],
              [
                -71.74813888580823,
                44.706273378559274
              ],
              [
                -71.74814304462964,
                44.70625020804652
              ],
              [
                -71.74814721984711,
                44.70622694045112
              ],
              [
                -71.74815589603602,
                44.70616060127387
              ],
              [
                -71.74816000968283,
                44.70609052082736
              ],
              [
                -71.74815407107957,
                44.7060205397855
              ],
              [
                -71.74814621103323,
                44.705970511507815
              ],
              [
                -71.74814628139278,
                44.705965173701735
              ],
              [
                -71.74814546528897,
                44.705929859439046
              ],
              [
                -71.74814494772416,
                44.70592197821476
              ],
              [
                -71.74814169276308,
                44.705879031952556
              ],
              [
                -71.74813849098719,
                44.705833342212784
              ],
              [
                -71.74813280702719,
                44.70578570762249
              ],
              [
                -71.7481224899459,
                44.705738521280914
              ],
              [
                -71.7481075844831,
                44.70569193466635
              ],
              [
                -71.74807771497035,
                44.70561157757113
              ],
              [
                -71.74807310822162,
                44.70559965672107
              ],
              [
                -71.74804976399821,
                44.705541131216044
              ],
              [
                -71.7480261754123,
                44.705481990357626
              ],
              [
                -71.74800416563491,
                44.70543365611747
              ],
              [
                -71.74799363730888,
                44.7054141037257
              ],
              [
                -71.74795302956922,
                44.70534202795464
              ],
              [
                -71.74794565953381,
                44.70531479312103
              ],
              [
                -71.74793625834725,
                44.70528703556161
              ],
              [
                -71.74792693976542,
                44.7052595260207
              ],
              [
                -71.74792429841432,
                44.70525194397736
              ],
              [
                -71.74791756159605,
                44.7052339877907
              ],
              [
                -71.74789849836955,
                44.70518595370474
              ],
              [
                -71.74788791094443,
                44.70513238159048
              ],
              [
                -71.74788637650295,
                44.70509954184398
              ],
              [
                -71.74788490120444,
                44.70506778687913
              ],
              [
                -71.74787313648648,
                44.70500369065276
              ],
              [
                -71.74785274029337,
                44.70494069216269
              ],
              [
                -71.74782390616656,
                44.70487943881495
              ],
              [
                -71.7478271909083,
                44.70485857802138
              ],
              [
                -71.74783037042026,
                44.70483843736305
              ],
              [
                -71.74783123885055,
                44.70482077963532
              ],
              [
                -71.74783210728019,
                44.704803121907524
              ],
              [
                -71.74783254557613,
                44.704769373642804
              ],
              [
                -71.74783296699496,
                44.70473683114707
              ],
              [
                -71.7478321511007,
                44.704701515976154
              ],
              [
                -71.74782913369467,
                44.70466899312686
              ],
              [
                -71.74782480877832,
                44.704641359879794
              ],
              [
                -71.7478212302402,
                44.70461377654386
              ],
              [
                -71.74781186881609,
                44.7045583091809
              ],
              [
                -71.7478109558171,
                44.70455426886759
              ],
              [
                -71.74780979004616,
                44.704549479963454
              ],
              [
                -71.74780092099552,
                44.704516308431344
              ],
              [
                -71.74779656944227,
                44.70450174441104
              ],
              [
                -71.74778555096172,
                44.704459744994026
              ],
              [
                -71.74775631207905,
                44.70439225617615
              ],
              [
                -71.74771750196817,
                44.70432731134386
              ],
              [
                -71.74766954255445,
                44.70426555850295
              ],
              [
                -71.74761293271105,
                44.70420764706472
              ],
              [
                -71.7475482703954,
                44.7041541748973
              ],
              [
                -71.74747626332787,
                44.70410574059175
              ],
              [
                -71.74742854130233,
                44.70407975166793
              ],
              [
                -71.74738271386119,
                44.704041842392144
              ],
              [
                -71.74733199833253,
                44.70400722515287
              ],
              [
                -71.74727688043433,
                44.70397619921577
              ],
              [
                -71.74722417428669,
                44.703936094650125
              ],
              [
                -71.74716673963061,
                44.70389943254521
              ],
              [
                -71.74713515487521,
                44.70388255528284
              ],
              [
                -71.74710503382585,
                44.703866460684836
              ],
              [
                -71.74707202232516,
                44.70384371467934
              ],
              [
                -71.74701057032976,
                44.703804508058674
              ],
              [
                -71.74700128976923,
                44.703798743232326
              ],
              [
                -71.7469923396602,
                44.70379318486387
              ],
              [
                -71.74692990593246,
                44.703758367790925
              ],
              [
                -71.7468997982308,
                44.703743004854
              ],
              [
                -71.74688681413973,
                44.7037362706892
              ],
              [
                -71.74687920921643,
                44.70372574557541
              ],
              [
                -71.74685368890108,
                44.70369272422978
              ],
              [
                -71.7468193971682,
                44.703651073378815
              ],
              [
                -71.74679587061246,
                44.7036251564668
              ],
              [
                -71.74677316515034,
                44.70360014487624
              ],
              [
                -71.74672048671928,
                44.703552507104234
              ],
              [
                -71.74666185953316,
                44.70350851160228
              ],
              [
                -71.74665753095294,
                44.70350485190819
              ],
              [
                -71.7466530688156,
                44.703501079743965
              ],
              [
                -71.74661230306211,
                44.7034686561053
              ],
              [
                -71.74654047234077,
                44.7034203708528
              ],
              [
                -71.74649415259587,
                44.703392287695344
              ],
              [
                -71.74646724688992,
                44.70337757300799
              ],
              [
                -71.74645218409069,
                44.70336300665139
              ],
              [
                -71.74641842817616,
                44.70331452258978
              ],
              [
                -71.74637936316172,
                44.70326803278252
              ],
              [
                -71.74634887810474,
                44.70323481117581
              ],
              [
                -71.74630372632089,
                44.70318966883653
              ],
              [
                -71.7462758638814,
                44.70316662271316
              ],
              [
                -71.7462717235901,
                44.7031576943683
              ],
              [
                -71.74624781759117,
                44.7031155440426
              ],
              [
                -71.74620985098959,
                44.70305453866204
              ],
              [
                -71.74616783795332,
                44.70299497971275
              ],
              [
                -71.74614286251024,
                44.70296679612269
              ],
              [
                -71.7461178870913,
                44.702938612527184
              ],
              [
                -71.7460605060967,
                44.702885987592566
              ],
              [
                -71.74599621913976,
                44.702837552014685
              ],
              [
                -71.74593095185173,
                44.702792907551704
              ],
              [
                -71.74586863101655,
                44.70275389975254
              ],
              [
                -71.74580184525762,
                44.70271883284016
              ],
              [
                -71.74573107649522,
                44.70268800516061
              ],
              [
                -71.74565682557125,
                44.7026616179951
              ],
              [
                -71.74557969619981,
                44.702639918301124
              ],
              [
                -71.74551026112658,
                44.70262280853954
              ],
              [
                -71.7454735552649,
                44.70261432914746
              ],
              [
                -71.74537631167794,
                44.70259736943982
              ],
              [
                -71.7453485911385,
                44.702591034473905
              ],
              [
                -71.74529195481816,
                44.70257382467114
              ],
              [
                -71.74521548352429,
                44.70255267532575
              ],
              [
                -71.74517590970915,
                44.70254496790495
              ],
              [
                -71.7451363371547,
                44.70253726137865
              ],
              [
                -71.7450553742637,
                44.702527832375765
              ],
              [
                -71.7450404264694,
                44.70252154847267
              ],
              [
                -71.74502463588546,
                44.702515062815436
              ],
              [
                -71.74491290737262,
                44.70247001972028
              ],
              [
                -71.74489966964478,
                44.702464782003055
              ],
              [
                -71.7448245499322,
                44.70243859373085
              ],
              [
                -71.74473974535479,
                44.7024121550787
              ],
              [
                -71.74472748913175,
                44.70240392532877
              ],
              [
                -71.74472678817106,
                44.70239863821496
              ],
              [
                -71.74471855055883,
                44.702364517601595
              ],
              [
                -71.74470011885983,
                44.70229817394425
              ],
              [
                -71.7446889864091,
                44.702263007384055
              ],
              [
                -71.74467688863679,
                44.70223512281807
              ],
              [
                -71.74467173876883,
                44.702204394589245
              ],
              [
                -71.74466807920813,
                44.70218617598225
              ],
              [
                -71.74466428331824,
                44.70216728243995
              ],
              [
                -71.74465066820522,
                44.70211470597269
              ],
              [
                -71.74463134186948,
                44.702063027635425
              ],
              [
                -71.74460645373541,
                44.702012595779365
              ],
              [
                -71.74457610968648,
                44.70196371077168
              ],
              [
                -71.7445564591059,
                44.70193522728544
              ],
              [
                -71.74451214809982,
                44.701878012082
              ],
              [
                -71.74446038195143,
                44.70182403851466
              ],
              [
                -71.74440168347778,
                44.701773856278535
              ],
              [
                -71.74433651245417,
                44.701727913861404
              ],
              [
                -71.74426553308068,
                44.70168656121345
              ],
              [
                -71.74418934266723,
                44.701650245933315
              ],
              [
                -71.74410863444609,
                44.701619219174674
              ],
              [
                -71.7440241804832,
                44.70159387930005
              ],
              [
                -71.74397801708517,
                44.70158355769596
              ],
              [
                -71.74393671762624,
                44.70157432477011
              ],
              [
                -71.74391418985839,
                44.701570134124694
              ],
              [
                -71.74390630355977,
                44.70156868705033
              ],
              [
                -71.74389799520632,
                44.70156719038576
              ],
              [
                -71.74381864730503,
                44.701555368434086
              ],
              [
                -71.74373815001599,
                44.701548483827985
              ],
              [
                -71.74365709059225,
                44.70154668893973
              ],
              [
                -71.74357614602503,
                44.701549930657784
              ],
              [
                -71.74351522787556,
                44.70154838516167
              ],
              [
                -71.74346184710811,
                44.70155008065002
              ],
              [
                -71.74341538699682,
                44.70155247529799
              ],
              [
                -71.74337000797553,
                44.701555568221444
              ],
              [
                -71.74335559403039,
                44.70155686488611
              ],
              [
                -71.7433285736274,
                44.70155950888202
              ],
              [
                -71.74323846134939,
                44.70157133146525
              ],
              [
                -71.74315031386313,
                44.70158923869942
              ],
              [
                -71.74306497467987,
                44.701613083194914
              ],
              [
                -71.7429832148686,
                44.701642564099316
              ],
              [
                -71.74290573477377,
                44.70167748268315
              ],
              [
                -71.74283330738159,
                44.70171748861506
              ],
              [
                -71.74280200745312,
                44.70173654369029
              ],
              [
                -71.74273561652167,
                44.701780989248896
              ],
              [
                -71.74267543625994,
                44.70182977482982
              ],
              [
                -71.74262199242834,
                44.70188235138412
              ],
              [
                -71.74257574321467,
                44.70193832059961
              ],
              [
                -71.74253714374869,
                44.70199713205828
              ],
              [
                -71.74252125694719,
                44.70202466745662
              ],
              [
                -71.74250759893654,
                44.70205100635554
              ],
              [
                -71.7424579534371,
                44.702103532432275
              ],
              [
                -71.7424154951329,
                44.70215915146395
              ],
              [
                -71.7423805705759,
                44.70221741490205
              ],
              [
                -71.7423535245092,
                44.70227772300003
              ],
              [
                -71.7423346012959,
                44.70233962652911
              ],
              [
                -71.74231067133353,
                44.70238836173465
              ],
              [
                -71.74229235339497,
                44.70243829415474
              ],
              [
                -71.74227979146303,
                44.702489124177006
              ],
              [
                -71.74226329843931,
                44.7025746232853
              ],
              [
                -71.74226035115849,
                44.70259133307635
              ],
              [
                -71.74225508764397,
                44.7026402182167
              ],
              [
                -71.74225463913892,
                44.7026479994713
              ],
              [
                -71.7422513675057,
                44.70265687878371
              ],
              [
                -71.74224500711408,
                44.70268441345523
              ],
              [
                -71.7422184534978,
                44.70273818693021
              ],
              [
                -71.74219868719022,
                44.70279350558811
              ],
              [
                -71.74218588947456,
                44.70284982258957
              ],
              [
                -71.74217716029486,
                44.70290184971396
              ],
              [
                -71.74217395842145,
                44.70293826406333
              ],
              [
                -71.74217075655545,
                44.702974677512515
              ],
              [
                -71.74217080010779,
                44.70298333224545
              ],
              [
                -71.7421708436601,
                44.70299198697838
              ],
              [
                -71.74217329930553,
                44.70310252493997
              ],
              [
                -71.74217739608196,
                44.703155748561976
              ],
              [
                -71.742179458615,
                44.70316981525794
              ],
              [
                -71.7421865911422,
                44.703214060813885
              ],
              [
                -71.74219873126653,
                44.7032693797049
              ],
              [
                -71.74221716261354,
                44.70332385032731
              ],
              [
                -71.74224175286089,
                44.70337707403943
              ],
              [
                -71.74227237852821,
                44.703428651357534
              ],
              [
                -71.74230084518145,
                44.703471624692995
              ],
              [
                -71.74232931188823,
                44.70351459712148
              ],
              [
                -71.74234344391466,
                44.703534275639626
              ],
              [
                -71.74235757721235,
                44.703553954164406
              ],
              [
                -71.7423923169112,
                44.70359370961534
              ],
              [
                -71.74240916085432,
                44.703626531315884
              ],
              [
                -71.74241769551156,
                44.70364039796469
              ],
              [
                -71.74244057546625,
                44.703676462483905
              ],
              [
                -71.74247419164222,
                44.70372419896505
              ],
              [
                -71.74249293021677,
                44.70378136320998
              ],
              [
                -71.74251847576288,
                44.70383713004358
              ],
              [
                -71.7425506448176,
                44.70389115177879
              ],
              [
                -71.7425892180057,
                44.70394302829471
              ],
              [
                -71.74260395629484,
                44.70396093527593
              ],
              [
                -71.74261942296194,
                44.70399101388017
              ],
              [
                -71.74262256387449,
                44.70399593562474
              ],
              [
                -71.7426257567011,
                44.70400094050527
              ],
              [
                -71.74265340735506,
                44.70405476216148
              ],
              [
                -71.74268305021175,
                44.70409805816597
              ],
              [
                -71.74270616592523,
                44.704163103120294
              ],
              [
                -71.7427168769493,
                44.70418629735411
              ],
              [
                -71.74272106229597,
                44.70419492735459
              ],
              [
                -71.74272663355504,
                44.70422201291631
              ],
              [
                -71.74273074615748,
                44.704236029300006
              ],
              [
                -71.74273428248695,
                44.70424740242396
              ],
              [
                -71.74273620419427,
                44.70427199353001
              ],
              [
                -71.74267830495009,
                44.704321675228826
              ],
              [
                -71.74265276695935,
                44.70434833581352
              ],
              [
                -71.7426272301951,
                44.704374997300434
              ],
              [
                -71.74258343687663,
                44.70443156142431
              ],
              [
                -71.74254732019176,
                44.70449076998935
              ],
              [
                -71.74251917751364,
                44.70455217322006
              ],
              [
                -71.74249931699991,
                44.704615172025854
              ],
              [
                -71.74248785054802,
                44.704679219107604
              ],
              [
                -71.74248250837151,
                44.70472436189029
              ],
              [
                -71.74246899842034,
                44.704725558249024
              ],
              [
                -71.74240419521081,
                44.70473274072141
              ],
              [
                -71.7423459281288,
                44.70474062345464
              ],
              [
                -71.74226119289317,
                44.70475483779827
              ],
              [
                -71.74217868698146,
                44.70477459142409
              ],
              [
                -71.74209907550535,
                44.70479968087147
              ],
              [
                -71.74202306954878,
                44.70482995788116
              ],
              [
                -71.74195702913093,
                44.70485070794085
              ],
              [
                -71.74189376946617,
                44.70487544862742
              ],
              [
                -71.7418337644267,
                44.704904031006485
              ],
              [
                -71.7418035873296,
                44.704915502504825
              ],
              [
                -71.74176964582624,
                44.70492911958664
              ],
              [
                -71.74173130157752,
                44.70494602899591
              ],
              [
                -71.74168366658846,
                44.704968223070495
              ],
              [
                -71.74163773154872,
                44.70498962479341
              ],
              [
                -71.74157201689444,
                44.70502299444049
              ],
              [
                -71.74151060918966,
                44.70506030546627
              ],
              [
                -71.74145397229819,
                44.705101306283915
              ],
              [
                -71.74140257385724,
                44.705145649941564
              ],
              [
                -71.74138995274514,
                44.705152886877485
              ],
              [
                -71.74137778170184,
                44.7051598658276
              ],
              [
                -71.74134266551933,
                44.705181763155714
              ],
              [
                -71.74128851201459,
                44.70521752760936
              ],
              [
                -71.74124027116393,
                44.70525738091866
              ],
              [
                -71.74117755717627,
                44.705298731782705
              ],
              [
                -71.74114793455793,
                44.7053221144085
              ],
              [
                -71.74112030605616,
                44.705343922835205
              ],
              [
                -71.74106896023505,
                44.705392605159446
              ],
              [
                -71.74102393062493,
                44.70544433153887
              ],
              [
                -71.7409855852579,
                44.705498749862095
              ],
              [
                -71.74095421517526,
                44.705555413014835
              ],
              [
                -71.74093011649279,
                44.70561387211578
              ],
              [
                -71.7409126410374,
                44.705643102044014
              ],
              [
                -71.74089287635643,
                44.70567871601693
              ],
              [
                -71.74087357632301,
                44.70571662424711
              ],
              [
                -71.74085266326429,
                44.70576874843724
              ],
              [
                -71.74080833472459,
                44.70589838554328
              ],
              [
                -71.74079971091273,
                44.70592995916892
              ],
              [
                -71.74079108709127,
                44.705961532793644
              ],
              [
                -71.7407822003216,
                44.70602557794027
              ],
              [
                -71.7407818059312,
                44.70608992251893
              ],
              [
                -71.74079286849657,
                44.70627627123293
              ],
              [
                -71.74079623682151,
                44.70631138563378
              ],
              [
                -71.7408059660423,
                44.706363709012244
              ],
              [
                -71.74081691408357,
                44.70640899959243
              ],
              [
                -71.74082143153319,
                44.706434786859724
              ],
              [
                -71.74082395946338,
                44.70644595895436
              ],
              [
                -71.74082054651153,
                44.706513596032494
              ],
              [
                -71.7408265915747,
                44.706581131299636
              ],
              [
                -71.74084199525169,
                44.70664786936276
              ],
              [
                -71.74086662912164,
                44.70671321092401
              ],
              [
                -71.74090024553723,
                44.706776506395904
              ],
              [
                -71.74094252109195,
                44.70683710928518
              ],
              [
                -71.74099302515624,
                44.70689436968471
              ],
              [
                -71.74102383352017,
                44.706925743733166
              ],
              [
                -71.74104776498858,
                44.70695901227847
              ],
              [
                -71.74109623401273,
                44.70701876715714
              ],
              [
                -71.74112454280636,
                44.70704674900371
              ],
              [
                -71.74115285288896,
                44.70707473085174
              ],
              [
                -71.74121706789802,
                44.70712630483051
              ],
              [
                -71.74126694075888,
                44.7071625660043
              ],
              [
                -71.74129346862019,
                44.70718112111438
              ],
              [
                -71.74135080641472,
                44.707215886698386
              ],
              [
                -71.74139625761624,
                44.70725997825861
              ],
              [
                -71.74144660372795,
                44.70730127839484
              ],
              [
                -71.7415015552805,
                44.707339535003015
              ],
              [
                -71.74156067324533,
                44.70737444909041
              ]
            ],
            [
              [
                -71.74364831192221,
                44.70720301005383
              ],
              [
                -71.74357789680559,
                44.70726058069692
              ],
              [
                -71.74353852808508,
                44.70731828135464
              ],
              [
                -71.74350707131771,
                44.70735119598397
              ],
              [
                -71.74344108196509,
                44.70735912710857
              ],
              [
                -71.7433531372775,
                44.707335322281025
              ],
              [
                -71.74329446560267,
                44.707319441581866
              ],
              [
                -71.74315550598433,
                44.70728262332906
              ],
              [
                -71.74307482780081,
                44.70723789223343
              ],
              [
                -71.74304805631292,
                44.70721009924287
              ],
              [
                -71.74303255856853,
                44.70720720679835
              ],
              [
                -71.74285867460794,
                44.70717852135629
              ],
              [
                -71.74279315553885,
                44.70716152050907
              ],
              [
                -71.74277145330632,
                44.707153957752034
              ],
              [
                -71.7427121126318,
                44.70713327849496
              ],
              [
                -71.7425658890512,
                44.70706326675734
              ],
              [
                -71.74237933491625,
                44.70696125284645
              ],
              [
                -71.74222565091797,
                44.70687186560306
              ],
              [
                -71.74214493882442,
                44.70682983155379
              ],
              [
                -71.74212215893222,
                44.706796657271155
              ],
              [
                -71.74210322070813,
                44.706757843542846
              ],
              [
                -71.7420920558217,
                44.7067246401459
              ],
              [
                -71.74205349068362,
                44.706710430190185
              ],
              [
                -71.74203835942839,
                44.70669107258238
              ],
              [
                -71.74199956010843,
                44.706685236520286
              ],
              [
                -71.74195316498096,
                44.706682236038965
              ],
              [
                -71.74190328547,
                44.706645999415315
              ],
              [
                -71.7418653655375,
                44.70659329281144
              ],
              [
                -71.74183853314463,
                44.70655998537882
              ],
              [
                -71.74178125717624,
                44.70650166169108
              ],
              [
                -71.741805048441,
                44.70645762864264
              ],
              [
                -71.74180950146432,
                44.7064161759344
              ],
              [
                -71.74177554089152,
                44.70634970085733
              ],
              [
                -71.74176824901667,
                44.70630818546996
              ],
              [
                -71.74175353466727,
                44.706247243028415
              ],
              [
                -71.74174245517823,
                44.706060891593985
              ],
              [
                -71.74178680583438,
                44.70593124707621
              ],
              [
                -71.74180656867802,
                44.705895641936934
              ],
              [
                -71.74184979720609,
                44.70585165152586
              ],
              [
                -71.74186235043881,
                44.70578001739084
              ],
              [
                -71.74193649237125,
                44.70573632395242
              ],
              [
                -71.74197572891931,
                44.705697877440436
              ],
              [
                -71.74201083263313,
                44.70567597443737
              ],
              [
                -71.74208072402917,
                44.705659861948895
              ],
              [
                -71.74216335508015,
                44.70556378871138
              ],
              [
                -71.74225691534546,
                44.70552020862116
              ],
              [
                -71.74234252792216,
                44.70548757803358
              ],
              [
                -71.7423892762208,
                44.705463044335744
              ],
              [
                -71.74244745934672,
                44.705452365902275
              ],
              [
                -71.74252531655233,
                44.70541429146805
              ],
              [
                -71.74258359351961,
                44.705406378112926
              ],
              [
                -71.74264536306688,
                44.70542064728854
              ],
              [
                -71.74269546400822,
                44.70544024391711
              ],
              [
                -71.74276509855932,
                44.70544069845989
              ],
              [
                -71.74280945753377,
                44.70543971470607
              ],
              [
                -71.74285812454023,
                44.70543863530887
              ],
              [
                -71.74291027387306,
                44.705442818256145
              ],
              [
                -71.74297032297497,
                44.705447647487084
              ],
              [
                -71.74302806698493,
                44.70547007175812
              ],
              [
                -71.74304131439514,
                44.70546908687205
              ],
              [
                -71.74307114889581,
                44.705466865657804
              ],
              [
                -71.74312171078448,
                44.70545081339611
              ],
              [
                -71.74315079867007,
                44.705417086741974
              ],
              [
                -71.74318234245881,
                44.705378589730906
              ],
              [
                -71.7432409166865,
                44.70533758559704
              ],
              [
                -71.74328404636398,
                44.70529089695132
              ],
              [
                -71.74335430283547,
                44.7052443727214
              ],
              [
                -71.74338211915533,
                44.70519209492358
              ],
              [
                -71.74336727624055,
                44.70515059889542
              ],
              [
                -71.74337948872376,
                44.705103707170395
              ],
              [
                -71.74338432479836,
                44.705023648061356
              ],
              [
                -71.74339318065341,
                44.70494362818135
              ],
              [
                -71.74342843767596,
                44.70491065415397
              ],
              [
                -71.74343300014232,
                44.70486108760147
              ],
              [
                -71.74343755974098,
                44.70481144993639
              ],
              [
                -71.74344626050502,
                44.704734125154395
              ],
              [
                -71.74352410253303,
                44.70469602563607
              ],
              [
                -71.74356346984453,
                44.70465757673779
              ],
              [
                -71.74357575728226,
                44.704605199628354
              ],
              [
                -71.74362284259954,
                44.704555853515046
              ],
              [
                -71.74368400247396,
                44.704471919831995
              ],
              [
                -71.74368474126175,
                44.70440568499328
              ],
              [
                -71.74372053573748,
                44.704339632811894
              ],
              [
                -71.74370572103246,
                44.70428705190737
              ],
              [
                -71.74370234433432,
                44.704266214609
              ],
              [
                -71.74369496134103,
                44.7042206590266
              ],
              [
                -71.74369185589373,
                44.704159898981324
              ],
              [
                -71.7436695775378,
                44.70408802494929
              ],
              [
                -71.74367789668692,
                44.70404937487993
              ],
              [
                -71.74367046116672,
                44.70401890415156
              ],
              [
                -71.74364371934736,
                44.70399938886168
              ],
              [
                -71.74362478387319,
                44.703960644678276
              ],
              [
                -71.74362529416045,
                44.70392203918323
              ],
              [
                -71.7436221117317,
                44.70387504635921
              ],
              [
                -71.74361477045069,
                44.70383908679427
              ],
              [
                -71.7435841639223,
                44.7038056989647
              ],
              [
                -71.74353798921467,
                44.7037860405363
              ],
              [
                -71.74352292996848,
                44.703750127932224
              ],
              [
                -71.74350398667612,
                44.70372226629756
              ],
              [
                -71.7434927647364,
                44.7036918748637
              ],
              [
                -71.74346998650817,
                44.70365860635237
              ],
              [
                -71.74341855308565,
                44.703596092579204
              ],
              [
                -71.74341120944791,
                44.7035602292743
              ],
              [
                -71.74341932347357,
                44.70352706551803
              ],
              [
                -71.74340837129718,
                44.70347732597763
              ],
              [
                -71.7433907392324,
                44.703467285846386
              ],
              [
                -71.74337379857074,
                44.70345763995456
              ],
              [
                -71.74335090127201,
                44.70343265250948
              ],
              [
                -71.74331657661178,
                44.70339383060684
              ],
              [
                -71.74329372015738,
                44.70335776911679
              ],
              [
                -71.74329056390614,
                44.703319056532926
              ],
              [
                -71.74328692479219,
                44.703296972003315
              ],
              [
                -71.74324853658592,
                44.70326080938817
              ],
              [
                -71.74319870297766,
                44.70322179198873
              ],
              [
                -71.74314178384108,
                44.703135839548715
              ],
              [
                -71.74313466060597,
                44.70309160041269
              ],
              [
                -71.74313217907627,
                44.7029810685991
              ],
              [
                -71.7431405287867,
                44.7029314686471
              ],
              [
                -71.74316034942046,
                44.70290116231373
              ],
              [
                -71.74317771884884,
                44.702885632469716
              ],
              [
                -71.74319065670062,
                44.70280337815084
              ],
              [
                -71.74321069683819,
                44.70275660579093
              ],
              [
                -71.7432157577883,
                44.70266819607243
              ],
              [
                -71.7432322542878,
                44.70258271214922
              ],
              [
                -71.74326372722388,
                44.70254982017305
              ],
              [
                -71.74327197172987,
                44.70250837900418
              ],
              [
                -71.7432803190951,
                44.702458847415585
              ],
              [
                -71.74330776408286,
                44.70243410352901
              ],
              [
                -71.74335868152197,
                44.702390256156114
              ],
              [
                -71.743394048608,
                44.70234900367181
              ],
              [
                -71.74341039891485,
                44.702285566571476
              ],
              [
                -71.74342626854555,
                44.70225806333366
              ],
              [
                -71.74345756223458,
                44.70223900894761
              ],
              [
                -71.74348459029613,
                44.70223638207059
              ],
              [
                -71.74350894168694,
                44.702235140418026
              ],
              [
                -71.74353104541338,
                44.70223402515802
              ],
              [
                -71.74359680750466,
                44.70224271022668
              ],
              [
                -71.74361631526574,
                44.70223726718198
              ],
              [
                -71.74366281477337,
                44.702232082089196
              ],
              [
                -71.7436711270122,
                44.70223357789655
              ],
              [
                -71.74369365622167,
                44.702237773098574
              ],
              [
                -71.7437127353312,
                44.702265446626974
              ],
              [
                -71.74371996707873,
                44.70230147476318
              ],
              [
                -71.74372709640853,
                44.70235399579089
              ],
              [
                -71.74373421875069,
                44.702398234889756
              ],
              [
                -71.7437569966112,
                44.702431506052804
              ],
              [
                -71.74377544739994,
                44.70249785448664
              ],
              [
                -71.74376352609009,
                44.702530978664285
              ],
              [
                -71.74378240049604,
                44.70256430586517
              ],
              [
                -71.74380124200302,
                44.702600258785345
              ],
              [
                -71.74379681413961,
                44.702649993646745
              ],
              [
                -71.74381193838015,
                44.702680420794216
              ],
              [
                -71.74384251431208,
                44.702705461691714
              ],
              [
                -71.74386131865248,
                44.702744276072096
              ],
              [
                -71.74389195698696,
                44.70277489951735
              ],
              [
                -71.74390392392921,
                44.70280583489591
              ],
              [
                -71.74393392263018,
                44.70282763226715
              ],
              [
                -71.74395311763134,
                44.70283605202388
              ],
              [
                -71.74398371138136,
                44.70286109210099
              ],
              [
                -71.74404533705582,
                44.70288642937804
              ],
              [
                -71.74409516590615,
                44.7029254463788
              ],
              [
                -71.74410484291718,
                44.70293891730435
              ],
              [
                -71.74423172341135,
                44.703002213564574
              ],
              [
                -71.74443995678469,
                44.70306704774037
              ],
              [
                -71.74455168027316,
                44.70311205166445
              ],
              [
                -71.74472498596559,
                44.70318501984046
              ],
              [
                -71.74481752819857,
                44.7032103703796
              ],
              [
                -71.74491827738628,
                44.70320563438887
              ],
              [
                -71.74501091217704,
                44.70323377510715
              ],
              [
                -71.74514601807435,
                44.70326509329579
              ],
              [
                -71.74519629565252,
                44.703270922264245
              ],
              [
                -71.74526573266466,
                44.703288032227725
              ],
              [
                -71.74533101059582,
                44.70333263754136
              ],
              [
                -71.74536895004569,
                44.70339363583239
              ],
              [
                -71.745395130713,
                44.70345724354756
              ],
              [
                -71.74544094442996,
                44.70351559860988
              ],
              [
                -71.74542911873378,
                44.70353209413382
              ],
              [
                -71.74543231997967,
                44.70357629281152
              ],
              [
                -71.74546146551656,
                44.70359040610184
              ],
              [
                -71.74549014084141,
                44.70360429130038
              ],
              [
                -71.74554432399917,
                44.70361022781033
              ],
              [
                -71.74557480104161,
                44.70364346307539
              ],
              [
                -71.74559923298908,
                44.70368240433054
              ],
              [
                -71.74561658103717,
                44.70371007239841
              ],
              [
                -71.7456739108416,
                44.703765698413314
              ],
              [
                -71.74573135427676,
                44.70382123065875
              ],
              [
                -71.74575754675107,
                44.70389330292569
              ],
              [
                -71.74581333504085,
                44.703911599385286
              ],
              [
                -71.74587133853048,
                44.7039146857538
              ],
              [
                -71.74589793088327,
                44.70393080057217
              ],
              [
                -71.7459175446058,
                44.70394268831871
              ],
              [
                -71.74596347665423,
                44.70398159687481
              ],
              [
                -71.74599038893864,
                44.703998440911825
              ],
              [
                -71.74602467449245,
                44.704040051472404
              ],
              [
                -71.74606272254508,
                44.70409267657251
              ],
              [
                -71.7460893840941,
                44.70412884451537
              ],
              [
                -71.74609626106987,
                44.70419243351587
              ],
              [
                -71.74616170781712,
                44.70421492145467
              ],
              [
                -71.74625041358807,
                44.704254190522065
              ],
              [
                -71.74633753547577,
                44.70429922649497
              ],
              [
                -71.74636961713459,
                44.704315637502376
              ],
              [
                -71.74643106302526,
                44.70435483632506
              ],
              [
                -71.74648470993684,
                44.704402072954586
              ],
              [
                -71.74655791411386,
                44.70443017059802
              ],
              [
                -71.74660373835997,
                44.704477452751796
              ],
              [
                -71.74669227704676,
                44.70451944260205
              ],
              [
                -71.74674536901698,
                44.70459986595543
              ],
              [
                -71.74679926352513,
                44.70462785137797
              ],
              [
                -71.7468204936646,
                44.70462799859437
              ],
              [
                -71.74685352237383,
                44.7046282290164
              ],
              [
                -71.74686333172228,
                44.70467039423089
              ],
              [
                -71.74686452778111,
                44.70467517704493
              ],
              [
                -71.74687150798067,
                44.70473048569512
              ],
              [
                -71.74687064068506,
                44.70479678989691
              ],
              [
                -71.74685221388889,
                44.70487540606406
              ],
              [
                -71.74684330988357,
                44.70495824261695
              ],
              [
                -71.74685453005475,
                44.704988631903745
              ],
              [
                -71.74686555152128,
                44.70504388351097
              ],
              [
                -71.74688831842411,
                44.70506887388431
              ],
              [
                -71.74692646204734,
                44.705124361033604
              ],
              [
                -71.7469257380371,
                44.705179617973066
              ],
              [
                -71.7469512350118,
                44.705306856184876
              ],
              [
                -71.74693502867287,
                44.705359224008404
              ],
              [
                -71.74697358775191,
                44.70537324329765
              ],
              [
                -71.74699227006518,
                44.70542043090855
              ],
              [
                -71.74701099769602,
                44.705475708111344
              ],
              [
                -71.74700271550734,
                44.70551166162594
              ],
              [
                -71.74704830860728,
                44.70557540683283
              ],
              [
                -71.74710135730176,
                44.705669598352785
              ],
              [
                -71.74714827961648,
                44.70578725962363
              ],
              [
                -71.74717816388707,
                44.70586765125323
              ],
              [
                -71.74718146663926,
                44.705914643855714
              ],
              [
                -71.74718480306365,
                44.7059588442573
              ],
              [
                -71.7471842016587,
                44.70600563294074
              ],
              [
                -71.74719852859049,
                44.7060969009163
              ],
              [
                -71.7471898537381,
                44.70616324812936
              ],
              [
                -71.74718168506605,
                44.70619901161994
              ],
              [
                -71.74713482963496,
                44.706231920237734
              ],
              [
                -71.74707194644309,
                44.70630321053914
              ],
              [
                -71.7470447142286,
                44.706311328170926
              ],
              [
                -71.74699373476186,
                44.70634968639482
              ],
              [
                -71.74694692652841,
                44.706387988409254
              ],
              [
                -71.74691527388885,
                44.70643483510531
              ],
              [
                -71.74686452527926,
                44.706456445659654
              ],
              [
                -71.74676337346105,
                44.706499977647844
              ],
              [
                -71.74673227106358,
                44.70650545273892
              ],
              [
                -71.74667465697257,
                44.70647184981429
              ],
              [
                -71.74655509745182,
                44.706437868793
              ],
              [
                -71.74648948062897,
                44.706418267778396
              ],
              [
                -71.74646639724584,
                44.70640704207335
              ],
              [
                -71.74645913243944,
                44.70637378294266
              ],
              [
                -71.74642425342134,
                44.706367960752175
              ],
              [
                -71.74637031008872,
                44.70635383975925
              ],
              [
                -71.74629290484799,
                44.70634784757673
              ],
              [
                -71.74628150859024,
                44.706331224810114
              ],
              [
                -71.74626721389218,
                44.706323440731545
              ],
              [
                -71.74625068754321,
                44.70631444054162
              ],
              [
                -71.74618515168436,
                44.706297370434385
              ],
              [
                -71.74615030774365,
                44.706288851359986
              ],
              [
                -71.74610384270869,
                44.706291244367044
              ],
              [
                -71.74608683437351,
                44.70629118608172
              ],
              [
                -71.74606902476827,
                44.70629112520387
              ],
              [
                -71.74603018160367,
                44.70629905705198
              ],
              [
                -71.7459910337061,
                44.70632929475563
              ],
              [
                -71.74585894167349,
                44.706367040415614
              ],
              [
                -71.74577735624037,
                44.70639143005395
              ],
              [
                -71.74570711062096,
                44.7064267636509
              ],
              [
                -71.7456446514866,
                44.70646505894803
              ],
              [
                -71.74561342626802,
                44.70647872030833
              ],
              [
                -71.74549835149416,
                44.70655659517695
              ],
              [
                -71.74541262394801,
                44.70658925076264
              ],
              [
                -71.74536223966639,
                44.70659160587265
              ],
              [
                -71.74533475983814,
                44.706619042536836
              ],
              [
                -71.74530387828923,
                44.70661605234078
              ],
              [
                -71.74525731552912,
                44.706615843616234
              ],
              [
                -71.74521447162681,
                44.706640296299085
              ],
              [
                -71.74515170434867,
                44.70669245150852
              ],
              [
                -71.74513391298134,
                44.706696512195066
              ],
              [
                -71.74511689364634,
                44.70670039799989
              ],
              [
                -71.74504694615763,
                44.706713804142545
              ],
              [
                -71.7449803545544,
                44.70676862020832
              ],
              [
                -71.74493743784672,
                44.70679865534928
              ],
              [
                -71.74487929902435,
                44.70679547222217
              ],
              [
                -71.74481729310565,
                44.70680883534369
              ],
              [
                -71.74478223504288,
                44.70681696907831
              ],
              [
                -71.74474714231046,
                44.70684707928459
              ],
              [
                -71.74470004767699,
                44.70688824019537
              ],
              [
                -71.74461440018509,
                44.706923594540434
              ],
              [
                -71.74455582658844,
                44.706964597571876
              ],
              [
                -71.74442730001849,
                44.707008033691906
              ],
              [
                -71.7443531154988,
                44.70706549348503
              ],
              [
                -71.74427892516083,
                44.7071036051184
              ],
              [
                -71.74421281937634,
                44.707130792200495
              ],
              [
                -71.74415452968371,
                44.70714984539051
              ],
              [
                -71.7440962489628,
                44.70715763803201
              ],
              [
                -71.74386959569674,
                44.7071686526482
              ],
              [
                -71.74379585177681,
                44.70718184480592
              ],
              [
                -71.74375316635388,
                44.70718445266397
              ],
              [
                -71.74371833179723,
                44.70718421208596
              ],
              [
                -71.74364831192221,
                44.70720301005383
              ]
            ]
          ],
          [
            [
              [
                -71.71631426780077,
                44.74194830118786
              ],
              [
                -71.71639621348703,
                44.74196001511755
              ],
              [
                -71.71647930686532,
                44.74196659570612
              ],
              [
                -71.71652109027485,
                44.74196731792341
              ],
              [
                -71.71656287493602,
                44.74196804103389
              ],
              [
                -71.7166463210963,
                44.74196430201224
              ],
              [
                -71.71675703981167,
                44.741955877895315
              ],
              [
                -71.71681833244742,
                44.74194979553867
              ],
              [
                -71.7168365116676,
                44.741946856032634
              ],
              [
                -71.71692484188273,
                44.74195134123509
              ],
              [
                -71.71701341066516,
                44.741949846337185
              ],
              [
                -71.71710134686195,
                44.74194226907649
              ],
              [
                -71.71718788011749,
                44.741928710362615
              ],
              [
                -71.71727216745687,
                44.74190931920465
              ],
              [
                -71.71732789169494,
                44.74190388593615
              ],
              [
                -71.7173827285549,
                44.74189506201703
              ],
              [
                -71.71743632065221,
                44.74188285039899
              ],
              [
                -71.71751194960063,
                44.74188200166575
              ],
              [
                -71.71761352671133,
                44.741873079426995
              ],
              [
                -71.71771030731874,
                44.74187751572598
              ],
              [
                -71.71780718161062,
                44.741874724548595
              ],
              [
                -71.7179031639355,
                44.74186485392808
              ],
              [
                -71.71799716200523,
                44.74184790718599
              ],
              [
                -71.71805601782629,
                44.74184292066084
              ],
              [
                -71.71811419689428,
                44.74183474560842
              ],
              [
                -71.71817128067539,
                44.74182333146946
              ],
              [
                -71.71821137109501,
                44.74181859525353
              ],
              [
                -71.71831070357817,
                44.741802693564274
              ],
              [
                -71.71840095629855,
                44.741781159235245
              ],
              [
                -71.71841569434625,
                44.74177702155019
              ],
              [
                -71.71843517916857,
                44.741770791673574
              ],
              [
                -71.71849939308699,
                44.741757879230605
              ],
              [
                -71.71856110911247,
                44.74173983459982
              ],
              [
                -71.71857795251586,
                44.74173818963806
              ],
              [
                -71.71867768029831,
                44.74172188897658
              ],
              [
                -71.71876238896903,
                44.74171221857341
              ],
              [
                -71.7188455255293,
                44.741697114526914
              ],
              [
                -71.71892640114076,
                44.74167662612353
              ],
              [
                -71.71900430152779,
                44.74165100405615
              ],
              [
                -71.71907862296304,
                44.741620447581056
              ],
              [
                -71.7190880524877,
                44.74161735609428
              ],
              [
                -71.71917002591275,
                44.74158320996852
              ],
              [
                -71.71919498347711,
                44.74157159545355
              ],
              [
                -71.7192626114823,
                44.741536900326764
              ],
              [
                -71.7192747081128,
                44.74153012124961
              ],
              [
                -71.7193100798739,
                44.741516363238446
              ],
              [
                -71.71937904064411,
                44.741487051385576
              ],
              [
                -71.71944409923138,
                44.74145355345918
              ],
              [
                -71.71950480532209,
                44.74141611656183
              ],
              [
                -71.71953272789938,
                44.74139555468376
              ],
              [
                -71.71956065173156,
                44.741374991907456
              ],
              [
                -71.71959280349063,
                44.741358516587745
              ],
              [
                -71.71962495523151,
                44.741342041258804
              ],
              [
                -71.71968502986877,
                44.74130525328094
              ],
              [
                -71.71974042970771,
                44.74126492550206
              ],
              [
                -71.71979072141798,
                44.74122135733635
              ],
              [
                -71.71984019958307,
                44.74119912483742
              ],
              [
                -71.71988686990964,
                44.741174050134596
              ],
              [
                -71.71993046079557,
                44.74114623666491
              ],
              [
                -71.72000798363817,
                44.741132924731595
              ],
              [
                -71.72008358593644,
                44.741114730243645
              ],
              [
                -71.72015662674126,
                44.741091898101686
              ],
              [
                -71.72022657179629,
                44.74106453265123
              ],
              [
                -71.72029286663278,
                44.74103292708095
              ],
              [
                -71.72031633223295,
                44.74102415393236
              ],
              [
                -71.72035411592537,
                44.74101014659142
              ],
              [
                -71.72042967555448,
                44.740979040645186
              ],
              [
                -71.72050088273086,
                44.74094304995285
              ],
              [
                -71.72053330869589,
                44.74092323219152
              ],
              [
                -71.72056711593616,
                44.74090257163817
              ],
              [
                -71.72062779601735,
                44.740857857330326
              ],
              [
                -71.72068923138752,
                44.740818476481806
              ],
              [
                -71.7207276635617,
                44.740798287494584
              ],
              [
                -71.72081314286791,
                44.74076448897279
              ],
              [
                -71.72089336022853,
                44.7407246098264
              ],
              [
                -71.72096749766645,
                44.74067919702825
              ],
              [
                -71.7210347752344,
                44.740628598932645
              ],
              [
                -71.72109447147383,
                44.74057341626717
              ],
              [
                -71.72114601087438,
                44.740514194960475
              ],
              [
                -71.72118882102038,
                44.74045153315643
              ],
              [
                -71.72120201593523,
                44.74042949987288
              ],
              [
                -71.72121492921177,
                44.74040671864576
              ],
              [
                -71.72123457981355,
                44.7403699304423
              ],
              [
                -71.72126475811429,
                44.74030342986356
              ],
              [
                -71.72128525016024,
                44.74023508681525
              ],
              [
                -71.72129584716909,
                44.74016559550547
              ],
              [
                -71.72129912006119,
                44.74012297401651
              ],
              [
                -71.72129968144355,
                44.74005707238954
              ],
              [
                -71.72129739238288,
                44.74003035209512
              ],
              [
                -71.72129048753727,
                44.73996983498439
              ],
              [
                -71.72128356606565,
                44.73992626567375
              ],
              [
                -71.721271214496,
                44.73988209869419
              ],
              [
                -71.72127142526575,
                44.73986809040726
              ],
              [
                -71.72127089017509,
                44.73986026388259
              ],
              [
                -71.72127153049342,
                44.73983099883207
              ],
              [
                -71.72127217072632,
                44.739801740080146
              ],
              [
                -71.72126644171195,
                44.739743365558624
              ],
              [
                -71.7212537129521,
                44.73968553904198
              ],
              [
                -71.72123408888797,
                44.73962875888775
              ],
              [
                -71.72120774354137,
                44.73957332504759
              ],
              [
                -71.72117482998924,
                44.73951968671374
              ],
              [
                -71.72117504059217,
                44.73947606704237
              ],
              [
                -71.72117141673955,
                44.73943892843557
              ],
              [
                -71.7211667147248,
                44.7394041330281
              ],
              [
                -71.72115531902483,
                44.73934605641565
              ],
              [
                -71.7211369587401,
                44.7392888286083
              ],
              [
                -71.72111176291898,
                44.73923299582547
              ],
              [
                -71.72108614724439,
                44.739167342205995
              ],
              [
                -71.72105143478532,
                44.739103832200676
              ],
              [
                -71.72100799118829,
                44.739043163922226
              ],
              [
                -71.72098257402483,
                44.73901502058583
              ],
              [
                -71.72095621635079,
                44.738985835036736
              ],
              [
                -71.72089665896814,
                44.73893254490309
              ],
              [
                -71.72085331352596,
                44.73889739944943
              ],
              [
                -71.72082629409209,
                44.7388764128921
              ],
              [
                -71.72081089701913,
                44.7388660435193
              ],
              [
                -71.7207919488187,
                44.738846701255866
              ],
              [
                -71.72077587747455,
                44.73883229390185
              ],
              [
                -71.72073767261615,
                44.73879909397817
              ],
              [
                -71.72068510682345,
                44.73875706966039
              ],
              [
                -71.72062786577294,
                44.73871823507296
              ],
              [
                -71.72056636082041,
                44.738682890885144
              ],
              [
                -71.72050097818413,
                44.73865123500577
              ],
              [
                -71.72043217532716,
                44.73862351892491
              ],
              [
                -71.72040918266204,
                44.73861511793543
              ],
              [
                -71.72038618871699,
                44.73860671873232
              ],
              [
                -71.72031593801532,
                44.73858358761424
              ],
              [
                -71.72026187260023,
                44.738567784204406
              ],
              [
                -71.72024907807682,
                44.738564542677445
              ],
              [
                -71.72019141119877,
                44.73852511102496
              ],
              [
                -71.72012937117026,
                44.738489218504164
              ],
              [
                -71.72006333148961,
                44.738457163727745
              ],
              [
                -71.71997897390828,
                44.73841977514643
              ],
              [
                -71.71990016017848,
                44.73838841864233
              ],
              [
                -71.71981755705211,
                44.738362446427416
              ],
              [
                -71.71973193766694,
                44.73834210675036
              ],
              [
                -71.71964402663016,
                44.738327500845735
              ],
              [
                -71.71959929451194,
                44.73832316359886
              ],
              [
                -71.71955456366307,
                44.73831882634318
              ],
              [
                -71.71953322872422,
                44.73831438979028
              ],
              [
                -71.7194178774534,
                44.73829155732271
              ],
              [
                -71.71934194134921,
                44.738278894939455
              ],
              [
                -71.71932584453312,
                44.73827655223821
              ],
              [
                -71.71930977266025,
                44.73827301283096
              ],
              [
                -71.71926242642799,
                44.73826468719895
              ],
              [
                -71.71923652945821,
                44.73825352050599
              ],
              [
                -71.7191532695511,
                44.73822131687397
              ],
              [
                -71.71911138389302,
                44.738208878151596
              ],
              [
                -71.71906580477089,
                44.73819534416959
              ],
              [
                -71.71897506158871,
                44.738175902088706
              ],
              [
                -71.71888200320033,
                44.73816318799156
              ],
              [
                -71.71880505830862,
                44.738136667906105
              ],
              [
                -71.7187250956819,
                44.73811513329788
              ],
              [
                -71.71864277364854,
                44.73809873174984
              ],
              [
                -71.71855872330686,
                44.73808766375469
              ],
              [
                -71.71847363775535,
                44.738081932251994
              ],
              [
                -71.71838815708153,
                44.73808163251076
              ],
              [
                -71.71833421478644,
                44.73808262846502
              ],
              [
                -71.7183014135872,
                44.73807694602152
              ],
              [
                -71.7182187668694,
                44.73806488218938
              ],
              [
                -71.71813490061706,
                44.73805815178693
              ],
              [
                -71.71805056981302,
                44.73805675638131
              ],
              [
                -71.71796637097587,
                44.73806074505167
              ],
              [
                -71.7178830206549,
                44.73807006691145
              ],
              [
                -71.71780116409465,
                44.738084621992954
              ],
              [
                -71.7177546449482,
                44.73808418277264
              ],
              [
                -71.7177064026035,
                44.738083726329776
              ],
              [
                -71.7176119834473,
                44.73808955882675
              ],
              [
                -71.7175188529242,
                44.73810207107432
              ],
              [
                -71.71742794351947,
                44.738121115581635
              ],
              [
                -71.71734017323985,
                44.73814658885693
              ],
              [
                -71.71725637625129,
                44.73817814476174
              ],
              [
                -71.71718766962893,
                44.73819753743413
              ],
              [
                -71.71710527756701,
                44.738208803690824
              ],
              [
                -71.71702470922051,
                44.73822545392725
              ],
              [
                -71.71694659914459,
                44.73824733861438
              ],
              [
                -71.71690182338128,
                44.738256262817984
              ],
              [
                -71.71684282703693,
                44.73827201515676
              ],
              [
                -71.71680658746887,
                44.73828263388928
              ],
              [
                -71.71678922487266,
                44.73828801683695
              ],
              [
                -71.7167027189827,
                44.7382858244009
              ],
              [
                -71.71668475281841,
                44.73828672166377
              ],
              [
                -71.71662187081103,
                44.738271566981126
              ],
              [
                -71.7165573743446,
                44.73826049935769
              ],
              [
                -71.7164917298655,
                44.738253570585826
              ],
              [
                -71.71642276883695,
                44.73823736799225
              ],
              [
                -71.71635220979189,
                44.73822515627093
              ],
              [
                -71.71628048383664,
                44.73821707966264
              ],
              [
                -71.71613909664066,
                44.73820501435471
              ],
              [
                -71.71607305656376,
                44.73820092722795
              ],
              [
                -71.71600673577123,
                44.73820032886908
              ],
              [
                -71.71594055534759,
                44.738203170874044
              ],
              [
                -71.71592893144991,
                44.738201526132926
              ],
              [
                -71.71591557100133,
                44.73819973088236
              ],
              [
                -71.71585395190556,
                44.73819195377325
              ],
              [
                -71.7157846829667,
                44.7381839774154
              ],
              [
                -71.71571464221232,
                44.73818088670116
              ],
              [
                -71.71564453222561,
                44.73818273054994
              ],
              [
                -71.71555067232704,
                44.73817126630091
              ],
              [
                -71.71545567547886,
                44.73816647956165
              ],
              [
                -71.71536051117488,
                44.7381684741802
              ],
              [
                -71.71526607214724,
                44.73817714830194
              ],
              [
                -71.71517333812707,
                44.73819250236227
              ],
              [
                -71.71508315586043,
                44.738214287511845
              ],
              [
                -71.71499648246095,
                44.73824240324695
              ],
              [
                -71.71491413259388,
                44.73827645291822
              ],
              [
                -71.7148369606442,
                44.7383161841362
              ],
              [
                -71.71476565756791,
                44.73836119940447
              ],
              [
                -71.71473442604395,
                44.7383829351489
              ],
              [
                -71.71469582765897,
                44.73841145050883
              ],
              [
                -71.71465154351932,
                44.738446047012104
              ],
              [
                -71.71464597163678,
                44.738450434429595
              ],
              [
                -71.71461722475097,
                44.738474412694316
              ],
              [
                -71.71457567828149,
                44.73851065412429
              ],
              [
                -71.7145239283664,
                44.73856025644801
              ],
              [
                -71.71450128553576,
                44.738586602922034
              ],
              [
                -71.71447864394692,
                44.738612949399965
              ],
              [
                -71.7144592560385,
                44.738640882289566
              ],
              [
                -71.71444020163713,
                44.738668334220655
              ],
              [
                -71.71440892755632,
                44.738726011802406
              ],
              [
                -71.71437365357515,
                44.73880083835203
              ],
              [
                -71.714365204604,
                44.738819831224845
              ],
              [
                -71.71435657190942,
                44.738840269880846
              ],
              [
                -71.71435025603603,
                44.73885213487824
              ],
              [
                -71.71432751875052,
                44.738899892114375
              ],
              [
                -71.71430980563721,
                44.73894874579963
              ],
              [
                -71.71430336525404,
                44.738973997829156
              ],
              [
                -71.71429715551123,
                44.738998347940054
              ],
              [
                -71.71429661241257,
                44.73900106461731
              ],
              [
                -71.7142960502863,
                44.73900388105316
              ],
              [
                -71.71428709352993,
                44.739034166037506
              ],
              [
                -71.71427813677624,
                44.73906445012105
              ],
              [
                -71.71427071492687,
                44.739097188907074
              ],
              [
                -71.71426355638516,
                44.73912875782734
              ],
              [
                -71.71426065144225,
                44.73915987006428
              ],
              [
                -71.71425764339907,
                44.7391920686772
              ],
              [
                -71.71425546755411,
                44.73926993510959
              ],
              [
                -71.71425530156765,
                44.73927706301717
              ],
              [
                -71.71425562688354,
                44.73930263786369
              ],
              [
                -71.71425740788183,
                44.73934844989637
              ],
              [
                -71.71426316214004,
                44.73940667466199
              ],
              [
                -71.71427583791146,
                44.739464352210774
              ],
              [
                -71.71429534846486,
                44.739521082385835
              ],
              [
                -71.71431039303093,
                44.739557872328305
              ],
              [
                -71.71431485837711,
                44.73956853992908
              ],
              [
                -71.71433260565897,
                44.739602762134915
              ],
              [
                -71.71435035296153,
                44.73963698433792
              ],
              [
                -71.71434948457231,
                44.73970418238548
              ],
              [
                -71.71434611596275,
                44.73971918762799
              ],
              [
                -71.71434010605111,
                44.73975059346976
              ],
              [
                -71.71433467582047,
                44.73980193979878
              ],
              [
                -71.71433112313507,
                44.739869785307086
              ],
              [
                -71.71433049207175,
                44.73988887875336
              ],
              [
                -71.71433091267427,
                44.73991385311583
              ],
              [
                -71.71432190401897,
                44.73993733265813
              ],
              [
                -71.71431846486779,
                44.73995213763499
              ],
              [
                -71.71430920025679,
                44.73996514861816
              ],
              [
                -71.71428246182961,
                44.74000791983116
              ],
              [
                -71.71424989784164,
                44.740066892443764
              ],
              [
                -71.714225229873,
                44.740127759682274
              ],
              [
                -71.71420858785717,
                44.74018997260374
              ],
              [
                -71.71420438549266,
                44.74022150246131
              ],
              [
                -71.71420018312337,
                44.74025303231852
              ],
              [
                -71.71420004330903,
                44.740316391876235
              ],
              [
                -71.71420818414623,
                44.740379451148485
              ],
              [
                -71.71422453536397,
                44.74044171380226
              ],
              [
                -71.71424895923279,
                44.74050262994438
              ],
              [
                -71.7142650912558,
                44.74053214083732
              ],
              [
                -71.71428122455755,
                44.74056165173662
              ],
              [
                -71.71432108683187,
                44.74061828164258
              ],
              [
                -71.71436474052051,
                44.74066962547722
              ],
              [
                -71.7144144284517,
                44.740718079813426
              ],
              [
                -71.71444168937828,
                44.74074033210906
              ],
              [
                -71.71446981826618,
                44.74076329319418
              ],
              [
                -71.71447402042058,
                44.74076645826761
              ],
              [
                -71.71447822256324,
                44.74076962424071
              ],
              [
                -71.71448524085739,
                44.74077480827324
              ],
              [
                -71.71450711140147,
                44.74079036147897
              ],
              [
                -71.71452982282135,
                44.740805266233025
              ],
              [
                -71.71455757910587,
                44.740822086481245
              ],
              [
                -71.71458419573952,
                44.74083821675676
              ],
              [
                -71.7146316110369,
                44.740865234927675
              ],
              [
                -71.71468169283102,
                44.740889660790835
              ],
              [
                -71.71473421653054,
                44.740911295719194
              ],
              [
                -71.71478783467865,
                44.740931833964964
              ],
              [
                -71.71482675808522,
                44.7409459403231
              ],
              [
                -71.71488861438961,
                44.74096438438835
              ],
              [
                -71.71491286949937,
                44.741010594775084
              ],
              [
                -71.71493872247557,
                44.74105032512582
              ],
              [
                -71.7149649710213,
                44.74108751235841
              ],
              [
                -71.71497198874238,
                44.741098529540984
              ],
              [
                -71.7150066847083,
                44.74114782995885
              ],
              [
                -71.71502055389325,
                44.741165077480765
              ],
              [
                -71.71509396378485,
                44.74125350906722
              ],
              [
                -71.71511730693723,
                44.741279980024224
              ],
              [
                -71.71515796841075,
                44.74133456424051
              ],
              [
                -71.71520557708422,
                44.74138625709391
              ],
              [
                -71.71525975652094,
                44.741434511546515
              ],
              [
                -71.71532005187255,
                44.74147897620061
              ],
              [
                -71.71535941385457,
                44.74150559586781
              ],
              [
                -71.71539315009994,
                44.74152637968287
              ],
              [
                -71.71542568171994,
                44.741546421789465
              ],
              [
                -71.71548221023512,
                44.74157813672281
              ],
              [
                -71.7155408315796,
                44.7416110259813
              ],
              [
                -71.71556859698096,
                44.741629369583165
              ],
              [
                -71.71563751435743,
                44.74167074452406
              ],
              [
                -71.71568056172521,
                44.74169292676335
              ],
              [
                -71.71570650186415,
                44.74170553890013
              ],
              [
                -71.7157365389141,
                44.741722387121435
              ],
              [
                -71.71574732075715,
                44.74172836903966
              ],
              [
                -71.71580356275219,
                44.74175683318868
              ],
              [
                -71.71585553922581,
                44.7417812085504
              ],
              [
                -71.71587851519268,
                44.74179471819785
              ],
              [
                -71.71594904731245,
                44.74183240272784
              ],
              [
                -71.71602409693924,
                44.74186535322986
              ],
              [
                -71.7160628437142,
                44.741879050295054
              ],
              [
                -71.71610306710025,
                44.74189326862878
              ],
              [
                -71.71615675611635,
                44.74191006671026
              ],
              [
                -71.71618670754097,
                44.741918598203966
              ],
              [
                -71.71621940985686,
                44.74192791258884
              ],
              [
                -71.71631426780077,
                44.74194830118786
              ]
            ],
            [
              [
                -71.71665496182624,
                44.74127404691831
              ],
              [
                -71.71654424569918,
                44.741282468255456
              ],
              [
                -71.71649055774229,
                44.74126562626634
              ],
              [
                -71.71643694034547,
                44.74123412168435
              ],
              [
                -71.71640370805979,
                44.74121742360352
              ],
              [
                -71.71633219191663,
                44.741183915356295
              ],
              [
                -71.7162759156718,
                44.741152306961816
              ],
              [
                -71.71622236074923,
                44.741126287628184
              ],
              [
                -71.7161662916319,
                44.74108926407274
              ],
              [
                -71.71602080071618,
                44.74100764739558
              ],
              [
                -71.7159825151276,
                44.74098173187028
              ],
              [
                -71.71595989445929,
                44.740944852347994
              ],
              [
                -71.71592192958994,
                44.740904275051555
              ],
              [
                -71.7159139495171,
                44.740894663270595
              ],
              [
                -71.71584851248991,
                44.74081584844197
              ],
              [
                -71.7158333118957,
                44.740791906482826
              ],
              [
                -71.71579812141019,
                44.74074207017346
              ],
              [
                -71.71578058282853,
                44.74070343560081
              ],
              [
                -71.71575194379555,
                44.74062720505413
              ],
              [
                -71.71572408497015,
                44.74060506235282
              ],
              [
                -71.71571158230824,
                44.74057751048732
              ],
              [
                -71.71570432464347,
                44.74054445032614
              ],
              [
                -71.71569186520554,
                44.740513236141354
              ],
              [
                -71.71566390608258,
                44.740489178637986
              ],
              [
                -71.7156306438369,
                44.740474277234824
              ],
              [
                -71.71550771793063,
                44.74043313332526
              ],
              [
                -71.71547753560043,
                44.740387121717234
              ],
              [
                -71.71544189106594,
                44.74035203971951
              ],
              [
                -71.71541869175755,
                44.740331286910106
              ],
              [
                -71.715410273276,
                44.74033001600132
              ],
              [
                -71.71540230586373,
                44.74032881568378
              ],
              [
                -71.71538465552766,
                44.740308460952456
              ],
              [
                -71.71538641365534,
                44.74029964586225
              ],
              [
                -71.71538729147325,
                44.74029066274099
              ],
              [
                -71.71538770605444,
                44.74027924129381
              ],
              [
                -71.71537500621491,
                44.74026628449643
              ],
              [
                -71.71535434288826,
                44.74027172193796
              ],
              [
                -71.71533867904465,
                44.74029166870051
              ],
              [
                -71.71531769714402,
                44.74031169590806
              ],
              [
                -71.71530477810283,
                44.74032446588415
              ],
              [
                -71.71524298741626,
                44.74032771920566
              ],
              [
                -71.71521148093153,
                44.74031567434519
              ],
              [
                -71.71518934273269,
                44.740307211585964
              ],
              [
                -71.71516983379021,
                44.740293116387406
              ],
              [
                -71.71516134031772,
                44.74028684327224
              ],
              [
                -71.71518754663127,
                44.74024491410945
              ],
              [
                -71.71522116592294,
                44.74023228459847
              ],
              [
                -71.71523699246788,
                44.74020124583923
              ],
              [
                -71.71525551751617,
                44.740166453218364
              ],
              [
                -71.71526351738183,
                44.74013538407059
              ],
              [
                -71.71526168858593,
                44.74008408500954
              ],
              [
                -71.7152903326909,
                44.74005682392895
              ],
              [
                -71.71529348433614,
                44.74002013125398
              ],
              [
                -71.71529654570219,
                44.73997984463703
              ],
              [
                -71.71529251114458,
                44.73989549669935
              ],
              [
                -71.71529608531144,
                44.73982766030792
              ],
              [
                -71.71530965953032,
                44.73976728534887
              ],
              [
                -71.71531601252819,
                44.739586792715805
              ],
              [
                -71.71528211491265,
                44.73943259590976
              ],
              [
                -71.71523414723424,
                44.73936629874128
              ],
              [
                -71.71521912287635,
                44.73932946856235
              ],
              [
                -71.71521733736778,
                44.73928365381371
              ],
              [
                -71.71521952015152,
                44.73920583240591
              ],
              [
                -71.71524387001196,
                44.73912347841756
              ],
              [
                -71.71524941721167,
                44.73909599563203
              ],
              [
                -71.71526794187491,
                44.739061297489876
              ],
              [
                -71.7152864684944,
                44.739017398725935
              ],
              [
                -71.71532091749381,
                44.73894430574554
              ],
              [
                -71.71536243862688,
                44.73890805937349
              ],
              [
                -71.71540672187848,
                44.73887343019457
              ],
              [
                -71.71543795094341,
                44.73885169065161
              ],
              [
                -71.71547118194717,
                44.738859213576355
              ],
              [
                -71.71553526219537,
                44.738872523317106
              ],
              [
                -71.71557607254996,
                44.73889844824453
              ],
              [
                -71.71559134364983,
                44.73889845594764
              ],
              [
                -71.71561263128469,
                44.73889144341604
              ],
              [
                -71.71562635503533,
                44.738886923861685
              ],
              [
                -71.71568572455236,
                44.73886708104667
              ],
              [
                -71.7157473491955,
                44.738874872682324
              ],
              [
                -71.71581413166219,
                44.73888452740983
              ],
              [
                -71.71586275931026,
                44.73890323197866
              ],
              [
                -71.71598119032193,
                44.738893052753475
              ],
              [
                -71.71602497843841,
                44.73888587874718
              ],
              [
                -71.71616635642653,
                44.7388979054361
              ],
              [
                -71.71623029243094,
                44.738922187242395
              ],
              [
                -71.71627654636352,
                44.73892800759753
              ],
              [
                -71.71632272675875,
                44.73893011262006
              ],
              [
                -71.71636385694698,
                44.738932295458284
              ],
              [
                -71.71642788361223,
                44.73895099566314
              ],
              [
                -71.71651509187615,
                44.73897183826457
              ],
              [
                -71.71654580667013,
                44.73897684007718
              ],
              [
                -71.7165740483911,
                44.73898144065661
              ],
              [
                -71.7166383346145,
                44.73897999274372
              ],
              [
                -71.71671825574239,
                44.738971433891486
              ],
              [
                -71.71680819822954,
                44.73897745918316
              ],
              [
                -71.71697674406671,
                44.73896844151568
              ],
              [
                -71.71700229448116,
                44.73898338594603
              ],
              [
                -71.7170199755692,
                44.739001849041856
              ],
              [
                -71.71706386571181,
                44.7389874859931
              ],
              [
                -71.71710281843347,
                44.738963905545596
              ],
              [
                -71.7171236956142,
                44.73894210627368
              ],
              [
                -71.71717289631786,
                44.73891669365401
              ],
              [
                -71.71720914771409,
                44.73890606498854
              ],
              [
                -71.717235707923,
                44.738902224465114
              ],
              [
                -71.71725798712782,
                44.73889900252518
              ],
              [
                -71.7173302717484,
                44.738875662152324
              ],
              [
                -71.7174899701615,
                44.7388584056517
              ],
              [
                -71.7175649969649,
                44.73882786037927
              ],
              [
                -71.71762159194489,
                44.73882626472687
              ],
              [
                -71.71766813459752,
                44.73881011800684
              ],
              [
                -71.71771472173079,
                44.7387829927271
              ],
              [
                -71.71774571914749,
                44.73876843940977
              ],
              [
                -71.71788309344308,
                44.7387868384756
              ],
              [
                -71.71794765610389,
                44.73877451276274
              ],
              [
                -71.71801735571711,
                44.73875482766587
              ],
              [
                -71.71806892490468,
                44.73874231302258
              ],
              [
                -71.7181226887814,
                44.73875188446094
              ],
              [
                -71.71819213850861,
                44.73876151016404
              ],
              [
                -71.71825112041738,
                44.73876923286197
              ],
              [
                -71.71833354560074,
                44.738771668865375
              ],
              [
                -71.71835241624605,
                44.738770090906065
              ],
              [
                -71.71837449878178,
                44.73876824425733
              ],
              [
                -71.71842603873495,
                44.73876679808865
              ],
              [
                -71.71848239935612,
                44.738791028589574
              ],
              [
                -71.71853813137093,
                44.738842713573256
              ],
              [
                -71.71858187714062,
                44.73884849963337
              ],
              [
                -71.71862550320846,
                44.738852393256664
              ],
              [
                -71.7186847368539,
                44.73885099781207
              ],
              [
                -71.71871217220091,
                44.738845636692986
              ],
              [
                -71.71873891762127,
                44.73884040943288
              ],
              [
                -71.71878224018768,
                44.73885905936783
              ],
              [
                -71.71887544231312,
                44.73891369211915
              ],
              [
                -71.71890874565612,
                44.738924974342815
              ],
              [
                -71.71898072664737,
                44.73892357774002
              ],
              [
                -71.7190320297752,
                44.73892950980198
              ],
              [
                -71.7190987579669,
                44.738944648960135
              ],
              [
                -71.71912560186762,
                44.73894795878504
              ],
              [
                -71.71916038700611,
                44.738952248003955
              ],
              [
                -71.71921723068863,
                44.73896351290851
              ],
              [
                -71.71927573155607,
                44.73897510678051
              ],
              [
                -71.71935527776806,
                44.738994005030655
              ],
              [
                -71.71939370495167,
                44.73899984171413
              ],
              [
                -71.71947096147781,
                44.7390020840833
              ],
              [
                -71.71955529689176,
                44.73903946928514
              ],
              [
                -71.7195653602702,
                44.739061402156985
              ],
              [
                -71.71960853205546,
                44.73908922798183
              ],
              [
                -71.71964690824039,
                44.73910965709614
              ],
              [
                -71.71970313463238,
                44.73913379158593
              ],
              [
                -71.7197619779419,
                44.739161719929754
              ],
              [
                -71.71985783715634,
                44.739198107351946
              ],
              [
                -71.71987021509997,
                44.739199379783564
              ],
              [
                -71.71989640958432,
                44.739202076654855
              ],
              [
                -71.71994773490125,
                44.73921708850121
              ],
              [
                -71.71999371222323,
                44.739233854608784
              ],
              [
                -71.72003189294793,
                44.739267054614075
              ],
              [
                -71.72004416802493,
                44.73930387168331
              ],
              [
                -71.72007217072887,
                44.73932421720752
              ],
              [
                -71.72013091106228,
                44.7393502530562
              ],
              [
                -71.72017425025449,
                44.73938538613996
              ],
              [
                -71.7201765630281,
                44.73941105373256
              ],
              [
                -71.7201890195681,
                44.73944245819438
              ],
              [
                -71.7202090957213,
                44.739470033391875
              ],
              [
                -71.72021380272392,
                44.7395047910763
              ],
              [
                -71.72019299861665,
                44.73952122527519
              ],
              [
                -71.72017727565463,
                44.739544863712034
              ],
              [
                -71.72017408550528,
                44.73959442130769
              ],
              [
                -71.72018629345531,
                44.739634834822446
              ],
              [
                -71.7202012366584,
                44.739669676801455
              ],
              [
                -71.72022155006448,
                44.73969923970657
              ],
              [
                -71.72023611449087,
                44.739714451261484
              ],
              [
                -71.72025481573363,
                44.73976983403198
              ],
              [
                -71.7202790069227,
                44.73979167881882
              ],
              [
                -71.72031057146748,
                44.739820880271374
              ],
              [
                -71.7203057815884,
                44.73983822113911
              ],
              [
                -71.7203101834484,
                44.73989681612264
              ],
              [
                -71.7203070616709,
                44.73993171113067
              ],
              [
                -71.72030138944592,
                44.73997740468589
              ],
              [
                -71.72031131592043,
                44.740001289348044
              ],
              [
                -71.72033155625468,
                44.74002531011696
              ],
              [
                -71.72033844115509,
                44.7400858280487
              ],
              [
                -71.72033538201963,
                44.74012611481584
              ],
              [
                -71.72031685752648,
                44.740160811975485
              ],
              [
                -71.72030367359314,
                44.74018285333187
              ],
              [
                -71.72027272412922,
                44.740193454384126
              ],
              [
                -71.72022631999454,
                44.74019870345653
              ],
              [
                -71.7201745384722,
                44.740227702983326
              ],
              [
                -71.72015634983735,
                44.74024773845548
              ],
              [
                -71.72014077206526,
                44.74025201371698
              ],
              [
                -71.72013049164998,
                44.74025483490871
              ],
              [
                -71.72010579376757,
                44.740259023587285
              ],
              [
                -71.72008911676535,
                44.74026185058683
              ],
              [
                -71.72006538289043,
                44.74028214604291
              ],
              [
                -71.72004234901364,
                44.740301839738706
              ],
              [
                -71.72002146178654,
                44.740325651658466
              ],
              [
                -71.71998535662887,
                44.7403344851024
              ],
              [
                -71.71995188989308,
                44.74033424571503
              ],
              [
                -71.71992855030066,
                44.74035244435691
              ],
              [
                -71.71992559658875,
                44.74038364818902
              ],
              [
                -71.71990995423485,
                44.74040192370158
              ],
              [
                -71.71989246045317,
                44.740408397807926
              ],
              [
                -71.71987110539204,
                44.74041628988225
              ],
              [
                -71.71983749035888,
                44.74042885779777
              ],
              [
                -71.719806464311,
                44.7404360304614
              ],
              [
                -71.71978327875229,
                44.74044126789236
              ],
              [
                -71.71975475021671,
                44.740459422048616
              ],
              [
                -71.71973394569501,
                44.74047585165872
              ],
              [
                -71.71971087949316,
                44.74047380965814
              ],
              [
                -71.71967992594904,
                44.74047540157128
              ],
              [
                -71.71966704829903,
                44.74047530728018
              ],
              [
                -71.71960115630459,
                44.7405014870155
              ],
              [
                -71.71957806092139,
                44.74050123829957
              ],
              [
                -71.7195499637872,
                44.740486475024156
              ],
              [
                -71.71951914378116,
                44.740478891474
              ],
              [
                -71.71948570618126,
                44.7404768559385
              ],
              [
                -71.719462375438,
                44.7404932556348
              ],
              [
                -71.7194543332114,
                44.74052801169677
              ],
              [
                -71.71941254178894,
                44.740566243789836
              ],
              [
                -71.71939346626566,
                44.74056686662398
              ],
              [
                -71.7193687076394,
                44.740567673784255
              ],
              [
                -71.71934296537046,
                44.740574864441214
              ],
              [
                -71.71931940622737,
                44.740609449628444
              ],
              [
                -71.71928555352542,
                44.74063862800407
              ],
              [
                -71.71924688604858,
                44.74064943968663
              ],
              [
                -71.71920558232272,
                44.74066005155124
              ],
              [
                -71.7191641041337,
                44.74068362354074
              ],
              [
                -71.71911995567237,
                44.74070905265866
              ],
              [
                -71.71910417723356,
                44.740736380174184
              ],
              [
                -71.7190522431929,
                44.740776256198636
              ],
              [
                -71.71902876700315,
                44.74080372274304
              ],
              [
                -71.71898746436915,
                44.740814429925855
              ],
              [
                -71.71894103135234,
                44.74082140339573
              ],
              [
                -71.71890456642474,
                44.7408578584217
              ],
              [
                -71.71887586512607,
                44.740888806925106
              ],
              [
                -71.71884976539673,
                44.74091427659626
              ],
              [
                -71.71880330315345,
                44.74093232044177
              ],
              [
                -71.7187413258913,
                44.74095023743226
              ],
              [
                -71.71870610852521,
                44.74097645371016
              ],
              [
                -71.71866813497981,
                44.740997779034366
              ],
              [
                -71.71866731817912,
                44.74099823779703
              ],
              [
                -71.71864406091379,
                44.741009055716454
              ],
              [
                -71.71862861584043,
                44.74101264235174
              ],
              [
                -71.71858720855478,
                44.74103072699452
              ],
              [
                -71.71856394999719,
                44.74104145129861
              ],
              [
                -71.71854083437759,
                44.74103219148549
              ],
              [
                -71.71851709633002,
                44.74103501853219
              ],
              [
                -71.71849707642431,
                44.7410374039673
              ],
              [
                -71.71842991730635,
                44.74105530062617
              ],
              [
                -71.71841454248822,
                44.74106248013406
              ],
              [
                -71.71831912537881,
                44.741069209886746
              ],
              [
                -71.7182753677305,
                44.7410743961884
              ],
              [
                -71.71822628084038,
                44.741090513133955
              ],
              [
                -71.7181875336486,
                44.74110860774227
              ],
              [
                -71.71815145567645,
                44.741106467349546
              ],
              [
                -71.71813005470149,
                44.74110901694682
              ],
              [
                -71.71810769889666,
                44.74111167969011
              ],
              [
                -71.71806363400567,
                44.741138906080046
              ],
              [
                -71.71805071405822,
                44.741142500927516
              ],
              [
                -71.71800695631978,
                44.74114768802553
              ],
              [
                -71.71794510472196,
                44.74115465629953
              ],
              [
                -71.71789343617687,
                44.74116707391111
              ],
              [
                -71.71784453286944,
                44.74116862518746
              ],
              [
                -71.71780610696453,
                44.741162786193584
              ],
              [
                -71.71774153672602,
                44.74118436909166
              ],
              [
                -71.71772774998776,
                44.74118922413152
              ],
              [
                -71.7177208700443,
                44.741191639144105
              ],
              [
                -71.7176299094135,
                44.74116806575002
              ],
              [
                -71.7175808924903,
                44.74117869527654
              ],
              [
                -71.7175626258365,
                44.74118130403737
              ],
              [
                -71.71754471213312,
                44.74118386301902
              ],
              [
                -71.71752930022322,
                44.741183016800726
              ],
              [
                -71.7175087493355,
                44.74118188789501
              ],
              [
                -71.71744691784343,
                44.74119784158815
              ],
              [
                -71.71739753736702,
                44.74118543637647
              ],
              [
                -71.71736487459467,
                44.741177232181656
              ],
              [
                -71.71733898505572,
                44.74118229130162
              ],
              [
                -71.71731069139697,
                44.7411878198876
              ],
              [
                -71.7172592959842,
                44.741187469432326
              ],
              [
                -71.71718966720823,
                44.7412016687225
              ],
              [
                -71.71714293116922,
                44.7412306825561
              ],
              [
                -71.71708888272914,
                44.741232120846604
              ],
              [
                -71.71703471073215,
                44.74124093568545
              ],
              [
                -71.71698315804942,
                44.74125344906919
              ],
              [
                -71.71694193810072,
                44.74126602338094
              ],
              [
                -71.71688024971337,
                44.74125265254482
              ],
              [
                -71.7168342083476,
                44.74123964365324
              ],
              [
                -71.7167621885127,
                44.74124463555568
              ],
              [
                -71.71674148404944,
                44.74125357089578
              ],
              [
                -71.71665496182624,
                44.74127404691831
              ]
            ]
          ],
          [
            [
              [
                -71.71844961796927,
                44.75745699278034
              ],
              [
                -71.71846268369774,
                44.75746543239176
              ],
              [
                -71.7184762339969,
                44.75747418488424
              ],
              [
                -71.71848311208986,
                44.757478420099694
              ],
              [
                -71.71853251944273,
                44.757526511524794
              ],
              [
                -71.71856016228381,
                44.75754886257684
              ],
              [
                -71.71858780514619,
                44.75757121362228
              ],
              [
                -71.71864851037834,
                44.75761217768195
              ],
              [
                -71.7187141737868,
                44.757649054976426
              ],
              [
                -71.71877892348907,
                44.757691415387306
              ],
              [
                -71.71884920148693,
                44.75772908998783
              ],
              [
                -71.71889552101112,
                44.75775151561343
              ],
              [
                -71.71895987713934,
                44.75778017041498
              ],
              [
                -71.71902717976809,
                44.7578050882375
              ],
              [
                -71.71909703744727,
                44.757826168309755
              ],
              [
                -71.71914613744522,
                44.75783937444802
              ],
              [
                -71.71916119894038,
                44.75784331191484
              ],
              [
                -71.71917765562823,
                44.757847282316455
              ],
              [
                -71.7191946586845,
                44.75785138513733
              ],
              [
                -71.71925407549529,
                44.75786483994662
              ],
              [
                -71.7192741716222,
                44.75787007348135
              ],
              [
                -71.71934748607231,
                44.757906650853776
              ],
              [
                -71.71942529145029,
                44.757938196924
              ],
              [
                -71.71950686743094,
                44.75796445928679
              ],
              [
                -71.71959150498976,
                44.75798519011526
              ],
              [
                -71.71967845840423,
                44.758000240322836
              ],
              [
                -71.71976702743744,
                44.758009459336044
              ],
              [
                -71.71985643788719,
                44.75801274917231
              ],
              [
                -71.71994584858307,
                44.75801010768364
              ],
              [
                -71.71997177081141,
                44.75800851283581
              ],
              [
                -71.7200509799342,
                44.758001187784885
              ],
              [
                -71.72006407723033,
                44.75799904547582
              ],
              [
                -71.7201548724566,
                44.75799037313432
              ],
              [
                -71.72024407221936,
                44.75797552099607
              ],
              [
                -71.7203308597884,
                44.7579546418716
              ],
              [
                -71.72041444565217,
                44.757927931054994
              ],
              [
                -71.72049403073719,
                44.75789563777138
              ],
              [
                -71.72056891448153,
                44.75785801191994
              ],
              [
                -71.72063834883237,
                44.75781545426079
              ],
              [
                -71.72066946836854,
                44.75779233576114
              ],
              [
                -71.72070173990203,
                44.7577683603078
              ],
              [
                -71.7207305169937,
                44.75774238571458
              ],
              [
                -71.7207584988005,
                44.75771713010885
              ],
              [
                -71.72080809090562,
                44.75766226127166
              ],
              [
                -71.72081401238053,
                44.75765752769124
              ],
              [
                -71.7208225120877,
                44.757649379473584
              ],
              [
                -71.72083101305539,
                44.75764123126386
              ],
              [
                -71.72088760563915,
                44.75760151321674
              ],
              [
                -71.72093904892168,
                44.75755840607727
              ],
              [
                -71.72098494609473,
                44.75751220861279
              ],
              [
                -71.72102663421838,
                44.757483354136525
              ],
              [
                -71.72106481229093,
                44.757452157555036
              ],
              [
                -71.72109927176598,
                44.75741881812768
              ],
              [
                -71.72112603598343,
                44.75740331986764
              ],
              [
                -71.72119366376228,
                44.75736016190984
              ],
              [
                -71.72122756136814,
                44.75733639087424
              ],
              [
                -71.72127584535856,
                44.757299961810794
              ],
              [
                -71.72132020065314,
                44.75726113919535
              ],
              [
                -71.7213604402077,
                44.75722002614583
              ],
              [
                -71.72142170754466,
                44.757165456216434
              ],
              [
                -71.72147480950548,
                44.75710665054209
              ],
              [
                -71.72151916334143,
                44.75704430618567
              ],
              [
                -71.72155432403218,
                44.75697902215862
              ],
              [
                -71.72157993931066,
                44.75691154478712
              ],
              [
                -71.72159568660177,
                44.75684257290293
              ],
              [
                -71.7215986221323,
                44.756807083656284
              ],
              [
                -71.7216014580843,
                44.75677280229977
              ],
              [
                -71.72160281858915,
                44.756759048463
              ],
              [
                -71.72160338018512,
                44.75671693684999
              ],
              [
                -71.72162380223422,
                44.756702584014114
              ],
              [
                -71.72167819264756,
                44.75666112094607
              ],
              [
                -71.72172755667155,
                44.75661661792273
              ],
              [
                -71.72177160300475,
                44.756569324038246
              ],
              [
                -71.72181001940099,
                44.75651963762766
              ],
              [
                -71.72182614807082,
                44.756493925725
              ],
              [
                -71.72184253098287,
                44.75646780789643
              ],
              [
                -71.72184918923871,
                44.75645587286147
              ],
              [
                -71.72185584750387,
                44.75644393692627
              ],
              [
                -71.72188691121822,
                44.756379150416976
              ],
              [
                -71.7219087382232,
                44.756312420169394
              ],
              [
                -71.72192113353623,
                44.75624444318478
              ],
              [
                -71.72192344902318,
                44.75622361181569
              ],
              [
                -71.72194752068552,
                44.756157130826914
              ],
              [
                -71.72196197887614,
                44.756089303775724
              ],
              [
                -71.72196432082931,
                44.756055016340625
              ],
              [
                -71.72196666277944,
                44.75602072890528
              ],
              [
                -71.72196151373065,
                44.75595220403083
              ],
              [
                -71.72194660895701,
                44.75588437670722
              ],
              [
                -71.72193912554447,
                44.75585861100221
              ],
              [
                -71.72191537056506,
                44.755792428691585
              ],
              [
                -71.72188206853696,
                44.755728339292816
              ],
              [
                -71.72183960922716,
                44.755667040178444
              ],
              [
                -71.72178844679001,
                44.75560923005793
              ],
              [
                -71.72175974279413,
                44.755561186623886
              ],
              [
                -71.72175380436633,
                44.75555356177489
              ],
              [
                -71.72174689950985,
                44.755539558128085
              ],
              [
                -71.72171731012165,
                44.75548663117602
              ],
              [
                -71.72168128187612,
                44.755435797602075
              ],
              [
                -71.72163905762986,
                44.75538740731793
              ],
              [
                -71.72161145142103,
                44.755351872776664
              ],
              [
                -71.72158201842208,
                44.755288630368014
              ],
              [
                -71.72154398041184,
                44.75522777883049
              ],
              [
                -71.7214976887026,
                44.75516986859121
              ],
              [
                -71.72144364865001,
                44.75511554651599
              ],
              [
                -71.72138231084706,
                44.755065210723444
              ],
              [
                -71.72135868578437,
                44.755040491297706
              ],
              [
                -71.72134321952092,
                44.755025640037054
              ],
              [
                -71.7213303509822,
                44.75501352959269
              ],
              [
                -71.72132213919203,
                44.75500610429658
              ],
              [
                -71.7213104528489,
                44.754995682029346
              ],
              [
                -71.7212991721109,
                44.754985621587835
              ],
              [
                -71.72123647401061,
                44.75493493627711
              ],
              [
                -71.72116706615519,
                44.75488893686155
              ],
              [
                -71.72109162073991,
                44.754848070665915
              ],
              [
                -71.7210109142491,
                44.7548126363433
              ],
              [
                -71.72092571424137,
                44.75478303237644
              ],
              [
                -71.72083686535667,
                44.75475955968624
              ],
              [
                -71.72074516435737,
                44.754742416280216
              ],
              [
                -71.72069836292721,
                44.7547370826604
              ],
              [
                -71.72065156021891,
                44.75473175081244
              ],
              [
                -71.72055693933314,
                44.75472776370698
              ],
              [
                -71.72046221292067,
                44.75473040538743
              ],
              [
                -71.72036833702305,
                44.754739674281076
              ],
              [
                -71.72034225692497,
                44.75474316333775
              ],
              [
                -71.72032340273596,
                44.75474595210256
              ],
              [
                -71.72028787248317,
                44.754721698314825
              ],
              [
                -71.72025361757876,
                44.754698309031475
              ],
              [
                -71.72017744490924,
                44.75465589753117
              ],
              [
                -71.72009571036261,
                44.75461911738489
              ],
              [
                -71.72005021390126,
                44.75460297287855
              ],
              [
                -71.72000919342678,
                44.75458841845677
              ],
              [
                -71.71996398980195,
                44.75457623278916
              ],
              [
                -71.7199187836586,
                44.7545640479863
              ],
              [
                -71.71987208814701,
                44.75455517633293
              ],
              [
                -71.71982539137505,
                44.7545463055517
              ],
              [
                -71.71972997126142,
                44.75453529035841
              ],
              [
                -71.71963349933817,
                44.754531205249705
              ],
              [
                -71.71959725997087,
                44.75453095491073
              ],
              [
                -71.71950317288722,
                44.75453359656499
              ],
              [
                -71.71940990343026,
                44.75454276712665
              ],
              [
                -71.71931836158144,
                44.754558415224544
              ],
              [
                -71.71923248602704,
                44.754576257255884
              ],
              [
                -71.71919444625627,
                44.75458477933231
              ],
              [
                -71.71911771487405,
                44.75460117645929
              ],
              [
                -71.71904325243621,
                44.75462220735244
              ],
              [
                -71.71897164053276,
                44.75464782379932
              ],
              [
                -71.71890338145784,
                44.75467767647878
              ],
              [
                -71.71881211988591,
                44.75472133376513
              ],
              [
                -71.71873557907607,
                44.75476190153016
              ],
              [
                -71.71866539776374,
                44.754807950866976
              ],
              [
                -71.71860233157213,
                44.75485898481153
              ],
              [
                -71.71853937993448,
                44.75490722710609
              ],
              [
                -71.71848320880935,
                44.754959605825626
              ],
              [
                -71.71842802023593,
                44.75501656994709
              ],
              [
                -71.71839106134108,
                44.75505683782572
              ],
              [
                -71.71835884814244,
                44.75509919985123
              ],
              [
                -71.71833161716938,
                44.755143255389946
              ],
              [
                -71.71831866077852,
                44.75516234363602
              ],
              [
                -71.71827091143577,
                44.75520360850024
              ],
              [
                -71.71822793458388,
                44.75524741494378
              ],
              [
                -71.71820882816449,
                44.75527066992181
              ],
              [
                -71.71819001834876,
                44.755293563366294
              ],
              [
                -71.71817400736795,
                44.75531719679073
              ],
              [
                -71.71815740233505,
                44.75534170625077
              ],
              [
                -71.718110688636,
                44.755386509355425
              ],
              [
                -71.71806974694086,
                44.755434003974976
              ],
              [
                -71.71803482311078,
                44.75548394072616
              ],
              [
                -71.71800625916737,
                44.75553587020529
              ],
              [
                -71.717988459202,
                44.755561037385476
              ],
              [
                -71.71798169588568,
                44.7555720022824
              ],
              [
                -71.71796852855124,
                44.75559397953049
              ],
              [
                -71.71793968294168,
                44.755646557692806
              ],
              [
                -71.71791813772612,
                44.75570087945982
              ],
              [
                -71.71790410171636,
                44.755756446819625
              ],
              [
                -71.71784423734537,
                44.75578899036539
              ],
              [
                -71.71778841729032,
                44.75582497221225
              ],
              [
                -71.71777529379985,
                44.75583414142205
              ],
              [
                -71.71773248312114,
                44.7558660368003
              ],
              [
                -71.71770834152088,
                44.7558873674056
              ],
              [
                -71.7176756805121,
                44.7558994777351
              ],
              [
                -71.71765002083774,
                44.75591153792969
              ],
              [
                -71.7176092461075,
                44.75592713647243
              ],
              [
                -71.71753138757907,
                44.75595913271955
              ],
              [
                -71.71745849749438,
                44.755996557875555
              ],
              [
                -71.71742972347013,
                44.756012904514016
              ],
              [
                -71.717398984204,
                44.756031592723026
              ],
              [
                -71.71732737314008,
                44.75607380414302
              ],
              [
                -71.717261823505,
                44.75612075005569
              ],
              [
                -71.71720294254338,
                44.7561719810828
              ],
              [
                -71.71715131540712,
                44.756227000899884
              ],
              [
                -71.71712103232635,
                44.75626716833719
              ],
              [
                -71.71710734729605,
                44.7562853587436
              ],
              [
                -71.71707602385848,
                44.75633877730203
              ],
              [
                -71.71760644058602,
                44.75738962543603
              ],
              [
                -71.71761061475547,
                44.75739140884313
              ],
              [
                -71.7176629696451,
                44.757411292698
              ],
              [
                -71.71769381341078,
                44.75742300384377
              ],
              [
                -71.71778097902941,
                44.75744871899562
              ],
              [
                -71.71787118732185,
                44.757468254591316
              ],
              [
                -71.71796365906916,
                44.757481510797966
              ],
              [
                -71.71805749135805,
                44.75748828794869
              ],
              [
                -71.71815178807397,
                44.75748853760974
              ],
              [
                -71.71824567267676,
                44.757482258279225
              ],
              [
                -71.71833828493622,
                44.75746955025865
              ],
              [
                -71.71842870211042,
                44.757450466629535
              ],
              [
                -71.71844961796927,
                44.75745699278034
              ]
            ],
            [
              [
                -71.71991349851974,
                44.75731805431732
              ],
              [
                -71.71988752026375,
                44.757325431542824
              ],
              [
                -71.71986159653126,
                44.75732706685714
              ],
              [
                -71.71985149678478,
                44.75730844457288
              ],
              [
                -71.71986475012822,
                44.757290095208624
              ],
              [
                -71.71985461573927,
                44.757264192476704
              ],
              [
                -71.7198184268337,
                44.757260252952285
              ],
              [
                -71.71980787768696,
                44.75727305668856
              ],
              [
                -71.7197845306139,
                44.75727290078442
              ],
              [
                -71.71973424836004,
                44.757245836442436
              ],
              [
                -71.71961277219445,
                44.75722466140899
              ],
              [
                -71.71954550580199,
                44.7572113439201
              ],
              [
                -71.7194860845376,
                44.75719788923058
              ],
              [
                -71.71943699889326,
                44.7571846833352
              ],
              [
                -71.71939068897973,
                44.75716221839709
              ],
              [
                -71.71934709680711,
                44.757126829620056
              ],
              [
                -71.71928007519702,
                44.7570948784665
              ],
              [
                -71.71925989400523,
                44.75705602759187
              ],
              [
                -71.71921874009483,
                44.75702622763094
              ],
              [
                -71.71919589640646,
                44.75698720105834
              ],
              [
                -71.71915995754678,
                44.7569739958383
              ],
              [
                -71.71914654605757,
                44.75697172367363
              ],
              [
                -71.71912630973189,
                44.75696829616134
              ],
              [
                -71.7191082734497,
                44.75695709323281
              ],
              [
                -71.7190568963577,
                44.75691786972068
              ],
              [
                -71.71902865340363,
                44.75689563436957
              ],
              [
                -71.71898729086415,
                44.75688049501005
              ],
              [
                -71.71894366877139,
                44.756856267364185
              ],
              [
                -71.71890773495386,
                44.75683379220269
              ],
              [
                -71.71887396651451,
                44.75683724093553
              ],
              [
                -71.71884811472093,
                44.75683345729877
              ],
              [
                -71.71883010998002,
                44.7568202954539
              ],
              [
                -71.71881873434046,
                44.75680266144127
              ],
              [
                -71.71877505230732,
                44.75676358312841
              ],
              [
                -71.71875954309118,
                44.75676158903641
              ],
              [
                -71.71873638255246,
                44.75675585389818
              ],
              [
                -71.7187367012013,
                44.75673192586882
              ],
              [
                -71.71868499230584,
                44.756716794809606
              ],
              [
                -71.71866427991993,
                44.7567166495026
              ],
              [
                -71.71862813606249,
                44.756709023907874
              ],
              [
                -71.71860513498467,
                44.75670542260316
              ],
              [
                -71.71857897802334,
                44.756701328150726
              ],
              [
                -71.71854767355542,
                44.75669916835587
              ],
              [
                -71.71851930912854,
                44.7566972113515
              ],
              [
                -71.7184883342607,
                44.75669880279001
              ],
              [
                -71.71845685036693,
                44.75672082212472
              ],
              [
                -71.71842289466463,
                44.75673722803979
              ],
              [
                -71.71840727190252,
                44.75674450121947
              ],
              [
                -71.71835789606598,
                44.75675342867673
              ],
              [
                -71.71833989738523,
                44.756752380384434
              ],
              [
                -71.71832154659299,
                44.75675131258105
              ],
              [
                -71.718300783192,
                44.75675485645947
              ],
              [
                -71.7182593048431,
                44.75674898323993
              ],
              [
                -71.7182125285676,
                44.75676163152816
              ],
              [
                -71.71818658090677,
                44.75676702339181
              ],
              [
                -71.71818389188296,
                44.75676881108732
              ],
              [
                -71.7181733424019,
                44.75678349276798
              ],
              [
                -71.71812672052371,
                44.75678506337752
              ],
              [
                -71.71810574801665,
                44.756803455081055
              ],
              [
                -71.71807474728958,
                44.756790196038146
              ],
              [
                -71.71807246380698,
                44.75677174679908
              ],
              [
                -71.71804937640492,
                44.75675122932274
              ],
              [
                -71.7180445125655,
                44.75672726041054
              ],
              [
                -71.71804468732513,
                44.75671430301003
              ],
              [
                -71.71804531488333,
                44.756668054114115
              ],
              [
                -71.71800921329945,
                44.75665683440198
              ],
              [
                -71.71798871133701,
                44.7566418393209
              ],
              [
                -71.7179785328961,
                44.756619647316334
              ],
              [
                -71.7179775538926,
                44.756598031251336
              ],
              [
                -71.71797653844575,
                44.75657967888342
              ],
              [
                -71.7180117664886,
                44.75656173937988
              ],
              [
                -71.71802094219457,
                44.7565552716168
              ],
              [
                -71.71803012301069,
                44.75654879938843
              ],
              [
                -71.71805889216925,
                44.75653244626755
              ],
              [
                -71.71807714630785,
                44.75652700265604
              ],
              [
                -71.71808496786373,
                44.756523547488975
              ],
              [
                -71.7180978526165,
                44.75651785383378
              ],
              [
                -71.71813960501133,
                44.75650339208933
              ],
              [
                -71.71816314671626,
                44.75649068375463
              ],
              [
                -71.71819694052101,
                44.75648524842039
              ],
              [
                -71.7182332588736,
                44.75648001213842
              ],
              [
                -71.71827210440576,
                44.75648405314186
              ],
              [
                -71.71828761351797,
                44.756486048199356
              ],
              [
                -71.71832388973594,
                44.756484404911305
              ],
              [
                -71.7183421731238,
                44.75647706986229
              ],
              [
                -71.71835772311117,
                44.756475470978984
              ],
              [
                -71.71835154835159,
                44.75645589273007
              ],
              [
                -71.71835950683918,
                44.75643750099775
              ],
              [
                -71.71839078538379,
                44.75643033047645
              ],
              [
                -71.71841411018337,
                44.75643417431406
              ],
              [
                -71.71843502263478,
                44.756419470842516
              ],
              [
                -71.7184429341024,
                44.7564030657675
              ],
              [
                -71.71847193760179,
                44.75636987606774
              ],
              [
                -71.71848250878475,
                44.756353385702624
              ],
              [
                -71.71846707237866,
                44.756345905362636
              ],
              [
                -71.7184516231317,
                44.75634022113837
              ],
              [
                -71.7184412384001,
                44.75633285455802
              ],
              [
                -71.71844919946702,
                44.756323637344124
              ],
              [
                -71.71846232556238,
                44.75631446267606
              ],
              [
                -71.71849868719895,
                44.75630553700488
              ],
              [
                -71.7185247074103,
                44.7562964316681
              ],
              [
                -71.71853957795517,
                44.7562938886122
              ],
              [
                -71.71855597899189,
                44.75629108245668
              ],
              [
                -71.718587151577,
                44.756282114050755
              ],
              [
                -71.71861072616132,
                44.75626742066298
              ],
              [
                -71.71866258397338,
                44.75626228606825
              ],
              [
                -71.71869389550098,
                44.75625322049437
              ],
              [
                -71.71869947076826,
                44.75622366353889
              ],
              [
                -71.71870491849418,
                44.75619419840038
              ],
              [
                -71.71872080492516,
                44.75617765438607
              ],
              [
                -71.71874968884092,
                44.7561520067805
              ],
              [
                -71.71881530199508,
                44.75609144852042
              ],
              [
                -71.71883871091195,
                44.75608800993452
              ],
              [
                -71.71885944855705,
                44.75608626378722
              ],
              [
                -71.7188855311486,
                44.7560716729878
              ],
              [
                -71.71888594784556,
                44.756040274633754
              ],
              [
                -71.71890454057643,
                44.75601080580365
              ],
              [
                -71.71891007771714,
                44.755985006569475
              ],
              [
                -71.71890258068194,
                44.755959132584586
              ],
              [
                -71.71887414835504,
                44.755951460821606
              ],
              [
                -71.7188539371142,
                44.75592370096295
              ],
              [
                -71.71885334886136,
                44.75586359063762
              ],
              [
                -71.71886653473396,
                44.7558416233142
              ],
              [
                -71.71888246817424,
                44.75582139179659
              ],
              [
                -71.71890871854723,
                44.755793868736866
              ],
              [
                -71.71891176546147,
                44.755766072683436
              ],
              [
                -71.718935065873,
                44.75576083442989
              ],
              [
                -71.71896890128046,
                44.7557518049395
              ],
              [
                -71.71898974575888,
                44.755742681196566
              ],
              [
                -71.71902378020194,
                44.75571887394844
              ],
              [
                -71.71904231326994,
                44.755693258969686
              ],
              [
                -71.71905054421624,
                44.755663710255924
              ],
              [
                -71.71902750116759,
                44.755639531572506
              ],
              [
                -71.71903816236878,
                44.75561746147245
              ],
              [
                -71.71905907310561,
                44.755602851462655
              ],
              [
                -71.71909305366647,
                44.75558266143394
              ],
              [
                -71.71912189468134,
                44.75556072733684
              ],
              [
                -71.71915325772068,
                44.75553880057778
              ],
              [
                -71.71916133810497,
                44.75551114152149
              ],
              [
                -71.7191721000777,
                44.75549086740349
              ],
              [
                -71.719177517195,
                44.75547246723391
              ],
              [
                -71.7191881044497,
                44.755455881521065
              ],
              [
                -71.7192092011398,
                44.75542651794874
              ],
              [
                -71.7192198329943,
                44.75540624383624
              ],
              [
                -71.71927503241565,
                44.75534928840903
              ],
              [
                -71.71933267196812,
                44.75530910852494
              ],
              [
                -71.7193484419785,
                44.75529067382901
              ],
              [
                -71.71943971158314,
                44.75524701977287
              ],
              [
                -71.71948387387766,
                44.75524183400501
              ],
              [
                -71.71950215799015,
                44.75523449877359
              ],
              [
                -71.71958802228602,
                44.75521662136845
              ],
              [
                -71.71962426969516,
                44.75521686906562
              ],
              [
                -71.71963182312156,
                44.75523725668438
              ],
              [
                -71.71964695078154,
                44.75525771945621
              ],
              [
                -71.71966251711517,
                44.75526520142577
              ],
              [
                -71.71966478464651,
                44.75528364962899
              ],
              [
                -71.71965846262555,
                44.755290754358406
              ],
              [
                -71.71965171485907,
                44.7552983376263
              ],
              [
                -71.71966158671674,
                44.755333486892134
              ],
              [
                -71.71967972568574,
                44.755337312135
              ],
              [
                -71.7196907523423,
                44.75533545538686
              ],
              [
                -71.71970036127993,
                44.75533383642411
              ],
              [
                -71.71972885065134,
                44.75533772428065
              ],
              [
                -71.71974684702293,
                44.75535261554311
              ],
              [
                -71.71976734773885,
                44.75536751581354
              ],
              [
                -71.71979316751953,
                44.755373259012664
              ],
              [
                -71.71980344886266,
                44.75537882945895
              ],
              [
                -71.71982945740105,
                44.755378992742294
              ],
              [
                -71.71985293823406,
                44.75536070334353
              ],
              [
                -71.71986332167518,
                44.75536807248767
              ],
              [
                -71.71987348874202,
                44.75538298133813
              ],
              [
                -71.71989674935556,
                44.75539053923374
              ],
              [
                -71.71991212813717,
                44.755392534980444
              ],
              [
                -71.71990931594871,
                44.75541465607906
              ],
              [
                -71.7198831848054,
                44.755431113180755
              ],
              [
                -71.71985457821974,
                44.75543640177063
              ],
              [
                -71.71983373904956,
                44.75544552480831
              ],
              [
                -71.71980254532035,
                44.75544531890265
              ],
              [
                -71.71977407382123,
                44.75545061019503
              ],
              [
                -71.71975045783819,
                44.755468895954166
              ],
              [
                -71.71972955888873,
                44.75548170816574
              ],
              [
                -71.71971397741403,
                44.75548529400636
              ],
              [
                -71.71969550671417,
                44.75549804361138
              ],
              [
                -71.7196799408764,
                44.755509100547
              ],
              [
                -71.71969020591116,
                44.75551663447973
              ],
              [
                -71.71972369231558,
                44.7555334250905
              ],
              [
                -71.71975467063939,
                44.75554100694888
              ],
              [
                -71.71977292048773,
                44.75553565932559
              ],
              [
                -71.71979605268561,
                44.7555430966771
              ],
              [
                -71.71981955032274,
                44.755534076399044
              ],
              [
                -71.71989991348661,
                44.75553084219219
              ],
              [
                -71.71992850729595,
                44.755527445099396
              ],
              [
                -71.71995953796917,
                44.75552944786263
              ],
              [
                -71.71998556263381,
                44.75552973180758
              ],
              [
                -71.72002188151603,
                44.75552439956965
              ],
              [
                -71.7200325554895,
                44.75550970596654
              ],
              [
                -71.72004831252711,
                44.755493068191775
              ],
              [
                -71.72007712390764,
                44.75547302524626
              ],
              [
                -71.72008525726903,
                44.75544167598472
              ],
              [
                -71.72011126421813,
                44.7554325701944
              ],
              [
                -71.72012240085186,
                44.75543004912752
              ],
              [
                -71.72013470296056,
                44.755427264247786
              ],
              [
                -71.7201603613577,
                44.7554439778765
              ],
              [
                -71.72018087986487,
                44.75545906807343
              ],
              [
                -71.72019365948151,
                44.75547571354918
              ],
              [
                -71.7202142951408,
                44.755481249372345
              ],
              [
                -71.72023492823075,
                44.75548707044341
              ],
              [
                -71.720258876475,
                44.755492619877785
              ],
              [
                -71.7202840434601,
                44.75549845299845
              ],
              [
                -71.72029696559441,
                44.755504127820984
              ],
              [
                -71.72030735039291,
                44.75551149603394
              ],
              [
                -71.72032018809917,
                44.75551527868179
              ],
              [
                -71.72033577335837,
                44.75551169098449
              ],
              [
                -71.72034363833708,
                44.755498881469194
              ],
              [
                -71.72035174689748,
                44.75548786892229
              ],
              [
                -71.72036725167736,
                44.75548049748
              ],
              [
                -71.72038290560593,
                44.75547142623752
              ],
              [
                -71.7204012789278,
                44.75545858046677
              ],
              [
                -71.72042198578987,
                44.75545882171055
              ],
              [
                -71.72042918151348,
                44.75545877634121
              ],
              [
                -71.72045044736106,
                44.75546450360335
              ],
              [
                -71.72047645172317,
                44.755457277609125
              ],
              [
                -71.72050259593807,
                44.75544641245681
              ],
              [
                -71.72050536715025,
                44.75542788617561
              ],
              [
                -71.72052105282177,
                44.75541692083543
              ],
              [
                -71.72054712072995,
                44.75541342085632
              ],
              [
                -71.72057007627247,
                44.75543390903547
              ],
              [
                -71.72058554235926,
                44.75544876669788
              ],
              [
                -71.72059049617985,
                44.755465455008014
              ],
              [
                -71.7205928029366,
                44.75548213515098
              ],
              [
                -71.7205925283278,
                44.75550246927969
              ],
              [
                -71.72060503799095,
                44.75550698037771
              ],
              [
                -71.72061842243923,
                44.755511807011054
              ],
              [
                -71.72063895390562,
                44.75552491022867
              ],
              [
                -71.72064235994544,
                44.755525111653775
              ],
              [
                -71.72064495386107,
                44.755529637868634
              ],
              [
                -71.72066951184222,
                44.75553521207573
              ],
              [
                -71.72068675207593,
                44.75553910391747
              ],
              [
                -71.72068092867502,
                44.75558710818683
              ],
              [
                -71.7206880851348,
                44.755627664345774
              ],
              [
                -71.72070332670562,
                44.75563094861017
              ],
              [
                -71.72072422638672,
                44.75563545395424
              ],
              [
                -71.72072914254078,
                44.75566500341089
              ],
              [
                -71.72075471134151,
                44.75567985259539
              ],
              [
                -71.7207880798645,
                44.755706008277
              ],
              [
                -71.72079560333489,
                44.7557281900188
              ],
              [
                -71.72079272923621,
                44.755754095706386
              ],
              [
                -71.72079745899954,
                44.75577806449081
              ],
              [
                -71.7208129272436,
                44.75578384481745
              ],
              [
                -71.72082827135027,
                44.755774145968125
              ],
              [
                -71.72083915332173,
                44.755767270264435
              ],
              [
                -71.72084924668107,
                44.75578768772867
              ],
              [
                -71.7208541679371,
                44.755806243102384
              ],
              [
                -71.72086672764013,
                44.75583946140976
              ],
              [
                -71.72089483593518,
                44.75586186367344
              ],
              [
                -71.72089476095756,
                44.75587853385974
              ],
              [
                -71.72086837002992,
                44.75590605731672
              ],
              [
                -71.72087599267257,
                44.755920863226564
              ],
              [
                -71.72088612805746,
                44.755937592272495
              ],
              [
                -71.72085206279475,
                44.75596317627252
              ],
              [
                -71.72085434048141,
                44.75598165061646
              ],
              [
                -71.72088283437226,
                44.75598560750802
              ],
              [
                -71.72089079215272,
                44.75597641439826
              ],
              [
                -71.72090894152362,
                44.75596905372587
              ],
              [
                -71.72094270858105,
                44.755974872479094
              ],
              [
                -71.72096360235699,
                44.75596206271095
              ],
              [
                -71.72096831987933,
                44.755986196986036
              ],
              [
                -71.72099670677007,
                44.75599746032919
              ],
              [
                -71.72100420576196,
                44.75602325859806
              ],
              [
                -71.72098326610022,
                44.7560398584506
              ],
              [
                -71.7209627407978,
                44.75611999065557
              ],
              [
                -71.72096768754324,
                44.7561366537019
              ],
              [
                -71.72096466555017,
                44.7561644526783
              ],
              [
                -71.72096178899568,
                44.756190262961745
              ],
              [
                -71.72094846379915,
                44.75621409867328
              ],
              [
                -71.72093238718796,
                44.75622538626857
              ],
              [
                -71.7209171086699,
                44.756236117766925
              ],
              [
                -71.72088570992403,
                44.75625066646242
              ],
              [
                -71.72085188905916,
                44.75626697863151
              ],
              [
                -71.72083896719654,
                44.75627188672953
              ],
              [
                -71.720823209357,
                44.75627787155811
              ],
              [
                -71.72079439937937,
                44.756298081180624
              ],
              [
                -71.72078654178353,
                44.75630911886726
              ],
              [
                -71.72076812535511,
                44.75632562790761
              ],
              [
                -71.72074717279754,
                44.756343925744254
              ],
              [
                -71.72071790790972,
                44.7563880156591
              ],
              [
                -71.72070488429698,
                44.75639898749138
              ],
              [
                -71.72068411611572,
                44.756402625360714
              ],
              [
                -71.72066600478801,
                44.756406203965646
              ],
              [
                -71.72065527399327,
                44.75642465433145
              ],
              [
                -71.72064215086878,
                44.7564429335866
              ],
              [
                -71.72064438676861,
                44.75646507655099
              ],
              [
                -71.7206121861037,
                44.756548002397814
              ],
              [
                -71.7205936851982,
                44.756571913431635
              ],
              [
                -71.72054919001356,
                44.75660301365041
              ],
              [
                -71.72051492048104,
                44.75664346884285
              ],
              [
                -71.72051592633281,
                44.75667208271186
              ],
              [
                -71.72051530075264,
                44.75671823714531
              ],
              [
                -71.72055157706254,
                44.75671659315024
              ],
              [
                -71.7205827392792,
                44.75670951752442
              ],
              [
                -71.72061123321969,
                44.7567133080017
              ],
              [
                -71.7206261541418,
                44.756715192538756
              ],
              [
                -71.72064225016717,
                44.756717226378015
              ],
              [
                -71.72063937627152,
                44.75674310776134
              ],
              [
                -71.72063905806908,
                44.75676706099638
              ],
              [
                -71.72062062720254,
                44.75676320871742
              ],
              [
                -71.7206029104185,
                44.756759507993074
              ],
              [
                -71.72058435232243,
                44.75678701014538
              ],
              [
                -71.72057097723093,
                44.75681472315
              ],
              [
                -71.72055234405065,
                44.75684780777987
              ],
              [
                -71.720518425757,
                44.75687161537181
              ],
              [
                -71.72045834216048,
                44.75690630235343
              ],
              [
                -71.72043950203533,
                44.75690432984784
              ],
              [
                -71.72041949779698,
                44.75690223600474
              ],
              [
                -71.72039627437003,
                44.75689111125763
              ],
              [
                -71.72036272216073,
                44.75688712511212
              ],
              [
                -71.72033935027659,
                44.75688882565101
              ],
              [
                -71.72031071879958,
                44.756884832588824
              ],
              [
                -71.72029278373826,
                44.756877451524545
              ],
              [
                -71.72028263776674,
                44.75688649106612
              ],
              [
                -71.72027436575668,
                44.75689386418342
              ],
              [
                -71.72026113771369,
                44.75691044276103
              ],
              [
                -71.72027134378547,
                44.756930836744495
              ],
              [
                -71.7202866788495,
                44.75694569354902
              ],
              [
                -71.72030738877538,
                44.75694584034472
              ],
              [
                -71.7203175533833,
                44.75696067894245
              ],
              [
                -71.72032517601974,
                44.75697548488634
              ],
              [
                -71.72032472287543,
                44.75699950739064
              ],
              [
                -71.72032198073175,
                44.75701604957579
              ],
              [
                -71.72029601420311,
                44.757021441789725
              ],
              [
                -71.720262119481,
                44.75703418426418
              ],
              [
                -71.72022334628498,
                44.75702463342884
              ],
              [
                -71.72019470717841,
                44.75703190796517
              ],
              [
                -71.72019197779953,
                44.75704665312888
              ],
              [
                -71.72019178822478,
                44.75706140483648
              ],
              [
                -71.72020712164006,
                44.75707629133686
              ],
              [
                -71.72021210758922,
                44.75709106218585
              ],
              [
                -71.72019625997325,
                44.75711318426593
              ],
              [
                -71.72017772949204,
                44.75713889213336
              ],
              [
                -71.72013870945483,
                44.75715707727915
              ],
              [
                -71.72009175514434,
                44.75717338952358
              ],
              [
                -71.72008617237347,
                44.75720486418328
              ],
              [
                -71.72006515447173,
                44.757226852845726
              ],
              [
                -71.72001824809955,
                44.757239408294176
              ],
              [
                -71.71999992173738,
                44.757259604723586
              ],
              [
                -71.71998138986278,
                44.75728540613885
              ],
              [
                -71.7199783089064,
                44.75731670260175
              ],
              [
                -71.7199421352684,
                44.757310874325526
              ],
              [
                -71.71991349851974,
                44.75731805431732
              ]
            ]
          ],
          [
            [
              [
                -71.74120310182313,
                44.76519759375559
              ],
              [
                -71.74126244849373,
                44.76525220531632
              ],
              [
                -71.74132919182188,
                44.765302233292196
              ],
              [
                -71.74140267135473,
                44.765347277326626
              ],
              [
                -71.7414821148513,
                44.765386791436924
              ],
              [
                -71.74151327625775,
                44.765400693102706
              ],
              [
                -71.74159384336565,
                44.76543283270744
              ],
              [
                -71.74167834073191,
                44.765459341573646
              ],
              [
                -71.74176602379956,
                44.76547996997608
              ],
              [
                -71.7418110530181,
                44.76548727016872
              ],
              [
                -71.74185609108979,
                44.765494570402346
              ],
              [
                -71.7419476685682,
                44.76550294086662
              ],
              [
                -71.74203998375738,
                44.76550503394297
              ],
              [
                -71.74213213094411,
                44.76550084811856
              ],
              [
                -71.74222329533305,
                44.765490384286565
              ],
              [
                -71.7423126349393,
                44.76547379074613
              ],
              [
                -71.74239935133683,
                44.765451169293044
              ],
              [
                -71.74248264039677,
                44.76542276837142
              ],
              [
                -71.74257784920387,
                44.76540776948391
              ],
              [
                -71.74267046098099,
                44.765385994136146
              ],
              [
                -71.74275947770572,
                44.765357641794175
              ],
              [
                -71.74284401879669,
                44.76532301169454
              ],
              [
                -71.74292320937151,
                44.76528245080846
              ],
              [
                -71.74294992139798,
                44.76526720357978
              ],
              [
                -71.74298447707609,
                44.76524552814966
              ],
              [
                -71.74301903272841,
                44.7652238527088
              ],
              [
                -71.74308202936896,
                44.7651760175554
              ],
              [
                -71.74313828715306,
                44.76512409714869
              ],
              [
                -71.74316253378288,
                44.765096626369
              ],
              [
                -71.7431873265625,
                44.76506853827148
              ],
              [
                -71.74322870651763,
                44.765009940043996
              ],
              [
                -71.74326204284716,
                44.76494880027405
              ],
              [
                -71.74328700124946,
                44.7648856674931
              ],
              [
                -71.74329201054408,
                44.76487022058201
              ],
              [
                -71.74330910770524,
                44.76480170558992
              ],
              [
                -71.74331636316703,
                44.764732344270534
              ],
              [
                -71.7433137394679,
                44.7646627834066
              ],
              [
                -71.74330750004633,
                44.764628387428814
              ],
              [
                -71.74330123001266,
                44.764593821166294
              ],
              [
                -71.74329743924625,
                44.7645789215782
              ],
              [
                -71.74329523789467,
                44.76456805868038
              ],
              [
                -71.74329134394299,
                44.764550420008305
              ],
              [
                -71.74328903015493,
                44.76454081622733
              ],
              [
                -71.74328678986618,
                44.764531484703504
              ],
              [
                -71.74328314095241,
                44.76451723398374
              ],
              [
                -71.74328000891624,
                44.76450567379437
              ],
              [
                -71.74328573723054,
                44.764439600492935
              ],
              [
                -71.74328407464947,
                44.764407111133806
              ],
              [
                -71.7432823512298,
                44.764373476696655
              ],
              [
                -71.74326985826606,
                44.7643079026877
              ],
              [
                -71.74325927574557,
                44.764276151533714
              ],
              [
                -71.74324840153584,
                44.76424352284157
              ],
              [
                -71.74321817913157,
                44.76418093690038
              ],
              [
                -71.74317948263108,
                44.76412074342428
              ],
              [
                -71.74314621712455,
                44.7640688218262
              ],
              [
                -71.74312649597,
                44.76404421650427
              ],
              [
                -71.74310647777077,
                44.764019241150386
              ],
              [
                -71.74306062376058,
                44.763972451021985
              ],
              [
                -71.7430089707736,
                44.7639287504936
              ],
              [
                -71.74295839666513,
                44.76387827453575
              ],
              [
                -71.74290138366446,
                44.76383133477686
              ],
              [
                -71.7428384305037,
                44.76378843125968
              ],
              [
                -71.7428217710987,
                44.763778066427555
              ],
              [
                -71.74275891516106,
                44.76374203965843
              ],
              [
                -71.74269170926662,
                44.7637102486419
              ],
              [
                -71.74262072929639,
                44.76368299145739
              ],
              [
                -71.74261378162129,
                44.763624341991544
              ],
              [
                -71.74259949038645,
                44.76356644023414
              ],
              [
                -71.74258892228988,
                44.76353855328703
              ],
              [
                -71.74257796348456,
                44.763509634260075
              ],
              [
                -71.74256376881293,
                44.76348223980109
              ],
              [
                -71.74254938196633,
                44.76345447330616
              ],
              [
                -71.74253503868604,
                44.76338789974205
              ],
              [
                -71.74251120366003,
                44.76332272285811
              ],
              [
                -71.74249427226546,
                44.76329036707754
              ],
              [
                -71.74247816532167,
                44.76325958799131
              ],
              [
                -71.7424362233896,
                44.76319924314039
              ],
              [
                -71.74238587848228,
                44.76314223785701
              ],
              [
                -71.7423709563006,
                44.7631091511677
              ],
              [
                -71.74235603414748,
                44.76307606357654
              ],
              [
                -71.74231691621124,
                44.763012480670994
              ],
              [
                -71.74226891229159,
                44.762951986648766
              ],
              [
                -71.74221255704117,
                44.762895329265135
              ],
              [
                -71.74214836814332,
                44.76284300778905
              ],
              [
                -71.74207706471331,
                44.76279566860992
              ],
              [
                -71.74199937351763,
                44.76275366210064
              ],
              [
                -71.74196587247172,
                44.76271409603342
              ],
              [
                -71.74192794716265,
                44.76267662345589
              ],
              [
                -71.74188586591806,
                44.762641492718
              ],
              [
                -71.74184794139929,
                44.76260541586623
              ],
              [
                -71.74180424493895,
                44.76257287599073
              ],
              [
                -71.74179713032773,
                44.76256530197777
              ],
              [
                -71.74175347825138,
                44.762518462038955
              ],
              [
                -71.74170385990803,
                44.762474760020254
              ],
              [
                -71.74164872482649,
                44.762434496766524
              ],
              [
                -71.74162275802924,
                44.762401160252594
              ],
              [
                -71.74161611702871,
                44.76235063166335
              ],
              [
                -71.74160051069933,
                44.76229487090043
              ],
              [
                -71.74163457419435,
                44.762248927647754
              ],
              [
                -71.74166334785595,
                44.76220113955583
              ],
              [
                -71.7416747949034,
                44.76217694611667
              ],
              [
                -71.74168666543935,
                44.7621518564864
              ],
              [
                -71.74170435187246,
                44.762101427342124
              ],
              [
                -71.74171200098925,
                44.762075764338114
              ],
              [
                -71.74172014225873,
                44.762045018356346
              ],
              [
                -71.74172346676711,
                44.76202406461948
              ],
              [
                -71.74172679253603,
                44.76200311089079
              ],
              [
                -71.74173957288946,
                44.761973835552645
              ],
              [
                -71.74175235450453,
                44.76194455932137
              ],
              [
                -71.74177034784857,
                44.76188456264679
              ],
              [
                -71.74178062142923,
                44.761823668807274
              ],
              [
                -71.74178312014051,
                44.76176232648999
              ],
              [
                -71.74177776040052,
                44.76170113357526
              ],
              [
                -71.7417646368081,
                44.761640488446695
              ],
              [
                -71.74175405162265,
                44.76161019856169
              ],
              [
                -71.74174384512511,
                44.761580990172234
              ],
              [
                -71.74171553679369,
                44.76152303660995
              ],
              [
                -71.7416842090402,
                44.761460596777574
              ],
              [
                -71.74164444345368,
                44.761400699821365
              ],
              [
                -71.74159665038869,
                44.76134384160394
              ],
              [
                -71.74154130389978,
                44.761290572404064
              ],
              [
                -71.74147888633118,
                44.761241387660995
              ],
              [
                -71.74141003971243,
                44.761196837868354
              ],
              [
                -71.74133920124747,
                44.76115393332098
              ],
              [
                -71.7412628707553,
                44.76111616037808
              ],
              [
                -71.74118178445667,
                44.76108381998834
              ],
              [
                -71.74109668175434,
                44.761057259018074
              ],
              [
                -71.74100832354625,
                44.76103662919938
              ],
              [
                -71.74091762291249,
                44.76102222816208
              ],
              [
                -71.7408253881562,
                44.761014155763796
              ],
              [
                -71.74073246866536,
                44.761012460843205
              ],
              [
                -71.74063977755492,
                44.76101724485988
              ],
              [
                -71.74063018982905,
                44.761017892030175
              ],
              [
                -71.74053273387614,
                44.761025217996114
              ],
              [
                -71.7404368404935,
                44.76103956900739
              ],
              [
                -71.74034349997245,
                44.7610607473775
              ],
              [
                -71.74029987356472,
                44.76107245736263
              ],
              [
                -71.74024180816507,
                44.76108845469458
              ],
              [
                -71.74018601468161,
                44.76110823680199
              ],
              [
                -71.74013302746089,
                44.76113150937591
              ],
              [
                -71.74012467644842,
                44.76113320321939
              ],
              [
                -71.74003330075959,
                44.761131857265084
              ],
              [
                -71.73994217928075,
                44.76113694092907
              ],
              [
                -71.73985220818896,
                44.76114840258339
              ],
              [
                -71.73979980955448,
                44.76115702311739
              ],
              [
                -71.73972460195786,
                44.76117152382543
              ],
              [
                -71.7396513760388,
                44.76119045979595
              ],
              [
                -71.73958063454299,
                44.76121373089154
              ],
              [
                -71.73951291055373,
                44.76124113908872
              ],
              [
                -71.7394445102577,
                44.76126117164491
              ],
              [
                -71.73937858258313,
                44.76128509020687
              ],
              [
                -71.7393156574419,
                44.7613127462251
              ],
              [
                -71.73925607089882,
                44.76134394036516
              ],
              [
                -71.7391776124163,
                44.76136242991957
              ],
              [
                -71.73910176378182,
                44.76138580077866
              ],
              [
                -71.73902915280271,
                44.761413855552874
              ],
              [
                -71.73896033212394,
                44.76144644584779
              ],
              [
                -71.73892822727151,
                44.761464781573274
              ],
              [
                -71.73889585261365,
                44.76148327027468
              ],
              [
                -71.73883622465816,
                44.761524032575316
              ],
              [
                -71.73877180002657,
                44.76155647297552
              ],
              [
                -71.73871298750792,
                44.76159389661138
              ],
              [
                -71.73869358978304,
                44.761600075612826
              ],
              [
                -71.73867144070528,
                44.76160281664191
              ],
              [
                -71.73864446572566,
                44.761607450383565
              ],
              [
                -71.73861786702652,
                44.761612285505855
              ],
              [
                -71.73855344105985,
                44.761625386882514
              ],
              [
                -71.73853760612586,
                44.761622748976734
              ],
              [
                -71.73848567164556,
                44.76160964297149
              ],
              [
                -71.73842559699227,
                44.76159823116773
              ],
              [
                -71.73840405205961,
                44.76159469305901
              ],
              [
                -71.738367908487,
                44.76158921278685
              ],
              [
                -71.73833151120319,
                44.761584777397
              ],
              [
                -71.73831473747158,
                44.76158293411164
              ],
              [
                -71.73825297880862,
                44.76157770141014
              ],
              [
                -71.73816663062482,
                44.76157550829243
              ],
              [
                -71.7381272845276,
                44.76156863242995
              ],
              [
                -71.7380774956318,
                44.761563545179904
              ],
              [
                -71.73803704996057,
                44.76155941295023
              ],
              [
                -71.73801054721422,
                44.76155761899422
              ],
              [
                -71.73791797938071,
                44.76155447978729
              ],
              [
                -71.7378254097936,
                44.76155771899804
              ],
              [
                -71.73773372828748,
                44.7615672876719
              ],
              [
                -71.73764375586944,
                44.761583184092444
              ],
              [
                -71.73755638121561,
                44.761605159524514
              ],
              [
                -71.73747237422265,
                44.76163306523143
              ],
              [
                -71.73739255982579,
                44.76166660166253
              ],
              [
                -71.73731767768273,
                44.76170551909401
              ],
              [
                -71.7372484094264,
                44.761749370337405
              ],
              [
                -71.73718543035427,
                44.761797806252076
              ],
              [
                -71.73717448330504,
                44.76179596212318
              ],
              [
                -71.737086615503,
                44.76178559772844
              ],
              [
                -71.73699776783378,
                44.761781162471856
              ],
              [
                -71.73690870700581,
                44.761782557985605
              ],
              [
                -71.7368202104149,
                44.76178983355948
              ],
              [
                -71.736733044794,
                44.7618028890308
              ],
              [
                -71.73664798630641,
                44.76182167559651
              ],
              [
                -71.73658262241086,
                44.76183851948215
              ],
              [
                -71.73651955476957,
                44.761859297754135
              ],
              [
                -71.73645919897868,
                44.76188381521649
              ],
              [
                -71.73644078417513,
                44.761891389855045
              ],
              [
                -71.7364273089093,
                44.76189736959512
              ],
              [
                -71.73634894523684,
                44.7619351913283
              ],
              [
                -71.736276193326,
                44.761978295164106
              ],
              [
                -71.73620977582196,
                44.762026381779485
              ],
              [
                -71.7361503334059,
                44.76207885433624
              ],
              [
                -71.73609846947012,
                44.762135262430924
              ],
              [
                -71.73609402135719,
                44.76214039541348
              ],
              [
                -71.7360862581998,
                44.762150560969175
              ],
              [
                -71.73604218506372,
                44.762213099088
              ],
              [
                -71.73600723511476,
                44.76227852661382
              ],
              [
                -71.73598171439951,
                44.76234614637868
              ],
              [
                -71.73596529178081,
                44.76241013020969
              ],
              [
                -71.73595789745869,
                44.76247500954901
              ],
              [
                -71.7359596517996,
                44.76254008777981
              ],
              [
                -71.73597048569582,
                44.76260466881526
              ],
              [
                -71.73597245945001,
                44.76261314019615
              ],
              [
                -71.73597443321664,
                44.76262161067717
              ],
              [
                -71.73598000455107,
                44.76264338687557
              ],
              [
                -71.73599647055094,
                44.7626896790889
              ],
              [
                -71.73600180359267,
                44.76271314820666
              ],
              [
                -71.73600697906484,
                44.762735922445735
              ],
              [
                -71.73601449890091,
                44.76275840910104
              ],
              [
                -71.73602222654681,
                44.7627815171782
              ],
              [
                -71.73604215757133,
                44.762826165046235
              ],
              [
                -71.73604917602039,
                44.76284011817693
              ],
              [
                -71.73607011657693,
                44.762880529756586
              ],
              [
                -71.73609596960198,
                44.76291939756456
              ],
              [
                -71.73612654195631,
                44.762956521427476
              ],
              [
                -71.7361303320653,
                44.76296135495335
              ],
              [
                -71.73616404508525,
                44.76300381013278
              ],
              [
                -71.73620360022832,
                44.76304357407367
              ],
              [
                -71.73624858716062,
                44.76308024986886
              ],
              [
                -71.73626816615268,
                44.76309823845496
              ],
              [
                -71.73632164455643,
                44.76314886548929
              ],
              [
                -71.736381438086,
                44.763195705643774
              ],
              [
                -71.73644710104941,
                44.76323836087187
              ],
              [
                -71.73648278934292,
                44.76325756400591
              ],
              [
                -71.73651803616893,
                44.76327652930304
              ],
              [
                -71.73659366506446,
                44.76330981650397
              ],
              [
                -71.73660246486706,
                44.763313304853106
              ],
              [
                -71.7366126416098,
                44.76331783909251
              ],
              [
                -71.73667454006709,
                44.763347787611536
              ],
              [
                -71.73670735859173,
                44.7633605686936
              ],
              [
                -71.73674017713091,
                44.76337334976628
              ],
              [
                -71.73677314994194,
                44.76338343305569
              ],
              [
                -71.73680893579201,
                44.763394378342554
              ],
              [
                -71.7368578441036,
                44.763413213455664
              ],
              [
                -71.73686652874093,
                44.76342170986698
              ],
              [
                -71.73687520581444,
                44.763430205327204
              ],
              [
                -71.73690091657957,
                44.76345451249124
              ],
              [
                -71.73692733224726,
                44.76347948758688
              ],
              [
                -71.7369573955462,
                44.763503145295054
              ],
              [
                -71.73698545853694,
                44.76352523100099
              ],
              [
                -71.73704913958453,
                44.76356708792457
              ],
              [
                -71.73711784632602,
                44.763604659757384
              ],
              [
                -71.73713377764996,
                44.763612582724946
              ],
              [
                -71.7371930368069,
                44.76365279470601
              ],
              [
                -71.73725820930117,
                44.76368807509488
              ],
              [
                -71.73730045702358,
                44.76371692553091
              ],
              [
                -71.73737312126214,
                44.76376162296266
              ],
              [
                -71.73745190829585,
                44.76380063965751
              ],
              [
                -71.7375359567925,
                44.763833676484325
              ],
              [
                -71.73754307257873,
                44.76383796162889
              ],
              [
                -71.73754679217203,
                44.763842695647085
              ],
              [
                -71.73757360162483,
                44.76387483553679
              ],
              [
                -71.73759975241613,
                44.763904235322244
              ],
              [
                -71.73764420305554,
                44.76395097508002
              ],
              [
                -71.73769539190538,
                44.76399402790714
              ],
              [
                -71.73771557684118,
                44.764013062372975
              ],
              [
                -71.73775118549014,
                44.76404405688553
              ],
              [
                -71.73776744138763,
                44.76405785918711
              ],
              [
                -71.73780576009194,
                44.76408641143997
              ],
              [
                -71.73786850177252,
                44.764137934674096
              ],
              [
                -71.73793826078273,
                44.764184624534394
              ],
              [
                -71.73801433817475,
                44.76422603269314
              ],
              [
                -71.73809595733456,
                44.76426166081053
              ],
              [
                -71.73818221079638,
                44.764291258947964
              ],
              [
                -71.73827225239047,
                44.7643144299939
              ],
              [
                -71.73834191426947,
                44.7643511534499
              ],
              [
                -71.73841619220799,
                44.76438294469045
              ],
              [
                -71.738494419393,
                44.76440950409258
              ],
              [
                -71.7385511510256,
                44.76443561415251
              ],
              [
                -71.73861047997674,
                44.764458535151995
              ],
              [
                -71.73867209933164,
                44.76447816785161
              ],
              [
                -71.73870807508568,
                44.764488581965594
              ],
              [
                -71.7387892743866,
                44.76450911094089
              ],
              [
                -71.73887271951091,
                44.76452435980648
              ],
              [
                -71.73895770883028,
                44.76453427438715
              ],
              [
                -71.7390436366366,
                44.76453871025896
              ],
              [
                -71.73912976592078,
                44.764537613914676
              ],
              [
                -71.73921541322787,
                44.76453108608932
              ],
              [
                -71.73922292183406,
                44.76453028840272
              ],
              [
                -71.73927808385949,
                44.76452954178596
              ],
              [
                -71.73927812049983,
                44.76452954113012
              ],
              [
                -71.73933300934499,
                44.76452535504371
              ],
              [
                -71.73938717152934,
                44.76451763287799
              ],
              [
                -71.73943192057057,
                44.764517133598225
              ],
              [
                -71.7394632911538,
                44.76451444303648
              ],
              [
                -71.7395109878814,
                44.76453776394866
              ],
              [
                -71.73955599992347,
                44.76455515371189
              ],
              [
                -71.73960101325572,
                44.76457254346593
              ],
              [
                -71.73963519191321,
                44.764584004505814
              ],
              [
                -71.73969187092001,
                44.76460069707968
              ],
              [
                -71.73975019149556,
                44.764630145857
              ],
              [
                -71.7398115995358,
                44.76465620632985
              ],
              [
                -71.73987567444807,
                44.764678778504546
              ],
              [
                -71.73990550104428,
                44.76469153515071
              ],
              [
                -71.7399119825299,
                44.764694026021445
              ],
              [
                -71.73994073691117,
                44.76471090966898
              ],
              [
                -71.73996849724452,
                44.764727211656655
              ],
              [
                -71.74000014445599,
                44.76474129065096
              ],
              [
                -71.7400306614199,
                44.76475486716926
              ],
              [
                -71.74009267343762,
                44.76478690685482
              ],
              [
                -71.74015812800003,
                44.76481525911835
              ],
              [
                -71.74022657988753,
                44.764839775207975
              ],
              [
                -71.74029760163037,
                44.76486020480177
              ],
              [
                -71.74034399199878,
                44.76490604750454
              ],
              [
                -71.74039567071304,
                44.76494895028963
              ],
              [
                -71.74045228109281,
                44.764988563415706
              ],
              [
                -71.740513408932,
                44.7650245889532
              ],
              [
                -71.74054302475473,
                44.76504063406965
              ],
              [
                -71.74062422366804,
                44.76508019824842
              ],
              [
                -71.74071064285404,
                44.76511363275329
              ],
              [
                -71.7408014304145,
                44.76514058994668
              ],
              [
                -71.7408955866322,
                44.76516082019975
              ],
              [
                -71.740992182516,
                44.76517407435653
              ],
              [
                -71.74109015512857,
                44.765180203162885
              ],
              [
                -71.74118847872937,
                44.7651792069989
              ],
              [
                -71.74120310182313,
                44.76519759375559
              ]
            ],
            [
              [
                -71.74206093873313,
                44.764756215747674
              ],
              [
                -71.74205584273349,
                44.764769864926485
              ],
              [
                -71.74203874955187,
                44.764792080731965
              ],
              [
                -71.74202387081657,
                44.76481940647407
              ],
              [
                -71.7419927192773,
                44.76480553740821
              ],
              [
                -71.74197877885929,
                44.764771062346426
              ],
              [
                -71.74194576137722,
                44.76472621167611
              ],
              [
                -71.7419317018251,
                44.76469012859343
              ],
              [
                -71.74194657284987,
                44.76465421775221
              ],
              [
                -71.7419422213757,
                44.764619824332925
              ],
              [
                -71.74192583032416,
                44.76458883901232
              ],
              [
                -71.74190895141152,
                44.76458530464282
              ],
              [
                -71.74188008415567,
                44.764579908882524
              ],
              [
                -71.74184650131666,
                44.76456940996512
              ],
              [
                -71.7418199324736,
                44.76457265140357
              ],
              [
                -71.74178156923693,
                44.76457069589046
              ],
              [
                -71.74176716191599,
                44.76456024236952
              ],
              [
                -71.74177473049174,
                44.76453284202776
              ],
              [
                -71.74174130039134,
                44.76450004993573
              ],
              [
                -71.74171772191258,
                44.76447757492476
              ],
              [
                -71.74171073273536,
                44.76445180303523
              ],
              [
                -71.74169430616,
                44.76441389090331
              ],
              [
                -71.74169452348139,
                44.764396796918845
              ],
              [
                -71.74168279909476,
                44.76437611492404
              ],
              [
                -71.74166134953263,
                44.764355442141486
              ],
              [
                -71.74163257678894,
                44.764353453073
              ],
              [
                -71.74162307105492,
                44.76433620723042
              ],
              [
                -71.74160067649497,
                44.76430087506561
              ],
              [
                -71.74158176657933,
                44.76427851202033
              ],
              [
                -71.74156150236023,
                44.764266397954266
              ],
              [
                -71.74154114411579,
                44.7642542301659
              ],
              [
                -71.7415251498221,
                44.76424343401043
              ],
              [
                -71.74150772562818,
                44.76423167356028
              ],
              [
                -71.74149706505014,
                44.76422565350665
              ],
              [
                -71.74148615241536,
                44.76421949319306
              ],
              [
                -71.74145007673603,
                44.76421582045193
              ],
              [
                -71.74142126219255,
                44.76420708989065
              ],
              [
                -71.74139927173192,
                44.76422746787002
              ],
              [
                -71.74138480627748,
                44.764232663200445
              ],
              [
                -71.74138431394185,
                44.76427028031035
              ],
              [
                -71.7413838328761,
                44.76430626417374
              ],
              [
                -71.74138097843985,
                44.764342432949036
              ],
              [
                -71.74140471497915,
                44.764361406663596
              ],
              [
                -71.74140462422201,
                44.76437857168065
              ],
              [
                -71.74141693198169,
                44.76439356750229
              ],
              [
                -71.74142587273002,
                44.76440446620377
              ],
              [
                -71.74144713255511,
                44.76444059717671
              ],
              [
                -71.74143256639805,
                44.76444392814826
              ],
              [
                -71.74141735817555,
                44.764443137803994
              ],
              [
                -71.74139646076098,
                44.76444205139457
              ],
              [
                -71.7413873215436,
                44.764437630662734
              ],
              [
                -71.74137499154321,
                44.76443166880074
              ],
              [
                -71.7413656210054,
                44.76441432844552
              ],
              [
                -71.74135136959327,
                44.76439361253166
              ],
              [
                -71.74132255875436,
                44.764384882870246
              ],
              [
                -71.74129382461648,
                44.76437946174881
              ],
              [
                -71.74123108401744,
                44.7643859813488
              ],
              [
                -71.74120438467827,
                44.76439948425307
              ],
              [
                -71.74120416344932,
                44.76441667270028
              ],
              [
                -71.74121360360672,
                44.7644287878037
              ],
              [
                -71.74120138695487,
                44.764445817357746
              ],
              [
                -71.74118195484891,
                44.76446286735954
              ],
              [
                -71.74115496877127,
                44.764488427025825
              ],
              [
                -71.74112608556175,
                44.7644950644506
              ],
              [
                -71.74109735027072,
                44.76447950228307
              ],
              [
                -71.74109274909901,
                44.76445543983926
              ],
              [
                -71.74107875042054,
                44.76443472287136
              ],
              [
                -71.74107653745287,
                44.76441069429547
              ],
              [
                -71.74104573553593,
                44.764379612179326
              ],
              [
                -71.74102179899437,
                44.764365695406994
              ],
              [
                -71.74099758519883,
                44.76437247002052
              ],
              [
                -71.74097108862864,
                44.76437048511437
              ],
              [
                -71.74095431688546,
                44.76435839055355
              ],
              [
                -71.74094018276811,
                44.764337700565065
              ],
              [
                -71.74091172647238,
                44.764301519863054
              ],
              [
                -71.74086410867504,
                44.764253047814044
              ],
              [
                -71.7408139662109,
                44.76422364767114
              ],
              [
                -71.74075174206763,
                44.76419229178893
              ],
              [
                -71.7406782663103,
                44.76419782721388
              ],
              [
                -71.74065394579644,
                44.76421303942116
              ],
              [
                -71.7406227173656,
                44.764214634275504
              ],
              [
                -71.7406107415181,
                44.764204211174444
              ],
              [
                -71.7406038034627,
                44.76418364008653
              ],
              [
                -71.74057506131618,
                44.76416968406528
              ],
              [
                -71.74055772542803,
                44.764168649982864
              ],
              [
                -71.74054136896795,
                44.764167675505355
              ],
              [
                -71.74052695767175,
                44.76416767235655
              ],
              [
                -71.74051989326112,
                44.76416156723916
              ],
              [
                -71.74051497964489,
                44.76415732122299
              ],
              [
                -71.74050572617358,
                44.76412971999848
              ],
              [
                -71.74047230907344,
                44.76410719009567
              ],
              [
                -71.74045536066737,
                44.76410878358738
              ],
              [
                -71.74040010015455,
                44.76410329380067
              ],
              [
                -71.74035939920651,
                44.76408591504732
              ],
              [
                -71.74034020640497,
                44.76407544391185
              ],
              [
                -71.74027317034324,
                44.76405437852935
              ],
              [
                -71.74024911023257,
                44.76403883105069
              ],
              [
                -71.74021566341433,
                44.76401800168852
              ],
              [
                -71.74019924446836,
                44.76398864925263
              ],
              [
                -71.74017271791367,
                44.763988485362276
              ],
              [
                -71.74014635859889,
                44.763976334990666
              ],
              [
                -71.74013475231264,
                44.763955653621295
              ],
              [
                -71.74009607839596,
                44.763957101601775
              ],
              [
                -71.74007673769586,
                44.7639586890177
              ],
              [
                -71.74004533972875,
                44.76396368601356
              ],
              [
                -71.74001414702116,
                44.76395322045945
              ],
              [
                -71.73998806965756,
                44.763929011447615
              ],
              [
                -71.73996403189116,
                44.76392361854584
              ],
              [
                -71.73994235203637,
                44.76391844830925
              ],
              [
                -71.73992564563532,
                44.76391141507741
              ],
              [
                -71.73990673740286,
                44.763888886182635
              ],
              [
                -71.73989731596151,
                44.76386660580717
              ],
              [
                -71.73987599810242,
                44.76384404377097
              ],
              [
                -71.7397906181565,
                44.76383412187297
              ],
              [
                -71.73974246747704,
                44.76382685949512
              ],
              [
                -71.73971633145807,
                44.76380626853427
              ],
              [
                -71.73968769817246,
                44.76378365866058
              ],
              [
                -71.73967087819187,
                44.763776719124785
              ],
              [
                -71.73962999938287,
                44.76377302912831
              ],
              [
                -71.73956746620709,
                44.763764062790635
              ],
              [
                -71.73952171562745,
                44.76376546255507
              ],
              [
                -71.73950498772672,
                44.76374977386539
              ],
              [
                -71.73947118243954,
                44.76375649058267
              ],
              [
                -71.73945669421813,
                44.76376322434926
              ],
              [
                -71.7394324506032,
                44.763771699246895
              ],
              [
                -71.73942273784877,
                44.76378020252302
              ],
              [
                -71.73941275476977,
                44.763800642991406
              ],
              [
                -71.7393837332994,
                44.7638177314116
              ],
              [
                -71.73936660161894,
                44.7638330065237
              ],
              [
                -71.73934941977357,
                44.76382852126157
              ],
              [
                -71.73933299340334,
                44.76382422010928
              ],
              [
                -71.73926071627346,
                44.763825457477346
              ],
              [
                -71.7392389247264,
                44.763830440851876
              ],
              [
                -71.73921242388641,
                44.763838813375514
              ],
              [
                -71.73920032506877,
                44.76384567551491
              ],
              [
                -71.73915934259378,
                44.76384025864828
              ],
              [
                -71.73913292130932,
                44.763841703341676
              ],
              [
                -71.73909895593044,
                44.763850119695874
              ],
              [
                -71.73907013136973,
                44.76385325817503
              ],
              [
                -71.73903413443485,
                44.76384284673256
              ],
              [
                -71.73901977544055,
                44.76383068787239
              ],
              [
                -71.73899635397606,
                44.763820310719446
              ],
              [
                -71.73896476205778,
                44.76380631010473
              ],
              [
                -71.73887227103556,
                44.76377905572309
              ],
              [
                -71.73886530758638,
                44.76376191208379
              ],
              [
                -71.73882221631315,
                44.763744428660054
              ],
              [
                -71.73879109258012,
                44.763728832892525
              ],
              [
                -71.73876516410179,
                44.763692660402036
              ],
              [
                -71.73871699566051,
                44.763685422670484
              ],
              [
                -71.73862319202873,
                44.763672727842554
              ],
              [
                -71.73855830684003,
                44.76366032294573
              ],
              [
                -71.73852977269148,
                44.76363087958982
              ],
              [
                -71.73849630904881,
                44.76361004961051
              ],
              [
                -71.73846072185157,
                44.763579046471996
              ],
              [
                -71.7384464127142,
                44.76356166484301
              ],
              [
                -71.73841300812492,
                44.763537499297776
              ],
              [
                -71.73838686605288,
                44.7635080898559
              ],
              [
                -71.73836798504921,
                44.76348402475447
              ],
              [
                -71.73835134016359,
                44.76346329789985
              ],
              [
                -71.73834935103758,
                44.76344106786355
              ],
              [
                -71.73832524195461,
                44.76343045921111
              ],
              [
                -71.73831120257309,
                44.76340293657317
              ],
              [
                -71.73828266864993,
                44.76337359124502
              ],
              [
                -71.73824196887047,
                44.76335611455332
              ],
              [
                -71.73820137746064,
                44.763330105703055
              ],
              [
                -71.73815115206597,
                44.76330746659372
              ],
              [
                -71.73812975261329,
                44.76328329916056
              ],
              [
                -71.73810097906549,
                44.76327113850862
              ],
              [
                -71.73799427336344,
                44.76323009477585
              ],
              [
                -71.73796309781052,
                44.76321963147434
              ],
              [
                -71.73792491881868,
                44.76319365212122
              ],
              [
                -71.73790107327483,
                44.76317108274522
              ],
              [
                -71.73785337187952,
                44.76313989328427
              ],
              [
                -71.7378149845736,
                44.76312928372346
              ],
              [
                -71.73779357651807,
                44.763105209758926
              ],
              [
                -71.73775049453003,
                44.76308602517676
              ],
              [
                -71.73771463704135,
                44.76306525637998
              ],
              [
                -71.7376692167843,
                44.76304263473317
              ],
              [
                -71.73763595118561,
                44.76300804452582
              ],
              [
                -71.73760982110997,
                44.762977002561925
              ],
              [
                -71.73757882677894,
                44.76295268097961
              ],
              [
                -71.73756489793276,
                44.76291659822121
              ],
              [
                -71.7375555376263,
                44.76289772058525
              ],
              [
                -71.73753201501381,
                44.76285292571593
              ],
              [
                -71.7375201960501,
                44.76282881493155
              ],
              [
                -71.7374675664627,
                44.762806072177284
              ],
              [
                -71.73743640510918,
                44.762793881914774
              ],
              [
                -71.73739773320773,
                44.762795422584965
              ],
              [
                -71.73736909406212,
                44.76278306106716
              ],
              [
                -71.73732337199836,
                44.762784556431015
              ],
              [
                -71.73729673950345,
                44.76279123851692
              ],
              [
                -71.73727256694961,
                44.76279451200034
              ],
              [
                -71.73726556292475,
                44.7627885600668
              ],
              [
                -71.73725834151682,
                44.76278242580069
              ],
              [
                -71.73724883116996,
                44.76277553562721
              ],
              [
                -71.73722472771978,
                44.76277365402535
              ],
              [
                -71.73720069274543,
                44.76276666503384
              ],
              [
                -71.73716945860423,
                44.76275953165965
              ],
              [
                -71.73715753507533,
                44.76274405109598
              ],
              [
                -71.73712391122469,
                44.76273690984557
              ],
              [
                -71.73709289238657,
                44.76272301692731
              ],
              [
                -71.73706173082265,
                44.76271066007916
              ],
              [
                -71.73704991337772,
                44.76268664284547
              ],
              [
                -71.73703078297784,
                44.76268139549758
              ],
              [
                -71.73700704828829,
                44.76265198202128
              ],
              [
                -71.73700702582651,
                44.76265196117347
              ],
              [
                -71.73697124009927,
                44.76262779639221
              ],
              [
                -71.73695794340216,
                44.7626107983973
              ],
              [
                -71.73695556547196,
                44.76260951094787
              ],
              [
                -71.73694854457759,
                44.7625955371582
              ],
              [
                -71.73695078580384,
                44.76257861508324
              ],
              [
                -71.73695224589193,
                44.76254561284469
              ],
              [
                -71.73695039977648,
                44.7625316565326
              ],
              [
                -71.73693608422579,
                44.76252489080899
              ],
              [
                -71.73692390789739,
                44.76250943192856
              ],
              [
                -71.73691997399891,
                44.76249249019013
              ],
              [
                -71.73692625721081,
                44.76248468323091
              ],
              [
                -71.73692934181422,
                44.762480935953185
              ],
              [
                -71.73694597934731,
                44.76247366342723
              ],
              [
                -71.73696144545166,
                44.76247007626855
              ],
              [
                -71.73697436683491,
                44.76246664578653
              ],
              [
                -71.7369794144749,
                44.762467396733506
              ],
              [
                -71.7369869763837,
                44.762468960891894
              ],
              [
                -71.7369961530264,
                44.76247087330134
              ],
              [
                -71.7369985370066,
                44.762482928114494
              ],
              [
                -71.73700994397086,
                44.76248851352457
              ],
              [
                -71.73702696464879,
                44.76252045766396
              ],
              [
                -71.73702791223546,
                44.76252523707344
              ],
              [
                -71.73702997700993,
                44.76256125593564
              ],
              [
                -71.73704409033573,
                44.76258185178564
              ],
              [
                -71.73710852029255,
                44.762628729738175
              ],
              [
                -71.73712275389452,
                44.762642493428125
              ],
              [
                -71.73713226904022,
                44.76265803799893
              ],
              [
                -71.73713925804164,
                44.76267347930379
              ],
              [
                -71.73715086332443,
                44.76268021969832
              ],
              [
                -71.73716321319041,
                44.76268739431842
              ],
              [
                -71.7371920922389,
                44.762691021244905
              ],
              [
                -71.73719658910015,
                44.76269427382959
              ],
              [
                -71.73721377494414,
                44.762684307022056
              ],
              [
                -71.73724037312425,
                44.76267926974646
              ],
              [
                -71.73726950961442,
                44.76266246790471
              ],
              [
                -71.737298551466,
                44.76265400931192
              ],
              [
                -71.7373203465203,
                44.76264902633008
              ],
              [
                -71.73735871052543,
                44.76265091135546
              ],
              [
                -71.73737375448802,
                44.76264120109055
              ],
              [
                -71.73737817830113,
                44.76264078968052
              ],
              [
                -71.73739513004136,
                44.762628931488685
              ],
              [
                -71.73740747719005,
                44.762611831215885
              ],
              [
                -71.7374259755281,
                44.762608668298384
              ],
              [
                -71.73744608672713,
                44.76260522817884
              ],
              [
                -71.73746794385396,
                44.7625950441514
              ],
              [
                -71.7374871430661,
                44.76259525333596
              ],
              [
                -71.73751353239444,
                44.762605608320726
              ],
              [
                -71.73753745117601,
                44.76261269006061
              ],
              [
                -71.73756162978219,
                44.762617976426405
              ],
              [
                -71.73758097715194,
                44.76260605770914
              ],
              [
                -71.73760521961934,
                44.76259765338754
              ],
              [
                -71.73761022896444,
                44.762582302109706
              ],
              [
                -71.73762013212973,
                44.762558269753455
              ],
              [
                -71.73764195241317,
                44.76255165175715
              ],
              [
                -71.73765645408992,
                44.76254311940569
              ],
              [
                -71.73767360960602,
                44.76252603680335
              ],
              [
                -71.73769807375608,
                44.762490206737056
              ],
              [
                -71.73770592636558,
                44.76245084165821
              ],
              [
                -71.73774326308533,
                44.76244506153357
              ],
              [
                -71.73776491309278,
                44.762441686522855
              ],
              [
                -71.73779182815069,
                44.76242128001209
              ],
              [
                -71.73781604125281,
                44.762404341681304
              ],
              [
                -71.73785473667186,
                44.76239253764694
              ],
              [
                -71.73786952097164,
                44.76237201506374
              ],
              [
                -71.73787474990078,
                44.762339475315954
              ],
              [
                -71.7378942509832,
                44.762317294191405
              ],
              [
                -71.73792851376918,
                44.76228485550076
              ],
              [
                -71.73791910849019,
                44.76226084635258
              ],
              [
                -71.73791938175584,
                44.76224025302443
              ],
              [
                -71.73794587973526,
                44.76224204876944
              ],
              [
                -71.73796008226356,
                44.762257703742094
              ],
              [
                -71.73798170595418,
                44.76226468368405
              ],
              [
                -71.73800578178798,
                44.762268267556166
              ],
              [
                -71.73804171115513,
                44.76227373751413
              ],
              [
                -71.73808030177422,
                44.76227912172728
              ],
              [
                -71.73812119169709,
                44.762281109739355
              ],
              [
                -71.73814781484593,
                44.762274440896704
              ],
              [
                -71.73816971553181,
                44.76226082749933
              ],
              [
                -71.73818648992743,
                44.76226263481417
              ],
              [
                -71.73820804217533,
                44.76226621080824
              ],
              [
                -71.7382175037561,
                44.762276621892724
              ],
              [
                -71.73823936373576,
                44.76227667771817
              ],
              [
                -71.73827049004753,
                44.762282106567
              ],
              [
                -71.73828883909171,
                44.76228529492019
              ],
              [
                -71.73831131541742,
                44.762289200122986
              ],
              [
                -71.738328115181,
                44.76229955575298
              ],
              [
                -71.73835935124133,
                44.76230499700827
              ],
              [
                -71.73839054402407,
                44.76231546301779
              ],
              [
                -71.73840603989828,
                44.76231757943922
              ],
              [
                -71.73841702949277,
                44.76231907997115
              ],
              [
                -71.73844337886774,
                44.76232267261335
              ],
              [
                -71.73844761221102,
                44.762320892940934
              ],
              [
                -71.73845544108578,
                44.76231761731099
              ],
              [
                -71.73847725212123,
                44.76231091990175
              ],
              [
                -71.73850139919992,
                44.762309276615106
              ],
              [
                -71.73853030462111,
                44.76231117646775
              ],
              [
                -71.7385495062673,
                44.76232003984504
              ],
              [
                -71.73858073117653,
                44.76231844733331
              ],
              [
                -71.73860010129644,
                44.76231506236271
              ],
              [
                -71.73861926763766,
                44.76231699804921
              ],
              [
                -71.73864354480308,
                44.76231545188929
              ],
              [
                -71.73868080047565,
                44.762316502071826
              ],
              [
                -71.73869491653777,
                44.76233721832381
              ],
              [
                -71.73872379837002,
                44.76234081968442
              ],
              [
                -71.73875035533744,
                44.762339283299745
              ],
              [
                -71.7387794886996,
                44.762322288471786
              ],
              [
                -71.7387917641863,
                44.7623018561344
              ],
              [
                -71.73881359486603,
                44.76229346697652
              ],
              [
                -71.73883086590058,
                44.762293527198054
              ],
              [
                -71.73884732228593,
                44.762293582887196
              ],
              [
                -71.73885714400264,
                44.762276480022976
              ],
              [
                -71.73888373720476,
                44.76227160431332
              ],
              [
                -71.73891973526676,
                44.762271848723344
              ],
              [
                -71.73894606613433,
                44.76228570270598
              ],
              [
                -71.73895791886397,
                44.76229785027622
              ],
              [
                -71.7389723448546,
                44.76230487655418
              ],
              [
                -71.73900364757976,
                44.762306687873824
              ],
              [
                -71.73902768480549,
                44.76231369989883
              ],
              [
                -71.73904459014175,
                44.762305247280324
              ],
              [
                -71.73903754680367,
                44.76229323615449
              ],
              [
                -71.73905455539933,
                44.76227778298686
              ],
              [
                -71.73906687712108,
                44.76226248036783
              ],
              [
                -71.73906957623505,
                44.762240169089814
              ],
              [
                -71.73907451907299,
                44.762229852253974
              ],
              [
                -71.73910596584528,
                44.762219820898224
              ],
              [
                -71.73913007917834,
                44.762220070647075
              ],
              [
                -71.73919019475628,
                44.76223073363346
              ],
              [
                -71.73922144486113,
                44.76222750509294
              ],
              [
                -71.73923845486861,
                44.762220697263444
              ],
              [
                -71.73924807879163,
                44.76221904076146
              ],
              [
                -71.73928173220287,
                44.762224407877554
              ],
              [
                -71.73931293516559,
                44.762233241281265
              ],
              [
                -71.73933950054096,
                44.76223000040157
              ],
              [
                -71.739358714434,
                44.76223004468721
              ],
              [
                -71.7393709336925,
                44.762223313817024
              ],
              [
                -71.73937907153747,
                44.7622138137612
              ],
              [
                -71.73938553773601,
                44.762206280555205
              ],
              [
                -71.73941708171625,
                44.76218931691791
              ],
              [
                -71.73941164751167,
                44.76217980925967
              ],
              [
                -71.73940524140562,
                44.76216861231185
              ],
              [
                -71.7394055343626,
                44.762154852965
              ],
              [
                -71.73938392405904,
                44.76214626525719
              ],
              [
                -71.73937218997247,
                44.76212718927736
              ],
              [
                -71.73937250137932,
                44.76210326476282
              ],
              [
                -71.73937493061203,
                44.762091211459705
              ],
              [
                -71.73939672868639,
                44.76208452458708
              ],
              [
                -71.73942079734316,
                44.76208981162718
              ],
              [
                -71.73944230166892,
                44.76210705297779
              ],
              [
                -71.7394589389126,
                44.76211921706189
              ],
              [
                -71.73947828280279,
                44.762117629771275
              ],
              [
                -71.73949286913475,
                44.76210406009949
              ],
              [
                -71.7394955134152,
                44.76209371353978
              ],
              [
                -71.73950031853269,
                44.762083681936886
              ],
              [
                -71.73950284035632,
                44.762074870693894
              ],
              [
                -71.73951992536514,
                44.76206301397272
              ],
              [
                -71.73953212942409,
                44.762047616929586
              ],
              [
                -71.73952757546465,
                44.76202868416735
              ],
              [
                -71.73952297904552,
                44.762013180647905
              ],
              [
                -71.73952553708024,
                44.76200131987821
              ],
              [
                -71.73955207460965,
                44.76199971118538
              ],
              [
                -71.73957375726695,
                44.762003262592984
              ],
              [
                -71.73962291640979,
                44.76201133267123
              ],
              [
                -71.73966152118405,
                44.762004657760365
              ],
              [
                -71.73967379184343,
                44.76199448327548
              ],
              [
                -71.73969551859491,
                44.76198446533424
              ],
              [
                -71.73973170124897,
                44.76197948228771
              ],
              [
                -71.73973918221233,
                44.761967476105745
              ],
              [
                -71.73975633568321,
                44.76195039317508
              ],
              [
                -71.73978069019732,
                44.76192319108748
              ],
              [
                -71.73981707936048,
                44.76190284266512
              ],
              [
                -71.73985107408357,
                44.76188246119505
              ],
              [
                -71.7398849081232,
                44.76187413912954
              ],
              [
                -71.73991146359776,
                44.76187250527531
              ],
              [
                -71.73994529384593,
                44.761864182266756
              ],
              [
                -71.73999126197093,
                44.761845592955126
              ],
              [
                -71.74001565177917,
                44.7618252249063
              ],
              [
                -71.74006628584512,
                44.76181693809461
              ],
              [
                -71.74008787008279,
                44.761827416194066
              ],
              [
                -71.74012158215781,
                44.76182926033764
              ],
              [
                -71.74015047101578,
                44.761831253259864
              ],
              [
                -71.74018418186863,
                44.76183319096662
              ],
              [
                -71.74021311277299,
                44.76183159084471
              ],
              [
                -71.74025653719691,
                44.76182512147879
              ],
              [
                -71.74029490764477,
                44.7618356365192
              ],
              [
                -71.740316510533,
                44.76184604450714
              ],
              [
                -71.74033106920135,
                44.761834083568054
              ],
              [
                -71.74034328647976,
                44.76181707930081
              ],
              [
                -71.74037224511265,
                44.76181384420145
              ],
              [
                -71.74038931890041,
                44.76180359539958
              ],
              [
                -71.74040386113731,
                44.76179172973141
              ],
              [
                -71.74043049598431,
                44.761783263329754
              ],
              [
                -71.7404714020684,
                44.761785250607886
              ],
              [
                -71.74049790247955,
                44.761787236556124
              ],
              [
                -71.74052214546306,
                44.76177883071748
              ],
              [
                -71.74054628866382,
                44.7617668569992
              ],
              [
                -71.74057534558834,
                44.76175679134707
              ],
              [
                -71.7406069242347,
                44.761736364787886
              ],
              [
                -71.74063854724626,
                44.7617142853952
              ],
              [
                -71.74068215744106,
                44.761702591372476
              ],
              [
                -71.74071816861174,
                44.761701133588254
              ],
              [
                -71.74075434008905,
                44.76169804443648
              ],
              [
                -71.74077111009478,
                44.761710113823334
              ],
              [
                -71.74079742862206,
                44.76172569600987
              ],
              [
                -71.74080659732643,
                44.7617584018018
              ],
              [
                -71.74082079887118,
                44.76177389263135
              ],
              [
                -71.7407797025741,
                44.76178739242441
              ],
              [
                -71.7407605117024,
                44.76177692226827
              ],
              [
                -71.7406790390513,
                44.761747221068376
              ],
              [
                -71.74065247520767,
                44.76175046407
              ],
              [
                -71.74062310362703,
                44.76178464681864
              ],
              [
                -71.74057947840485,
                44.76180828061626
              ],
              [
                -71.74054776408452,
                44.76183732372527
              ],
              [
                -71.74051154862813,
                44.761854173817774
              ],
              [
                -71.74046781680312,
                44.761876199638834
              ],
              [
                -71.74042669947245,
                44.76189138918032
              ],
              [
                -71.74041974238544,
                44.76189465904543
              ],
              [
                -71.74041207242975,
                44.7618982544326
              ],
              [
                -71.74041673626097,
                44.76190843814542
              ],
              [
                -71.74043571910723,
                44.76193439698547
              ],
              [
                -71.7404645980206,
                44.76193802128403
              ],
              [
                -71.7404957997395,
                44.76194685525657
              ],
              [
                -71.74052698054612,
                44.76195902141793
              ],
              [
                -71.74056531128284,
                44.76197306011864
              ],
              [
                -71.74058236175544,
                44.761954179274994
              ],
              [
                -71.74062085714225,
                44.761956228760276
              ],
              [
                -71.74065211737995,
                44.76196165875065
              ],
              [
                -71.74067137765955,
                44.76196683346404
              ],
              [
                -71.74068107693942,
                44.76195826069695
              ],
              [
                -71.74069352417345,
                44.76193439886994
              ],
              [
                -71.7407009027566,
                44.761910425049784
              ],
              [
                -71.74072292439264,
                44.76189851458017
              ],
              [
                -71.74075433372121,
                44.76189188504965
              ],
              [
                -71.74076854652183,
                44.761905649948496
              ],
              [
                -71.74077058681641,
                44.761933202308164
              ],
              [
                -71.74076293432945,
                44.76195889942353
              ],
              [
                -71.74073392125082,
                44.76197409845452
              ],
              [
                -71.74072899769821,
                44.761984413691074
              ],
              [
                -71.7406949599174,
                44.76200819766464
              ],
              [
                -71.74066360256208,
                44.76200969718408
              ],
              [
                -71.74062492121558,
                44.7620128731064
              ],
              [
                -71.74058643579644,
                44.76200919216683
              ],
              [
                -71.74056231696403,
                44.76201929875886
              ],
              [
                -71.7405452707941,
                44.76202782265813
              ],
              [
                -71.74052829000968,
                44.762041381940186
              ],
              [
                -71.74050387546777,
                44.762063451647556
              ],
              [
                -71.74050594079145,
                44.7620892772661
              ],
              [
                -71.74051793228877,
                44.76209972478334
              ],
              [
                -71.74054056191741,
                44.762117868813085
              ],
              [
                -71.74054011330335,
                44.76214189050767
              ],
              [
                -71.7405399311939,
                44.76216591307455
              ],
              [
                -71.74053969839316,
                44.762183006960434
              ],
              [
                -71.74055607459931,
                44.76221578949784
              ],
              [
                -71.74057239178528,
                44.762262237548406
              ],
              [
                -71.7405721166176,
                44.76228285516764
              ],
              [
                -71.74057183176187,
                44.76230507994693
              ],
              [
                -71.74057626039969,
                44.76233264189109
              ],
              [
                -71.7405781102877,
                44.762375493115485
              ],
              [
                -71.7406067133286,
                44.76239971069469
              ],
              [
                -71.74061119832872,
                44.762423839886715
              ],
              [
                -71.74063495398576,
                44.762442818394064
              ],
              [
                -71.74066377593155,
                44.76244984749132
              ],
              [
                -71.74066345126481,
                44.76247559602067
              ],
              [
                -71.74065143594707,
                44.76249511418871
              ],
              [
                -71.74064872569244,
                44.7624995191846
              ],
              [
                -71.74064843707664,
                44.76252184022773
              ],
              [
                -71.74064816226358,
                44.76254243265134
              ],
              [
                -71.74065033943465,
                44.76255962985129
              ],
              [
                -71.74066214636868,
                44.762575111975316
              ],
              [
                -71.74066433325214,
                44.762590603925744
              ],
              [
                -71.74069072221461,
                44.76260112645554
              ],
              [
                -71.74070330909456,
                44.762653496232424
              ],
              [
                -71.74070784961548,
                44.762672427056614
              ],
              [
                -71.74071967730556,
                44.762694813358266
              ],
              [
                -71.74074574349615,
                44.76272072474783
              ],
              [
                -71.74077433585627,
                44.7627466439267
              ],
              [
                -71.74080072205172,
                44.762757095320175
              ],
              [
                -71.74081235127704,
                44.76278460883221
              ],
              [
                -71.74081694937497,
                44.762800111409
              ],
              [
                -71.74082407201986,
                44.76281564786617
              ],
              [
                -71.74084333167875,
                44.76282089273803
              ],
              [
                -71.74085031455047,
                44.76283803638867
              ],
              [
                -71.74086214504719,
                44.76285018451225
              ],
              [
                -71.74087631957175,
                44.76286747045623
              ],
              [
                -71.74090277592573,
                44.76287285944548
              ],
              [
                -71.7409195211487,
                44.7628866564546
              ],
              [
                -71.74092169337165,
                44.76290385271558
              ],
              [
                -71.7409458271589,
                44.76290391323762
              ],
              [
                -71.74095771648734,
                44.76291263221696
              ],
              [
                -71.7409791284811,
                44.762926468334115
              ],
              [
                -71.74099102732347,
                44.76294372204052
              ],
              [
                -71.74101239729293,
                44.762961058489516
              ],
              [
                -71.7410336849247,
                44.76299548891902
              ],
              [
                -71.74106230063455,
                44.76301800475175
              ],
              [
                -71.74107889735699,
                44.76303350246429
              ],
              [
                -71.74108829779142,
                44.76303946738913
              ],
              [
                -71.74109807778939,
                44.76304567420935
              ],
              [
                -71.74111479245657,
                44.763050910222056
              ],
              [
                -71.74112412236987,
                44.763081847845704
              ],
              [
                -71.74115061963211,
                44.76308383182137
              ],
              [
                -71.74116251026507,
                44.76309245629814
              ],
              [
                -71.74116471492091,
                44.76310785656574
              ],
              [
                -71.74117640900604,
                44.76313024103074
              ],
              [
                -71.74118086040582,
                44.76315782739618
              ],
              [
                -71.74119850956578,
                44.763189618503525
              ],
              [
                -71.74122241674924,
                44.763205261957715
              ],
              [
                -71.74124389218758,
                44.76322429987742
              ],
              [
                -71.74125457755034,
                44.763227156066286
              ],
              [
                -71.7412631583213,
                44.763229449331575
              ],
              [
                -71.74127733222056,
                44.763236473642436
              ],
              [
                -71.741294211953,
                44.76324000901141
              ],
              [
                -71.74130845635725,
                44.76325206963623
              ],
              [
                -71.74133953565402,
                44.76327118933835
              ],
              [
                -71.74134942951763,
                44.76327217566408
              ],
              [
                -71.74135870901816,
                44.76327310211384
              ],
              [
                -71.74137793327813,
                44.76329042873897
              ],
              [
                -71.74143075038407,
                44.76330787321411
              ],
              [
                -71.74145699127813,
                44.76332009359628
              ],
              [
                -71.74145670810283,
                44.76333208020449
              ],
              [
                -71.74143978843153,
                44.76334230768936
              ],
              [
                -71.74143224840566,
                44.763367912900485
              ],
              [
                -71.74142723752698,
                44.763383453313175
              ],
              [
                -71.7414195288716,
                44.76338516951549
              ],
              [
                -71.7414128070825,
                44.76338666549737
              ],
              [
                -71.7413910196813,
                44.76339164841067
              ],
              [
                -71.74139076488183,
                44.76341063464162
              ],
              [
                -71.74140505260796,
                44.763419196724435
              ],
              [
                -71.7414193403295,
                44.76342785599481
              ],
              [
                -71.74143357719646,
                44.763450246523824
              ],
              [
                -71.7414380782163,
                44.76347270106861
              ],
              [
                -71.74145473718617,
                44.763493401469816
              ],
              [
                -71.74146899261214,
                44.76350385492308
              ],
              [
                -71.74147116720914,
                44.76352088380587
              ],
              [
                -71.74151195274008,
                44.76353150446565
              ],
              [
                -71.74153131809996,
                44.7635282116568
              ],
              [
                -71.74155089489857,
                44.76350953193205
              ],
              [
                -71.74157254931124,
                44.76351471519313
              ],
              [
                -71.7415939447718,
                44.7635303256897
              ],
              [
                -71.74158888449199,
                44.76355089893046
              ],
              [
                -71.74155735224407,
                44.76356608863574
              ],
              [
                -71.74154513495952,
                44.76358318841725
              ],
              [
                -71.74154471533427,
                44.763605507688496
              ],
              [
                -71.74154461293757,
                44.76362269692796
              ],
              [
                -71.74156118015341,
                44.76363989338701
              ],
              [
                -71.74155380679635,
                44.76365363091019
              ],
              [
                -71.74152703109947,
                44.76367222862711
              ],
              [
                -71.74152340447469,
                44.76368469157449
              ],
              [
                -71.74151951871897,
                44.76369803740389
              ],
              [
                -71.74154334606439,
                44.763710248034826
              ],
              [
                -71.74156988340872,
                44.76370870906472
              ],
              [
                -71.74158201724556,
                44.76370870415636
              ],
              [
                -71.7416011421171,
                44.76371404519389
              ],
              [
                -71.74162043578745,
                44.763717587546054
              ],
              [
                -71.7416349757304,
                44.76370562542035
              ],
              [
                -71.74164666260846,
                44.76370908125807
              ],
              [
                -71.74165901257658,
                44.763712734976615
              ],
              [
                -71.74165960771941,
                44.76376331069526
              ],
              [
                -71.74164720834321,
                44.763785445126906
              ],
              [
                -71.74158665553813,
                44.76380746135691
              ],
              [
                -71.74156713741621,
                44.76382280824127
              ],
              [
                -71.74156710342304,
                44.7638348666959
              ],
              [
                -71.7415546439682,
                44.7638604302429
              ],
              [
                -71.7415329579007,
                44.76386711646949
              ],
              [
                -71.74152790841954,
                44.7638859916639
              ],
              [
                -71.74151306662495,
                44.76390991506148
              ],
              [
                -71.74152253371157,
                44.76393058928251
              ],
              [
                -71.74154874468526,
                44.76394453995419
              ],
              [
                -71.7415606099614,
                44.763963422197044
              ],
              [
                -71.74154600822132,
                44.76397025446378
              ],
              [
                -71.74154328140156,
                44.76399426642357
              ],
              [
                -71.74155696639234,
                44.76401260731271
              ],
              [
                -71.74155745057199,
                44.764013253057946
              ],
              [
                -71.74158871650731,
                44.764027123904
              ],
              [
                -71.74159715503079,
                44.764031224101316
              ],
              [
                -71.74160302920677,
                44.76403408070274
              ],
              [
                -71.74162204724959,
                44.764047884600544
              ],
              [
                -71.7416533199582,
                44.76405158568706
              ],
              [
                -71.74166535565206,
                44.764058508459726
              ],
              [
                -71.7416675605019,
                44.764074003206005
              ],
              [
                -71.74165532797237,
                44.76409110379645
              ],
              [
                -71.7416574660505,
                44.76410137147167
              ],
              [
                -71.74166929408683,
                44.76412378106923
              ],
              [
                -71.74168352664265,
                44.764137638670014
              ],
              [
                -71.7417003382871,
                44.76414630386463
              ],
              [
                -71.7417073165153,
                44.764163447428174
              ],
              [
                -71.74171433584779,
                44.76417725622929
              ],
              [
                -71.74173108275953,
                44.76418942250612
              ],
              [
                -71.7417331447012,
                44.76421680849974
              ],
              [
                -71.74173512705724,
                44.76424767118402
              ],
              [
                -71.74174444792068,
                44.76427007042556
              ],
              [
                -71.74176119320687,
                44.76428303939911
              ],
              [
                -71.74176694408028,
                44.76430720124004
              ],
              [
                -71.74174968137811,
                44.764332818405876
              ],
              [
                -71.74175188499689,
                44.76434831314162
              ],
              [
                -71.74177085072468,
                44.7643654508014
              ],
              [
                -71.74180947329141,
                44.76435886887511
              ],
              [
                -71.74184305509945,
                44.764369533378776
              ],
              [
                -71.74186484581837,
                44.76436731579928
              ],
              [
                -71.7418913733539,
                44.7643646176165
              ],
              [
                -71.7419178640756,
                44.764357876825905
              ],
              [
                -71.74196850505241,
                44.764358289467594
              ],
              [
                -71.74198541373386,
                44.76436012231239
              ],
              [
                -71.7420285487111,
                44.76437408171671
              ],
              [
                -71.74205014781863,
                44.76438458473673
              ],
              [
                -71.7420593213269,
                44.764406865087
              ],
              [
                -71.74205425984879,
                44.76442753642655
              ],
              [
                -71.74204904517836,
                44.764458280245655
              ],
              [
                -71.74204636387235,
                44.76448066099629
              ],
              [
                -71.74205591045236,
                44.76449440825758
              ],
              [
                -71.7420749657171,
                44.76451504527738
              ],
              [
                -71.74210373854993,
                44.76451713142432
              ],
              [
                -71.7421154643388,
                44.76453771979494
              ],
              [
                -71.74211773385983,
                44.764547989232966
              ],
              [
                -71.7421078477926,
                44.76456860785877
              ],
              [
                -71.74208609903569,
                44.76458045920762
              ],
              [
                -71.74205475088382,
                44.76458366268265
              ],
              [
                -71.74206177743883,
                44.76459567350637
              ],
              [
                -71.74208827541568,
                44.76459765816869
              ],
              [
                -71.74213640896114,
                44.76459789751215
              ],
              [
                -71.74216549217913,
                44.764586102024396
              ],
              [
                -71.74216684836874,
                44.764584204132944
              ],
              [
                -71.7421752638066,
                44.764572399276496
              ],
              [
                -71.74218044820334,
                44.76454329037221
              ],
              [
                -71.74218301135603,
                44.764539894054764
              ],
              [
                -71.7421905225734,
                44.76451589943161
              ],
              [
                -71.74220526273875,
                44.764490271760685
              ],
              [
                -71.74219841134496,
                44.76446447561809
              ],
              [
                -71.74220100838427,
                44.764449115335594
              ],
              [
                -71.7422131958025,
                44.7644337197016
              ],
              [
                -71.74220645347694,
                44.7643992915285
              ],
              [
                -71.74219213721587,
                44.76438380281663
              ],
              [
                -71.74218166632926,
                44.764377855178026
              ],
              [
                -71.74217069265592,
                44.764371621632954
              ],
              [
                -71.74215153212671,
                44.76435951949525
              ],
              [
                -71.74215171819603,
                44.76434403252632
              ],
              [
                -71.74215217146984,
                44.76430965479951
              ],
              [
                -71.7421547588732,
                44.76429599796715
              ],
              [
                -71.7421886259413,
                44.76429450749363
              ],
              [
                -71.74220529165898,
                44.7643048751588
              ],
              [
                -71.7422218493006,
                44.764323896456595
              ],
              [
                -71.74223613577543,
                44.764341276560096
              ],
              [
                -71.74225995740953,
                44.76436545389168
              ],
              [
                -71.74229340640439,
                44.76438618817867
              ],
              [
                -71.74230263057746,
                44.76441542238392
              ],
              [
                -71.74230845259399,
                44.76441879604616
              ],
              [
                -71.7423145353615,
                44.76442232172163
              ],
              [
                -71.74232396913204,
                44.76443446008833
              ],
              [
                -71.74231635178701,
                44.76446706157366
              ],
              [
                -71.74230151950165,
                44.76449945050709
              ],
              [
                -71.74230569098721,
                44.764547628308996
              ],
              [
                -71.74230989478275,
                44.76459391473199
              ],
              [
                -71.74233112687868,
                44.764621488192844
              ],
              [
                -71.74233811603412,
                44.76464728434089
              ],
              [
                -71.742342672394,
                44.76466621519875
              ],
              [
                -71.74234717163436,
                44.76468864629378
              ],
              [
                -71.7423541473642,
                44.76471605047525
              ],
              [
                -71.74234913658273,
                44.76473149643579
              ],
              [
                -71.74232242268734,
                44.76474670031771
              ],
              [
                -71.74227891864757,
                44.76474993029255
              ],
              [
                -71.74224287239264,
                44.76474446089434
              ],
              [
                -71.74221452704919,
                44.76473807339084
              ],
              [
                -71.74221175655651,
                44.76473742507615
              ],
              [
                -71.74218778848915,
                44.764725307242735
              ],
              [
                -71.74216869364525,
                44.76470797891723
              ],
              [
                -71.74215813247118,
                44.76470284598832
              ],
              [
                -71.74214349400029,
                44.76470349396449
              ],
              [
                -71.74209033021576,
                44.76471167581387
              ],
              [
                -71.74206851098624,
                44.76472881541178
              ],
              [
                -71.74206093873313,
                44.764756215747674
              ]
            ]
          ],
          [
            [
              [
                -71.79778112235637,
                44.77983345850076
              ],
              [
                -71.79786213669007,
                44.77984501548358
              ],
              [
                -71.79794424749318,
                44.779851591008565
              ],
              [
                -71.79802685199401,
                44.77985308597893
              ],
              [
                -71.79810933931483,
                44.77984954883326
              ],
              [
                -71.7981910751404,
                44.77984098107312
              ],
              [
                -71.7982715010574,
                44.77982748095749
              ],
              [
                -71.79831487399132,
                44.77983012049396
              ],
              [
                -71.79840246045791,
                44.77982942305208
              ],
              [
                -71.7984546745376,
                44.779827330287
              ],
              [
                -71.79852274916668,
                44.779822847600215
              ],
              [
                -71.79859019323014,
                44.77981492698493
              ],
              [
                -71.79860282590106,
                44.77981313368175
              ],
              [
                -71.79862827550691,
                44.77981467762797
              ],
              [
                -71.7986530756412,
                44.77981507650784
              ],
              [
                -71.79867857750953,
                44.779815225920125
              ],
              [
                -71.79874592385839,
                44.779817567062594
              ],
              [
                -71.79882583458944,
                44.77981801542929
              ],
              [
                -71.7989055157893,
                44.77981373066128
              ],
              [
                -71.79898444246217,
                44.779804764430224
              ],
              [
                -71.79906201950506,
                44.779791114884894
              ],
              [
                -71.79913774407765,
                44.77977288243047
              ],
              [
                -71.79914829820895,
                44.77977098992049
              ],
              [
                -71.79917304543058,
                44.77976625713774
              ],
              [
                -71.79923101402892,
                44.77975230806402
              ],
              [
                -71.79927108854707,
                44.77975166126343
              ],
              [
                -71.79935380356936,
                44.779747874443885
              ],
              [
                -71.79943573281047,
                44.779738957818424
              ],
              [
                -71.7995162553437,
                44.77972505966305
              ],
              [
                -71.79959478681634,
                44.779706229490905
              ],
              [
                -71.7996707233283,
                44.77968256619121
              ],
              [
                -71.79974350208866,
                44.779654321889545
              ],
              [
                -71.79983775524155,
                44.77965596436717
              ],
              [
                -71.79993174453001,
                44.77965058503603
              ],
              [
                -71.80002440928662,
                44.77963823048975
              ],
              [
                -71.80011367908585,
                44.779652328296145
              ],
              [
                -71.80020445051008,
                44.7796600000553
              ],
              [
                -71.80025014701933,
                44.77966064811955
              ],
              [
                -71.80029584354068,
                44.77966129526571
              ],
              [
                -71.80039669315404,
                44.77965940239826
              ],
              [
                -71.8004171676336,
                44.77965870531564
              ],
              [
                -71.8005006576781,
                44.7796696141668
              ],
              [
                -71.80058519821584,
                44.77967514439391
              ],
              [
                -71.80067010064886,
                44.77967529357767
              ],
              [
                -71.8007546674915,
                44.77967006284612
              ],
              [
                -71.8008382530796,
                44.779659451846676
              ],
              [
                -71.80089762704955,
                44.77965003702336
              ],
              [
                -71.80097536064406,
                44.77963519117006
              ],
              [
                -71.80105108559025,
                44.77961581367665
              ],
              [
                -71.80112428393745,
                44.77959200126622
              ],
              [
                -71.80119442252226,
                44.77956385506939
              ],
              [
                -71.80126099678438,
                44.779531723865205
              ],
              [
                -71.80127753235958,
                44.779523006024036
              ],
              [
                -71.80133279241913,
                44.77949869586965
              ],
              [
                -71.80138490995783,
                44.77947104763622
              ],
              [
                -71.80143350104332,
                44.77944036134569
              ],
              [
                -71.8015153330262,
                44.779445841019985
              ],
              [
                -71.80159751376306,
                44.77944628873226
              ],
              [
                -71.80167948474667,
                44.77944170646605
              ],
              [
                -71.80176057134065,
                44.77943219178561
              ],
              [
                -71.80184022583492,
                44.77941779443848
              ],
              [
                -71.80186684201693,
                44.77941206551003
              ],
              [
                -71.80189781788894,
                44.77940439424619
              ],
              [
                -71.80197084842257,
                44.77940190337821
              ],
              [
                -71.80204339876316,
                44.779395327585945
              ],
              [
                -71.80211500020393,
                44.77938476659453
              ],
              [
                -71.80218525286949,
                44.779370270156534
              ],
              [
                -71.80220984296814,
                44.779364490972185
              ],
              [
                -71.80226261894762,
                44.77935084159337
              ],
              [
                -71.80233654528794,
                44.77932673138621
              ],
              [
                -71.80243109647873,
                44.779309145397235
              ],
              [
                -71.8025226380156,
                44.7792847359108
              ],
              [
                -71.80261019719813,
                44.779253800260165
              ],
              [
                -71.80265077473169,
                44.779235580312935
              ],
              [
                -71.80269285378822,
                44.77921668649588
              ],
              [
                -71.80276974564919,
                44.779173744825165
              ],
              [
                -71.80284006693077,
                44.77912537349496
              ],
              [
                -71.80290308899139,
                44.779072170102225
              ],
              [
                -71.80295813687785,
                44.77901468127762
              ],
              [
                -71.8030046417371,
                44.7789534569988
              ],
              [
                -71.8030421176167,
                44.778889193532144
              ],
              [
                -71.8030518987705,
                44.778873601276196
              ],
              [
                -71.80308373421374,
                44.77880420634292
              ],
              [
                -71.803088928106,
                44.77879025810267
              ],
              [
                -71.80310804427901,
                44.77872893413062
              ],
              [
                -71.80311840384394,
                44.778666513737285
              ],
              [
                -71.80311992136295,
                44.77860369472557
              ],
              [
                -71.80316135567811,
                44.77855253270819
              ],
              [
                -71.80319634845551,
                44.77849897993542
              ],
              [
                -71.80321039123383,
                44.778471407209786
              ],
              [
                -71.80322461383916,
                44.77844348371882
              ],
              [
                -71.80323548427776,
                44.77841441939916
              ],
              [
                -71.80324596569919,
                44.7783863938885
              ],
              [
                -71.80324911615054,
                44.77837625594532
              ],
              [
                -71.80325226533745,
                44.77836611799431
              ],
              [
                -71.80326788857154,
                44.77830125587364
              ],
              [
                -71.80327469732559,
                44.77823559755794
              ],
              [
                -71.80327266238223,
                44.778169788998284
              ],
              [
                -71.80326175762467,
                44.77810442846795
              ],
              [
                -71.80324210727615,
                44.778040115155434
              ],
              [
                -71.8032279910132,
                44.778008780022105
              ],
              [
                -71.80321387602874,
                44.777977444894674
              ],
              [
                -71.80317735548122,
                44.777916966597424
              ],
              [
                -71.80313286191091,
                44.777859277919205
              ],
              [
                -71.80308078672341,
                44.77780492747831
              ],
              [
                -71.80302166843414,
                44.777754312706996
              ],
              [
                -71.80295600522649,
                44.77770803236861
              ],
              [
                -71.80288439431273,
                44.77766643475899
              ],
              [
                -71.80287729699215,
                44.77766269824761
              ],
              [
                -71.80287020092503,
                44.7776589626433
              ],
              [
                -71.8028423826537,
                44.77764486328309
              ],
              [
                -71.80275900755268,
                44.77760854638036
              ],
              [
                -71.80270475729056,
                44.77756301319992
              ],
              [
                -71.80264517449659,
                44.77752101643275
              ],
              [
                -71.80258071418334,
                44.77748285671604
              ],
              [
                -71.80251183140219,
                44.77744883108796
              ],
              [
                -71.80249467974667,
                44.777407830399255
              ],
              [
                -71.80248958300638,
                44.77739502789597
              ],
              [
                -71.80248448627914,
                44.77738222449261
              ],
              [
                -71.80244558054194,
                44.77731731198047
              ],
              [
                -71.80239750561815,
                44.77725558758265
              ],
              [
                -71.8023407553088,
                44.77719769953229
              ],
              [
                -71.80227595289695,
                44.777144244658395
              ],
              [
                -71.80222022926641,
                44.77710603372438
              ],
              [
                -71.80219250713259,
                44.77708849807547
              ],
              [
                -71.80217608609695,
                44.77707833505994
              ],
              [
                -71.80215261826896,
                44.777064236916175
              ],
              [
                -71.80213065236056,
                44.7770108313327
              ],
              [
                -71.8020917283155,
                44.77694591858402
              ],
              [
                -71.80204365407384,
                44.77688419403748
              ],
              [
                -71.8019869209137,
                44.77682630501258
              ],
              [
                -71.80195516312506,
                44.77680010380273
              ],
              [
                -71.80192213692872,
                44.776772850047124
              ],
              [
                -71.8019126262285,
                44.77676547662706
              ],
              [
                -71.80186406170351,
                44.77672412723324
              ],
              [
                -71.80181107513708,
                44.77668561786407
              ],
              [
                -71.80175397373192,
                44.77665024735863
              ],
              [
                -71.80172355927021,
                44.77663420606477
              ],
              [
                -71.80169314483625,
                44.776618163863034
              ],
              [
                -71.8016493077092,
                44.77659699113652
              ],
              [
                -71.80156930102895,
                44.77656231737577
              ],
              [
                -71.80153217621519,
                44.77654966270947
              ],
              [
                -71.80146017055776,
                44.776517430639736
              ],
              [
                -71.80138397941579,
                44.77649052912317
              ],
              [
                -71.80130436860485,
                44.77646925620406
              ],
              [
                -71.80125128538297,
                44.77645117280486
              ],
              [
                -71.80122672199344,
                44.77644414727682
              ],
              [
                -71.8011713058098,
                44.776428952641915
              ],
              [
                -71.80107852632253,
                44.776407381206454
              ],
              [
                -71.80098319323555,
                44.776392536113704
              ],
              [
                -71.80088623083277,
                44.7763845642998
              ],
              [
                -71.80078863661394,
                44.77638361765163
              ],
              [
                -71.80071014716786,
                44.77636912022892
              ],
              [
                -71.80069288279185,
                44.776366480395666
              ],
              [
                -71.80067274083213,
                44.776363590764525
              ],
              [
                -71.800572689024,
                44.77635387555822
              ],
              [
                -71.8005003061567,
                44.77632647573306
              ],
              [
                -71.80042495889424,
                44.77630351040641
              ],
              [
                -71.80034717169373,
                44.77628517626394
              ],
              [
                -71.80027755170875,
                44.7762466164696
              ],
              [
                -71.80020327454795,
                44.776212789464175
              ],
              [
                -71.80012495246191,
                44.776183945563325
              ],
              [
                -71.80004326092786,
                44.776160330071995
              ],
              [
                -71.79995886075882,
                44.776142146811424
              ],
              [
                -71.7998724943127,
                44.77612954251093
              ],
              [
                -71.7997848564821,
                44.77612261861591
              ],
              [
                -71.79969670850303,
                44.77612142298667
              ],
              [
                -71.79960877242593,
                44.776126005045235
              ],
              [
                -71.79959118291187,
                44.77612560650124
              ],
              [
                -71.79954088912557,
                44.77612715092836
              ],
              [
                -71.79949562286752,
                44.776129393897406
              ],
              [
                -71.79948628852442,
                44.77613003946275
              ],
              [
                -71.79947412517345,
                44.776125896405574
              ],
              [
                -71.79946055009948,
                44.7761212713401
              ],
              [
                -71.79944543841594,
                44.77611029705336
              ],
              [
                -71.7994308464904,
                44.776099700311335
              ],
              [
                -71.79935965596178,
                44.77605306991986
              ],
              [
                -71.79928227225817,
                44.77601177028573
              ],
              [
                -71.79919945871339,
                44.775976199336796
              ],
              [
                -71.79911205757836,
                44.77594670599227
              ],
              [
                -71.79907486271732,
                44.77593584539591
              ],
              [
                -71.79898825952189,
                44.77591392501075
              ],
              [
                -71.79889912923902,
                44.77589798327801
              ],
              [
                -71.79880824451422,
                44.77588816891978
              ],
              [
                -71.79871649228781,
                44.77588458186781
              ],
              [
                -71.79863297680501,
                44.77588418417838
              ],
              [
                -71.79856176991188,
                44.775885628532194
              ],
              [
                -71.79849091332814,
                44.775891009355156
              ],
              [
                -71.79842084601039,
                44.775900175461736
              ],
              [
                -71.79835239386945,
                44.775862661049935
              ],
              [
                -71.7983168499651,
                44.77584673131566
              ],
              [
                -71.79827924777659,
                44.77582988002426
              ],
              [
                -71.79820209331758,
                44.77580218125045
              ],
              [
                -71.79812159581735,
                44.77577981268233
              ],
              [
                -71.79803702743813,
                44.77574693160311
              ],
              [
                -71.79794822202498,
                44.77572027871764
              ],
              [
                -71.79785610076712,
                44.77570015124736
              ],
              [
                -71.7977615677288,
                44.77568679951626
              ],
              [
                -71.79766565699683,
                44.775680273973066
              ],
              [
                -71.79756929913854,
                44.77568072252214
              ],
              [
                -71.79747347513687,
                44.775688094503344
              ],
              [
                -71.79745950966235,
                44.77568963921066
              ],
              [
                -71.79737568681003,
                44.7756937751057
              ],
              [
                -71.79734729010171,
                44.7756965151676
              ],
              [
                -71.79730784825429,
                44.775700749487555
              ],
              [
                -71.7972142973737,
                44.77570872017273
              ],
              [
                -71.79712229015976,
                44.77572326775063
              ],
              [
                -71.79703273866797,
                44.77574419176204
              ],
              [
                -71.79694651324644,
                44.775771293293474
              ],
              [
                -71.79686448803805,
                44.775804373457184
              ],
              [
                -71.79678745750024,
                44.77584303309909
              ],
              [
                -71.79671612705361,
                44.775886922912754
              ],
              [
                -71.79665123488827,
                44.77593559660534
              ],
              [
                -71.79659340681036,
                44.775988603592886
              ],
              [
                -71.79651122477296,
                44.77602467290238
              ],
              [
                -71.7964346136008,
                44.77606652143296
              ],
              [
                -71.79639947056612,
                44.7760901288666
              ],
              [
                -71.79636438101036,
                44.77611369972297
              ],
              [
                -71.79630124433545,
                44.776165710960036
              ],
              [
                -71.79624590705446,
                44.776222055547095
              ],
              [
                -71.7962357641321,
                44.776233513558175
              ],
              [
                -71.79622825529202,
                44.77623999065793
              ],
              [
                -71.7961895593242,
                44.776274415422954
              ],
              [
                -71.79615316149324,
                44.77630769436781
              ],
              [
                -71.79612085250106,
                44.77634301607744
              ],
              [
                -71.79609287675792,
                44.776380229978685
              ],
              [
                -71.79604375004136,
                44.77643418391633
              ],
              [
                -71.79603792572132,
                44.77644145789927
              ],
              [
                -71.79599904537895,
                44.77649082789542
              ],
              [
                -71.79598395606146,
                44.7765118510213
              ],
              [
                -71.79592238076079,
                44.776566103421665
              ],
              [
                -71.7958959425721,
                44.77659498378295
              ],
              [
                -71.79586888589999,
                44.776624540648726
              ],
              [
                -71.7958240397174,
                44.77668656508457
              ],
              [
                -71.79580631056997,
                44.776718848551035
              ],
              [
                -71.79578833593315,
                44.776751577750865
              ],
              [
                -71.7957621140157,
                44.77681878163863
              ],
              [
                -71.79574566550868,
                44.77688758101889
              ],
              [
                -71.79572983065368,
                44.776931671137845
              ],
              [
                -71.79571857484501,
                44.776976457218765
              ],
              [
                -71.7957119080684,
                44.77702174224655
              ],
              [
                -71.79570723221752,
                44.77703461976996
              ],
              [
                -71.79570255762785,
                44.77704749730091
              ],
              [
                -71.79568386263774,
                44.77709467532681
              ],
              [
                -71.7956638874208,
                44.77715570300672
              ],
              [
                -71.79565178963023,
                44.777217776356046
              ],
              [
                -71.79564771938365,
                44.777280396858856
              ],
              [
                -71.79565169280323,
                44.77734296798208
              ],
              [
                -71.7956548889797,
                44.7773679374089
              ],
              [
                -71.79565820278556,
                44.77739383175781
              ],
              [
                -71.79566884364743,
                44.77744599166778
              ],
              [
                -71.79565670320778,
                44.777499097252964
              ],
              [
                -71.79565139578555,
                44.777552800217684
              ],
              [
                -71.79565301907229,
                44.77760665301549
              ],
              [
                -71.79565490463463,
                44.77763778946808
              ],
              [
                -71.7956556504041,
                44.77764326995597
              ],
              [
                -71.79565639618464,
                44.77764874954401
              ],
              [
                -71.79566425636845,
                44.777714408792136
              ],
              [
                -71.79568196717584,
                44.777779072309265
              ],
              [
                -71.7957093381185,
                44.777841991099656
              ],
              [
                -71.79570667133763,
                44.77790535907051
              ],
              [
                -71.79571224157986,
                44.777968577161374
              ],
              [
                -71.79572604167492,
                44.77803119807685
              ],
              [
                -71.79574791215909,
                44.77809262239749
              ],
              [
                -71.79577769545851,
                44.778152302908126
              ],
              [
                -71.79579477480817,
                44.7781821436018
              ],
              [
                -71.79582759241103,
                44.77823345574667
              ],
              [
                -71.79586657017526,
                44.77828252551844
              ],
              [
                -71.79591141543064,
                44.7783290046452
              ],
              [
                -71.79590409011186,
                44.77836058824526
              ],
              [
                -71.79589815047929,
                44.778431079437645
              ],
              [
                -71.79589744965769,
                44.778488119736565
              ],
              [
                -71.79589924821857,
                44.77854680336252
              ],
              [
                -71.79590949406473,
                44.778604990129786
              ],
              [
                -71.79592811875158,
                44.77866218016992
              ],
              [
                -71.79592781178619,
                44.778691596885984
              ],
              [
                -71.79592750356785,
                44.77872101269424
              ],
              [
                -71.79593096927395,
                44.77875033028274
              ],
              [
                -71.79593443498334,
                44.77877964787099
              ],
              [
                -71.79594886478657,
                44.77883758415771
              ],
              [
                -71.7959588316654,
                44.778869765708066
              ],
              [
                -71.79597932473364,
                44.778924911885674
              ],
              [
                -71.79600961612296,
                44.77898369646012
              ],
              [
                -71.79603750435766,
                44.77904945393018
              ],
              [
                -71.79607474367172,
                44.77911282040606
              ],
              [
                -71.79609782389744,
                44.77914295900873
              ],
              [
                -71.79612090541038,
                44.779173097614525
              ],
              [
                -71.79614821421119,
                44.7792013931786
              ],
              [
                -71.7961755230386,
                44.77922968873618
              ],
              [
                -71.79622914148192,
                44.77929126181504
              ],
              [
                -71.79624261674971,
                44.779304662464355
              ],
              [
                -71.79624789526585,
                44.77930978572242
              ],
              [
                -71.79625298522986,
                44.77931472513879
              ],
              [
                -71.79630615658208,
                44.77936214990985
              ],
              [
                -71.79636520504714,
                44.779405888883595
              ],
              [
                -71.79642963074046,
                44.77944559251018
              ],
              [
                -71.79646427339657,
                44.77946325227572
              ],
              [
                -71.79649891482141,
                44.779480911123215
              ],
              [
                -71.79653501454628,
                44.77949595123742
              ],
              [
                -71.79657244935096,
                44.779511548502136
              ],
              [
                -71.79661095208228,
                44.77952889363701
              ],
              [
                -71.79665029549314,
                44.77954661919439
              ],
              [
                -71.79673297003112,
                44.77957561195153
              ],
              [
                -71.79681952889709,
                44.77959812859418
              ],
              [
                -71.79683854845497,
                44.779605501589614
              ],
              [
                -71.7968908752665,
                44.779621591796484
              ],
              [
                -71.79690937938646,
                44.77962927297178
              ],
              [
                -71.79692903757763,
                44.779637433696095
              ],
              [
                -71.79701407197338,
                44.779668767916704
              ],
              [
                -71.79710303507669,
                44.779693924149555
              ],
              [
                -71.79719506755086,
                44.77971270541861
              ],
              [
                -71.79725762507739,
                44.779723066666115
              ],
              [
                -71.79732953473393,
                44.77973293018449
              ],
              [
                -71.79735388756302,
                44.77973561953733
              ],
              [
                -71.79737049268061,
                44.77973726412902
              ],
              [
                -71.79738785442541,
                44.77974194693341
              ],
              [
                -71.79742374242805,
                44.77975051518853
              ],
              [
                -71.7974585257028,
                44.7797582865249
              ],
              [
                -71.79751757536411,
                44.77977004339151
              ],
              [
                -71.79752979460856,
                44.779771712275675
              ],
              [
                -71.7975420138537,
                44.77977338115853
              ],
              [
                -71.79757071069386,
                44.779781898834926
              ],
              [
                -71.7975994062682,
                44.77979041739621
              ],
              [
                -71.7976337949866,
                44.77979863800181
              ],
              [
                -71.79768619399074,
                44.7798131831609
              ],
              [
                -71.79778112235637,
                44.77983345850076
              ]
            ],
            [
              [
                -71.79801743880462,
                44.77915521208926
              ],
              [
                -71.79801032929007,
                44.779167507806314
              ],
              [
                -71.79796866823739,
                44.77915491229324
              ],
              [
                -71.79792354874002,
                44.77914474052983
              ],
              [
                -71.79792046554154,
                44.77911745012855
              ],
              [
                -71.79786838436684,
                44.77910967067213
              ],
              [
                -71.7978374220277,
                44.77910702088185
              ],
              [
                -71.79780578190714,
                44.77910431292176
              ],
              [
                -71.79774678807863,
                44.77910405275917
              ],
              [
                -71.79771201149462,
                44.77909627975111
              ],
              [
                -71.79768450819526,
                44.77907146237485
              ],
              [
                -71.79765351671116,
                44.7790439139427
              ],
              [
                -71.7976257048246,
                44.779043823886
              ],
              [
                -71.79757011556406,
                44.77903350299974
              ],
              [
                -71.79753179670996,
                44.77903569523098
              ],
              [
                -71.79751087566568,
                44.77904312209567
              ],
              [
                -71.79750032567155,
                44.77905791273605
              ],
              [
                -71.79747597174728,
                44.779055232406456
              ],
              [
                -71.7974134352014,
                44.779044864207314
              ],
              [
                -71.79731651099614,
                44.779004667807364
              ],
              [
                -71.79729915434213,
                44.77899718813599
              ],
              [
                -71.7972818830484,
                44.77899465033407
              ],
              [
                -71.79725418696705,
                44.778986994546415
              ],
              [
                -71.79719888926624,
                44.77895192084425
              ],
              [
                -71.79716075557843,
                44.7789492681329
              ],
              [
                -71.79713637101756,
                44.77894911805901
              ],
              [
                -71.79711555697095,
                44.778946474737126
              ],
              [
                -71.79709842886808,
                44.77892161938677
              ],
              [
                -71.79707074457346,
                44.77890164670558
              ],
              [
                -71.79704291951938,
                44.77890389706391
              ],
              [
                -71.79703253141487,
                44.778906275447255
              ],
              [
                -71.79702896102758,
                44.77890886227779
              ],
              [
                -71.7970185987131,
                44.778898806910234
              ],
              [
                -71.79700519222047,
                44.778859115317346
              ],
              [
                -71.79699319576798,
                44.77885534648343
              ],
              [
                -71.79698101300272,
                44.778851521607486
              ],
              [
                -71.79697073899514,
                44.778834086705004
              ],
              [
                -71.79694315832516,
                44.778816618150366
              ],
              [
                -71.7969363171063,
                44.778796691858936
              ],
              [
                -71.79692638138272,
                44.77876200346576
              ],
              [
                -71.7968989434748,
                44.77872205269479
              ],
              [
                -71.79688897990906,
                44.77868986944619
              ],
              [
                -71.79691717911206,
                44.77866771295613
              ],
              [
                -71.79694154241199,
                44.778658048643955
              ],
              [
                -71.79695581091597,
                44.778628261626196
              ],
              [
                -71.79695641699287,
                44.77857769371471
              ],
              [
                -71.7969253898727,
                44.77856364695297
              ],
              [
                -71.79690129337264,
                44.778538837760856
              ],
              [
                -71.7968737466241,
                44.77851879568527
              ],
              [
                -71.79686013748095,
                44.77849404655365
              ],
              [
                -71.7968608373986,
                44.778437002643585
              ],
              [
                -71.79686546965122,
                44.77842947560922
              ],
              [
                -71.79688917859635,
                44.77839262221922
              ],
              [
                -71.79689992265173,
                44.77836038647932
              ],
              [
                -71.796906210138,
                44.7783310920691
              ],
              [
                -71.79690058959757,
                44.778305847684585
              ],
              [
                -71.79690451666491,
                44.778273659963816
              ],
              [
                -71.79690529226762,
                44.77820933453142
              ],
              [
                -71.7969023678209,
                44.77816963096352
              ],
              [
                -71.79687480276534,
                44.77813966018412
              ],
              [
                -71.79684349978236,
                44.77813712051412
              ],
              [
                -71.79683676317698,
                44.77811972267597
              ],
              [
                -71.7968405766335,
                44.778097417852024
              ],
              [
                -71.79682706947935,
                44.77805521849316
              ],
              [
                -71.79682735936878,
                44.77803039745259
              ],
              [
                -71.79682776795096,
                44.77800808066293
              ],
              [
                -71.79682787671437,
                44.777988293444224
              ],
              [
                -71.7968627675829,
                44.77798606504448
              ],
              [
                -71.79687346309566,
                44.77795886484314
              ],
              [
                -71.79685992278614,
                44.77792907939574
              ],
              [
                -71.79685278647122,
                44.77791411512465
              ],
              [
                -71.79684272966624,
                44.77790909385814
              ],
              [
                -71.7967839761694,
                44.777888926202706
              ],
              [
                -71.79674889136263,
                44.77790609531441
              ],
              [
                -71.79672766235645,
                44.77793808469554
              ],
              [
                -71.79668614697268,
                44.777923056281004
              ],
              [
                -71.7966690704918,
                44.777893259831956
              ],
              [
                -71.79667288257477,
                44.77786097691927
              ],
              [
                -71.79669382758927,
                44.77786362202875
              ],
              [
                -71.79670790328952,
                44.77784877488103
              ],
              [
                -71.79674267515482,
                44.777846663671895
              ],
              [
                -71.79677418524481,
                44.777831919376396
              ],
              [
                -71.79676049934216,
                44.777814447244154
              ],
              [
                -71.7967607231702,
                44.77778466195052
              ],
              [
                -71.79675429833554,
                44.777752513974434
              ],
              [
                -71.79674251561664,
                44.777749892901554
              ],
              [
                -71.79671966225288,
                44.77774479732139
              ],
              [
                -71.79669892408967,
                44.77772490781712
              ],
              [
                -71.79669604502554,
                44.77768033426415
              ],
              [
                -71.79668955178441,
                44.77763321783451
              ],
              [
                -71.79666058814027,
                44.77762981151935
              ],
              [
                -71.79664449706857,
                44.777627920717684
              ],
              [
                -71.7966167354926,
                44.77761541751168
              ],
              [
                -71.79661383314541,
                44.77757318355106
              ],
              [
                -71.79667751680363,
                44.77748943696717
              ],
              [
                -71.79669892441925,
                44.77744241047215
              ],
              [
                -71.79666119704021,
                44.777397630400024
              ],
              [
                -71.7966167780004,
                44.777330415100884
              ],
              [
                -71.7966104289748,
                44.77728079423186
              ],
              [
                -71.79663193759814,
                44.777226486382695
              ],
              [
                -71.79665351137385,
                44.777167120594854
              ],
              [
                -71.79666807113676,
                44.77711269794901
              ],
              [
                -71.79667211596417,
                44.77707060486039
              ],
              [
                -71.79670060097037,
                44.777013813043084
              ],
              [
                -71.79670113784103,
                44.776969274019834
              ],
              [
                -71.79679552893387,
                44.77693763707208
              ],
              [
                -71.79682402924809,
                44.776878319298746
              ],
              [
                -71.7968385583823,
                44.77682640086042
              ],
              [
                -71.79687745575353,
                44.77677704508449
              ],
              [
                -71.7969231202771,
                44.77674026295873
              ],
              [
                -71.79694087760792,
                44.77670310743586
              ],
              [
                -71.7969795796294,
                44.77666869145502
              ],
              [
                -71.79701481011237,
                44.776639136046924
              ],
              [
                -71.79706054468026,
                44.77658740066413
              ],
              [
                -71.7971374079214,
                44.776563119309934
              ],
              [
                -71.79717935470467,
                44.77654105635529
              ],
              [
                -71.79721075393915,
                44.77653569540726
              ],
              [
                -71.79723520891217,
                44.77653151918095
              ],
              [
                -71.79728722142951,
                44.77654424075577
              ],
              [
                -71.79730138990261,
                44.77652201762485
              ],
              [
                -71.79732609772006,
                44.77649490899212
              ],
              [
                -71.79734731642412,
                44.77646526006729
              ],
              [
                -71.79736871828096,
                44.7764607203658
              ],
              [
                -71.79739276639805,
                44.77645560570684
              ],
              [
                -71.79740337442807,
                44.776435887576135
              ],
              [
                -71.79739322317167,
                44.77640866705069
              ],
              [
                -71.79737963639393,
                44.776383658038526
              ],
              [
                -71.79739182203551,
                44.77638376720546
              ],
              [
                -71.79740400387624,
                44.77638387724762
              ],
              [
                -71.79749105093812,
                44.77637451295115
              ],
              [
                -71.79753968778486,
                44.77637481122863
              ],
              [
                -71.79762331106517,
                44.776365436570266
              ],
              [
                -71.79765068298077,
                44.7764002555496
              ],
              [
                -71.79770255346021,
                44.776425318185986
              ],
              [
                -71.79775476332654,
                44.77642321761434
              ],
              [
                -71.79777709896354,
                44.776424502329476
              ],
              [
                -71.79780349871479,
                44.77642602170608
              ],
              [
                -71.79778921656998,
                44.77645805850652
              ],
              [
                -71.79775397794855,
                44.776459349155985
              ],
              [
                -71.79772992051629,
                44.77646023160557
              ],
              [
                -71.79769159820631,
                44.77647483618642
              ],
              [
                -71.79773289881112,
                44.776507311972736
              ],
              [
                -71.79781936696963,
                44.77655489851546
              ],
              [
                -71.7978575332651,
                44.77655504588761
              ],
              [
                -71.7979028475157,
                44.776557841501415
              ],
              [
                -71.79792003644184,
                44.776567848771
              ],
              [
                -71.7979022760075,
                44.77659509833274
              ],
              [
                -71.79790894880264,
                44.77661746136657
              ],
              [
                -71.79794358216401,
                44.77663745497435
              ],
              [
                -71.79795365946755,
                44.77665985513277
              ],
              [
                -71.79801956081265,
                44.77668501107592
              ],
              [
                -71.79804061287211,
                44.776667841706875
              ],
              [
                -71.79805119629778,
                44.776650452305695
              ],
              [
                -71.79805512639274,
                44.77661826455462
              ],
              [
                -71.79808656912643,
                44.776598672620246
              ],
              [
                -71.79813520899954,
                44.77660885336055
              ],
              [
                -71.79818381203064,
                44.77662165976084
              ],
              [
                -71.79820816866084,
                44.77662424366791
              ],
              [
                -71.79822574415121,
                44.77660202966053
              ],
              [
                -71.79827795783189,
                44.776599834383745
              ],
              [
                -71.7983021333756,
                44.77661726550215
              ],
              [
                -71.79830872978204,
                44.77664709631029
              ],
              [
                -71.79835719881922,
                44.77665981002368
              ],
              [
                -71.79841639033566,
                44.77665522512565
              ],
              [
                -71.79848236710235,
                44.776663003303256
              ],
              [
                -71.79856636277952,
                44.77662393445417
              ],
              [
                -71.79862237157828,
                44.77659952760925
              ],
              [
                -71.79862613332297,
                44.77656984412493
              ],
              [
                -71.79865784961672,
                44.776570010110056
              ],
              [
                -71.79870964553565,
                44.776570280495015
              ],
              [
                -71.79874427745392,
                44.77658039295313
              ],
              [
                -71.79878221379667,
                44.77660789285375
              ],
              [
                -71.79882718787239,
                44.77664047448988
              ],
              [
                -71.79886502857043,
                44.776665444157565
              ],
              [
                -71.7989064889718,
                44.77668551088362
              ],
              [
                -71.79892003569876,
                44.77672527062168
              ],
              [
                -71.79896828285385,
                44.77675769591452
              ],
              [
                -71.79902408107365,
                44.77674066585752
              ],
              [
                -71.79906583776147,
                44.77674585900331
              ],
              [
                -71.79908021498652,
                44.776761574002016
              ],
              [
                -71.79909325797554,
                44.77677583197169
              ],
              [
                -71.79920372010952,
                44.77684588403306
              ],
              [
                -71.79926645174719,
                44.77684131051946
              ],
              [
                -71.79931171350529,
                44.77683906851389
              ],
              [
                -71.79935674869839,
                44.776854203061646
              ],
              [
                -71.79941593906668,
                44.776849618538535
              ],
              [
                -71.79947493198028,
                44.77684997412226
              ],
              [
                -71.79950654013554,
                44.77682785229462
              ],
              [
                -71.79953092634271,
                44.77682800187243
              ],
              [
                -71.79956243541751,
                44.77681344577747
              ],
              [
                -71.79960768072047,
                44.77681120355364
              ],
              [
                -71.79960735752394,
                44.77683846133052
              ],
              [
                -71.79964539612094,
                44.776858490603765
              ],
              [
                -71.79966953614232,
                44.77686845114752
              ],
              [
                -71.79968718294592,
                44.77685127229172
              ],
              [
                -71.79972258652899,
                44.776806872366464
              ],
              [
                -71.79973255820312,
                44.776839221009695
              ],
              [
                -71.79975996515306,
                44.77688150886232
              ],
              [
                -71.79978383043517,
                44.77691378610722
              ],
              [
                -71.79981857360349,
                44.776913993726254
              ],
              [
                -71.79982878436414,
                44.77693639183675
              ],
              [
                -71.79986323802213,
                44.776971326592225
              ],
              [
                -71.79994314282446,
                44.77697685587343
              ],
              [
                -71.79999879429435,
                44.77697207027481
              ],
              [
                -71.80001637218918,
                44.776959857491896
              ],
              [
                -71.80005837574942,
                44.77694526389562
              ],
              [
                -71.80008616810501,
                44.77694542343223
              ],
              [
                -71.8000963465436,
                44.77696025676466
              ],
              [
                -71.80010992065826,
                44.7769876771045
              ],
              [
                -71.80015172300911,
                44.77698785769216
              ],
              [
                -71.80020010090558,
                44.777010475258855
              ],
              [
                -71.80025583608796,
                44.7770083834474
              ],
              [
                -71.8002707916472,
                44.77701139435714
              ],
              [
                -71.80029403921704,
                44.77701607228932
              ],
              [
                -71.80031116743532,
                44.777031047171874
              ],
              [
                -71.80034923708298,
                44.777048640372115
              ],
              [
                -71.80039425623842,
                44.777066185242944
              ],
              [
                -71.8004427960153,
                44.777074048944776
              ],
              [
                -71.80046377064288,
                44.77706418674024
              ],
              [
                -71.80047440391675,
                44.77705192774841
              ],
              [
                -71.80049201849188,
                44.77703708921016
              ],
              [
                -71.80050928945056,
                44.77703972281453
              ],
              [
                -71.80052654943451,
                44.77705467237469
              ],
              [
                -71.80058575953879,
                44.77705746294318
              ],
              [
                -71.8005853667845,
                44.77708968324187
              ],
              [
                -71.80055736452512,
                44.77709706729918
              ],
              [
                -71.80056392755242,
                44.777129240208836
              ],
              [
                -71.80059817191521,
                44.77716910400933
              ],
              [
                -71.80059819183545,
                44.777169128428596
              ],
              [
                -71.80061873699232,
                44.777194006887726
              ],
              [
                -71.80066414712645,
                44.7771893301267
              ],
              [
                -71.80067469836322,
                44.777174445607116
              ],
              [
                -71.80070296136847,
                44.77714493728724
              ],
              [
                -71.80072053985744,
                44.77712272291614
              ],
              [
                -71.80073480883078,
                44.77709312260001
              ],
              [
                -71.80075914002121,
                44.77708580151231
              ],
              [
                -71.80082555667452,
                44.77706892108092
              ],
              [
                -71.80088096457553,
                44.77708411223169
              ],
              [
                -71.8009330344125,
                44.77710423236986
              ],
              [
                -71.80099188163972,
                44.777116999492804
              ],
              [
                -71.80100602211085,
                44.777127255808004
              ],
              [
                -71.80101954761503,
                44.7771370665068
              ],
              [
                -71.80105396547415,
                44.77716446042436
              ],
              [
                -71.80108237192651,
                44.777164623476935
              ],
              [
                -71.80110955165979,
                44.777164779915125
              ],
              [
                -71.80115113071666,
                44.77718484475091
              ],
              [
                -71.80116123294954,
                44.77721712477404
              ],
              [
                -71.80121654708762,
                44.77723968986467
              ],
              [
                -71.80122695293976,
                44.777247219102556
              ],
              [
                -71.80122654479761,
                44.777269535913796
              ],
              [
                -71.80123658003791,
                44.77730685135773
              ],
              [
                -71.80123293148685,
                44.77732662772313
              ],
              [
                -71.80126421795597,
                44.77733166870978
              ],
              [
                -71.8012779180862,
                44.777346702563094
              ],
              [
                -71.80127050350191,
                44.77738625547717
              ],
              [
                -71.80124928338495,
                44.77740599812402
              ],
              [
                -71.80119015030874,
                44.77741805311356
              ],
              [
                -71.80120695918076,
                44.77745764805731
              ],
              [
                -71.80120697149954,
                44.77745767422978
              ],
              [
                -71.80122050778915,
                44.77748744564131
              ],
              [
                -71.80123758799152,
                44.77751743221351
              ],
              [
                -71.80126912740249,
                44.77750025172798
              ],
              [
                -71.80129664920169,
                44.77752265843005
              ],
              [
                -71.80129612292085,
                44.77755487791169
              ],
              [
                -71.80126813109547,
                44.777572071111045
              ],
              [
                -71.80128520983585,
                44.777601868687846
              ],
              [
                -71.80132011671864,
                44.777599640823745
              ],
              [
                -71.80135521166015,
                44.77757008325185
              ],
              [
                -71.80139714577128,
                44.77756052457743
              ],
              [
                -71.8014352149738,
                44.77756804663612
              ],
              [
                -71.80150466731243,
                44.77758098905158
              ],
              [
                -71.80155306159168,
                44.777601074725766
              ],
              [
                -71.80158077870914,
                44.77761861139759
              ],
              [
                -71.80159007369987,
                44.77764441076686
              ],
              [
                -71.80159421615622,
                44.77765586752344
              ],
              [
                -71.80154175521177,
                44.777680285821575
              ],
              [
                -71.80148589243667,
                44.7776922817736
              ],
              [
                -71.80144399239597,
                44.77770938184641
              ],
              [
                -71.80143336129888,
                44.77773173601276
              ],
              [
                -71.80141212677376,
                44.77775382013895
              ],
              [
                -71.80136676658304,
                44.777763438850414
              ],
              [
                -71.80134216592387,
                44.77779298323525
              ],
              [
                -71.8013656340286,
                44.777857672093184
              ],
              [
                -71.80138978082148,
                44.777877607698485
              ],
              [
                -71.80140335521872,
                44.77790486320045
              ],
              [
                -71.80143816815402,
                44.77791012728848
              ],
              [
                -71.80146571227239,
                44.77793007555949
              ],
              [
                -71.80150746913564,
                44.77792538781658
              ],
              [
                -71.80151773116808,
                44.77793291254786
              ],
              [
                -71.80155252467183,
                44.777940524319824
              ],
              [
                -71.80157995958314,
                44.77797037438866
              ],
              [
                -71.80165947753974,
                44.778008124601065
              ],
              [
                -71.8017047750251,
                44.778013259241476
              ],
              [
                -71.8017327455546,
                44.77799857382591
              ],
              [
                -71.8017709634406,
                44.778003850532215
              ],
              [
                -71.80184731420678,
                44.778011709087906
              ],
              [
                -71.80186527933489,
                44.77801023868957
              ],
              [
                -71.80187512124364,
                44.77800943495084
              ],
              [
                -71.8018883320693,
                44.77800669902355
              ],
              [
                -71.80191009635763,
                44.77800219218414
              ],
              [
                -71.80194115364475,
                44.77802461134152
              ],
              [
                -71.80200021471877,
                44.778030001874534
              ],
              [
                -71.80201734717988,
                44.778054858320125
              ],
              [
                -71.80201853596257,
                44.778071858386525
              ],
              [
                -71.80202772631257,
                44.77807479873355
              ],
              [
                -71.80203358997514,
                44.77810112603194
              ],
              [
                -71.80200673272863,
                44.77811842083435
              ],
              [
                -71.80200044743749,
                44.77813726230867
              ],
              [
                -71.8020105223972,
                44.77815046511719
              ],
              [
                -71.80202055876028,
                44.778156384803
              ],
              [
                -71.80202877791871,
                44.77815499249778
              ],
              [
                -71.80204709816509,
                44.77816526432893
              ],
              [
                -71.80206541051844,
                44.77817566749422
              ],
              [
                -71.80208990155066,
                44.778178595155644
              ],
              [
                -71.8021124246239,
                44.77817592151047
              ],
              [
                -71.80212765920479,
                44.778177513840276
              ],
              [
                -71.80214093162331,
                44.77817889709982
              ],
              [
                -71.8021489976281,
                44.77818214283151
              ],
              [
                -71.80215930555356,
                44.77818628776313
              ],
              [
                -71.80217976841425,
                44.77819668515296
              ],
              [
                -71.8022429729906,
                44.77821452488978
              ],
              [
                -71.80226342224486,
                44.77820591180665
              ],
              [
                -71.802298121673,
                44.778210446020275
              ],
              [
                -71.8023123037825,
                44.77821791543777
              ],
              [
                -71.80230599201806,
                44.77823822810237
              ],
              [
                -71.8022566816737,
                44.778252490811944
              ],
              [
                -71.802238159898,
                44.77826838775749
              ],
              [
                -71.80221548386696,
                44.778274107552164
              ],
              [
                -71.80218489520841,
                44.7782739161491
              ],
              [
                -71.80214608942056,
                44.778264878009196
              ],
              [
                -71.80213197692606,
                44.77825173513085
              ],
              [
                -71.8021220442434,
                44.7782269272002
              ],
              [
                -71.80211608122856,
                44.77820789928371
              ],
              [
                -71.80209783180356,
                44.77820202480495
              ],
              [
                -71.80208748704536,
                44.77821069151051
              ],
              [
                -71.8020669909269,
                44.778213438731434
              ],
              [
                -71.80205816253668,
                44.778210236029366
              ],
              [
                -71.80204660435659,
                44.77820604385205
              ],
              [
                -71.80203221472333,
                44.77821611757193
              ],
              [
                -71.80204007398994,
                44.77823505539335
              ],
              [
                -71.80205841774651,
                44.77824400721382
              ],
              [
                -71.80207056245256,
                44.77825279156137
              ],
              [
                -71.8020764897653,
                44.778256428282624
              ],
              [
                -71.80208271802194,
                44.778260254921676
              ],
              [
                -71.80209702988861,
                44.778267439890726
              ],
              [
                -71.80209892189153,
                44.778279241934776
              ],
              [
                -71.80211517703313,
                44.77828222634804
              ],
              [
                -71.8021253031151,
                44.77829244809186
              ],
              [
                -71.80213538035555,
                44.77830420746432
              ],
              [
                -71.80213517485156,
                44.778321582365734
              ],
              [
                -71.8021249890648,
                44.77832890289657
              ],
              [
                -71.80210864410022,
                44.77832152192735
              ],
              [
                -71.80210056334239,
                44.77831121369236
              ],
              [
                -71.80208232610615,
                44.7783038004578
              ],
              [
                -71.80205776114174,
                44.778297881077386
              ],
              [
                -71.80202537250119,
                44.778270069717806
              ],
              [
                -71.8020069374182,
                44.77828012860841
              ],
              [
                -71.80198455585825,
                44.7782712627879
              ],
              [
                -71.80197454897979,
                44.77825219844885
              ],
              [
                -71.80197480878888,
                44.778230425171195
              ],
              [
                -71.80198105938413,
                44.778214464964414
              ],
              [
                -71.80197116275902,
                44.778196842037694
              ],
              [
                -71.80196094076031,
                44.778196786757235
              ],
              [
                -71.8019426315826,
                44.778185072441225
              ],
              [
                -71.80193256513665,
                44.778170429839776
              ],
              [
                -71.80191767988698,
                44.77816343932296
              ],
              [
                -71.80190417409823,
                44.778157097964964
              ],
              [
                -71.8018775605899,
                44.77815405560029
              ],
              [
                -71.80185490672557,
                44.778167058344884
              ],
              [
                -71.8018405836547,
                44.778171292100446
              ],
              [
                -71.80182220360054,
                44.77816525209743
              ],
              [
                -71.80180199465998,
                44.778143436472384
              ],
              [
                -71.80179416171065,
                44.778123056256405
              ],
              [
                -71.80176598447845,
                44.77812270490356
              ],
              [
                -71.80174847003701,
                44.77813007328286
              ],
              [
                -71.80173103647085,
                44.77813985118469
              ],
              [
                -71.80171006834917,
                44.7781397247765
              ],
              [
                -71.8016896148369,
                44.77810728162372
              ],
              [
                -71.80168664538004,
                44.778070202008735
              ],
              [
                -71.80166594349296,
                44.778047676024066
              ],
              [
                -71.80162443053972,
                44.77803264762009
              ],
              [
                -71.80157918990912,
                44.77804470047465
              ],
              [
                -71.80153376410439,
                44.77804947469209
              ],
              [
                -71.8015062099679,
                44.77802940758991
              ],
              [
                -71.80145406478483,
                44.778026663413385
              ],
              [
                -71.8013950037685,
                44.77802127259825
              ],
              [
                -71.80137394506818,
                44.77803851003357
              ],
              [
                -71.8013666610186,
                44.77805581553435
              ],
              [
                -71.80138398546008,
                44.778075731001664
              ],
              [
                -71.8013731862093,
                44.77810049676264
              ],
              [
                -71.80136929450669,
                44.778130273124276
              ],
              [
                -71.80137563210606,
                44.77818223429035
              ],
              [
                -71.8013892854354,
                44.778202111100356
              ],
              [
                -71.80142728901077,
                44.778224645781066
              ],
              [
                -71.80141985809804,
                44.77826429398831
              ],
              [
                -71.8014159835794,
                44.77830385776152
              ],
              [
                -71.80141209315804,
                44.77833363323149
              ],
              [
                -71.80146406747787,
                44.77834878959397
              ],
              [
                -71.80149879745686,
                44.77835152533839
              ],
              [
                -71.80154399569801,
                44.77835422340771
              ],
              [
                -71.80158583354509,
                44.778352065748976
              ],
              [
                -71.80161375957404,
                44.77834234573604
              ],
              [
                -71.80162096098465,
                44.77832004887302
              ],
              [
                -71.80163495560826,
                44.778312670687974
              ],
              [
                -71.80165575734777,
                44.778327653431354
              ],
              [
                -71.80169397277024,
                44.778332837458436
              ],
              [
                -71.80170116762153,
                44.77831307376699
              ],
              [
                -71.80172559305828,
                44.77829828028673
              ],
              [
                -71.80176039801987,
                44.77829363993483
              ],
              [
                -71.801798681717,
                44.778293786707614
              ],
              [
                -71.80180889515206,
                44.778316255744215
              ],
              [
                -71.80181897328949,
                44.77833862946324
              ],
              [
                -71.8018185887621,
                44.778370851609175
              ],
              [
                -71.80180774598634,
                44.778400392909866
              ],
              [
                -71.80179383807422,
                44.77841273729082
              ],
              [
                -71.80174152893026,
                44.77842230916592
              ],
              [
                -71.80170295691579,
                44.778446914142854
              ],
              [
                -71.80167847491606,
                44.778454235407615
              ],
              [
                -71.80164373446533,
                44.77845393478152
              ],
              [
                -71.80163639416564,
                44.7784485525915
              ],
              [
                -71.80162996810306,
                44.778443841917344
              ],
              [
                -71.80161321856544,
                44.77844141144937
              ],
              [
                -71.80159515732298,
                44.77843879027763
              ],
              [
                -71.80155313356323,
                44.778465795723754
              ],
              [
                -71.80156344067024,
                44.778480699000774
              ],
              [
                -71.80158157967952,
                44.778495840052905
              ],
              [
                -71.80158497744654,
                44.77849738706168
              ],
              [
                -71.80162765139622,
                44.77853121427685
              ],
              [
                -71.80163555107193,
                44.778545849053494
              ],
              [
                -71.80165256905863,
                44.77855368325549
              ],
              [
                -71.8016802898952,
                44.77856644415723
              ],
              [
                -71.80171895674424,
                44.778576852152135
              ],
              [
                -71.80173941966201,
                44.778587249620536
              ],
              [
                -71.8017555574168,
                44.77860039863004
              ],
              [
                -71.80176580094202,
                44.77860045586029
              ],
              [
                -71.80180472864372,
                44.77858764981784
              ],
              [
                -71.80181915099351,
                44.778586299951534
              ],
              [
                -71.80183138376655,
                44.7785892472154
              ],
              [
                -71.80183770768149,
                44.77857758898453
              ],
              [
                -71.80182977677424,
                44.77855432309641
              ],
              [
                -71.80184423115142,
                44.77853983039276
              ],
              [
                -71.80186471885715,
                44.77853852569919
              ],
              [
                -71.8018785000828,
                44.77853795391861
              ],
              [
                -71.8018954314401,
                44.77853725200956
              ],
              [
                -71.80189928220807,
                44.77855331805448
              ],
              [
                -71.80189701225756,
                44.77857361760645
              ],
              [
                -71.801898980562,
                44.77858820710787
              ],
              [
                -71.8019172886177,
                44.778589853349416
              ],
              [
                -71.80195624417586,
                44.77858710560047
              ],
              [
                -71.80198688518053,
                44.77858002979765
              ],
              [
                -71.80202375132703,
                44.77857305592629
              ],
              [
                -71.80206474758026,
                44.77857763229472
              ],
              [
                -71.80207473977549,
                44.77858785412418
              ],
              [
                -71.80209513220738,
                44.77859382989261
              ],
              [
                -71.80212782775027,
                44.77859691567228
              ],
              [
                -71.8021583025428,
                44.77861465083235
              ],
              [
                -71.80215400511797,
                44.77862621887553
              ],
              [
                -71.80214155602852,
                44.77864206652178
              ],
              [
                -71.80213733779115,
                44.77865671000414
              ],
              [
                -71.8021046705211,
                44.778652113469015
              ],
              [
                -71.80208214518572,
                44.77865485459104
              ],
              [
                -71.80205158374129,
                44.778643053717296
              ],
              [
                -71.80203105999378,
                44.77864724240145
              ],
              [
                -71.80201144933866,
                44.77864789825841
              ],
              [
                -71.801994279437,
                44.778648471840874
              ],
              [
                -71.8019635711845,
                44.778660077327764
              ],
              [
                -71.80195840354855,
                44.778665743004176
              ],
              [
                -71.8019530579492,
                44.77867160287073
              ],
              [
                -71.80193872748687,
                44.77867727913166
              ],
              [
                -71.80191175669691,
                44.778701874999015
              ],
              [
                -71.8019158815949,
                44.778706307020414
              ],
              [
                -71.80190757796308,
                44.778713444658166
              ],
              [
                -71.8018830057453,
                44.7787192283869
              ],
              [
                -71.80186872818456,
                44.778719150106234
              ],
              [
                -71.80185230285697,
                44.77871906049372
              ],
              [
                -71.80179310482438,
                44.77871428367866
              ],
              [
                -71.80176464285613,
                44.778696648918086
              ],
              [
                -71.80174436408912,
                44.77868050852295
              ],
              [
                -71.80172387506731,
                44.778681813186815
              ],
              [
                -71.80172176714062,
                44.778699252045676
              ],
              [
                -71.80171331873709,
                44.77870802120149
              ],
              [
                -71.8016808450076,
                44.77869900362325
              ],
              [
                -71.80165614948721,
                44.77870327561828
              ],
              [
                -71.801625368837,
                44.77871029288463
              ],
              [
                -71.8016191336002,
                44.77872339418435
              ],
              [
                -71.80161071258495,
                44.778740789934865
              ],
              [
                -71.80159007403117,
                44.77875533477877
              ],
              [
                -71.80156347383894,
                44.77876101784635
              ],
              [
                -71.80153077555205,
                44.77875784009862
              ],
              [
                -71.80150635378028,
                44.77874024258253
              ],
              [
                -71.80149013039296,
                44.77873430210778
              ],
              [
                -71.80147799830691,
                44.77872405094053
              ],
              [
                -71.80151315460206,
                44.778700877587006
              ],
              [
                -71.80153360789343,
                44.77869226735971
              ],
              [
                -71.80155607016684,
                44.77869392196845
              ],
              [
                -71.80158274084415,
                44.77869266053896
              ],
              [
                -71.80160744350847,
                44.77867668631267
              ],
              [
                -71.80162208332167,
                44.77864618916201
              ],
              [
                -71.80163856569509,
                44.77863179707654
              ],
              [
                -71.80165517117649,
                44.77862605827358
              ],
              [
                -71.80165134511391,
                44.77859840976732
              ],
              [
                -71.8016329555654,
                44.77859388150711
              ],
              [
                -71.80160449242003,
                44.77857624849886
              ],
              [
                -71.80157203472314,
                44.77856444129961
              ],
              [
                -71.80157020339524,
                44.77853807744724
              ],
              [
                -71.80154593806023,
                44.778517571521085
              ],
              [
                -71.80152153881674,
                44.7785086977696
              ],
              [
                -71.80150160558232,
                44.77850624601343
              ],
              [
                -71.80148950375042,
                44.77850365407543
              ],
              [
                -71.80147792305914,
                44.778500070035086
              ],
              [
                -71.80147314792477,
                44.778498329219076
              ],
              [
                -71.80145874004752,
                44.77849743208155
              ],
              [
                -71.80139971384676,
                44.778499487249455
              ],
              [
                -71.8013610747489,
                44.77851905676332
              ],
              [
                -71.801336692289,
                44.778528909080606
              ],
              [
                -71.80127377047916,
                44.778560740517634
              ],
              [
                -71.80123495997933,
                44.7785950375924
              ],
              [
                -71.80123808894311,
                44.77862746031275
              ],
              [
                -71.80125878851152,
                44.778639915585146
              ],
              [
                -71.80124478389234,
                44.77865963488191
              ],
              [
                -71.80122681033274,
                44.77869425922178
              ],
              [
                -71.80119572272997,
                44.77868408821689
              ],
              [
                -71.80117279885971,
                44.7786880217872
              ],
              [
                -71.80115380239964,
                44.778691281964335
              ],
              [
                -71.80104891727538,
                44.77873520489742
              ],
              [
                -71.80104867112249,
                44.778755083966566
              ],
              [
                -71.80103806955667,
                44.77876490807474
              ],
              [
                -71.80101015822602,
                44.77877464153459
              ],
              [
                -71.80099266122528,
                44.77877949288549
              ],
              [
                -71.8009787356871,
                44.77879181006147
              ],
              [
                -71.8009367898443,
                44.77881377901959
              ],
              [
                -71.80089819650317,
                44.77882847930069
              ],
              [
                -71.80089792467192,
                44.77885079603916
              ],
              [
                -71.80085611979561,
                44.778860449808626
              ],
              [
                -71.8008003349484,
                44.778865045127944
              ],
              [
                -71.80078970576814,
                44.77888730655192
              ],
              [
                -71.8007893453825,
                44.7789071165282
              ],
              [
                -71.80078559368415,
                44.77893426601703
              ],
              [
                -71.80075412082363,
                44.77894648382757
              ],
              [
                -71.80072972372834,
                44.778958676562915
              ],
              [
                -71.80068775798465,
                44.778980810888505
              ],
              [
                -71.80062838670709,
                44.778990266115834
              ],
              [
                -71.80062856352937,
                44.77897551424996
              ],
              [
                -71.80059414467395,
                44.778948026617016
              ],
              [
                -71.80054891523444,
                44.77894766861894
              ],
              [
                -71.80047936003136,
                44.778942290448235
              ],
              [
                -71.80046197828342,
                44.778949726934385
              ],
              [
                -71.80037121090064,
                44.77897392893646
              ],
              [
                -71.80027036116257,
                44.77897582628051
              ],
              [
                -71.80020099275846,
                44.778955506257304
              ],
              [
                -71.8000759159773,
                44.77894484445922
              ],
              [
                -71.80002714544383,
                44.778944451053164
              ],
              [
                -71.80000953830523,
                44.77894439442742
              ],
              [
                -71.79998886355087,
                44.77894432889469
              ],
              [
                -71.79988793612208,
                44.77895359919949
              ],
              [
                -71.79981116012611,
                44.778970493856775
              ],
              [
                -71.7997382168059,
                44.77896267103281
              ],
              [
                -71.79968610260664,
                44.77895730123308
              ],
              [
                -71.79962343911177,
                44.77896681584026
              ],
              [
                -71.79955710284003,
                44.77897882400495
              ],
              [
                -71.79951140448804,
                44.77898830041877
              ],
              [
                -71.79945246957074,
                44.77900052220175
              ],
              [
                -71.79940718176648,
                44.77900509214172
              ],
              [
                -71.79939394019588,
                44.77900302843
              ],
              [
                -71.79934109925394,
                44.77900467772826
              ],
              [
                -71.79929204111856,
                44.77903913174278
              ],
              [
                -71.79924989582413,
                44.779066136492496
              ],
              [
                -71.7991385583229,
                44.77906788119264
              ],
              [
                -71.79904816511653,
                44.779072270456965
              ],
              [
                -71.79897840342565,
                44.779084268959224
              ],
              [
                -71.79891193731379,
                44.779106253134856
              ],
              [
                -71.79887539716994,
                44.77911285274433
              ],
              [
                -71.79884582900975,
                44.77911819119346
              ],
              [
                -71.7987933641763,
                44.77913270390748
              ],
              [
                -71.79870645582643,
                44.77912965773321
              ],
              [
                -71.79866135933543,
                44.77912936999603
              ],
              [
                -71.79865799639789,
                44.779114512704496
              ],
              [
                -71.79865840165482,
                44.779082289800954
              ],
              [
                -71.79865858136469,
                44.779067445266534
              ],
              [
                -71.79860661010099,
                44.77904985252037
              ],
              [
                -71.79859608840792,
                44.77905220592818
              ],
              [
                -71.79855430112435,
                44.77905942383519
              ],
              [
                -71.79853331227109,
                44.77907162623607
              ],
              [
                -71.79847754063132,
                44.77907624659863
              ],
              [
                -71.79848056554427,
                44.779108476174066
              ],
              [
                -71.7985154211863,
                44.77910868578046
              ],
              [
                -71.79852239006902,
                44.77911863827711
              ],
              [
                -71.79850467474468,
                44.779130850881096
              ],
              [
                -71.79846635861202,
                44.77913323332136
              ],
              [
                -71.79840017130915,
                44.7791427121119
              ],
              [
                -71.79834796027389,
                44.779144812970166
              ],
              [
                -71.79833431609576,
                44.779124874662934
              ],
              [
                -71.79835536533129,
                44.77911760231784
              ],
              [
                -71.7983347416005,
                44.77908786532088
              ],
              [
                -71.7982723375155,
                44.77907749840602
              ],
              [
                -71.79823736598269,
                44.779084667187185
              ],
              [
                -71.79817801108629,
                44.77910409662417
              ],
              [
                -71.79811211618006,
                44.779088918905195
              ],
              [
                -71.79808914470843,
                44.77909226662906
              ],
              [
                -71.79806338106789,
                44.77909602103895
              ],
              [
                -71.79802835985447,
                44.779108225286926
              ],
              [
                -71.79800380444384,
                44.77913280447938
              ],
              [
                -71.79801743880462,
                44.77915521208926
              ]
            ]
          ]
        ]
      }
    }
  ]
}