{"type": "FeatureCollection", "features": [{"type": "Feature", "id": 1, "geometry": {"type": "MultiPolygon", "coordinates": [[[[-73.1736049994836, 44.182763700253034, 0.0], [-73.17370649992453, 44.183124400022145, 0.0], [-73.17405620557773, 44.183508993585185, 0.0], [-73.17458829994511, 44.183817899802875, 0.0], [-73.17431280010206, 44.18388920014609, 0.0], [-73.17413170049102, 44.18388000008382, 0.0], [-73.17328569955507, 44.1835187996401, 0.0], [-73.17228090008285, 44.183560400191396, 0.0], [-73.17182100014794, 44.183427299643455, 0.0], [-73.17170430017559, 44.183370399887394, 0.0], [-73.17156980009685, 44.18313299960153, 0.0], [-73.1715039997419, 44.18280450040824, 0.0], [-73.17157279734076, 44.18250279743161, 0.0], [-73.1724391002638, 44.18131340030703, 0.0], [-73.17248189983734, 44.180578800265366, 0.0], [-73.17258249993401, 44.180277900241585, 0.0], [-73.17278679997226, 44.178966999721716, 0.0], [-73.17270029938176, 44.17860979971508, 0.0], [-73.17255630017077, 44.178426699809684, 0.0], [-73.17217009950511, 44.17848089976481, 0.0], [-73.17189809963959, 44.178450800333025, 0.0], [-73.17163450035814, 44.17802279992486, 0.0], [-73.17135400016349, 44.1777866003437, 0.0], [-73.17081939938717, 44.17799759967516, 0.0], [-73.17063759982354, 44.17795590031564, 0.0], [-73.17059729974022, 44.17763810001471, 0.0], [-73.17045640016836, 44.177350100323565, 0.0], [-73.16963089975829, 44.17698869984086, 0.0], [-73.16903579938831, 44.176581699676355, 0.0], [-73.16871330059352, 44.17623039995094, 0.0], [-73.16855040059342, 44.1758159002365, 0.0], [-73.16905480058206, 44.17590899992667, 0.0], [-73.16928559992739, 44.17589610015217, 0.0], [-73.17143720045604, 44.175583699912536, 0.0], [-73.17242160050348, 44.17520230020055, 0.0], [-73.17308809940974, 44.17477310025859, 0.0], [-73.1731969004329, 44.17557499959133, 0.0], [-73.17302449965764, 44.1769796000766, 0.0], [-73.173162600216, 44.17949880025856, 0.0], [-73.17344820032663, 44.180931699999135, 0.0], [-73.17350479950576, 44.182196899837244, 0.0], [-73.1736049994836, 44.182763700253034, 0.0]]], [[[-73.16093649988726, 44.18444390043784, 0.0], [-73.16032680057836, 44.184966600296484, 0.0], [-73.1600591995798, 44.185822300437145, 0.0], [-73.16000210040704, 44.18630750008734, 0.0], [-73.16005390045812, 44.18640099975286, 0.0], [-73.16042199974662, 44.18645919964815, 0.0], [-73.16056149993204, 44.186392899778404, 0.0], [-73.16106890022412, 44.186355800063126, 0.0], [-73.16114000048037, 44.186387700102074, 0.0], [-73.16161699967962, 44.18696189983589, 0.0], [-73.16198189972653, 44.18711790002916, 0.0], [-73.16217560035072, 44.18728610004238, 0.0], [-73.16229459939153, 44.1877877000501, 0.0], [-73.16244290041583, 44.18793809995713, 0.0], [-73.16255409938195, 44.188266300297435, 0.0], [-73.16249190041425, 44.18875140005933, 0.0], [-73.16233620060521, 44.18906009998602, 0.0], [-73.16212469984336, 44.18874030000904, 0.0], [-73.16150310031126, 44.18827930035045, 0.0], [-73.16010710013818, 44.187492700078195, 0.0], [-73.15970910048702, 44.18712740028212, 0.0], [-73.15891879939736, 44.18678009981222, 0.0], [-73.1592108997411, 44.18650980033294, 0.0], [-73.15942989961029, 44.18606669974912, 0.0], [-73.1594807997066, 44.185509599789626, 0.0], [-73.15975919985013, 44.18471510015093, 0.0], [-73.16020839966806, 44.1842083995567, 0.0], [-73.16059450005176, 44.18353590007848, 0.0], [-73.16104300031765, 44.182993099654965, 0.0], [-73.1611468998323, 44.182883600201656, 0.0], [-73.16177009971138, 44.18258880007121, 0.0], [-73.16194759973544, 44.18266300024878, 0.0], [-73.16191290034836, 44.1829815997255, 0.0], [-73.16166419965506, 44.18346480008781, 0.0], [-73.16149230021415, 44.183715799968105, 0.0], [-73.16113120005961, 44.18406619996492, 0.0], [-73.16093649988726, 44.18444390043784, 0.0]]], [[[-73.16631250032091, 44.18447159977211, 0.0], [-73.16616549954556, 44.18471150040111, 0.0], [-73.16624260010096, 44.185101499722585, 0.0], [-73.16648179990833, 44.185272900192736, 0.0], [-73.16660299959864, 44.185307900203576, 0.0], [-73.1669336995877, 44.18524699981654, 0.0], [-73.16722819974717, 44.18512139978785, 0.0], [-73.16760530040311, 44.18480700016666, 0.0], [-73.16790469987036, 44.18466689968076, 0.0], [-73.16815610046461, 44.18467560035364, 0.0], [-73.16823899941242, 44.18481590031734, 0.0], [-73.16821630052986, 44.18494989971316, 0.0], [-73.16785469946619, 44.18529659964129, 0.0], [-73.16776339965756, 44.18555059990623, 0.0], [-73.16781219943067, 44.1857489995591, 0.0], [-73.16813329958568, 44.186013599695094, 0.0], [-73.16867049971131, 44.18596180024999, 0.0], [-73.16945209987789, 44.185777499576226, 0.0], [-73.16978480036762, 44.18553939960508, 0.0], [-73.17009039993205, 44.18546790034293, 0.0], [-73.17043340003138, 44.18552269984013, 0.0], [-73.17100560027407, 44.18576349996895, 0.0], [-73.17104230056637, 44.185857200345595, 0.0], [-73.17056960053986, 44.18615790039233, 0.0], [-73.16971819979655, 44.18693949967723, 0.0], [-73.1691210998477, 44.18792130038746, 0.0], [-73.16884020049135, 44.18827459996766, 0.0], [-73.1685572004482, 44.188483299599675, 0.0], [-73.16839110007045, 44.188488299930135, 0.0], [-73.16695219983474, 44.18812890038722, 0.0], [-73.16632469942948, 44.18791050012033, 0.0], [-73.16532660048902, 44.187756700432246, 0.0], [-73.16458700006595, 44.18774529981637, 0.0], [-73.16422199955676, 44.187853400295424, 0.0], [-73.16394370054049, 44.188062199782316, 0.0], [-73.16400739978774, 44.18796029969137, 0.0], [-73.16381150049814, 44.18768000002506, 0.0], [-73.16372890039703, 44.18724320011721, 0.0], [-73.16330910060499, 44.18710230036131, 0.0], [-73.16318679946804, 44.18700569972623, 0.0], [-73.1631237998081, 44.18685799970196, 0.0], [-73.16327379968165, 44.18650229990938, 0.0], [-73.16324399962974, 44.186216900114545, 0.0], [-73.16333339945386, 44.18586169962497, 0.0], [-73.16335470022443, 44.185908599614464, 0.0], [-73.16337840016075, 44.185832400071924, 0.0], [-73.16377069978853, 44.18554320025209, 0.0], [-73.1638394002006, 44.18542330011166, 0.0], [-73.16379119996303, 44.18405670009294, 0.0], [-73.16414189990473, 44.18368470014304, 0.0], [-73.16449599998677, 44.18350800014617, 0.0], [-73.1649262994826, 44.183374000276956, 0.0], [-73.16543820043167, 44.183329500210036, 0.0], [-73.16619350002638, 44.18338059965101, 0.0], [-73.16639639980555, 44.183490800165835, 0.0], [-73.16645959982758, 44.183652999776086, 0.0], [-73.16642340037431, 44.18390650027452, 0.0], [-73.16629739982201, 44.18417529973259, 0.0], [-73.16631250032091, 44.18447159977211, 0.0]]], [[[-73.16495770042201, 44.19544430011816, 0.0], [-73.16485109949753, 44.19569490012165, 0.0], [-73.164451299879, 44.19584670026228, 0.0], [-73.16421859941305, 44.19576910007506, 0.0], [-73.16368549939163, 44.195466700384806, 0.0], [-73.1634375005044, 44.19506750028748, 0.0], [-73.16305420003836, 44.19410540021776, 0.0], [-73.16283029989208, 44.19334440024874, 0.0], [-73.16255699980356, 44.192960000340705, 0.0], [-73.16254699967344, 44.19265650042648, 0.0], [-73.16263809947127, 44.192380699912235, 0.0], [-73.16278639954257, 44.19222029999163, 0.0], [-73.16298199956383, 44.19220040015761, 0.0], [-73.16311409968937, 44.192271600296024, 0.0], [-73.16335330020497, 44.19243579996603, 0.0], [-73.16358439962848, 44.19272280044305, 0.0], [-73.16390100032882, 44.193316699916586, 0.0], [-73.1642692998078, 44.19429329965324, 0.0], [-73.16492370024899, 44.19523120029143, 0.0], [-73.16495770042201, 44.19544430011816, 0.0]]], [[[-73.17133659966753, 44.202998600084705, 0.0], [-73.17087909963504, 44.20419979972858, 0.0], [-73.17068250001537, 44.204480000246285, 0.0], [-73.17053819970147, 44.204582500212794, 0.0], [-73.17035280026528, 44.2046058999548, 0.0], [-73.17005440054457, 44.20422170025904, 0.0], [-73.1699508994042, 44.20285569990746, 0.0], [-73.16976960046968, 44.20224620039222, 0.0], [-73.16976009939155, 44.20198589997626, 0.0], [-73.1698253004998, 44.20167440034574, 0.0], [-73.17027269961422, 44.20106630008784, 0.0], [-73.17058850021107, 44.200401699771405, 0.0], [-73.1707171000069, 44.200255999654026, 0.0], [-73.17093220033759, 44.2001961003882, 0.0], [-73.17110379947653, 44.20023080040008, 0.0], [-73.1712947004519, 44.20051839991085, 0.0], [-73.1714586999211, 44.201290699869894, 0.0], [-73.17174509965429, 44.201855899628995, 0.0], [-73.17175319960215, 44.2020583001071, 0.0], [-73.17159119959314, 44.2025912003131, 0.0], [-73.17133659966753, 44.202998600084705, 0.0]]], [[[-73.17443560008165, 44.206886699847665, 0.0], [-73.17421220030371, 44.20735169987886, 0.0], [-73.17400200055953, 44.20832630028911, 0.0], [-73.17384949970933, 44.208533800396836, 0.0], [-73.17347819972838, 44.20857689990752, 0.0], [-73.17322160022559, 44.208568400058134, 0.0], [-73.17301249981078, 44.20840400011491, 0.0], [-73.17272139982767, 44.20756409959011, 0.0], [-73.17270270011588, 44.20705429960827, 0.0], [-73.17289960021003, 44.206184599596455, 0.0], [-73.17355880007396, 44.205017900338646, 0.0], [-73.17418540054045, 44.20459630044839, 0.0], [-73.17485370007692, 44.204261199798296, 0.0], [-73.17534620007987, 44.204216899637565, 0.0], [-73.17551529947883, 44.20439989985557, 0.0], [-73.17556429938715, 44.20462360023869, 0.0], [-73.17520760053307, 44.20494869986487, 0.0], [-73.1748257995066, 44.20558139992977, 0.0], [-73.1746568998753, 44.20599150005045, 0.0], [-73.17443560008165, 44.206886699847665, 0.0]]], [[[-73.15654010019607, 44.23017160005249, 0.0], [-73.15627459997667, 44.23025310015599, 0.0], [-73.15610465520245, 44.23022477916546, 0.0], [-73.15559290000274, 44.23012060021893, 0.0], [-73.15527829579038, 44.2298601046864, 0.0], [-73.15463989994397, 44.22932139972747, 0.0], [-73.15465639077574, 44.22904793291259, 0.0], [-73.15475140010125, 44.22830819986265, 0.0], [-73.15468909998333, 44.22815679960284, 0.0], [-73.15490000014117, 44.228129899713664, 0.0], [-73.1558695003367, 44.22867599961241, 0.0], [-73.1562216003894, 44.22899880015247, 0.0], [-73.15628391372832, 44.229132143973445, 0.0], [-73.1565874002468, 44.229571000331305, 0.0], [-73.15664769992351, 44.229932200242985, 0.0], [-73.15654010019607, 44.23017160005249, 0.0]]], [[[-73.16167199991702, 44.23942220022619, 0.0], [-73.16155459985067, 44.239658099896474, 0.0], [-73.16116199948631, 44.24002979994716, 0.0], [-73.1610900004757, 44.24026900026339, 0.0], [-73.16112469996743, 44.24060499994919, 0.0], [-73.16096290001609, 44.24090270038672, 0.0], [-73.16088960012186, 44.24141669996698, 0.0], [-73.16097169994998, 44.24151010039894, 0.0], [-73.16144119987918, 44.241589699748104, 0.0], [-73.16227830057177, 44.24133030008363, 0.0], [-73.1629540003841, 44.24102520026336, 0.0], [-73.16332150023631, 44.240997099622625, 0.0], [-73.16359029983388, 44.24114690032318, 0.0], [-73.16390120045708, 44.24175570005393, 0.0], [-73.16395576415243, 44.24205310815663, 0.0], [-73.16398614460512, 44.24232256471658, 0.0], [-73.16398227343767, 44.242396677427735, 0.0], [-73.16392449991152, 44.24267760005449, 0.0], [-73.16378219978728, 44.24293530019148, 0.0], [-73.16330279954214, 44.24328199992584, 0.0], [-73.16273829994905, 44.24288789970937, 0.0], [-73.1623582995105, 44.242795799919406, 0.0], [-73.15951230022046, 44.243214100174555, 0.0], [-73.15912149952236, 44.24283630016121, 0.0], [-73.1590740003176, 44.24267760031578, 0.0], [-73.15910802455949, 44.242327217873964, 0.0], [-73.15924400018159, 44.241862799687524, 0.0], [-73.15943549950278, 44.241521399895134, 0.0], [-73.15977320010757, 44.241182599666026, 0.0], [-73.15994419814763, 44.240685097376414, 0.0], [-73.16006300874974, 44.240254480732375, 0.0], [-73.16005899973206, 44.23966199975837, 0.0], [-73.15983950052446, 44.2383980996591, 0.0], [-73.1598324994019, 44.23826439981336, 0.0], [-73.15977239984339, 44.23792489956861, 0.0], [-73.16019634880305, 44.23805465507861, 0.0], [-73.16024689660551, 44.23807711541848, 0.0], [-73.16080019894675, 44.23836840423061, 0.0], [-73.16128339957199, 44.23864409987501, 0.0], [-73.16164850027499, 44.23917650042325, 0.0], [-73.16167199991702, 44.23942220022619, 0.0]]], [[[-73.16184709999904, 44.24298830025034, 0.0], [-73.16234150029275, 44.24293309974114, 0.0], [-73.16266630050141, 44.24302139969844, 0.0], [-73.16183020059538, 44.24322709975502, 0.0], [-73.16184709999904, 44.24298830025034, 0.0]]], [[[-73.16112379963275, 44.2433565003427, 0.0], [-73.16027250010777, 44.2433591004047, 0.0], [-73.15974800039271, 44.24330660014193, 0.0], [-73.16166770062242, 44.24300740039825, 0.0], [-73.16164820055027, 44.24327169975749, 0.0], [-73.16112379963275, 44.2433565003427, 0.0]]], [[[-73.1705297003657, 44.24702110021436, 0.0], [-73.1714776002501, 44.24742260043039, 0.0], [-73.17296169941879, 44.24835139989988, 0.0], [-73.173461200584, 44.2487526002679, 0.0], [-73.17378590003189, 44.24891280015835, 0.0], [-73.17490010033492, 44.25037600018717, 0.0], [-73.1751445004134, 44.250565800277045, 0.0], [-73.17567040017092, 44.25070279995058, 0.0], [-73.17587179947188, 44.25069400005032, 0.0], [-73.17608699961198, 44.25058749979249, 0.0], [-73.17607839979907, 44.250356199575045, 0.0], [-73.17711990002101, 44.25131640040332, 0.0], [-73.17679089950869, 44.25154409973517, 0.0], [-73.17634999953368, 44.251717299946826, 0.0], [-73.17548679973031, 44.251929900204075, 0.0], [-73.17511589972405, 44.25207009965189, 0.0], [-73.17486559937588, 44.25218049985534, 0.0], [-73.17470679998767, 44.252358799981124, 0.0], [-73.17468950004516, 44.25289410043258, 0.0], [-73.1751596001357, 44.25370049968171, 0.0], [-73.17554699983248, 44.25400850031958, 0.0], [-73.17561399990657, 44.25411639970626, 0.0], [-73.17554930055044, 44.25417490044036, 0.0], [-73.17522230034827, 44.254216999998455, 0.0], [-73.17472269980793, 44.2541630003809, 0.0], [-73.17391240012903, 44.253854500250526, 0.0], [-73.17356640021862, 44.25361129969588, 0.0], [-73.17325969989481, 44.253306299636535, 0.0], [-73.17250160045663, 44.25209699990555, 0.0], [-73.17235679998643, 44.2514798997306, 0.0], [-73.17240670001557, 44.25108539963613, 0.0], [-73.17249930058684, 44.25086409979574, 0.0], [-73.17292050049701, 44.25039809990297, 0.0], [-73.1731019002466, 44.250046100330074, 0.0], [-73.17298079994013, 44.24968180009536, 0.0], [-73.17263290061072, 44.24930130016858, 0.0], [-73.17229120028976, 44.24901460019878, 0.0], [-73.17126690007684, 44.24854139977848, 0.0], [-73.1695024999195, 44.24810990020327, 0.0], [-73.1680255997028, 44.24733270024896, 0.0], [-73.16676980046357, 44.24650690023772, 0.0], [-73.16646340057255, 44.2462272997811, 0.0], [-73.16608279973931, 44.24564939996931, 0.0], [-73.16612859962129, 44.24567050028575, 0.0], [-73.16643660045939, 44.24586220003379, 0.0], [-73.16700059939889, 44.24605869981683, 0.0], [-73.16807290028086, 44.24621580016153, 0.0], [-73.1688516998249, 44.24661789979603, 0.0], [-73.1705297003657, 44.24702110021436, 0.0]]], [[[-73.17726120061744, 44.25122350000635, 0.0], [-73.17578409980663, 44.24987650024757, 0.0], [-73.17582670060001, 44.24966390018644, 0.0], [-73.17635719989325, 44.24941759961119, 0.0], [-73.17679060010356, 44.249436000402206, 0.0], [-73.17735409952483, 44.24974990041328, 0.0], [-73.17761580020036, 44.25008779985477, 0.0], [-73.17781919940111, 44.250556399799954, 0.0], [-73.17768210012406, 44.25081770035353, 0.0], [-73.17726120061744, 44.25122350000635, 0.0]]], [[[-73.15938139951137, 44.25369579992981, 0.0], [-73.15883360054072, 44.25435140038632, 0.0], [-73.15899129989067, 44.25117829980326, 0.0], [-73.15999579978539, 44.249951000085865, 0.0], [-73.16088819999506, 44.248599000290326, 0.0], [-73.16102650059679, 44.24892170043295, 0.0], [-73.1610673999381, 44.24932279995316, 0.0], [-73.16100639938426, 44.25033560025867, 0.0], [-73.16058510052163, 44.25261670014831, 0.0], [-73.16027299970531, 44.25298049963924, 0.0], [-73.15938139951137, 44.25369579992981, 0.0]]], [[[-73.18084000062281, 44.256329299819065, 0.0], [-73.18109300008147, 44.25641409975134, 0.0], [-73.18134350012315, 44.25631459975658, 0.0], [-73.18156270014401, 44.25615030015242, 0.0], [-73.18175480038768, 44.25584149983575, 0.0], [-73.18196790014849, 44.25491790028278, 0.0], [-73.18238319943387, 44.254722999673824, 0.0], [-73.18329860024909, 44.254969100198586, 0.0], [-73.18405780011524, 44.25554200029364, 0.0], [-73.18475420055856, 44.25597419975162, 0.0], [-73.18511479947847, 44.25639689960836, 0.0], [-73.18058119960685, 44.25695399955613, 0.0], [-73.180445299611, 44.25632149988467, 0.0], [-73.18084000062281, 44.256329299819065, 0.0]]], [[[-73.17444010030327, 44.26196730040692, 0.0], [-73.1740898000684, 44.26229939979624, 0.0], [-73.17350699945506, 44.2624726997548, 0.0], [-73.17260869977534, 44.262875500319836, 0.0], [-73.17234249941401, 44.26293109955527, 0.0], [-73.17249800035884, 44.262322399855705, 0.0], [-73.17236120004036, 44.261922000379705, 0.0], [-73.17210580034927, 44.2616961000429, 0.0], [-73.1714627996811, 44.26145870038913, 0.0], [-73.17149449994169, 44.2612162996973, 0.0], [-73.17162379993535, 44.26108869993495, 0.0], [-73.1725527996839, 44.26053570044556, 0.0], [-73.17335480056188, 44.25989330002416, 0.0], [-73.17353260007319, 44.259664200379916, 0.0], [-73.17372790054837, 44.25921810015134, 0.0], [-73.17406420057348, 44.25878889992303, 0.0], [-73.17459769971555, 44.25770010034332, 0.0], [-73.17486439952276, 44.257347300335645, 0.0], [-73.17514390029945, 44.257150000099614, 0.0], [-73.1752896004856, 44.257123600103604, 0.0], [-73.17547749956638, 44.25723060023268, 0.0], [-73.17585430026533, 44.25783879955521, 0.0], [-73.17593929938519, 44.25849630031572, 0.0], [-73.17585190001166, 44.25906799997311, 0.0], [-73.17614250026466, 44.25966930039149, 0.0], [-73.1758825001322, 44.25986830016655, 0.0], [-73.17444010030327, 44.26196730040692, 0.0]], [[-73.1748900001728, 44.25764000010163, 0.0], [-73.1747899999994, 44.25794999972459, 0.0], [-73.17483999981205, 44.258139999847465, 0.0], [-73.17525999951114, 44.25814999964637, 0.0], [-73.17525999945671, 44.25782000015565, 0.0], [-73.175189999974, 44.25762999962536, 0.0], [-73.1748900001728, 44.25764000010163, 0.0]]], [[[-73.15052739944414, 44.18608529963328, 0.0], [-73.15071580029291, 44.1855082002317, 0.0], [-73.15080420057656, 44.18537370043233, 0.0], [-73.15108280007598, 44.18518310017687, 0.0], [-73.15098340014411, 44.18464159958713, 0.0], [-73.15108359958543, 44.184333299614856, 0.0], [-73.15150890000439, 44.18419940038764, 0.0], [-73.15180689985037, 44.18428720019011, 0.0], [-73.15200639999267, 44.18447679976787, 0.0], [-73.15214190035258, 44.18474370019432, 0.0], [-73.15171850008366, 44.185134400079605, 0.0], [-73.15154000010577, 44.185446399744876, 0.0], [-73.15052739944414, 44.18608529963328, 0.0]]], [[[-73.15218510008849, 44.18859780012825, 0.0], [-73.15204269982986, 44.18880149991014, 0.0], [-73.15181369957247, 44.18894089967789, 0.0], [-73.15153209946003, 44.188932599889775, 0.0], [-73.1512686994868, 44.188830099734716, 0.0], [-73.15117219944385, 44.18875870002394, 0.0], [-73.15107780040613, 44.18853170041408, 0.0], [-73.15106660059371, 44.18786629963363, 0.0], [-73.1513668003353, 44.186554699769744, 0.0], [-73.15124460060278, 44.18614349987549, 0.0], [-73.15100079962153, 44.18600060007542, 0.0], [-73.1517200998858, 44.18552819958524, 0.0], [-73.15190509954101, 44.18520670003532, 0.0], [-73.15222570025082, 44.18490879963175, 0.0], [-73.15232110026307, 44.185258800039655, 0.0], [-73.15220629987559, 44.18623249988212, 0.0], [-73.15245420053013, 44.186628100409465, 0.0], [-73.15249460024488, 44.186927899943456, 0.0], [-73.15236590009503, 44.187656000224756, 0.0], [-73.15218850016002, 44.188196299866576, 0.0], [-73.15218510008849, 44.18859780012825, 0.0]]], [[[-73.1543766002249, 44.22211900025998, 0.0], [-73.15464649948596, 44.22311070025211, 0.0], [-73.15466912323285, 44.22386458795383, 0.0], [-73.15468659985508, 44.22451129962696, 0.0], [-73.15479233638995, 44.225138127749496, 0.0], [-73.15476948261716, 44.22541372370779, 0.0], [-73.15467310046976, 44.225725099707425, 0.0], [-73.15420050020296, 44.224549200161626, 0.0], [-73.15399040034374, 44.22344810030691, 0.0], [-73.15374080019349, 44.22279929980793, 0.0], [-73.15359211060013, 44.22209255263808, 0.0], [-73.15334570433826, 44.22038964164493, 0.0], [-73.15343360046559, 44.2196541000008, 0.0], [-73.15455949947295, 44.218616599557144, 0.0], [-73.15479630000796, 44.218289199689, 0.0], [-73.15480774057623, 44.21832962542107, 0.0], [-73.15480962648475, 44.218336288013575, 0.0], [-73.15483699627073, 44.218389451744784, 0.0], [-73.15496170053035, 44.21873630004468, 0.0], [-73.15499129948998, 44.21932959962691, 0.0], [-73.15434939975867, 44.22107679992565, 0.0], [-73.1543766002249, 44.22211900025998, 0.0]]], [[[-73.14286889962918, 44.23601360025787, 0.0], [-73.14304480029968, 44.23596899966132, 0.0], [-73.14320329963809, 44.236148500144004, 0.0], [-73.14319750014721, 44.236512100298, 0.0], [-73.14294980019325, 44.23646910032061, 0.0], [-73.14265969995697, 44.23633220001236, 0.0], [-73.14270519943209, 44.23618120027822, 0.0], [-73.14286889962918, 44.23601360025787, 0.0]]], [[[-73.15575889959554, 44.24009510019134, 0.0], [-73.1549466996684, 44.24017050034329, 0.0], [-73.15481889951239, 44.24003169957306, 0.0], [-73.15450820037469, 44.23981639967221, 0.0], [-73.15399739957454, 44.23962370032396, 0.0], [-73.15224960061953, 44.23907740006903, 0.0], [-73.15047699992266, 44.23850430022538, 0.0], [-73.15148450041706, 44.238072999551235, 0.0], [-73.1523459005, 44.237007199624756, 0.0], [-73.15260120018092, 44.2368933000891, 0.0], [-73.15298499960453, 44.23660840022451, 0.0], [-73.15384539950315, 44.236558799849654, 0.0], [-73.15434849990744, 44.23687680027567, 0.0], [-73.1547431002094, 44.23735840030335, 0.0], [-73.15523270047429, 44.23885520003708, 0.0], [-73.15599640031515, 44.23981490004604, 0.0], [-73.15599807680438, 44.23991676855499, 0.0], [-73.15590420044842, 44.24003969998096, 0.0], [-73.15575889959554, 44.24009510019134, 0.0]]], [[[-73.14198600057341, 44.24061920023169, 0.0], [-73.14189007348973, 44.24144276155062, 0.0], [-73.14206697144566, 44.24223568225466, 0.0], [-73.14206999999514, 44.24226469959101, 0.0], [-73.14201069654801, 44.24229469275534, 0.0], [-73.14195972259901, 44.24232046585644, 0.0], [-73.14179770024799, 44.24240239996833, 0.0], [-73.14130779953682, 44.24259300037355, 0.0], [-73.14121169991859, 44.24252309996347, 0.0], [-73.14087890038974, 44.24177710038802, 0.0], [-73.14082399956696, 44.24072169996262, 0.0], [-73.14086590051227, 44.240468199639025, 0.0], [-73.14101459988954, 44.239932100079685, 0.0], [-73.14175110060367, 44.238549099762345, 0.0], [-73.14231930003777, 44.23706249960346, 0.0], [-73.14261569960107, 44.23648109972803, 0.0], [-73.14288160061676, 44.23660250001301, 0.0], [-73.14317430054918, 44.23664830042263, 0.0], [-73.14306079991361, 44.237509199967214, 0.0], [-73.1427627004017, 44.23814770003683, 0.0], [-73.1425156003301, 44.2391612002377, 0.0], [-73.14241940022231, 44.239462600440575, 0.0], [-73.14198600057341, 44.24061920023169, 0.0]]], [[[-73.1542623997324, 44.24040619988389, 0.0], [-73.15387128753994, 44.24062806228022, 0.0], [-73.15340869984207, 44.240958500299435, 0.0], [-73.15310649950564, 44.24130420034051, 0.0], [-73.15244601739177, 44.241647553678845, 0.0], [-73.15182035346334, 44.2419418984168, 0.0], [-73.15181778924163, 44.24194300742823, 0.0], [-73.15144129994326, 44.24217719957818, 0.0], [-73.1514239002343, 44.24236889982484, 0.0], [-73.15116959991555, 44.24254430028099, 0.0], [-73.15098439972718, 44.242990400204974, 0.0], [-73.15093859946958, 44.24333950003365, 0.0], [-73.15063859902418, 44.24344829725317, 0.0], [-73.15020319959895, 44.24354179975824, 0.0], [-73.14976649951264, 44.24354570029479, 0.0], [-73.14996081442668, 44.243248064826865, 0.0], [-73.15013339987426, 44.242985900422156, 0.0], [-73.15019489941507, 44.24235620028513, 0.0], [-73.14988980003297, 44.24143279959625, 0.0], [-73.14972185699074, 44.24119964317547, 0.0], [-73.14936710034344, 44.240793000441464, 0.0], [-73.14935930055645, 44.24057989990149, 0.0], [-73.14964789984171, 44.239608599605056, 0.0], [-73.14988499978993, 44.23929589980427, 0.0], [-73.15001630055568, 44.23896599990037, 0.0], [-73.150324600049, 44.238603600071094, 0.0], [-73.15391510011581, 44.23974759972303, 0.0], [-73.15440390048923, 44.239931999826396, 0.0], [-73.15466600015795, 44.24011410005695, 0.0], [-73.15476779965843, 44.24022480045211, 0.0], [-73.15475668006778, 44.2402280474301, 0.0], [-73.1542623997324, 44.24040619988389, 0.0]]], [[[-73.1502199998884, 44.244779999597164, 0.0], [-73.15054000028032, 44.24437000034392, 0.0], [-73.15050000005557, 44.24410000017571, 0.0], [-73.15054999961873, 44.2439600002893, 0.0], [-73.15048000032826, 44.2438000003573, 0.0], [-73.1506375001641, 44.24359689970425, 0.0], [-73.15093750038264, 44.24348789999531, 0.0], [-73.15099360058882, 44.244002600045874, 0.0], [-73.15075630009892, 44.24505300005087, 0.0], [-73.1506639998093, 44.24612099978157, 0.0], [-73.15034000062673, 44.245650000265016, 0.0], [-73.15015000062016, 44.244990000412876, 0.0], [-73.1502199998884, 44.244779999597164, 0.0]]], [[[-73.15003000038354, 44.24435999967757, 0.0], [-73.14976999963254, 44.24459999956789, 0.0], [-73.14958999951372, 44.24499000037183, 0.0], [-73.14969999978015, 44.245439999742096, 0.0], [-73.1496499996099, 44.24567999989941, 0.0], [-73.14971999964864, 44.245769999633694, 0.0], [-73.1497200005151, 44.246180000209186, 0.0], [-73.14984000049913, 44.246290000169104, 0.0], [-73.14983000012828, 44.24635000039764, 0.0], [-73.14959000059498, 44.24641999991185, 0.0], [-73.14919999955973, 44.24673999997358, 0.0], [-73.14898999967177, 44.246829999931606, 0.0], [-73.1488300003546, 44.24716999973053, 0.0], [-73.14837500043353, 44.2475283003692, 0.0], [-73.14954119964644, 44.2460199003655, 0.0], [-73.14944730062237, 44.24434680025281, 0.0], [-73.14969229982223, 44.2436794998102, 0.0], [-73.15011170025437, 44.24367960034043, 0.0], [-73.15000999979272, 44.24373000035024, 0.0], [-73.1499600002606, 44.24389000032697, 0.0], [-73.150029999654, 44.24401999964444, 0.0], [-73.14996000009415, 44.24411000025351, 0.0], [-73.15003000038354, 44.24435999967757, 0.0]]], [[[-73.14911669943179, 44.259961499901586, 0.0], [-73.14846360027194, 44.26153550036546, 0.0], [-73.14808699941509, 44.26198669985229, 0.0], [-73.14703790001613, 44.26299949984107, 0.0], [-73.14674109949421, 44.26337779975213, 0.0], [-73.14626999965137, 44.26463580019202, 0.0], [-73.14614751870769, 44.26521565430168, 0.0], [-73.14613880052148, 44.265275899653695, 0.0], [-73.14611285553796, 44.26527065913098, 0.0], [-73.14241930026289, 44.2645456996573, 0.0], [-73.14245290056712, 44.264063500410714, 0.0], [-73.14223789945675, 44.263114200153474, 0.0], [-73.14234600001714, 44.26218770004956, 0.0], [-73.14290039941463, 44.26109539991086, 0.0], [-73.14347299987381, 44.2595255997002, 0.0], [-73.14382359956053, 44.259020499943894, 0.0], [-73.14396399963574, 44.258618100272, 0.0], [-73.14398530018902, 44.258346699909644, 0.0], [-73.14385160040887, 44.25778000041476, 0.0], [-73.14385140009715, 44.257400400429184, 0.0], [-73.14407719958795, 44.25590190024521, 0.0], [-73.1443744000586, 44.25516210007583, 0.0], [-73.14445060044599, 44.25339710017862, 0.0], [-73.14438609986468, 44.253122699698935, 0.0], [-73.14458830051817, 44.25279219983395, 0.0], [-73.14474740014303, 44.25227399970879, 0.0], [-73.1454216001943, 44.25113019987282, 0.0], [-73.14620190016042, 44.2503868996476, 0.0], [-73.14708840040636, 44.248941399698076, 0.0], [-73.14809379974555, 44.247891699828116, 0.0], [-73.14758999988581, 44.2486800003757, 0.0], [-73.14767000047232, 44.24886000044141, 0.0], [-73.14744000018156, 44.24899999962833, 0.0], [-73.14740000045202, 44.249299999581474, 0.0], [-73.14753000023421, 44.249280000418345, 0.0], [-73.14761999992484, 44.24917000018374, 0.0], [-73.14780999943798, 44.24929000013426, 0.0], [-73.14773999987524, 44.24941999990765, 0.0], [-73.14759999956134, 44.24941000020346, 0.0], [-73.14761000010779, 44.24948999961383, 0.0], [-73.1479699999819, 44.24949999984984, 0.0], [-73.14822999953184, 44.24958000008861, 0.0], [-73.14835999991831, 44.24931999995656, 0.0], [-73.14867999962688, 44.24929000028503, 0.0], [-73.14883000017835, 44.24919999975152, 0.0], [-73.14889000033732, 44.24896999969347, 0.0], [-73.14886000035554, 44.24872000026102, 0.0], [-73.14896000011713, 44.248750000086986, 0.0], [-73.149129999925, 44.24870000043773, 0.0], [-73.14927000048114, 44.248539999728365, 0.0], [-73.14947000046193, 44.24846999974258, 0.0], [-73.14958999949151, 44.24848999990386, 0.0], [-73.14965999990017, 44.248620000237, 0.0], [-73.14970000027476, 44.2488199998741, 0.0], [-73.14959000045428, 44.24893999999254, 0.0], [-73.1497100004712, 44.2490899997403, 0.0], [-73.14988999997136, 44.249189999706545, 0.0], [-73.15031000055109, 44.2490099997583, 0.0], [-73.15045999984056, 44.24914000042096, 0.0], [-73.15068999940418, 44.24913000028093, 0.0], [-73.15095000008188, 44.24923999972952, 0.0], [-73.15097999980381, 44.249119999752246, 0.0], [-73.15112999950937, 44.24907000040734, 0.0], [-73.15127690057416, 44.24882160036759, 0.0], [-73.15204179939015, 44.24978009972533, 0.0], [-73.15232559966076, 44.250247999999424, 0.0], [-73.15262290039084, 44.25133789972728, 0.0], [-73.15238770007177, 44.2521531002894, 0.0], [-73.15208380037474, 44.25276280007169, 0.0], [-73.1518775004886, 44.25350540029892, 0.0], [-73.15178280062835, 44.25428360018513, 0.0], [-73.1519184995809, 44.255685299822794, 0.0], [-73.15218869959335, 44.25627269964504, 0.0], [-73.15344679950152, 44.25726129984664, 0.0], [-73.15386790041755, 44.25747890038858, 0.0], [-73.15435729994402, 44.257883899927855, 0.0], [-73.1546258005144, 44.25834469960686, 0.0], [-73.15485320039355, 44.25909139977615, 0.0], [-73.1550060000712, 44.25991469972806, 0.0], [-73.15519120038724, 44.26020619964111, 0.0], [-73.15537420060508, 44.26068569974749, 0.0], [-73.15560700001407, 44.26181210024939, 0.0], [-73.15514979966723, 44.26279460005512, 0.0], [-73.1548950000516, 44.25996249963552, 0.0], [-73.1510400454668, 44.26062532435517, 0.0], [-73.1510900996406, 44.26019299989575, 0.0], [-73.15094019949294, 44.25994450023273, 0.0], [-73.1505696002815, 44.25973400012133, 0.0], [-73.15007889958024, 44.25959660018841, 0.0], [-73.149781199738, 44.25957339964608, 0.0], [-73.14936380049727, 44.25962350007456, 0.0], [-73.14911669943179, 44.259961499901586, 0.0]]], [[[-73.13507720033022, 44.25716759978747, 0.0], [-73.13519399949364, 44.257260699580506, 0.0], [-73.13516779950344, 44.25755379984991, 0.0], [-73.13536603819352, 44.25797043699416, 0.0], [-73.13556360010091, 44.25847289969222, 0.0], [-73.13556579960213, 44.25864290011217, 0.0], [-73.13536401824555, 44.25899350582699, 0.0], [-73.13535545443423, 44.259115427938625, 0.0], [-73.13543074529258, 44.25935057906588, 0.0], [-73.13544179973997, 44.25939480021741, 0.0], [-73.13533050148457, 44.259382564874635, 0.0], [-73.13511340044829, 44.25935869959536, 0.0], [-73.13468349927469, 44.25930130600956, 0.0], [-73.13401009992394, 44.259158000431604, 0.0], [-73.13400860875868, 44.25915430078781, 0.0], [-73.13332399956592, 44.256073800149395, 0.0], [-73.13322859998273, 44.25611429989315, 0.0], [-73.13334819988326, 44.25599759956881, 0.0], [-73.13332740022229, 44.25595079977397, 0.0], [-73.13343558205425, 44.25594773128065, 0.0], [-73.13375490026354, 44.25589360012932, 0.0], [-73.13407925979054, 44.25600357956132, 0.0], [-73.13407930008182, 44.25600360003724, 0.0], [-73.13405999942194, 44.25600999983958, 0.0], [-73.13410999987856, 44.25656000042261, 0.0], [-73.13436999953296, 44.25669999964351, 0.0], [-73.13468450008924, 44.256466500333815, 0.0], [-73.13507720033022, 44.25716759978747, 0.0]]], [[[-73.13556469948587, 44.26002779997754, 0.0], [-73.13540955391609, 44.2601258915808, 0.0], [-73.13511910013965, 44.260229799557926, 0.0], [-73.13467660014476, 44.260269099708374, 0.0], [-73.13441739956652, 44.260111900012326, 0.0], [-73.1341155511334, 44.25962864943682, 0.0], [-73.13405480011897, 44.25931759968123, 0.0], [-73.13463499957857, 44.25944070077378, 0.0], [-73.13485049965064, 44.25948079980952, 0.0], [-73.13532049795339, 44.2595316329971, 0.0], [-73.1354856998419, 44.25954950025589, 0.0], [-73.13558819959589, 44.2598901000031, 0.0], [-73.13556469948587, 44.26002779997754, 0.0]]], [[[-73.15103029958635, 44.260626999865075, 0.0], [-73.1510400454668, 44.26062532435517, 0.0], [-73.15103571105324, 44.260662762140484, 0.0], [-73.15103029958635, 44.260626999865075, 0.0]]], [[[-73.15120720023317, 44.26179619980733, 0.0], [-73.15096860060063, 44.26124239980963, 0.0], [-73.15103571105324, 44.260662762140484, 0.0], [-73.15120720023317, 44.26179619980733, 0.0]]], [[[-73.14509240038808, 44.26728749997975, 0.0], [-73.14466869950996, 44.267594200183694, 0.0], [-73.14432130000415, 44.26799809998444, 0.0], [-73.14399762115175, 44.268724157393486, 0.0], [-73.14372989938904, 44.26928970040649, 0.0], [-73.14286599953324, 44.270579499683265, 0.0], [-73.14226202157998, 44.27122720369854, 0.0], [-73.1412122995589, 44.27234870014719, 0.0], [-73.13988460022425, 44.27414279958508, 0.0], [-73.13932255155913, 44.274218979021896, 0.0], [-73.13937000017397, 44.27420000020001, 0.0], [-73.13954000041444, 44.27408999996568, 0.0], [-73.14031000005832, 44.273119999644706, 0.0], [-73.14024999937853, 44.27288000032122, 0.0], [-73.14042999940074, 44.27267999974, 0.0], [-73.14028690077895, 44.272634306353595, 0.0], [-73.1399600001838, 44.27275999960613, 0.0], [-73.13980000003802, 44.273030000246514, 0.0], [-73.13957999956818, 44.273220000043665, 0.0], [-73.13944000060874, 44.27358000030148, 0.0], [-73.1391899998945, 44.273699999554346, 0.0], [-73.13905000032253, 44.27395000036222, 0.0], [-73.1388899997811, 44.27400999964631, 0.0], [-73.13889000033751, 44.27426000010688, 0.0], [-73.13865670013219, 44.2743092996781, 0.0], [-73.13888319972824, 44.27374320041026, 0.0], [-73.13947829948295, 44.27267229985685, 0.0], [-73.1403109004474, 44.271671900335654, 0.0], [-73.14038419961044, 44.271494100038055, 0.0], [-73.14079049961173, 44.27099220014934, 0.0], [-73.14117409980322, 44.27030969964038, 0.0], [-73.14151650057092, 44.269938399773416, 0.0], [-73.14167200037247, 44.26952160020065, 0.0], [-73.14193169966335, 44.26935700007201, 0.0], [-73.14200229998232, 44.26900929959035, 0.0], [-73.14199269968847, 44.26867309976204, 0.0], [-73.14211369994895, 44.267959999742416, 0.0], [-73.14207529986204, 44.26773619996212, 0.0], [-73.14128840038897, 44.26728999984331, 0.0], [-73.14067190014173, 44.26717870018342, 0.0], [-73.14022500044393, 44.26693240022198, 0.0], [-73.13990200041441, 44.26616459987214, 0.0], [-73.13981079989107, 44.26540599956573, 0.0], [-73.13990160002338, 44.26504020000441, 0.0], [-73.14041730057059, 44.265170200031434, 0.0], [-73.14098659973169, 44.26515879996554, 0.0], [-73.14137340049406, 44.26542009965316, 0.0], [-73.14170699951059, 44.26550440002334, 0.0], [-73.1421996002622, 44.265421199591835, 0.0], [-73.14223275752276, 44.26529391445333, 0.0], [-73.14238203894107, 44.26472673943562, 0.0], [-73.14238890057861, 44.26469519975782, 0.0], [-73.14601969872905, 44.26540110257151, 0.0], [-73.14607049969143, 44.26541140081671, 0.0], [-73.14574489977383, 44.26600279962541, 0.0], [-73.14567000028183, 44.266422699846395, 0.0], [-73.14548800061993, 44.26674219965622, 0.0], [-73.14509240038808, 44.26728749997975, 0.0]]], [[[-73.11991520054663, 44.18609629971044, 0.0], [-73.11982749976798, 44.186899699908565, 0.0], [-73.11966070050438, 44.18747250019508, 0.0], [-73.11951350026077, 44.187705200377, 0.0], [-73.11940389988652, 44.18776399986854, 0.0], [-73.11915450048889, 44.18757820035455, 0.0], [-73.11907259949474, 44.1868446998844, 0.0], [-73.11895040010074, 44.18645170012311, 0.0], [-73.1190263001651, 44.18522509993212, 0.0], [-73.11908980006474, 44.185098000010164, 0.0], [-73.11904889955099, 44.184436700290526, 0.0], [-73.11874629955797, 44.18375209993661, 0.0], [-73.1182055000034, 44.18294680028553, 0.0], [-73.1180127001255, 44.18252550032234, 0.0], [-73.11798900004827, 44.18230869969255, 0.0], [-73.11816729975078, 44.182129999940756, 0.0], [-73.11845749997208, 44.182037099760144, 0.0], [-73.12008640000768, 44.181764000238324, 0.0], [-73.12044509992356, 44.183365099782186, 0.0], [-73.12050740030487, 44.18394609985595, 0.0], [-73.11995740061954, 44.18433840021619, 0.0], [-73.11980140051472, 44.184632700026036, 0.0], [-73.11991829985035, 44.185340400157756, 0.0], [-73.11983280044228, 44.185652200204345, 0.0], [-73.11991520054663, 44.18609629971044, 0.0]]], [[[-73.10716399956347, 44.21423040034416, 0.0], [-73.1070129996134, 44.214217299808844, 0.0], [-73.10695459965704, 44.21401520015926, 0.0], [-73.1070012997879, 44.21346509993496, 0.0], [-73.1070914513388, 44.213256080164285, 0.0], [-73.10744849997495, 44.21280319992118, 0.0], [-73.1078763998018, 44.21250680044949, 0.0], [-73.10795719977061, 44.21253120023018, 0.0], [-73.1080170995427, 44.21280190022193, 0.0], [-73.10882029967999, 44.212697600369125, 0.0], [-73.10842290008245, 44.21332649986838, 0.0], [-73.1080565802102, 44.21371534522938, 0.0], [-73.10759369992898, 44.214035199661936, 0.0], [-73.10716399956347, 44.21423040034416, 0.0]]], [[[-73.08670399965271, 44.184438299580926, 0.0], [-73.08705909940055, 44.18465599967676, 0.0], [-73.0872838003861, 44.18555860004133, 0.0], [-73.08714139960068, 44.18578769968111, 0.0], [-73.08719020027604, 44.18601529990666, 0.0], [-73.08757620021719, 44.186276100325735, 0.0], [-73.08848350048683, 44.187107999789944, 0.0], [-73.088896281022, 44.18721967934273, 0.0], [-73.09015380046915, 44.18751000005768, 0.0], [-73.09154039979882, 44.18741519978954, 0.0], [-73.09236639969647, 44.18750230032179, 0.0], [-73.09288299966788, 44.18741119975306, 0.0], [-73.09295480041739, 44.18732549974244, 0.0], [-73.09287640090261, 44.18751330029783, 0.0], [-73.0927425255974, 44.18778914057438, 0.0], [-73.09257999979832, 44.18838269955434, 0.0], [-73.09203089995367, 44.18928410021792, 0.0], [-73.09188830042739, 44.18973710029176, 0.0], [-73.08942719988585, 44.189995000150454, 0.0], [-73.08889270033062, 44.18999680006045, 0.0], [-73.08807140023646, 44.18983499955243, 0.0], [-73.08741519963844, 44.18948269983926, 0.0], [-73.08705559984196, 44.189046200160085, 0.0], [-73.08691620038815, 44.18861039968623, 0.0], [-73.08661490027306, 44.188317800220155, 0.0], [-73.08648580029809, 44.18803429962085, 0.0], [-73.08644690043091, 44.187697699812425, 0.0], [-73.08561859966927, 44.18737849991544, 0.0], [-73.08518769983849, 44.18689950024654, 0.0], [-73.08418230060721, 44.18485259961842, 0.0], [-73.08358880004863, 44.184003800028115, 0.0], [-73.08316730020299, 44.18316269984479, 0.0], [-73.08299569994838, 44.18317269983746, 0.0], [-73.08333510008404, 44.183913599834014, 0.0], [-73.08406469970173, 44.18499349986813, 0.0], [-73.08501770034593, 44.186950499616664, 0.0], [-73.08546950029125, 44.18746040023831, 0.0], [-73.08627960056138, 44.18778470037607, 0.0], [-73.08630400017333, 44.188062100286146, 0.0], [-73.08647399946453, 44.188412499925484, 0.0], [-73.086746200387, 44.188668499853286, 0.0], [-73.08694520045167, 44.189199399752404, 0.0], [-73.08728589977886, 44.189576500281525, 0.0], [-73.08799439975067, 44.189955300003675, 0.0], [-73.08887590024405, 44.19013269990482, 0.0], [-73.08945470023238, 44.19013000010072, 0.0], [-73.0918594000589, 44.18987770002971, 0.0], [-73.0920492003387, 44.19111730000552, 0.0], [-73.09214699956918, 44.192559300162195, 0.0], [-73.09209539944851, 44.193778500341494, 0.0], [-73.09213969987327, 44.19401679984658, 0.0], [-73.09203380031455, 44.194646899609026, 0.0], [-73.09204140012312, 44.196458400369636, 0.0], [-73.09211710053889, 44.19707570036248, 0.0], [-73.09225769971177, 44.19807260014356, 0.0], [-73.09249669977635, 44.19890230026046, 0.0], [-73.09260770000812, 44.199917500205196, 0.0], [-73.09256220046466, 44.200254200216435, 0.0], [-73.09266299991664, 44.2009078998326, 0.0], [-73.09323740053779, 44.202313399742955, 0.0], [-73.09331369982084, 44.20271419999041, 0.0], [-73.09360439954658, 44.20331919998918, 0.0], [-73.09375469965227, 44.20396159998565, 0.0], [-73.09415220003018, 44.206666699980765, 0.0], [-73.09421529953725, 44.208897499953956, 0.0], [-73.09431889998388, 44.21014039963989, 0.0], [-73.09451770049262, 44.21100660032842, 0.0], [-73.0945994997661, 44.21109650011757, 0.0], [-73.10263689984097, 44.21063770017054, 0.0], [-73.10287090019706, 44.21288219972118, 0.0], [-73.10242099948842, 44.21574869974219, 0.0], [-73.10187450027867, 44.21807939962061, 0.0], [-73.10170980008816, 44.2191764002909, 0.0], [-73.10105539968085, 44.22176390018488, 0.0], [-73.09715690035846, 44.22154750022103, 0.0], [-73.09640349964248, 44.22598719974131, 0.0], [-73.09610539995796, 44.22849490027687, 0.0], [-73.09549930023896, 44.23258490009723, 0.0], [-73.09538069988842, 44.233934400320344, 0.0], [-73.09509060002165, 44.23523089988008, 0.0], [-73.09427589940395, 44.24110819978589, 0.0], [-73.09399960037508, 44.24424480012544, 0.0], [-73.09402789980707, 44.24561500045091, 0.0], [-73.09752149943976, 44.24559100439184, 0.0], [-73.09760979976406, 44.24559040027973, 0.0], [-73.09760452342886, 44.24578315022363, 0.0], [-73.09760390137791, 44.24580579974747, 0.0], [-73.09776058382087, 44.247952785123324, 0.0], [-73.09782580006522, 44.2484888001135, 0.0], [-73.09786139941433, 44.24870169994567, 0.0], [-73.09786136194535, 44.24870170914159, 0.0], [-73.09752529983257, 44.24881970025363, 0.0], [-73.09730689939967, 44.249085199692985, 0.0], [-73.09683010041527, 44.249222300408995, 0.0], [-73.09594791465338, 44.24961985199323, 0.0], [-73.09547830048695, 44.24984980034297, 0.0], [-73.0951110004975, 44.25024289983928, 0.0], [-73.09496380023192, 44.25093440021953, 0.0], [-73.09504629959568, 44.25147269975882, 0.0], [-73.09527970051522, 44.25199890013735, 0.0], [-73.09565989999354, 44.25256760032662, 0.0], [-73.09583736838631, 44.25303903922594, 0.0], [-73.095860499575, 44.25324959979766, 0.0], [-73.09578757321623, 44.25342818015971, 0.0], [-73.09516240038762, 44.25456690004086, 0.0], [-73.09496299940498, 44.25512140039793, 0.0], [-73.09493909980951, 44.255587999639395, 0.0], [-73.0946740994796, 44.256898700167596, 0.0], [-73.09478459992265, 44.2576537003997, 0.0], [-73.0949019001551, 44.25778370021949, 0.0], [-73.09448719958773, 44.25788690005912, 0.0], [-73.09404499958075, 44.25807100029795, 0.0], [-73.09363169990283, 44.25830930028444, 0.0], [-73.09326619958496, 44.25860520039935, 0.0], [-73.09243689998878, 44.258034899891165, 0.0], [-73.09228649953982, 44.25810110033711, 0.0], [-73.09165529955051, 44.258766900444094, 0.0], [-73.09153059970154, 44.25885459960861, 0.0], [-73.09114369955815, 44.258947600442404, 0.0], [-73.08997389965994, 44.25885800001267, 0.0], [-73.08861980004659, 44.258574399762395, 0.0], [-73.08799470015707, 44.258527899690726, 0.0], [-73.08693149997114, 44.25853159994018, 0.0], [-73.08589189991426, 44.258397699857674, 0.0], [-73.08506260026104, 44.25855160008563, 0.0], [-73.08516790008872, 44.25906199967964, 0.0], [-73.08342360047325, 44.25967839993803, 0.0], [-73.08314990034707, 44.25969699974612, 0.0], [-73.08284560028808, 44.259529800102484, 0.0], [-73.08265120061697, 44.259216600425674, 0.0], [-73.08245670047322, 44.25870159998956, 0.0], [-73.08174041259217, 44.25490108965291, 0.0], [-73.08492437018484, 44.25453752484485, 0.0], [-73.08069204356575, 44.23311937914057, 0.0], [-73.076462865241, 44.211700980007734, 0.0], [-73.07277818121959, 44.19312721661062, 0.0], [-73.07106998528613, 44.18449086009265, 0.0], [-73.07103750587747, 44.18432648309911, 0.0], [-73.07149132524479, 44.18428168814934, 0.0], [-73.07140000062583, 44.18516000043767, 0.0], [-73.07157999964475, 44.185340000258435, 0.0], [-73.07184999970382, 44.185410000416326, 0.0], [-73.07256999977832, 44.18532000009826, 0.0], [-73.07342999967618, 44.18572999977952, 0.0], [-73.07364999943478, 44.18573000044171, 0.0], [-73.07380000044002, 44.18556999974643, 0.0], [-73.07376000002522, 44.18546999999771, 0.0], [-73.07338000057415, 44.18513999969299, 0.0], [-73.07311999969978, 44.18456000010259, 0.0], [-73.07274000020682, 44.1843599997504, 0.0], [-73.07283999954923, 44.18419999985634, 0.0], [-73.07280419701875, 44.18415209817324, 0.0], [-73.07281679832546, 44.184150854197455, 0.0], [-73.07411330654865, 44.18402257231406, 0.0], [-73.07827744666689, 44.18360888519897, 0.0], [-73.07973414059803, 44.18346386616202, 0.0], [-73.0810768692719, 44.18333152399769, 0.0], [-73.08404107349918, 44.18305004968364, 0.0], [-73.08545042233415, 44.18291296402588, 0.0], [-73.08629108620573, 44.182829489295244, 0.0], [-73.08655920021697, 44.183158600212096, 0.0], [-73.08652520008208, 44.18324219960976, 0.0], [-73.08666950047879, 44.18347980011502, 0.0], [-73.0865967999053, 44.1840013996949, 0.0], [-73.08663159993509, 44.18431219993595, 0.0], [-73.08670399965271, 44.184438299580926, 0.0]], [[-73.09287000043837, 44.20540000033708, 0.0], [-73.09317999978232, 44.20539000045193, 0.0], [-73.09358999980466, 44.20530000029562, 0.0], [-73.09340999963418, 44.20515000007153, 0.0], [-73.09340999995295, 44.20490999992515, 0.0], [-73.09313999969255, 44.20482000014021, 0.0], [-73.09289999996645, 44.20496000008172, 0.0], [-73.09281999983813, 44.205050000201915, 0.0], [-73.092859999594, 44.2051400003439, 0.0], [-73.09269999990944, 44.205259999978786, 0.0], [-73.09269999973286, 44.20531999956341, 0.0], [-73.09287000043837, 44.20540000033708, 0.0]], [[-73.09239999943017, 44.21035000044432, 0.0], [-73.09235000043081, 44.21016000035374, 0.0], [-73.09245999952368, 44.210079999630075, 0.0], [-73.09249000038942, 44.209970000433444, 0.0], [-73.09242999959234, 44.20955999963444, 0.0], [-73.09230999956645, 44.20937999958648, 0.0], [-73.0920799996734, 44.20939999986937, 0.0], [-73.09199000009114, 44.209510000315085, 0.0], [-73.09181999940732, 44.2105599995825, 0.0], [-73.09199999998292, 44.21057999973762, 0.0], [-73.09233000015396, 44.21043999957594, 0.0], [-73.09239999943017, 44.21035000044432, 0.0]]], [[[-73.13224110013462, 44.2278360000707, 0.0], [-73.13148570003125, 44.228549999719135, 0.0], [-73.13123500024409, 44.228996600004045, 0.0], [-73.13109589967713, 44.230617299693876, 0.0], [-73.13078399949732, 44.231375299648455, 0.0], [-73.13057580011788, 44.231615399632496, 0.0], [-73.13020689970679, 44.23187479960122, 0.0], [-73.12974179945549, 44.23213119989956, 0.0], [-73.12893459995281, 44.232364800234585, 0.0], [-73.12850039942823, 44.232657200218206, 0.0], [-73.12836699948737, 44.232838900341235, 0.0], [-73.12826120038041, 44.233230099948464, 0.0], [-73.12832790024433, 44.23331639981648, 0.0], [-73.1284094994313, 44.23338090015119, 0.0], [-73.12888049942688, 44.233469799678055, 0.0], [-73.12875999984665, 44.233510000225, 0.0], [-73.12871000054962, 44.2335899996627, 0.0], [-73.12874000061727, 44.233669999777305, 0.0], [-73.1289800003871, 44.23378000035332, 0.0], [-73.129039999898, 44.2339100003429, 0.0], [-73.12944999960638, 44.23380000021284, 0.0], [-73.1295287003455, 44.23364000014856, 0.0], [-73.1299937002143, 44.23388149983801, 0.0], [-73.128511399476, 44.23417830010671, 0.0], [-73.12754220002721, 44.23415940009609, 0.0], [-73.12721570027789, 44.23439709992906, 0.0], [-73.12684999999942, 44.234470199775764, 0.0], [-73.12627789971685, 44.23488690042383, 0.0], [-73.12571480024077, 44.23519359958122, 0.0], [-73.1251230003519, 44.2353821995637, 0.0], [-73.12507140024114, 44.23491250015937, 0.0], [-73.12523360060355, 44.23463289989783, 0.0], [-73.12658580013488, 44.234073700396934, 0.0], [-73.12672409958579, 44.23387390021882, 0.0], [-73.12685400029767, 44.23343179988346, 0.0], [-73.1269821997283, 44.23250520009038, 0.0], [-73.12766680022342, 44.23100360005396, 0.0], [-73.12782621047545, 44.23046310557057, 0.0], [-73.12787189982883, 44.22980160022562, 0.0], [-73.12831793919999, 44.22862630213233, 0.0], [-73.12879629999908, 44.22779189979176, 0.0], [-73.12922149998828, 44.22721029984515, 0.0], [-73.12957390008464, 44.2268353996336, 0.0], [-73.13010799951844, 44.22648810045121, 0.0], [-73.13044459947686, 44.226438699723765, 0.0], [-73.13073210046878, 44.22648370042355, 0.0], [-73.13088540007527, 44.22662359995374, 0.0], [-73.13216310010752, 44.22727599992795, 0.0], [-73.13226539950153, 44.22740189973678, 0.0], [-73.1323152005479, 44.227705200018896, 0.0], [-73.13224110013462, 44.2278360000707, 0.0]]], [[[-73.12759099991838, 44.23429460037625, 0.0], [-73.12820710045868, 44.23430710038879, 0.0], [-73.12739770031718, 44.234534400196594, 0.0], [-73.12698889941957, 44.23458059996723, 0.0], [-73.12729399970274, 44.23452589966084, 0.0], [-73.12748999968602, 44.23442250033888, 0.0], [-73.12759099991838, 44.23429460037625, 0.0]]], [[[-73.10779890014182, 44.23237309992575, 0.0], [-73.10804277250047, 44.23279019967677, 0.0], [-73.1085226000767, 44.23378180022899, 0.0], [-73.10878859965422, 44.23408720030832, 0.0], [-73.10884770044949, 44.23435090031992, 0.0], [-73.10908990023212, 44.234775799568034, 0.0], [-73.1094424000043, 44.235912299947714, 0.0], [-73.10943599939876, 44.23616539979909, 0.0], [-73.10931970047147, 44.236531500232935, 0.0], [-73.10885530002999, 44.23721079966718, 0.0], [-73.10831179974483, 44.23761959977412, 0.0], [-73.10722320028823, 44.23869009974729, 0.0], [-73.10695819993113, 44.23883299997884, 0.0], [-73.10620000019843, 44.239019100014126, 0.0], [-73.10557210052616, 44.239507899694075, 0.0], [-73.10540073230148, 44.2397146937307, 0.0], [-73.10512590059965, 44.24006069973045, 0.0], [-73.10463630009926, 44.24034970038738, 0.0], [-73.10429620009022, 44.240145899667084, 0.0], [-73.10425284489729, 44.24004318166953, 0.0], [-73.10435900003829, 44.2395560996485, 0.0], [-73.10428529955156, 44.23931430029046, 0.0], [-73.10378159951075, 44.23894909982135, 0.0], [-73.1031050993735, 44.23882359960886, 0.0], [-73.10287330006764, 44.238420300187514, 0.0], [-73.10279700020948, 44.23838100004803, 0.0], [-73.10311938679963, 44.23761123485493, 0.0], [-73.10341059993227, 44.23679309987188, 0.0], [-73.10343480038962, 44.235563599683374, 0.0], [-73.10356159946188, 44.23449619970626, 0.0], [-73.10377149987384, 44.23397760019099, 0.0], [-73.10395285581772, 44.23371579802199, 0.0], [-73.10409179977941, 44.23344029978233, 0.0], [-73.10413300037548, 44.233147199835535, 0.0], [-73.10427589962293, 44.233269200137286, 0.0], [-73.10433300051999, 44.23342430024366, 0.0], [-73.10447970057585, 44.23345930024694, 0.0], [-73.10461789038567, 44.233657407946566, 0.0], [-73.10509520011415, 44.233939499884414, 0.0], [-73.10533769992637, 44.23397410018404, 0.0], [-73.1056944994836, 44.23393889955059, 0.0], [-73.10595910003211, 44.23377070028518, 0.0], [-73.10608599869201, 44.23333941315398, 0.0], [-73.10616349964658, 44.232832899953124, 0.0], [-73.10616030023058, 44.23221830012201, 0.0], [-73.106248699647, 44.2320658001438, 0.0], [-73.10625139966339, 44.23187059976394, 0.0], [-73.1066526064909, 44.230504903208455, 0.0], [-73.10678850055906, 44.23023979996819, 0.0], [-73.10697350046001, 44.23012280002127, 0.0], [-73.1072456994304, 44.23015340005078, 0.0], [-73.10739319971735, 44.23027170011788, 0.0], [-73.10756224314734, 44.231450919335416, 0.0], [-73.10767369947708, 44.23164720002067, 0.0], [-73.10766719993376, 44.23192569986629, 0.0], [-73.10776190993343, 44.232167873366386, 0.0], [-73.10779890014182, 44.23237309992575, 0.0]]], [[[-73.0979298184527, 44.25123773658005, 0.0], [-73.09803540039684, 44.25118079999897, 0.0], [-73.09805604221411, 44.251638502881036, 0.0], [-73.09809899996768, 44.25258999983015, 0.0], [-73.09810260308382, 44.252691000324035, 0.0], [-73.09788870046752, 44.25233179976853, 0.0], [-73.09772499980092, 44.2517795995808, 0.0], [-73.0977473999547, 44.251555299557694, 0.0], [-73.0979298184527, 44.25123773658005, 0.0]]], [[[-73.10546740051662, 44.255157300231375, 0.0], [-73.1053950999599, 44.25539279996442, 0.0], [-73.10510349979093, 44.25585060043563, 0.0], [-73.10466929976283, 44.256128300228355, 0.0], [-73.10345469971386, 44.25648379976837, 0.0], [-73.1030205004905, 44.25642179986596, 0.0], [-73.10241519960785, 44.25597039960756, 0.0], [-73.10186999970195, 44.25588020015092, 0.0], [-73.10140109981641, 44.25586880016603, 0.0], [-73.10081149995804, 44.255847599674894, 0.0], [-73.10041969979909, 44.25556459964374, 0.0], [-73.1002803000581, 44.255294499977765, 0.0], [-73.10030490000536, 44.254864100381404, 0.0], [-73.10040600009896, 44.25453070008237, 0.0], [-73.10082109938907, 44.25390600028577, 0.0], [-73.10135040024475, 44.25355149956478, 0.0], [-73.10195190001075, 44.25332689998536, 0.0], [-73.10293959977182, 44.253330799634966, 0.0], [-73.10353470018096, 44.25340260026505, 0.0], [-73.1037051005486, 44.253336499759925, 0.0], [-73.10397829985078, 44.2530453001749, 0.0], [-73.1046509005552, 44.2520860998411, 0.0], [-73.1048551003009, 44.2519255995892, 0.0], [-73.10519589960323, 44.251774999631095, 0.0], [-73.10550309999289, 44.251772800179864, 0.0], [-73.10570309946966, 44.25204260022105, 0.0], [-73.10572509980597, 44.25216900031454, 0.0], [-73.10566459939857, 44.25256349965165, 0.0], [-73.10537910047725, 44.2530717000729, 0.0], [-73.10530489988197, 44.2535495002667, 0.0], [-73.10546740051662, 44.255157300231375, 0.0]]], [[[-73.09720410033376, 44.25698600028379, 0.0], [-73.09702859955411, 44.25666180037989, 0.0], [-73.09707589581616, 44.256052138975804, 0.0], [-73.09707590043321, 44.2560521002525, 0.0], [-73.09710000028221, 44.256019999746215, 0.0], [-73.09714999984958, 44.25588000008265, 0.0], [-73.097142800403, 44.255836899813445, 0.0], [-73.0971428087036, 44.25583685387102, 0.0], [-73.0975567005448, 44.25467340027574, 0.0], [-73.09813349948757, 44.25355729957365, 0.0], [-73.09814770035045, 44.25395419991851, 0.0], [-73.09825219950145, 44.2573477001423, 0.0], [-73.09768019942878, 44.25742939955633, 0.0], [-73.09709490002966, 44.25749860008741, 0.0], [-73.09709493447171, 44.257498538708646, 0.0], [-73.09722649955727, 44.257152299588064, 0.0], [-73.09720410033376, 44.25698600028379, 0.0]]], [[[-73.10451289986935, 44.26298099974394, 0.0], [-73.10506980019541, 44.26317240014362, 0.0], [-73.10544649969084, 44.263455399967825, 0.0], [-73.10556019949352, 44.263667999854455, 0.0], [-73.10546892080266, 44.26414719298327, 0.0], [-73.10522549974581, 44.26427050045004, 0.0], [-73.10489309978925, 44.264298100451754, 0.0], [-73.10442410051915, 44.26424350000152, 0.0], [-73.10383770006858, 44.26411370037279, 0.0], [-73.10305679937896, 44.26372509958789, 0.0], [-73.10220230012196, 44.263514000245316, 0.0], [-73.10188779964878, 44.263346199654826, 0.0], [-73.10158630013298, 44.2630230003476, 0.0], [-73.10147589968977, 44.26266939990181, 0.0], [-73.10158496945101, 44.26237255924339, 0.0], [-73.10203949978653, 44.26186999962107, 0.0], [-73.1021967005086, 44.26155440016121, 0.0], [-73.10224721469454, 44.26121075711516, 0.0], [-73.10194760034999, 44.260616200069094, 0.0], [-73.10227540057768, 44.260639200086686, 0.0], [-73.10253507936856, 44.26071845989841, 0.0], [-73.10304559939627, 44.260980800254245, 0.0], [-73.10339759987565, 44.261303800173216, 0.0], [-73.10370489977052, 44.26169220011887, 0.0], [-73.10423339958919, 44.26277689966304, 0.0], [-73.10451289986935, 44.26298099974394, 0.0]]], [[[-73.09620230029611, 44.264347400069376, 0.0], [-73.09676849963775, 44.26409389985374, 0.0], [-73.09705750050196, 44.264233099744125, 0.0], [-73.09717119938881, 44.26443830023078, 0.0], [-73.09715599961515, 44.26483609972955, 0.0], [-73.0970512002296, 44.26492000007769, 0.0], [-73.0963225997605, 44.26621219996011, 0.0], [-73.09572850009816, 44.267029800318625, 0.0], [-73.09543640020897, 44.267584999710756, 0.0], [-73.0942294001448, 44.26786780007078, 0.0], [-73.09414289953949, 44.26752880025853, 0.0], [-73.09413079958806, 44.266993800151354, 0.0], [-73.09423650009431, 44.26660249988093, 0.0], [-73.09423779976153, 44.26630970003201, 0.0], [-73.09488249996878, 44.26475769962742, 0.0], [-73.09509270020183, 44.26387769958505, 0.0], [-73.09507545581936, 44.26360046325313, 0.0], [-73.09510901950266, 44.26358466744484, 0.0], [-73.09530609998734, 44.2636121996046, 0.0], [-73.09544869959709, 44.263745099807444, 0.0], [-73.09559030004996, 44.26415990039015, 0.0], [-73.09577419943497, 44.264346599830276, 0.0], [-73.09602660035634, 44.26438840027759, 0.0], [-73.09620230029611, 44.264347400069376, 0.0]]], [[[-73.09848040040984, 44.26591180015056, 0.0], [-73.09832949958539, 44.26631420030756, 0.0], [-73.09787130033982, 44.26711860005184, 0.0], [-73.09703300032874, 44.26727009974764, 0.0], [-73.09728930009278, 44.26616949957378, 0.0], [-73.09844750043612, 44.26533349970962, 0.0], [-73.09848040040984, 44.26591180015056, 0.0]]], [[[-73.09912149972887, 44.274046199903914, 0.0], [-73.0989637002429, 44.27469809972563, 0.0], [-73.09870720012522, 44.27510480004748, 0.0], [-73.09860580028139, 44.27544899987333, 0.0], [-73.09843299999024, 44.275746700106204, 0.0], [-73.09807130034422, 44.27620479967418, 0.0], [-73.09693610034138, 44.277257500311855, 0.0], [-73.09655190019203, 44.277936199917285, 0.0], [-73.09631630049644, 44.278794800232326, 0.0], [-73.09629569993697, 44.279152900005734, 0.0], [-73.09639830005172, 44.28000909985472, 0.0], [-73.09585130033865, 44.2800826000221, 0.0], [-73.09578230026725, 44.278820099609625, 0.0], [-73.09587849992815, 44.27808190042437, 0.0], [-73.09607280026867, 44.277512899835415, 0.0], [-73.09603479943318, 44.27731060038715, 0.0], [-73.0961646997586, 44.27683970019728, 0.0], [-73.09701260031622, 44.27579620028256, 0.0], [-73.09832230020528, 44.27459410001018, 0.0], [-73.09846490007011, 44.27433630026245, 0.0], [-73.09838069955617, 44.27329550044041, 0.0], [-73.0981982004542, 44.272823199843344, 0.0], [-73.09816290015702, 44.27242570031467, 0.0], [-73.09776549993526, 44.27133289969433, 0.0], [-73.09770840053372, 44.27084160028927, 0.0], [-73.0973135998626, 44.269922300164765, 0.0], [-73.0971441997244, 44.26931599959958, 0.0], [-73.09703030024257, 44.268308099764184, 0.0], [-73.09701340007625, 44.26741519968992, 0.0], [-73.09781349977183, 44.26727039971876, 0.0], [-73.0977210005029, 44.26756210004037, 0.0], [-73.09836569984347, 44.270616499632645, 0.0], [-73.09864340030903, 44.27140279978981, 0.0], [-73.09863110046612, 44.27201040036139, 0.0], [-73.09876529986163, 44.27303980002224, 0.0], [-73.09906060051273, 44.273630700433166, 0.0], [-73.09912149972887, 44.274046199903914, 0.0]]]]}, "properties": {"OBJECT_ID": 71, "County": "Addison", "RPC": "ACRPC", "Municipal_Name": "Monkton", "GEO_ID": "5000145550", "District_Name": "Conservation District - Prohibited", "Abbreviated_District_Name": "Con-P", "District_Type": "Nonresidential", "Bylaw_Date": "2023-03-07", "Elderly_Housing_District": "No", "District_Mapped": "Yes", "Overlay_District": "No", "Base_Density": 0, "GIS_ID": null, "Last_Update": "20230307", "Shape_Length": 82885.72018857881, "Shape_Area": 15087383.347569183, "F1F_Allowance": "Prohibited", "F1F_Front_Setback": 0, "F1F_Side_Setback": 0, "F1F_Rear_Setback": 0, "F1F_Frontage": 0, "F1F_Max_Height": "", "F1F_Max_Stories": "", "F1F_Min_Lot_Size": 0, "F1F_Max_Lot_Building_Coverage": "", "F1F_Max_Lot_Impervious_Coverage": 0, "F1F_Min_Parking_Spaces": 0, "F1F_Elderly_Housing_Only": null, "F1F_Affordable_Housing_Only": null, "F2F_Allowance": "Prohibited", "F2F_Front_Setback": "", "F2F_Side_Setback": "", "F2F_Rear_Setback": "", "F2F_Frontage": "", "F2F_Max_Density": "", "F2F_Max_Height": "", "F2F_Max_Stories": "", "F2F_Min_Lot_Size": "", "F2F_Max_Lot_Building_Coverage": "", "F2F_Max_Lot_Impervious_Coverage": "", "F2F_Min_Parking_Spaces_per_1BR": "", "F2F_Min_Parking_Spaces_per_mult_BR": "", "F2F_Elderly_Housing_Only": "No", "F2F_Affordable_Housing_Only": "No", "F3F_Allowance": "Prohibited", "F3F_Front_Setback": "", "F3F_Side_Setback": "", "F3F_Rear_Setback": "", "F3F_Frontage": "", "F3F_Max_Density": "", "F3F_Max_Height": "", "F3F_Max_Stories": "", "F3F_Min_Lot_Size": "", "F3F_Max_Lot_Building_Coverage": "", "F3F_Max_Lot_Impervious_Coverage": "", "F3F_Min_Parking_Spaces_per_1BR": "", "F3F_Min_Parking_Spaces_per_mult_BR": "", "F3F_Affordable_Housing_Only": "No", "F3F_Proximity_to_Public_Transit_Required": "No", "F3F_Connection_to_Sewage/Water_Required": "No", "F4F_Allowance": "Prohibited", "F4F_Front_Setback": "", "F4F_Side_Setback": "", "F4F_Rear_Setback": "", "F4F_Frontage": "", "F1F_Max_Density": null, "F4F_Max_Density": "", "F4F_Max_Height": "", "F4F_Max_Stories": "", "F4F_Min_Lot_Size": "", "F4F_Max_Lot_Building_Coverage": "", "F4F_Max_Lot_Impervious_Coverage": "", "F4F_Min_Parking_Spaces_per_1BR": "", "F4F_Min_Parking_Spaces_per_mult_BR": "", "F3F_Elderly_Housing_Only": "No", "F4F_Elderly_Housing_Only": "No", "F4F_Affordable_Housing_Only": "No", "F4F_Proximity_to_Public_Transit_Required": "No", "F4F_Connection_to_Sewage/Water_Required": "No", "ADU_Allowance": "Prohibited", "ADU_Elderly_Housing_Only": "No", "ADU_Max_Size_as_Percent_of_Primary_Strcture": 0, "ADU_Max_Size_in_sq_ft": 0, "ADU_Min_Lot_Size": "", "ADU_Max_Bedrooms": "", "ADU_Min_Parking_Spaces": "", "ADU_Owner_Occupancy_Required": "No", "ADU_Renter_Occupancy_Prohibited": "No", "ADU_Employee_or_Family_Occupancy_Required": "No", "ADU_Restricted_to_Primary_Structure": "\b", "Affordable_Housing_Allowance": "Prohibited", "Affordable_Housing_District": "No", "Affordable_Housing_Elderly_Only": "No", "Affordable_Housing_Min_Lot_Size": "", "Affordable_Housing_Max_Density": "", "Affordable_Housing_Min_Parking_Spaces_per_mult_BR": "", "Affordable_Housing_Max_Units_per_Building": "", "Affordable_Housing_Min_Parking_Spaces_per_1BR": "", "PRD_Allowance": "Prohibited", "PRD_Max_Density": "", "PRD_Max_Units": "", "PRD_Min_Lot_Size": "", "PRD_Mobile_or_Manufactured_Home_Park": "No", "PUD_Allowance": "\bNo", "PUD_Required_with_Subdivision": "", "PUD_Requires_Land_Conservation": "", "PUD_Threshold_Number": "", "Notes": " Landowners May Submit Evidence Of Areas Within The District not Restricted By Forest Or Wetland And Request Conditional Use Approval For Development. ", "FIPS6": 1060}}, {"type": "Feature", "id": 2, "geometry": {"type": "MultiPolygon", "coordinates": [[[[-73.15940569938398, 44.20841459987323, 0.0], [-73.1594154997521, 44.2091740002882, 0.0], [-73.15935539956992, 44.20927989962849, 0.0], [-73.15938479988243, 44.20939620011123, 0.0], [-73.15962470056549, 44.2095178002954, 0.0], [-73.15960620009831, 44.20961010011799, 0.0], [-73.15936070060803, 44.20975370024937, 0.0], [-73.15938510017638, 44.209908600380956, 0.0], [-73.15958890034854, 44.2100887003375, 0.0], [-73.15949149982289, 44.210372000264215, 0.0], [-73.15950969996064, 44.210667499882256, 0.0], [-73.15939930028091, 44.21121100008576, 0.0], [-73.15887380023206, 44.21158009965839, 0.0], [-73.15872460001168, 44.21176849959606, 0.0], [-73.15878760011239, 44.21209099974527, 0.0], [-73.158751799857, 44.21237649964468, 0.0], [-73.15865500044936, 44.21266300013837, 0.0], [-73.15846850024963, 44.21280939994218, 0.0], [-73.15872019962077, 44.21329340038566, 0.0], [-73.1586615997677, 44.21350800014354, 0.0], [-73.15835919997345, 44.21385340002453, 0.0], [-73.15825629983982, 44.21408429983818, 0.0], [-73.15832230055807, 44.214327600122985, 0.0], [-73.15850499966612, 44.21446330019263, 0.0], [-73.15848829996779, 44.21455319990871, 0.0], [-73.15830930058134, 44.214887199950255, 0.0], [-73.15818580017984, 44.21499590018625, 0.0], [-73.15808640022246, 44.215390300138466, 0.0], [-73.15794331215548, 44.21548710441296, 0.0], [-73.15792419955478, 44.21555910008083, 0.0], [-73.15799816031907, 44.215553696252435, 0.0], [-73.15800031642954, 44.215556955286885, 0.0], [-73.15791970130705, 44.21569208921386, 0.0], [-73.15791962712142, 44.215692169739995, 0.0], [-73.15674480029412, 44.21595419972269, 0.0], [-73.15598949999993, 44.21625069971574, 0.0], [-73.15557000028171, 44.21657519985599, 0.0], [-73.1553198998218, 44.21690689955935, 0.0], [-73.15514198597444, 44.21725933441729, 0.0], [-73.15514739987063, 44.21709730029265, 0.0], [-73.15558429966887, 44.21588899992804, 0.0], [-73.15591170016387, 44.21557060037683, 0.0], [-73.156007199518, 44.215309999748825, 0.0], [-73.15610519960248, 44.215238400019715, 0.0], [-73.15684070014417, 44.21516029960993, 0.0], [-73.15705400032923, 44.21506630043822, 0.0], [-73.15719199561345, 44.21493549894528, 0.0], [-73.15748670043939, 44.21464349956198, 0.0], [-73.15764790017732, 44.2143019002756, 0.0], [-73.15776659967017, 44.21382670021632, 0.0], [-73.15813139938376, 44.21336630018812, 0.0], [-73.15800270061074, 44.21266100031774, 0.0], [-73.15820060061438, 44.21212070001343, 0.0], [-73.15857449972913, 44.21046910016272, 0.0], [-73.15857090043093, 44.210314199656985, 0.0], [-73.15840489960486, 44.21006629992253, 0.0], [-73.15836379938095, 44.209827699734696, 0.0], [-73.1585134004116, 44.209524900388836, 0.0], [-73.15866390027294, 44.20939450010682, 0.0], [-73.15866369977589, 44.20920990016356, 0.0], [-73.15861410012644, 44.209138199674456, 0.0], [-73.15839400019755, 44.20904109971868, 0.0], [-73.15834769984835, 44.20874569968711, 0.0], [-73.15805549992429, 44.208617900172406, 0.0], [-73.15801840042116, 44.20849050002369, 0.0], [-73.15844479964115, 44.208225799925586, 0.0], [-73.15860299960536, 44.207494299771135, 0.0], [-73.15851880028954, 44.207229500040796, 0.0], [-73.15878149947054, 44.20688679967898, 0.0], [-73.15877310004421, 44.20673860018155, 0.0], [-73.15857399970558, 44.20670739989719, 0.0], [-73.15851289942374, 44.206446399905886, 0.0], [-73.1592500002924, 44.20636649989923, 0.0], [-73.15940430015446, 44.20659439996166, 0.0], [-73.15932729962435, 44.2067625996062, 0.0], [-73.15935100045256, 44.20701190006913, 0.0], [-73.15921300004273, 44.20759259967045, 0.0], [-73.15940569938398, 44.20841459987323, 0.0]]], [[[-73.11641824755823, 44.22311286345008, 0.0], [-73.1165258001152, 44.22339009981227, 0.0], [-73.11663578415775, 44.22423154319593, 0.0], [-73.1164429001192, 44.223318299898104, 0.0], [-73.11641824755823, 44.22311286345008, 0.0]]], [[[-73.11664353908111, 44.224268258569595, 0.0], [-73.11663770059839, 44.224246199925595, 0.0], [-73.11663578415775, 44.22423154319593, 0.0], [-73.11664353908111, 44.224268258569595, 0.0]]], [[[-73.1174624999875, 44.2271739996314, 0.0], [-73.11739900028036, 44.22698850029532, 0.0], [-73.11687179974004, 44.22534900023782, 0.0], [-73.11664353908111, 44.224268258569595, 0.0], [-73.1167782004066, 44.224777000222666, 0.0], [-73.11704879967633, 44.22517199981709, 0.0], [-73.117159399646, 44.22581080007774, 0.0], [-73.11745509983078, 44.22660619991751, 0.0], [-73.1174624999875, 44.2271739996314, 0.0]]], [[[-73.15802170011708, 44.216792899768464, 0.0], [-73.15801973134718, 44.21728210719282, 0.0], [-73.15793409995264, 44.21843980006218, 0.0], [-73.15796179993009, 44.21910589986269, 0.0], [-73.1581795001529, 44.220141299908335, 0.0], [-73.15850190042204, 44.22118289974716, 0.0], [-73.15911070049403, 44.22231739980599, 0.0], [-73.15925970048153, 44.222804100332205, 0.0], [-73.15964100049234, 44.2236198002251, 0.0], [-73.1606880999395, 44.2251685997042, 0.0], [-73.16121329979052, 44.22609849960395, 0.0], [-73.16147460001633, 44.226298699699925, 0.0], [-73.16205620037745, 44.226282400309735, 0.0], [-73.16226420025222, 44.226333499981266, 0.0], [-73.16234240053653, 44.22643690042669, 0.0], [-73.16229069986755, 44.22685540008033, 0.0], [-73.16237720042236, 44.22703949996941, 0.0], [-73.16264530061716, 44.227260499785515, 0.0], [-73.16291740052816, 44.227610299665805, 0.0], [-73.16298940041607, 44.22856899978801, 0.0], [-73.16332630019446, 44.229208099835425, 0.0], [-73.16328592669984, 44.229850814743614, 0.0], [-73.16336679966389, 44.230953100321265, 0.0], [-73.16347879990614, 44.23112600024355, 0.0], [-73.16382470005537, 44.23141169962626, 0.0], [-73.16378670014866, 44.231677900152015, 0.0], [-73.16364600046353, 44.23193719957491, 0.0], [-73.16362820032145, 44.23226750017649, 0.0], [-73.16398909939792, 44.23335490002428, 0.0], [-73.16389340017348, 44.233865200256574, 0.0], [-73.16406459947709, 44.2345145995638, 0.0], [-73.16397069959945, 44.23524189979736, 0.0], [-73.16410480031739, 44.23619990036653, 0.0], [-73.16413195127001, 44.23736304920677, 0.0], [-73.1642119997541, 44.23836510004747, 0.0], [-73.16438290011018, 44.238885400150494, 0.0], [-73.16445410046282, 44.23974250027427, 0.0], [-73.16473599992283, 44.24101439971678, 0.0], [-73.16470100054914, 44.24156090042653, 0.0], [-73.16495569959851, 44.242285199597795, 0.0], [-73.16473560040448, 44.2427896998544, 0.0], [-73.1647797996597, 44.243070899728444, 0.0], [-73.16493469968958, 44.24334929977955, 0.0], [-73.16530079958264, 44.24360990015031, 0.0], [-73.1655583994027, 44.24436159969583, 0.0], [-73.16647439941175, 44.24536740037228, 0.0], [-73.16654899997727, 44.245648800045785, 0.0], [-73.16640100014469, 44.245628600354166, 0.0], [-73.16599999951708, 44.24516859994374, 0.0], [-73.16538410045095, 44.24472270000768, 0.0], [-73.16515010015127, 44.244289699617255, 0.0], [-73.16442489993376, 44.24368530035508, 0.0], [-73.16404540056377, 44.24299650017528, 0.0], [-73.16396570058656, 44.24267229997873, 0.0], [-73.16398227343767, 44.242396677427735, 0.0], [-73.16398614460512, 44.24232256471658, 0.0], [-73.16395576415243, 44.24205310815663, 0.0], [-73.16373699982978, 44.24179069972123, 0.0], [-73.16356689940356, 44.241742899870616, 0.0], [-73.16342900008402, 44.241827899671826, 0.0], [-73.16349389943703, 44.24229189964139, 0.0], [-73.1634569000081, 44.24241490013719, 0.0], [-73.16336930029006, 44.24245719960086, 0.0], [-73.1631876000671, 44.242442700229965, 0.0], [-73.16299459993539, 44.24235240027894, 0.0], [-73.16266849954593, 44.24203390029706, 0.0], [-73.16246479980775, 44.241985300134665, 0.0], [-73.16212870012632, 44.24232789962, 0.0], [-73.16167159971441, 44.24256950005852, 0.0], [-73.16123200009861, 44.24268869955768, 0.0], [-73.1605895004661, 44.242765799714576, 0.0], [-73.1599473996457, 44.24272620034897, 0.0], [-73.1594929005172, 44.24244809979941, 0.0], [-73.15910802455949, 44.242327217873964, 0.0], [-73.15867190021959, 44.242012600092906, 0.0], [-73.15840070016208, 44.24195279999381, 0.0], [-73.15757379952927, 44.241426599945484, 0.0], [-73.1565551997478, 44.24105689955611, 0.0], [-73.15572980051921, 44.2404597002432, 0.0], [-73.15526610025047, 44.24026600002249, 0.0], [-73.1550071048104, 44.24024002421174, 0.0], [-73.1549757999034, 44.240202100210304, 0.0], [-73.1549753998682, 44.24020170021137, 0.0], [-73.15481889951239, 44.24003169957306, 0.0], [-73.15450820037469, 44.23981639967221, 0.0], [-73.15399739957454, 44.23962370032396, 0.0], [-73.15224960061953, 44.23907740006903, 0.0], [-73.15167230034561, 44.23889690026533, 0.0], [-73.15180200042082, 44.23852550016988, 0.0], [-73.15179199962186, 44.23812319967621, 0.0], [-73.15217559968312, 44.237828699997756, 0.0], [-73.15260190022386, 44.23775259986767, 0.0], [-73.15263679964933, 44.23770770008296, 0.0], [-73.15267430048935, 44.237738799863386, 0.0], [-73.1528896998843, 44.23770670040472, 0.0], [-73.15348980011701, 44.23742320026486, 0.0], [-73.15385320034382, 44.23736270010833, 0.0], [-73.15408959970755, 44.23759049973638, 0.0], [-73.15447020055639, 44.23829499969772, 0.0], [-73.15505970004848, 44.23896379968905, 0.0], [-73.1556987003634, 44.23946110044901, 0.0], [-73.15599807680438, 44.23991676855499, 0.0], [-73.15640939960251, 44.24024259998695, 0.0], [-73.1565595000495, 44.24046570004659, 0.0], [-73.15709979994068, 44.24089199970341, 0.0], [-73.15741860035239, 44.24104209969143, 0.0], [-73.1580194997184, 44.24120200031252, 0.0], [-73.15825419947404, 44.24123119983517, 0.0], [-73.15851810048498, 44.24113550005205, 0.0], [-73.1587430002526, 44.2409862001713, 0.0], [-73.15903439976715, 44.24060900040542, 0.0], [-73.15937349974203, 44.240469499965194, 0.0], [-73.15969410032609, 44.2404955997061, 0.0], [-73.15994419814763, 44.240685097376414, 0.0], [-73.16009489967375, 44.24074579989667, 0.0], [-73.16029079994512, 44.24073069995913, 0.0], [-73.16049620042702, 44.24062840026313, 0.0], [-73.16071499996623, 44.23985399964441, 0.0], [-73.16065824261172, 44.23938217764411, 0.0], [-73.16031024058772, 44.23835084293681, 0.0], [-73.16019634880305, 44.23805465507861, 0.0], [-73.16013703656178, 44.2378974763896, 0.0], [-73.15975579989521, 44.23714009970029, 0.0], [-73.15944242360239, 44.23677578762744, 0.0], [-73.159171399533, 44.23645729956939, 0.0], [-73.1589832212429, 44.235802070985045, 0.0], [-73.1586058994231, 44.23423850031581, 0.0], [-73.15829450030678, 44.23403300005884, 0.0], [-73.15766889999185, 44.23377960039095, 0.0], [-73.15730789941009, 44.233538200009086, 0.0], [-73.15728109959626, 44.233000100449544, 0.0], [-73.15719440044356, 44.23282970029765, 0.0], [-73.15691860029342, 44.232545199565244, 0.0], [-73.1562439994502, 44.232317500167596, 0.0], [-73.15613469987647, 44.2318905002699, 0.0], [-73.1560031995498, 44.23169160018833, 0.0], [-73.15574490029749, 44.231570300108366, 0.0], [-73.15503069959206, 44.23139909956963, 0.0], [-73.15447087559926, 44.23106641958428, 0.0], [-73.15412409972309, 44.23075569977432, 0.0], [-73.1539539996476, 44.23011430037805, 0.0], [-73.15391239994558, 44.22983019992902, 0.0], [-73.1540268994756, 44.22935089992541, 0.0], [-73.15413499995506, 44.22920089961071, 0.0], [-73.15423469980172, 44.22918850014447, 0.0], [-73.15439439960267, 44.22927329998625, 0.0], [-73.1551494793995, 44.229994655136146, 0.0], [-73.15563200048855, 44.23027229958589, 0.0], [-73.15588749994832, 44.23030139996048, 0.0], [-73.15610465520245, 44.23022477916546, 0.0], [-73.15613609940961, 44.230085600366344, 0.0], [-73.15590880319614, 44.22935276803848, 0.0], [-73.15573940001477, 44.2290978001157, 0.0], [-73.15533800049738, 44.22903960029904, 0.0], [-73.15465639077574, 44.22904793291259, 0.0], [-73.15451740062022, 44.22893259977393, 0.0], [-73.15449469985272, 44.22864089971486, 0.0], [-73.15455010046978, 44.22793099963105, 0.0], [-73.15472609952855, 44.22732850014393, 0.0], [-73.15465799981472, 44.22671970011978, 0.0], [-73.15473580014537, 44.22633619964279, 0.0], [-73.15468990008617, 44.22589319996158, 0.0], [-73.15476948261716, 44.22541372370779, 0.0], [-73.15479233638995, 44.225138127749496, 0.0], [-73.1548176995033, 44.22445339999034, 0.0], [-73.15466912323285, 44.22386458795383, 0.0], [-73.15437189971784, 44.22323999963526, 0.0], [-73.15432189952982, 44.22261470024399, 0.0], [-73.15408710010777, 44.222343799980756, 0.0], [-73.15359211060013, 44.22209255263808, 0.0], [-73.15250170058299, 44.221695900198114, 0.0], [-73.1524996003736, 44.22151209987065, 0.0], [-73.15263969959396, 44.22133510019308, 0.0], [-73.15277830016782, 44.220771000406636, 0.0], [-73.15295389957718, 44.22063360025817, 0.0], [-73.15322320060812, 44.22058230036518, 0.0], [-73.15334570433826, 44.22038964164493, 0.0], [-73.15369289952979, 44.219791299920885, 0.0], [-73.15384419958448, 44.219665900155924, 0.0], [-73.15434329955897, 44.21946529995198, 0.0], [-73.15445040054044, 44.219355200325886, 0.0], [-73.15450589970747, 44.21893090038085, 0.0], [-73.15489769954915, 44.218819499967786, 0.0], [-73.15483699627073, 44.218389451744784, 0.0], [-73.15480962648475, 44.218336288013575, 0.0], [-73.15480774057623, 44.21832962542107, 0.0], [-73.15486966953817, 44.218172766290074, 0.0], [-73.15488829963537, 44.21814320021478, 0.0], [-73.15488850043675, 44.218142800369414, 0.0], [-73.15491220335696, 44.21810585771459, 0.0], [-73.15514853707595, 44.217648237945724, 0.0], [-73.15549649946752, 44.21695890006967, 0.0], [-73.1557263998937, 44.2166540995556, 0.0], [-73.15611420014751, 44.2163546997656, 0.0], [-73.15680769979528, 44.216083799846956, 0.0], [-73.15782459038712, 44.2158569404384, 0.0], [-73.15775119997373, 44.215949699934555, 0.0], [-73.15728510023749, 44.21608710005677, 0.0], [-73.1572087000035, 44.216163400452864, 0.0], [-73.15723770047637, 44.216279700050066, 0.0], [-73.15767740014067, 44.21648800040967, 0.0], [-73.15802170011708, 44.216792899768464, 0.0]], [[-73.16158780059074, 44.23618669974632, 0.0], [-73.16165799959892, 44.236486100347506, 0.0], [-73.16216120045279, 44.23702869996817, 0.0], [-73.16231220056216, 44.2376444998403, 0.0], [-73.16259769975068, 44.237815200067274, 0.0], [-73.16298319944235, 44.23771279962964, 0.0], [-73.16324490052924, 44.23755740031392, 0.0], [-73.1633699997986, 44.23725999961228, 0.0], [-73.16302000029452, 44.23707999996161, 0.0], [-73.16291000040992, 44.236939999676345, 0.0], [-73.16265999966562, 44.236869999584734, 0.0], [-73.16240000003948, 44.23671999975051, 0.0], [-73.16212000050949, 44.23634999985105, 0.0], [-73.16217600033362, 44.236081900283345, 0.0], [-73.16249289946018, 44.23566130023137, 0.0], [-73.16247999942385, 44.23545999998562, 0.0], [-73.1623399999287, 44.235420000236154, 0.0], [-73.16225999982046, 44.23550999989393, 0.0], [-73.16228000025096, 44.23574999971511, 0.0], [-73.1620699995061, 44.23588000027331, 0.0], [-73.16181999965113, 44.23588999971304, 0.0], [-73.16166000048594, 44.23596000036509, 0.0], [-73.16158780059074, 44.23618669974632, 0.0]]], [[[-73.15477230937228, 44.24022969031239, 0.0], [-73.15475668006778, 44.2402280474301, 0.0], [-73.15441169998488, 44.240210300245984, 0.0], [-73.15423619955509, 44.24027240000286, 0.0], [-73.15387128753994, 44.24062806228022, 0.0], [-73.15375660021121, 44.24100580004999, 0.0], [-73.1535941002084, 44.241207200331, 0.0], [-73.15292880041937, 44.24164049956051, 0.0], [-73.15244601739177, 44.241647553678845, 0.0], [-73.15182035346334, 44.2419418984168, 0.0], [-73.15181778924163, 44.24194300742823, 0.0], [-73.15134629993103, 44.24218790031852, 0.0], [-73.15075060054325, 44.24283389961547, 0.0], [-73.15063859902418, 44.24344829725317, 0.0], [-73.15020319959895, 44.24354179975824, 0.0], [-73.15010039968352, 44.24354269984343, 0.0], [-73.14996081442668, 44.243248064826865, 0.0], [-73.14957770026875, 44.24231209985821, 0.0], [-73.14955390051769, 44.24200519962059, 0.0], [-73.14969379938387, 44.2416176002184, 0.0], [-73.14972185699074, 44.24119964317547, 0.0], [-73.1504504994811, 44.239656600344574, 0.0], [-73.1507792998921, 44.23919249963812, 0.0], [-73.15105649996933, 44.239036400087485, 0.0], [-73.15157360057144, 44.239091399876216, 0.0], [-73.15164259989125, 44.239037199860014, 0.0], [-73.15391510011581, 44.23974759972303, 0.0], [-73.15440390048923, 44.239931999826396, 0.0], [-73.15466600015795, 44.24011410005695, 0.0], [-73.15477230937228, 44.24022969031239, 0.0]]], [[[-73.14195972259901, 44.24232046585644, 0.0], [-73.14179770024799, 44.24240239996833, 0.0], [-73.1414640000713, 44.242519799788944, 0.0], [-73.14142069955344, 44.242331099558825, 0.0], [-73.14153820028578, 44.241782199611315, 0.0], [-73.14149340029685, 44.24140110036397, 0.0], [-73.14169909963032, 44.2413550997533, 0.0], [-73.14189007348973, 44.24144276155062, 0.0], [-73.14228979966596, 44.24167580005004, 0.0], [-73.14206697144566, 44.24223568225466, 0.0], [-73.14201069654801, 44.24229469275534, 0.0], [-73.14195972259901, 44.24232046585644, 0.0]]], [[[-73.13462999967341, 44.246220000366506, 0.0], [-73.13403000060121, 44.246290000204105, 0.0], [-73.13340400022979, 44.246505100369575, 0.0], [-73.13286499968629, 44.246542093667074, 0.0], [-73.13319370024527, 44.24634860012056, 0.0], [-73.13353629971803, 44.246242000162866, 0.0], [-73.13445619996325, 44.24610449995238, 0.0], [-73.13478000007464, 44.24608819963791, 0.0], [-73.13525039950018, 44.24620309990228, 0.0], [-73.13606150042294, 44.24625850004992, 0.0], [-73.13678799976171, 44.24598799997617, 0.0], [-73.13756349944701, 44.24607249985944, 0.0], [-73.13787449985664, 44.246055799620656, 0.0], [-73.13933910032918, 44.24555769990855, 0.0], [-73.13949591046496, 44.24546170117494, 0.0], [-73.13947359999209, 44.245626399615496, 0.0], [-73.13660160040104, 44.24665319999848, 0.0], [-73.13646000036718, 44.24648999961134, 0.0], [-73.13613999980983, 44.24642000039605, 0.0], [-73.13604000006634, 44.2463399997959, 0.0], [-73.13462999967341, 44.246220000366506, 0.0]]], [[[-73.13810929938934, 44.24955099991559, 0.0], [-73.13818359993554, 44.248962700290754, 0.0], [-73.13826399967381, 44.248804099910174, 0.0], [-73.13912519974129, 44.24904299989019, 0.0], [-73.13939118024818, 44.24911675891898, 0.0], [-73.13904040021735, 44.249534099585155, 0.0], [-73.13877209687429, 44.25034819943274, 0.0], [-73.13893059973326, 44.24974159987381, 0.0], [-73.13810929938934, 44.24955099991559, 0.0]]], [[[-73.12889020054213, 44.25061080003586, 0.0], [-73.12824189948559, 44.250922000117214, 0.0], [-73.12813000018468, 44.250929999834355, 0.0], [-73.12812057967923, 44.25093156990487, 0.0], [-73.12791000023104, 44.25101000007451, 0.0], [-73.12795959967964, 44.25116690026559, 0.0], [-73.12778910460553, 44.25134760428448, 0.0], [-73.12769357916589, 44.251478684204265, 0.0], [-73.12761999999556, 44.251540000168035, 0.0], [-73.1275199996935, 44.251809999619574, 0.0], [-73.12741960053246, 44.252044099989, 0.0], [-73.12743820019323, 44.25230110011584, 0.0], [-73.12768399992486, 44.25277639984515, 0.0], [-73.12791080018393, 44.25300170035631, 0.0], [-73.12881660004449, 44.25340139981571, 0.0], [-73.12953050030163, 44.253513499620816, 0.0], [-73.12979679982733, 44.253480400066664, 0.0], [-73.12989050750068, 44.2534990601878, 0.0], [-73.13000370039813, 44.25352159968689, 0.0], [-73.13019119485907, 44.25367358122118, 0.0], [-73.13039989958268, 44.25386129975509, 0.0], [-73.13104689940846, 44.254214499787864, 0.0], [-73.13186160048471, 44.254338099551106, 0.0], [-73.13236079971361, 44.25450270039139, 0.0], [-73.13260259937638, 44.254540400062105, 0.0], [-73.13298999997608, 44.25439999975779, 0.0], [-73.13300040056475, 44.254357499901865, 0.0], [-73.13339979995828, 44.25402519977224, 0.0], [-73.13392700056711, 44.25375640003918, 0.0], [-73.1350703003319, 44.25362000039162, 0.0], [-73.13538999957778, 44.253550000359375, 0.0], [-73.13545000000505, 44.253350000299925, 0.0], [-73.1357000003696, 44.25296999965972, 0.0], [-73.13599999948835, 44.252829999877285, 0.0], [-73.13675940056505, 44.25228059995228, 0.0], [-73.13725999994985, 44.25194999990159, 0.0], [-73.1377700005439, 44.25127999980646, 0.0], [-73.13790999940464, 44.25066999963789, 0.0], [-73.13807190044906, 44.250366499865684, 0.0], [-73.1380480994064, 44.250120999822606, 0.0], [-73.13866460014766, 44.25026399969567, 0.0], [-73.13845000351141, 44.251151392615824, 0.0], [-73.13777209964496, 44.25212710043711, 0.0], [-73.13754769978105, 44.252381900430834, 0.0], [-73.13729740044184, 44.2525438997663, 0.0], [-73.13707249939466, 44.252524700396954, 0.0], [-73.1373335995636, 44.25228020026995, 0.0], [-73.13728570035077, 44.252243599757215, 0.0], [-73.13694660056547, 44.25254639994802, 0.0], [-73.13657920050916, 44.25269279962912, 0.0], [-73.13595349947072, 44.25314500032681, 0.0], [-73.13568880026948, 44.253495200323655, 0.0], [-73.135762600375, 44.253519099904565, 0.0], [-73.13609739984368, 44.25316639984607, 0.0], [-73.13663810016921, 44.252748000246214, 0.0], [-73.13699939953844, 44.25260400044905, 0.0], [-73.13725830030835, 44.252634998947755, 0.0], [-73.13601660028321, 44.25378610003259, 0.0], [-73.13585360059416, 44.25397959990358, 0.0], [-73.13540809948745, 44.254799000071934, 0.0], [-73.13524969984293, 44.25543859956293, 0.0], [-73.13521479994156, 44.256033500292865, 0.0], [-73.1354087997271, 44.25686210035752, 0.0], [-73.13536603819352, 44.25797043699416, 0.0], [-73.13536401824555, 44.25899350582699, 0.0], [-73.13535545443423, 44.259115427938625, 0.0], [-73.13534118423172, 44.25933634275347, 0.0], [-73.13533050148457, 44.259382564874635, 0.0], [-73.13511340044829, 44.25935869959536, 0.0], [-73.13468349927469, 44.25930130600956, 0.0], [-73.13470929382892, 44.25926578084923, 0.0], [-73.13469929963266, 44.25899820013983, 0.0], [-73.13440619957623, 44.258092799850125, 0.0], [-73.13439470043895, 44.25753370021628, 0.0], [-73.13430809960748, 44.25718930034974, 0.0], [-73.13399139960906, 44.25658160038964, 0.0], [-73.13343558205425, 44.25594773128065, 0.0], [-73.13292150011009, 44.25530789977366, 0.0], [-73.1323806993962, 44.254837199691366, 0.0], [-73.13160789981582, 44.25461530010032, 0.0], [-73.13096770011214, 44.25450049958182, 0.0], [-73.12957120005258, 44.25443320036898, 0.0], [-73.1287644001345, 44.2546316000203, 0.0], [-73.12834780001782, 44.25481500012421, 0.0], [-73.12821819981566, 44.25495050044766, 0.0], [-73.12804839303611, 44.254987400140266, 0.0], [-73.12808589976365, 44.25388870002214, 0.0], [-73.12736058558802, 44.253988859617934, 0.0], [-73.12720459965952, 44.25401039957038, 0.0], [-73.12704699973573, 44.25402960011786, 0.0], [-73.12681039990014, 44.25375780016158, 0.0], [-73.12660340062197, 44.25327569973646, 0.0], [-73.12680962128836, 44.2523783522067, 0.0], [-73.12701810002322, 44.25182020032753, 0.0], [-73.127296499613, 44.25133730034491, 0.0], [-73.12804014550674, 44.250646666576884, 0.0], [-73.12860350001043, 44.250337300385674, 0.0], [-73.1288820000685, 44.250104100399106, 0.0], [-73.12940190039791, 44.249873799800056, 0.0], [-73.12952376251694, 44.249726191804385, 0.0], [-73.12972749943407, 44.24942850041337, 0.0], [-73.13021809977413, 44.249143599977614, 0.0], [-73.13050880011069, 44.24885479976446, 0.0], [-73.13089489965704, 44.248334499586434, 0.0], [-73.13101370056351, 44.24796889963922, 0.0], [-73.13121470020836, 44.24767010015153, 0.0], [-73.13152729946758, 44.24745269967316, 0.0], [-73.13123999988541, 44.24779999970986, 0.0], [-73.13095000038412, 44.248469999886325, 0.0], [-73.1304399994505, 44.249060000155325, 0.0], [-73.12995000025694, 44.24947999995693, 0.0], [-73.12975409955665, 44.24977589987581, 0.0], [-73.12889020054213, 44.25061080003586, 0.0]], [[-73.13404000050667, 44.25561999961475, 0.0], [-73.13417999974196, 44.25556000009403, 0.0], [-73.13419000015845, 44.255489999834595, 0.0], [-73.13387000044882, 44.25506000008058, 0.0], [-73.13365999988892, 44.25508000000103, 0.0], [-73.13344000037917, 44.254950000203806, 0.0], [-73.13324000014892, 44.25524000037701, 0.0], [-73.13340000054129, 44.255370000267234, 0.0], [-73.13382000025143, 44.255549999613464, 0.0], [-73.13382999944469, 44.25568000041276, 0.0], [-73.1340399998806, 44.255699999845255, 0.0], [-73.13404000050667, 44.25561999961475, 0.0]], [[-73.13410999987856, 44.25656000042261, 0.0], [-73.13436999953296, 44.25669999964351, 0.0], [-73.13468450008924, 44.256466500333815, 0.0], [-73.13480999944817, 44.25633000032369, 0.0], [-73.13479000056151, 44.25627999961537, 0.0], [-73.13455000046034, 44.256100000381416, 0.0], [-73.13436999945428, 44.25585999960172, 0.0], [-73.13421999942342, 44.255860000036755, 0.0], [-73.13421999971298, 44.25603000017155, 0.0], [-73.13412000028684, 44.25599000038787, 0.0], [-73.13407925979054, 44.25600357956132, 0.0], [-73.13405999942194, 44.25600999983958, 0.0], [-73.13410999987856, 44.25656000042261, 0.0]]], [[[-73.12740830138442, 44.254128307071966, 0.0], [-73.12786780028974, 44.25406350004132, 0.0], [-73.12783975549515, 44.25487086909984, 0.0], [-73.12758565340631, 44.25464691639866, 0.0], [-73.12735639997749, 44.25445330002629, 0.0], [-73.12714439975318, 44.25416309965501, 0.0], [-73.12724440026042, 44.25415139982104, 0.0], [-73.12740830138442, 44.254128307071966, 0.0]]], [[[-73.13491100147188, 44.26206540068245, 0.0], [-73.13475529942127, 44.26180009955687, 0.0], [-73.13461180026138, 44.260534299670276, 0.0], [-73.13448390028397, 44.26025120042571, 0.0], [-73.1340265000835, 44.25968670020126, 0.0], [-73.1341155511334, 44.25962864943682, 0.0], [-73.13460669975733, 44.25950399973533, 0.0], [-73.13463499957857, 44.25944070077378, 0.0], [-73.13485049965064, 44.25948079980952, 0.0], [-73.13532049795339, 44.2595316329971, 0.0], [-73.13531770053336, 44.25988319985467, 0.0], [-73.13540955391609, 44.2601258915808, 0.0], [-73.13555670297644, 44.260993401956654, 0.0], [-73.13491100147188, 44.26206540068245, 0.0]]], [[[-73.14627819982688, 44.26530410029755, 0.0], [-73.14611285553796, 44.26527065913098, 0.0], [-73.14614751870769, 44.26521565430168, 0.0], [-73.14643949971159, 44.264794899782785, 0.0], [-73.14673969963386, 44.264531300116694, 0.0], [-73.14744089990164, 44.26427149968306, 0.0], [-73.14742429945986, 44.26457880005795, 0.0], [-73.14704710057505, 44.2653731003089, 0.0], [-73.14706959975305, 44.265427499924506, 0.0], [-73.14717010035214, 44.265438200122325, 0.0], [-73.14698020029864, 44.265443596654045, 0.0], [-73.14627819982688, 44.26530410029755, 0.0]]], [[[-73.13803809980172, 44.26304959976361, 0.0], [-73.14012044167121, 44.26439764920447, 0.0], [-73.14042099992386, 44.264507699723175, 0.0], [-73.1411617006247, 44.26452439984833, 0.0], [-73.1411140003338, 44.26458410044031, 0.0], [-73.14124029946136, 44.26466059987626, 0.0], [-73.14146860044312, 44.26458970011841, 0.0], [-73.14217350009504, 44.26465519812698, 0.0], [-73.14238203894107, 44.26472673943562, 0.0], [-73.14260449982652, 44.26482550022841, 0.0], [-73.14292209941121, 44.265214000093366, 0.0], [-73.14327740050071, 44.26604570036223, 0.0], [-73.14330419963474, 44.26697119989444, 0.0], [-73.14305449991463, 44.26878580030636, 0.0], [-73.14344920042585, 44.26845399989658, 0.0], [-73.14402180011105, 44.267797100135766, 0.0], [-73.14498410036524, 44.26697339956439, 0.0], [-73.14563379983241, 44.266081300153616, 0.0], [-73.14601969872905, 44.26540110257151, 0.0], [-73.14607049969143, 44.26541140081671, 0.0], [-73.14689599904852, 44.265578406280994, 0.0], [-73.14683409964418, 44.26565430019415, 0.0], [-73.14642819960186, 44.26558050015277, 0.0], [-73.14628839957724, 44.26555500009954, 0.0], [-73.14478992741768, 44.26800605203077, 0.0], [-73.14399762115175, 44.268724157393486, 0.0], [-73.14301309986612, 44.270006500270604, 0.0], [-73.14226202157998, 44.27122720369854, 0.0], [-73.14157470015984, 44.27220190011772, 0.0], [-73.13992167185097, 44.27413777612756, 0.0], [-73.13932255155913, 44.274218979021896, 0.0], [-73.13937000017397, 44.27420000020001, 0.0], [-73.13954000041444, 44.27408999996568, 0.0], [-73.14031000005832, 44.273119999644706, 0.0], [-73.14024999937853, 44.27288000032122, 0.0], [-73.14042999940074, 44.27267999974, 0.0], [-73.14028690077895, 44.272634306353595, 0.0], [-73.14103860022938, 44.27180840004374, 0.0], [-73.14187089982475, 44.27063389970724, 0.0], [-73.1420944999852, 44.270229400324, 0.0], [-73.14229280058773, 44.26962450042659, 0.0], [-73.14259109942975, 44.26658020008077, 0.0], [-73.14245970050328, 44.26593980010099, 0.0], [-73.14223275752276, 44.26529391445333, 0.0], [-73.1420512002905, 44.264971199797905, 0.0], [-73.14177229999545, 44.264879600282164, 0.0], [-73.14149600001822, 44.26482100033654, 0.0], [-73.14108389967313, 44.26482330039408, 0.0], [-73.14029799946117, 44.264960399573795, 0.0], [-73.1401625000839, 44.26494720033365, 0.0], [-73.13903621246747, 44.264574375850934, 0.0], [-73.13859060047402, 44.26443749971423, 0.0], [-73.1379123995263, 44.264071100435956, 0.0], [-73.13752469974288, 44.2637230998131, 0.0], [-73.13656784410534, 44.263061037067445, 0.0], [-73.13504200498392, 44.262201601745154, 0.0], [-73.13564799939168, 44.26118740040798, 0.0], [-73.13569250023944, 44.26111340028083, 0.0], [-73.13579989956968, 44.26117199965386, 0.0], [-73.13627070036979, 44.2615638998693, 0.0], [-73.13676130045516, 44.261870600021034, 0.0], [-73.1375523651688, 44.26264118116109, 0.0], [-73.13803809980172, 44.26304959976361, 0.0]]], [[[-73.10768909989172, 44.21216769957965, 0.0], [-73.10762039951126, 44.21231990021339, 0.0], [-73.10698649967479, 44.21242649973864, 0.0], [-73.10683040029531, 44.21260019967385, 0.0], [-73.10679019968111, 44.21285879977987, 0.0], [-73.10687669989493, 44.21310220011989, 0.0], [-73.1070914513388, 44.213256080164285, 0.0], [-73.1080565802102, 44.21371534522938, 0.0], [-73.10888980033486, 44.2138874000718, 0.0], [-73.10892279949826, 44.21402100016532, 0.0], [-73.10866759963001, 44.214296899691135, 0.0], [-73.10827110016852, 44.21447190019434, 0.0], [-73.10826929977084, 44.21484499968816, 0.0], [-73.10791610043789, 44.214746499713655, 0.0], [-73.10729330021665, 44.21502020014677, 0.0], [-73.1069610996854, 44.215234099999584, 0.0], [-73.10679730004706, 44.21556870000303, 0.0], [-73.10688479968466, 44.215798499700355, 0.0], [-73.10736150019045, 44.21604280034697, 0.0], [-73.10749190025248, 44.21630340032567, 0.0], [-73.10781910005265, 44.21636619972412, 0.0], [-73.10817480018413, 44.216263100265124, 0.0], [-73.10834920036768, 44.216308299594594, 0.0], [-73.10839119977462, 44.21640009963745, 0.0], [-73.10821060033729, 44.21663540006148, 0.0], [-73.10815050060371, 44.21698149968242, 0.0], [-73.10820420023065, 44.217499099786345, 0.0], [-73.10841529966396, 44.217516999587666, 0.0], [-73.1087452000867, 44.21741119991873, 0.0], [-73.10944909946026, 44.217003799710334, 0.0], [-73.109658099565, 44.216759800395685, 0.0], [-73.10994800009748, 44.21616230007904, 0.0], [-73.11046050038043, 44.21602490003054, 0.0], [-73.11140959989987, 44.21562100008718, 0.0], [-73.111496200057, 44.21565090032864, 0.0], [-73.111443600503, 44.21580550004443, 0.0], [-73.11014750004827, 44.216972500432384, 0.0], [-73.1102148002198, 44.217435600212205, 0.0], [-73.11054789987044, 44.21790460009756, 0.0], [-73.11026850017849, 44.218717499867445, 0.0], [-73.11017720004669, 44.219845199676854, 0.0], [-73.11022159963618, 44.22010099977459, 0.0], [-73.1103801005134, 44.22021549978781, 0.0], [-73.11061489941474, 44.220275300062426, 0.0], [-73.1113694762317, 44.22024059977071, 0.0], [-73.11180952545193, 44.22016259002296, 0.0], [-73.11286909939969, 44.21995099958358, 0.0], [-73.11355139985176, 44.21953030014613, 0.0], [-73.11387279985878, 44.21944219990341, 0.0], [-73.1143490996089, 44.21912989984397, 0.0], [-73.11459290060313, 44.21905660026315, 0.0], [-73.1148970002234, 44.21908259966279, 0.0], [-73.11505279992699, 44.219218800136126, 0.0], [-73.11513540050979, 44.21942170022354, 0.0], [-73.11518633013641, 44.2200170255858, 0.0], [-73.11552979962954, 44.22152629988029, 0.0], [-73.11571900033121, 44.221895499622605, 0.0], [-73.11622259986117, 44.22257969969849, 0.0], [-73.1162384998534, 44.22286710018661, 0.0], [-73.11625330020597, 44.22333339957377, 0.0], [-73.11668399975039, 44.22537299986669, 0.0], [-73.11759149953691, 44.22812529988633, 0.0], [-73.11760049393224, 44.228150449954185, 0.0], [-73.11759683619498, 44.228303377274216, 0.0], [-73.11752899943711, 44.22857219979081, 0.0], [-73.11712980029984, 44.22867800034424, 0.0], [-73.11693979974508, 44.22878769988798, 0.0], [-73.11765320024837, 44.229581500040645, 0.0], [-73.1177657999428, 44.22978730009478, 0.0], [-73.11773489952915, 44.229894000258, 0.0], [-73.1175002995279, 44.22997310028769, 0.0], [-73.11684949966039, 44.22956930016832, 0.0], [-73.11659539938134, 44.22958239971961, 0.0], [-73.11634370053524, 44.22967150030995, 0.0], [-73.11613619952679, 44.23008930028688, 0.0], [-73.11569099959817, 44.23193679978635, 0.0], [-73.11584369955872, 44.232617300347506, 0.0], [-73.11604449968186, 44.23288920013279, 0.0], [-73.11641910010052, 44.233181999956436, 0.0], [-73.11704250044812, 44.23336890005145, 0.0], [-73.11793489950178, 44.233403400079126, 0.0], [-73.118118499682, 44.23346129995567, 0.0], [-73.1183391996876, 44.2336158001766, 0.0], [-73.11840379997771, 44.233770699636125, 0.0], [-73.11807870019437, 44.233778200123176, 0.0], [-73.1174825004184, 44.23364529994975, 0.0], [-73.11706349974422, 44.233651599618476, 0.0], [-73.11615320045311, 44.233792300260674, 0.0], [-73.11588569972187, 44.233980299730675, 0.0], [-73.11581770015573, 44.23416739964464, 0.0], [-73.11628210038569, 44.23499579960068, 0.0], [-73.11639660016853, 44.235884900121036, 0.0], [-73.11629280016724, 44.23717720038012, 0.0], [-73.11593145679123, 44.237896732712386, 0.0], [-73.11534489948698, 44.238681500275966, 0.0], [-73.1153170004003, 44.23902789956402, 0.0], [-73.1150947000687, 44.23924079998366, 0.0], [-73.11440660061767, 44.24017270041989, 0.0], [-73.11434800056362, 44.24074999960866, 0.0], [-73.1140540993897, 44.24213500028923, 0.0], [-73.11372800877, 44.2429519324276, 0.0], [-73.11334550045757, 44.243830899903465, 0.0], [-73.11303249962215, 44.243989899825166, 0.0], [-73.1122826998742, 44.2442140003902, 0.0], [-73.11215959955359, 44.24433039976581, 0.0], [-73.11199909991319, 44.2447457001434, 0.0], [-73.1117913994633, 44.24498770035999, 0.0], [-73.11043959974715, 44.24583479985774, 0.0], [-73.11026580046261, 44.24610239969538, 0.0], [-73.11023639950965, 44.24653909969656, 0.0], [-73.11040190005588, 44.2469216998775, 0.0], [-73.11081310012126, 44.24726200015341, 0.0], [-73.11147910030584, 44.247584399888005, 0.0], [-73.11175519947386, 44.24777950028116, 0.0], [-73.11174820053749, 44.24790319985969, 0.0], [-73.1115988001544, 44.24797410039033, 0.0], [-73.11042220020387, 44.24813989959593, 0.0], [-73.10971620053117, 44.24841019989955, 0.0], [-73.10913749983017, 44.24838969964744, 0.0], [-73.10886069959757, 44.24820569976611, 0.0], [-73.1079043004286, 44.24700430021825, 0.0], [-73.10768059969152, 44.24694390015338, 0.0], [-73.10753140039826, 44.247002100051404, 0.0], [-73.1075663996606, 44.24780010036982, 0.0], [-73.10752149957754, 44.24793400007752, 0.0], [-73.10729649987181, 44.248145200199154, 0.0], [-73.1069636001664, 44.24829450006238, 0.0], [-73.10659140033664, 44.24828520034741, 0.0], [-73.10586299964143, 44.24760439978348, 0.0], [-73.10570369979968, 44.247507600061425, 0.0], [-73.10514239938608, 44.247376500032665, 0.0], [-73.10481000010233, 44.24671089989493, 0.0], [-73.10463239978097, 44.24663170021901, 0.0], [-73.10438140005081, 44.24663150032699, 0.0], [-73.10395440009506, 44.246890800086, 0.0], [-73.103806300574, 44.247060399960674, 0.0], [-73.10360349966732, 44.24746370008966, 0.0], [-73.10314520034329, 44.24882089960333, 0.0], [-73.10286620039784, 44.249068099981805, 0.0], [-73.10252450055836, 44.249189399781834, 0.0], [-73.10104300056176, 44.249508500290844, 0.0], [-73.10075740024232, 44.24964280044602, 0.0], [-73.10018359985382, 44.24976399967269, 0.0], [-73.09911859955234, 44.24975419974634, 0.0], [-73.09888710024086, 44.24984430042562, 0.0], [-73.0982035237099, 44.24997549069473, 0.0], [-73.09815679989747, 44.24939999960201, 0.0], [-73.09829999974409, 44.24940000025005, 0.0], [-73.09849000022503, 44.24925000026517, 0.0], [-73.09887000050496, 44.249130000315965, 0.0], [-73.0989099999351, 44.24899999964904, 0.0], [-73.09879000018988, 44.24883999988159, 0.0], [-73.09877000002736, 44.248619999616125, 0.0], [-73.0988900003821, 44.248529999585394, 0.0], [-73.09904999986165, 44.248560000329185, 0.0], [-73.09967000038151, 44.249229999781626, 0.0], [-73.09987999998665, 44.24930000027578, 0.0], [-73.10047999946671, 44.24921000043309, 0.0], [-73.10086000022092, 44.249020000432694, 0.0], [-73.10107999988948, 44.24897999977553, 0.0], [-73.10107999937688, 44.24888000003521, 0.0], [-73.10115000032364, 44.24884999975113, 0.0], [-73.10160000023173, 44.24891000038717, 0.0], [-73.10172000006402, 44.24888000011813, 0.0], [-73.10184000033003, 44.24895000036371, 0.0], [-73.10218999966058, 44.24885000013698, 0.0], [-73.10234000051308, 44.24873000031309, 0.0], [-73.10239999940761, 44.248570000042, 0.0], [-73.1022900005566, 44.24807999962178, 0.0], [-73.10235000000202, 44.24777999987056, 0.0], [-73.1022799996102, 44.247509999798766, 0.0], [-73.10218000058889, 44.24749999989933, 0.0], [-73.10215000060585, 44.247670000057816, 0.0], [-73.10195000045664, 44.24749000014962, 0.0], [-73.1020199997793, 44.24706000024807, 0.0], [-73.10215999985874, 44.24681000042931, 0.0], [-73.10211999947319, 44.24676000034476, 0.0], [-73.10198000024033, 44.24682999997277, 0.0], [-73.10195000053241, 44.24678999993348, 0.0], [-73.10202000034865, 44.24663999991462, 0.0], [-73.10276000056443, 44.24593999959187, 0.0], [-73.10285000031668, 44.245749999967735, 0.0], [-73.10274000032601, 44.24569999959556, 0.0], [-73.1027799998928, 44.24560000022849, 0.0], [-73.10307000060047, 44.24549999974623, 0.0], [-73.10319000052587, 44.24564999989774, 0.0], [-73.10311000057969, 44.24584000009594, 0.0], [-73.10315999955455, 44.245920000175374, 0.0], [-73.10357000058383, 44.245899999609314, 0.0], [-73.10389000036554, 44.24599000041503, 0.0], [-73.10403000061298, 44.245950000259754, 0.0], [-73.10468999949737, 44.245479999605045, 0.0], [-73.10523000043746, 44.24532000008837, 0.0], [-73.10539999948584, 44.245190000306565, 0.0], [-73.10548000061051, 44.24507000005519, 0.0], [-73.10547999966477, 44.24488999986326, 0.0], [-73.10535999938806, 44.24460999955177, 0.0], [-73.1050799999167, 44.244329999837525, 0.0], [-73.10515000048801, 44.24416000021085, 0.0], [-73.10506999992177, 44.244120000349874, 0.0], [-73.10480000003548, 44.244140000437234, 0.0], [-73.10470000033285, 44.24406000025254, 0.0], [-73.1052200000129, 44.24338000003643, 0.0], [-73.1056399995702, 44.243170000297, 0.0], [-73.10565999989261, 44.24311000036965, 0.0], [-73.10519999959557, 44.242589999863114, 0.0], [-73.10515999984038, 44.24209000010156, 0.0], [-73.10498999972657, 44.24197000039975, 0.0], [-73.10466000050367, 44.24190000007064, 0.0], [-73.10455000043645, 44.24183000017388, 0.0], [-73.10469999963622, 44.241730000153204, 0.0], [-73.10514000028321, 44.241670000065845, 0.0], [-73.10569000057714, 44.24151999992377, 0.0], [-73.1058399995957, 44.2414099995853, 0.0], [-73.1058999994456, 44.24118999986752, 0.0], [-73.10579000028548, 44.240569999555404, 0.0], [-73.10586000033544, 44.240530000231246, 0.0], [-73.1058699995357, 44.24043000040892, 0.0], [-73.10598999995642, 44.24049000028159, 0.0], [-73.10606999991168, 44.240440000259504, 0.0], [-73.10618000037711, 44.24049000017008, 0.0], [-73.1064400002907, 44.24080999982974, 0.0], [-73.10671999955659, 44.24099999982619, 0.0], [-73.10695000040164, 44.240940000061016, 0.0], [-73.1071899999005, 44.2407599995677, 0.0], [-73.10728000062403, 44.240530000109324, 0.0], [-73.10725000021077, 44.24034999995929, 0.0], [-73.10701999983789, 44.240130000098084, 0.0], [-73.10713999956448, 44.239920000045, 0.0], [-73.10721999982314, 44.23990999989021, 0.0], [-73.10753999992637, 44.24018999963756, 0.0], [-73.10806999946105, 44.24009000027332, 0.0], [-73.10829999974312, 44.23998000008756, 0.0], [-73.10846000054417, 44.23982000022091, 0.0], [-73.10838999992244, 44.23977999978756, 0.0], [-73.10842999959327, 44.23952000012039, 0.0], [-73.10834999996551, 44.23927000028702, 0.0], [-73.10855000020699, 44.239359999863886, 0.0], [-73.1087099999614, 44.23934000022587, 0.0], [-73.1086799994385, 44.23940999973277, 0.0], [-73.10880000030878, 44.23948999970191, 0.0], [-73.1088299999638, 44.239589999913946, 0.0], [-73.10904000053007, 44.23965000016643, 0.0], [-73.10907000022618, 44.23956999995227, 0.0], [-73.10921999947986, 44.239510000041506, 0.0], [-73.10915999971131, 44.23917999984338, 0.0], [-73.10949000023268, 44.23911999983023, 0.0], [-73.10970000061702, 44.238949999892455, 0.0], [-73.10977000045612, 44.238819999771266, 0.0], [-73.1102099995408, 44.238869999575165, 0.0], [-73.11044999969381, 44.23880999962755, 0.0], [-73.11056000031958, 44.23863999965999, 0.0], [-73.11055000003158, 44.238419999829645, 0.0], [-73.1106199995143, 44.23835000021176, 0.0], [-73.11042999957158, 44.238060000453004, 0.0], [-73.11075000062102, 44.2381299998205, 0.0], [-73.11089000017206, 44.238090000213205, 0.0], [-73.1111900005468, 44.237719999600536, 0.0], [-73.11156999972435, 44.23745000004226, 0.0], [-73.1116899998977, 44.2372999997596, 0.0], [-73.11151999988869, 44.23711999963062, 0.0], [-73.11118999941553, 44.23696999961317, 0.0], [-73.11119000048897, 44.23691000035972, 0.0], [-73.11182999947212, 44.23685000039542, 0.0], [-73.11219999943756, 44.236870000182705, 0.0], [-73.1124200004247, 44.23695000040408, 0.0], [-73.11258999954104, 44.236919999590704, 0.0], [-73.11273000061294, 44.237029999880484, 0.0], [-73.11285999999951, 44.23702999999023, 0.0], [-73.1125900005869, 44.23684999971264, 0.0], [-73.11268999992257, 44.236740000122715, 0.0], [-73.11265999966993, 44.236500000227245, 0.0], [-73.11281000002244, 44.236440000067596, 0.0], [-73.11279999975953, 44.23639999991378, 0.0], [-73.11239000028685, 44.23627999965652, 0.0], [-73.11236000045366, 44.23635999988721, 0.0], [-73.11251999983024, 44.236399999559964, 0.0], [-73.1124999994247, 44.236489999932125, 0.0], [-73.11230999957229, 44.236670000202814, 0.0], [-73.11219999938778, 44.23664000021063, 0.0], [-73.11225000041154, 44.2363500002918, 0.0], [-73.11219000043187, 44.23627000005812, 0.0], [-73.11225999940265, 44.236189999687305, 0.0], [-73.11222999949388, 44.2360900003197, 0.0], [-73.11233000014224, 44.236010000202185, 0.0], [-73.11225999976801, 44.23592999960704, 0.0], [-73.1120400002576, 44.23615999956619, 0.0], [-73.11197999998241, 44.236159999728976, 0.0], [-73.11207000044224, 44.23586999976359, 0.0], [-73.1122000003184, 44.235729999951076, 0.0], [-73.11219000007067, 44.23560000039733, 0.0], [-73.11177999980148, 44.235439999927294, 0.0], [-73.11164999985714, 44.235489999926045, 0.0], [-73.11158999997166, 44.23545999980023, 0.0], [-73.11181999950105, 44.23513000024382, 0.0], [-73.11187999941197, 44.23483000022781, 0.0], [-73.11171000036349, 44.23462999993999, 0.0], [-73.11171000028438, 44.23455000031103, 0.0], [-73.11178999963508, 44.23438000039117, 0.0], [-73.11199000061016, 44.234240000252214, 0.0], [-73.11150000013274, 44.23379000044464, 0.0], [-73.11124999965662, 44.23319999987099, 0.0], [-73.11104999957828, 44.23305999996273, 0.0], [-73.11097000037283, 44.23283999997749, 0.0], [-73.11131999964451, 44.23265999977306, 0.0], [-73.11132000049815, 44.23257000037935, 0.0], [-73.1116399997663, 44.23250000018811, 0.0], [-73.11154000003195, 44.23229000030351, 0.0], [-73.1117400003653, 44.23229000041595, 0.0], [-73.11179999970925, 44.23223000018919, 0.0], [-73.11158000002237, 44.23213999986235, 0.0], [-73.11131000026529, 44.23223999972428, 0.0], [-73.11120000010304, 44.23220999964308, 0.0], [-73.11112000014788, 44.23227000035762, 0.0], [-73.11109999938456, 44.232410000114086, 0.0], [-73.11094000027923, 44.23228999965825, 0.0], [-73.11099000057553, 44.23210999983917, 0.0], [-73.11089999969815, 44.2320200002968, 0.0], [-73.11099000025762, 44.23203000017614, 0.0], [-73.11105000052441, 44.231929999602336, 0.0], [-73.11103000029992, 44.23176000041787, 0.0], [-73.11119999970651, 44.23168000028049, 0.0], [-73.11132999990664, 44.23151000035468, 0.0], [-73.11130999938501, 44.23142999971702, 0.0], [-73.11143999965005, 44.23134000023375, 0.0], [-73.11109000006263, 44.231210000082676, 0.0], [-73.11091999986819, 44.23125000022877, 0.0], [-73.11074000026376, 44.23117000006959, 0.0], [-73.11068999941207, 44.230920000418195, 0.0], [-73.1104799995305, 44.230860000395424, 0.0], [-73.11054000023789, 44.2307699998023, 0.0], [-73.11045000053846, 44.2307099999838, 0.0], [-73.1109599998817, 44.23069000003674, 0.0], [-73.11114000012284, 44.230510000428104, 0.0], [-73.11106999962705, 44.23039000008144, 0.0], [-73.11132000003036, 44.23021000009792, 0.0], [-73.11123000002533, 44.2300000003416, 0.0], [-73.11091999943193, 44.22985000032819, 0.0], [-73.1111500005328, 44.22965999991994, 0.0], [-73.11129999938535, 44.22962000025967, 0.0], [-73.1111499999698, 44.22951999999948, 0.0], [-73.11115000034734, 44.22948000014727, 0.0], [-73.11128000053911, 44.22945000014335, 0.0], [-73.11123999973668, 44.22938999976501, 0.0], [-73.111020000203, 44.229360000337834, 0.0], [-73.11106000052688, 44.22907000006632, 0.0], [-73.11090999997629, 44.228980000125375, 0.0], [-73.11081999959315, 44.228770000002086, 0.0], [-73.11084999981529, 44.228699999807795, 0.0], [-73.11065000052807, 44.22856999971953, 0.0], [-73.11098999976227, 44.22830769977798, 0.0], [-73.11115999972333, 44.22816000003674, 0.0], [-73.11105000015102, 44.22815000016408, 0.0], [-73.11106000038187, 44.22803999993007, 0.0], [-73.11090000046741, 44.22800999968969, 0.0], [-73.11081000056653, 44.22792999974537, 0.0], [-73.1110099995184, 44.22790999986749, 0.0], [-73.11093000023078, 44.22780000040224, 0.0], [-73.11067999955806, 44.22781000041997, 0.0], [-73.11058999967175, 44.22794000024918, 0.0], [-73.11064999992186, 44.228049999761375, 0.0], [-73.11063605870868, 44.228056970875144, 0.0], [-73.11022000018153, 44.22818000013837, 0.0], [-73.10989999996735, 44.228089999663375, 0.0], [-73.10968999982242, 44.22820000003719, 0.0], [-73.10956999960783, 44.22835999999156, 0.0], [-73.10925999998487, 44.22814999968126, 0.0], [-73.10919000038237, 44.228260000246536, 0.0], [-73.10936000052475, 44.22831000031518, 0.0], [-73.10935999999978, 44.22836999965595, 0.0], [-73.10911000042547, 44.22833000023317, 0.0], [-73.10917000008808, 44.22845000025871, 0.0], [-73.10905000059317, 44.22850999956365, 0.0], [-73.10915999951636, 44.228549999683096, 0.0], [-73.10941999942153, 44.22843000021378, 0.0], [-73.10958999976033, 44.22844999981909, 0.0], [-73.10980999975168, 44.22828999975256, 0.0], [-73.1106300001239, 44.228200000172784, 0.0], [-73.11078999993893, 44.22823999963056, 0.0], [-73.11076999996175, 44.22839999980189, 0.0], [-73.11053999942675, 44.22843000005359, 0.0], [-73.11047000047985, 44.22870999965854, 0.0], [-73.110839999379, 44.229129999743584, 0.0], [-73.1108700003374, 44.2293500000486, 0.0], [-73.11102000041977, 44.22953000037673, 0.0], [-73.11101000035467, 44.2295999998286, 0.0], [-73.11095000004667, 44.2296100000858, 0.0], [-73.11087999966578, 44.22951999971551, 0.0], [-73.11068999998564, 44.22950999979268, 0.0], [-73.11060999983582, 44.229360000287855, 0.0], [-73.11054000040792, 44.22939000015444, 0.0], [-73.11052999968385, 44.229559999645325, 0.0], [-73.11018000046322, 44.2297100001091, 0.0], [-73.11022999943485, 44.22978000028218, 0.0], [-73.11037999974548, 44.229800000245554, 0.0], [-73.11063999963642, 44.22968999956168, 0.0], [-73.11058000036259, 44.22999999982795, 0.0], [-73.11083000005313, 44.23005000025516, 0.0], [-73.11090000009371, 44.23016000012233, 0.0], [-73.11076000000268, 44.23045000039735, 0.0], [-73.11056999980786, 44.23058999991745, 0.0], [-73.1103400004532, 44.230370000054855, 0.0], [-73.11037999956241, 44.23019999961533, 0.0], [-73.11047000038361, 44.23014999968865, 0.0], [-73.1106699998679, 44.23024999994504, 0.0], [-73.11073999993798, 44.23019999962687, 0.0], [-73.11073000034162, 44.23012000029827, 0.0], [-73.11049000038302, 44.23004000010137, 0.0], [-73.1103099995878, 44.23006000021982, 0.0], [-73.11028000049208, 44.22994999959038, 0.0], [-73.11019000015523, 44.229949999782576, 0.0], [-73.11012999982087, 44.23005999967589, 0.0], [-73.11024999949827, 44.230189999645546, 0.0], [-73.11016000057418, 44.230289999869846, 0.0], [-73.11019000010123, 44.23059000000356, 0.0], [-73.1100300000928, 44.230600000203246, 0.0], [-73.10996999967209, 44.230819999790384, 0.0], [-73.11016999979775, 44.23088999990124, 0.0], [-73.11030999962342, 44.23102000005499, 0.0], [-73.11015000014136, 44.23111000009855, 0.0], [-73.10993999955521, 44.23108000009345, 0.0], [-73.10980999941529, 44.231239999616044, 0.0], [-73.10984999941755, 44.23131000021468, 0.0], [-73.11009000002024, 44.23141000030247, 0.0], [-73.1102399997042, 44.231379999974635, 0.0], [-73.11049000010331, 44.2315000001677, 0.0], [-73.11071999943388, 44.23150999987182, 0.0], [-73.11086000007677, 44.231459999620206, 0.0], [-73.11094999954236, 44.2315899999465, 0.0], [-73.1109399999545, 44.23163999989715, 0.0], [-73.11079999955388, 44.231650000408855, 0.0], [-73.11058000010776, 44.23192999999046, 0.0], [-73.11065999978656, 44.232110000449914, 0.0], [-73.11059999963092, 44.232139999984916, 0.0], [-73.11078000033666, 44.232309999739336, 0.0], [-73.11081000023336, 44.23245000028481, 0.0], [-73.11074999950279, 44.23261999975175, 0.0], [-73.11059000037926, 44.23268000028979, 0.0], [-73.11053999987698, 44.23292999983936, 0.0], [-73.11072000061846, 44.23319999967638, 0.0], [-73.11081000044629, 44.23320999969885, 0.0], [-73.11072999966458, 44.23340999996734, 0.0], [-73.1109899995125, 44.23351000009736, 0.0], [-73.11095000049684, 44.23363999993108, 0.0], [-73.11106000032579, 44.23380000033906, 0.0], [-73.11140000048525, 44.233950000399105, 0.0], [-73.11141999950686, 44.234030000093725, 0.0], [-73.11169000021316, 44.23423999971136, 0.0], [-73.11134000001627, 44.23429000002935, 0.0], [-73.11129000025217, 44.234369999940945, 0.0], [-73.11120000029611, 44.23437999975815, 0.0], [-73.11114999999546, 44.234530000412235, 0.0], [-73.11142000009421, 44.23476000010951, 0.0], [-73.1115600005181, 44.234779999825996, 0.0], [-73.1117200004316, 44.23510000021378, 0.0], [-73.1114500000372, 44.235270000255724, 0.0], [-73.11139999973709, 44.23523999960286, 0.0], [-73.11143000032132, 44.23515999960448, 0.0], [-73.11134999953174, 44.23513999993368, 0.0], [-73.11110000004444, 44.23518999977212, 0.0], [-73.11094999939729, 44.23529000021036, 0.0], [-73.11106999948105, 44.23535000020305, 0.0], [-73.11136999978696, 44.23537000002576, 0.0], [-73.11159999983838, 44.23556000023121, 0.0], [-73.1120999999562, 44.23564999983027, 0.0], [-73.11210000026796, 44.23568999963573, 0.0], [-73.11192999974834, 44.235659999572235, 0.0], [-73.1118199996749, 44.23569999999516, 0.0], [-73.11188000035887, 44.235760000074464, 0.0], [-73.11191999964305, 44.23621000029003, 0.0], [-73.11212000047644, 44.23633000003906, 0.0], [-73.11215000033496, 44.23643000033169, 0.0], [-73.11198999985831, 44.23643999967414, 0.0], [-73.11199000034365, 44.23656999970084, 0.0], [-73.11189000061806, 44.23660999970789, 0.0], [-73.11171999956899, 44.23646999966191, 0.0], [-73.11150000023743, 44.23645999975431, 0.0], [-73.11147000012497, 44.236509999674695, 0.0], [-73.1115999998842, 44.23661999999455, 0.0], [-73.11162000011889, 44.23678000010966, 0.0], [-73.11137999984243, 44.23664999966064, 0.0], [-73.11126999982356, 44.23673000024744, 0.0], [-73.11105000000269, 44.23670999975145, 0.0], [-73.11089999995123, 44.23684999989498, 0.0], [-73.1108999997364, 44.23697000019233, 0.0], [-73.11124000054384, 44.23717999988245, 0.0], [-73.11155999992069, 44.23730000012158, 0.0], [-73.11142999943372, 44.23746000041975, 0.0], [-73.11123000021178, 44.23752999962955, 0.0], [-73.11124999939508, 44.23759999957954, 0.0], [-73.11078000044526, 44.23808999982703, 0.0], [-73.11059000030389, 44.23796000039061, 0.0], [-73.11027000050092, 44.2379799998722, 0.0], [-73.11047999962794, 44.238530000096475, 0.0], [-73.11045999942003, 44.23864000042171, 0.0], [-73.11034999967887, 44.238740000438035, 0.0], [-73.11016999960324, 44.23880999981739, 0.0], [-73.11000000049616, 44.23879000021412, 0.0], [-73.10999999940879, 44.23867999968276, 0.0], [-73.10984999994226, 44.23875000034831, 0.0], [-73.10972000052352, 44.23875000041413, 0.0], [-73.10954999940603, 44.238860000130735, 0.0], [-73.10949999959163, 44.23896000043991, 0.0], [-73.1091600005164, 44.23910000027188, 0.0], [-73.1089099994285, 44.23932000044963, 0.0], [-73.10871000001457, 44.23922999969822, 0.0], [-73.10856000014505, 44.239329999627934, 0.0], [-73.10833999971616, 44.23922999976153, 0.0], [-73.10829000042875, 44.23934000015313, 0.0], [-73.10834000036007, 44.23986000013311, 0.0], [-73.10809999943964, 44.24001000031806, 0.0], [-73.10756000010413, 44.24013999996735, 0.0], [-73.10742999949812, 44.240059999679545, 0.0], [-73.10735000032977, 44.23990000024348, 0.0], [-73.107129999658, 44.23985999997659, 0.0], [-73.10693000040362, 44.240140000140926, 0.0], [-73.10718999962465, 44.24036000002777, 0.0], [-73.10716999941394, 44.24068999985105, 0.0], [-73.10681999991702, 44.240940000433405, 0.0], [-73.10664000046742, 44.24090999974449, 0.0], [-73.10612999941124, 44.24036000005306, 0.0], [-73.10589000007401, 44.24032999973606, 0.0], [-73.10572000058795, 44.24053000018574, 0.0], [-73.10577999984956, 44.24121000034401, 0.0], [-73.10568999973022, 44.24145000010923, 0.0], [-73.10446999956002, 44.241699999727494, 0.0], [-73.10449999952174, 44.24183999990459, 0.0], [-73.10462000001104, 44.241960000398734, 0.0], [-73.10509999947666, 44.242109999684565, 0.0], [-73.10504999940463, 44.24267000020118, 0.0], [-73.10544000012919, 44.24302000009695, 0.0], [-73.10547999985208, 44.2431699997965, 0.0], [-73.10515999951953, 44.24332000013737, 0.0], [-73.10497000023825, 44.243520000022514, 0.0], [-73.1048599994874, 44.24330999995617, 0.0], [-73.10469000015277, 44.24336000036713, 0.0], [-73.1045599998246, 44.24333999964048, 0.0], [-73.10443999947813, 44.24315999992751, 0.0], [-73.10428999993599, 44.243089999944544, 0.0], [-73.10409999953973, 44.24313999998589, 0.0], [-73.10454999997745, 44.24345999962909, 0.0], [-73.10472000053862, 44.243429999748095, 0.0], [-73.1048100005906, 44.24347000001562, 0.0], [-73.10490000051028, 44.24358999972026, 0.0], [-73.1049199995162, 44.243650000094156, 0.0], [-73.10470000025141, 44.243949999813545, 0.0], [-73.10450999972453, 44.24391000041589, 0.0], [-73.10438999963797, 44.24381999988497, 0.0], [-73.104370000573, 44.24386999986344, 0.0], [-73.10494999965371, 44.24432000017057, 0.0], [-73.10537999953986, 44.24488000006551, 0.0], [-73.10539000005795, 44.24504000004111, 0.0], [-73.10528000023807, 44.24521999995511, 0.0], [-73.10501999955936, 44.2453500001904, 0.0], [-73.10495999957064, 44.24529999991512, 0.0], [-73.10512000041605, 44.245189999820845, 0.0], [-73.1049800001438, 44.24515999974262, 0.0], [-73.10474999986756, 44.245389999576574, 0.0], [-73.10393000018334, 44.24594000009646, 0.0], [-73.1035800003423, 44.24583999981472, 0.0], [-73.103200000421, 44.245860000396604, 0.0], [-73.10325000002386, 44.245739999941776, 0.0], [-73.10335000035933, 44.24577000012081, 0.0], [-73.1035399998111, 44.245690000422776, 0.0], [-73.10309000054819, 44.245440000294096, 0.0], [-73.10286000043655, 44.24545999970155, 0.0], [-73.10275000012025, 44.2455400000709, 0.0], [-73.10245999947834, 44.24612999990654, 0.0], [-73.10206000020588, 44.246449999837566, 0.0], [-73.10186000025324, 44.246780000161735, 0.0], [-73.10193999999113, 44.246999999696285, 0.0], [-73.10183999978078, 44.24745000043701, 0.0], [-73.10199999962143, 44.24805000011054, 0.0], [-73.10222000016635, 44.248559999942586, 0.0], [-73.10215999947286, 44.248759999847294, 0.0], [-73.10192000039015, 44.24885999999929, 0.0], [-73.1016099995775, 44.248769999562, 0.0], [-73.10105999992439, 44.24878999993164, 0.0], [-73.10057000049355, 44.249029999707254, 0.0], [-73.09991999981261, 44.24917000015755, 0.0], [-73.0996900002868, 44.24911999974254, 0.0], [-73.09958999975663, 44.24893999991542, 0.0], [-73.09910999948666, 44.24848000031713, 0.0], [-73.09888999999802, 44.24845999985123, 0.0], [-73.09872999985437, 44.24851000012793, 0.0], [-73.09865999943644, 44.248609999563435, 0.0], [-73.09869999960821, 44.24874000028378, 0.0], [-73.0986399995366, 44.249090000197725, 0.0], [-73.09814819992701, 44.24932469991334, 0.0], [-73.09795889466275, 44.248019300801374, 0.0], [-73.09807289991267, 44.247948300134084, 0.0], [-73.09821060029978, 44.247581099895136, 0.0], [-73.09852399985607, 44.24751290002946, 0.0], [-73.0988838997283, 44.247894599818636, 0.0], [-73.09948570014923, 44.24784880018262, 0.0], [-73.09983310024165, 44.248037699900756, 0.0], [-73.10049959990607, 44.248109399779324, 0.0], [-73.10061519949032, 44.24807809992429, 0.0], [-73.10095420015982, 44.24768150004793, 0.0], [-73.10118812940658, 44.2467900836999, 0.0], [-73.10145290035767, 44.24621569970311, 0.0], [-73.1016933002895, 44.24586269970083, 0.0], [-73.10220880024787, 44.24529140013484, 0.0], [-73.1024600251637, 44.24512323120245, 0.0], [-73.10275959952314, 44.24493239972344, 0.0], [-73.1030040005928, 44.2444652003232, 0.0], [-73.1028498996488, 44.24423110009741, 0.0], [-73.10257229039757, 44.24401968461494, 0.0], [-73.10244179995114, 44.24389419973909, 0.0], [-73.10232050034448, 44.24359150005676, 0.0], [-73.10226090052718, 44.242320199971516, 0.0], [-73.10196504780292, 44.24093773683918, 0.0], [-73.10197110039095, 44.24013180014286, 0.0], [-73.10188149944352, 44.23939950005594, 0.0], [-73.10193990000569, 44.238814000287526, 0.0], [-73.10219369974266, 44.238203500342664, 0.0], [-73.1023609996919, 44.23797739995542, 0.0], [-73.10263519954222, 44.23780370667679, 0.0], [-73.10288369978245, 44.23765720009648, 0.0], [-73.10311938679963, 44.23761123485493, 0.0], [-73.10329729948658, 44.237580900096546, 0.0], [-73.1035091996879, 44.237620900162106, 0.0], [-73.10379220003884, 44.23780050037654, 0.0], [-73.10400109997724, 44.23810339983818, 0.0], [-73.10411020021371, 44.23864410031197, 0.0], [-73.10421679995314, 44.23885330027812, 0.0], [-73.10452099982304, 44.23908349970532, 0.0], [-73.10494929999041, 44.239156200078334, 0.0], [-73.10530939982226, 44.23898670019246, 0.0], [-73.10676450060053, 44.237566900084246, 0.0], [-73.10740870033999, 44.23704089977344, 0.0], [-73.10769580059628, 44.23692079988805, 0.0], [-73.10823509961398, 44.23684430012583, 0.0], [-73.1088677006182, 44.23698780028496, 0.0], [-73.10897570020643, 44.236968000023545, 0.0], [-73.10877730016111, 44.235001599883326, 0.0], [-73.1087331004726, 44.23487659987896, 0.0], [-73.1083702004633, 44.23445590039992, 0.0], [-73.1083319000647, 44.2338299004396, 0.0], [-73.10813009995748, 44.23332370031662, 0.0], [-73.10804277250047, 44.23279019967677, 0.0], [-73.10804984059975, 44.232637349119436, 0.0], [-73.10798150008773, 44.23190400012973, 0.0], [-73.10777230029385, 44.23160900028525, 0.0], [-73.10756224314734, 44.231450919335416, 0.0], [-73.10745879980738, 44.23140700030247, 0.0], [-73.10727128112345, 44.23145280938025, 0.0], [-73.1070720994266, 44.231577100331705, 0.0], [-73.10694519946881, 44.23174670004749, 0.0], [-73.10642180043014, 44.23293410029069, 0.0], [-73.10608599869201, 44.23333941315398, 0.0], [-73.10461789038567, 44.233657407946566, 0.0], [-73.10395285581772, 44.23371579802199, 0.0], [-73.10354285069215, 44.23370102458932, 0.0], [-73.10340619968201, 44.233614699970786, 0.0], [-73.10336559945259, 44.23350079995417, 0.0], [-73.1033216999979, 44.23305490034049, 0.0], [-73.10365479949444, 44.23156359974973, 0.0], [-73.10366980017588, 44.2310578998318, 0.0], [-73.10347730039157, 44.23037549966484, 0.0], [-73.1032884005875, 44.22996309998823, 0.0], [-73.10309459969956, 44.22896900044548, 0.0], [-73.10342980026502, 44.228037999654596, 0.0], [-73.10390040055293, 44.22757099955726, 0.0], [-73.10438380047316, 44.22683299983843, 0.0], [-73.10483540062778, 44.22636660031268, 0.0], [-73.10505710046172, 44.22590640012805, 0.0], [-73.10522600006854, 44.224106800354875, 0.0], [-73.10501519991072, 44.22162140025675, 0.0], [-73.10533350008123, 44.220522599583525, 0.0], [-73.10518620014197, 44.22022400032127, 0.0], [-73.10498309940176, 44.21948779964211, 0.0], [-73.1049396995015, 44.21827370032553, 0.0], [-73.10478809966533, 44.21797300013148, 0.0], [-73.10482979957361, 44.21757840044229, 0.0], [-73.10478079950418, 44.21687960011191, 0.0], [-73.10450989945458, 44.216754700064925, 0.0], [-73.10421119954654, 44.216206499616234, 0.0], [-73.10365959996336, 44.21592280039795, 0.0], [-73.10357790020915, 44.21578719988483, 0.0], [-73.10374790034393, 44.21563249995485, 0.0], [-73.10403179954291, 44.21560209964421, 0.0], [-73.10448560023569, 44.21564200041598, 0.0], [-73.1046019002929, 44.21544720001649, 0.0], [-73.10445279945323, 44.2151598004179, 0.0], [-73.1042055995591, 44.2149361004515, 0.0], [-73.10408519942999, 44.21472779965936, 0.0], [-73.10407829980655, 44.214572500061884, 0.0], [-73.1041786997617, 44.21433880026616, 0.0], [-73.10398929987706, 44.214091100103595, 0.0], [-73.10396940043277, 44.21395819971366, 0.0], [-73.10419099982202, 44.21369390022741, 0.0], [-73.10423200052006, 44.21350920024593, 0.0], [-73.10415390055687, 44.21341889993878, 0.0], [-73.10381149942606, 44.21336339995689, 0.0], [-73.10365289957933, 44.21324239959261, 0.0], [-73.1036469000235, 44.212752099835555, 0.0], [-73.10343180055816, 44.2123403001525, 0.0], [-73.1034884005203, 44.21181389958725, 0.0], [-73.1059244004944, 44.211583100264924, 0.0], [-73.1060115998797, 44.21190509987334, 0.0], [-73.10624189997222, 44.212108300311094, 0.0], [-73.10668469939765, 44.21218140002377, 0.0], [-73.10746879958185, 44.212059899829114, 0.0], [-73.10761609962192, 44.21209910020424, 0.0], [-73.10768909989172, 44.21216769957965, 0.0]]], [[[-73.09722000045362, 44.24955999964232, 0.0], [-73.09710999971813, 44.24969999994915, 0.0], [-73.09690000041894, 44.24982000042439, 0.0], [-73.09663999952461, 44.24972999972842, 0.0], [-73.09641999992733, 44.249850000253964, 0.0], [-73.09635999945282, 44.25001999976438, 0.0], [-73.09648999942148, 44.25079000004527, 0.0], [-73.09636999977515, 44.251079999637476, 0.0], [-73.09657999944348, 44.25156999988798, 0.0], [-73.09654999943164, 44.25165000026345, 0.0], [-73.09624999997541, 44.25182999968572, 0.0], [-73.09624999967943, 44.251999999976285, 0.0], [-73.09648000010534, 44.25211999977931, 0.0], [-73.09733999970557, 44.252199999781, 0.0], [-73.09760999986777, 44.25227999992996, 0.0], [-73.09749000022029, 44.252430000347076, 0.0], [-73.09724999946737, 44.25248000024694, 0.0], [-73.09698000038648, 44.25263000040457, 0.0], [-73.09680000011952, 44.25282000013823, 0.0], [-73.09686999967992, 44.25295000036554, 0.0], [-73.09699000001669, 44.253020000255916, 0.0], [-73.09736000008552, 44.253100000312486, 0.0], [-73.0975600001931, 44.253450000225975, 0.0], [-73.09751999963495, 44.253520000348594, 0.0], [-73.09721000035518, 44.25362999996967, 0.0], [-73.0969899995894, 44.25395999963668, 0.0], [-73.09705000030165, 44.25422000032418, 0.0], [-73.09693000034036, 44.25437000010563, 0.0], [-73.09714000043218, 44.25464000036274, 0.0], [-73.0971400004004, 44.25474999970218, 0.0], [-73.09692999950752, 44.25492000041158, 0.0], [-73.09631999950065, 44.255170000044515, 0.0], [-73.0960799995617, 44.255209999567846, 0.0], [-73.0959799996959, 44.255319999584394, 0.0], [-73.09615999975391, 44.25552000006741, 0.0], [-73.09685000057212, 44.255710000018546, 0.0], [-73.09706999975288, 44.25584999979315, 0.0], [-73.09699999997493, 44.25602000042949, 0.0], [-73.09689999957163, 44.25607000038641, 0.0], [-73.09648999960655, 44.256049999822665, 0.0], [-73.09631000048037, 44.25608999968934, 0.0], [-73.09612000029834, 44.25654999981491, 0.0], [-73.0961800003628, 44.25666999977251, 0.0], [-73.09675999945483, 44.257009999952864, 0.0], [-73.09685000020838, 44.257130000312344, 0.0], [-73.09685000039173, 44.257259999883274, 0.0], [-73.0966800003056, 44.257399999878345, 0.0], [-73.09672610019194, 44.257542199971496, 0.0], [-73.09522280035407, 44.257723499183086, 0.0], [-73.0953694995481, 44.2552358003423, 0.0], [-73.09576360044782, 44.25372870017726, 0.0], [-73.09578757321623, 44.25342818015971, 0.0], [-73.09583736838631, 44.25303903922594, 0.0], [-73.09572820022045, 44.2521819997125, 0.0], [-73.09594791465338, 44.24961985199323, 0.0], [-73.09612429988881, 44.24916350008723, 0.0], [-73.09682199948239, 44.24853240001497, 0.0], [-73.09718499938279, 44.247914100354365, 0.0], [-73.09749179947593, 44.247800600302355, 0.0], [-73.09776058382087, 44.247952785123324, 0.0], [-73.09782580006522, 44.2484888001135, 0.0], [-73.09786136194535, 44.24870170914159, 0.0], [-73.0979176003155, 44.24903839970263, 0.0], [-73.09796139959509, 44.24936529962459, 0.0], [-73.09722000045362, 44.24955999964232, 0.0]]], [[[-73.09805604221411, 44.251638502881036, 0.0], [-73.09809899996768, 44.25258999983015, 0.0], [-73.09810260308382, 44.252691000324035, 0.0], [-73.0981189003765, 44.25314740014859, 0.0], [-73.09814770035045, 44.25395419991851, 0.0], [-73.09825219950145, 44.2573477001423, 0.0], [-73.09768019942878, 44.25742939955633, 0.0], [-73.09709493447171, 44.257498538708646, 0.0], [-73.09679730030989, 44.257533700279566, 0.0], [-73.09695000007892, 44.25721999967371, 0.0], [-73.0968900000232, 44.257019999909595, 0.0], [-73.09666000046586, 44.25678999993742, 0.0], [-73.09633999965406, 44.25669000007377, 0.0], [-73.09621000027549, 44.25654000020727, 0.0], [-73.09633999984706, 44.256270000433354, 0.0], [-73.09649999995774, 44.25616000001388, 0.0], [-73.0968900001672, 44.25613000039018, 0.0], [-73.09706999973024, 44.25605999963137, 0.0], [-73.09707589581616, 44.256052138975804, 0.0], [-73.09710000028221, 44.256019999746215, 0.0], [-73.09714999984958, 44.25588000008265, 0.0], [-73.0971428087036, 44.25583685387102, 0.0], [-73.09713999970755, 44.25582000020508, 0.0], [-73.09704000016644, 44.255700000107694, 0.0], [-73.09621999997387, 44.25548000043667, 0.0], [-73.09613000044051, 44.255299999578305, 0.0], [-73.0969900003056, 44.25495999972227, 0.0], [-73.09724999967581, 44.25476000031153, 0.0], [-73.0972900005342, 44.25467000000766, 0.0], [-73.09707000041453, 44.25442000038835, 0.0], [-73.09715000052661, 44.25420000020783, 0.0], [-73.09711000003506, 44.25395999971758, 0.0], [-73.09725000023731, 44.25373000019742, 0.0], [-73.09753999994085, 44.253559999812715, 0.0], [-73.09761999957165, 44.25343000014406, 0.0], [-73.09775999963998, 44.253349999933036, 0.0], [-73.0975600005912, 44.253270000281894, 0.0], [-73.09742000047102, 44.25300999974793, 0.0], [-73.09702999962087, 44.25295000031773, 0.0], [-73.09690999948674, 44.25283000017903, 0.0], [-73.09722000006103, 44.25261000017312, 0.0], [-73.09760999989568, 44.25243999960605, 0.0], [-73.09771999975668, 44.2522800003905, 0.0], [-73.09763999950596, 44.25214999989297, 0.0], [-73.0973899995143, 44.25205000022024, 0.0], [-73.09649000032593, 44.252029999768084, 0.0], [-73.09636999973888, 44.25196999994015, 0.0], [-73.0963699996407, 44.25187000024725, 0.0], [-73.09666999955924, 44.251629999610074, 0.0], [-73.09671000016864, 44.25151000036196, 0.0], [-73.09657999997133, 44.25109999956888, 0.0], [-73.09664000033847, 44.25047999991044, 0.0], [-73.0964600000603, 44.25021999999221, 0.0], [-73.09647000032817, 44.25004999963267, 0.0], [-73.09655999992036, 44.249829999684515, 0.0], [-73.0969000004084, 44.24991000045044, 0.0], [-73.0971499999118, 44.24977000027043, 0.0], [-73.09733999953279, 44.24974000044969, 0.0], [-73.09759999962047, 44.249560000371, 0.0], [-73.09796960029844, 44.24943730028175, 0.0], [-73.09800849996218, 44.24987619980401, 0.0], [-73.0980154616267, 44.25004412794445, 0.0], [-73.09784319989743, 44.250386100382734, 0.0], [-73.09784870046118, 44.25093389971796, 0.0], [-73.0979298184527, 44.25123773658005, 0.0], [-73.09805604221411, 44.251638502881036, 0.0]]], [[[-73.10097589962973, 44.256475999968224, 0.0], [-73.10111550139187, 44.25703230606774, 0.0], [-73.09844169964332, 44.257327099639745, 0.0], [-73.09828169506815, 44.25240890004944, 0.0], [-73.09849030056681, 44.2531561997552, 0.0], [-73.09874450045149, 44.25376449993804, 0.0], [-73.09968490062461, 44.25504790039801, 0.0], [-73.1001611000112, 44.25546049968916, 0.0], [-73.10083269980944, 44.256217600069746, 0.0], [-73.10097589962973, 44.256475999968224, 0.0]]], [[[-73.09849000058257, 44.26053999955841, 0.0], [-73.09834999970276, 44.26052999981549, 0.0], [-73.0982499998323, 44.260750000043004, 0.0], [-73.09815000007163, 44.260789999568104, 0.0], [-73.09754999945237, 44.26055999984487, 0.0], [-73.09753000011386, 44.2603800003445, 0.0], [-73.09758999987287, 44.26030000039042, 0.0], [-73.09815999998429, 44.25997000007106, 0.0], [-73.09810000044124, 44.259770000137564, 0.0], [-73.09777000000341, 44.25946000028989, 0.0], [-73.09756999942735, 44.25943000008679, 0.0], [-73.09729000047462, 44.259490000143444, 0.0], [-73.09689000054377, 44.25926000033076, 0.0], [-73.09677999980202, 44.2591400001393, 0.0], [-73.09687999972023, 44.25892999992326, 0.0], [-73.0968299996944, 44.258790000058085, 0.0], [-73.09659000014545, 44.2587199995686, 0.0], [-73.09626000041497, 44.25872999970301, 0.0], [-73.09616999973261, 44.25863999977505, 0.0], [-73.09611999987104, 44.258450000250804, 0.0], [-73.09615999941386, 44.2583400001297, 0.0], [-73.09665999940322, 44.258009999898285, 0.0], [-73.09684000031599, 44.25778999968125, 0.0], [-73.09684760003216, 44.257666800269405, 0.0], [-73.09824859988287, 44.257486700371366, 0.0], [-73.09822830013735, 44.25902339994344, 0.0], [-73.09862559961896, 44.26091260006265, 0.0], [-73.09868449980934, 44.26155090042407, 0.0], [-73.09843000056115, 44.26121999989831, 0.0], [-73.09859999939691, 44.26091000007751, 0.0], [-73.09849000058257, 44.26053999955841, 0.0]]], [[[-73.09672999977943, 44.258830000153694, 0.0], [-73.09666999990735, 44.25909000034325, 0.0], [-73.09679000030175, 44.259239999658355, 0.0], [-73.09677000024365, 44.25935999958591, 0.0], [-73.09698000052727, 44.259360000271116, 0.0], [-73.09710999938801, 44.25951000008794, 0.0], [-73.09720999998171, 44.25954000016332, 0.0], [-73.09768999995218, 44.2595099997438, 0.0], [-73.09800999969374, 44.25976999974858, 0.0], [-73.09799999978809, 44.25996999990876, 0.0], [-73.09744999954255, 44.260300000125596, 0.0], [-73.09738000054412, 44.260550000135275, 0.0], [-73.09757000061875, 44.26071000027458, 0.0], [-73.09785000041963, 44.26074000029427, 0.0], [-73.09802000050838, 44.26084999973582, 0.0], [-73.09821000020719, 44.26082999999851, 0.0], [-73.0984600000023, 44.260659999950626, 0.0], [-73.09844000040556, 44.260909999626044, 0.0], [-73.0983400003056, 44.26109000028603, 0.0], [-73.09834999991006, 44.2613100003346, 0.0], [-73.09868729967008, 44.261623299974225, 0.0], [-73.09870930048831, 44.26238609980906, 0.0], [-73.09871520058482, 44.26282380038309, 0.0], [-73.097708800284, 44.26217230030157, 0.0], [-73.09760689989909, 44.26215809987198, 0.0], [-73.09719640015639, 44.26227849962337, 0.0], [-73.09683520047292, 44.26257170023154, 0.0], [-73.09661260033312, 44.2631540999982, 0.0], [-73.09654019942839, 44.263213700414134, 0.0], [-73.0960608999988, 44.26317180011963, 0.0], [-73.09574429998466, 44.263218799925724, 0.0], [-73.09532410047304, 44.26338819973674, 0.0], [-73.09510901950266, 44.26358466744484, 0.0], [-73.09507545581936, 44.26360046325313, 0.0], [-73.09481100027904, 44.26402819988169, 0.0], [-73.09456010035426, 44.264285300202154, 0.0], [-73.0944073995107, 44.26393390030949, 0.0], [-73.09444370030721, 44.26382019962138, 0.0], [-73.0943154003247, 44.26311899969848, 0.0], [-73.09458789938972, 44.26174259980714, 0.0], [-73.09474829983981, 44.261316000233165, 0.0], [-73.09479929941799, 44.26010139990135, 0.0], [-73.09525930002289, 44.25885509983022, 0.0], [-73.09521900032524, 44.257863700028665, 0.0], [-73.09573069943701, 44.257794199988766, 0.0], [-73.09675299999665, 44.257677899886595, 0.0], [-73.09654000013829, 44.25798999996337, 0.0], [-73.09610999967805, 44.25828000013976, 0.0], [-73.09604000014464, 44.25842999984028, 0.0], [-73.09608999979007, 44.25865000026444, 0.0], [-73.09623999994211, 44.25877000025185, 0.0], [-73.09672999977943, 44.258830000153694, 0.0]]], [[[-73.10277140050026, 44.25826640000289, 0.0], [-73.10282660037322, 44.25838390001184, 0.0], [-73.10264989972086, 44.25905150038954, 0.0], [-73.10265879951041, 44.26022309961669, 0.0], [-73.10253507936856, 44.26071845989841, 0.0], [-73.10224721469454, 44.26121075711516, 0.0], [-73.1014866000888, 44.261999400031904, 0.0], [-73.10146580061713, 44.26218410001601, 0.0], [-73.10158496945101, 44.26237255924339, 0.0], [-73.10242960040287, 44.26302100038064, 0.0], [-73.10424130017726, 44.26406659956142, 0.0], [-73.10493889940251, 44.264051099602796, 0.0], [-73.10546892080266, 44.26414719298327, 0.0], [-73.10567629940644, 44.2642188002781, 0.0], [-73.10619689987304, 44.26465960014276, 0.0], [-73.1068682998419, 44.265030199999785, 0.0], [-73.10811650056976, 44.26524689995174, 0.0], [-73.10925440022778, 44.26513679975901, 0.0], [-73.10962880061585, 44.2650746997936, 0.0], [-73.10982379994877, 44.26497890006458, 0.0], [-73.11001180024563, 44.26477459980685, 0.0], [-73.11001990009167, 44.26357789999605, 0.0], [-73.11012120019596, 44.263393199657706, 0.0], [-73.11029669983563, 44.2633140997778, 0.0], [-73.11043290036835, 44.263322600412344, 0.0], [-73.11055659984355, 44.26339669975304, 0.0], [-73.11063749952079, 44.26432929998987, 0.0], [-73.11075710040213, 44.264461400415776, 0.0], [-73.11142729951338, 44.26457780038491, 0.0], [-73.11228409946935, 44.264232600152376, 0.0], [-73.11246010009779, 44.26418779971053, 0.0], [-73.11268569967369, 44.26420079968387, 0.0], [-73.11282480018373, 44.26429810002968, 0.0], [-73.11284739968126, 44.26481860005045, 0.0], [-73.11314409969803, 44.2654311000708, 0.0], [-73.11343639946077, 44.26579969959316, 0.0], [-73.11412169999973, 44.26646670015455, 0.0], [-73.1142880996245, 44.26672049965016, 0.0], [-73.1141070994615, 44.267014799591436, 0.0], [-73.11404610759485, 44.268023335717764, 0.0], [-73.11399509984426, 44.268064800155784, 0.0], [-73.11247019743453, 44.26931199692029, 0.0], [-73.11250829999628, 44.26911999985776, 0.0], [-73.11281239944343, 44.268553099993824, 0.0], [-73.11297090025292, 44.26792779981962, 0.0], [-73.11300580035827, 44.26737609975668, 0.0], [-73.11256370053094, 44.26659029995024, 0.0], [-73.11214230029326, 44.26621649978519, 0.0], [-73.11165709980449, 44.265918999769816, 0.0], [-73.11128499997363, 44.26581740035928, 0.0], [-73.1109248002281, 44.265788299654794, 0.0], [-73.11047579953959, 44.265944099866076, 0.0], [-73.10990519994972, 44.26634169987105, 0.0], [-73.10938679947097, 44.26637400031983, 0.0], [-73.10860329959652, 44.26630279962111, 0.0], [-73.10756580048485, 44.266119800261016, 0.0], [-73.1068738997366, 44.26592359996845, 0.0], [-73.10628730048734, 44.265323100301366, 0.0], [-73.10573259994754, 44.26495850033033, 0.0], [-73.10514570039771, 44.264915800234945, 0.0], [-73.1044164994646, 44.26508390006212, 0.0], [-73.10420379976456, 44.26520749996481, 0.0], [-73.10403600004835, 44.26542040014129, 0.0], [-73.10385299984631, 44.265917999911665, 0.0], [-73.10383650001721, 44.26628830007817, 0.0], [-73.10404709964402, 44.2669624998162, 0.0], [-73.10411590037751, 44.26747920030536, 0.0], [-73.10407530031317, 44.267767799931065, 0.0], [-73.10391370007306, 44.26773800020181, 0.0], [-73.1035850998976, 44.2673878999177, 0.0], [-73.10327189996593, 44.2666571996709, 0.0], [-73.10324749939575, 44.266447400186905, 0.0], [-73.10305759943927, 44.26601890019416, 0.0], [-73.102947799585, 44.26590999998047, 0.0], [-73.10278549984905, 44.26586120016397, 0.0], [-73.10221260062067, 44.26590779981327, 0.0], [-73.10190989971996, 44.26588060038375, 0.0], [-73.10163360045505, 44.26571059991092, 0.0], [-73.10152940042511, 44.26540540034016, 0.0], [-73.1017053005678, 44.26459649989301, 0.0], [-73.10146709953264, 44.2641704996787, 0.0], [-73.1010104002502, 44.26383229973393, 0.0], [-73.10040140059485, 44.26352050028033, 0.0], [-73.10009090012983, 44.263388999614534, 0.0], [-73.0992491000225, 44.26315690040885, 0.0], [-73.09890781816826, 44.262953609075154, 0.0], [-73.0988807000035, 44.26171070026162, 0.0], [-73.09899000038526, 44.26197999978923, 0.0], [-73.09922999994166, 44.26206000027292, 0.0], [-73.09931000032584, 44.26214000012018, 0.0], [-73.09941999996651, 44.26236999970736, 0.0], [-73.09930000045708, 44.26257000017054, 0.0], [-73.09943999967402, 44.262700000319256, 0.0], [-73.10026999962, 44.26262999988742, 0.0], [-73.10070000023212, 44.26277000023233, 0.0], [-73.10092999985454, 44.26299000023842, 0.0], [-73.10102000005939, 44.26298000044806, 0.0], [-73.10079000017585, 44.26272999978342, 0.0], [-73.10050000037042, 44.26265999963386, 0.0], [-73.10033000042635, 44.26255000032021, 0.0], [-73.09946000036463, 44.262579999991836, 0.0], [-73.09959000017582, 44.26229000013943, 0.0], [-73.09944000060231, 44.26225000027687, 0.0], [-73.09934000021046, 44.26203999980274, 0.0], [-73.09907000004026, 44.26191999976591, 0.0], [-73.09901000007318, 44.26169000043539, 0.0], [-73.09887879960932, 44.26164230001454, 0.0], [-73.09881530018811, 44.26089780007381, 0.0], [-73.09841900025123, 44.25901600041721, 0.0], [-73.098442000482, 44.25746590034486, 0.0], [-73.09993270010496, 44.257295700105225, 0.0], [-73.10115810018588, 44.25716650037043, 0.0], [-73.10134290008922, 44.25750329957426, 0.0], [-73.10185819974987, 44.257870399619364, 0.0], [-73.10202879977366, 44.258077200040475, 0.0], [-73.10261149965126, 44.2581386003829, 0.0], [-73.10277140050026, 44.25826640000289, 0.0]], [[-73.10352999937624, 44.26482999968947, 0.0], [-73.1033799994204, 44.264789999623524, 0.0], [-73.10308999948991, 44.26457000012639, 0.0], [-73.10284999976975, 44.26456000013342, 0.0], [-73.10259000014378, 44.264370000254615, 0.0], [-73.10252000052505, 44.264419999793205, 0.0], [-73.10278999938583, 44.26461000016304, 0.0], [-73.10308000002081, 44.26462999968229, 0.0], [-73.10348000030245, 44.26489999968866, 0.0], [-73.10373999989977, 44.26476999977943, 0.0], [-73.1037799994095, 44.264659999813794, 0.0], [-73.10366999950968, 44.26446999963353, 0.0], [-73.10374000006583, 44.264329999590075, 0.0], [-73.10388000058316, 44.26430999998654, 0.0], [-73.10401000043116, 44.2644200002986, 0.0], [-73.10412000005115, 44.26469999994556, 0.0], [-73.10411000045012, 44.26488999988536, 0.0], [-73.10420000053101, 44.265020000260634, 0.0], [-73.10449000023057, 44.26491000041162, 0.0], [-73.10465000001359, 44.264780000186946, 0.0], [-73.10478000060162, 44.26476999989137, 0.0], [-73.1048399996355, 44.26462999993475, 0.0], [-73.10537999966137, 44.264640000101274, 0.0], [-73.10544999956034, 44.264600000287835, 0.0], [-73.10524000006096, 44.26453000033834, 0.0], [-73.10478999961208, 44.26455999963886, 0.0], [-73.10455999994991, 44.26468000009122, 0.0], [-73.10447999997085, 44.2648399997977, 0.0], [-73.1042799994771, 44.264939999971446, 0.0], [-73.10410000046642, 44.26443000013869, 0.0], [-73.10383999989945, 44.26424000040698, 0.0], [-73.10370000023667, 44.264239999702134, 0.0], [-73.10361999967289, 44.26430000024845, 0.0], [-73.10357999975942, 44.26452000021597, 0.0], [-73.10371000046588, 44.264710000075375, 0.0], [-73.10352999937624, 44.26482999968947, 0.0]]], [[[-73.11478499969142, 44.270721699896704, 0.0], [-73.11491179983378, 44.27110280012615, 0.0], [-73.1149380999373, 44.27164889978616, 0.0], [-73.11523362072705, 44.27231664607371, 0.0], [-73.11553039991605, 44.27312830030573, 0.0], [-73.11543016753781, 44.27388824581003, 0.0], [-73.11538174946124, 44.274181726822626, 0.0], [-73.11529859982936, 44.274608599778965, 0.0], [-73.11536749943332, 44.27503089982267, 0.0], [-73.11654949987889, 44.27597379965179, 0.0], [-73.11666340041273, 44.27625749958611, 0.0], [-73.11551719951873, 44.27635970026372, 0.0], [-73.1153987996594, 44.27613540038298, 0.0], [-73.11486689937891, 44.27581769972477, 0.0], [-73.1146574995087, 44.27551909976461, 0.0], [-73.11444699961636, 44.274991399663065, 0.0], [-73.1145773003225, 44.27375360015438, 0.0], [-73.11453230010065, 44.27339670020069, 0.0], [-73.11446630012954, 44.27316979987543, 0.0], [-73.11419439969293, 44.272781299661624, 0.0], [-73.11410839960085, 44.27243150026028, 0.0], [-73.11394247049165, 44.2721469135593, 0.0], [-73.1136473995648, 44.271737700194876, 0.0], [-73.11339219969067, 44.27146680028272, 0.0], [-73.11310890022982, 44.27129579976602, 0.0], [-73.11283540012433, 44.27104190021354, 0.0], [-73.11249190038765, 44.270587799746494, 0.0], [-73.11237610007264, 44.270159499621876, 0.0], [-73.1125559999805, 44.26966249989205, 0.0], [-73.1125335004033, 44.26949650060112, 0.0], [-73.11328060554386, 44.26888005522051, 0.0], [-73.1133404998035, 44.26882800013584, 0.0], [-73.1134243994043, 44.26875499959079, 0.0], [-73.11397919740756, 44.26828139725649, 0.0], [-73.11395739949157, 44.26851160042117, 0.0], [-73.11373549979382, 44.26877560030757, 0.0], [-73.11373750010218, 44.26896709973621, 0.0], [-73.11407120060714, 44.269438200370885, 0.0], [-73.11441060050751, 44.27031110006451, 0.0], [-73.11478499969142, 44.270721699896704, 0.0]]], [[[-73.09177639939428, 44.273881900320134, 0.0], [-73.09142980009398, 44.27444220043681, 0.0], [-73.09113219962292, 44.274751600115394, 0.0], [-73.09076230001905, 44.27491530015083, 0.0], [-73.0899263996534, 44.27506650021677, 0.0], [-73.0895865000211, 44.27535820021233, 0.0], [-73.08942310006837, 44.27565809995787, 0.0], [-73.0893690005574, 44.27644319968492, 0.0], [-73.08914549940839, 44.276853000287666, 0.0], [-73.08852579994301, 44.27730840042672, 0.0], [-73.08771890033162, 44.27774720011824, 0.0], [-73.08750949966885, 44.277946699946725, 0.0], [-73.08761669985827, 44.27837440030776, 0.0], [-73.08813840002591, 44.278784799793485, 0.0], [-73.08809019988632, 44.278851399716125, 0.0], [-73.08758000050882, 44.278869999871034, 0.0], [-73.08742000043343, 44.278740000212956, 0.0], [-73.0872000002359, 44.278690000011885, 0.0], [-73.08696000059813, 44.27893000029658, 0.0], [-73.08644790088292, 44.278987496798045, 0.0], [-73.08607999946346, 44.278870000254514, 0.0], [-73.0857199996239, 44.27889000021118, 0.0], [-73.08551000035108, 44.278829999820395, 0.0], [-73.08547000016291, 44.278760000278204, 0.0], [-73.08558999947734, 44.27844000014229, 0.0], [-73.08555999980094, 44.278300000380284, 0.0], [-73.0854500003761, 44.27822999964228, 0.0], [-73.08523408942227, 44.2782022734427, 0.0], [-73.08517999945553, 44.27820999966862, 0.0], [-73.08501999986974, 44.278210000234886, 0.0], [-73.08488000037094, 44.27797999972002, 0.0], [-73.08460000038495, 44.27782000040601, 0.0], [-73.08435000015056, 44.27784000002411, 0.0], [-73.08414000041525, 44.27806000003666, 0.0], [-73.08403000022659, 44.278080000222246, 0.0], [-73.08336000048658, 44.27780999974414, 0.0], [-73.0831999999906, 44.27769999975967, 0.0], [-73.0831993331955, 44.27769958287429, 0.0], [-73.08255999961366, 44.277299999773106, 0.0], [-73.08156640044072, 44.27698750008562, 0.0], [-73.08193949974235, 44.27671650018741, 0.0], [-73.08273249949187, 44.27634900042128, 0.0], [-73.08295599991077, 44.27624749986091, 0.0], [-73.08359270016034, 44.276524300357885, 0.0], [-73.08445940019733, 44.27681540033726, 0.0], [-73.08546210000158, 44.27703429980212, 0.0], [-73.08664029942206, 44.27698359993916, 0.0], [-73.08693859946193, 44.27678780011556, 0.0], [-73.08792810047872, 44.27657210043246, 0.0], [-73.08825560021985, 44.276318700359056, 0.0], [-73.08846450039913, 44.27607490026044, 0.0], [-73.08893010058124, 44.27522840030444, 0.0], [-73.08925329977558, 44.27435730040361, 0.0], [-73.08937869971966, 44.2743358000553, 0.0], [-73.08965199981687, 44.274434700302045, 0.0], [-73.09010100004753, 44.274477700088475, 0.0], [-73.09098769974042, 44.27417609971391, 0.0], [-73.09130789967696, 44.27391299978979, 0.0], [-73.09187419978976, 44.27319059975512, 0.0], [-73.09218379973176, 44.272886700424095, 0.0], [-73.0929150004772, 44.271801799826235, 0.0], [-73.09307730044529, 44.27139719975828, 0.0], [-73.09323270028328, 44.27052489997736, 0.0], [-73.09340329995412, 44.27040360026934, 0.0], [-73.09348589994447, 44.27043290015396, 0.0], [-73.09355479948233, 44.27061860022849, 0.0], [-73.09347759980668, 44.27101780003775, 0.0], [-73.09299560005728, 44.272157899948475, 0.0], [-73.09234630049163, 44.27332679971276, 0.0], [-73.09177639939428, 44.273881900320134, 0.0]]], [[[-73.08140189941945, 44.27691660022713, 0.0], [-73.08101999998281, 44.27661999993686, 0.0], [-73.08060000025372, 44.276649999695685, 0.0], [-73.08040999992906, 44.276359999626166, 0.0], [-73.08005999952276, 44.276060000386344, 0.0], [-73.07960000029807, 44.275950000071596, 0.0], [-73.07954000033715, 44.27579000036779, 0.0], [-73.07933570003718, 44.27570000029697, 0.0], [-73.07928150000261, 44.275368300167564, 0.0], [-73.08001899998477, 44.275713099560576, 0.0], [-73.0813847995886, 44.276106499923316, 0.0], [-73.08271620045666, 44.276192899553656, 0.0], [-73.08262919987695, 44.27623360026131, 0.0], [-73.08182519955906, 44.27660650031951, 0.0], [-73.08140189941945, 44.27691660022713, 0.0]]], [[[-73.08117999980837, 44.27692000007983, 0.0], [-73.08132430006414, 44.27700590040095, 0.0], [-73.08119410033964, 44.27743320022175, 0.0], [-73.0812495999946, 44.27780279977946, 0.0], [-73.0821217994997, 44.27928770011553, 0.0], [-73.08216427104874, 44.27938810567618, 0.0], [-73.07997497039021, 44.27959179174804, 0.0], [-73.07996146385963, 44.27952815720353, 0.0], [-73.07938140625167, 44.275979538425055, 0.0], [-73.07954000051622, 44.27603000026944, 0.0], [-73.08015999984963, 44.27624000026817, 0.0], [-73.0803200003421, 44.27637999991468, 0.0], [-73.08050000025978, 44.276669999655724, 0.0], [-73.08106000011087, 44.27671000037973, 0.0], [-73.08117999980837, 44.27692000007983, 0.0]]], [[[-73.08462999991204, 44.277890000150485, 0.0], [-73.08486999998547, 44.27807999977028, 0.0], [-73.0849200002344, 44.278240000111914, 0.0], [-73.0851699999338, 44.27827999987454, 0.0], [-73.08546999991236, 44.278309999667975, 0.0], [-73.08551999969374, 44.278439999881286, 0.0], [-73.08537999951606, 44.27872999998537, 0.0], [-73.08495999963408, 44.27911000002213, 0.0], [-73.08464766648599, 44.27915982614566, 0.0], [-73.08364623439546, 44.27924393115078, 0.0], [-73.0835499003142, 44.27925900026374, 0.0], [-73.08354405583587, 44.279218318728525, 0.0], [-73.08353999984668, 44.27919000005005, 0.0], [-73.08378999940035, 44.27887000002659, 0.0], [-73.08378999998293, 44.27851999955495, 0.0], [-73.08368000014185, 44.27855999960763, 0.0], [-73.08363999996521, 44.278969999880744, 0.0], [-73.08345410058273, 44.27918870007912, 0.0], [-73.08347057334667, 44.27926700399856, 0.0], [-73.0823565977493, 44.279371101222246, 0.0], [-73.08148629962714, 44.27790849987685, 0.0], [-73.08138520024816, 44.277435699864995, 0.0], [-73.08147890035411, 44.277089400064035, 0.0], [-73.08239999943785, 44.27733000013909, 0.0], [-73.08313460013524, 44.27774639991443, 0.0], [-73.08397000030618, 44.27813000015416, 0.0], [-73.08418999971038, 44.27810000035227, 0.0], [-73.08439999955247, 44.27788999990355, 0.0], [-73.08462999991204, 44.277890000150485, 0.0]]], [[[-73.08539000027189, 44.27878000009955, 0.0], [-73.08545000026194, 44.278860000317955, 0.0], [-73.08567999939176, 44.27896000038503, 0.0], [-73.08589000060111, 44.27892999997657, 0.0], [-73.08630960040476, 44.279004799635985, 0.0], [-73.085209600485, 44.27911020021827, 0.0], [-73.08539000027189, 44.27878000009955, 0.0]]]]}, "properties": {"OBJECT_ID": 72, "County": "Addison", "RPC": "ACRPC", "Municipal_Name": "Monkton", "GEO_ID": "5000145550", "District_Name": "Flood Hazard Overlay District", "Abbreviated_District_Name": "Flhd", "District_Type": "Nonresidential", "Bylaw_Date": "2023-03-07", "Elderly_Housing_District": "No", "District_Mapped": "Yes", "Overlay_District": "Yes", "Base_Density": 0, "GIS_ID": null, "Last_Update": "20230307", "Shape_Length": 80286.11587923976, "Shape_Area": 6094411.395497039, "F1F_Allowance": "Prohibited", "F1F_Front_Setback": 0, "F1F_Side_Setback": 0, "F1F_Rear_Setback": 0, "F1F_Frontage": 0, "F1F_Max_Height": "", "F1F_Max_Stories": "", "F1F_Min_Lot_Size": 0, "F1F_Max_Lot_Building_Coverage": "", "F1F_Max_Lot_Impervious_Coverage": 0, "F1F_Min_Parking_Spaces": 0, "F1F_Elderly_Housing_Only": null, "F1F_Affordable_Housing_Only": null, "F2F_Allowance": "Prohibited", "F2F_Front_Setback": "", "F2F_Side_Setback": "", "F2F_Rear_Setback": "", "F2F_Frontage": "", "F2F_Max_Density": "", "F2F_Max_Height": "", "F2F_Max_Stories": "", "F2F_Min_Lot_Size": "", "F2F_Max_Lot_Building_Coverage": "", "F2F_Max_Lot_Impervious_Coverage": "", "F2F_Min_Parking_Spaces_per_1BR": "", "F2F_Min_Parking_Spaces_per_mult_BR": "", "F2F_Elderly_Housing_Only": "No", "F2F_Affordable_Housing_Only": "No", "F3F_Allowance": "Prohibited", "F3F_Front_Setback": "", "F3F_Side_Setback": "", "F3F_Rear_Setback": "", "F3F_Frontage": "", "F3F_Max_Density": "", "F3F_Max_Height": "", "F3F_Max_Stories": "", "F3F_Min_Lot_Size": "", "F3F_Max_Lot_Building_Coverage": "", "F3F_Max_Lot_Impervious_Coverage": "", "F3F_Min_Parking_Spaces_per_1BR": "", "F3F_Min_Parking_Spaces_per_mult_BR": "", "F3F_Affordable_Housing_Only": "No", "F3F_Proximity_to_Public_Transit_Required": "No", "F3F_Connection_to_Sewage/Water_Required": "No", "F4F_Allowance": "Prohibited", "F4F_Front_Setback": "", "F4F_Side_Setback": "", "F4F_Rear_Setback": "", "F4F_Frontage": "", "F1F_Max_Density": null, "F4F_Max_Density": "", "F4F_Max_Height": "", "F4F_Max_Stories": "", "F4F_Min_Lot_Size": "", "F4F_Max_Lot_Building_Coverage": "", "F4F_Max_Lot_Impervious_Coverage": "", "F4F_Min_Parking_Spaces_per_1BR": "", "F4F_Min_Parking_Spaces_per_mult_BR": "", "F3F_Elderly_Housing_Only": "No", "F4F_Elderly_Housing_Only": "No", "F4F_Affordable_Housing_Only": "No", "F4F_Proximity_to_Public_Transit_Required": "No", "F4F_Connection_to_Sewage/Water_Required": "No", "ADU_Allowance": "Prohibited", "ADU_Elderly_Housing_Only": "No", "ADU_Max_Size_as_Percent_of_Primary_Strcture": 0, "ADU_Max_Size_in_sq_ft": 0, "ADU_Min_Lot_Size": "", "ADU_Max_Bedrooms": "", "ADU_Min_Parking_Spaces": "", "ADU_Owner_Occupancy_Required": "No", "ADU_Renter_Occupancy_Prohibited": "No", "ADU_Employee_or_Family_Occupancy_Required": "No", "ADU_Restricted_to_Primary_Structure": "\b", "Affordable_Housing_Allowance": "Not Mentioned", "Affordable_Housing_District": "No", "Affordable_Housing_Elderly_Only": "No", "Affordable_Housing_Min_Lot_Size": "", "Affordable_Housing_Max_Density": "", "Affordable_Housing_Min_Parking_Spaces_per_mult_BR": "", "Affordable_Housing_Max_Units_per_Building": "", "Affordable_Housing_Min_Parking_Spaces_per_1BR": "", "PRD_Allowance": "Prohibited", "PRD_Max_Density": "", "PRD_Max_Units": "", "PRD_Min_Lot_Size": "", "PRD_Mobile_or_Manufactured_Home_Park": "No", "PUD_Allowance": "\b", "PUD_Required_with_Subdivision": "", "PUD_Requires_Land_Conservation": "", "PUD_Threshold_Number": "", "Notes": " This District Is Comprised Of Zone A On Fema Firm Maps From November 1985 And River Corridors Designated By The Vermont Agency Of Natural Resources (And 50 Feet From The Top Of Slope Along Streams Without Defined Corridors).  ", "FIPS6": 1060}}, {"type": "Feature", "id": 3, "geometry": {"type": "MultiPolygon", "coordinates": [[[[-73.12786410060141, 44.25628959978551, 0], [-73.12475530005823, 44.25643670031814, 0], [-73.12438910036394, 44.25645399955347, 0], [-73.12445089992524, 44.25740119956162, 0], [-73.12445200040005, 44.25750079983688, 0], [-73.12780509958795, 44.256978000085944, 0], [-73.12786410060141, 44.25628959978551, 0]]], [[[-73.12366229974363, 44.25432059995493, 0], [-73.12331699965785, 44.2543480000374, 0], [-73.12098030033881, 44.25464729970558, 0], [-73.11871070016252, 44.25501560011251, 0], [-73.11900989957157, 44.255593800211756, 0], [-73.12323280062147, 44.25494559980436, 0], [-73.12353140055566, 44.25764429975814, 0], [-73.12426169970367, 44.257530499871955, 0], [-73.12414099945134, 44.255756099758564, 0], [-73.1239371006183, 44.254392499982984, 0], [-73.12366229974363, 44.25432059995493, 0]]], [[[-73.12369719990541, 44.25298180025765, 0], [-73.11830929970523, 44.2538217998814, 0], [-73.11865749973863, 44.254883699888936, 0], [-73.11998549946155, 44.2546530003125, 0], [-73.12341010045076, 44.254171200013374, 0], [-73.12360440002152, 44.253998700190934, 0], [-73.12369719990541, 44.25298180025765, 0]]], [[[-73.12661719990265, 44.25191340004799, 0], [-73.12397663017707, 44.252897988907506, 0], [-73.12387889953833, 44.25313549957879, 0], [-73.12387982397797, 44.253269483792344, 0], [-73.12401516114844, 44.253881104605206, 0], [-73.12433539941725, 44.25579600005877, 0], [-73.12775850051966, 44.25570869964033, 0], [-73.12758565340631, 44.25464691639866, 0], [-73.12740830138442, 44.254128307071966, 0], [-73.12724440026042, 44.25415139982104, 0], [-73.12573740042467, 44.25429469990383, 0], [-73.125735100441, 44.25417440028363, 0], [-73.12720459965952, 44.25401039957038, 0], [-73.12736059979179, 44.25398890003909, 0], [-73.12736058558802, 44.253988859617934, 0], [-73.12680962128836, 44.2523783522067, 0], [-73.12661719990265, 44.25191340004799, 0]]]]}, "properties": {"OBJECT_ID": 73, "County": "Addison", "RPC": "ACRPC", "Municipal_Name": "Monkton", "GEO_ID": "5000145550", "District_Name": "High Density Village District", "Abbreviated_District_Name": "R1v", "District_Type": "Primarily Residential", "Bylaw_Date": "2023-03-07", "Elderly_Housing_District": "No", "District_Mapped": "Yes", "Overlay_District": "No", "Base_Density": 0, "GIS_ID": null, "Last_Update": "20230307", "Shape_Length": 4915.095349347529, "Shape_Area": 219966.810210174, "F1F_Allowance": "Permitted", "F1F_Front_Setback": 30, "F1F_Side_Setback": 25, "F1F_Rear_Setback": 25, "F1F_Frontage": 100, "F1F_Max_Height": "35", "F1F_Max_Stories": "3", "F1F_Min_Lot_Size": 1, "F1F_Max_Lot_Building_Coverage": "", "F1F_Max_Lot_Impervious_Coverage": 0, "F1F_Min_Parking_Spaces": 0, "F1F_Elderly_Housing_Only": null, "F1F_Affordable_Housing_Only": null, "F2F_Allowance": "Permitted", "F2F_Front_Setback": "30", "F2F_Side_Setback": "25", "F2F_Rear_Setback": "25", "F2F_Frontage": "100", "F2F_Max_Density": 1.0, "F2F_Max_Height": "35", "F2F_Max_Stories": "3", "F2F_Min_Lot_Size": "1", "F2F_Max_Lot_Building_Coverage": "", "F2F_Max_Lot_Impervious_Coverage": "", "F2F_Min_Parking_Spaces_per_1BR": "", "F2F_Min_Parking_Spaces_per_mult_BR": "", "F2F_Elderly_Housing_Only": "No", "F2F_Affordable_Housing_Only": "No", "F3F_Allowance": "Public Hearing", "F3F_Front_Setback": "\b", "F3F_Side_Setback": "\b", "F3F_Rear_Setback": 25.0, "F3F_Frontage": "\b", "F3F_Max_Density": 1.0, "F3F_Max_Height": "35", "F3F_Max_Stories": "3", "F3F_Min_Lot_Size": "\b", "F3F_Max_Lot_Building_Coverage": "", "F3F_Max_Lot_Impervious_Coverage": "", "F3F_Min_Parking_Spaces_per_1BR": "", "F3F_Min_Parking_Spaces_per_mult_BR": "", "F3F_Affordable_Housing_Only": "No", "F3F_Proximity_to_Public_Transit_Required": "No", "F3F_Connection_to_Sewage/Water_Required": "No", "F4F_Allowance": "Public Hearing", "F4F_Front_Setback": "\b", "F4F_Side_Setback": "\b", "F4F_Rear_Setback": 25.0, "F4F_Frontage": "\b", "F1F_Max_Density": null, "F4F_Max_Density": "\b", "F4F_Max_Height": "\b", "F4F_Max_Stories": "\b", "F4F_Min_Lot_Size": "\b", "F4F_Max_Lot_Building_Coverage": "", "F4F_Max_Lot_Impervious_Coverage": "", "F4F_Min_Parking_Spaces_per_1BR": "", "F4F_Min_Parking_Spaces_per_mult_BR": "", "F3F_Elderly_Housing_Only": "No", "F4F_Elderly_Housing_Only": "No", "F4F_Affordable_Housing_Only": "No", "F4F_Proximity_to_Public_Transit_Required": "No", "F4F_Connection_to_Sewage/Water_Required": "No", "ADU_Allowance": "Allowed/Conditional", "ADU_Elderly_Housing_Only": "No", "ADU_Max_Size_as_Percent_of_Primary_Strcture": 30, "ADU_Max_Size_in_sq_ft": 900, "ADU_Min_Lot_Size": "1", "ADU_Max_Bedrooms": "1", "ADU_Min_Parking_Spaces": "", "ADU_Owner_Occupancy_Required": "Yes", "ADU_Renter_Occupancy_Prohibited": "No", "ADU_Employee_or_Family_Occupancy_Required": "No", "ADU_Restricted_to_Primary_Structure": "\bNo", "Affordable_Housing_Allowance": "Not Mentioned", "Affordable_Housing_District": "No", "Affordable_Housing_Elderly_Only": "No", "Affordable_Housing_Min_Lot_Size": "", "Affordable_Housing_Max_Density": "", "Affordable_Housing_Min_Parking_Spaces_per_mult_BR": "", "Affordable_Housing_Max_Units_per_Building": "", "Affordable_Housing_Min_Parking_Spaces_per_1BR": "", "PRD_Allowance": "Allowed/Conditional", "PRD_Max_Density": "", "PRD_Max_Units": "", "PRD_Min_Lot_Size": "", "PRD_Mobile_or_Manufactured_Home_Park": "Yes", "PUD_Allowance": "Yes", "PUD_Required_with_Subdivision": "Yes", "PUD_Requires_Land_Conservation": "\bYes", "PUD_Threshold_Number": "5", "Notes": " This District Is Part Of The Village/Residential Planning Region. Maximum Building Height 3 Stories Or 35 Feet, Whichever Is Less. Maximum Adu Size Is 30% Or 900sf, Whichever Is Greater. Maximum Accessory Building Height 20ft. Density Bonus Of 50% For Affordable Or Elderly Housing Units Up to 10 Units And 25% For Energy Efficient Units.  ", "FIPS6": 1060}}, {"type": "Feature", "id": 4, "geometry": {"type": "MultiPolygon", "coordinates": [[[[-73.17751220027876, 44.18447609966056, 0.0], [-73.17723301062028, 44.183819898696655, 0.0], [-73.17678859989397, 44.183057800054094, 0.0], [-73.1766552001398, 44.182691000133104, 0.0], [-73.1758844005601, 44.17780130010136, 0.0], [-73.17606279973808, 44.17675909993001, 0.0], [-73.17608520042441, 44.175616700276116, 0.0], [-73.17585980356766, 44.17406959955767, 0.0], [-73.17713756159222, 44.17395743017283, 0.0], [-73.17908979604633, 44.182821975041996, 0.0], [-73.17924015497447, 44.18350471164193, 0.0], [-73.17945060002044, 44.18451410002036, 0.0], [-73.17840999992741, 44.18487999964112, 0.0], [-73.1780300002542, 44.184880000317655, 0.0], [-73.17746949957056, 44.184759899895674, 0.0], [-73.17751220027876, 44.18447609966056, 0.0]]], [[[-73.17724669969782, 44.1842347004183, 0.0], [-73.17732220046386, 44.18449209962182, 0.0], [-73.17729889982206, 44.18467779993323, 0.0], [-73.17657000016179, 44.18399999989579, 0.0], [-73.17618000055889, 44.183899999712324, 0.0], [-73.17562000043098, 44.18390000018281, 0.0], [-73.17529000043083, 44.18395000018341, 0.0], [-73.1746899995675, 44.18424000031579, 0.0], [-73.17432000056372, 44.18470000013775, 0.0], [-73.17397000055311, 44.18490999975976, 0.0], [-73.17353000031258, 44.184990000434226, 0.0], [-73.17327000025553, 44.184839999625616, 0.0], [-73.17288999967624, 44.18438999977211, 0.0], [-73.17251000046473, 44.18420000004381, 0.0], [-73.17206000044142, 44.184149999668804, 0.0], [-73.17169999940106, 44.18419000038012, 0.0], [-73.17142999989358, 44.18427000034965, 0.0], [-73.17121000008926, 44.184469999757454, 0.0], [-73.17104000044353, 44.18452000035488, 0.0], [-73.17081999938868, 44.184420000147696, 0.0], [-73.17056999964156, 44.18407000029384, 0.0], [-73.1703500005153, 44.18392999990855, 0.0], [-73.17015000000029, 44.1839299997652, 0.0], [-73.16974999947267, 44.18407000030924, 0.0], [-73.16957999967563, 44.184040000233864, 0.0], [-73.1694799999397, 44.18396000012341, 0.0], [-73.16911999998455, 44.183329999775054, 0.0], [-73.16880999940527, 44.18302000018877, 0.0], [-73.16839000022979, 44.18294000014706, 0.0], [-73.1681200005702, 44.18304999985517, 0.0], [-73.16799000038492, 44.183029999972376, 0.0], [-73.1677700000726, 44.18265999974161, 0.0], [-73.16748000016685, 44.18241999980201, 0.0], [-73.16718999958015, 44.181820000314865, 0.0], [-73.16720000006555, 44.18172000043507, 0.0], [-73.16776000007795, 44.18150000026923, 0.0], [-73.16779000010285, 44.181329999899496, 0.0], [-73.16767000055262, 44.18128000022989, 0.0], [-73.16756000002475, 44.181140000339234, 0.0], [-73.16795999980641, 44.18092999967307, 0.0], [-73.16799999940757, 44.18083999961229, 0.0], [-73.16794000053137, 44.18056000001108, 0.0], [-73.16773000044543, 44.180610000089644, 0.0], [-73.16749999979123, 44.18038000020892, 0.0], [-73.16776999962245, 44.18007000011992, 0.0], [-73.16778999996667, 44.1798899998409, 0.0], [-73.16768000044863, 44.17983000039004, 0.0], [-73.16718999946995, 44.17978000036602, 0.0], [-73.16701000041873, 44.17959000010478, 0.0], [-73.16697000055773, 44.17928999961477, 0.0], [-73.16667999985629, 44.1790900003889, 0.0], [-73.16662999976595, 44.17898999965816, 0.0], [-73.1664499993899, 44.17901000016084, 0.0], [-73.16624000011838, 44.17890000035388, 0.0], [-73.16566000012551, 44.17834000024361, 0.0], [-73.16563000046112, 44.17822999969261, 0.0], [-73.1657299994621, 44.178149999788126, 0.0], [-73.16663999980032, 44.17800000023488, 0.0], [-73.16699000062484, 44.17780999997019, 0.0], [-73.1669199993846, 44.17770000019846, 0.0], [-73.16668999975127, 44.177580000229824, 0.0], [-73.16627999976949, 44.17739999963553, 0.0], [-73.16566000000105, 44.177220000133836, 0.0], [-73.16517000019596, 44.17684999968844, 0.0], [-73.16514000059291, 44.17677000025738, 0.0], [-73.16522999945019, 44.17650000019694, 0.0], [-73.16559000035353, 44.17630000011376, 0.0], [-73.16621999947158, 44.17645999965964, 0.0], [-73.16572999949881, 44.17623999987265, 0.0], [-73.16558999945545, 44.17624000025805, 0.0], [-73.1651400004558, 44.17650000045028, 0.0], [-73.1650799996029, 44.17674999984465, 0.0], [-73.16512000019546, 44.176890000318295, 0.0], [-73.16565000021609, 44.177289999578385, 0.0], [-73.16623999965205, 44.1774599996767, 0.0], [-73.1669100001085, 44.17779000029222, 0.0], [-73.16664000031777, 44.177940000389, 0.0], [-73.16569999974023, 44.178049999975975, 0.0], [-73.16556999954207, 44.178130000054274, 0.0], [-73.16558000041564, 44.17835000000113, 0.0], [-73.16608000045625, 44.17886999971402, 0.0], [-73.1668400002899, 44.17927000020747, 0.0], [-73.16702999963762, 44.17975999998419, 0.0], [-73.16716999994986, 44.179849999814614, 0.0], [-73.16770000015207, 44.17995000014016, 0.0], [-73.16771000002099, 44.180029999653236, 0.0], [-73.16743999947104, 44.18026999996884, 0.0], [-73.16739999990837, 44.18038000038157, 0.0], [-73.16756000037643, 44.18057999968756, 0.0], [-73.16788999937961, 44.180750000020566, 0.0], [-73.1679199999136, 44.18086999974159, 0.0], [-73.16771000026007, 44.180969999771506, 0.0], [-73.16755000037962, 44.18097999957936, 0.0], [-73.16742999942298, 44.18107999963997, 0.0], [-73.16764000019596, 44.18144999967165, 0.0], [-73.16732999939889, 44.181579999649706, 0.0], [-73.16726000025506, 44.181460000330134, 0.0], [-73.16719000053158, 44.18147000040015, 0.0], [-73.16702999941857, 44.18180999976117, 0.0], [-73.16724000031297, 44.182340000242014, 0.0], [-73.16747000000095, 44.182609999834334, 0.0], [-73.16769000018343, 44.18276000021211, 0.0], [-73.16776999958584, 44.18307000026985, 0.0], [-73.16786999980219, 44.18312999955875, 0.0], [-73.16806999961557, 44.18314999972886, 0.0], [-73.16849000023026, 44.18307000030002, 0.0], [-73.16878999974817, 44.18312000022647, 0.0], [-73.16896000042387, 44.18332000012549, 0.0], [-73.16899000018115, 44.18350000020005, 0.0], [-73.16917000025586, 44.183670000272194, 0.0], [-73.16922000005725, 44.183859999930334, 0.0], [-73.169430000499, 44.184080000193326, 0.0], [-73.16960000039649, 44.18417000026871, 0.0], [-73.17034000007708, 44.18407999998891, 0.0], [-73.17053999971208, 44.18421999988456, 0.0], [-73.17061999964606, 44.184450000260405, 0.0], [-73.17087000049766, 44.18456999980076, 0.0], [-73.1711699999922, 44.18460999994801, 0.0], [-73.17161999942634, 44.18437000027521, 0.0], [-73.17187000010311, 44.18430000029432, 0.0], [-73.17212999989178, 44.184280000296894, 0.0], [-73.17251000012064, 44.18433000030878, 0.0], [-73.17283999943183, 44.18448999990386, 0.0], [-73.17317999972788, 44.184970000175404, 0.0], [-73.17346000029312, 44.18508000013246, 0.0], [-73.1738199995003, 44.185059999811756, 0.0], [-73.17429999951642, 44.18485999998476, 0.0], [-73.17466999982727, 44.18450999996498, 0.0], [-73.17512999956847, 44.18418000019163, 0.0], [-73.17545000024441, 44.18405999989061, 0.0], [-73.17619999972672, 44.184059999836634, 0.0], [-73.17652000062368, 44.18413000017622, 0.0], [-73.17682000046581, 44.1844800003618, 0.0], [-73.17683999974516, 44.18461000002167, 0.0], [-73.1772597002829, 44.18481109975901, 0.0], [-73.17692390012756, 44.187737599907834, 0.0], [-73.17698470030936, 44.18831159979633, 0.0], [-73.17632320046977, 44.18898210030811, 0.0], [-73.17440089958669, 44.18898900008791, 0.0], [-73.17253140013807, 44.18909019976992, 0.0], [-73.16774490007927, 44.189604200179986, 0.0], [-73.16242800052008, 44.1899101000402, 0.0], [-73.15896489978083, 44.1901979000773, 0.0], [-73.15609630034376, 44.190379099942504, 0.0], [-73.15595489962479, 44.190354399915044, 0.0], [-73.1557504000202, 44.190200699890056, 0.0], [-73.15525620026933, 44.18907649987145, 0.0], [-73.15455479997594, 44.185695400007056, 0.0], [-73.15439519945387, 44.184443199575064, 0.0], [-73.153836099408, 44.183333500200845, 0.0], [-73.1532371978535, 44.18169020116432, 0.0], [-73.15293269986228, 44.18085140007439, 0.0], [-73.15141329939006, 44.17653349955754, 0.0], [-73.16259609947238, 44.17534799989084, 0.0], [-73.16693530100201, 44.174947438556224, 0.0], [-73.17045529981954, 44.17462250028929, 0.0], [-73.17045210044616, 44.174586800118405, 0.0], [-73.16693399975091, 44.17488568769107, 0.0], [-73.15454897713926, 44.1759364698195, 0.0], [-73.1553047112187, 44.17584907497052, 0.0], [-73.17350609295706, 44.17427614686236, 0.0], [-73.17567219969084, 44.17408600021304, 0.0], [-73.17589460055011, 44.175620300418394, 0.0], [-73.17587260009661, 44.176749999662434, 0.0], [-73.1757145003438, 44.17756189992481, 0.0], [-73.17570419948876, 44.17798249974082, 0.0], [-73.17646809956612, 44.182717800311536, 0.0], [-73.17660740037233, 44.18310079955966, 0.0], [-73.17699149996503, 44.183747999738294, 0.0], [-73.17724669969782, 44.1842347004183, 0.0]], [[-73.16963089975829, 44.17698869984086, 0.0], [-73.17045640016836, 44.177350100323565, 0.0], [-73.17059729974022, 44.17763810001471, 0.0], [-73.17063759982354, 44.17795590031564, 0.0], [-73.17081939938717, 44.17799759967516, 0.0], [-73.17135400016349, 44.1777866003437, 0.0], [-73.17163450035814, 44.17802279992486, 0.0], [-73.17189809963959, 44.178450800333025, 0.0], [-73.17217009950511, 44.17848089976481, 0.0], [-73.17255630017077, 44.178426699809684, 0.0], [-73.17270029938176, 44.17860979971508, 0.0], [-73.17278679997226, 44.178966999721716, 0.0], [-73.17258249993401, 44.180277900241585, 0.0], [-73.17248189983734, 44.180578800265366, 0.0], [-73.1724391002638, 44.18131340030703, 0.0], [-73.17157279734076, 44.18250279743161, 0.0], [-73.1715039997419, 44.18280450040824, 0.0], [-73.17156980009685, 44.18313299960153, 0.0], [-73.17170430017559, 44.183370399887394, 0.0], [-73.17182100014794, 44.183427299643455, 0.0], [-73.17228090008285, 44.183560400191396, 0.0], [-73.17328569955507, 44.1835187996401, 0.0], [-73.17413170049102, 44.18388000008382, 0.0], [-73.17431280010206, 44.18388920014609, 0.0], [-73.17458829994511, 44.183817899802875, 0.0], [-73.17405620557773, 44.183508993585185, 0.0], [-73.17370649992453, 44.183124400022145, 0.0], [-73.1736049994836, 44.182763700253034, 0.0], [-73.17350479950576, 44.182196899837244, 0.0], [-73.17344820032663, 44.180931699999135, 0.0], [-73.173162600216, 44.17949880025856, 0.0], [-73.17302449965764, 44.1769796000766, 0.0], [-73.1731969004329, 44.17557499959133, 0.0], [-73.17308809940974, 44.17477310025859, 0.0], [-73.17242160050348, 44.17520230020055, 0.0], [-73.17143720045604, 44.175583699912536, 0.0], [-73.16928559992739, 44.17589610015217, 0.0], [-73.16905480058206, 44.17590899992667, 0.0], [-73.16855040059342, 44.1758159002365, 0.0], [-73.16871330059352, 44.17623039995094, 0.0], [-73.16903579938831, 44.176581699676355, 0.0], [-73.16963089975829, 44.17698869984086, 0.0]], [[-73.1592108997411, 44.18650980033294, 0.0], [-73.15891879939736, 44.18678009981222, 0.0], [-73.15970910048702, 44.18712740028212, 0.0], [-73.16010710013818, 44.187492700078195, 0.0], [-73.16150310031126, 44.18827930035045, 0.0], [-73.16212469984336, 44.18874030000904, 0.0], [-73.16233620060521, 44.18906009998602, 0.0], [-73.16249190041425, 44.18875140005933, 0.0], [-73.16255409938195, 44.188266300297435, 0.0], [-73.16244290041583, 44.18793809995713, 0.0], [-73.16229459939153, 44.1877877000501, 0.0], [-73.16217560035072, 44.18728610004238, 0.0], [-73.16198189972653, 44.18711790002916, 0.0], [-73.16161699967962, 44.18696189983589, 0.0], [-73.16114000048037, 44.186387700102074, 0.0], [-73.16106890022412, 44.186355800063126, 0.0], [-73.16056149993204, 44.186392899778404, 0.0], [-73.16042199974662, 44.18645919964815, 0.0], [-73.16005390045812, 44.18640099975286, 0.0], [-73.16000210040704, 44.18630750008734, 0.0], [-73.1600591995798, 44.185822300437145, 0.0], [-73.16032680057836, 44.184966600296484, 0.0], [-73.16093649988726, 44.18444390043784, 0.0], [-73.16113120005961, 44.18406619996492, 0.0], [-73.16149230021415, 44.183715799968105, 0.0], [-73.16166419965506, 44.18346480008781, 0.0], [-73.16191290034836, 44.1829815997255, 0.0], [-73.16194759973544, 44.18266300024878, 0.0], [-73.16177009971138, 44.18258880007121, 0.0], [-73.1611468998323, 44.182883600201656, 0.0], [-73.16104300031765, 44.182993099654965, 0.0], [-73.16059450005176, 44.18353590007848, 0.0], [-73.16020839966806, 44.1842083995567, 0.0], [-73.15975919985013, 44.18471510015093, 0.0], [-73.1594807997066, 44.185509599789626, 0.0], [-73.15942989961029, 44.18606669974912, 0.0], [-73.1592108997411, 44.18650980033294, 0.0]], [[-73.16335470022443, 44.185908599614464, 0.0], [-73.16333339945386, 44.18586169962497, 0.0], [-73.16324399962974, 44.186216900114545, 0.0], [-73.16327379968165, 44.18650229990938, 0.0], [-73.1631237998081, 44.18685799970196, 0.0], [-73.16318679946804, 44.18700569972623, 0.0], [-73.16330910060499, 44.18710230036131, 0.0], [-73.16372890039703, 44.18724320011721, 0.0], [-73.16381150049814, 44.18768000002506, 0.0], [-73.16400739978774, 44.18796029969137, 0.0], [-73.16394370054049, 44.188062199782316, 0.0], [-73.16422199955676, 44.187853400295424, 0.0], [-73.16458700006595, 44.18774529981637, 0.0], [-73.16532660048902, 44.187756700432246, 0.0], [-73.16632469942948, 44.18791050012033, 0.0], [-73.16695219983474, 44.18812890038722, 0.0], [-73.16839110007045, 44.188488299930135, 0.0], [-73.1685572004482, 44.188483299599675, 0.0], [-73.16884020049135, 44.18827459996766, 0.0], [-73.1691210998477, 44.18792130038746, 0.0], [-73.16971819979655, 44.18693949967723, 0.0], [-73.17056960053986, 44.18615790039233, 0.0], [-73.17104230056637, 44.185857200345595, 0.0], [-73.17100560027407, 44.18576349996895, 0.0], [-73.17043340003138, 44.18552269984013, 0.0], [-73.17009039993205, 44.18546790034293, 0.0], [-73.16978480036762, 44.18553939960508, 0.0], [-73.16945209987789, 44.185777499576226, 0.0], [-73.16867049971131, 44.18596180024999, 0.0], [-73.16813329958568, 44.186013599695094, 0.0], [-73.16781219943067, 44.1857489995591, 0.0], [-73.16776339965756, 44.18555059990623, 0.0], [-73.16785469946619, 44.18529659964129, 0.0], [-73.16821630052986, 44.18494989971316, 0.0], [-73.16823899941242, 44.18481590031734, 0.0], [-73.16815610046461, 44.18467560035364, 0.0], [-73.16790469987036, 44.18466689968076, 0.0], [-73.16760530040311, 44.18480700016666, 0.0], [-73.16722819974717, 44.18512139978785, 0.0], [-73.1669336995877, 44.18524699981654, 0.0], [-73.16660299959864, 44.185307900203576, 0.0], [-73.16648179990833, 44.185272900192736, 0.0], [-73.16624260010096, 44.185101499722585, 0.0], [-73.16616549954556, 44.18471150040111, 0.0], [-73.16631250032091, 44.18447159977211, 0.0], [-73.16629739982201, 44.18417529973259, 0.0], [-73.16642340037431, 44.18390650027452, 0.0], [-73.16645959982758, 44.183652999776086, 0.0], [-73.16639639980555, 44.183490800165835, 0.0], [-73.16619350002638, 44.18338059965101, 0.0], [-73.16543820043167, 44.183329500210036, 0.0], [-73.1649262994826, 44.183374000276956, 0.0], [-73.16449599998677, 44.18350800014617, 0.0], [-73.16414189990473, 44.18368470014304, 0.0], [-73.16379119996303, 44.18405670009294, 0.0], [-73.1638394002006, 44.18542330011166, 0.0], [-73.16377069978853, 44.18554320025209, 0.0], [-73.16337840016075, 44.185832400071924, 0.0], [-73.16335470022443, 44.185908599614464, 0.0]]], [[[-73.17829999948312, 44.18499999988117, 0.0], [-73.17856000031372, 44.18494000039974, 0.0], [-73.17901999964228, 44.184729999831745, 0.0], [-73.17949017920317, 44.18464000029018, 0.0], [-73.1796121417728, 44.18519380034045, 0.0], [-73.18008231591725, 44.1873287283823, 0.0], [-73.17911309943135, 44.18751790000672, 0.0], [-73.17714029998227, 44.18821359999485, 0.0], [-73.17718179947916, 44.186983699997874, 0.0], [-73.1774382997815, 44.18486610037884, 0.0], [-73.17783999960434, 44.184989999908154, 0.0], [-73.17829999948312, 44.18499999988117, 0.0]]], [[[-73.16624000031238, 44.20183690004373, 0.0], [-73.16578090024345, 44.20309730006667, 0.0], [-73.16518559972916, 44.20417019994141, 0.0], [-73.16403619983781, 44.205578099702535, 0.0], [-73.16356059943409, 44.20629599983923, 0.0], [-73.1633015005716, 44.20686640004478, 0.0], [-73.16304460059526, 44.207837800135444, 0.0], [-73.16241339968714, 44.206637399698046, 0.0], [-73.1613058001493, 44.20413460026096, 0.0], [-73.16075410007015, 44.20315740032946, 0.0], [-73.16029620051214, 44.20168900007554, 0.0], [-73.159744899846, 44.200466099858026, 0.0], [-73.1596576994375, 44.20012090029372, 0.0], [-73.15940170053808, 44.19756770018993, 0.0], [-73.15882579965337, 44.19614750036023, 0.0], [-73.15833580009092, 44.195370499774675, 0.0], [-73.15697509999777, 44.192381300373626, 0.0], [-73.15598110015716, 44.19055450021961, 0.0], [-73.16244730009232, 44.19004649970396, 0.0], [-73.16777360019604, 44.18973979970435, 0.0], [-73.17255159954328, 44.18922659963996, 0.0], [-73.17440970022801, 44.189125999718044, 0.0], [-73.1762270002657, 44.189113200059516, 0.0], [-73.17455960048444, 44.19131220034517, 0.0], [-73.1741007005634, 44.19178000026033, 0.0], [-73.17176829947, 44.19366650015335, 0.0], [-73.16836390001981, 44.19654120022686, 0.0], [-73.16820240014209, 44.19685710018579, 0.0], [-73.16717159966502, 44.200064699774984, 0.0], [-73.16666330043238, 44.201161099764676, 0.0], [-73.16624000031238, 44.20183690004373, 0.0]], [[-73.16368549939163, 44.195466700384806, 0.0], [-73.16421859941305, 44.19576910007506, 0.0], [-73.164451299879, 44.19584670026228, 0.0], [-73.16485109949753, 44.19569490012165, 0.0], [-73.16495770042201, 44.19544430011816, 0.0], [-73.16492370024899, 44.19523120029143, 0.0], [-73.1642692998078, 44.19429329965324, 0.0], [-73.16390100032882, 44.193316699916586, 0.0], [-73.16358439962848, 44.19272280044305, 0.0], [-73.16335330020497, 44.19243579996603, 0.0], [-73.16311409968937, 44.192271600296024, 0.0], [-73.16298199956383, 44.19220040015761, 0.0], [-73.16278639954257, 44.19222029999163, 0.0], [-73.16263809947127, 44.192380699912235, 0.0], [-73.16254699967344, 44.19265650042648, 0.0], [-73.16255699980356, 44.192960000340705, 0.0], [-73.16283029989208, 44.19334440024874, 0.0], [-73.16305420003836, 44.19410540021776, 0.0], [-73.1634375005044, 44.19506750028748, 0.0], [-73.16368549939163, 44.195466700384806, 0.0]], [[-73.16132999981306, 44.197210000260824, 0.0], [-73.1612699995116, 44.19707000042971, 0.0], [-73.16138999995587, 44.19696000011428, 0.0], [-73.16144000004613, 44.196769999877944, 0.0], [-73.16123000043115, 44.196610000361446, 0.0], [-73.16087999975298, 44.19677999992009, 0.0], [-73.16089999946183, 44.19696000015863, 0.0], [-73.16099999957522, 44.19709000024956, 0.0], [-73.16076999946117, 44.19707999999206, 0.0], [-73.16067999993571, 44.197130000200616, 0.0], [-73.16095000025943, 44.1973899997752, 0.0], [-73.16111000012597, 44.19737000043396, 0.0], [-73.16132999981306, 44.197210000260824, 0.0]]], [[[-73.17851999999492, 44.20170000037541, 0.0], [-73.17836000026058, 44.20154999989513, 0.0], [-73.1785099997952, 44.201439999737524, 0.0], [-73.17886000038479, 44.20148000023574, 0.0], [-73.17887999988099, 44.201579999804046, 0.0], [-73.17851999999492, 44.20170000037541, 0.0]]], [[[-73.18104000027905, 44.1992999998039, 0.0], [-73.18115999970786, 44.199400000383626, 0.0], [-73.18127999951727, 44.199410000062194, 0.0], [-73.18135000045518, 44.199230000414055, 0.0], [-73.18158000025775, 44.19926000019751, 0.0], [-73.18190000024127, 44.19918999994999, 0.0], [-73.18213999938058, 44.19894999958712, 0.0], [-73.18254080052677, 44.198957300235215, 0.0], [-73.18455569942017, 44.20840000015229, 0.0], [-73.18442999996908, 44.208440000037164, 0.0], [-73.1843900005714, 44.20867000039225, 0.0], [-73.18420999950285, 44.20880000017737, 0.0], [-73.18419000019051, 44.208899999756326, 0.0], [-73.18422999956505, 44.20894000045085, 0.0], [-73.1846671994571, 44.20889999989209, 0.0], [-73.18763078914, 44.222399286004226, 0.0], [-73.18910463459598, 44.22930608794438, 0.0], [-73.18845029952634, 44.22916220001519, 0.0], [-73.1872592995891, 44.229111100374084, 0.0], [-73.18662619942361, 44.22889370024528, 0.0], [-73.18429649983092, 44.2289888999311, 0.0], [-73.18360909957367, 44.22906609986607, 0.0], [-73.18265919972329, 44.22895040040722, 0.0], [-73.18189109979485, 44.229004499833906, 0.0], [-73.18138539997445, 44.2289298001041, 0.0], [-73.18027769961587, 44.22862009961089, 0.0], [-73.17913969970839, 44.228124899743506, 0.0], [-73.17850099971201, 44.22742719985123, 0.0], [-73.17835619941367, 44.227160499570864, 0.0], [-73.17773140034379, 44.22663260026513, 0.0], [-73.177510200309, 44.226319399876765, 0.0], [-73.17699229999498, 44.22594999963613, 0.0], [-73.17579770031742, 44.22533490044784, 0.0], [-73.17547879993683, 44.22524820012169, 0.0], [-73.17490770042372, 44.225240399697576, 0.0], [-73.17398409960104, 44.22538739983635, 0.0], [-73.17138939964936, 44.22523749961536, 0.0], [-73.16653689995883, 44.22510110042323, 0.0], [-73.16601080055588, 44.2229656997234, 0.0], [-73.16563870006841, 44.220329400244566, 0.0], [-73.16399819942468, 44.21232449985607, 0.0], [-73.16601210001996, 44.21210710003576, 0.0], [-73.16597150059165, 44.211976200407, 0.0], [-73.16397030017127, 44.21218560040463, 0.0], [-73.16322079938787, 44.208221399969176, 0.0], [-73.16330109965516, 44.2076226996865, 0.0], [-73.16359399956731, 44.20670110043533, 0.0], [-73.16405280029757, 44.20589840012526, 0.0], [-73.16538099961826, 44.20424389965404, 0.0], [-73.1657627005118, 44.20361229985009, 0.0], [-73.16609539973439, 44.20291159976964, 0.0], [-73.16645000003683, 44.20188640029332, 0.0], [-73.16686749938465, 44.201220800287395, 0.0], [-73.1673289994927, 44.20024769958706, 0.0], [-73.16840550039842, 44.1968955997664, 0.0], [-73.16859629960223, 44.196552500436695, 0.0], [-73.17424929941738, 44.19186600031185, 0.0], [-73.17472290047617, 44.19138310022686, 0.0], [-73.17659230046841, 44.188909099692744, 0.0], [-73.17707380061191, 44.18843769963413, 0.0], [-73.17731379984818, 44.188286700130305, 0.0], [-73.17918479966377, 44.18764530044183, 0.0], [-73.18011091856988, 44.18745860598406, 0.0], [-73.1804369842924, 44.18893917701526, 0.0], [-73.18244180044235, 44.198508100197095, 0.0], [-73.18183000023106, 44.198529999863716, 0.0], [-73.1817099998622, 44.198649999797105, 0.0], [-73.18165999973345, 44.19903000026621, 0.0], [-73.1812599998236, 44.1991700002743, 0.0], [-73.18117000031208, 44.19928999980634, 0.0], [-73.18104000027905, 44.1992999998039, 0.0]], [[-73.17005440054457, 44.20422170025904, 0.0], [-73.17035280026528, 44.2046058999548, 0.0], [-73.17053819970147, 44.204582500212794, 0.0], [-73.17068250001537, 44.204480000246285, 0.0], [-73.17087909963504, 44.20419979972858, 0.0], [-73.17133659966753, 44.202998600084705, 0.0], [-73.17159119959314, 44.2025912003131, 0.0], [-73.17175319960215, 44.2020583001071, 0.0], [-73.17174509965429, 44.201855899628995, 0.0], [-73.1714586999211, 44.201290699869894, 0.0], [-73.1712947004519, 44.20051839991085, 0.0], [-73.17110379947653, 44.20023080040008, 0.0], [-73.17093220033759, 44.2001961003882, 0.0], [-73.1707171000069, 44.200255999654026, 0.0], [-73.17058850021107, 44.200401699771405, 0.0], [-73.17027269961422, 44.20106630008784, 0.0], [-73.1698253004998, 44.20167440034574, 0.0], [-73.16976009939155, 44.20198589997626, 0.0], [-73.16976960046968, 44.20224620039222, 0.0], [-73.1699508994042, 44.20285569990746, 0.0], [-73.17005440054457, 44.20422170025904, 0.0]], [[-73.17823000052933, 44.20153999982636, 0.0], [-73.17828999972984, 44.20166999984861, 0.0], [-73.1786900002348, 44.20176999965816, 0.0], [-73.17891999939687, 44.201619999711106, 0.0], [-73.17917000031392, 44.201550000137246, 0.0], [-73.17939999937698, 44.201070000090304, 0.0], [-73.1793400001231, 44.20097999977129, 0.0], [-73.17917999984329, 44.200909999590976, 0.0], [-73.17906000049463, 44.20071000002125, 0.0], [-73.17895000033594, 44.2006599997459, 0.0], [-73.17892999970384, 44.20081000017251, 0.0], [-73.17882000050136, 44.20086000030186, 0.0], [-73.17885999978616, 44.20103000011804, 0.0], [-73.17878999975102, 44.20109999967059, 0.0], [-73.17895000035308, 44.201409999676045, 0.0], [-73.17852000060157, 44.2013700003582, 0.0], [-73.17828000035985, 44.20145000011363, 0.0], [-73.17823000052933, 44.20153999982636, 0.0]], [[-73.17322160022559, 44.208568400058134, 0.0], [-73.17347819972838, 44.20857689990752, 0.0], [-73.17384949970933, 44.208533800396836, 0.0], [-73.17400200055953, 44.20832630028911, 0.0], [-73.17421220030371, 44.20735169987886, 0.0], [-73.17443560008165, 44.206886699847665, 0.0], [-73.1746568998753, 44.20599150005045, 0.0], [-73.1748257995066, 44.20558139992977, 0.0], [-73.17520760053307, 44.20494869986487, 0.0], [-73.17556429938715, 44.20462360023869, 0.0], [-73.17551529947883, 44.20439989985557, 0.0], [-73.17534620007987, 44.204216899637565, 0.0], [-73.17485370007692, 44.204261199798296, 0.0], [-73.17418540054045, 44.20459630044839, 0.0], [-73.17355880007396, 44.205017900338646, 0.0], [-73.17289960021003, 44.206184599596455, 0.0], [-73.17270270011588, 44.20705429960827, 0.0], [-73.17272139982767, 44.20756409959011, 0.0], [-73.17301249981078, 44.20840400011491, 0.0], [-73.17322160022559, 44.208568400058134, 0.0]]], [[[-73.16930669978866, 44.23532799971299, 0.0], [-73.16981269995641, 44.2373453998518, 0.0], [-73.16648189971512, 44.237650599819204, 0.0], [-73.16689250023808, 44.240301500048524, 0.0], [-73.16925679971904, 44.24010670029343, 0.0], [-73.16993519945582, 44.24455960008985, 0.0], [-73.17073300049371, 44.246456199996345, 0.0], [-73.16725250032378, 44.24596760031139, 0.0], [-73.1665440999365, 44.24574849990813, 0.0], [-73.16330279954214, 44.24328199992584, 0.0], [-73.16378219978728, 44.24293530019148, 0.0], [-73.16392449991152, 44.24267760005449, 0.0], [-73.16398227343767, 44.242396677427735, 0.0], [-73.16398614460512, 44.24232256471658, 0.0], [-73.16395576415243, 44.24205310815663, 0.0], [-73.16390120045708, 44.24175570005393, 0.0], [-73.16359029983388, 44.24114690032318, 0.0], [-73.16332150023631, 44.240997099622625, 0.0], [-73.1629540003841, 44.24102520026336, 0.0], [-73.16227830057177, 44.24133030008363, 0.0], [-73.16144119987918, 44.241589699748104, 0.0], [-73.16097169994998, 44.24151010039894, 0.0], [-73.16088960012186, 44.24141669996698, 0.0], [-73.16096290001609, 44.24090270038672, 0.0], [-73.16112469996743, 44.24060499994919, 0.0], [-73.1610900004757, 44.24026900026339, 0.0], [-73.16116199948631, 44.24002979994716, 0.0], [-73.16155459985067, 44.239658099896474, 0.0], [-73.16167199991702, 44.23942220022619, 0.0], [-73.16164850027499, 44.23917650042325, 0.0], [-73.16128339957199, 44.23864409987501, 0.0], [-73.16080019894675, 44.23836840423061, 0.0], [-73.16024689660551, 44.23807711541848, 0.0], [-73.16019634880305, 44.23805465507861, 0.0], [-73.15977239984339, 44.23792489956861, 0.0], [-73.1598324994019, 44.23826439981336, 0.0], [-73.15983950052446, 44.2383980996591, 0.0], [-73.16005899973206, 44.23966199975837, 0.0], [-73.16006300874974, 44.240254480732375, 0.0], [-73.15994419814763, 44.240685097376414, 0.0], [-73.15977320010757, 44.241182599666026, 0.0], [-73.15943549950278, 44.241521399895134, 0.0], [-73.15924400018159, 44.241862799687524, 0.0], [-73.15910802455949, 44.242327217873964, 0.0], [-73.1590740003176, 44.24267760031578, 0.0], [-73.15912149952236, 44.24283630016121, 0.0], [-73.15951230022046, 44.243214100174555, 0.0], [-73.15917750033348, 44.24324719996274, 0.0], [-73.15881709980626, 44.24321139972644, 0.0], [-73.1584892996174, 44.24308640031091, 0.0], [-73.1582234004476, 44.242914200063524, 0.0], [-73.15705859946105, 44.24205759984823, 0.0], [-73.15598330035515, 44.24135220006559, 0.0], [-73.1550071048104, 44.24024002421174, 0.0], [-73.1549757999034, 44.240202100210304, 0.0], [-73.1549753998682, 44.24020170021137, 0.0], [-73.1549466996684, 44.24017050034329, 0.0], [-73.15575889959554, 44.24009510019134, 0.0], [-73.15590420044842, 44.24003969998096, 0.0], [-73.15599807680438, 44.23991676855499, 0.0], [-73.15599640031515, 44.23981490004604, 0.0], [-73.15523270047429, 44.23885520003708, 0.0], [-73.1547431002094, 44.23735840030335, 0.0], [-73.15434849990744, 44.23687680027567, 0.0], [-73.15384539950315, 44.236558799849654, 0.0], [-73.15298499960453, 44.23660840022451, 0.0], [-73.15260120018092, 44.2368933000891, 0.0], [-73.1523459005, 44.237007199624756, 0.0], [-73.15148450041706, 44.238072999551235, 0.0], [-73.15047699992266, 44.23850430022538, 0.0], [-73.14822840010864, 44.237694799620094, 0.0], [-73.14587200020239, 44.237058899604236, 0.0], [-73.14676059992034, 44.23582899987012, 0.0], [-73.14735749944474, 44.23522599975524, 0.0], [-73.14658130044431, 44.23484959990324, 0.0], [-73.14762969945365, 44.23385750023556, 0.0], [-73.14795910016035, 44.23363959995953, 0.0], [-73.14843979993907, 44.233450000374866, 0.0], [-73.14988179973444, 44.23305399966978, 0.0], [-73.15034249967192, 44.232846900342246, 0.0], [-73.1506426005218, 44.23253300023414, 0.0], [-73.15143899975469, 44.231356300426604, 0.0], [-73.15158490013408, 44.23082940010628, 0.0], [-73.15186569942351, 44.22860639983924, 0.0], [-73.15203920018034, 44.22826709973702, 0.0], [-73.15260150053949, 44.227483199979666, 0.0], [-73.15336590024182, 44.22604170016152, 0.0], [-73.15348310024797, 44.22568589989097, 0.0], [-73.15348680056175, 44.22428430012089, 0.0], [-73.15335610015445, 44.22348730010688, 0.0], [-73.15309949971527, 44.2228134997302, 0.0], [-73.15257540056894, 44.22195040033839, 0.0], [-73.1524630005113, 44.22152309976055, 0.0], [-73.15251469992792, 44.22111589988351, 0.0], [-73.15281260044202, 44.22032939968118, 0.0], [-73.15343360046559, 44.2196541000008, 0.0], [-73.15334570433826, 44.22038964164493, 0.0], [-73.15359211060013, 44.22209255263808, 0.0], [-73.15374080019349, 44.22279929980793, 0.0], [-73.15399040034374, 44.22344810030691, 0.0], [-73.15420050020296, 44.224549200161626, 0.0], [-73.15467310046976, 44.225725099707425, 0.0], [-73.15476948261716, 44.22541372370779, 0.0], [-73.15479233638995, 44.225138127749496, 0.0], [-73.15468659985508, 44.22451129962696, 0.0], [-73.15466912323285, 44.22386458795383, 0.0], [-73.15464649948596, 44.22311070025211, 0.0], [-73.1543766002249, 44.22211900025998, 0.0], [-73.15434939975867, 44.22107679992565, 0.0], [-73.15499129948998, 44.21932959962691, 0.0], [-73.15496170053035, 44.21873630004468, 0.0], [-73.15483699627073, 44.218389451744784, 0.0], [-73.15480962648475, 44.218336288013575, 0.0], [-73.15480774057623, 44.21832962542107, 0.0], [-73.15479630000796, 44.218289199689, 0.0], [-73.15486966953817, 44.218172766290074, 0.0], [-73.15488829963537, 44.21814320021478, 0.0], [-73.15488850043675, 44.218142800369414, 0.0], [-73.15498399956765, 44.21797420007937, 0.0], [-73.15514853707595, 44.217648237945724, 0.0], [-73.15549649946752, 44.21695890006967, 0.0], [-73.1557263998937, 44.2166540995556, 0.0], [-73.15611420014751, 44.2163546997656, 0.0], [-73.15680769979528, 44.216083799846956, 0.0], [-73.15782459038712, 44.2158569404384, 0.0], [-73.1611268999625, 44.215120200046556, 0.0], [-73.16358910014976, 44.214613200213314, 0.0], [-73.16422139943677, 44.21452430018949, 0.0], [-73.16543800031513, 44.22035170033539, 0.0], [-73.16580890012723, 44.222982299747066, 0.0], [-73.16654449951373, 44.2262376003212, 0.0], [-73.16680599939531, 44.227256600165674, 0.0], [-73.16721749985128, 44.228456199820926, 0.0], [-73.16832610040733, 44.231146400219814, 0.0], [-73.16877840050212, 44.232479700325776, 0.0], [-73.16930669978866, 44.23532799971299, 0.0]], [[-73.15627459997667, 44.23025310015599, 0.0], [-73.15654010019607, 44.23017160005249, 0.0], [-73.15664769992351, 44.229932200242985, 0.0], [-73.1565874002468, 44.229571000331305, 0.0], [-73.15628391372832, 44.229132143973445, 0.0], [-73.1562216003894, 44.22899880015247, 0.0], [-73.1558695003367, 44.22867599961241, 0.0], [-73.15490000014117, 44.228129899713664, 0.0], [-73.15468909998333, 44.22815679960284, 0.0], [-73.15475140010125, 44.22830819986265, 0.0], [-73.15465639077574, 44.22904793291259, 0.0], [-73.15463989994397, 44.22932139972747, 0.0], [-73.15527829579038, 44.2298601046864, 0.0], [-73.15559290000274, 44.23012060021893, 0.0], [-73.15610465520245, 44.23022477916546, 0.0], [-73.15627459997667, 44.23025310015599, 0.0]], [[-73.16216120045279, 44.23702869996817, 0.0], [-73.16231220056216, 44.2376444998403, 0.0], [-73.16259769975068, 44.237815200067274, 0.0], [-73.16298319944235, 44.23771279962964, 0.0], [-73.16324490052924, 44.23755740031392, 0.0], [-73.1633699997986, 44.23725999961228, 0.0], [-73.16302000029452, 44.23707999996161, 0.0], [-73.16291000040992, 44.236939999676345, 0.0], [-73.16265999966562, 44.236869999584734, 0.0], [-73.16240000003948, 44.23671999975051, 0.0], [-73.16212000050949, 44.23634999985105, 0.0], [-73.16217600033362, 44.236081900283345, 0.0], [-73.16249289946018, 44.23566130023137, 0.0], [-73.16247999942385, 44.23545999998562, 0.0], [-73.1623399999287, 44.235420000236154, 0.0], [-73.16225999982046, 44.23550999989393, 0.0], [-73.16228000025096, 44.23574999971511, 0.0], [-73.1620699995061, 44.23588000027331, 0.0], [-73.16181999965113, 44.23588999971304, 0.0], [-73.16166000048594, 44.23596000036509, 0.0], [-73.16158780059074, 44.23618669974632, 0.0], [-73.16165799959892, 44.236486100347506, 0.0], [-73.16216120045279, 44.23702869996817, 0.0]]], [[[-73.17734510008779, 44.22639549985803, 0.0], [-73.17755629996884, 44.22669480020271, 0.0], [-73.17817539970247, 44.227228600401766, 0.0], [-73.17832229991456, 44.22748890034288, 0.0], [-73.17897929992084, 44.22818780013474, 0.0], [-73.1801967997245, 44.22874139986729, 0.0], [-73.1813232995826, 44.22905590023062, 0.0], [-73.18187770060783, 44.229141400050594, 0.0], [-73.18266019943947, 44.22908800035338, 0.0], [-73.18361790021525, 44.229204100408744, 0.0], [-73.18431450033648, 44.229125699628995, 0.0], [-73.18659120009369, 44.22903070024659, 0.0], [-73.18722149969042, 44.229248900399035, 0.0], [-73.18841649974041, 44.22929760036508, 0.0], [-73.18889400053217, 44.22937950030133, 0.0], [-73.18913991154623, 44.22947397522833, 0.0], [-73.1897512373995, 44.232383368829666, 0.0], [-73.1926729000924, 44.2469319002238, 0.0], [-73.19421169946227, 44.253612799713224, 0.0], [-73.19328489947438, 44.255112100041146, 0.0], [-73.19031330035006, 44.25539499982439, 0.0], [-73.18958939579134, 44.25535746643427, 0.0], [-73.1894091002371, 44.25532309996591, 0.0], [-73.18764160078375, 44.25466059939128, 0.0], [-73.18660160022165, 44.25422469996406, 0.0], [-73.18597080021017, 44.254019800353916, 0.0], [-73.1854831996037, 44.25395649963569, 0.0], [-73.18465510016249, 44.25401919979205, 0.0], [-73.18447859985191, 44.25293020022975, 0.0], [-73.18406800046516, 44.25135350015545, 0.0], [-73.183358799754, 44.25152610007652, 0.0], [-73.18271630017992, 44.24914969982952, 0.0], [-73.18280789964275, 44.248992000181495, 0.0], [-73.18271709990715, 44.24888070033791, 0.0], [-73.18253989955933, 44.248852400058645, 0.0], [-73.18234219958285, 44.2481971999621, 0.0], [-73.18087979961057, 44.248366500007144, 0.0], [-73.18115040048909, 44.249159200075, 0.0], [-73.18236269995074, 44.24902460018731, 0.0], [-73.18252819990894, 44.24916829973942, 0.0], [-73.18317760054622, 44.25141700007815, 0.0], [-73.18315790025595, 44.251544800086144, 0.0], [-73.18196000041178, 44.25159780027604, 0.0], [-73.18162529969736, 44.250642999581, 0.0], [-73.17987649937686, 44.25079000004863, 0.0], [-73.18153169965213, 44.252286900163355, 0.0], [-73.18175229965904, 44.251956699942035, 0.0], [-73.18204650019365, 44.25181480037589, 0.0], [-73.18321060032444, 44.25294529975107, 0.0], [-73.18271360034514, 44.254073599722126, 0.0], [-73.1801443997595, 44.253981000371866, 0.0], [-73.17980120019875, 44.25388099985962, 0.0], [-73.17896120059915, 44.25282370011489, 0.0], [-73.17726120061744, 44.25122350000635, 0.0], [-73.17768210012406, 44.25081770035353, 0.0], [-73.17781919940111, 44.250556399799954, 0.0], [-73.17761580020036, 44.25008779985477, 0.0], [-73.17735409952483, 44.24974990041328, 0.0], [-73.17679060010356, 44.249436000402206, 0.0], [-73.17635719989325, 44.24941759961119, 0.0], [-73.17582670060001, 44.24966390018644, 0.0], [-73.17578409980663, 44.24987650024757, 0.0], [-73.17446110029262, 44.248687200318514, 0.0], [-73.17307699975133, 44.24712200004695, 0.0], [-73.17268789961444, 44.246837300301394, 0.0], [-73.17262620033645, 44.246578199602126, 0.0], [-73.17189410031061, 44.245564300314406, 0.0], [-73.17160860051078, 44.244758600324396, 0.0], [-73.17038499977332, 44.239012000256736, 0.0], [-73.1716214000349, 44.238881200388555, 0.0], [-73.17129530052493, 44.23720960015256, 0.0], [-73.17001099986163, 44.23732720022329, 0.0], [-73.16952250039381, 44.235350300272884, 0.0], [-73.16898380047326, 44.232447800035935, 0.0], [-73.16852769982141, 44.2311049003419, 0.0], [-73.16752579994193, 44.22870919977913, 0.0], [-73.16707240028146, 44.227417899862715, 0.0], [-73.16657130036451, 44.22523960010272, 0.0], [-73.17137929968698, 44.22537449990525, 0.0], [-73.17400879980059, 44.225525300205234, 0.0], [-73.17494699968593, 44.22537730012574, 0.0], [-73.17543870056446, 44.22538390037912, 0.0], [-73.17570499961776, 44.225456100009126, 0.0], [-73.17686940044148, 44.22605529995473, 0.0], [-73.17734510008779, 44.22639549985803, 0.0]], [[-73.19244000049576, 44.25218999996175, 0.0], [-73.19265999962558, 44.25207999969484, 0.0], [-73.19267999984757, 44.25201000025714, 0.0], [-73.19225000027684, 44.251550000247654, 0.0], [-73.19193999988445, 44.25164000016986, 0.0], [-73.19188999958273, 44.25177999996215, 0.0], [-73.19179000024486, 44.2517799999278, 0.0], [-73.19173999985424, 44.25185999968665, 0.0], [-73.19207999943305, 44.25193999965702, 0.0], [-73.19228000010432, 44.25215999958342, 0.0], [-73.19244000049576, 44.25218999996175, 0.0]]], [[[-73.15303660006938, 44.24292220007129, 0.0], [-73.15191830024472, 44.24301260022007, 0.0], [-73.15093859946958, 44.24333950003365, 0.0], [-73.15098439972718, 44.242990400204974, 0.0], [-73.15116959991555, 44.24254430028099, 0.0], [-73.1514239002343, 44.24236889982484, 0.0], [-73.15144129994326, 44.24217719957818, 0.0], [-73.15181778924163, 44.24194300742823, 0.0], [-73.15182035346334, 44.2419418984168, 0.0], [-73.15244601739177, 44.241647553678845, 0.0], [-73.15310649950564, 44.24130420034051, 0.0], [-73.15340869984207, 44.240958500299435, 0.0], [-73.15387128753994, 44.24062806228022, 0.0], [-73.1542623997324, 44.24040619988389, 0.0], [-73.15475668006778, 44.2402280474301, 0.0], [-73.15476779965843, 44.24022480045211, 0.0], [-73.15477230937228, 44.24022969031239, 0.0], [-73.15566409997803, 44.241275699911014, 0.0], [-73.15640239962968, 44.24181400034835, 0.0], [-73.1556657003853, 44.241951599758146, 0.0], [-73.15522750049745, 44.24211039978897, 0.0], [-73.1550437997174, 44.242373399747976, 0.0], [-73.15477290052868, 44.242525199650146, 0.0], [-73.15303660006938, 44.24292220007129, 0.0]]], [[[-73.17587179947188, 44.25069400005032, 0.0], [-73.17567040017092, 44.25070279995058, 0.0], [-73.1751445004134, 44.250565800277045, 0.0], [-73.17490010033492, 44.25037600018717, 0.0], [-73.17378590003189, 44.24891280015835, 0.0], [-73.173461200584, 44.2487526002679, 0.0], [-73.17296169941879, 44.24835139989988, 0.0], [-73.1714776002501, 44.24742260043039, 0.0], [-73.1705297003657, 44.24702110021436, 0.0], [-73.1688516998249, 44.24661789979603, 0.0], [-73.16807290028086, 44.24621580016153, 0.0], [-73.17018309955043, 44.24649580034562, 0.0], [-73.17240869993893, 44.246893199567616, 0.0], [-73.17266029942373, 44.24698919985673, 0.0], [-73.17315340051316, 44.247447400135634, 0.0], [-73.17430780003937, 44.24876879955382, 0.0], [-73.17607839979907, 44.250356199575045, 0.0], [-73.17608699961198, 44.25058749979249, 0.0], [-73.17587179947188, 44.25069400005032, 0.0]]], [[[-73.16137680048777, 44.2460692001826, 0.0], [-73.16131760041434, 44.247401100243735, 0.0], [-73.16121129946306, 44.24779260041971, 0.0], [-73.15989900058486, 44.24980949987632, 0.0], [-73.15889860024389, 44.25100189993151, 0.0], [-73.15880549963057, 44.251210699894486, 0.0], [-73.15848839994378, 44.25813099976614, 0.0], [-73.15789689958592, 44.261130499593456, 0.0], [-73.15809489944671, 44.26200889974374, 0.0], [-73.15855979995243, 44.2657862002711, 0.0], [-73.15542489957694, 44.265846699915805, 0.0], [-73.15514979966723, 44.26279460005512, 0.0], [-73.15560700001407, 44.26181210024939, 0.0], [-73.15537420060508, 44.26068569974749, 0.0], [-73.15519120038724, 44.26020619964111, 0.0], [-73.1550060000712, 44.25991469972806, 0.0], [-73.15485320039355, 44.25909139977615, 0.0], [-73.1546258005144, 44.25834469960686, 0.0], [-73.15435729994402, 44.257883899927855, 0.0], [-73.15386790041755, 44.25747890038858, 0.0], [-73.15344679950152, 44.25726129984664, 0.0], [-73.15218869959335, 44.25627269964504, 0.0], [-73.1519184995809, 44.255685299822794, 0.0], [-73.15178280062835, 44.25428360018513, 0.0], [-73.1518775004886, 44.25350540029892, 0.0], [-73.15208380037474, 44.25276280007169, 0.0], [-73.15238770007177, 44.2521531002894, 0.0], [-73.15262290039084, 44.25133789972728, 0.0], [-73.15232559966076, 44.250247999999424, 0.0], [-73.15204179939015, 44.24978009972533, 0.0], [-73.15127690057416, 44.24882160036759, 0.0], [-73.1513100005409, 44.248620000133954, 0.0], [-73.15123000052685, 44.24813000012532, 0.0], [-73.15074000039121, 44.24687000030528, 0.0], [-73.15068640026604, 44.24651389996808, 0.0], [-73.1507399994594, 44.246399999745606, 0.0], [-73.1506639998093, 44.24612099978157, 0.0], [-73.15075630009892, 44.24505300005087, 0.0], [-73.15099360058882, 44.244002600045874, 0.0], [-73.15093750038264, 44.24348789999531, 0.0], [-73.15197239985689, 44.24313970026139, 0.0], [-73.15307109955977, 44.2430505996195, 0.0], [-73.15485910057808, 44.24264179962223, 0.0], [-73.15519260043312, 44.24245500012749, 0.0], [-73.1553660995691, 44.24220469962606, 0.0], [-73.15573120032491, 44.242071999727635, 0.0], [-73.15657690037888, 44.24191350041346, 0.0], [-73.15809129956169, 44.243003000222366, 0.0], [-73.1585607999386, 44.24327000044752, 0.0], [-73.1591839005964, 44.2433737996351, 0.0], [-73.15974800039271, 44.24330660014193, 0.0], [-73.16027250010777, 44.2433591004047, 0.0], [-73.16112379963275, 44.2433565003427, 0.0], [-73.16164820055027, 44.24327169975749, 0.0], [-73.16137680048777, 44.2460692001826, 0.0]], [[-73.1570400004812, 44.25437000011925, 0.0], [-73.1563499995777, 44.25471000005424, 0.0], [-73.15628999988417, 44.2548500002728, 0.0], [-73.15633000016183, 44.25490999989179, 0.0], [-73.1566699997843, 44.25504999988257, 0.0], [-73.15686999968571, 44.255039999558896, 0.0], [-73.15719000051544, 44.254539999575506, 0.0], [-73.15720000005496, 44.254430000336015, 0.0], [-73.1570400004812, 44.25437000011925, 0.0]]], [[[-73.17229120028976, 44.24901460019878, 0.0], [-73.17263290061072, 44.24930130016858, 0.0], [-73.17298079994013, 44.24968180009536, 0.0], [-73.1731019002466, 44.250046100330074, 0.0], [-73.17292050049701, 44.25039809990297, 0.0], [-73.17249930058684, 44.25086409979574, 0.0], [-73.17240670001557, 44.25108539963613, 0.0], [-73.17235679998643, 44.2514798997306, 0.0], [-73.17250160045663, 44.25209699990555, 0.0], [-73.17325969989481, 44.253306299636535, 0.0], [-73.17356640021862, 44.25361129969588, 0.0], [-73.17391240012903, 44.253854500250526, 0.0], [-73.17472269980793, 44.2541630003809, 0.0], [-73.17522230034827, 44.254216999998455, 0.0], [-73.17554930055044, 44.25417490044036, 0.0], [-73.17561399990657, 44.25411639970626, 0.0], [-73.17554699983248, 44.25400850031958, 0.0], [-73.1751596001357, 44.25370049968171, 0.0], [-73.17468950004516, 44.25289410043258, 0.0], [-73.17470679998767, 44.252358799981124, 0.0], [-73.17486559937588, 44.25218049985534, 0.0], [-73.17511589972405, 44.25207009965189, 0.0], [-73.17548679973031, 44.251929900204075, 0.0], [-73.17634999953368, 44.251717299946826, 0.0], [-73.17679089950869, 44.25154409973517, 0.0], [-73.17711990002101, 44.25131640040332, 0.0], [-73.17880099977658, 44.252898400283016, 0.0], [-73.17952309965578, 44.25384240018717, 0.0], [-73.17971949985099, 44.25400770031017, 0.0], [-73.1804115999823, 44.2570632001934, 0.0], [-73.17752849942477, 44.259055999696216, 0.0], [-73.17614250026466, 44.25966930039149, 0.0], [-73.17585190001166, 44.25906799997311, 0.0], [-73.17593929938519, 44.25849630031572, 0.0], [-73.17585430026533, 44.25783879955521, 0.0], [-73.17547749956638, 44.25723060023268, 0.0], [-73.1752896004856, 44.257123600103604, 0.0], [-73.17514390029945, 44.257150000099614, 0.0], [-73.17486439952276, 44.257347300335645, 0.0], [-73.17459769971555, 44.25770010034332, 0.0], [-73.17406420057348, 44.25878889992303, 0.0], [-73.17372790054837, 44.25921810015134, 0.0], [-73.17353260007319, 44.259664200379916, 0.0], [-73.17335480056188, 44.25989330002416, 0.0], [-73.1725527996839, 44.26053570044556, 0.0], [-73.17162379993535, 44.26108869993495, 0.0], [-73.17149449994169, 44.2612162996973, 0.0], [-73.17189250000081, 44.25771330020793, 0.0], [-73.16912249982782, 44.257423100013085, 0.0], [-73.16811760004852, 44.25762950040317, 0.0], [-73.16746700059622, 44.25792359981599, 0.0], [-73.16701270060081, 44.26242500037096, 0.0], [-73.16744270025626, 44.263097299917355, 0.0], [-73.16383719979662, 44.26424519992022, 0.0], [-73.15872620057064, 44.265772499796654, 0.0], [-73.15827189984219, 44.26206100029915, 0.0], [-73.15809000015015, 44.26119600021363, 0.0], [-73.15868279997747, 44.25821490013468, 0.0], [-73.15883360054072, 44.25435140038632, 0.0], [-73.15938139951137, 44.25369579992981, 0.0], [-73.16027299970531, 44.25298049963924, 0.0], [-73.16058510052163, 44.25261670014831, 0.0], [-73.16100639938426, 44.25033560025867, 0.0], [-73.1610673999381, 44.24932279995316, 0.0], [-73.16102650059679, 44.24892170043295, 0.0], [-73.16088819999506, 44.248599000290326, 0.0], [-73.16133289943572, 44.24794909998758, 0.0], [-73.16148110013995, 44.24750949962605, 0.0], [-73.16183020059538, 44.24322709975502, 0.0], [-73.16266630050141, 44.24302139969844, 0.0], [-73.16612859962129, 44.24567050028575, 0.0], [-73.16608279973931, 44.24564939996931, 0.0], [-73.16646340057255, 44.2462272997811, 0.0], [-73.16676980046357, 44.24650690023772, 0.0], [-73.1680255997028, 44.24733270024896, 0.0], [-73.1695024999195, 44.24810990020327, 0.0], [-73.17126690007684, 44.24854139977848, 0.0], [-73.17229120028976, 44.24901460019878, 0.0]]], [[[-73.19426780043494, 44.2538797000644, 0.0], [-73.19448590002338, 44.25496350035581, 0.0], [-73.1935099996285, 44.25508639994743, 0.0], [-73.19407522026698, 44.254177793047965, 0.0], [-73.19426780043494, 44.2538797000644, 0.0]]], [[[-73.1873711997581, 44.25594510020982, 0.0], [-73.18735227114125, 44.2559489706307, 0.0], [-73.18511479947847, 44.25639689960836, 0.0], [-73.18475420055856, 44.25597419975162, 0.0], [-73.18405780011524, 44.25554200029364, 0.0], [-73.18329860024909, 44.254969100198586, 0.0], [-73.18238319943387, 44.254722999673824, 0.0], [-73.18196790014849, 44.25491790028278, 0.0], [-73.18175480038768, 44.25584149983575, 0.0], [-73.18156270014401, 44.25615030015242, 0.0], [-73.18134350012315, 44.25631459975658, 0.0], [-73.18109300008147, 44.25641409975134, 0.0], [-73.18084000062281, 44.256329299819065, 0.0], [-73.180445299611, 44.25632149988467, 0.0], [-73.17989860048445, 44.25407700036784, 0.0], [-73.18040719953197, 44.254132199919326, 0.0], [-73.18337539953073, 44.25422720034591, 0.0], [-73.18567419942535, 44.25410430018436, 0.0], [-73.18651169959917, 44.254345799968604, 0.0], [-73.18748220232048, 44.2547525964156, 0.0], [-73.18907809999861, 44.2553773995671, 0.0], [-73.18955849940414, 44.25549349967066, 0.0], [-73.1873711997581, 44.25594510020982, 0.0]]], [[[-73.1809336998183, 44.25859059971346, 0.0], [-73.18062310043074, 44.257105600051595, 0.0], [-73.18529009985127, 44.25653469980971, 0.0], [-73.18903270041986, 44.25576810044848, 0.0], [-73.18903289951943, 44.255768100147485, 0.0], [-73.19006140043417, 44.25554159965953, 0.0], [-73.19181640036035, 44.255391599645016, 0.0], [-73.18947129965066, 44.25882680023721, 0.0], [-73.18805939965259, 44.25906909965931, 0.0], [-73.18826459989243, 44.26000029974322, 0.0], [-73.1868090995669, 44.26029719977291, 0.0], [-73.18428530017415, 44.261086299624495, 0.0], [-73.1818218000333, 44.26169289976871, 0.0], [-73.1809336998183, 44.25859059971346, 0.0]]], [[[-73.17434509946987, 44.26233410002687, 0.0], [-73.1744593999398, 44.26224099996197, 0.0], [-73.17604279950422, 44.259944599588444, 0.0], [-73.17645110047921, 44.25966449978057, 0.0], [-73.17735959953099, 44.25931900006673, 0.0], [-73.177651800145, 44.2591608998976, 0.0], [-73.18046210017312, 44.257224400015474, 0.0], [-73.18074579960106, 44.2586153000431, 0.0], [-73.1816445001139, 44.26175390018577, 0.0], [-73.18050420035486, 44.26176609984873, 0.0], [-73.17874170061465, 44.26198040008639, 0.0], [-73.17712520049598, 44.262047200126226, 0.0], [-73.17587229971782, 44.262280399959764, 0.0], [-73.17516790007335, 44.26235849984709, 0.0], [-73.17434509946987, 44.26233410002687, 0.0]]], [[[-73.17236120004036, 44.261922000379705, 0.0], [-73.17249800035884, 44.262322399855705, 0.0], [-73.17234249941401, 44.26293109955527, 0.0], [-73.17129270054882, 44.26294410011193, 0.0], [-73.1714627996811, 44.26145870038913, 0.0], [-73.17210580034927, 44.2616961000429, 0.0], [-73.17236120004036, 44.261922000379705, 0.0]]], [[[-73.18186130018556, 44.261828000279976, 0.0], [-73.18435170036938, 44.261215000377966, 0.0], [-73.18687449964162, 44.26042630018036, 0.0], [-73.18804759941733, 44.26017509981841, 0.0], [-73.18852580023118, 44.26188930029153, 0.0], [-73.18910790038068, 44.26282930022394, 0.0], [-73.18926459987628, 44.2629720995641, 0.0], [-73.19052040017223, 44.263720699606246, 0.0], [-73.19118980062123, 44.264389200411486, 0.0], [-73.19141860017353, 44.26491160019313, 0.0], [-73.19159319944465, 44.26488480020769, 0.0], [-73.19136230056083, 44.264329800021486, 0.0], [-73.19067089989873, 44.26363609971769, 0.0], [-73.18940249975809, 44.26287660031032, 0.0], [-73.18918729945631, 44.26264299967599, 0.0], [-73.18863690043034, 44.26165750041801, 0.0], [-73.18827700009062, 44.260357300272915, 0.0], [-73.18823450021837, 44.26014540041393, 0.0], [-73.18829450042446, 44.26013589959522, 0.0], [-73.18845860012034, 44.26088110042568, 0.0], [-73.19539709968383, 44.26003189978981, 0.0], [-73.1957844998829, 44.26218580016326, 0.0], [-73.19676040011393, 44.2666358004319, 0.0], [-73.19286979996916, 44.2671743996066, 0.0], [-73.18574510045833, 44.268062499838855, 0.0], [-73.18326829981875, 44.26845220026993, 0.0], [-73.18282740006528, 44.26545769996133, 0.0], [-73.18236049969703, 44.26401860041942, 0.0], [-73.18186130018556, 44.261828000279976, 0.0]]], [[[-73.15954040052182, 44.271004599830206, 0.0], [-73.15943420053135, 44.27077189979383, 0.0], [-73.15922010002996, 44.26928640028357, 0.0], [-73.16243100035565, 44.26904329990153, 0.0], [-73.16211529961963, 44.266873999935356, 0.0], [-73.1636632914647, 44.26662349102099, 0.0], [-73.16380489752223, 44.266600580016416, 0.0], [-73.16552109999664, 44.26632289958865, 0.0], [-73.16550310058406, 44.26619520018524, 0.0], [-73.1620924995846, 44.266717100102376, 0.0], [-73.16184339941198, 44.265005700074596, 0.0], [-73.1656210996695, 44.26384499990765, 0.0], [-73.16601060050075, 44.264590999702186, 0.0], [-73.16880969937222, 44.26372759970095, 0.0], [-73.1691764997562, 44.263663499591296, 0.0], [-73.17120299971431, 44.2637278004443, 0.0], [-73.17127709999602, 44.26308069983448, 0.0], [-73.1720324000956, 44.26309319996508, 0.0], [-73.17247870015917, 44.26305130009736, 0.0], [-73.17293730060514, 44.26290710001215, 0.0], [-73.1735941997079, 44.262595599824, 0.0], [-73.17409539978595, 44.26245549976963, 0.0], [-73.17472320024457, 44.262507600081065, 0.0], [-73.17533069988906, 44.262491999877234, 0.0], [-73.17715509998908, 44.26219029969363, 0.0], [-73.17883809975756, 44.26211790037302, 0.0], [-73.18055630040007, 44.261918499861004, 0.0], [-73.1816872998915, 44.26189930023613, 0.0], [-73.18217269995726, 44.264043900065104, 0.0], [-73.18263849944697, 44.26547839995421, 0.0], [-73.18308039968151, 44.268483099862735, 0.0], [-73.18134580026731, 44.26877040013858, 0.0], [-73.17504860051079, 44.26964710010369, 0.0], [-73.17341370026185, 44.26980609976257, 0.0], [-73.16005740046647, 44.27169459979178, 0.0], [-73.15954040052182, 44.271004599830206, 0.0]]], [[[-73.15329999957193, 44.272310000138205, 0.0], [-73.15322639832918, 44.27233249303032, 0.0], [-73.1523921995905, 44.27240990039617, 0.0], [-73.15153139965847, 44.27126329985869, 0.0], [-73.15358000031055, 44.27060599974916, 0.0], [-73.15347999951105, 44.27077999958144, 0.0], [-73.15343000033893, 44.27110000033939, 0.0], [-73.15349000038763, 44.27128000022444, 0.0], [-73.15365000039623, 44.2714100001599, 0.0], [-73.1537900003891, 44.271130000376104, 0.0], [-73.15381459966703, 44.27053069964964, 0.0], [-73.15618889946677, 44.26976900020618, 0.0], [-73.1567069994603, 44.2697080002545, 0.0], [-73.15663120037638, 44.26948240000401, 0.0], [-73.15901619974791, 44.269301800089764, 0.0], [-73.15923839996312, 44.27082480034593, 0.0], [-73.15934889983825, 44.271060800263875, 0.0], [-73.15984900058929, 44.271718299684046, 0.0], [-73.15369619974479, 44.27228889963562, 0.0], [-73.15362999996783, 44.27211000004134, 0.0], [-73.15348999993694, 44.2720800001895, 0.0], [-73.1533800006168, 44.272099999670075, 0.0], [-73.15329999957193, 44.272310000138205, 0.0]]], [[[-73.15098340014411, 44.18464159958713, 0.0], [-73.15108280007598, 44.18518310017687, 0.0], [-73.15080420057656, 44.18537370043233, 0.0], [-73.15071580029291, 44.1855082002317, 0.0], [-73.15052739944414, 44.18608529963328, 0.0], [-73.15017290045421, 44.18633899964895, 0.0], [-73.14984659981468, 44.18666879986063, 0.0], [-73.14925639975557, 44.188044400208305, 0.0], [-73.14911860057357, 44.18824520014411, 0.0], [-73.1488483994138, 44.18849119989622, 0.0], [-73.14819719957471, 44.18879619955667, 0.0], [-73.14680739987983, 44.19056860025707, 0.0], [-73.14629039997938, 44.19100030018443, 0.0], [-73.14429470042896, 44.19305180007003, 0.0], [-73.14241809947386, 44.19441529974083, 0.0], [-73.14182830035013, 44.195093300216364, 0.0], [-73.1412463996234, 44.1953724998301, 0.0], [-73.13947709971087, 44.19604800043542, 0.0], [-73.13804309995615, 44.19696120033288, 0.0], [-73.1377985006107, 44.197221900246454, 0.0], [-73.13674979997538, 44.199105399972495, 0.0], [-73.13632879677817, 44.199653796784105, 0.0], [-73.13578319554806, 44.20030699634325, 0.0], [-73.13530796233306, 44.19897739780387, 0.0], [-73.13365390034437, 44.19386740040322, 0.0], [-73.13350139976659, 44.193452799618804, 0.0], [-73.1333535997704, 44.19334560044594, 0.0], [-73.13313039944993, 44.192902800169044, 0.0], [-73.13293031586008, 44.1919482966021, 0.0], [-73.1329042998582, 44.19168609961811, 0.0], [-73.13323850017272, 44.18997269987205, 0.0], [-73.13323306750539, 44.18931508099775, 0.0], [-73.13322944879909, 44.18905175182304, 0.0], [-73.13302950010974, 44.188556999703316, 0.0], [-73.13279089976221, 44.18748150039642, 0.0], [-73.13293179946568, 44.18593630032055, 0.0], [-73.13297289958442, 44.18443879967734, 0.0], [-73.1328223005564, 44.18351429965574, 0.0], [-73.13194509946538, 44.18215149988158, 0.0], [-73.13136079977414, 44.18145149973348, 0.0], [-73.13079919989163, 44.18094650042226, 0.0], [-73.13012109982856, 44.18035200036928, 0.0], [-73.12435527596928, 44.18118208904514, 0.0], [-73.12413639979012, 44.18121360044555, 0.0], [-73.12406072708674, 44.18103290829154, 0.0], [-73.12376000007797, 44.18079000014507, 0.0], [-73.12343839983262, 44.18078999981015, 0.0], [-73.12330999952748, 44.18081999973869, 0.0], [-73.12336000052524, 44.18095999980533, 0.0], [-73.12385860007042, 44.18125359976257, 0.0], [-73.12036320041875, 44.18175679956153, 0.0], [-73.11940879987301, 44.18046180007269, 0.0], [-73.11908023456087, 44.17963635968577, 0.0], [-73.11937543539703, 44.179608378043234, 0.0], [-73.12147314148463, 44.17941195401141, 0.0], [-73.12389724831476, 44.179179662574015, 0.0], [-73.12842483518642, 44.17875029443713, 0.0], [-73.13640909470203, 44.17797921956049, 0.0], [-73.13993533851043, 44.17763509469077, 0.0], [-73.13995164982865, 44.17763349312809, 0.0], [-73.14046656864821, 44.177582962675835, 0.0], [-73.14362316645659, 44.17727928937381, 0.0], [-73.1441533261773, 44.17722993802254, 0.0], [-73.14544600464076, 44.17710920108926, 0.0], [-73.14767337839719, 44.1768992629771, 0.0], [-73.1494170216849, 44.176741421304556, 0.0], [-73.15122340061687, 44.176553600016135, 0.0], [-73.15349270027603, 44.182888400204966, 0.0], [-73.15364469940694, 44.18334719991515, 0.0], [-73.15214190035258, 44.18474370019432, 0.0], [-73.15200639999267, 44.18447679976787, 0.0], [-73.15180689985037, 44.18428720019011, 0.0], [-73.15150890000439, 44.18419940038764, 0.0], [-73.15108359958543, 44.184333299614856, 0.0], [-73.15098340014411, 44.18464159958713, 0.0]]], [[[-73.12274469961419, 44.19214710041101, 0.0], [-73.12162260040827, 44.190900600437956, 0.0], [-73.12104030018187, 44.18961240041009, 0.0], [-73.12239230019556, 44.18941609991025, 0.0], [-73.121904900009, 44.18819090019868, 0.0], [-73.12177460012464, 44.186655100095464, 0.0], [-73.12444890014956, 44.186385500221505, 0.0], [-73.12423359946584, 44.18949979988736, 0.0], [-73.12431959965318, 44.19006489988974, 0.0], [-73.12470400017601, 44.19118019984776, 0.0], [-73.1247404996707, 44.19149689977286, 0.0], [-73.12470200024043, 44.192090100120744, 0.0], [-73.12445670019804, 44.19348169976333, 0.0], [-73.12443259978988, 44.194175700179834, 0.0], [-73.12274469961419, 44.19214710041101, 0.0]], [[-73.12402999996239, 44.19196000009466, 0.0], [-73.12392999990469, 44.19186000019747, 0.0], [-73.12372999998205, 44.19189000008901, 0.0], [-73.12359999954958, 44.191849999615066, 0.0], [-73.12362999950847, 44.19173000021546, 0.0], [-73.12358000059076, 44.1916799996447, 0.0], [-73.12329000052857, 44.19172000022075, 0.0], [-73.12322999972436, 44.19181999980565, 0.0], [-73.1228200002272, 44.191540000419955, 0.0], [-73.1227900002823, 44.19136000012393, 0.0], [-73.12268000019183, 44.19137000017468, 0.0], [-73.12255000045788, 44.19146000043831, 0.0], [-73.12265000060269, 44.19153000034254, 0.0], [-73.12255999938888, 44.19174999962656, 0.0], [-73.12295999944867, 44.19229999961327, 0.0], [-73.12319000055979, 44.192339999819716, 0.0], [-73.12334000015386, 44.19221000030435, 0.0], [-73.12402999996239, 44.19196000009466, 0.0]]], [[[-73.1182055000034, 44.18294680028553, 0.0], [-73.11874629955797, 44.18375209993661, 0.0], [-73.11904889955099, 44.184436700290526, 0.0], [-73.11908980006474, 44.185098000010164, 0.0], [-73.1190263001651, 44.18522509993212, 0.0], [-73.11895040010074, 44.18645170012311, 0.0], [-73.11907259949474, 44.1868446998844, 0.0], [-73.11915450048889, 44.18757820035455, 0.0], [-73.11940389988652, 44.18776399986854, 0.0], [-73.11951350026077, 44.187705200377, 0.0], [-73.11966070050438, 44.18747250019508, 0.0], [-73.11982749976798, 44.186899699908565, 0.0], [-73.11991520054663, 44.18609629971044, 0.0], [-73.11983280044228, 44.185652200204345, 0.0], [-73.11991829985035, 44.185340400157756, 0.0], [-73.11980140051472, 44.184632700026036, 0.0], [-73.11995740061954, 44.18433840021619, 0.0], [-73.12050740030487, 44.18394609985595, 0.0], [-73.1205410994492, 44.1848917997995, 0.0], [-73.12024100053867, 44.186476399712646, 0.0], [-73.12017439955237, 44.18745649977412, 0.0], [-73.1202123001763, 44.18781179980407, 0.0], [-73.11909009981157, 44.187954899881696, 0.0], [-73.11971800051006, 44.18980449992527, 0.0], [-73.12085259986472, 44.18963970043115, 0.0], [-73.1214568996301, 44.19096869984064, 0.0], [-73.12252189980224, 44.19215180042442, 0.0], [-73.12464389949069, 44.19467850023313, 0.0], [-73.12478650003759, 44.19492060000309, 0.0], [-73.12510100007434, 44.19588340035837, 0.0], [-73.12529329984486, 44.19791569985481, 0.0], [-73.12437599948531, 44.197998200069854, 0.0], [-73.12482639956029, 44.20129579999701, 0.0], [-73.1162157004934, 44.20228859973427, 0.0], [-73.11601780050478, 44.2021708999571, 0.0], [-73.11565969969926, 44.20179800007128, 0.0], [-73.11482340044041, 44.20077449983625, 0.0], [-73.11461300042498, 44.19986859968262, 0.0], [-73.11467619954341, 44.199409000126444, 0.0], [-73.11441759989339, 44.19897360000257, 0.0], [-73.11022349964462, 44.19939260044686, 0.0], [-73.11017604442256, 44.19853426782002, 0.0], [-73.11010199975136, 44.197151000153966, 0.0], [-73.1100005994402, 44.19614399956855, 0.0], [-73.10989739970984, 44.19547689972312, 0.0], [-73.1083030995781, 44.18958679977561, 0.0], [-73.1073101003887, 44.18689339994859, 0.0], [-73.10572690023311, 44.18319759998036, 0.0], [-73.10522769940005, 44.18228930019441, 0.0], [-73.10680009994367, 44.18194350022585, 0.0], [-73.10839979946041, 44.18182140013982, 0.0], [-73.1096283998413, 44.18190280032183, 0.0], [-73.1115464000715, 44.18230829958124, 0.0], [-73.1121013000241, 44.182335000452746, 0.0], [-73.11255100046907, 44.18223510008952, 0.0], [-73.11308479949348, 44.18194289968517, 0.0], [-73.11398750041779, 44.18163419956215, 0.0], [-73.11687270032627, 44.18094609957002, 0.0], [-73.11821730049554, 44.18121740033814, 0.0], [-73.11953549964649, 44.18097390021411, 0.0], [-73.12008640000768, 44.181764000238324, 0.0], [-73.11845749997208, 44.182037099760144, 0.0], [-73.11816729975078, 44.182129999940756, 0.0], [-73.11798900004827, 44.18230869969255, 0.0], [-73.1180127001255, 44.18252550032234, 0.0], [-73.1182055000034, 44.18294680028553, 0.0]], [[-73.11901000011964, 44.189729999672956, 0.0], [-73.11893999961055, 44.189990000420366, 0.0], [-73.11908000027888, 44.19020000001327, 0.0], [-73.11902999997056, 44.19043999989524, 0.0], [-73.11952000004763, 44.19036999994943, 0.0], [-73.11971999945061, 44.1904300002705, 0.0], [-73.12005999969381, 44.19063999978453, 0.0], [-73.12031999988376, 44.19089999974249, 0.0], [-73.12032999974618, 44.19122000036352, 0.0], [-73.1205000004388, 44.191240000092385, 0.0], [-73.12056999969674, 44.19103999997745, 0.0], [-73.12038999962014, 44.190609999682614, 0.0], [-73.12009000033775, 44.1903900002198, 0.0], [-73.11999000056306, 44.19025000032049, 0.0], [-73.11964999958734, 44.19015000024807, 0.0], [-73.1195400002682, 44.1900699999227, 0.0], [-73.11954999998815, 44.189889999586626, 0.0], [-73.119429999559, 44.1898899996394, 0.0], [-73.11923999965184, 44.18974000034513, 0.0], [-73.1193200005388, 44.189610000271955, 0.0], [-73.11929000051902, 44.18955000027228, 0.0], [-73.11907000015461, 44.18946000015985, 0.0], [-73.11887000007111, 44.18945000042673, 0.0], [-73.11873000028592, 44.18936000002722, 0.0], [-73.11847300054983, 44.18878300036004, 0.0], [-73.11833999953686, 44.18872000003142, 0.0], [-73.11818999989192, 44.188810000129386, 0.0], [-73.11838000033288, 44.18901000023116, 0.0], [-73.11837999992704, 44.18940999971964, 0.0], [-73.11847999995202, 44.18954000034268, 0.0], [-73.11859000045784, 44.18956999995821, 0.0], [-73.1186157997662, 44.18957573269741, 0.0], [-73.11889000008979, 44.189609999680236, 0.0], [-73.11901000011964, 44.189729999672956, 0.0]], [[-73.1203099999724, 44.19169999961683, 0.0], [-73.12022000000714, 44.19145999982058, 0.0], [-73.12027000010792, 44.19095000026029, 0.0], [-73.1199000006029, 44.19060000041541, 0.0], [-73.11963000049033, 44.190429999773734, 0.0], [-73.11948000043444, 44.190460000012784, 0.0], [-73.11932000038966, 44.190580000312686, 0.0], [-73.11937000035418, 44.190869999859736, 0.0], [-73.11961000044415, 44.19127999981472, 0.0], [-73.11991000053663, 44.19162999973754, 0.0], [-73.12003000018795, 44.191710000305825, 0.0], [-73.12023999963385, 44.191740000015635, 0.0], [-73.1203099999724, 44.19169999961683, 0.0]], [[-73.11902999998505, 44.19226999991618, 0.0], [-73.11899999996675, 44.1925900004284, 0.0], [-73.11918309958895, 44.192886199596735, 0.0], [-73.11934000061679, 44.193189999621815, 0.0], [-73.11948999954295, 44.193099999882925, 0.0], [-73.11980000044753, 44.19307000014536, 0.0], [-73.11998000057109, 44.192889999876115, 0.0], [-73.12013000027152, 44.19285999989312, 0.0], [-73.12050000004189, 44.19288999983725, 0.0], [-73.12067999951876, 44.19308000008686, 0.0], [-73.12073999984054, 44.19307999986795, 0.0], [-73.12091000045135, 44.19300999987577, 0.0], [-73.12137000060967, 44.19239000042134, 0.0], [-73.12121999969929, 44.19211999989072, 0.0], [-73.12056999989836, 44.19204000007486, 0.0], [-73.12036000046113, 44.191789999921525, 0.0], [-73.12002000020358, 44.191789999903136, 0.0], [-73.11977000029457, 44.19162999977808, 0.0], [-73.11928999947561, 44.19091999970738, 0.0], [-73.11920999945636, 44.19049999968436, 0.0], [-73.11913000047046, 44.19051000019352, 0.0], [-73.1190700001663, 44.19063999972747, 0.0], [-73.11917000033962, 44.190930000184856, 0.0], [-73.11892000059099, 44.19109000000514, 0.0], [-73.11880000043172, 44.19142999991688, 0.0], [-73.11892999967574, 44.19163999981629, 0.0], [-73.11891000008701, 44.19192999984981, 0.0], [-73.11902999998505, 44.19226999991618, 0.0]]], [[[-73.15815910027311, 44.19542270041201, 0.0], [-73.15871089986507, 44.196338899711485, 0.0], [-73.15921520003927, 44.197597699559665, 0.0], [-73.15946749980816, 44.2001320000418, 0.0], [-73.15956130019579, 44.20050359974119, 0.0], [-73.16011239957948, 44.20172570011063, 0.0], [-73.1606608000144, 44.20339460022268, 0.0], [-73.16112490033376, 44.204178500329974, 0.0], [-73.16223360011304, 44.20668340019983, 0.0], [-73.1627942999361, 44.20778450006978, 0.0], [-73.16302880040735, 44.20801859963106, 0.0], [-73.16302600056362, 44.20836159967861, 0.0], [-73.16399099981801, 44.213337600278166, 0.0], [-73.1640544004164, 44.21396159992991, 0.0], [-73.16398480028637, 44.214140699726485, 0.0], [-73.16359939955207, 44.21444969996152, 0.0], [-73.16312809963712, 44.21458610027676, 0.0], [-73.16107260014057, 44.21498870034166, 0.0], [-73.15806785718078, 44.21565903607887, 0.0], [-73.15791970130705, 44.21569208921386, 0.0], [-73.15674480029412, 44.21595419972269, 0.0], [-73.15598949999993, 44.21625069971574, 0.0], [-73.15557000028171, 44.21657519985599, 0.0], [-73.1553198998218, 44.21690689955935, 0.0], [-73.15514198597444, 44.21725933441729, 0.0], [-73.1548060997879, 44.217924700103204, 0.0], [-73.1547306896951, 44.21805776342087, 0.0], [-73.15472841860813, 44.218049767453756, 0.0], [-73.15472709545702, 44.218045101405146, 0.0], [-73.15471089988297, 44.217988099956244, 0.0], [-73.15468888881578, 44.218032497365606, 0.0], [-73.15437820031666, 44.21855590006267, 0.0], [-73.15276620019738, 44.22008910021245, 0.0], [-73.15251480016879, 44.22051460031006, 0.0], [-73.15232629982266, 44.221093900241456, 0.0], [-73.1522721005932, 44.22152439965792, 0.0], [-73.15235679957446, 44.221905899918106, 0.0], [-73.15292150012723, 44.222862699823764, 0.0], [-73.15316790025135, 44.22350969973441, 0.0], [-73.15329640001755, 44.22429410014337, 0.0], [-73.15332359939268, 44.22546939996027, 0.0], [-73.15325070051854, 44.22583600037368, 0.0], [-73.15292470001982, 44.22651319993829, 0.0], [-73.152426199462, 44.22742889991839, 0.0], [-73.15188220038702, 44.228182900367514, 0.0], [-73.15167900039539, 44.228576799882646, 0.0], [-73.15139470046418, 44.23081849975463, 0.0], [-73.15125649944997, 44.23131559973787, 0.0], [-73.15092350009483, 44.23185760024976, 0.0], [-73.15020350031516, 44.23275250022638, 0.0], [-73.1498063004104, 44.23292790033011, 0.0], [-73.14800539981154, 44.23345399990265, 0.0], [-73.1473631995148, 44.23380020043798, 0.0], [-73.14641450050195, 44.2347687002322, 0.0], [-73.14561649967703, 44.234381600246856, 0.0], [-73.14494260011284, 44.23507479955497, 0.0], [-73.14384569987972, 44.236589700147796, 0.0], [-73.14319750014721, 44.236512100298, 0.0], [-73.14320329963809, 44.236148500144004, 0.0], [-73.14304480029968, 44.23596899966132, 0.0], [-73.14286889962918, 44.23601360025787, 0.0], [-73.14270519943209, 44.23618120027822, 0.0], [-73.14265969995697, 44.23633220001236, 0.0], [-73.14141519984241, 44.23560650044707, 0.0], [-73.13991989958556, 44.23444849986459, 0.0], [-73.13901419959555, 44.23386699963644, 0.0], [-73.13884499956677, 44.23363569959555, 0.0], [-73.13830999980559, 44.232365599882385, 0.0], [-73.13812559973051, 44.23218039987189, 0.0], [-73.13789599979833, 44.23207710039724, 0.0], [-73.1373372001084, 44.23202920023979, 0.0], [-73.13502559949715, 44.23242170018986, 0.0], [-73.13471589993628, 44.23191439988311, 0.0], [-73.1345922994415, 44.23128750008934, 0.0], [-73.13442610005745, 44.23096699990489, 0.0], [-73.13419270058192, 44.23067890032897, 0.0], [-73.1336711001615, 44.23034570000623, 0.0], [-73.1334770999, 44.23008050009199, 0.0], [-73.13310579970273, 44.22895359991453, 0.0], [-73.13304839987566, 44.22819980044388, 0.0], [-73.13325119944457, 44.22729900045, 0.0], [-73.13349120042609, 44.22662260039919, 0.0], [-73.13395819964998, 44.225980299762746, 0.0], [-73.1343832005363, 44.22562650037247, 0.0], [-73.13453729942059, 44.22521759988443, 0.0], [-73.13463499943451, 44.22443429972251, 0.0], [-73.13435180034269, 44.22270170012205, 0.0], [-73.1349804004738, 44.21920640008849, 0.0], [-73.13494520025499, 44.21890520003628, 0.0], [-73.13473580004711, 44.21839179981098, 0.0], [-73.13471269950496, 44.21800559973356, 0.0], [-73.13473459943692, 44.21780630010981, 0.0], [-73.13504550013371, 44.2170841000692, 0.0], [-73.13509659956983, 44.2162327997251, 0.0], [-73.13486660026807, 44.21586790034338, 0.0], [-73.13420639985404, 44.21511299964253, 0.0], [-73.13394060031177, 44.21465219999899, 0.0], [-73.13364640000422, 44.213171999825995, 0.0], [-73.13328889974458, 44.212394599981494, 0.0], [-73.13232860042032, 44.21101159985429, 0.0], [-73.13137510012012, 44.21008169966332, 0.0], [-73.13120159944066, 44.209786400310364, 0.0], [-73.1310735004554, 44.209156900162576, 0.0], [-73.13098970015861, 44.20902480017344, 0.0], [-73.1308492003614, 44.20893790017768, 0.0], [-73.13013860020538, 44.20877089996937, 0.0], [-73.1287841994651, 44.20806419961524, 0.0], [-73.12784470005587, 44.207710400274344, 0.0], [-73.12760889946068, 44.207580999652016, 0.0], [-73.12695110014441, 44.20702119985547, 0.0], [-73.13072500061406, 44.20618770029235, 0.0], [-73.13044440056377, 44.20531869976894, 0.0], [-73.13034020061671, 44.20378709989658, 0.0], [-73.13175219993666, 44.20330290041112, 0.0], [-73.13340719997096, 44.202406799816266, 0.0], [-73.13462960003913, 44.201604899774644, 0.0], [-73.13570384664763, 44.200657884062224, 0.0], [-73.13581119976732, 44.20054739965479, 0.0], [-73.1363621957844, 44.19991369701674, 0.0], [-73.13693300017756, 44.19917840014239, 0.0], [-73.13797819998913, 44.197306400387106, 0.0], [-73.13817010054541, 44.19709290019854, 0.0], [-73.13959910059681, 44.196172800393875, 0.0], [-73.14138920022774, 44.19548949971292, 0.0], [-73.14192559977032, 44.195235300312476, 0.0], [-73.14217299955594, 44.19502260013717, 0.0], [-73.14254899963065, 44.194539400343274, 0.0], [-73.14442529963925, 44.19317690013856, 0.0], [-73.14630220010646, 44.19124440013726, 0.0], [-73.14698940041968, 44.190642199597754, 0.0], [-73.1483305997028, 44.18892429973157, 0.0], [-73.14897240054833, 44.18861520015173, 0.0], [-73.14927749977763, 44.18834489999354, 0.0], [-73.14945000013297, 44.18810340026938, 0.0], [-73.15005590046688, 44.18670740037995, 0.0], [-73.15039040023791, 44.18638989988169, 0.0], [-73.15100079962153, 44.18600060007542, 0.0], [-73.15124460060278, 44.18614349987549, 0.0], [-73.1513668003353, 44.186554699769744, 0.0], [-73.15106660059371, 44.18786629963363, 0.0], [-73.15107780040613, 44.18853170041408, 0.0], [-73.15117219944385, 44.18875870002394, 0.0], [-73.1512686994868, 44.188830099734716, 0.0], [-73.15153209946003, 44.188932599889775, 0.0], [-73.15181369957247, 44.18894089967789, 0.0], [-73.15204269982986, 44.18880149991014, 0.0], [-73.15218510008849, 44.18859780012825, 0.0], [-73.15218850016002, 44.188196299866576, 0.0], [-73.15236590009503, 44.187656000224756, 0.0], [-73.15249460024488, 44.186927899943456, 0.0], [-73.15245420053013, 44.186628100409465, 0.0], [-73.15220629987559, 44.18623249988212, 0.0], [-73.15232110026307, 44.185258800039655, 0.0], [-73.15222570025082, 44.18490879963175, 0.0], [-73.15353250034015, 44.18369180002131, 0.0], [-73.1536541996552, 44.18365280005813, 0.0], [-73.15381069982915, 44.1836900002433, 0.0], [-73.15420850049242, 44.184471200278864, 0.0], [-73.15436549984827, 44.185711799670166, 0.0], [-73.15482930049542, 44.188089900247256, 0.0], [-73.15506969985213, 44.18910530001893, 0.0], [-73.15527449996698, 44.18965680027413, 0.0], [-73.15679559999113, 44.192427899986555, 0.0], [-73.15815910027311, 44.19542270041201, 0.0]], [[-73.14213999953893, 44.195649999864955, 0.0], [-73.14182999957622, 44.195660000324644, 0.0], [-73.14179000041374, 44.19575000000502, 0.0], [-73.14184999990869, 44.195919999604385, 0.0], [-73.142039999626, 44.195970000063994, 0.0], [-73.14283000006814, 44.1956999997915, 0.0], [-73.14326999999248, 44.19564999986613, 0.0], [-73.14357999937874, 44.19537999993771, 0.0], [-73.14351000048532, 44.195169999880754, 0.0], [-73.14322000020438, 44.19503999961128, 0.0], [-73.143350000077, 44.19494000039063, 0.0], [-73.14344999987506, 44.19470000006122, 0.0], [-73.1437199995805, 44.19459000035371, 0.0], [-73.14345000004091, 44.194570000008454, 0.0], [-73.14324999955467, 44.19462000035945, 0.0], [-73.14307999971587, 44.1944999996373, 0.0], [-73.14284000005138, 44.194619999813035, 0.0], [-73.14280000052247, 44.19482000032178, 0.0], [-73.14268999987745, 44.19491999980376, 0.0], [-73.14289999948066, 44.19508999996789, 0.0], [-73.14285999962833, 44.195310000073526, 0.0], [-73.1425799993911, 44.19546000007032, 0.0], [-73.1422399999036, 44.19555000044774, 0.0], [-73.14213999953893, 44.195649999864955, 0.0]], [[-73.14137000007767, 44.19627999985404, 0.0], [-73.14102999942938, 44.19656999969079, 0.0], [-73.14099999952923, 44.19667000036219, 0.0], [-73.1413599996203, 44.196840000313465, 0.0], [-73.14169999949502, 44.19686000028932, 0.0], [-73.14177999980784, 44.196710000377685, 0.0], [-73.14168999956092, 44.19640000028754, 0.0], [-73.14141000026717, 44.19633000013325, 0.0], [-73.14137000007767, 44.19627999985404, 0.0]], [[-73.14203000004062, 44.19776000022368, 0.0], [-73.14185000040213, 44.19773999965083, 0.0], [-73.14176000038128, 44.197910000444686, 0.0], [-73.14145000019596, 44.197980000418454, 0.0], [-73.14156999956963, 44.19821000031199, 0.0], [-73.14178999970481, 44.198330000401, 0.0], [-73.14204000049821, 44.19826999993374, 0.0], [-73.14206000041874, 44.198159999632985, 0.0], [-73.14197999981455, 44.197929999572466, 0.0], [-73.14203000004062, 44.19776000022368, 0.0]], [[-73.15720000034293, 44.203810000116405, 0.0], [-73.15713999991888, 44.20355999979675, 0.0], [-73.15691999995063, 44.20363000001907, 0.0], [-73.15667999940113, 44.20364000001476, 0.0], [-73.15672999999681, 44.20379999974715, 0.0], [-73.1566199996139, 44.20392000034318, 0.0], [-73.15664000028204, 44.20410000020291, 0.0], [-73.15686999962962, 44.20416000045455, 0.0], [-73.15713999981682, 44.20404999979671, 0.0], [-73.15720000034293, 44.203810000116405, 0.0]], [[-73.13261000021777, 44.2051499999412, 0.0], [-73.13299000056826, 44.20502000019366, 0.0], [-73.1324599998664, 44.20429999967479, 0.0], [-73.13233000057512, 44.2043500000489, 0.0], [-73.1320200002772, 44.204849999990195, 0.0], [-73.13174999980907, 44.20507999982066, 0.0], [-73.1319500005987, 44.20539000000878, 0.0], [-73.1321400005612, 44.20545000042302, 0.0], [-73.13225999941582, 44.20543999983764, 0.0], [-73.13252000062779, 44.20529000021125, 0.0], [-73.13261000021777, 44.2051499999412, 0.0]]], [[[-73.12868880056875, 44.20818320008544, 0.0], [-73.13004229938093, 44.2088892999378, 0.0], [-73.13083310051209, 44.20910820030839, 0.0], [-73.13101460004187, 44.2098147003684, 0.0], [-73.13120699965505, 44.21014710019564, 0.0], [-73.1321693004243, 44.211087699837194, 0.0], [-73.13311360051732, 44.21244920014838, 0.0], [-73.1334604999205, 44.21320300044039, 0.0], [-73.13375679959759, 44.21468999964471, 0.0], [-73.13403930026642, 44.21517929962041, 0.0], [-73.13470229939591, 44.21593799987531, 0.0], [-73.13490769989448, 44.216258099938344, 0.0], [-73.13485780026072, 44.217058500150785, 0.0], [-73.1345463004781, 44.21778139960224, 0.0], [-73.13452209952827, 44.21799920040648, 0.0], [-73.13454800030864, 44.218417400206015, 0.0], [-73.13475849958968, 44.21893469970986, 0.0], [-73.13478940005253, 44.2191998999375, 0.0], [-73.13416120006598, 44.22269330043498, 0.0], [-73.13444389963983, 44.22443549983802, 0.0], [-73.13434879973549, 44.22519589965609, 0.0], [-73.13421039978, 44.22556519975386, 0.0], [-73.13380550018357, 44.2258972000191, 0.0], [-73.13330989990415, 44.226579099584114, 0.0], [-73.1329971004868, 44.22752060014594, 0.0], [-73.13284039957597, 44.22841150003768, 0.0], [-73.13305880048682, 44.22952230011022, 0.0], [-73.1332992005088, 44.23013070038521, 0.0], [-73.13351910062188, 44.230429799802494, 0.0], [-73.13404240038585, 44.230765299844094, 0.0], [-73.13425519967066, 44.23102840002159, 0.0], [-73.13440469938928, 44.231314299675574, 0.0], [-73.13453460025278, 44.23195750029874, 0.0], [-73.13483780042557, 44.23245719994274, 0.0], [-73.13430450004672, 44.2325931001314, 0.0], [-73.13314689965112, 44.23272609960438, 0.0], [-73.13215309970637, 44.232946899697914, 0.0], [-73.13172140012324, 44.23307790019473, 0.0], [-73.13124920040039, 44.23342839963776, 0.0], [-73.1299937002143, 44.23388149983801, 0.0], [-73.1295287003455, 44.23364000014856, 0.0], [-73.12982000022903, 44.23334000002066, 0.0], [-73.13003000010094, 44.23324000027315, 0.0], [-73.13017000030594, 44.23308999977278, 0.0], [-73.13012000026816, 44.23286999982463, 0.0], [-73.12987000014691, 44.23269000015221, 0.0], [-73.12967000042968, 44.23272000037504, 0.0], [-73.12941999999589, 44.23287999956763, 0.0], [-73.12911000053435, 44.2333599996271, 0.0], [-73.12888049942688, 44.233469799678055, 0.0], [-73.1284094994313, 44.23338090015119, 0.0], [-73.12832790024433, 44.23331639981648, 0.0], [-73.12826120038041, 44.233230099948464, 0.0], [-73.12836699948737, 44.232838900341235, 0.0], [-73.12850039942823, 44.232657200218206, 0.0], [-73.12893459995281, 44.232364800234585, 0.0], [-73.12974179945549, 44.23213119989956, 0.0], [-73.13020689970679, 44.23187479960122, 0.0], [-73.13057580011788, 44.231615399632496, 0.0], [-73.13078399949732, 44.231375299648455, 0.0], [-73.13109589967713, 44.230617299693876, 0.0], [-73.13123500024409, 44.228996600004045, 0.0], [-73.13148570003125, 44.228549999719135, 0.0], [-73.13224110013462, 44.2278360000707, 0.0], [-73.1323152005479, 44.227705200018896, 0.0], [-73.13226539950153, 44.22740189973678, 0.0], [-73.13216310010752, 44.22727599992795, 0.0], [-73.13088540007527, 44.22662359995374, 0.0], [-73.13073210046878, 44.22648370042355, 0.0], [-73.13044459947686, 44.226438699723765, 0.0], [-73.13010799951844, 44.22648810045121, 0.0], [-73.12957390008464, 44.2268353996336, 0.0], [-73.12922149998828, 44.22721029984515, 0.0], [-73.12879629999908, 44.22779189979176, 0.0], [-73.12831793919999, 44.22862630213233, 0.0], [-73.12787189982883, 44.22980160022562, 0.0], [-73.12782621047545, 44.23046310557057, 0.0], [-73.12766680022342, 44.23100360005396, 0.0], [-73.1269821997283, 44.23250520009038, 0.0], [-73.12685400029767, 44.23343179988346, 0.0], [-73.12672409958579, 44.23387390021882, 0.0], [-73.12658580013488, 44.234073700396934, 0.0], [-73.12523360060355, 44.23463289989783, 0.0], [-73.12507140024114, 44.23491250015937, 0.0], [-73.1251230003519, 44.2353821995637, 0.0], [-73.12571480024077, 44.23519359958122, 0.0], [-73.12627789971685, 44.23488690042383, 0.0], [-73.12544529966257, 44.23545630044428, 0.0], [-73.12499899989011, 44.235570399720665, 0.0], [-73.12396299977085, 44.23559620044846, 0.0], [-73.12325099940196, 44.235246900169024, 0.0], [-73.12264850002954, 44.235126899650886, 0.0], [-73.12191829961235, 44.23530670019967, 0.0], [-73.12134450004065, 44.23519269964229, 0.0], [-73.12068419975918, 44.23513099994135, 0.0], [-73.1202615996911, 44.235141199933665, 0.0], [-73.12007939990282, 44.23519529988485, 0.0], [-73.11981930008986, 44.233726199696726, 0.0], [-73.11920080035125, 44.23219429960288, 0.0], [-73.11777649999037, 44.22809180016683, 0.0], [-73.11739900028036, 44.22698850029532, 0.0], [-73.11687179974004, 44.22534900023782, 0.0], [-73.1164429001192, 44.223318299898104, 0.0], [-73.11641824755823, 44.22311286345008, 0.0], [-73.11647709986421, 44.22254410005201, 0.0], [-73.11650495548407, 44.22239521796056, 0.0], [-73.11675840042493, 44.22066709957816, 0.0], [-73.11673950028667, 44.21995929991157, 0.0], [-73.11656130035514, 44.21943450032219, 0.0], [-73.1156518002537, 44.217804499915225, 0.0], [-73.1147257995215, 44.21420059998091, 0.0], [-73.11433630048957, 44.211214999787366, 0.0], [-73.11436579969953, 44.21027620014698, 0.0], [-73.11454940001873, 44.2089966997579, 0.0], [-73.11632810021803, 44.20871050013445, 0.0], [-73.11743109963912, 44.20844540019904, 0.0], [-73.11888400030293, 44.20826939955165, 0.0], [-73.11987479942839, 44.20800849996657, 0.0], [-73.12095879940104, 44.20747689957023, 0.0], [-73.12352070011866, 44.20548090013759, 0.0], [-73.12384099951137, 44.20572319965284, 0.0], [-73.12431719994457, 44.20560699969646, 0.0], [-73.12477670056315, 44.20540060038554, 0.0], [-73.12497250047171, 44.20538799958396, 0.0], [-73.12518690019971, 44.20525240044441, 0.0], [-73.12538759951879, 44.20522530029268, 0.0], [-73.12558450036761, 44.20621440000221, 0.0], [-73.12575910061364, 44.20674450015984, 0.0], [-73.12589350060072, 44.20696030027718, 0.0], [-73.1261739997128, 44.207192899664975, 0.0], [-73.1267582996736, 44.20706380041706, 0.0], [-73.1274783998951, 44.207681699892575, 0.0], [-73.12773469985808, 44.20782259979118, 0.0], [-73.12868880056875, 44.20818320008544, 0.0]]], [[[-73.1427627004017, 44.23814770003683, 0.0], [-73.14306079991361, 44.237509199967214, 0.0], [-73.14317430054918, 44.23664830042263, 0.0], [-73.14376490051404, 44.23671899995354, 0.0], [-73.1425156003301, 44.2391612002377, 0.0], [-73.1427627004017, 44.23814770003683, 0.0]]], [[[-73.14972185699074, 44.24119964317547, 0.0], [-73.14988980003297, 44.24143279959625, 0.0], [-73.15019489941507, 44.24235620028513, 0.0], [-73.15013339987426, 44.242985900422156, 0.0], [-73.14996081442668, 44.243248064826865, 0.0], [-73.14976649951264, 44.24354570029479, 0.0], [-73.1490784006137, 44.24352320045106, 0.0], [-73.14818219978206, 44.24340489981602, 0.0], [-73.14594269998686, 44.242431599976946, 0.0], [-73.14467930048703, 44.24200400023374, 0.0], [-73.14424160031255, 44.24175660005635, 0.0], [-73.14274989947447, 44.2416214999721, 0.0], [-73.14345890032381, 44.239721900211876, 0.0], [-73.1443630996932, 44.23994749972911, 0.0], [-73.14577879994924, 44.23718049957554, 0.0], [-73.14814949950649, 44.237819799701875, 0.0], [-73.150324600049, 44.238603600071094, 0.0], [-73.15001630055568, 44.23896599990037, 0.0], [-73.14988499978993, 44.23929589980427, 0.0], [-73.14964789984171, 44.239608599605056, 0.0], [-73.14935930055645, 44.24057989990149, 0.0], [-73.14936710034344, 44.240793000441464, 0.0], [-73.14972185699074, 44.24119964317547, 0.0]]], [[[-73.14241940022231, 44.239462600440575, 0.0], [-73.14327829944321, 44.239676900320084, 0.0], [-73.14246220020135, 44.241845900288766, 0.0], [-73.14228910035548, 44.24209480020334, 0.0], [-73.14206999999514, 44.24226469959101, 0.0], [-73.14206697144566, 44.24223568225466, 0.0], [-73.14189007348973, 44.24144276155062, 0.0], [-73.14198600057341, 44.24061920023169, 0.0], [-73.14241940022231, 44.239462600440575, 0.0]]], [[[-73.14231930003777, 44.23706249960346, 0.0], [-73.14175110060367, 44.238549099762345, 0.0], [-73.14101459988954, 44.239932100079685, 0.0], [-73.14086590051227, 44.240468199639025, 0.0], [-73.14082399956696, 44.24072169996262, 0.0], [-73.14087890038974, 44.24177710038802, 0.0], [-73.14121169991859, 44.24252309996347, 0.0], [-73.14130779953682, 44.24259300037355, 0.0], [-73.14108469990916, 44.24267969976687, 0.0], [-73.13903600032094, 44.23998249991969, 0.0], [-73.13390209961794, 44.24206250002201, 0.0], [-73.13602539943184, 44.244680600187486, 0.0], [-73.13211089992856, 44.24623580024759, 0.0], [-73.13152590061283, 44.24654099988833, 0.0], [-73.12964559754305, 44.248004396928806, 0.0], [-73.12933379879729, 44.248267498833506, 0.0], [-73.12569529600475, 44.251269295662674, 0.0], [-73.12568653134451, 44.25126317519453, 0.0], [-73.12522360034123, 44.25093980035514, 0.0], [-73.12348480032725, 44.251652399736535, 0.0], [-73.12229729972691, 44.24794759978948, 0.0], [-73.12186950054014, 44.24703300032851, 0.0], [-73.12294059965072, 44.24676170001678, 0.0], [-73.12284389974904, 44.24667930021342, 0.0], [-73.1222975000204, 44.24540690000606, 0.0], [-73.12199910003443, 44.24418699997132, 0.0], [-73.12191919988722, 44.24351130021478, 0.0], [-73.12184530011368, 44.242882699780466, 0.0], [-73.1220085997428, 44.24231029972242, 0.0], [-73.12221169959464, 44.240938599864826, 0.0], [-73.12220629954754, 44.24053729960541, 0.0], [-73.12192430051682, 44.239432800318866, 0.0], [-73.12073350014451, 44.239550699804205, 0.0], [-73.12010199988674, 44.23533859962404, 0.0], [-73.12029749975889, 44.23527670015108, 0.0], [-73.12067200039395, 44.23526799975922, 0.0], [-73.12130079964729, 44.2353266003216, 0.0], [-73.12192120016358, 44.23544659958418, 0.0], [-73.12265210020998, 44.235265200434775, 0.0], [-73.1231726005639, 44.23537219982379, 0.0], [-73.12390550051899, 44.2357293000002, 0.0], [-73.12501260043045, 44.23570779971695, 0.0], [-73.12528869981128, 44.235674899971485, 0.0], [-73.1255566995104, 44.235568599790966, 0.0], [-73.12698889941957, 44.23458059996723, 0.0], [-73.12739770031718, 44.234534400196594, 0.0], [-73.12820710045868, 44.23430710038879, 0.0], [-73.12854240036313, 44.234314100100285, 0.0], [-73.1299982005525, 44.23403100025842, 0.0], [-73.13135680002192, 44.233543900310615, 0.0], [-73.13182849984102, 44.23319380008797, 0.0], [-73.13276830048713, 44.23295059984337, 0.0], [-73.13435750001004, 44.232725399679445, 0.0], [-73.13499369981767, 44.23256469970519, 0.0], [-73.13600790000542, 44.232423899554966, 0.0], [-73.1368282995288, 44.23223780015483, 0.0], [-73.13761110033793, 44.23216489962613, 0.0], [-73.13799379940889, 44.23228290004425, 0.0], [-73.13813949963334, 44.23242940021901, 0.0], [-73.13866540031378, 44.23368229978591, 0.0], [-73.13886259997848, 44.23395140035026, 0.0], [-73.13978659980495, 44.23454680033851, 0.0], [-73.14127639985642, 44.23570159988009, 0.0], [-73.14261569960107, 44.23648109972803, 0.0], [-73.14231930003777, 44.23706249960346, 0.0]]], [[[-73.13857449946765, 44.25110439985561, 0.0], [-73.13877209687429, 44.25034819943274, 0.0], [-73.13893059973326, 44.24974159987381, 0.0], [-73.13810929938934, 44.24955099991559, 0.0], [-73.13818359993554, 44.248962700290754, 0.0], [-73.13826399967381, 44.248804099910174, 0.0], [-73.13912519974129, 44.24904299989019, 0.0], [-73.13939118024818, 44.24911675891898, 0.0], [-73.14066139764336, 44.24946900574951, 0.0], [-73.14238950018034, 44.24623150039344, 0.0], [-73.14252219955777, 44.24581069976765, 0.0], [-73.14255569965822, 44.245217600014314, 0.0], [-73.14239250025548, 44.24237210029313, 0.0], [-73.14171849965938, 44.242632799628446, 0.0], [-73.14120099939385, 44.24283289823688, 0.0], [-73.14119960860599, 44.24283106557808, 0.0], [-73.14117580018521, 44.24279969980608, 0.0], [-73.14249300056179, 44.242290299888346, 0.0], [-73.14250499984877, 44.24339379982532, 0.0], [-73.1426604994459, 44.245430000379685, 0.0], [-73.14261679961932, 44.24582789998387, 0.0], [-73.13932009949151, 44.25216370002202, 0.0], [-73.13860190008046, 44.251961500043215, 0.0], [-73.13873169965306, 44.25118920013575, 0.0], [-73.13857449946765, 44.25110439985561, 0.0]]], [[[-73.1208624998959, 44.24879399993439, 0.0], [-73.12227950008071, 44.24855260012215, 0.0], [-73.12226210013895, 44.24843479991929, 0.0], [-73.1233097002865, 44.251717800320264, 0.0], [-73.12176220049682, 44.25200209993961, 0.0], [-73.1208624998959, 44.24879399993439, 0.0]]], [[[-73.13403000060121, 44.246290000204105, 0.0], [-73.13340400022979, 44.246505100369575, 0.0], [-73.13286499968629, 44.246542093667074, 0.0], [-73.13271999974589, 44.246549999569694, 0.0], [-73.13258999971347, 44.246620000220716, 0.0], [-73.13238000049776, 44.24677000028504, 0.0], [-73.13235999949339, 44.24686000036752, 0.0], [-73.13216999964256, 44.24692999967495, 0.0], [-73.13152729946758, 44.24745269967316, 0.0], [-73.13123999988541, 44.24779999970986, 0.0], [-73.13095000038412, 44.248469999886325, 0.0], [-73.1304399994505, 44.249060000155325, 0.0], [-73.12995000025694, 44.24947999995693, 0.0], [-73.12975409955665, 44.24977589987581, 0.0], [-73.12889020054213, 44.25061080003586, 0.0], [-73.12824189948559, 44.250922000117214, 0.0], [-73.12813000018468, 44.250929999834355, 0.0], [-73.12812057967923, 44.25093156990487, 0.0], [-73.12791000023104, 44.25101000007451, 0.0], [-73.12795959967964, 44.25116690026559, 0.0], [-73.12778910460553, 44.25134760428448, 0.0], [-73.12769357916589, 44.251478684204265, 0.0], [-73.12761999999556, 44.251540000168035, 0.0], [-73.1275199996935, 44.251809999619574, 0.0], [-73.12741960053246, 44.252044099989, 0.0], [-73.12743820019323, 44.25230110011584, 0.0], [-73.12768399992486, 44.25277639984515, 0.0], [-73.12791080018393, 44.25300170035631, 0.0], [-73.12881660004449, 44.25340139981571, 0.0], [-73.12953050030163, 44.253513499620816, 0.0], [-73.12979679982733, 44.253480400066664, 0.0], [-73.12989050750068, 44.2534990601878, 0.0], [-73.13000370039813, 44.25352159968689, 0.0], [-73.13019119485907, 44.25367358122118, 0.0], [-73.13039989958268, 44.25386129975509, 0.0], [-73.13104689940846, 44.254214499787864, 0.0], [-73.13186160048471, 44.254338099551106, 0.0], [-73.13236079971361, 44.25450270039139, 0.0], [-73.13260259937638, 44.254540400062105, 0.0], [-73.13298999997608, 44.25439999975779, 0.0], [-73.13300040056475, 44.254357499901865, 0.0], [-73.13339979995828, 44.25402519977224, 0.0], [-73.13392700056711, 44.25375640003918, 0.0], [-73.1350703003319, 44.25362000039162, 0.0], [-73.13538999957778, 44.253550000359375, 0.0], [-73.13545000000505, 44.253350000299925, 0.0], [-73.1357000003696, 44.25296999965972, 0.0], [-73.13599999948835, 44.252829999877285, 0.0], [-73.13675940056505, 44.25228059995228, 0.0], [-73.13725999994985, 44.25194999990159, 0.0], [-73.1377700005439, 44.25127999980646, 0.0], [-73.13790999940464, 44.25066999963789, 0.0], [-73.13807190044906, 44.250366499865684, 0.0], [-73.1380480994064, 44.250120999822606, 0.0], [-73.13866460014766, 44.25026399969567, 0.0], [-73.13845000351141, 44.251151392615824, 0.0], [-73.1385956997196, 44.251229999805396, 0.0], [-73.1384631002936, 44.25201890006586, 0.0], [-73.13918670073625, 44.252237196565396, 0.0], [-73.13927320003222, 44.25225439985788, 0.0], [-73.13801829963454, 44.254507700392935, 0.0], [-73.13747150056399, 44.256053699868666, 0.0], [-73.13610790052431, 44.259481999902405, 0.0], [-73.13544179973997, 44.25939480021741, 0.0], [-73.13543074529258, 44.25935057906588, 0.0], [-73.13535545443423, 44.259115427938625, 0.0], [-73.13536401824555, 44.25899350582699, 0.0], [-73.13556579960213, 44.25864290011217, 0.0], [-73.13556360010091, 44.25847289969222, 0.0], [-73.13536603819352, 44.25797043699416, 0.0], [-73.13516779950344, 44.25755379984991, 0.0], [-73.13519399949364, 44.257260699580506, 0.0], [-73.13507720033022, 44.25716759978747, 0.0], [-73.13468450008924, 44.256466500333815, 0.0], [-73.13480999944817, 44.25633000032369, 0.0], [-73.13479000056151, 44.25627999961537, 0.0], [-73.13455000046034, 44.256100000381416, 0.0], [-73.13436999945428, 44.25585999960172, 0.0], [-73.13421999942342, 44.255860000036755, 0.0], [-73.13421999971298, 44.25603000017155, 0.0], [-73.13412000028684, 44.25599000038787, 0.0], [-73.13407930008182, 44.25600360003724, 0.0], [-73.13407925979054, 44.25600357956132, 0.0], [-73.13375490026354, 44.25589360012932, 0.0], [-73.13343558205425, 44.25594773128065, 0.0], [-73.13332740022229, 44.25595079977397, 0.0], [-73.13334819988326, 44.25599759956881, 0.0], [-73.13322859998273, 44.25611429989315, 0.0], [-73.13332399956592, 44.256073800149395, 0.0], [-73.13400860875868, 44.25915430078781, 0.0], [-73.13401009992394, 44.259158000431604, 0.0], [-73.13316109938303, 44.258964906338996, 0.0], [-73.13314370020288, 44.25896130025857, 0.0], [-73.13229019987514, 44.25885540035526, 0.0], [-73.13181309952256, 44.2588445999141, 0.0], [-73.13180833248347, 44.258810375715456, 0.0], [-73.13165490002902, 44.256714999625736, 0.0], [-73.12778309939196, 44.257234500378985, 0.0], [-73.12780509958795, 44.256978000085944, 0.0], [-73.12786410060141, 44.25628959978551, 0.0], [-73.12797940019477, 44.256284099787244, 0.0], [-73.12804839303611, 44.254987400140266, 0.0], [-73.12808589976365, 44.25388870002214, 0.0], [-73.12736059979179, 44.25398890003909, 0.0], [-73.12736058558802, 44.253988859617934, 0.0], [-73.12680962128836, 44.2523783522067, 0.0], [-73.12661719990265, 44.25191340004799, 0.0], [-73.12583230053939, 44.25136499980177, 0.0], [-73.12588170010461, 44.25132479965036, 0.0], [-73.12931359529944, 44.24851559487262, 0.0], [-73.13050950014647, 44.247516600422344, 0.0], [-73.13189279781008, 44.246506495935634, 0.0], [-73.13611929952049, 44.24479630201282, 0.0], [-73.13612712576247, 44.24480595034601, 0.0], [-73.13614386442086, 44.244826589136245, 0.0], [-73.13664830019519, 44.24544860002635, 0.0], [-73.13966339993742, 44.24422520035575, 0.0], [-73.13949591046496, 44.24546170117494, 0.0], [-73.13947359999209, 44.245626399615496, 0.0], [-73.13660160040104, 44.24665319999848, 0.0], [-73.13646000036718, 44.24648999961134, 0.0], [-73.13613999980983, 44.24642000039605, 0.0], [-73.13604000006634, 44.2463399997959, 0.0], [-73.13462999967341, 44.246220000366506, 0.0], [-73.13403000060121, 44.246290000204105, 0.0]], [[-73.13699939953844, 44.25260400044905, 0.0], [-73.13725830030835, 44.252634998947755, 0.0], [-73.13780360038666, 44.25267779973825, 0.0], [-73.13781070013141, 44.25259520028149, 0.0], [-73.13752190002138, 44.25256509979254, 0.0], [-73.13729740044184, 44.2525438997663, 0.0], [-73.13707249939466, 44.252524700396954, 0.0], [-73.1373335995636, 44.25228020026995, 0.0], [-73.13728570035077, 44.252243599757215, 0.0], [-73.13694660056547, 44.25254639994802, 0.0], [-73.13657920050916, 44.25269279962912, 0.0], [-73.13595349947072, 44.25314500032681, 0.0], [-73.13568880026948, 44.253495200323655, 0.0], [-73.135762600375, 44.253519099904565, 0.0], [-73.13609739984368, 44.25316639984607, 0.0], [-73.13663810016921, 44.252748000246214, 0.0], [-73.13699939953844, 44.25260400044905, 0.0]], [[-73.13419000015845, 44.255489999834595, 0.0], [-73.13387000044882, 44.25506000008058, 0.0], [-73.13365999988892, 44.25508000000103, 0.0], [-73.13344000037917, 44.254950000203806, 0.0], [-73.13324000014892, 44.25524000037701, 0.0], [-73.13340000054129, 44.255370000267234, 0.0], [-73.13382000025143, 44.255549999613464, 0.0], [-73.13382999944469, 44.25568000041276, 0.0], [-73.1340399998806, 44.255699999845255, 0.0], [-73.13404000050667, 44.25561999961475, 0.0], [-73.13417999974196, 44.25556000009403, 0.0], [-73.13419000015845, 44.255489999834595, 0.0]]], [[[-73.14954119964644, 44.2460199003655, 0.0], [-73.14837500043353, 44.2475283003692, 0.0], [-73.14809379974555, 44.247891699828116, 0.0], [-73.14708840040636, 44.248941399698076, 0.0], [-73.14620190016042, 44.2503868996476, 0.0], [-73.1454216001943, 44.25113019987282, 0.0], [-73.14474740014303, 44.25227399970879, 0.0], [-73.14458830051817, 44.25279219983395, 0.0], [-73.14438609986468, 44.253122699698935, 0.0], [-73.14445060044599, 44.25339710017862, 0.0], [-73.1443744000586, 44.25516210007583, 0.0], [-73.14407719958795, 44.25590190024521, 0.0], [-73.14385140009715, 44.257400400429184, 0.0], [-73.14385160040887, 44.25778000041476, 0.0], [-73.14398530018902, 44.258346699909644, 0.0], [-73.14396399963574, 44.258618100272, 0.0], [-73.14382359956053, 44.259020499943894, 0.0], [-73.14347299987381, 44.2595255997002, 0.0], [-73.14290039941463, 44.26109539991086, 0.0], [-73.14234600001714, 44.26218770004956, 0.0], [-73.14223789945675, 44.263114200153474, 0.0], [-73.14245290056712, 44.264063500410714, 0.0], [-73.14241930026289, 44.2645456996573, 0.0], [-73.14209380055048, 44.26434639960878, 0.0], [-73.14143430028, 44.26372839965071, 0.0], [-73.14187100055612, 44.26352900040247, 0.0], [-73.14195489972523, 44.26232069996249, 0.0], [-73.14228740026618, 44.26158790028351, 0.0], [-73.14277680002131, 44.260926299795834, 0.0], [-73.14284829959055, 44.26062200018006, 0.0], [-73.14277829959151, 44.26030429962883, 0.0], [-73.13982319983704, 44.260760599684055, 0.0], [-73.13965260047394, 44.260327599874216, 0.0], [-73.1393216000536, 44.26012429965894, 0.0], [-73.13889579966437, 44.25999270009646, 0.0], [-73.13631110058789, 44.25952559990164, 0.0], [-73.13733009988978, 44.25701239988714, 0.0], [-73.13798889945862, 44.25519240026706, 0.0], [-73.14195750021034, 44.25597510035748, 0.0], [-73.14404819947293, 44.25199010020978, 0.0], [-73.14122129965713, 44.25121509973941, 0.0], [-73.14287100055543, 44.24812970036633, 0.0], [-73.14182179973174, 44.24779760020322, 0.0], [-73.14260430041477, 44.24631880012868, 0.0], [-73.1428513997376, 44.24562899957822, 0.0], [-73.14269580010932, 44.24339040003365, 0.0], [-73.14271989994656, 44.24175559978555, 0.0], [-73.1441335998626, 44.24186140017237, 0.0], [-73.1446532994679, 44.24215569965035, 0.0], [-73.14580250056557, 44.24252110041853, 0.0], [-73.14809680019151, 44.24352420012549, 0.0], [-73.14906990038037, 44.243655899943505, 0.0], [-73.14969229982223, 44.2436794998102, 0.0], [-73.14944730062237, 44.24434680025281, 0.0], [-73.14954119964644, 44.2460199003655, 0.0]]], [[[-73.12781070050448, 44.255707400281636, 0.0], [-73.12775850051966, 44.25570869964033, 0.0], [-73.12758565340631, 44.25464691639866, 0.0], [-73.12740830138442, 44.254128307071966, 0.0], [-73.12786780028974, 44.25406350004132, 0.0], [-73.12783975549515, 44.25487086909984, 0.0], [-73.12781070050448, 44.255707400281636, 0.0]]], [[[-73.12293539950913, 44.2582741001926, 0.0], [-73.12353649942663, 44.25865179957711, 0.0], [-73.12280080010048, 44.2593273004093, 0.0], [-73.11900989957157, 44.255593800211756, 0.0], [-73.12323280062147, 44.25494559980436, 0.0], [-73.12353140055566, 44.25764429975814, 0.0], [-73.12293539950913, 44.2582741001926, 0.0]]], [[[-73.13540955391609, 44.2601258915808, 0.0], [-73.13556469948587, 44.26002779997754, 0.0], [-73.13558819959589, 44.2598901000031, 0.0], [-73.1354856998419, 44.25954950025589, 0.0], [-73.13605660028269, 44.25961559968574, 0.0], [-73.13555670297644, 44.260993401956654, 0.0], [-73.13491100147188, 44.26206540068245, 0.0], [-73.13360299994314, 44.26429629973105, 0.0], [-73.13191059958517, 44.25954419963026, 0.0], [-73.13183230049471, 44.258982199754755, 0.0], [-73.13242350000135, 44.25900720015358, 0.0], [-73.13316400057339, 44.25911609960792, 0.0], [-73.13405480011897, 44.25931759968123, 0.0], [-73.1341155511334, 44.25962864943682, 0.0], [-73.13441739956652, 44.260111900012326, 0.0], [-73.13467660014476, 44.260269099708374, 0.0], [-73.13511910013965, 44.260229799557926, 0.0], [-73.13540955391609, 44.2601258915808, 0.0]]], [[[-73.15025279938702, 44.26425300032865, 0.0], [-73.14990540020518, 44.26403059982243, 0.0], [-73.1494256005886, 44.26392329979769, 0.0], [-73.14907310050958, 44.263985899858426, 0.0], [-73.1487702999124, 44.26416090034046, 0.0], [-73.14777319946225, 44.26518270005638, 0.0], [-73.14754549948823, 44.26535110019086, 0.0], [-73.14725019988778, 44.26545880040908, 0.0], [-73.14698020029864, 44.265443596654045, 0.0], [-73.14627819982688, 44.26530410029755, 0.0], [-73.14613880052148, 44.265275899653695, 0.0], [-73.14614751870769, 44.26521565430168, 0.0], [-73.14626999965137, 44.26463580019202, 0.0], [-73.14674109949421, 44.26337779975213, 0.0], [-73.14703790001613, 44.26299949984107, 0.0], [-73.14808699941509, 44.26198669985229, 0.0], [-73.14846360027194, 44.26153550036546, 0.0], [-73.14911669943179, 44.259961499901586, 0.0], [-73.14936380049727, 44.25962350007456, 0.0], [-73.149781199738, 44.25957339964608, 0.0], [-73.15007889958024, 44.25959660018841, 0.0], [-73.1505696002815, 44.25973400012133, 0.0], [-73.15094019949294, 44.25994450023273, 0.0], [-73.1510900996406, 44.26019299989575, 0.0], [-73.15096860060063, 44.26124239980963, 0.0], [-73.15120720023317, 44.26179619980733, 0.0], [-73.15179390021322, 44.265674400015826, 0.0], [-73.15025279938702, 44.26425300032865, 0.0]]], [[[-73.13714340060876, 44.264882900077055, 0.0], [-73.13903621246747, 44.264574375850934, 0.0], [-73.14012044167121, 44.26439764920447, 0.0], [-73.14030050059672, 44.2643682996809, 0.0], [-73.14137119945602, 44.26392359960628, 0.0], [-73.14202099946907, 44.2645084001756, 0.0], [-73.14146539986628, 44.26445189969112, 0.0], [-73.1411617006247, 44.26452439984833, 0.0], [-73.1411140003338, 44.26458410044031, 0.0], [-73.14124029946136, 44.26466059987626, 0.0], [-73.14146860044312, 44.26458970011841, 0.0], [-73.14217350009504, 44.26465519812698, 0.0], [-73.14238890057861, 44.26469519975782, 0.0], [-73.14238203894107, 44.26472673943562, 0.0], [-73.14223275752276, 44.26529391445333, 0.0], [-73.1421996002622, 44.265421199591835, 0.0], [-73.14170699951059, 44.26550440002334, 0.0], [-73.14137340049406, 44.26542009965316, 0.0], [-73.14098659973169, 44.26515879996554, 0.0], [-73.14041730057059, 44.265170200031434, 0.0], [-73.13990160002338, 44.26504020000441, 0.0], [-73.13981079989107, 44.26540599956573, 0.0], [-73.13990200041441, 44.26616459987214, 0.0], [-73.14022500044393, 44.26693240022198, 0.0], [-73.14067190014173, 44.26717870018342, 0.0], [-73.14128840038897, 44.26728999984331, 0.0], [-73.14207529986204, 44.26773619996212, 0.0], [-73.14211369994895, 44.267959999742416, 0.0], [-73.14199269968847, 44.26867309976204, 0.0], [-73.14200229998232, 44.26900929959035, 0.0], [-73.14193169966335, 44.26935700007201, 0.0], [-73.14167200037247, 44.26952160020065, 0.0], [-73.14151650057092, 44.269938399773416, 0.0], [-73.14117409980322, 44.27030969964038, 0.0], [-73.14079049961173, 44.27099220014934, 0.0], [-73.14038419961044, 44.271494100038055, 0.0], [-73.1403109004474, 44.271671900335654, 0.0], [-73.13947829948295, 44.27267229985685, 0.0], [-73.13888319972824, 44.27374320041026, 0.0], [-73.13865670013219, 44.2743092996781, 0.0], [-73.13317769946093, 44.275042699913556, 0.0], [-73.13385859995144, 44.2708957997826, 0.0], [-73.13391339965285, 44.270201399593084, 0.0], [-73.13377489985601, 44.268715900453834, 0.0], [-73.1331941004006, 44.26524830040803, 0.0], [-73.1334549000372, 44.26496119999065, 0.0], [-73.13504200498392, 44.262201601745154, 0.0], [-73.13564799939168, 44.26118740040798, 0.0], [-73.13578379962205, 44.260961099676905, 0.0], [-73.13624029975496, 44.259652799732436, 0.0], [-73.13882589969518, 44.26012260002081, 0.0], [-73.13937199943571, 44.26032490040636, 0.0], [-73.1395299005457, 44.26049449977431, 0.0], [-73.13986440033945, 44.26218540032174, 0.0], [-73.1375523651688, 44.26264118116109, 0.0], [-73.13650070029544, 44.26284850024569, 0.0], [-73.13656784410534, 44.263061037067445, 0.0], [-73.13714340060876, 44.264882900077055, 0.0]], [[-73.13527000029286, 44.26477999964229, 0.0], [-73.13510000042147, 44.26475999971715, 0.0], [-73.1348300000298, 44.26480999957371, 0.0], [-73.13481999955188, 44.265250000333374, 0.0], [-73.13491999992333, 44.26532999992588, 0.0], [-73.13516999999148, 44.26534999989455, 0.0], [-73.13530000040976, 44.26531000004277, 0.0], [-73.13532999969651, 44.26524999984568, 0.0], [-73.13534000014471, 44.2648399998674, 0.0], [-73.13527000029286, 44.26477999964229, 0.0]]], [[[-73.13372250011408, 44.27019749994758, 0.0], [-73.13366839987452, 44.27088399975246, 0.0], [-73.13298520055287, 44.27506840009097, 0.0], [-73.11950219991887, 44.276845495074234, 0.0], [-73.11439339976268, 44.27749430014308, 0.0], [-73.11230360058875, 44.27776580028867, 0.0], [-73.11211809990792, 44.27773429988555, 0.0], [-73.11210130023326, 44.277797900444256, 0.0], [-73.10973820061967, 44.27815709958756, 0.0], [-73.11005759949333, 44.27704219991039, 0.0], [-73.11059939984801, 44.27567090011493, 0.0], [-73.11105720010389, 44.27419420035496, 0.0], [-73.11133879966306, 44.27297459973651, 0.0], [-73.111635299928, 44.27059360006402, 0.0], [-73.11190010031468, 44.270111500416945, 0.0], [-73.1125335004033, 44.26949650060112, 0.0], [-73.11328060554386, 44.26888005522051, 0.0], [-73.1133404998035, 44.26882800013584, 0.0], [-73.1134243994043, 44.26875499959079, 0.0], [-73.11397919740756, 44.26828139725649, 0.0], [-73.11468099948449, 44.26776150008267, 0.0], [-73.11581259961214, 44.26723999959627, 0.0], [-73.11631509974106, 44.266862799940455, 0.0], [-73.1166738996817, 44.26640890007341, 0.0], [-73.11794060046518, 44.2643328995776, 0.0], [-73.11854810060635, 44.2635336000313, 0.0], [-73.1227493005258, 44.25960680017507, 0.0], [-73.12498850009594, 44.26032410037794, 0.0], [-73.12805499984545, 44.26314400028118, 0.0], [-73.12651229992699, 44.264178500368885, 0.0], [-73.12904940010408, 44.26621759972816, 0.0], [-73.13092689966662, 44.264971200448684, 0.0], [-73.13314620018113, 44.26629709975489, 0.0], [-73.1335852005058, 44.26873140016754, 0.0], [-73.13372250011408, 44.27019749994758, 0.0]]], [[[-73.14929129947518, 44.26863770021203, 0.0], [-73.14942349755646, 44.268769402223576, 0.0], [-73.15009610001228, 44.26944040035875, 0.0], [-73.14886299945867, 44.26909960022438, 0.0], [-73.14802680011626, 44.26921129970165, 0.0], [-73.14727699992136, 44.2692151999129, 0.0], [-73.14749160028215, 44.26825400030145, 0.0], [-73.14778530047082, 44.26634660016483, 0.0], [-73.14775329985865, 44.26604250037567, 0.0], [-73.14766200052641, 44.265804999585065, 0.0], [-73.14642819960186, 44.26558050015277, 0.0], [-73.14628839957724, 44.26555500009954, 0.0], [-73.14478992741768, 44.26800605203077, 0.0], [-73.14420369987212, 44.26903140020623, 0.0], [-73.1434019997448, 44.27001260012994, 0.0], [-73.14313139957599, 44.27052209994998, 0.0], [-73.14213479940683, 44.27276209984786, 0.0], [-73.14180159956908, 44.27388300016409, 0.0], [-73.13992167185097, 44.27413777612756, 0.0], [-73.13988460022425, 44.27414279958508, 0.0], [-73.1412122995589, 44.27234870014719, 0.0], [-73.14226202157998, 44.27122720369854, 0.0], [-73.14286599953324, 44.270579499683265, 0.0], [-73.14372989938904, 44.26928970040649, 0.0], [-73.14399762115175, 44.268724157393486, 0.0], [-73.14432130000415, 44.26799809998444, 0.0], [-73.14466869950996, 44.267594200183694, 0.0], [-73.14509240038808, 44.26728749997975, 0.0], [-73.14548800061993, 44.26674219965622, 0.0], [-73.14567000028183, 44.266422699846395, 0.0], [-73.14574489977383, 44.26600279962541, 0.0], [-73.14607049969143, 44.26541140081671, 0.0], [-73.14689599904852, 44.265578406280994, 0.0], [-73.14724720030355, 44.2655984996352, 0.0], [-73.14764009957952, 44.26545930031384, 0.0], [-73.14789210032367, 44.26527310006588, 0.0], [-73.14888759962913, 44.26425459964966, 0.0], [-73.14913480041335, 44.264111600420804, 0.0], [-73.14952909999423, 44.26407129979232, 0.0], [-73.14977390037511, 44.264149799653026, 0.0], [-73.15008720052795, 44.264351399892526, 0.0], [-73.15145059975933, 44.26564919969993, 0.0], [-73.15182590021132, 44.265885799901916, 0.0], [-73.15193659999461, 44.26661729963429, 0.0], [-73.14896909959012, 44.26604939980953, 0.0], [-73.14870240029639, 44.26704720000097, 0.0], [-73.14929129947518, 44.26863770021203, 0.0]]], [[[-73.11246390038568, 44.18211610025369, 0.0], [-73.11197919962923, 44.18220789974727, 0.0], [-73.1115872001744, 44.18217809970352, 0.0], [-73.10977250035933, 44.18178740005057, 0.0], [-73.10840050022246, 44.18168839996275, 0.0], [-73.10766449981323, 44.18171380017531, 0.0], [-73.10676209979835, 44.18181350010088, 0.0], [-73.10513009985203, 44.18217569994549, 0.0], [-73.10421140024117, 44.181089500421464, 0.0], [-73.10797500015143, 44.180742400308375, 0.0], [-73.10900453553782, 44.180592253381555, 0.0], [-73.11439836653462, 44.18008555243671, 0.0], [-73.11888334981111, 44.17965558834206, 0.0], [-73.1191438002747, 44.18034020037786, 0.0], [-73.11945339967762, 44.18084950021115, 0.0], [-73.11821770035283, 44.18107890006603, 0.0], [-73.11711710004077, 44.180831400258974, 0.0], [-73.11666790053484, 44.18083890013574, 0.0], [-73.1139188005695, 44.181510999759944, 0.0], [-73.11298149982463, 44.18183170011482, 0.0], [-73.11246390038568, 44.18211610025369, 0.0]]], [[[-73.10336050057685, 44.18635700041915, 0.0], [-73.1016129003323, 44.18776510012722, 0.0], [-73.10077830996096, 44.18864396494847, 0.0], [-73.10076949749903, 44.1886560981835, 0.0], [-73.10067449938528, 44.18882360021654, 0.0], [-73.09908108339835, 44.18898616401088, 0.0], [-73.09824659979598, 44.18907129972179, 0.0], [-73.09606550052794, 44.189300400088875, 0.0], [-73.09571525149123, 44.18933664816546, 0.0], [-73.09188830042739, 44.18973710029176, 0.0], [-73.09203089995367, 44.18928410021792, 0.0], [-73.09257999979832, 44.18838269955434, 0.0], [-73.0927425255974, 44.18778914057438, 0.0], [-73.09287640090261, 44.18751330029783, 0.0], [-73.09295480041739, 44.18732549974244, 0.0], [-73.09288299966788, 44.18741119975306, 0.0], [-73.09236639969647, 44.18750230032179, 0.0], [-73.09154039979882, 44.18741519978954, 0.0], [-73.09015380046915, 44.18751000005768, 0.0], [-73.088896281022, 44.18721967934273, 0.0], [-73.08848350048683, 44.187107999789944, 0.0], [-73.08757620021719, 44.186276100325735, 0.0], [-73.08719020027604, 44.18601529990666, 0.0], [-73.08714139960068, 44.18578769968111, 0.0], [-73.0872838003861, 44.18555860004133, 0.0], [-73.08705909940055, 44.18465599967676, 0.0], [-73.08670399965271, 44.184438299580926, 0.0], [-73.08663159993509, 44.18431219993595, 0.0], [-73.0865967999053, 44.1840013996949, 0.0], [-73.08666950047879, 44.18347980011502, 0.0], [-73.08652520008208, 44.18324219960976, 0.0], [-73.08655920021697, 44.183158600212096, 0.0], [-73.08629108620573, 44.182829489295244, 0.0], [-73.09145656156107, 44.18231686431568, 0.0], [-73.09568027237262, 44.18189531966843, 0.0], [-73.09807718590918, 44.181651912788645, 0.0], [-73.09833000038593, 44.18197999983195, 0.0], [-73.09864000049375, 44.18203000024867, 0.0], [-73.09872999987046, 44.182090000009424, 0.0], [-73.09862000031688, 44.182219999945666, 0.0], [-73.09866000046719, 44.18243999967576, 0.0], [-73.09858000054825, 44.18251999984886, 0.0], [-73.0985800002667, 44.18265000020743, 0.0], [-73.09848000002322, 44.18276000016269, 0.0], [-73.09834000011548, 44.18280000020713, 0.0], [-73.0983400000841, 44.182960000015754, 0.0], [-73.09855999955664, 44.183060000397525, 0.0], [-73.09860999994851, 44.18299999958795, 0.0], [-73.0989300005394, 44.18293000027447, 0.0], [-73.09906999976448, 44.18306000003564, 0.0], [-73.09925999948871, 44.18299999998317, 0.0], [-73.0992899995748, 44.183119999732334, 0.0], [-73.09936079957664, 44.1831130997466, 0.0], [-73.09944040024239, 44.18346309962878, 0.0], [-73.09984110031121, 44.18308349980133, 0.0], [-73.10011829952252, 44.18269140029831, 0.0], [-73.10053969975047, 44.18267189963978, 0.0], [-73.10119639941993, 44.182164400058696, 0.0], [-73.10069410001341, 44.182014900407005, 0.0], [-73.10082930015326, 44.181592299738355, 0.0], [-73.10411260040077, 44.18125869962143, 0.0], [-73.10429240004325, 44.18149240022112, 0.0], [-73.1046220545036, 44.18185484796814, 0.0], [-73.10512610059361, 44.18242870010371, 0.0], [-73.10535609989918, 44.18282189976395, 0.0], [-73.10561749966715, 44.183414000041296, 0.0], [-73.10532650027399, 44.18346589965979, 0.0], [-73.10532970015717, 44.18462240008944, 0.0], [-73.10336050057685, 44.18635700041915, 0.0]], [[-73.10193000031586, 44.183409999602496, 0.0], [-73.10202000038696, 44.183259999668415, 0.0], [-73.10172999943886, 44.18308999977292, 0.0], [-73.10171999943326, 44.183009999896186, 0.0], [-73.10151999967738, 44.18295000036928, 0.0], [-73.1012999995767, 44.182600000306685, 0.0], [-73.1010600002687, 44.1827499997158, 0.0], [-73.10107000028384, 44.18281999983497, 0.0], [-73.10124999957708, 44.1830300001044, 0.0], [-73.10143000004793, 44.183099999915456, 0.0], [-73.10144000004276, 44.18318999963507, 0.0], [-73.10172999983084, 44.183249999568226, 0.0], [-73.10175000039983, 44.18336000021724, 0.0], [-73.10193000031586, 44.183409999602496, 0.0]], [[-73.10285000023252, 44.18487000043291, 0.0], [-73.10282999992599, 44.18519999998145, 0.0], [-73.10305999961315, 44.18546999962949, 0.0], [-73.10338999999642, 44.18552000033332, 0.0], [-73.10351000028443, 44.18545000043364, 0.0], [-73.10356999993586, 44.18528999960524, 0.0], [-73.103410000308, 44.18517999999106, 0.0], [-73.10335000053968, 44.18490999969004, 0.0], [-73.1035799997194, 44.18478000029342, 0.0], [-73.10378000018072, 44.18424999983921, 0.0], [-73.10365000061937, 44.18415000019231, 0.0], [-73.1034100005768, 44.184240000203005, 0.0], [-73.10309000003133, 44.183989999913415, 0.0], [-73.10289000056265, 44.183930000095486, 0.0], [-73.10280000006388, 44.18398999964622, 0.0], [-73.10282000040587, 44.18382999963134, 0.0], [-73.10274360012828, 44.18373239987176, 0.0], [-73.10243999943022, 44.1835899998227, 0.0], [-73.10225999983938, 44.18364000031951, 0.0], [-73.10254000057235, 44.18373999977593, 0.0], [-73.1025660197501, 44.183750407749045, 0.0], [-73.10268999975601, 44.183839999581615, 0.0], [-73.10263999975534, 44.18400000033695, 0.0], [-73.10298000035974, 44.18422000037176, 0.0], [-73.10307000036771, 44.18448000021249, 0.0], [-73.10285000023252, 44.18487000043291, 0.0]]], [[[-73.11040389938023, 44.20117889969344, 0.0], [-73.11230979985979, 44.20385990003046, 0.0], [-73.11269240058829, 44.20449859962584, 0.0], [-73.11150150053152, 44.20457550028477, 0.0], [-73.10896860000894, 44.20486339975286, 0.0], [-73.10549270023053, 44.20495669960401, 0.0], [-73.10258119951659, 44.2052501003937, 0.0], [-73.10235820040734, 44.2051284000481, 0.0], [-73.10211680040806, 44.203220799700894, 0.0], [-73.1012554003759, 44.20106029991502, 0.0], [-73.10037829978474, 44.196215300169534, 0.0], [-73.10042870042376, 44.19508299993759, 0.0], [-73.1002557995362, 44.19294270042923, 0.0], [-73.10062499987933, 44.19086120034375, 0.0], [-73.10077060060458, 44.189127699776094, 0.0], [-73.10090279998329, 44.18876859984077, 0.0], [-73.10153239992556, 44.18805359976034, 0.0], [-73.10599190005337, 44.18431919986669, 0.0], [-73.10712649956322, 44.18693029994797, 0.0], [-73.1081181004032, 44.189620199732836, 0.0], [-73.10974025343344, 44.19566587716048, 0.0], [-73.10975639973529, 44.19575239978004, 0.0], [-73.10991159958643, 44.19715780020722, 0.0], [-73.11007849963103, 44.20010219986859, 0.0], [-73.11022049941755, 44.200819999683695, 0.0], [-73.11040389938023, 44.20117889969344, 0.0]], [[-73.10562999987387, 44.18956999966471, 0.0], [-73.10550999990537, 44.1895800001985, 0.0], [-73.10504000004524, 44.189520000436474, 0.0], [-73.10485000058038, 44.18935999987445, 0.0], [-73.10478999996427, 44.1893699996547, 0.0], [-73.10479999998766, 44.18945999987989, 0.0], [-73.10510000018822, 44.18972999988576, 0.0], [-73.10527999946866, 44.18963000042738, 0.0], [-73.10573000047843, 44.18973000007317, 0.0], [-73.10588999943475, 44.18983000014207, 0.0], [-73.1062299995863, 44.18985000043668, 0.0], [-73.10631999947812, 44.18973000030471, 0.0], [-73.10629000049302, 44.18959000022535, 0.0], [-73.10619000055853, 44.18950999965921, 0.0], [-73.10590999954094, 44.1894500003925, 0.0], [-73.10575000023562, 44.18927000008501, 0.0], [-73.10573999945119, 44.18904999974013, 0.0], [-73.10559000056968, 44.18895000043455, 0.0], [-73.1056400004862, 44.18885999988708, 0.0], [-73.10532999993683, 44.188749999890966, 0.0], [-73.10525000060177, 44.188830000144435, 0.0], [-73.10547999972557, 44.18895000032112, 0.0], [-73.10531000039627, 44.189000000277545, 0.0], [-73.10532000010117, 44.18907999975639, 0.0], [-73.1056100004935, 44.18920000031129, 0.0], [-73.10570999960625, 44.18933000043283, 0.0], [-73.1057200001247, 44.189480000319726, 0.0], [-73.10562999987387, 44.18956999966471, 0.0]], [[-73.10211000041195, 44.19922999976788, 0.0], [-73.10197999957471, 44.19905999996109, 0.0], [-73.10175000062259, 44.19897000043094, 0.0], [-73.10160999955913, 44.198830000046435, 0.0], [-73.10151999988653, 44.1988500001715, 0.0], [-73.10150000024146, 44.198919999619875, 0.0], [-73.10168000028052, 44.19914999998525, 0.0], [-73.10166999967475, 44.19941000041371, 0.0], [-73.10183999960057, 44.199580000436534, 0.0], [-73.10204000058047, 44.199579999564946, 0.0], [-73.10214999939181, 44.19939999957195, 0.0], [-73.10211000041195, 44.19922999976788, 0.0]]], [[[-73.1020315996897, 44.20376509979831, 0.0], [-73.10208529956542, 44.20467400045157, 0.0], [-73.10231620008979, 44.20642529974957, 0.0], [-73.10234619984625, 44.20806730002092, 0.0], [-73.10263689984097, 44.21063770017054, 0.0], [-73.0945994997661, 44.21109650011757, 0.0], [-73.09451770049262, 44.21100660032842, 0.0], [-73.09431889998388, 44.21014039963989, 0.0], [-73.09421529953725, 44.208897499953956, 0.0], [-73.09415220003018, 44.206666699980765, 0.0], [-73.09375469965227, 44.20396159998565, 0.0], [-73.09360439954658, 44.20331919998918, 0.0], [-73.09331369982084, 44.20271419999041, 0.0], [-73.09323740053779, 44.202313399742955, 0.0], [-73.09266299991664, 44.2009078998326, 0.0], [-73.09256220046466, 44.200254200216435, 0.0], [-73.09260770000812, 44.199917500205196, 0.0], [-73.09249669977635, 44.19890230026046, 0.0], [-73.09225769971177, 44.19807260014356, 0.0], [-73.09211710053889, 44.19707570036248, 0.0], [-73.09204140012312, 44.196458400369636, 0.0], [-73.09203380031455, 44.194646899609026, 0.0], [-73.09213969987327, 44.19401679984658, 0.0], [-73.09209539944851, 44.193778500341494, 0.0], [-73.09214699956918, 44.192559300162195, 0.0], [-73.0920492003387, 44.19111730000552, 0.0], [-73.0918594000589, 44.18987770002971, 0.0], [-73.10062949948596, 44.18896280005496, 0.0], [-73.1005403001569, 44.18940940031237, 0.0], [-73.10043530062039, 44.19084780040865, 0.0], [-73.10006510019616, 44.1929362998725, 0.0], [-73.10023810044227, 44.19508669974896, 0.0], [-73.10018739967772, 44.19622429971901, 0.0], [-73.10107329952605, 44.201102500255004, 0.0], [-73.10178500053533, 44.20280640010628, 0.0], [-73.1020315996897, 44.20376509979831, 0.0]], [[-73.09324000012911, 44.200229999665375, 0.0], [-73.09336999983948, 44.20013999957551, 0.0], [-73.09318000000853, 44.19992999985099, 0.0], [-73.09319000002432, 44.1998000001537, 0.0], [-73.09306000038224, 44.19971000022091, 0.0], [-73.09278999982212, 44.19990999973754, 0.0], [-73.09302000056753, 44.20030000017426, 0.0], [-73.09283999963189, 44.200340000318484, 0.0], [-73.09278000002622, 44.200439999972225, 0.0], [-73.09290999963342, 44.20041000004422, 0.0], [-73.09301999961157, 44.2004799999834, 0.0], [-73.0931699994492, 44.2004399996428, 0.0], [-73.09324000012911, 44.200229999665375, 0.0]]], [[[-73.09538069988842, 44.233934400320344, 0.0], [-73.09549930023896, 44.23258490009723, 0.0], [-73.09610539995796, 44.22849490027687, 0.0], [-73.09640349964248, 44.22598719974131, 0.0], [-73.09715690035846, 44.22154750022103, 0.0], [-73.10105539968085, 44.22176390018488, 0.0], [-73.10062739946096, 44.223205200118365, 0.0], [-73.10003910000846, 44.225922900404534, 0.0], [-73.09878530038223, 44.225894900156646, 0.0], [-73.09742809995511, 44.235286999560834, 0.0], [-73.09509060002165, 44.23523089988008, 0.0], [-73.09538069988842, 44.233934400320344, 0.0]]], [[[-73.10831119960442, 44.249405600277285, 0.0], [-73.10812339988364, 44.24941149971069, 0.0], [-73.10732009982938, 44.25225079964489, 0.0], [-73.10740590039505, 44.25259759962695, 0.0], [-73.10733080023168, 44.25330170005102, 0.0], [-73.1074835000203, 44.253965600115805, 0.0], [-73.1074254997438, 44.254568300381806, 0.0], [-73.10760669959303, 44.25532720001028, 0.0], [-73.10794059945572, 44.25624419995882, 0.0], [-73.10730129952843, 44.25624229966946, 0.0], [-73.10600509976048, 44.256105000212784, 0.0], [-73.10517479988545, 44.2561413999594, 0.0], [-73.10442250028484, 44.25630480032015, 0.0], [-73.10317909977609, 44.256744199754074, 0.0], [-73.10259439946007, 44.256858499962256, 0.0], [-73.10111550139187, 44.25703230606774, 0.0], [-73.09844169964332, 44.257327099639745, 0.0], [-73.09828169506815, 44.25240890004944, 0.0], [-73.0982035237099, 44.24997549069473, 0.0], [-73.09815679989747, 44.24939999960201, 0.0], [-73.09829999974409, 44.24940000025005, 0.0], [-73.09849000022503, 44.24925000026517, 0.0], [-73.09887000050496, 44.249130000315965, 0.0], [-73.0989099999351, 44.24899999964904, 0.0], [-73.09879000018988, 44.24883999988159, 0.0], [-73.09877000002736, 44.248619999616125, 0.0], [-73.0988900003821, 44.248529999585394, 0.0], [-73.09904999986165, 44.248560000329185, 0.0], [-73.09967000038151, 44.249229999781626, 0.0], [-73.09987999998665, 44.24930000027578, 0.0], [-73.10047999946671, 44.24921000043309, 0.0], [-73.10086000022092, 44.249020000432694, 0.0], [-73.10107999988948, 44.24897999977553, 0.0], [-73.10107999937688, 44.24888000003521, 0.0], [-73.10115000032364, 44.24884999975113, 0.0], [-73.10160000023173, 44.24891000038717, 0.0], [-73.10172000006402, 44.24888000011813, 0.0], [-73.10184000033003, 44.24895000036371, 0.0], [-73.10218999966058, 44.24885000013698, 0.0], [-73.10234000051308, 44.24873000031309, 0.0], [-73.10239999940761, 44.248570000042, 0.0], [-73.1022900005566, 44.24807999962178, 0.0], [-73.10235000000202, 44.24777999987056, 0.0], [-73.1022799996102, 44.247509999798766, 0.0], [-73.10218000058889, 44.24749999989933, 0.0], [-73.10215000060585, 44.247670000057816, 0.0], [-73.10195000045664, 44.24749000014962, 0.0], [-73.1020199997793, 44.24706000024807, 0.0], [-73.10215999985874, 44.24681000042931, 0.0], [-73.10211999947319, 44.24676000034476, 0.0], [-73.10198000024033, 44.24682999997277, 0.0], [-73.10195000053241, 44.24678999993348, 0.0], [-73.10202000034865, 44.24663999991462, 0.0], [-73.10276000056443, 44.24593999959187, 0.0], [-73.10285000031668, 44.245749999967735, 0.0], [-73.10274000032601, 44.24569999959556, 0.0], [-73.1027799998928, 44.24560000022849, 0.0], [-73.10307000060047, 44.24549999974623, 0.0], [-73.10319000052587, 44.24564999989774, 0.0], [-73.10311000057969, 44.24584000009594, 0.0], [-73.10315999955455, 44.245920000175374, 0.0], [-73.10357000058383, 44.245899999609314, 0.0], [-73.10389000036554, 44.24599000041503, 0.0], [-73.10403000061298, 44.245950000259754, 0.0], [-73.10468999949737, 44.245479999605045, 0.0], [-73.10523000043746, 44.24532000008837, 0.0], [-73.10539999948584, 44.245190000306565, 0.0], [-73.10548000061051, 44.24507000005519, 0.0], [-73.10547999966477, 44.24488999986326, 0.0], [-73.10535999938806, 44.24460999955177, 0.0], [-73.1050799999167, 44.244329999837525, 0.0], [-73.10515000048801, 44.24416000021085, 0.0], [-73.10506999992177, 44.244120000349874, 0.0], [-73.10480000003548, 44.244140000437234, 0.0], [-73.10470000033285, 44.24406000025254, 0.0], [-73.1052200000129, 44.24338000003643, 0.0], [-73.1056399995702, 44.243170000297, 0.0], [-73.10565999989261, 44.24311000036965, 0.0], [-73.10519999959557, 44.242589999863114, 0.0], [-73.10515999984038, 44.24209000010156, 0.0], [-73.10498999972657, 44.24197000039975, 0.0], [-73.10466000050367, 44.24190000007064, 0.0], [-73.10455000043645, 44.24183000017388, 0.0], [-73.10469999963622, 44.241730000153204, 0.0], [-73.10514000028321, 44.241670000065845, 0.0], [-73.10569000057714, 44.24151999992377, 0.0], [-73.1058399995957, 44.2414099995853, 0.0], [-73.1058999994456, 44.24118999986752, 0.0], [-73.10579000028548, 44.240569999555404, 0.0], [-73.10586000033544, 44.240530000231246, 0.0], [-73.1058699995357, 44.24043000040892, 0.0], [-73.10598999995642, 44.24049000028159, 0.0], [-73.10606999991168, 44.240440000259504, 0.0], [-73.10618000037711, 44.24049000017008, 0.0], [-73.1064400002907, 44.24080999982974, 0.0], [-73.10671999955659, 44.24099999982619, 0.0], [-73.10695000040164, 44.240940000061016, 0.0], [-73.1071899999005, 44.2407599995677, 0.0], [-73.10728000062403, 44.240530000109324, 0.0], [-73.10725000021077, 44.24034999995929, 0.0], [-73.10701999983789, 44.240130000098084, 0.0], [-73.10713999956448, 44.239920000045, 0.0], [-73.10721999982314, 44.23990999989021, 0.0], [-73.10753999992637, 44.24018999963756, 0.0], [-73.10806999946105, 44.24009000027332, 0.0], [-73.10829999974312, 44.23998000008756, 0.0], [-73.10846000054417, 44.23982000022091, 0.0], [-73.10838999992244, 44.23977999978756, 0.0], [-73.10842999959327, 44.23952000012039, 0.0], [-73.10834999996551, 44.23927000028702, 0.0], [-73.10855000020699, 44.239359999863886, 0.0], [-73.1087099999614, 44.23934000022587, 0.0], [-73.1086799994385, 44.23940999973277, 0.0], [-73.10880000030878, 44.23948999970191, 0.0], [-73.1088299999638, 44.239589999913946, 0.0], [-73.10904000053007, 44.23965000016643, 0.0], [-73.10907000022618, 44.23956999995227, 0.0], [-73.10921999947986, 44.239510000041506, 0.0], [-73.10915999971131, 44.23917999984338, 0.0], [-73.10949000023268, 44.23911999983023, 0.0], [-73.10970000061702, 44.238949999892455, 0.0], [-73.10977000045612, 44.238819999771266, 0.0], [-73.1102099995408, 44.238869999575165, 0.0], [-73.11044999969381, 44.23880999962755, 0.0], [-73.11056000031958, 44.23863999965999, 0.0], [-73.11055000003158, 44.238419999829645, 0.0], [-73.1106199995143, 44.23835000021176, 0.0], [-73.11042999957158, 44.238060000453004, 0.0], [-73.11075000062102, 44.2381299998205, 0.0], [-73.11089000017206, 44.238090000213205, 0.0], [-73.1111900005468, 44.237719999600536, 0.0], [-73.11156999972435, 44.23745000004226, 0.0], [-73.1116899998977, 44.2372999997596, 0.0], [-73.11151999988869, 44.23711999963062, 0.0], [-73.11118999941553, 44.23696999961317, 0.0], [-73.11119000048897, 44.23691000035972, 0.0], [-73.11182999947212, 44.23685000039542, 0.0], [-73.11219999943756, 44.236870000182705, 0.0], [-73.1124200004247, 44.23695000040408, 0.0], [-73.11258999954104, 44.236919999590704, 0.0], [-73.11273000061294, 44.237029999880484, 0.0], [-73.11285999999951, 44.23702999999023, 0.0], [-73.1125900005869, 44.23684999971264, 0.0], [-73.11268999992257, 44.236740000122715, 0.0], [-73.11265999966993, 44.236500000227245, 0.0], [-73.11281000002244, 44.236440000067596, 0.0], [-73.11279999975953, 44.23639999991378, 0.0], [-73.11239000028685, 44.23627999965652, 0.0], [-73.11236000045366, 44.23635999988721, 0.0], [-73.11251999983024, 44.236399999559964, 0.0], [-73.1124999994247, 44.236489999932125, 0.0], [-73.11230999957229, 44.236670000202814, 0.0], [-73.11219999938778, 44.23664000021063, 0.0], [-73.11225000041154, 44.2363500002918, 0.0], [-73.11219000043187, 44.23627000005812, 0.0], [-73.11225999940265, 44.236189999687305, 0.0], [-73.11222999949388, 44.2360900003197, 0.0], [-73.11233000014224, 44.236010000202185, 0.0], [-73.11225999976801, 44.23592999960704, 0.0], [-73.1120400002576, 44.23615999956619, 0.0], [-73.11197999998241, 44.236159999728976, 0.0], [-73.11207000044224, 44.23586999976359, 0.0], [-73.1122000003184, 44.235729999951076, 0.0], [-73.11219000007067, 44.23560000039733, 0.0], [-73.11177999980148, 44.235439999927294, 0.0], [-73.11164999985714, 44.235489999926045, 0.0], [-73.11158999997166, 44.23545999980023, 0.0], [-73.11181999950105, 44.23513000024382, 0.0], [-73.11187999941197, 44.23483000022781, 0.0], [-73.11171000036349, 44.23462999993999, 0.0], [-73.11171000028438, 44.23455000031103, 0.0], [-73.11178999963508, 44.23438000039117, 0.0], [-73.11199000061016, 44.234240000252214, 0.0], [-73.11150000013274, 44.23379000044464, 0.0], [-73.11124999965662, 44.23319999987099, 0.0], [-73.11104999957828, 44.23305999996273, 0.0], [-73.11097000037283, 44.23283999997749, 0.0], [-73.11131999964451, 44.23265999977306, 0.0], [-73.11132000049815, 44.23257000037935, 0.0], [-73.1116399997663, 44.23250000018811, 0.0], [-73.11154000003195, 44.23229000030351, 0.0], [-73.1117400003653, 44.23229000041595, 0.0], [-73.11179999970925, 44.23223000018919, 0.0], [-73.11158000002237, 44.23213999986235, 0.0], [-73.11131000026529, 44.23223999972428, 0.0], [-73.11120000010304, 44.23220999964308, 0.0], [-73.11112000014788, 44.23227000035762, 0.0], [-73.11109999938456, 44.232410000114086, 0.0], [-73.11094000027923, 44.23228999965825, 0.0], [-73.11099000057553, 44.23210999983917, 0.0], [-73.11089999969815, 44.2320200002968, 0.0], [-73.11099000025762, 44.23203000017614, 0.0], [-73.11105000052441, 44.231929999602336, 0.0], [-73.11103000029992, 44.23176000041787, 0.0], [-73.11119999970651, 44.23168000028049, 0.0], [-73.11132999990664, 44.23151000035468, 0.0], [-73.11130999938501, 44.23142999971702, 0.0], [-73.11143999965005, 44.23134000023375, 0.0], [-73.11109000006263, 44.231210000082676, 0.0], [-73.11091999986819, 44.23125000022877, 0.0], [-73.11074000026376, 44.23117000006959, 0.0], [-73.11068999941207, 44.230920000418195, 0.0], [-73.1104799995305, 44.230860000395424, 0.0], [-73.11054000023789, 44.2307699998023, 0.0], [-73.11045000053846, 44.2307099999838, 0.0], [-73.1109599998817, 44.23069000003674, 0.0], [-73.11114000012284, 44.230510000428104, 0.0], [-73.11106999962705, 44.23039000008144, 0.0], [-73.11132000003036, 44.23021000009792, 0.0], [-73.11123000002533, 44.2300000003416, 0.0], [-73.11091999943193, 44.22985000032819, 0.0], [-73.1111500005328, 44.22965999991994, 0.0], [-73.11129999938535, 44.22962000025967, 0.0], [-73.1111499999698, 44.22951999999948, 0.0], [-73.11115000034734, 44.22948000014727, 0.0], [-73.11128000053911, 44.22945000014335, 0.0], [-73.11123999973668, 44.22938999976501, 0.0], [-73.111020000203, 44.229360000337834, 0.0], [-73.11106000052688, 44.22907000006632, 0.0], [-73.11090999997629, 44.228980000125375, 0.0], [-73.11081999959315, 44.228770000002086, 0.0], [-73.11084999981529, 44.228699999807795, 0.0], [-73.11065000052807, 44.22856999971953, 0.0], [-73.11098999976227, 44.22830769977798, 0.0], [-73.11115999972333, 44.22816000003674, 0.0], [-73.11105000015102, 44.22815000016408, 0.0], [-73.11106000038187, 44.22803999993007, 0.0], [-73.11090000046741, 44.22800999968969, 0.0], [-73.11081000056653, 44.22792999974537, 0.0], [-73.1110099995184, 44.22790999986749, 0.0], [-73.11093000023078, 44.22780000040224, 0.0], [-73.11067999955806, 44.22781000041997, 0.0], [-73.11058999967175, 44.22794000024918, 0.0], [-73.11064999992186, 44.228049999761375, 0.0], [-73.11063605870868, 44.228056970875144, 0.0], [-73.11022000018153, 44.22818000013837, 0.0], [-73.10989999996735, 44.228089999663375, 0.0], [-73.10968999982242, 44.22820000003719, 0.0], [-73.10956999960783, 44.22835999999156, 0.0], [-73.10925999998487, 44.22814999968126, 0.0], [-73.10919000038237, 44.228260000246536, 0.0], [-73.10936000052475, 44.22831000031518, 0.0], [-73.10935999999978, 44.22836999965595, 0.0], [-73.10911000042547, 44.22833000023317, 0.0], [-73.10917000008808, 44.22845000025871, 0.0], [-73.10905000059317, 44.22850999956365, 0.0], [-73.10915999951636, 44.228549999683096, 0.0], [-73.10941999942153, 44.22843000021378, 0.0], [-73.10958999976033, 44.22844999981909, 0.0], [-73.10980999975168, 44.22828999975256, 0.0], [-73.1106300001239, 44.228200000172784, 0.0], [-73.11078999993893, 44.22823999963056, 0.0], [-73.11076999996175, 44.22839999980189, 0.0], [-73.11053999942675, 44.22843000005359, 0.0], [-73.11047000047985, 44.22870999965854, 0.0], [-73.110839999379, 44.229129999743584, 0.0], [-73.1108700003374, 44.2293500000486, 0.0], [-73.11102000041977, 44.22953000037673, 0.0], [-73.11101000035467, 44.2295999998286, 0.0], [-73.11095000004667, 44.2296100000858, 0.0], [-73.11087999966578, 44.22951999971551, 0.0], [-73.11068999998564, 44.22950999979268, 0.0], [-73.11060999983582, 44.229360000287855, 0.0], [-73.11054000040792, 44.22939000015444, 0.0], [-73.11052999968385, 44.229559999645325, 0.0], [-73.11018000046322, 44.2297100001091, 0.0], [-73.11022999943485, 44.22978000028218, 0.0], [-73.11037999974548, 44.229800000245554, 0.0], [-73.11063999963642, 44.22968999956168, 0.0], [-73.11058000036259, 44.22999999982795, 0.0], [-73.11083000005313, 44.23005000025516, 0.0], [-73.11090000009371, 44.23016000012233, 0.0], [-73.11076000000268, 44.23045000039735, 0.0], [-73.11056999980786, 44.23058999991745, 0.0], [-73.1103400004532, 44.230370000054855, 0.0], [-73.11037999956241, 44.23019999961533, 0.0], [-73.11047000038361, 44.23014999968865, 0.0], [-73.1106699998679, 44.23024999994504, 0.0], [-73.11073999993798, 44.23019999962687, 0.0], [-73.11073000034162, 44.23012000029827, 0.0], [-73.11049000038302, 44.23004000010137, 0.0], [-73.1103099995878, 44.23006000021982, 0.0], [-73.11028000049208, 44.22994999959038, 0.0], [-73.11019000015523, 44.229949999782576, 0.0], [-73.11012999982087, 44.23005999967589, 0.0], [-73.11024999949827, 44.230189999645546, 0.0], [-73.11016000057418, 44.230289999869846, 0.0], [-73.11019000010123, 44.23059000000356, 0.0], [-73.1100300000928, 44.230600000203246, 0.0], [-73.10996999967209, 44.230819999790384, 0.0], [-73.11016999979775, 44.23088999990124, 0.0], [-73.11030999962342, 44.23102000005499, 0.0], [-73.11015000014136, 44.23111000009855, 0.0], [-73.10993999955521, 44.23108000009345, 0.0], [-73.10980999941529, 44.231239999616044, 0.0], [-73.10984999941755, 44.23131000021468, 0.0], [-73.11009000002024, 44.23141000030247, 0.0], [-73.1102399997042, 44.231379999974635, 0.0], [-73.11049000010331, 44.2315000001677, 0.0], [-73.11071999943388, 44.23150999987182, 0.0], [-73.11086000007677, 44.231459999620206, 0.0], [-73.11094999954236, 44.2315899999465, 0.0], [-73.1109399999545, 44.23163999989715, 0.0], [-73.11079999955388, 44.231650000408855, 0.0], [-73.11058000010776, 44.23192999999046, 0.0], [-73.11065999978656, 44.232110000449914, 0.0], [-73.11059999963092, 44.232139999984916, 0.0], [-73.11078000033666, 44.232309999739336, 0.0], [-73.11081000023336, 44.23245000028481, 0.0], [-73.11074999950279, 44.23261999975175, 0.0], [-73.11059000037926, 44.23268000028979, 0.0], [-73.11053999987698, 44.23292999983936, 0.0], [-73.11072000061846, 44.23319999967638, 0.0], [-73.11081000044629, 44.23320999969885, 0.0], [-73.11072999966458, 44.23340999996734, 0.0], [-73.1109899995125, 44.23351000009736, 0.0], [-73.11095000049684, 44.23363999993108, 0.0], [-73.11106000032579, 44.23380000033906, 0.0], [-73.11140000048525, 44.233950000399105, 0.0], [-73.11141999950686, 44.234030000093725, 0.0], [-73.11169000021316, 44.23423999971136, 0.0], [-73.11134000001627, 44.23429000002935, 0.0], [-73.11129000025217, 44.234369999940945, 0.0], [-73.11120000029611, 44.23437999975815, 0.0], [-73.11114999999546, 44.234530000412235, 0.0], [-73.11142000009421, 44.23476000010951, 0.0], [-73.1115600005181, 44.234779999825996, 0.0], [-73.1117200004316, 44.23510000021378, 0.0], [-73.1114500000372, 44.235270000255724, 0.0], [-73.11139999973709, 44.23523999960286, 0.0], [-73.11143000032132, 44.23515999960448, 0.0], [-73.11134999953174, 44.23513999993368, 0.0], [-73.11110000004444, 44.23518999977212, 0.0], [-73.11094999939729, 44.23529000021036, 0.0], [-73.11106999948105, 44.23535000020305, 0.0], [-73.11136999978696, 44.23537000002576, 0.0], [-73.11159999983838, 44.23556000023121, 0.0], [-73.1120999999562, 44.23564999983027, 0.0], [-73.11210000026796, 44.23568999963573, 0.0], [-73.11192999974834, 44.235659999572235, 0.0], [-73.1118199996749, 44.23569999999516, 0.0], [-73.11188000035887, 44.235760000074464, 0.0], [-73.11191999964305, 44.23621000029003, 0.0], [-73.11212000047644, 44.23633000003906, 0.0], [-73.11215000033496, 44.23643000033169, 0.0], [-73.11198999985831, 44.23643999967414, 0.0], [-73.11199000034365, 44.23656999970084, 0.0], [-73.11189000061806, 44.23660999970789, 0.0], [-73.11171999956899, 44.23646999966191, 0.0], [-73.11150000023743, 44.23645999975431, 0.0], [-73.11147000012497, 44.236509999674695, 0.0], [-73.1115999998842, 44.23661999999455, 0.0], [-73.11162000011889, 44.23678000010966, 0.0], [-73.11137999984243, 44.23664999966064, 0.0], [-73.11126999982356, 44.23673000024744, 0.0], [-73.11105000000269, 44.23670999975145, 0.0], [-73.11089999995123, 44.23684999989498, 0.0], [-73.1108999997364, 44.23697000019233, 0.0], [-73.11124000054384, 44.23717999988245, 0.0], [-73.11155999992069, 44.23730000012158, 0.0], [-73.11142999943372, 44.23746000041975, 0.0], [-73.11123000021178, 44.23752999962955, 0.0], [-73.11124999939508, 44.23759999957954, 0.0], [-73.11078000044526, 44.23808999982703, 0.0], [-73.11059000030389, 44.23796000039061, 0.0], [-73.11027000050092, 44.2379799998722, 0.0], [-73.11047999962794, 44.238530000096475, 0.0], [-73.11045999942003, 44.23864000042171, 0.0], [-73.11034999967887, 44.238740000438035, 0.0], [-73.11016999960324, 44.23880999981739, 0.0], [-73.11000000049616, 44.23879000021412, 0.0], [-73.10999999940879, 44.23867999968276, 0.0], [-73.10984999994226, 44.23875000034831, 0.0], [-73.10972000052352, 44.23875000041413, 0.0], [-73.10954999940603, 44.238860000130735, 0.0], [-73.10949999959163, 44.23896000043991, 0.0], [-73.1091600005164, 44.23910000027188, 0.0], [-73.1089099994285, 44.23932000044963, 0.0], [-73.10871000001457, 44.23922999969822, 0.0], [-73.10856000014505, 44.239329999627934, 0.0], [-73.10833999971616, 44.23922999976153, 0.0], [-73.10829000042875, 44.23934000015313, 0.0], [-73.10834000036007, 44.23986000013311, 0.0], [-73.10809999943964, 44.24001000031806, 0.0], [-73.10756000010413, 44.24013999996735, 0.0], [-73.10742999949812, 44.240059999679545, 0.0], [-73.10735000032977, 44.23990000024348, 0.0], [-73.107129999658, 44.23985999997659, 0.0], [-73.10693000040362, 44.240140000140926, 0.0], [-73.10718999962465, 44.24036000002777, 0.0], [-73.10716999941394, 44.24068999985105, 0.0], [-73.10681999991702, 44.240940000433405, 0.0], [-73.10664000046742, 44.24090999974449, 0.0], [-73.10612999941124, 44.24036000005306, 0.0], [-73.10589000007401, 44.24032999973606, 0.0], [-73.10572000058795, 44.24053000018574, 0.0], [-73.10577999984956, 44.24121000034401, 0.0], [-73.10568999973022, 44.24145000010923, 0.0], [-73.10446999956002, 44.241699999727494, 0.0], [-73.10449999952174, 44.24183999990459, 0.0], [-73.10462000001104, 44.241960000398734, 0.0], [-73.10509999947666, 44.242109999684565, 0.0], [-73.10504999940463, 44.24267000020118, 0.0], [-73.10544000012919, 44.24302000009695, 0.0], [-73.10547999985208, 44.2431699997965, 0.0], [-73.10515999951953, 44.24332000013737, 0.0], [-73.10497000023825, 44.243520000022514, 0.0], [-73.1048599994874, 44.24330999995617, 0.0], [-73.10469000015277, 44.24336000036713, 0.0], [-73.1045599998246, 44.24333999964048, 0.0], [-73.10443999947813, 44.24315999992751, 0.0], [-73.10428999993599, 44.243089999944544, 0.0], [-73.10409999953973, 44.24313999998589, 0.0], [-73.10454999997745, 44.24345999962909, 0.0], [-73.10472000053862, 44.243429999748095, 0.0], [-73.1048100005906, 44.24347000001562, 0.0], [-73.10490000051028, 44.24358999972026, 0.0], [-73.1049199995162, 44.243650000094156, 0.0], [-73.10470000025141, 44.243949999813545, 0.0], [-73.10450999972453, 44.24391000041589, 0.0], [-73.10438999963797, 44.24381999988497, 0.0], [-73.104370000573, 44.24386999986344, 0.0], [-73.10494999965371, 44.24432000017057, 0.0], [-73.10537999953986, 44.24488000006551, 0.0], [-73.10539000005795, 44.24504000004111, 0.0], [-73.10528000023807, 44.24521999995511, 0.0], [-73.10501999955936, 44.2453500001904, 0.0], [-73.10495999957064, 44.24529999991512, 0.0], [-73.10512000041605, 44.245189999820845, 0.0], [-73.1049800001438, 44.24515999974262, 0.0], [-73.10474999986756, 44.245389999576574, 0.0], [-73.10393000018334, 44.24594000009646, 0.0], [-73.1035800003423, 44.24583999981472, 0.0], [-73.103200000421, 44.245860000396604, 0.0], [-73.10325000002386, 44.245739999941776, 0.0], [-73.10335000035933, 44.24577000012081, 0.0], [-73.1035399998111, 44.245690000422776, 0.0], [-73.10309000054819, 44.245440000294096, 0.0], [-73.10286000043655, 44.24545999970155, 0.0], [-73.10275000012025, 44.2455400000709, 0.0], [-73.10245999947834, 44.24612999990654, 0.0], [-73.10206000020588, 44.246449999837566, 0.0], [-73.10186000025324, 44.246780000161735, 0.0], [-73.10193999999113, 44.246999999696285, 0.0], [-73.10183999978078, 44.24745000043701, 0.0], [-73.10199999962143, 44.24805000011054, 0.0], [-73.10222000016635, 44.248559999942586, 0.0], [-73.10215999947286, 44.248759999847294, 0.0], [-73.10192000039015, 44.24885999999929, 0.0], [-73.1016099995775, 44.248769999562, 0.0], [-73.10105999992439, 44.24878999993164, 0.0], [-73.10057000049355, 44.249029999707254, 0.0], [-73.09991999981261, 44.24917000015755, 0.0], [-73.0996900002868, 44.24911999974254, 0.0], [-73.09958999975663, 44.24893999991542, 0.0], [-73.09910999948666, 44.24848000031713, 0.0], [-73.09888999999802, 44.24845999985123, 0.0], [-73.09872999985437, 44.24851000012793, 0.0], [-73.09865999943644, 44.248609999563435, 0.0], [-73.09869999960821, 44.24874000028378, 0.0], [-73.0986399995366, 44.249090000197725, 0.0], [-73.09814819992701, 44.24932469991334, 0.0], [-73.09795889466275, 44.248019300801374, 0.0], [-73.09779494072401, 44.24611326209042, 0.0], [-73.09779060007462, 44.24595590030393, 0.0], [-73.09782870004541, 44.2437392001814, 0.0], [-73.09793179942476, 44.242121400403505, 0.0], [-73.09817300287509, 44.24020780021449, 0.0], [-73.09880639961101, 44.23543299979748, 0.0], [-73.10003450014922, 44.23550759999825, 0.0], [-73.1012631997355, 44.22595019993092, 0.0], [-73.10023040039952, 44.2259271000103, 0.0], [-73.10081519975971, 44.22322950034924, 0.0], [-73.10119330045994, 44.2220083002742, 0.0], [-73.10189889964863, 44.21919579958773, 0.0], [-73.10206279953383, 44.21810189972351, 0.0], [-73.10260990004687, 44.215767800130486, 0.0], [-73.10306109940902, 44.212892600437776, 0.0], [-73.10253650028476, 44.20805859972923, 0.0], [-73.10253899990583, 44.206982199869294, 0.0], [-73.10240609987258, 44.20549109961291, 0.0], [-73.10254980007456, 44.205396100269134, 0.0], [-73.10499360010891, 44.20512870031837, 0.0], [-73.10870749996107, 44.20501790020254, 0.0], [-73.11152910049069, 44.20471130041723, 0.0], [-73.11275690039484, 44.204633299757674, 0.0], [-73.11419619995573, 44.20809159977088, 0.0], [-73.11432989951247, 44.2085340001676, 0.0], [-73.11436760046811, 44.208932700266125, 0.0], [-73.11417530047187, 44.2102693001152, 0.0], [-73.11414550058575, 44.21121569992559, 0.0], [-73.11453680036414, 44.21421980023332, 0.0], [-73.11546739949243, 44.21784009988247, 0.0], [-73.11638010027224, 44.21947780006682, 0.0], [-73.11655000030346, 44.21997669991187, 0.0], [-73.11656800046065, 44.22065819965374, 0.0], [-73.11628769945722, 44.222527700083816, 0.0], [-73.1162384998534, 44.22286710018661, 0.0], [-73.11625330020597, 44.22333339957377, 0.0], [-73.11668399975039, 44.22537299986669, 0.0], [-73.11759149953691, 44.22812529988633, 0.0], [-73.11760049393224, 44.228150449954185, 0.0], [-73.1190170996714, 44.232231499803724, 0.0], [-73.11963220009338, 44.23375359958999, 0.0], [-73.12039539989503, 44.23842220001628, 0.0], [-73.11997270015324, 44.23586709998725, 0.0], [-73.11650169975907, 44.2361700995809, 0.0], [-73.11701549794739, 44.2396693001756, 0.0], [-73.11701110354467, 44.23968148899206, 0.0], [-73.1156742999263, 44.239809700088614, 0.0], [-73.11560230056355, 44.24006700017456, 0.0], [-73.11572429939415, 44.24055059956196, 0.0], [-73.11573060001109, 44.24100610039651, 0.0], [-73.11574070011314, 44.24137479980603, 0.0], [-73.1155343005138, 44.243635999794876, 0.0], [-73.11557250024438, 44.24459389972959, 0.0], [-73.11579630019752, 44.24553959972514, 0.0], [-73.11611579999132, 44.24641600002122, 0.0], [-73.11742409970705, 44.24932820026386, 0.0], [-73.11830379960148, 44.25255439990681, 0.0], [-73.11803730000204, 44.25258870042945, 0.0], [-73.11830929970523, 44.2538217998814, 0.0], [-73.11865749973863, 44.254883699888936, 0.0], [-73.11410479745814, 44.25546520237624, 0.0], [-73.11432000026699, 44.25524999998192, 0.0], [-73.11435999952772, 44.255109999759846, 0.0], [-73.11423000049838, 44.25503999991712, 0.0], [-73.11427999992958, 44.25489999994435, 0.0], [-73.11424000003939, 44.25469999977478, 0.0], [-73.1144999994625, 44.25454000038201, 0.0], [-73.11431999941753, 44.25392999990746, 0.0], [-73.11421000038928, 44.254020000083614, 0.0], [-73.11424000052124, 44.25449999959684, 0.0], [-73.11418000053555, 44.25450999971346, 0.0], [-73.11405000048805, 44.253860000279126, 0.0], [-73.11397999997465, 44.253660000150546, 0.0], [-73.1138599994682, 44.25359000012514, 0.0], [-73.11382999971755, 44.25371000018446, 0.0], [-73.11396999991481, 44.25386000010549, 0.0], [-73.11389000025332, 44.254069999763615, 0.0], [-73.11408000039698, 44.25460999968716, 0.0], [-73.11401000060121, 44.254749999989144, 0.0], [-73.11405999966259, 44.255029999830086, 0.0], [-73.11381000047268, 44.25528999989914, 0.0], [-73.1138700005527, 44.25545000014925, 0.0], [-73.1140411243236, 44.255473334904586, 0.0], [-73.10815690004978, 44.256224899569354, 0.0], [-73.10779320024436, 44.255297899823645, 0.0], [-73.10761630032745, 44.254559399995415, 0.0], [-73.10767480006095, 44.25397110028024, 0.0], [-73.10752300006133, 44.25328790007999, 0.0], [-73.10759789977196, 44.25258449988063, 0.0], [-73.10751210040094, 44.25225410040504, 0.0], [-73.10831119960442, 44.249405600277285, 0.0]], [[-73.1080565802102, 44.21371534522938, 0.0], [-73.10842290008245, 44.21332649986838, 0.0], [-73.10882029967999, 44.212697600369125, 0.0], [-73.1080170995427, 44.21280190022193, 0.0], [-73.10795719977061, 44.21253120023018, 0.0], [-73.1078763998018, 44.21250680044949, 0.0], [-73.10744849997495, 44.21280319992118, 0.0], [-73.1070914513388, 44.213256080164285, 0.0], [-73.1070012997879, 44.21346509993496, 0.0], [-73.10695459965704, 44.21401520015926, 0.0], [-73.1070129996134, 44.214217299808844, 0.0], [-73.10716399956347, 44.21423040034416, 0.0], [-73.10759369992898, 44.214035199661936, 0.0], [-73.1080565802102, 44.21371534522938, 0.0]], [[-73.10195190001075, 44.25332689998536, 0.0], [-73.10135040024475, 44.25355149956478, 0.0], [-73.10082109938907, 44.25390600028577, 0.0], [-73.10040600009896, 44.25453070008237, 0.0], [-73.10030490000536, 44.254864100381404, 0.0], [-73.1002803000581, 44.255294499977765, 0.0], [-73.10041969979909, 44.25556459964374, 0.0], [-73.10081149995804, 44.255847599674894, 0.0], [-73.10140109981641, 44.25586880016603, 0.0], [-73.10186999970195, 44.25588020015092, 0.0], [-73.10241519960785, 44.25597039960756, 0.0], [-73.1030205004905, 44.25642179986596, 0.0], [-73.10345469971386, 44.25648379976837, 0.0], [-73.10466929976283, 44.256128300228355, 0.0], [-73.10510349979093, 44.25585060043563, 0.0], [-73.1053950999599, 44.25539279996442, 0.0], [-73.10546740051662, 44.255157300231375, 0.0], [-73.10530489988197, 44.2535495002667, 0.0], [-73.10537910047725, 44.2530717000729, 0.0], [-73.10566459939857, 44.25256349965165, 0.0], [-73.10572509980597, 44.25216900031454, 0.0], [-73.10570309946966, 44.25204260022105, 0.0], [-73.10550309999289, 44.251772800179864, 0.0], [-73.10519589960323, 44.251774999631095, 0.0], [-73.1048551003009, 44.2519255995892, 0.0], [-73.1046509005552, 44.2520860998411, 0.0], [-73.10397829985078, 44.2530453001749, 0.0], [-73.1037051005486, 44.253336499759925, 0.0], [-73.10353470018096, 44.25340260026505, 0.0], [-73.10293959977182, 44.253330799634966, 0.0], [-73.10195190001075, 44.25332689998536, 0.0]], [[-73.10595910003211, 44.23377070028518, 0.0], [-73.1056944994836, 44.23393889955059, 0.0], [-73.10533769992637, 44.23397410018404, 0.0], [-73.10509520011415, 44.233939499884414, 0.0], [-73.10461789038567, 44.233657407946566, 0.0], [-73.10447970057585, 44.23345930024694, 0.0], [-73.10433300051999, 44.23342430024366, 0.0], [-73.10427589962293, 44.233269200137286, 0.0], [-73.10413300037548, 44.233147199835535, 0.0], [-73.10409179977941, 44.23344029978233, 0.0], [-73.10395285581772, 44.23371579802199, 0.0], [-73.10377149987384, 44.23397760019099, 0.0], [-73.10356159946188, 44.23449619970626, 0.0], [-73.10343480038962, 44.235563599683374, 0.0], [-73.10341059993227, 44.23679309987188, 0.0], [-73.10311938679963, 44.23761123485493, 0.0], [-73.10279700020948, 44.23838100004803, 0.0], [-73.10287330006764, 44.238420300187514, 0.0], [-73.1031050993735, 44.23882359960886, 0.0], [-73.10378159951075, 44.23894909982135, 0.0], [-73.10428529955156, 44.23931430029046, 0.0], [-73.10435900003829, 44.2395560996485, 0.0], [-73.10425284489729, 44.24004318166953, 0.0], [-73.10429620009022, 44.240145899667084, 0.0], [-73.10463630009926, 44.24034970038738, 0.0], [-73.10512590059965, 44.24006069973045, 0.0], [-73.10540073230148, 44.2397146937307, 0.0], [-73.10557210052616, 44.239507899694075, 0.0], [-73.10620000019843, 44.239019100014126, 0.0], [-73.10695819993113, 44.23883299997884, 0.0], [-73.10722320028823, 44.23869009974729, 0.0], [-73.10831179974483, 44.23761959977412, 0.0], [-73.10885530002999, 44.23721079966718, 0.0], [-73.10931970047147, 44.236531500232935, 0.0], [-73.10943599939876, 44.23616539979909, 0.0], [-73.1094424000043, 44.235912299947714, 0.0], [-73.10908990023212, 44.234775799568034, 0.0], [-73.10884770044949, 44.23435090031992, 0.0], [-73.10878859965422, 44.23408720030832, 0.0], [-73.1085226000767, 44.23378180022899, 0.0], [-73.10804277250047, 44.23279019967677, 0.0], [-73.10779890014182, 44.23237309992575, 0.0], [-73.10776190993343, 44.232167873366386, 0.0], [-73.10766719993376, 44.23192569986629, 0.0], [-73.10767369947708, 44.23164720002067, 0.0], [-73.10756224314734, 44.231450919335416, 0.0], [-73.10739319971735, 44.23027170011788, 0.0], [-73.1072456994304, 44.23015340005078, 0.0], [-73.10697350046001, 44.23012280002127, 0.0], [-73.10678850055906, 44.23023979996819, 0.0], [-73.1066526064909, 44.230504903208455, 0.0], [-73.10625139966339, 44.23187059976394, 0.0], [-73.106248699647, 44.2320658001438, 0.0], [-73.10616030023058, 44.23221830012201, 0.0], [-73.10616349964658, 44.232832899953124, 0.0], [-73.10608599869201, 44.23333941315398, 0.0], [-73.10595910003211, 44.23377070028518, 0.0]]], [[[-73.1140900000207, 44.255480000220814, 0.0], [-73.1140411243236, 44.255473334904586, 0.0], [-73.11410479745814, 44.25546520237624, 0.0], [-73.1140900000207, 44.255480000220814, 0.0]]], [[[-73.09810260308382, 44.252691000324035, 0.0], [-73.0981189003765, 44.25314740014859, 0.0], [-73.09813349948757, 44.25355729957365, 0.0], [-73.0975567005448, 44.25467340027574, 0.0], [-73.0971428087036, 44.25583685387102, 0.0], [-73.097142800403, 44.255836899813445, 0.0], [-73.09713999970755, 44.25582000020508, 0.0], [-73.09704000016644, 44.255700000107694, 0.0], [-73.09621999997387, 44.25548000043667, 0.0], [-73.09613000044051, 44.255299999578305, 0.0], [-73.0969900003056, 44.25495999972227, 0.0], [-73.09724999967581, 44.25476000031153, 0.0], [-73.0972900005342, 44.25467000000766, 0.0], [-73.09707000041453, 44.25442000038835, 0.0], [-73.09715000052661, 44.25420000020783, 0.0], [-73.09711000003506, 44.25395999971758, 0.0], [-73.09725000023731, 44.25373000019742, 0.0], [-73.09753999994085, 44.253559999812715, 0.0], [-73.09761999957165, 44.25343000014406, 0.0], [-73.09775999963998, 44.253349999933036, 0.0], [-73.0975600005912, 44.253270000281894, 0.0], [-73.09742000047102, 44.25300999974793, 0.0], [-73.09702999962087, 44.25295000031773, 0.0], [-73.09690999948674, 44.25283000017903, 0.0], [-73.09722000006103, 44.25261000017312, 0.0], [-73.09760999989568, 44.25243999960605, 0.0], [-73.09771999975668, 44.2522800003905, 0.0], [-73.09763999950596, 44.25214999989297, 0.0], [-73.0973899995143, 44.25205000022024, 0.0], [-73.09649000032593, 44.252029999768084, 0.0], [-73.09636999973888, 44.25196999994015, 0.0], [-73.0963699996407, 44.25187000024725, 0.0], [-73.09666999955924, 44.251629999610074, 0.0], [-73.09671000016864, 44.25151000036196, 0.0], [-73.09657999997133, 44.25109999956888, 0.0], [-73.09664000033847, 44.25047999991044, 0.0], [-73.0964600000603, 44.25021999999221, 0.0], [-73.09647000032817, 44.25004999963267, 0.0], [-73.09655999992036, 44.249829999684515, 0.0], [-73.0969000004084, 44.24991000045044, 0.0], [-73.0971499999118, 44.24977000027043, 0.0], [-73.09733999953279, 44.24974000044969, 0.0], [-73.09759999962047, 44.249560000371, 0.0], [-73.09796960029844, 44.24943730028175, 0.0], [-73.09800849996218, 44.24987619980401, 0.0], [-73.0980154616267, 44.25004412794445, 0.0], [-73.09803540039684, 44.25118079999897, 0.0], [-73.0979298184527, 44.25123773658005, 0.0], [-73.0977473999547, 44.251555299557694, 0.0], [-73.09772499980092, 44.2517795995808, 0.0], [-73.09788870046752, 44.25233179976853, 0.0], [-73.09810260308382, 44.252691000324035, 0.0]]], [[[-73.09635999945282, 44.25001999976438, 0.0], [-73.09648999942148, 44.25079000004527, 0.0], [-73.09636999977515, 44.251079999637476, 0.0], [-73.09657999944348, 44.25156999988798, 0.0], [-73.09654999943164, 44.25165000026345, 0.0], [-73.09624999997541, 44.25182999968572, 0.0], [-73.09624999967943, 44.251999999976285, 0.0], [-73.09648000010534, 44.25211999977931, 0.0], [-73.09733999970557, 44.252199999781, 0.0], [-73.09760999986777, 44.25227999992996, 0.0], [-73.09749000022029, 44.252430000347076, 0.0], [-73.09724999946737, 44.25248000024694, 0.0], [-73.09698000038648, 44.25263000040457, 0.0], [-73.09680000011952, 44.25282000013823, 0.0], [-73.09686999967992, 44.25295000036554, 0.0], [-73.09699000001669, 44.253020000255916, 0.0], [-73.09736000008552, 44.253100000312486, 0.0], [-73.0975600001931, 44.253450000225975, 0.0], [-73.09751999963495, 44.253520000348594, 0.0], [-73.09721000035518, 44.25362999996967, 0.0], [-73.0969899995894, 44.25395999963668, 0.0], [-73.09705000030165, 44.25422000032418, 0.0], [-73.09693000034036, 44.25437000010563, 0.0], [-73.09714000043218, 44.25464000036274, 0.0], [-73.0971400004004, 44.25474999970218, 0.0], [-73.09692999950752, 44.25492000041158, 0.0], [-73.09631999950065, 44.255170000044515, 0.0], [-73.0960799995617, 44.255209999567846, 0.0], [-73.0959799996959, 44.255319999584394, 0.0], [-73.09615999975391, 44.25552000006741, 0.0], [-73.09685000057212, 44.255710000018546, 0.0], [-73.09706999975288, 44.25584999979315, 0.0], [-73.09699999997493, 44.25602000042949, 0.0], [-73.09689999957163, 44.25607000038641, 0.0], [-73.09648999960655, 44.256049999822665, 0.0], [-73.09631000048037, 44.25608999968934, 0.0], [-73.09612000029834, 44.25654999981491, 0.0], [-73.0961800003628, 44.25666999977251, 0.0], [-73.09675999945483, 44.257009999952864, 0.0], [-73.09685000020838, 44.257130000312344, 0.0], [-73.09685000039173, 44.257259999883274, 0.0], [-73.0966800003056, 44.257399999878345, 0.0], [-73.09672610019194, 44.257542199971496, 0.0], [-73.09522280035407, 44.257723499183086, 0.0], [-73.0949019001551, 44.25778370021949, 0.0], [-73.09478459992265, 44.2576537003997, 0.0], [-73.0946740994796, 44.256898700167596, 0.0], [-73.09493909980951, 44.255587999639395, 0.0], [-73.09496299940498, 44.25512140039793, 0.0], [-73.09516240038762, 44.25456690004086, 0.0], [-73.09578757321623, 44.25342818015971, 0.0], [-73.095860499575, 44.25324959979766, 0.0], [-73.09583736838631, 44.25303903922594, 0.0], [-73.09565989999354, 44.25256760032662, 0.0], [-73.09527970051522, 44.25199890013735, 0.0], [-73.09504629959568, 44.25147269975882, 0.0], [-73.09496380023192, 44.25093440021953, 0.0], [-73.0951110004975, 44.25024289983928, 0.0], [-73.09547830048695, 44.24984980034297, 0.0], [-73.09594791465338, 44.24961985199323, 0.0], [-73.09683010041527, 44.249222300408995, 0.0], [-73.09730689939967, 44.249085199692985, 0.0], [-73.09752529983257, 44.24881970025363, 0.0], [-73.09786136194535, 44.24870170914159, 0.0], [-73.09786139941433, 44.24870169994567, 0.0], [-73.0979176003155, 44.24903839970263, 0.0], [-73.09796139959509, 44.24936529962459, 0.0], [-73.09722000045362, 44.24955999964232, 0.0], [-73.09710999971813, 44.24969999994915, 0.0], [-73.09690000041894, 44.24982000042439, 0.0], [-73.09663999952461, 44.24972999972842, 0.0], [-73.09641999992733, 44.249850000253964, 0.0], [-73.09635999945282, 44.25001999976438, 0.0]]], [[[-73.09695000007892, 44.25721999967371, 0.0], [-73.0968900000232, 44.257019999909595, 0.0], [-73.09666000046586, 44.25678999993742, 0.0], [-73.09633999965406, 44.25669000007377, 0.0], [-73.09621000027549, 44.25654000020727, 0.0], [-73.09633999984706, 44.256270000433354, 0.0], [-73.09649999995774, 44.25616000001388, 0.0], [-73.0968900001672, 44.25613000039018, 0.0], [-73.09706999973024, 44.25605999963137, 0.0], [-73.09707590043321, 44.2560521002525, 0.0], [-73.09707589581616, 44.256052138975804, 0.0], [-73.09702859955411, 44.25666180037989, 0.0], [-73.09720410033376, 44.25698600028379, 0.0], [-73.09722649955727, 44.257152299588064, 0.0], [-73.09709493447171, 44.257498538708646, 0.0], [-73.09709490002966, 44.25749860008741, 0.0], [-73.09679730030989, 44.257533700279566, 0.0], [-73.09695000007892, 44.25721999967371, 0.0]]], [[[-73.0982499998323, 44.260750000043004, 0.0], [-73.09815000007163, 44.260789999568104, 0.0], [-73.09754999945237, 44.26055999984487, 0.0], [-73.09753000011386, 44.2603800003445, 0.0], [-73.09758999987287, 44.26030000039042, 0.0], [-73.09815999998429, 44.25997000007106, 0.0], [-73.09810000044124, 44.259770000137564, 0.0], [-73.09777000000341, 44.25946000028989, 0.0], [-73.09756999942735, 44.25943000008679, 0.0], [-73.09729000047462, 44.259490000143444, 0.0], [-73.09689000054377, 44.25926000033076, 0.0], [-73.09677999980202, 44.2591400001393, 0.0], [-73.09687999972023, 44.25892999992326, 0.0], [-73.0968299996944, 44.258790000058085, 0.0], [-73.09659000014545, 44.2587199995686, 0.0], [-73.09626000041497, 44.25872999970301, 0.0], [-73.09616999973261, 44.25863999977505, 0.0], [-73.09611999987104, 44.258450000250804, 0.0], [-73.09615999941386, 44.2583400001297, 0.0], [-73.09665999940322, 44.258009999898285, 0.0], [-73.09684000031599, 44.25778999968125, 0.0], [-73.09684760003216, 44.257666800269405, 0.0], [-73.09824859988287, 44.257486700371366, 0.0], [-73.09822830013735, 44.25902339994344, 0.0], [-73.09862559961896, 44.26091260006265, 0.0], [-73.09868449980934, 44.26155090042407, 0.0], [-73.09843000056115, 44.26121999989831, 0.0], [-73.09859999939691, 44.26091000007751, 0.0], [-73.09849000058257, 44.26053999955841, 0.0], [-73.09834999970276, 44.26052999981549, 0.0], [-73.0982499998323, 44.260750000043004, 0.0]]], [[[-73.08554620028238, 44.26011020012139, 0.0], [-73.08705599955947, 44.26034580027195, 0.0], [-73.08916859962244, 44.260476099961174, 0.0], [-73.0907792000894, 44.26072909993925, 0.0], [-73.09215079972972, 44.260831800157014, 0.0], [-73.0925275996963, 44.26075330021879, 0.0], [-73.09308859953255, 44.260496300038284, 0.0], [-73.09342750030687, 44.26022289969269, 0.0], [-73.09420709989246, 44.259335299930456, 0.0], [-73.09423060033423, 44.2592157997295, 0.0], [-73.09340830060741, 44.25869680033664, 0.0], [-73.09394659971153, 44.258292399704914, 0.0], [-73.0943705995419, 44.25808800008617, 0.0], [-73.09513929986429, 44.257874500175866, 0.0], [-73.09573069943701, 44.257794199988766, 0.0], [-73.09675299999665, 44.257677899886595, 0.0], [-73.09654000013829, 44.25798999996337, 0.0], [-73.09610999967805, 44.25828000013976, 0.0], [-73.09604000014464, 44.25842999984028, 0.0], [-73.09608999979007, 44.25865000026444, 0.0], [-73.09623999994211, 44.25877000025185, 0.0], [-73.09672999977943, 44.258830000153694, 0.0], [-73.09666999990735, 44.25909000034325, 0.0], [-73.09679000030175, 44.259239999658355, 0.0], [-73.09677000024365, 44.25935999958591, 0.0], [-73.09698000052727, 44.259360000271116, 0.0], [-73.09710999938801, 44.25951000008794, 0.0], [-73.09720999998171, 44.25954000016332, 0.0], [-73.09768999995218, 44.2595099997438, 0.0], [-73.09800999969374, 44.25976999974858, 0.0], [-73.09799999978809, 44.25996999990876, 0.0], [-73.09744999954255, 44.260300000125596, 0.0], [-73.09738000054412, 44.260550000135275, 0.0], [-73.09757000061875, 44.26071000027458, 0.0], [-73.09785000041963, 44.26074000029427, 0.0], [-73.09802000050838, 44.26084999973582, 0.0], [-73.09821000020719, 44.26082999999851, 0.0], [-73.0984600000023, 44.260659999950626, 0.0], [-73.09844000040556, 44.260909999626044, 0.0], [-73.0983400003056, 44.26109000028603, 0.0], [-73.09834999991006, 44.2613100003346, 0.0], [-73.09868729967008, 44.261623299974225, 0.0], [-73.09870930048831, 44.26238609980906, 0.0], [-73.09882559951329, 44.26669009972331, 0.0], [-73.09873509965051, 44.26685690024559, 0.0], [-73.0985849006296, 44.266948900346904, 0.0], [-73.09787130033982, 44.26711860005184, 0.0], [-73.09832949958539, 44.26631420030756, 0.0], [-73.09848040040984, 44.26591180015056, 0.0], [-73.09844750043612, 44.26533349970962, 0.0], [-73.09728930009278, 44.26616949957378, 0.0], [-73.09703300032874, 44.26727009974764, 0.0], [-73.09543640020897, 44.267584999710756, 0.0], [-73.09572850009816, 44.267029800318625, 0.0], [-73.0963225997605, 44.26621219996011, 0.0], [-73.0970512002296, 44.26492000007769, 0.0], [-73.09715599961515, 44.26483609972955, 0.0], [-73.09717119938881, 44.26443830023078, 0.0], [-73.09705750050196, 44.264233099744125, 0.0], [-73.09676849963775, 44.26409389985374, 0.0], [-73.09620230029611, 44.264347400069376, 0.0], [-73.09602660035634, 44.26438840027759, 0.0], [-73.09577419943497, 44.264346599830276, 0.0], [-73.09559030004996, 44.26415990039015, 0.0], [-73.09544869959709, 44.263745099807444, 0.0], [-73.09530609998734, 44.2636121996046, 0.0], [-73.09510901950266, 44.26358466744484, 0.0], [-73.09507545581936, 44.26360046325313, 0.0], [-73.09509270020183, 44.26387769958505, 0.0], [-73.09488249996878, 44.26475769962742, 0.0], [-73.09423779976153, 44.26630970003201, 0.0], [-73.09423650009431, 44.26660249988093, 0.0], [-73.09413079958806, 44.266993800151354, 0.0], [-73.09414289953949, 44.26752880025853, 0.0], [-73.0942294001448, 44.26786780007078, 0.0], [-73.09051290059827, 44.26868119959966, 0.0], [-73.08957889945746, 44.26898050006118, 0.0], [-73.08894150058258, 44.26931619996906, 0.0], [-73.0886033999387, 44.26965909956419, 0.0], [-73.08850700062477, 44.26998990030787, 0.0], [-73.08855970043918, 44.27208919965819, 0.0], [-73.08844380008091, 44.27325429994552, 0.0], [-73.08830379962325, 44.273541999943546, 0.0], [-73.08812649991229, 44.273693400154805, 0.0], [-73.0878795994203, 44.273803200408345, 0.0], [-73.08527070057652, 44.274563099767576, 0.0], [-73.08493480039105, 44.27475629972222, 0.0], [-73.08405699981549, 44.27553340023999, 0.0], [-73.08262919987695, 44.27623360026131, 0.0], [-73.08182519955906, 44.27660650031951, 0.0], [-73.08140189941945, 44.27691660022713, 0.0], [-73.08101999998281, 44.27661999993686, 0.0], [-73.08060000025372, 44.276649999695685, 0.0], [-73.08040999992906, 44.276359999626166, 0.0], [-73.08005999952276, 44.276060000386344, 0.0], [-73.07960000029807, 44.275950000071596, 0.0], [-73.07954000033715, 44.27579000036779, 0.0], [-73.07933570003718, 44.27570000029697, 0.0], [-73.07916169632173, 44.27572932197325, 0.0], [-73.07896743703624, 44.27464261357158, 0.0], [-73.0776309997542, 44.26696630045086, 0.0], [-73.07780390027662, 44.26785009965253, 0.0], [-73.07767459945413, 44.26690699990446, 0.0], [-73.07773929980836, 44.26603069990191, 0.0], [-73.0776366005258, 44.26533160012503, 0.0], [-73.07596369998502, 44.258106400128284, 0.0], [-73.07548908046681, 44.255592819909275, 0.0], [-73.08155176358451, 44.25492196501605, 0.0], [-73.08226889992591, 44.258727299698215, 0.0], [-73.08254489993561, 44.259436299615295, 0.0], [-73.08268549940871, 44.259605200092786, 0.0], [-73.08294140000018, 44.25978529999311, 0.0], [-73.08330330022831, 44.25984139963006, 0.0], [-73.08519630012704, 44.25919979965804, 0.0], [-73.08537430036306, 44.260064400053416, 0.0], [-73.08554620028238, 44.26011020012139, 0.0]]], [[[-73.11573599940066, 44.26710820014035, 0.0], [-73.11466270006096, 44.26759689962379, 0.0], [-73.11404610759485, 44.268023335717764, 0.0], [-73.11399509984426, 44.268064800155784, 0.0], [-73.11247019743453, 44.26931199692029, 0.0], [-73.11180270048068, 44.26988720016005, 0.0], [-73.11144900007658, 44.27042820033675, 0.0], [-73.11139910019065, 44.270410899841764, 0.0], [-73.11123310034354, 44.27001989955692, 0.0], [-73.11047599943196, 44.266679300253415, 0.0], [-73.11029810017152, 44.26669350036023, 0.0], [-73.11104550037186, 44.27004570036108, 0.0], [-73.11117149998019, 44.27041499955334, 0.0], [-73.11140479961591, 44.27056509963174, 0.0], [-73.11113589947782, 44.27295719989269, 0.0], [-73.1108562998635, 44.27416759964142, 0.0], [-73.11040190056497, 44.27563399998025, 0.0], [-73.10985899941615, 44.27700780036488, 0.0], [-73.10953990049697, 44.27818319979986, 0.0], [-73.10134339960436, 44.27930600021905, 0.0], [-73.10034129995152, 44.27760169959362, 0.0], [-73.10007930055976, 44.276975799725456, 0.0], [-73.0997696000314, 44.275808000121465, 0.0], [-73.0995658999652, 44.274492600141826, 0.0], [-73.09920119958606, 44.27338080032965, 0.0], [-73.09920660057547, 44.27306779994185, 0.0], [-73.09950199967321, 44.2721377995806, 0.0], [-73.0994941999753, 44.271005100132655, 0.0], [-73.099293699709, 44.26890350043168, 0.0], [-73.09908419975068, 44.26777199963635, 0.0], [-73.09902320022168, 44.26634960034865, 0.0], [-73.10072399982981, 44.26595430016633, 0.0], [-73.10160320033617, 44.26568789963464, 0.0], [-73.10153010037439, 44.26557559993297, 0.0], [-73.09902070034714, 44.26620629979345, 0.0], [-73.09890781816826, 44.262953609075154, 0.0], [-73.0988807000035, 44.26171070026162, 0.0], [-73.09899000038526, 44.26197999978923, 0.0], [-73.09922999994166, 44.26206000027292, 0.0], [-73.09931000032584, 44.26214000012018, 0.0], [-73.09941999996651, 44.26236999970736, 0.0], [-73.09930000045708, 44.26257000017054, 0.0], [-73.09943999967402, 44.262700000319256, 0.0], [-73.10026999962, 44.26262999988742, 0.0], [-73.10070000023212, 44.26277000023233, 0.0], [-73.10092999985454, 44.26299000023842, 0.0], [-73.10102000005939, 44.26298000044806, 0.0], [-73.10079000017585, 44.26272999978342, 0.0], [-73.10050000037042, 44.26265999963386, 0.0], [-73.10033000042635, 44.26255000032021, 0.0], [-73.09946000036463, 44.262579999991836, 0.0], [-73.09959000017582, 44.26229000013943, 0.0], [-73.09944000060231, 44.26225000027687, 0.0], [-73.09934000021046, 44.26203999980274, 0.0], [-73.09907000004026, 44.26191999976591, 0.0], [-73.09901000007318, 44.26169000043539, 0.0], [-73.09887879960932, 44.26164230001454, 0.0], [-73.09881530018811, 44.26089780007381, 0.0], [-73.09841900025123, 44.25901600041721, 0.0], [-73.098442000482, 44.25746590034486, 0.0], [-73.09993270010496, 44.257295700105225, 0.0], [-73.10290580022533, 44.256949200284275, 0.0], [-73.1034696000214, 44.25681289996461, 0.0], [-73.10450119974996, 44.25642999965126, 0.0], [-73.10520389983469, 44.25627709975537, 0.0], [-73.10599659997649, 44.25624219974449, 0.0], [-73.1072806999964, 44.25637890033359, 0.0], [-73.1079113999125, 44.256384700225034, 0.0], [-73.11609269967802, 44.25537550042091, 0.0], [-73.1174155003878, 44.26066350030631, 0.0], [-73.12003870003977, 44.261879999581666, 0.0], [-73.11887739974763, 44.26293069993027, 0.0], [-73.1181892995408, 44.26369290026366, 0.0], [-73.11776729942392, 44.26427540034672, 0.0], [-73.11648840062347, 44.26636980005953, 0.0], [-73.11615719971114, 44.266785799939505, 0.0], [-73.11573599940066, 44.26710820014035, 0.0]], [[-73.10220230012196, 44.263514000245316, 0.0], [-73.10305679937896, 44.26372509958789, 0.0], [-73.10383770006858, 44.26411370037279, 0.0], [-73.10442410051915, 44.26424350000152, 0.0], [-73.10489309978925, 44.264298100451754, 0.0], [-73.10522549974581, 44.26427050045004, 0.0], [-73.10546892080266, 44.26414719298327, 0.0], [-73.10556019949352, 44.263667999854455, 0.0], [-73.10544649969084, 44.263455399967825, 0.0], [-73.10506980019541, 44.26317240014362, 0.0], [-73.10451289986935, 44.26298099974394, 0.0], [-73.10423339958919, 44.26277689966304, 0.0], [-73.10370489977052, 44.26169220011887, 0.0], [-73.10339759987565, 44.261303800173216, 0.0], [-73.10304559939627, 44.260980800254245, 0.0], [-73.10253507936856, 44.26071845989841, 0.0], [-73.10227540057768, 44.260639200086686, 0.0], [-73.10194760034999, 44.260616200069094, 0.0], [-73.10224721469454, 44.26121075711516, 0.0], [-73.1021967005086, 44.26155440016121, 0.0], [-73.10203949978653, 44.26186999962107, 0.0], [-73.10158496945101, 44.26237255924339, 0.0], [-73.10147589968977, 44.26266939990181, 0.0], [-73.10158630013298, 44.2630230003476, 0.0], [-73.10188779964878, 44.263346199654826, 0.0], [-73.10220230012196, 44.263514000245316, 0.0]], [[-73.10284999976975, 44.26456000013342, 0.0], [-73.10259000014378, 44.264370000254615, 0.0], [-73.10252000052505, 44.264419999793205, 0.0], [-73.10278999938583, 44.26461000016304, 0.0], [-73.10308000002081, 44.26462999968229, 0.0], [-73.10348000030245, 44.26489999968866, 0.0], [-73.10373999989977, 44.26476999977943, 0.0], [-73.1037799994095, 44.264659999813794, 0.0], [-73.10366999950968, 44.26446999963353, 0.0], [-73.10374000006583, 44.264329999590075, 0.0], [-73.10388000058316, 44.26430999998654, 0.0], [-73.10401000043116, 44.2644200002986, 0.0], [-73.10412000005115, 44.26469999994556, 0.0], [-73.10411000045012, 44.26488999988536, 0.0], [-73.10420000053101, 44.265020000260634, 0.0], [-73.10449000023057, 44.26491000041162, 0.0], [-73.10465000001359, 44.264780000186946, 0.0], [-73.10478000060162, 44.26476999989137, 0.0], [-73.1048399996355, 44.26462999993475, 0.0], [-73.10537999966137, 44.264640000101274, 0.0], [-73.10544999956034, 44.264600000287835, 0.0], [-73.10524000006096, 44.26453000033834, 0.0], [-73.10478999961208, 44.26455999963886, 0.0], [-73.10455999994991, 44.26468000009122, 0.0], [-73.10447999997085, 44.2648399997977, 0.0], [-73.1042799994771, 44.264939999971446, 0.0], [-73.10410000046642, 44.26443000013869, 0.0], [-73.10383999989945, 44.26424000040698, 0.0], [-73.10370000023667, 44.264239999702134, 0.0], [-73.10361999967289, 44.26430000024845, 0.0], [-73.10357999975942, 44.26452000021597, 0.0], [-73.10371000046588, 44.264710000075375, 0.0], [-73.10352999937624, 44.26482999968947, 0.0], [-73.1033799994204, 44.264789999623524, 0.0], [-73.10308999948991, 44.26457000012639, 0.0], [-73.10284999976975, 44.26456000013342, 0.0]]], [[[-73.09989439968972, 44.27700999990603, 0.0], [-73.10016230010463, 44.277649700051384, 0.0], [-73.10115139975868, 44.279333000374045, 0.0], [-73.09639830005172, 44.28000909985472, 0.0], [-73.09629569993697, 44.279152900005734, 0.0], [-73.09631630049644, 44.278794800232326, 0.0], [-73.09655190019203, 44.277936199917285, 0.0], [-73.09693610034138, 44.277257500311855, 0.0], [-73.09807130034422, 44.27620479967418, 0.0], [-73.09843299999024, 44.275746700106204, 0.0], [-73.09860580028139, 44.27544899987333, 0.0], [-73.09870720012522, 44.27510480004748, 0.0], [-73.0989637002429, 44.27469809972563, 0.0], [-73.09912149972887, 44.274046199903914, 0.0], [-73.09906060051273, 44.273630700433166, 0.0], [-73.09876529986163, 44.27303980002224, 0.0], [-73.09863110046612, 44.27201040036139, 0.0], [-73.09864340030903, 44.27140279978981, 0.0], [-73.09836569984347, 44.270616499632645, 0.0], [-73.0977210005029, 44.26756210004037, 0.0], [-73.09781349977183, 44.26727039971876, 0.0], [-73.09856250019902, 44.267118699874636, 0.0], [-73.09880989942948, 44.26699129989964, 0.0], [-73.09910360048106, 44.26891610014364, 0.0], [-73.09930340037326, 44.27101070021409, 0.0], [-73.09931139955347, 44.272127399705916, 0.0], [-73.09901880028607, 44.27304279984091, 0.0], [-73.09901249974368, 44.27340360010065, 0.0], [-73.09937650038415, 44.274511099586924, 0.0], [-73.09958079965949, 44.27582879980027, 0.0], [-73.09989439968972, 44.27700999990603, 0.0]]], [[[-73.09838069955617, 44.27329550044041, 0.0], [-73.09846490007011, 44.27433630026245, 0.0], [-73.09832230020528, 44.27459410001018, 0.0], [-73.09701260031622, 44.27579620028256, 0.0], [-73.0961646997586, 44.27683970019728, 0.0], [-73.09603479943318, 44.27731060038715, 0.0], [-73.09607280026867, 44.277512899835415, 0.0], [-73.09587849992815, 44.27808190042437, 0.0], [-73.09578230026725, 44.278820099609625, 0.0], [-73.09585130033865, 44.2800826000221, 0.0], [-73.09030170021884, 44.28086069980983, 0.0], [-73.09009000018071, 44.28067000032644, 0.0], [-73.0899100003343, 44.28065000016494, 0.0], [-73.08957999968139, 44.28083000024438, 0.0], [-73.0894799998742, 44.28082999975347, 0.0], [-73.08919000008693, 44.28060000013517, 0.0], [-73.0887499994372, 44.28049999986573, 0.0], [-73.08835999989361, 44.28010000014759, 0.0], [-73.08770000015798, 44.28000000019413, 0.0], [-73.08767000001131, 44.27976000001574, 0.0], [-73.08775000057211, 44.27969000034011, 0.0], [-73.0881399999708, 44.279559999957826, 0.0], [-73.08828000010449, 44.27932000017677, 0.0], [-73.08826000028229, 44.279180000046125, 0.0], [-73.08799000047642, 44.2789499996103, 0.0], [-73.08758000050882, 44.278869999871034, 0.0], [-73.08742000043343, 44.278740000212956, 0.0], [-73.0872000002359, 44.278690000011885, 0.0], [-73.08696000059813, 44.27893000029658, 0.0], [-73.08681000000865, 44.2790500000225, 0.0], [-73.08644790088292, 44.278987496798045, 0.0], [-73.08607999946346, 44.278870000254514, 0.0], [-73.0857199996239, 44.27889000021118, 0.0], [-73.08551000035108, 44.278829999820395, 0.0], [-73.08547000016291, 44.278760000278204, 0.0], [-73.08558999947734, 44.27844000014229, 0.0], [-73.08555999980094, 44.278300000380284, 0.0], [-73.0854500003761, 44.27822999964228, 0.0], [-73.08523408942227, 44.2782022734427, 0.0], [-73.08517999945553, 44.27820999966862, 0.0], [-73.08501999986974, 44.278210000234886, 0.0], [-73.08488000037094, 44.27797999972002, 0.0], [-73.08460000038495, 44.27782000040601, 0.0], [-73.08435000015056, 44.27784000002411, 0.0], [-73.08414000041525, 44.27806000003666, 0.0], [-73.08403000022659, 44.278080000222246, 0.0], [-73.08336000048658, 44.27780999974414, 0.0], [-73.0831999999906, 44.27769999975967, 0.0], [-73.0831993331955, 44.27769958287429, 0.0], [-73.08255999961366, 44.277299999773106, 0.0], [-73.08156640044072, 44.27698750008562, 0.0], [-73.08193949974235, 44.27671650018741, 0.0], [-73.08273249949187, 44.27634900042128, 0.0], [-73.08417960060297, 44.27563869985699, 0.0], [-73.08507329998083, 44.27485130042498, 0.0], [-73.08537110019371, 44.27467990019944, 0.0], [-73.08796100021522, 44.27392760037483, 0.0], [-73.08825120049933, 44.27379789984173, 0.0], [-73.08847140032415, 44.27360920022283, 0.0], [-73.08863269943478, 44.27327709962283, 0.0], [-73.08875039962882, 44.27209629964227, 0.0], [-73.08869740053319, 44.27000069994119, 0.0], [-73.08878060004041, 44.26971070013343, 0.0], [-73.08907309978294, 44.26941569988714, 0.0], [-73.08967520049957, 44.26909900003889, 0.0], [-73.09057960017462, 44.268809700316154, 0.0], [-73.09491729964932, 44.26785150009347, 0.0], [-73.09504060010913, 44.26819279965113, 0.0], [-73.09496019979414, 44.26929959991149, 0.0], [-73.09499610041176, 44.269762799604536, 0.0], [-73.0951948994461, 44.27026759989192, 0.0], [-73.09550440009929, 44.27073940008453, 0.0], [-73.09553729940649, 44.27109390038101, 0.0], [-73.09535800054428, 44.27186369958052, 0.0], [-73.09488150047407, 44.272672400161305, 0.0], [-73.09482940020239, 44.27289960020156, 0.0], [-73.09497049989088, 44.273336200076486, 0.0], [-73.09532720004447, 44.27371549964256, 0.0], [-73.09534450042699, 44.27398740008327, 0.0], [-73.0952768994354, 44.274072000275524, 0.0], [-73.09510039937958, 44.27409249985833, 0.0], [-73.09499219969298, 44.273941499919005, 0.0], [-73.09479489964096, 44.27391659995751, 0.0], [-73.09466079983338, 44.273979500155676, 0.0], [-73.09460909964268, 44.274090300146156, 0.0], [-73.09466310005625, 44.27419839984631, 0.0], [-73.0947985005189, 44.27425979970021, 0.0], [-73.09545340060355, 44.274187699556066, 0.0], [-73.09555669969888, 44.27404369996322, 0.0], [-73.0955446993788, 44.27367990031675, 0.0], [-73.09512180002372, 44.27320319966148, 0.0], [-73.0950217994177, 44.272890999632345, 0.0], [-73.09506230054438, 44.272717099968816, 0.0], [-73.09563939957933, 44.27164079999956, 0.0], [-73.09573070043885, 44.27091600015191, 0.0], [-73.09568419992706, 44.270690699818296, 0.0], [-73.09537249951931, 44.27021700001897, 0.0], [-73.09518520052052, 44.269743799583885, 0.0], [-73.09515109988762, 44.2693030999515, 0.0], [-73.09523160008489, 44.26819289981582, 0.0], [-73.09509869950882, 44.26780840016576, 0.0], [-73.09701340007625, 44.26741519968992, 0.0], [-73.09703030024257, 44.268308099764184, 0.0], [-73.0971441997244, 44.26931599959958, 0.0], [-73.0973135998626, 44.269922300164765, 0.0], [-73.09770840053372, 44.27084160028927, 0.0], [-73.09776549993526, 44.27133289969433, 0.0], [-73.09816290015702, 44.27242570031467, 0.0], [-73.0981982004542, 44.272823199843344, 0.0], [-73.09838069955617, 44.27329550044041, 0.0]]], [[[-73.08132430006414, 44.27700590040095, 0.0], [-73.08119410033964, 44.27743320022175, 0.0], [-73.0812495999946, 44.27780279977946, 0.0], [-73.0821217994997, 44.27928770011553, 0.0], [-73.08216427104874, 44.27938810567618, 0.0], [-73.08218530008419, 44.27958850002955, 0.0], [-73.08203239960756, 44.279763600382324, 0.0], [-73.0802236003445, 44.28076319990395, 0.0], [-73.07997497039021, 44.27959179174804, 0.0], [-73.07996146385963, 44.27952815720353, 0.0], [-73.07919653927804, 44.27592423989839, 0.0], [-73.07919393470101, 44.2759096698571, 0.0], [-73.07938140625167, 44.275979538425055, 0.0], [-73.07954000051622, 44.27603000026944, 0.0], [-73.08015999984963, 44.27624000026817, 0.0], [-73.0803200003421, 44.27637999991468, 0.0], [-73.08050000025978, 44.276669999655724, 0.0], [-73.08106000011087, 44.27671000037973, 0.0], [-73.08117999980837, 44.27692000007983, 0.0], [-73.08132430006414, 44.27700590040095, 0.0]]], [[[-73.0849200002344, 44.278240000111914, 0.0], [-73.0851699999338, 44.27827999987454, 0.0], [-73.08546999991236, 44.278309999667975, 0.0], [-73.08551999969374, 44.278439999881286, 0.0], [-73.08537999951606, 44.27872999998537, 0.0], [-73.08495999963408, 44.27911000002213, 0.0], [-73.08481999959598, 44.279430000162805, 0.0], [-73.08436000022853, 44.27973000032215, 0.0], [-73.08456000041846, 44.27996000036103, 0.0], [-73.08429999951397, 44.280170000311976, 0.0], [-73.08421999968753, 44.28017999965852, 0.0], [-73.08402999980984, 44.28011999957017, 0.0], [-73.08399000057886, 44.280060000071224, 0.0], [-73.0841000000959, 44.279869999563324, 0.0], [-73.08410999985006, 44.27957000028078, 0.0], [-73.08400999961586, 44.27942999987462, 0.0], [-73.08360999966617, 44.27934999956249, 0.0], [-73.08354405583587, 44.279218318728525, 0.0], [-73.08353999984668, 44.27919000005005, 0.0], [-73.08378999940035, 44.27887000002659, 0.0], [-73.08378999998293, 44.27851999955495, 0.0], [-73.08368000014185, 44.27855999960763, 0.0], [-73.08363999996521, 44.278969999880744, 0.0], [-73.08345410058273, 44.27918870007912, 0.0], [-73.08347057334667, 44.27926700399856, 0.0], [-73.08349999939202, 44.27935999958209, 0.0], [-73.08382000054787, 44.27948000009757, 0.0], [-73.08403000042968, 44.27966999995883, 0.0], [-73.08385999971875, 44.2799799996301, 0.0], [-73.08393000004362, 44.28013000017043, 0.0], [-73.0840499995477, 44.280220000018986, 0.0], [-73.08433000035679, 44.28026999995163, 0.0], [-73.08445999941002, 44.280169999851246, 0.0], [-73.08462999993394, 44.280170000181585, 0.0], [-73.08473999939123, 44.27989000040106, 0.0], [-73.08467999993834, 44.27972000025794, 0.0], [-73.08493000001891, 44.27953000044311, 0.0], [-73.08506999995973, 44.27921999982622, 0.0], [-73.085209600485, 44.27911020021827, 0.0], [-73.08539000027189, 44.27878000009955, 0.0], [-73.08545000026194, 44.278860000317955, 0.0], [-73.08567999939176, 44.27896000038503, 0.0], [-73.08589000060111, 44.27892999997657, 0.0], [-73.08630960040476, 44.279004799635985, 0.0], [-73.08660999962255, 44.27911000012048, 0.0], [-73.086790000028, 44.27910999988169, 0.0], [-73.08696000026617, 44.27903000042571, 0.0], [-73.08724999970143, 44.278770000294486, 0.0], [-73.08736000021767, 44.27879000012083, 0.0], [-73.08739000000467, 44.27891999974348, 0.0], [-73.08785999985226, 44.27897999988679, 0.0], [-73.08815000020324, 44.27921000024757, 0.0], [-73.08816999987647, 44.279319999641395, 0.0], [-73.08807999999745, 44.27951999977055, 0.0], [-73.08766000038982, 44.27965000039552, 0.0], [-73.08754999953044, 44.27973999972973, 0.0], [-73.0876100005543, 44.2800100002643, 0.0], [-73.088320000308, 44.28017999997788, 0.0], [-73.08846999955341, 44.280399999916376, 0.0], [-73.08868000003608, 44.28056000033987, 0.0], [-73.08916000006175, 44.280659999773654, 0.0], [-73.08927000007314, 44.280810000399676, 0.0], [-73.08944999956472, 44.28090999966571, 0.0], [-73.08962999940721, 44.28089999980332, 0.0], [-73.08985999986508, 44.28077000037286, 0.0], [-73.09000000022272, 44.28074999982772, 0.0], [-73.09014999944885, 44.28088249993043, 0.0], [-73.08357749971577, 44.281828500272425, 0.0], [-73.0823565977493, 44.279371101222246, 0.0], [-73.08148629962714, 44.27790849987685, 0.0], [-73.08138520024816, 44.277435699864995, 0.0], [-73.08147890035411, 44.277089400064035, 0.0], [-73.08239999943785, 44.27733000013909, 0.0], [-73.08313460013524, 44.27774639991443, 0.0], [-73.08397000030618, 44.27813000015416, 0.0], [-73.08418999971038, 44.27810000035227, 0.0], [-73.08439999955247, 44.27788999990355, 0.0], [-73.08462999991204, 44.277890000150485, 0.0], [-73.08486999998547, 44.27807999977028, 0.0], [-73.0849200002344, 44.278240000111914, 0.0]]], [[[-73.08238910017609, 44.27978660010318, 0.0], [-73.08339200038152, 44.28185599984288, 0.0], [-73.08060049945524, 44.2822756002602, 0.0], [-73.08036629990978, 44.28117230041124, 0.0], [-73.0804945003598, 44.28203949985772, 0.0], [-73.08025520059981, 44.280912199854754, 0.0], [-73.08227469944273, 44.27977479961983, 0.0], [-73.08238910017609, 44.27978660010318, 0.0]]]]}, "properties": {"OBJECT_ID": 74, "County": "Addison", "RPC": "ACRPC", "Municipal_Name": "Monkton", "GEO_ID": "5000145550", "District_Name": "Low Density Rural Agricultural District", "Abbreviated_District_Name": "Ra5ld", "District_Type": "Mixed with Residential", "Bylaw_Date": "2023-03-07", "Elderly_Housing_District": "No", "District_Mapped": "Yes", "Overlay_District": "No", "Base_Density": 0, "GIS_ID": null, "Last_Update": "20230307", "Shape_Length": 313769.6066297134, "Shape_Area": 70915414.72853589, "F1F_Allowance": "Permitted", "F1F_Front_Setback": 50, "F1F_Side_Setback": 50, "F1F_Rear_Setback": 50, "F1F_Frontage": 300, "F1F_Max_Height": "35", "F1F_Max_Stories": "3", "F1F_Min_Lot_Size": 5, "F1F_Max_Lot_Building_Coverage": "", "F1F_Max_Lot_Impervious_Coverage": 0, "F1F_Min_Parking_Spaces": 0, "F1F_Elderly_Housing_Only": null, "F1F_Affordable_Housing_Only": null, "F2F_Allowance": "Permitted", "F2F_Front_Setback": "50", "F2F_Side_Setback": "50", "F2F_Rear_Setback": "50", "F2F_Frontage": "300", "F2F_Max_Density": 0.2, "F2F_Max_Height": "35", "F2F_Max_Stories": "3", "F2F_Min_Lot_Size": "5", "F2F_Max_Lot_Building_Coverage": "", "F2F_Max_Lot_Impervious_Coverage": "", "F2F_Min_Parking_Spaces_per_1BR": "", "F2F_Min_Parking_Spaces_per_mult_BR": "", "F2F_Elderly_Housing_Only": "No", "F2F_Affordable_Housing_Only": "No", "F3F_Allowance": "Public Hearing", "F3F_Front_Setback": "\b", "F3F_Side_Setback": "\b", "F3F_Rear_Setback": "\b", "F3F_Frontage": "\b", "F3F_Max_Density": "\b", "F3F_Max_Height": "35", "F3F_Max_Stories": "3", "F3F_Min_Lot_Size": "\b", "F3F_Max_Lot_Building_Coverage": "", "F3F_Max_Lot_Impervious_Coverage": "", "F3F_Min_Parking_Spaces_per_1BR": "", "F3F_Min_Parking_Spaces_per_mult_BR": "", "F3F_Affordable_Housing_Only": "No", "F3F_Proximity_to_Public_Transit_Required": "No", "F3F_Connection_to_Sewage/Water_Required": "No", "F4F_Allowance": "Public Hearing", "F4F_Front_Setback": "\b", "F4F_Side_Setback": "\b", "F4F_Rear_Setback": "\b", "F4F_Frontage": "\b", "F1F_Max_Density": null, "F4F_Max_Density": "\b", "F4F_Max_Height": "\b", "F4F_Max_Stories": "\b", "F4F_Min_Lot_Size": "\b", "F4F_Max_Lot_Building_Coverage": "", "F4F_Max_Lot_Impervious_Coverage": "", "F4F_Min_Parking_Spaces_per_1BR": "", "F4F_Min_Parking_Spaces_per_mult_BR": "", "F3F_Elderly_Housing_Only": "No", "F4F_Elderly_Housing_Only": "No", "F4F_Affordable_Housing_Only": "No", "F4F_Proximity_to_Public_Transit_Required": "No", "F4F_Connection_to_Sewage/Water_Required": "No", "ADU_Allowance": "Allowed/Conditional", "ADU_Elderly_Housing_Only": "No", "ADU_Max_Size_as_Percent_of_Primary_Strcture": 30, "ADU_Max_Size_in_sq_ft": 900, "ADU_Min_Lot_Size": "5", "ADU_Max_Bedrooms": "1", "ADU_Min_Parking_Spaces": "", "ADU_Owner_Occupancy_Required": "Yes", "ADU_Renter_Occupancy_Prohibited": "No", "ADU_Employee_or_Family_Occupancy_Required": "No", "ADU_Restricted_to_Primary_Structure": "\bNo", "Affordable_Housing_Allowance": "Not Mentioned", "Affordable_Housing_District": "No", "Affordable_Housing_Elderly_Only": "No", "Affordable_Housing_Min_Lot_Size": "", "Affordable_Housing_Max_Density": "", "Affordable_Housing_Min_Parking_Spaces_per_mult_BR": "", "Affordable_Housing_Max_Units_per_Building": "", "Affordable_Housing_Min_Parking_Spaces_per_1BR": "", "PRD_Allowance": "Allowed/Conditional", "PRD_Max_Density": "", "PRD_Max_Units": "", "PRD_Min_Lot_Size": "", "PRD_Mobile_or_Manufactured_Home_Park": "Yes", "PUD_Allowance": "Yes", "PUD_Required_with_Subdivision": "Yes", "PUD_Requires_Land_Conservation": "\bYes", "PUD_Threshold_Number": "5", "Notes": " Average Density Shall Be 1 Unit Per 5 Acres Except As Part Of A Subdivision Or Pud. Maximum Building Height Is 3 Stories Or 35 Ft, Whichever Is Less. Maximum Accessory Building Height 25ft. Maximum Accessory Dwelling Size 30% Or 900sf, Whichever Is Greater. Minimum Lot Depth 150ft. Puds With Affordable/Elderly Housing Units Are Eligible For A 50% Density Bonus (Up to 10 Units); Puds With Environmentally Efficient Units Are Eligible For A 25% Density Bonus.  ", "FIPS6": 1060}}, {"type": "Feature", "id": 5, "geometry": {"type": "MultiPolygon", "coordinates": [[[[-73.13474190350446, 44.200721997926614, 0.0], [-73.1348461997108, 44.20090230010226, 0.0], [-73.13485259949785, 44.201151900082756, 0.0], [-73.13461539998961, 44.201416999625856, 0.0], [-73.13327460054045, 44.202307400339, 0.0], [-73.13164949993183, 44.20318719959658, 0.0], [-73.12986629999253, 44.203782600345136, 0.0], [-73.1276042995728, 44.20410860007711, 0.0], [-73.12616279951177, 44.20437930020579, 0.0], [-73.1254919997949, 44.19795099956125, 0.0], [-73.12784410059032, 44.197740099576166, 0.0], [-73.1304959999665, 44.19739700009114, 0.0], [-73.13243260024717, 44.19721589991592, 0.0], [-73.13271169988394, 44.19731289976003, 0.0], [-73.1334786005835, 44.19790590022085, 0.0], [-73.13373199942434, 44.19842209979367, 0.0], [-73.13413510044826, 44.19954489988716, 0.0], [-73.1343456999869, 44.20005780036351, 0.0], [-73.13474190350446, 44.200721997926614, 0.0]]], [[[-73.1261614999939, 44.204545400339505, 0.0], [-73.12651019956323, 44.204441699685006, 0.0], [-73.12764639937507, 44.20424239967437, 0.0], [-73.12973809942768, 44.20393929958687, 0.0], [-73.13034020061671, 44.20378709989658, 0.0], [-73.13044440056377, 44.20531869976894, 0.0], [-73.13072500061406, 44.20618770029235, 0.0], [-73.12695110014441, 44.20702119985547, 0.0], [-73.12659480047908, 44.20665259965994, 0.0], [-73.12639700037998, 44.20626290026793, 0.0], [-73.1261614999939, 44.204545400339505, 0.0]]], [[[-73.17038499977332, 44.239012000256736, 0.0], [-73.17001099986163, 44.23732720022329, 0.0], [-73.17129530052493, 44.23720960015256, 0.0], [-73.1716214000349, 44.238881200388555, 0.0], [-73.17038499977332, 44.239012000256736, 0.0]]], [[[-73.16993519945582, 44.24455960008985, 0.0], [-73.16925679971904, 44.24010670029343, 0.0], [-73.16689250023808, 44.240301500048524, 0.0], [-73.16648189971512, 44.237650599819204, 0.0], [-73.16981269995641, 44.2373453998518, 0.0], [-73.17142109965484, 44.24478439989029, 0.0], [-73.17182360031384, 44.245818099654116, 0.0], [-73.17245020060214, 44.24663260026749, 0.0], [-73.17249670022974, 44.246771000310574, 0.0], [-73.17073300049371, 44.246456199996345, 0.0], [-73.16993519945582, 44.24455960008985, 0.0]]], [[[-73.13602539943184, 44.244680600187486, 0.0], [-73.13390209961794, 44.24206250002201, 0.0], [-73.13903600032094, 44.23998249991969, 0.0], [-73.14108469990916, 44.24267969976687, 0.0], [-73.13602539943184, 44.244680600187486, 0.0]]], [[[-73.13614386442086, 44.244826589136245, 0.0], [-73.13612712576247, 44.24480595034601, 0.0], [-73.13611929952049, 44.24479630201282, 0.0], [-73.13980949977739, 44.243328099864065, 0.0], [-73.13981730431534, 44.24332508170646, 0.0], [-73.14117580018521, 44.24279969980608, 0.0], [-73.14119960860599, 44.24283106557808, 0.0], [-73.14120099939385, 44.24283289823688, 0.0], [-73.13977749958141, 44.24338329955814, 0.0], [-73.13966339993742, 44.24422520035575, 0.0], [-73.13664830019519, 44.24544860002635, 0.0], [-73.13614386442086, 44.244826589136245, 0.0]]], [[[-73.13831860017675, 44.25433030044808, 0.0], [-73.13944919984225, 44.25233130008016, 0.0], [-73.14182179973174, 44.24779760020322, 0.0], [-73.14287100055543, 44.24812970036633, 0.0], [-73.14122129965713, 44.25121509973941, 0.0], [-73.14404819947293, 44.25199010020978, 0.0], [-73.14195750021034, 44.25597510035748, 0.0], [-73.13798889945862, 44.25519240026706, 0.0], [-73.13831860017675, 44.25433030044808, 0.0]]], [[[-73.18947129965066, 44.25882680023721, 0.0], [-73.19181640036035, 44.255391599645016, 0.0], [-73.19319220035814, 44.25526190015857, 0.0], [-73.1906817994102, 44.25934809987162, 0.0], [-73.19043880052583, 44.25957809999656, 0.0], [-73.19019610024041, 44.25967139978986, 0.0], [-73.18826459989243, 44.26000029974322, 0.0], [-73.18805939965259, 44.25906909965931, 0.0], [-73.18947129965066, 44.25882680023721, 0.0]]], [[[-73.19066320062227, 44.25961470009365, 0.0], [-73.19085230030151, 44.259410400430916, 0.0], [-73.19341709974779, 44.2552358999731, 0.0], [-73.19450809999634, 44.25508720006534, 0.0], [-73.19539709968383, 44.26003189978981, 0.0], [-73.18845860012034, 44.26088110042568, 0.0], [-73.18829450042446, 44.26013589959522, 0.0], [-73.18996699986015, 44.25986679977843, 0.0], [-73.1904382006183, 44.25974160033881, 0.0], [-73.19066320062227, 44.25961470009365, 0.0]]], [[[-73.16829580022956, 44.26287089990063, 0.0], [-73.16744270025626, 44.263097299917355, 0.0], [-73.16701270060081, 44.26242500037096, 0.0], [-73.16746700059622, 44.25792359981599, 0.0], [-73.16811760004852, 44.25762950040317, 0.0], [-73.16912249982782, 44.257423100013085, 0.0], [-73.17189250000081, 44.25771330020793, 0.0], [-73.17149449994169, 44.2612162996973, 0.0], [-73.1714627996811, 44.26145870038913, 0.0], [-73.17129270054882, 44.26294410011193, 0.0], [-73.16853009983015, 44.262853299555104, 0.0], [-73.16829580022956, 44.26287089990063, 0.0]]], [[[-73.14143430028, 44.26372839965071, 0.0], [-73.14018989980973, 44.26254999984844, 0.0], [-73.13982319983704, 44.260760599684055, 0.0], [-73.14277829959151, 44.26030429962883, 0.0], [-73.14284829959055, 44.26062200018006, 0.0], [-73.14277680002131, 44.260926299795834, 0.0], [-73.14228740026618, 44.26158790028351, 0.0], [-73.14195489972523, 44.26232069996249, 0.0], [-73.14187100055612, 44.26352900040247, 0.0], [-73.14143430028, 44.26372839965071, 0.0]]], [[[-73.1289483003798, 44.262246199695774, 0.0], [-73.12786599937947, 44.26128120012021, 0.0], [-73.12631160024011, 44.2597572997083, 0.0], [-73.12789929989265, 44.25961670031198, 0.0], [-73.13102059973683, 44.259046300398445, 0.0], [-73.13183230049471, 44.258982199754755, 0.0], [-73.13191059958517, 44.25954419963026, 0.0], [-73.13360299994314, 44.26429629973105, 0.0], [-73.13313519951718, 44.26510110041944, 0.0], [-73.13284040042304, 44.26478839989091, 0.0], [-73.13183349954926, 44.26429990015959, 0.0], [-73.1289483003798, 44.262246199695774, 0.0]]], [[[-73.13903621246747, 44.264574375850934, 0.0], [-73.13714340060876, 44.264882900077055, 0.0], [-73.13656784410534, 44.263061037067445, 0.0], [-73.13650070029544, 44.26284850024569, 0.0], [-73.1375523651688, 44.26264118116109, 0.0], [-73.13986440033945, 44.26218540032174, 0.0], [-73.13992780029291, 44.262476500123284, 0.0], [-73.14008790047787, 44.26272770012573, 0.0], [-73.14137119945602, 44.26392359960628, 0.0], [-73.14030050059672, 44.2643682996809, 0.0], [-73.14012044167121, 44.26439764920447, 0.0], [-73.13903621246747, 44.264574375850934, 0.0]]], [[[-73.1656210996695, 44.26384499990765, 0.0], [-73.16760229978121, 44.26319659981734, 0.0], [-73.16833940001298, 44.26300539969872, 0.0], [-73.17127709999602, 44.26308069983448, 0.0], [-73.17120299971431, 44.2637278004443, 0.0], [-73.1691764997562, 44.263663499591296, 0.0], [-73.16880969937222, 44.26372759970095, 0.0], [-73.16601060050075, 44.264590999702186, 0.0], [-73.1656210996695, 44.26384499990765, 0.0]]], [[[-73.15899329993726, 44.26720740006419, 0.0], [-73.15880379953096, 44.26591340035405, 0.0], [-73.16184339941198, 44.265005700074596, 0.0], [-73.1620924995846, 44.266717100102376, 0.0], [-73.15899329993726, 44.26720740006419, 0.0]]], [[[-73.15634119980179, 44.268613300111774, 0.0], [-73.15565640049999, 44.268729599699135, 0.0], [-73.15561860048734, 44.26739570018561, 0.0], [-73.15544329998055, 44.26599419996951, 0.0], [-73.15855879964131, 44.265931499623356, 0.0], [-73.15874479955721, 44.26724550036399, 0.0], [-73.15707049947162, 44.26752000028931, 0.0], [-73.1571255006128, 44.2676710999977, 0.0], [-73.15876259973608, 44.26741540018878, 0.0], [-73.15901619974791, 44.269301800089764, 0.0], [-73.15663120037638, 44.26948240000401, 0.0], [-73.15634119980179, 44.268613300111774, 0.0]]], [[[-73.1589829001061, 44.267380200276634, 0.0], [-73.16211529961963, 44.266873999935356, 0.0], [-73.16243100035565, 44.26904329990153, 0.0], [-73.15922010002996, 44.26928640028357, 0.0], [-73.1589829001061, 44.267380200276634, 0.0]]], [[[-73.12444890014956, 44.186385500221505, 0.0], [-73.12177460012464, 44.186655100095464, 0.0], [-73.121904900009, 44.18819090019868, 0.0], [-73.12239230019556, 44.18941609991025, 0.0], [-73.12104030018187, 44.18961240041009, 0.0], [-73.12073179953273, 44.1889535003891, 0.0], [-73.12038519978837, 44.1876938998272, 0.0], [-73.12043049967741, 44.18649250023243, 0.0], [-73.12073169977805, 44.184895200352514, 0.0], [-73.12063469969567, 44.18334930009289, 0.0], [-73.12034530021072, 44.181973900326476, 0.0], [-73.12113999995066, 44.182690399746434, 0.0], [-73.12342899954709, 44.18408339971436, 0.0], [-73.12406179959548, 44.18455780001974, 0.0], [-73.12420949971573, 44.18473200016622, 0.0], [-73.12435170058112, 44.1850770001058, 0.0], [-73.12444890014956, 44.186385500221505, 0.0]]], [[[-73.12054840007471, 44.188991400044614, 0.0], [-73.12085259986472, 44.18963970043115, 0.0], [-73.11971800051006, 44.18980449992527, 0.0], [-73.11909009981157, 44.187954899881696, 0.0], [-73.1202123001763, 44.18781179980407, 0.0], [-73.12054840007471, 44.188991400044614, 0.0]]], [[[-73.13293179946568, 44.18593630032055, 0.0], [-73.13279089976221, 44.18748150039642, 0.0], [-73.13302950010974, 44.188556999703316, 0.0], [-73.13322944879909, 44.18905175182304, 0.0], [-73.13323306750539, 44.18931508099775, 0.0], [-73.13323850017272, 44.18997269987205, 0.0], [-73.1329042998582, 44.19168609961811, 0.0], [-73.13293031586008, 44.1919482966021, 0.0], [-73.13313039944993, 44.192902800169044, 0.0], [-73.1333535997704, 44.19334560044594, 0.0], [-73.13350139976659, 44.193452799618804, 0.0], [-73.13365390034437, 44.19386740040322, 0.0], [-73.13530796233306, 44.19897739780387, 0.0], [-73.13578319554806, 44.20030699634325, 0.0], [-73.1354031997559, 44.20070560020205, 0.0], [-73.13506030002861, 44.20095579974543, 0.0], [-73.13452379975416, 44.20000829998776, 0.0], [-73.13436820029469, 44.19964580044042, 0.0], [-73.13422302696166, 44.19924137973892, 0.0], [-73.13391550019747, 44.19838459965921, 0.0], [-73.1336413997287, 44.19783559997805, 0.0], [-73.13282589953258, 44.1972049001464, 0.0], [-73.13244640007426, 44.19707570042166, 0.0], [-73.13045050054302, 44.19726350004467, 0.0], [-73.12780640039985, 44.19760800010172, 0.0], [-73.12547449997689, 44.19781929990687, 0.0], [-73.12538199954069, 44.19648500002409, 0.0], [-73.12521579995835, 44.19552859971514, 0.0], [-73.12496600012942, 44.194874100198454, 0.0], [-73.12473779977881, 44.194526899896374, 0.0], [-73.12460899985838, 44.19411609960949, 0.0], [-73.12493120045819, 44.19149249973376, 0.0], [-73.12489250029708, 44.191158100078894, 0.0], [-73.12450770043472, 44.19004249963806, 0.0], [-73.12442419985098, 44.18949550024305, 0.0], [-73.12463999991515, 44.186390000310745, 0.0], [-73.1245651999637, 44.185219700405824, 0.0], [-73.12447929987817, 44.18484840030801, 0.0], [-73.12403679967652, 44.18430640042295, 0.0], [-73.12127260049866, 44.18259160018345, 0.0], [-73.12036320041875, 44.18175679956153, 0.0], [-73.12385860007042, 44.18125359976257, 0.0], [-73.12413639979012, 44.18121360044555, 0.0], [-73.12435527596928, 44.18118208904514, 0.0], [-73.13012109982856, 44.18035200036928, 0.0], [-73.13079919989163, 44.18094650042226, 0.0], [-73.13136079977414, 44.18145149973348, 0.0], [-73.13194509946538, 44.18215149988158, 0.0], [-73.1328223005564, 44.18351429965574, 0.0], [-73.13297289958442, 44.18443879967734, 0.0], [-73.13293179946568, 44.18593630032055, 0.0]]], [[[-73.1208311996082, 44.20737479998825, 0.0], [-73.1197897999676, 44.20788549981853, 0.0], [-73.11884120062298, 44.20813549980555, 0.0], [-73.11738170047616, 44.208312700164036, 0.0], [-73.11627719996281, 44.20857810022223, 0.0], [-73.11455320050148, 44.20885559980245, 0.0], [-73.11438099983543, 44.20805740004098, 0.0], [-73.11281980011199, 44.20434910032705, 0.0], [-73.11057759953498, 44.20112219994684, 0.0], [-73.11040309989976, 44.200780500061306, 0.0], [-73.11030199939842, 44.20041679991997, 0.0], [-73.11022349964462, 44.19939260044686, 0.0], [-73.11441759989339, 44.19897360000257, 0.0], [-73.11467619954341, 44.199409000126444, 0.0], [-73.11461300042498, 44.19986859968262, 0.0], [-73.11482340044041, 44.20077449983625, 0.0], [-73.11565969969926, 44.20179800007128, 0.0], [-73.11601780050478, 44.2021708999571, 0.0], [-73.1162157004934, 44.20228859973427, 0.0], [-73.12482639956029, 44.20129579999701, 0.0], [-73.12437599948531, 44.197998200069854, 0.0], [-73.12529329984486, 44.19791569985481, 0.0], [-73.12597609939468, 44.20456160015137, 0.0], [-73.12407730061815, 44.20504519996566, 0.0], [-73.1236641003771, 44.205224800330086, 0.0], [-73.12289769994521, 44.205719899852085, 0.0], [-73.12141149984453, 44.20696300033657, 0.0], [-73.1208311996082, 44.20737479998825, 0.0]], [[-73.1233200003334, 44.20247000030071, 0.0], [-73.12360999978917, 44.20234999963715, 0.0], [-73.12349999981609, 44.20213999981186, 0.0], [-73.12361999973761, 44.20209999994005, 0.0], [-73.12381000014396, 44.2018299997554, 0.0], [-73.12380000015696, 44.20173999959789, 0.0], [-73.12362999958593, 44.2016000002038, 0.0], [-73.12305000025694, 44.20158000021055, 0.0], [-73.122839999482, 44.201739999858255, 0.0], [-73.12292999998083, 44.20206999971167, 0.0], [-73.12315999952423, 44.20219999976614, 0.0], [-73.12302999971422, 44.202300000199045, 0.0], [-73.12320999961811, 44.20243999991738, 0.0], [-73.1233200003334, 44.20247000030071, 0.0]], [[-73.12214000024613, 44.20308999977057, 0.0], [-73.12247000035984, 44.2030900002491, 0.0], [-73.12260999970515, 44.20295999971721, 0.0], [-73.1225199994508, 44.20273999997987, 0.0], [-73.12260999982874, 44.20264000035059, 0.0], [-73.12297000056752, 44.2024900002134, 0.0], [-73.12292999951319, 44.202449999615006, 0.0], [-73.12215000005682, 44.20250000039187, 0.0], [-73.12193000031282, 44.20269999973385, 0.0], [-73.12207000036621, 44.20286999965547, 0.0], [-73.12198999954265, 44.2029300001774, 0.0], [-73.12202999995833, 44.20303999958616, 0.0], [-73.12214000024613, 44.20308999977057, 0.0]]], [[[-73.12575910061364, 44.20674450015984, 0.0], [-73.12558450036761, 44.20621440000221, 0.0], [-73.12538759951879, 44.20522530029268, 0.0], [-73.12518690019971, 44.20525240044441, 0.0], [-73.12497250047171, 44.20538799958396, 0.0], [-73.12477670056315, 44.20540060038554, 0.0], [-73.12431719994457, 44.20560699969646, 0.0], [-73.12384099951137, 44.20572319965284, 0.0], [-73.12352070011866, 44.20548090013759, 0.0], [-73.12415060005178, 44.20517220016121, 0.0], [-73.12597949966529, 44.20472129990096, 0.0], [-73.12620929988525, 44.20628820025479, 0.0], [-73.12633940028101, 44.20659409972205, 0.0], [-73.1267582996736, 44.20706380041706, 0.0], [-73.1261739997128, 44.207192899664975, 0.0], [-73.12589350060072, 44.20696030027718, 0.0], [-73.12575910061364, 44.20674450015984, 0.0]]], [[[-73.1012631997355, 44.22595019993092, 0.0], [-73.10003450014922, 44.23550759999825, 0.0], [-73.09880639961101, 44.23543299979748, 0.0], [-73.09988080051771, 44.227781900181725, 0.0], [-73.10023040039952, 44.2259271000103, 0.0], [-73.1012631997355, 44.22595019993092, 0.0]]], [[[-73.09764090034008, 44.24371350016951, 0.0], [-73.0976133994724, 44.245460700206344, 0.0], [-73.09760979976406, 44.24559040027973, 0.0], [-73.09752149943976, 44.24559100439184, 0.0], [-73.09402789980707, 44.24561500045091, 0.0], [-73.09399960037508, 44.24424480012544, 0.0], [-73.09427589940395, 44.24110819978589, 0.0], [-73.09509060002165, 44.23523089988008, 0.0], [-73.09742809995511, 44.235286999560834, 0.0], [-73.09878530038223, 44.225894900156646, 0.0], [-73.10003910000846, 44.225922900404534, 0.0], [-73.09969109944433, 44.227766799970745, 0.0], [-73.09797766650699, 44.24024660603958, 0.0], [-73.09793039959871, 44.24058869968242, 0.0], [-73.0977649000524, 44.241848599715375, 0.0], [-73.09764090034008, 44.24371350016951, 0.0]]], [[[-73.12199910003443, 44.24418699997132, 0.0], [-73.1222975000204, 44.24540690000606, 0.0], [-73.12284389974904, 44.24667930021342, 0.0], [-73.12294059965072, 44.24676170001678, 0.0], [-73.12186950054014, 44.24703300032851, 0.0], [-73.12120909999179, 44.24580980021634, 0.0], [-73.12091309942262, 44.24502590000945, 0.0], [-73.12081040058374, 44.24448839978586, 0.0], [-73.12075940030353, 44.243918900385474, 0.0], [-73.12082369963557, 44.24147300031191, 0.0], [-73.12073350014451, 44.239550699804205, 0.0], [-73.12192430051682, 44.239432800318866, 0.0], [-73.12220629954754, 44.24053729960541, 0.0], [-73.12221169959464, 44.240938599864826, 0.0], [-73.1220085997428, 44.24231029972242, 0.0], [-73.12184530011368, 44.242882699780466, 0.0], [-73.12191919988722, 44.24351130021478, 0.0], [-73.12199910003443, 44.24418699997132, 0.0]]], [[[-73.1210279006097, 44.24585290016037, 0.0], [-73.12194880010232, 44.247603500422066, 0.0], [-73.12226210013895, 44.24843479991929, 0.0], [-73.12227950008071, 44.24855260012215, 0.0], [-73.1208624998959, 44.24879399993439, 0.0], [-73.12176220049682, 44.25200209993961, 0.0], [-73.1233097002865, 44.251717800320264, 0.0], [-73.12369719990541, 44.25298180025765, 0.0], [-73.11830929970523, 44.2538217998814, 0.0], [-73.11803730000204, 44.25258870042945, 0.0], [-73.11830379960148, 44.25255439990681, 0.0], [-73.11742409970705, 44.24932820026386, 0.0], [-73.11611579999132, 44.24641600002122, 0.0], [-73.11579630019752, 44.24553959972514, 0.0], [-73.11557250024438, 44.24459389972959, 0.0], [-73.1155343005138, 44.243635999794876, 0.0], [-73.11574070011314, 44.24137479980603, 0.0], [-73.1157402902398, 44.24135950859572, 0.0], [-73.11573060001109, 44.24100610039651, 0.0], [-73.11572429939415, 44.24055059956196, 0.0], [-73.11560230056355, 44.24006700017456, 0.0], [-73.1156742999263, 44.239809700088614, 0.0], [-73.11701110354467, 44.23968148899206, 0.0], [-73.11701549794739, 44.2396693001756, 0.0], [-73.11650169975907, 44.2361700995809, 0.0], [-73.11997270015324, 44.23586709998725, 0.0], [-73.12039539989503, 44.23842220001628, 0.0], [-73.12060309949922, 44.240455299745456, 0.0], [-73.1206295996225, 44.24207779991164, 0.0], [-73.12056860030194, 44.24392129965127, 0.0], [-73.12068570061038, 44.24487940003139, 0.0], [-73.1210279006097, 44.24585290016037, 0.0]]], [[[-73.12522360034123, 44.25093980035514, 0.0], [-73.12568653134451, 44.25126317519453, 0.0], [-73.12569529600475, 44.251269295662674, 0.0], [-73.12385639963925, 44.2527846998164, 0.0], [-73.12384230480328, 44.25275349702952, 0.0], [-73.12348480032725, 44.251652399736535, 0.0], [-73.12522360034123, 44.25093980035514, 0.0]]], [[[-73.12397663017707, 44.252897988907506, 0.0], [-73.12564300019613, 44.25151889958178, 0.0], [-73.12583230053939, 44.25136499980177, 0.0], [-73.12661719990265, 44.25191340004799, 0.0], [-73.12397663017707, 44.252897988907506, 0.0]]], [[[-73.12426169970367, 44.257530499871955, 0.0], [-73.12422059975543, 44.25785580027795, 0.0], [-73.12411020060189, 44.25805450009972, 0.0], [-73.12353649942663, 44.25865179957711, 0.0], [-73.12293539950913, 44.2582741001926, 0.0], [-73.12353140055566, 44.25764429975814, 0.0], [-73.12426169970367, 44.257530499871955, 0.0]]], [[[-73.12632730032453, 44.259618100025854, 0.0], [-73.12619470068309, 44.259628406391855, 0.0], [-73.12438400011011, 44.25793920035383, 0.0], [-73.12445380054517, 44.25769939958608, 0.0], [-73.12445289969212, 44.25758920004764, 0.0], [-73.12445200040005, 44.25750079983688, 0.0], [-73.12780509958795, 44.256978000085944, 0.0], [-73.12778309939196, 44.257234500378985, 0.0], [-73.13165490002902, 44.256714999625736, 0.0], [-73.13180833248347, 44.258810375715456, 0.0], [-73.13181309952256, 44.2588445999141, 0.0], [-73.13097799969381, 44.258912499796665, 0.0], [-73.1278653999087, 44.25948159976458, 0.0], [-73.12635723048162, 44.25961645994545, 0.0], [-73.12632730032453, 44.259618100025854, 0.0]]], [[[-73.11871070016252, 44.25501560011251, 0.0], [-73.11900989957157, 44.255593800211756, 0.0], [-73.12280080010048, 44.2593273004093, 0.0], [-73.12003870003977, 44.261879999581666, 0.0], [-73.1174155003878, 44.26066350030631, 0.0], [-73.11609269967802, 44.25537550042091, 0.0], [-73.11871070016252, 44.25501560011251, 0.0]]], [[[-73.08753679949783, 44.25917719985645, 0.0], [-73.08618600026034, 44.25898460035939, 0.0], [-73.0856172994977, 44.258981599918755, 0.0], [-73.08516790008872, 44.25906199967964, 0.0], [-73.08506260026104, 44.25855160008563, 0.0], [-73.08589189991426, 44.258397699857674, 0.0], [-73.08693149997114, 44.25853159994018, 0.0], [-73.08799470015707, 44.258527899690726, 0.0], [-73.08861980004659, 44.258574399762395, 0.0], [-73.08997389965994, 44.25885800001267, 0.0], [-73.09114369955815, 44.258947600442404, 0.0], [-73.09153059970154, 44.25885459960861, 0.0], [-73.09165529955051, 44.258766900444094, 0.0], [-73.09228649953982, 44.25810110033711, 0.0], [-73.09243689998878, 44.258034899891165, 0.0], [-73.09326619958496, 44.25860520039935, 0.0], [-73.09249220045751, 44.25955649964331, 0.0], [-73.09216830051805, 44.25966970031011, 0.0], [-73.09152559950707, 44.259639499671295, 0.0], [-73.08975269988055, 44.25930190042343, 0.0], [-73.08753679949783, 44.25917719985645, 0.0]]], [[[-73.0907792000894, 44.26072909993925, 0.0], [-73.08916859962244, 44.260476099961174, 0.0], [-73.08705599955947, 44.26034580027195, 0.0], [-73.08554620028238, 44.26011020012139, 0.0], [-73.08537430036306, 44.260064400053416, 0.0], [-73.08519630012704, 44.25919979965804, 0.0], [-73.08563589993378, 44.25911849964823, 0.0], [-73.08616819938045, 44.25912139969935, 0.0], [-73.08751419943802, 44.25931340039815, 0.0], [-73.08972169971798, 44.25943750037925, 0.0], [-73.0914940001404, 44.259774899806295, 0.0], [-73.09217870025765, 44.25980699965756, 0.0], [-73.09251690023905, 44.25973350033857, 0.0], [-73.09264640010737, 44.259639399743705, 0.0], [-73.09340830060741, 44.25869680033664, 0.0], [-73.09423060033423, 44.2592157997295, 0.0], [-73.09420709989246, 44.259335299930456, 0.0], [-73.09342750030687, 44.26022289969269, 0.0], [-73.09308859953255, 44.260496300038284, 0.0], [-73.0925275996963, 44.26075330021879, 0.0], [-73.09215079972972, 44.260831800157014, 0.0], [-73.0907792000894, 44.26072909993925, 0.0]]], [[[-73.13314620018113, 44.26629709975489, 0.0], [-73.13092689966662, 44.264971200448684, 0.0], [-73.12904940010408, 44.26621759972816, 0.0], [-73.12651229992699, 44.264178500368885, 0.0], [-73.12805499984545, 44.26314400028118, 0.0], [-73.12498850009594, 44.26032410037794, 0.0], [-73.1227493005258, 44.25960680017507, 0.0], [-73.1239091002709, 44.25853260019199, 0.0], [-73.12430649981984, 44.25807529966029, 0.0], [-73.12771419978777, 44.26136429979053, 0.0], [-73.12880969977103, 44.2623407001811, 0.0], [-73.13171399975138, 44.26440719969296, 0.0], [-73.13253379943801, 44.26477470032173, 0.0], [-73.13280739971037, 44.26497159989394, 0.0], [-73.13299850033276, 44.26523809964271, 0.0], [-73.13314620018113, 44.26629709975489, 0.0]]]]}, "properties": {"OBJECT_ID": 75, "County": "Addison", "RPC": "ACRPC", "Municipal_Name": "Monkton", "GEO_ID": "5000145550", "District_Name": "Medium Density Rural Agricultural District", "Abbreviated_District_Name": "Ra2md", "District_Type": "Mixed with Residential", "Bylaw_Date": "2023-03-07", "Elderly_Housing_District": "No", "District_Mapped": "Yes", "Overlay_District": "No", "Base_Density": 0, "GIS_ID": null, "Last_Update": "20230307", "Shape_Length": 66557.10620377945, "Shape_Area": 6351884.375787685, "F1F_Allowance": "Permitted", "F1F_Front_Setback": 50, "F1F_Side_Setback": 50, "F1F_Rear_Setback": 50, "F1F_Frontage": 200, "F1F_Max_Height": "35", "F1F_Max_Stories": "3", "F1F_Min_Lot_Size": 2, "F1F_Max_Lot_Building_Coverage": "", "F1F_Max_Lot_Impervious_Coverage": 0, "F1F_Min_Parking_Spaces": 0, "F1F_Elderly_Housing_Only": null, "F1F_Affordable_Housing_Only": null, "F2F_Allowance": "Permitted", "F2F_Front_Setback": "50", "F2F_Side_Setback": "50", "F2F_Rear_Setback": "50", "F2F_Frontage": "200", "F2F_Max_Density": 0.5, "F2F_Max_Height": "35", "F2F_Max_Stories": "3", "F2F_Min_Lot_Size": "2", "F2F_Max_Lot_Building_Coverage": "", "F2F_Max_Lot_Impervious_Coverage": "", "F2F_Min_Parking_Spaces_per_1BR": "", "F2F_Min_Parking_Spaces_per_mult_BR": "", "F2F_Elderly_Housing_Only": "No", "F2F_Affordable_Housing_Only": "No", "F3F_Allowance": "Public Hearing", "F3F_Front_Setback": "\b", "F3F_Side_Setback": 50.0, "F3F_Rear_Setback": "\b", "F3F_Frontage": "\b", "F3F_Max_Density": "\b", "F3F_Max_Height": "35", "F3F_Max_Stories": "3", "F3F_Min_Lot_Size": "\b", "F3F_Max_Lot_Building_Coverage": "", "F3F_Max_Lot_Impervious_Coverage": "", "F3F_Min_Parking_Spaces_per_1BR": "", "F3F_Min_Parking_Spaces_per_mult_BR": "", "F3F_Affordable_Housing_Only": "No", "F3F_Proximity_to_Public_Transit_Required": "No", "F3F_Connection_to_Sewage/Water_Required": "No", "F4F_Allowance": "Public Hearing", "F4F_Front_Setback": "\b", "F4F_Side_Setback": "\b", "F4F_Rear_Setback": "\b", "F4F_Frontage": "\b", "F1F_Max_Density": null, "F4F_Max_Density": "\b", "F4F_Max_Height": 35.0, "F4F_Max_Stories": "\b", "F4F_Min_Lot_Size": "\b", "F4F_Max_Lot_Building_Coverage": "", "F4F_Max_Lot_Impervious_Coverage": "", "F4F_Min_Parking_Spaces_per_1BR": "", "F4F_Min_Parking_Spaces_per_mult_BR": "", "F3F_Elderly_Housing_Only": "No", "F4F_Elderly_Housing_Only": "No", "F4F_Affordable_Housing_Only": "No", "F4F_Proximity_to_Public_Transit_Required": "No", "F4F_Connection_to_Sewage/Water_Required": "No", "ADU_Allowance": "Allowed/Conditional", "ADU_Elderly_Housing_Only": "No", "ADU_Max_Size_as_Percent_of_Primary_Strcture": 30, "ADU_Max_Size_in_sq_ft": 900, "ADU_Min_Lot_Size": "2", "ADU_Max_Bedrooms": "1", "ADU_Min_Parking_Spaces": "", "ADU_Owner_Occupancy_Required": "Yes", "ADU_Renter_Occupancy_Prohibited": "No", "ADU_Employee_or_Family_Occupancy_Required": "No", "ADU_Restricted_to_Primary_Structure": "\bNo", "Affordable_Housing_Allowance": "Not Mentioned", "Affordable_Housing_District": "No", "Affordable_Housing_Elderly_Only": "No", "Affordable_Housing_Min_Lot_Size": "", "Affordable_Housing_Max_Density": "", "Affordable_Housing_Min_Parking_Spaces_per_mult_BR": "", "Affordable_Housing_Max_Units_per_Building": "", "Affordable_Housing_Min_Parking_Spaces_per_1BR": "", "PRD_Allowance": "Allowed/Conditional", "PRD_Max_Density": "", "PRD_Max_Units": "", "PRD_Min_Lot_Size": "", "PRD_Mobile_or_Manufactured_Home_Park": "Yes", "PUD_Allowance": "Yes", "PUD_Required_with_Subdivision": "Yes", "PUD_Requires_Land_Conservation": "\bYes", "PUD_Threshold_Number": "5", "Notes": " Maximum Building Height Is 3 Stories Or 35 Feet, Whichever Is Less. Maximum Accessory Building Height 25ft. Minimum Lot Depth 150ft. Puds With Affordable/Elderly Housing Units Are Eligible For A 50% Density Bonus (Up to 10 Units); Puds With Environmentally Efficient Units Are Eligible For A 25% Density Bonus. ", "FIPS6": 1060}}, {"type": "Feature", "id": 6, "geometry": {"type": "MultiPolygon", "coordinates": [[[[-73.14171849965938, 44.242632799628446, 0.0], [-73.14120099939385, 44.24283289823688, 0.0], [-73.1409052117529, 44.24294726485378, 0.0], [-73.14119960860599, 44.24283106557808, 0.0], [-73.14239200057519, 44.24236989994423, 0.0], [-73.14171849965938, 44.242632799628446, 0.0]]], [[[-73.13977620133879, 44.243392890748936, 0.0], [-73.13977749958141, 44.24338329955814, 0.0], [-73.1409052117529, 44.24294726485378, 0.0], [-73.13977620133879, 44.243392890748936, 0.0]]], [[[-73.14066139764336, 44.24946900574951, 0.0], [-73.13924080019295, 44.252141299578135, 0.0], [-73.13860190008046, 44.251961500043215, 0.0], [-73.13873169965306, 44.25118920013575, 0.0], [-73.13857449946765, 44.25110439985561, 0.0], [-73.13877209687429, 44.25034819943274, 0.0], [-73.13893059973326, 44.24974159987381, 0.0], [-73.13810929938934, 44.24955099991559, 0.0], [-73.13818359993554, 44.248962700290754, 0.0], [-73.13826399967381, 44.248804099910174, 0.0], [-73.13912519974129, 44.24904299989019, 0.0], [-73.13939118024818, 44.24911675891898, 0.0], [-73.14066139764336, 44.24946900574951, 0.0]]], [[[-73.13660160040104, 44.24665319999848, 0.0], [-73.13646000036718, 44.24648999961134, 0.0], [-73.13613999980983, 44.24642000039605, 0.0], [-73.13604000006634, 44.2463399997959, 0.0], [-73.13462999967341, 44.246220000366506, 0.0], [-73.13403000060121, 44.246290000204105, 0.0], [-73.13340400022979, 44.246505100369575, 0.0], [-73.13286499968629, 44.246542093667074, 0.0], [-73.13271999974589, 44.246549999569694, 0.0], [-73.13258999971347, 44.246620000220716, 0.0], [-73.13238000049776, 44.24677000028504, 0.0], [-73.13235999949339, 44.24686000036752, 0.0], [-73.13216999964256, 44.24692999967495, 0.0], [-73.13152729946758, 44.24745269967316, 0.0], [-73.13123999988541, 44.24779999970986, 0.0], [-73.13095000038412, 44.248469999886325, 0.0], [-73.1304399994505, 44.249060000155325, 0.0], [-73.12995000025694, 44.24947999995693, 0.0], [-73.12975409955665, 44.24977589987581, 0.0], [-73.12889020054213, 44.25061080003586, 0.0], [-73.12824189948559, 44.250922000117214, 0.0], [-73.12813000018468, 44.250929999834355, 0.0], [-73.12812057967923, 44.25093156990487, 0.0], [-73.12791000023104, 44.25101000007451, 0.0], [-73.12795959967964, 44.25116690026559, 0.0], [-73.12778910460553, 44.25134760428448, 0.0], [-73.12769357916589, 44.251478684204265, 0.0], [-73.12761999999556, 44.251540000168035, 0.0], [-73.1275199996935, 44.251809999619574, 0.0], [-73.12737360034471, 44.2521011999878, 0.0], [-73.1273923995813, 44.25236050027673, 0.0], [-73.12760409987561, 44.25272920012976, 0.0], [-73.12791080018393, 44.25300170035631, 0.0], [-73.12881660004449, 44.25340139981571, 0.0], [-73.12953050030163, 44.253513499620816, 0.0], [-73.12979679982733, 44.253480400066664, 0.0], [-73.12989050750068, 44.2534990601878, 0.0], [-73.13019119485907, 44.25367358122118, 0.0], [-73.13039989958268, 44.25386129975509, 0.0], [-73.13104689940846, 44.254214499787864, 0.0], [-73.13186160048471, 44.254338099551106, 0.0], [-73.13236079971361, 44.25450270039139, 0.0], [-73.13260259937638, 44.254540400062105, 0.0], [-73.13298999997608, 44.25439999975779, 0.0], [-73.13300040056475, 44.254357499901865, 0.0], [-73.13335350029716, 44.25408410018179, 0.0], [-73.13388090019133, 44.25381489996734, 0.0], [-73.13483220027433, 44.253713100387344, 0.0], [-73.1350703003319, 44.25362000039162, 0.0], [-73.13538999957778, 44.253550000359375, 0.0], [-73.13545000000505, 44.253350000299925, 0.0], [-73.1357000003696, 44.25296999965972, 0.0], [-73.13599999948835, 44.252829999877285, 0.0], [-73.13675940056505, 44.25228059995228, 0.0], [-73.13725999994985, 44.25194999990159, 0.0], [-73.1377700005439, 44.25127999980646, 0.0], [-73.13790999940464, 44.25066999963789, 0.0], [-73.13807190044906, 44.250366499865684, 0.0], [-73.1380480994064, 44.250120999822606, 0.0], [-73.13866460014766, 44.25026399969567, 0.0], [-73.13845000351141, 44.251151392615824, 0.0], [-73.1385956997196, 44.251229999805396, 0.0], [-73.1384631002936, 44.25201890006586, 0.0], [-73.13918670073625, 44.252237196565396, 0.0], [-73.13799060011692, 44.25426659979861, 0.0], [-73.1373898999121, 44.25611590022275, 0.0], [-73.13602830027911, 44.25943329970283, 0.0], [-73.13543074529258, 44.25935057906588, 0.0], [-73.13534118423172, 44.25933634275347, 0.0], [-73.13470929382892, 44.25926578084923, 0.0], [-73.13400860875868, 44.25915430078781, 0.0], [-73.13316109938303, 44.258964906338996, 0.0], [-73.13314370020288, 44.25896130025857, 0.0], [-73.13180833248347, 44.258810375715456, 0.0], [-73.13106169994889, 44.258845400155884, 0.0], [-73.1285179998434, 44.259357599772656, 0.0], [-73.12635723048162, 44.25961645994545, 0.0], [-73.12632730032453, 44.259618100025854, 0.0], [-73.12619470068309, 44.259628406391855, 0.0], [-73.1249603004605, 44.258441000172866, 0.0], [-73.12443840053308, 44.25786070004877, 0.0], [-73.12445380054517, 44.25769939958608, 0.0], [-73.12445289969212, 44.25758920004764, 0.0], [-73.12445089992524, 44.25740119956162, 0.0], [-73.12438910036394, 44.25645399955347, 0.0], [-73.12475530005823, 44.25643670031814, 0.0], [-73.12797940019477, 44.256284099787244, 0.0], [-73.12804839303611, 44.254987400140266, 0.0], [-73.12808589976365, 44.25388870002214, 0.0], [-73.12736058558802, 44.253988859617934, 0.0], [-73.12720459965952, 44.25401039957038, 0.0], [-73.125735100441, 44.25417440028363, 0.0], [-73.12573740042467, 44.25429469990383, 0.0], [-73.12724440026042, 44.25415139982104, 0.0], [-73.12740830138442, 44.254128307071966, 0.0], [-73.12786780028974, 44.25406350004132, 0.0], [-73.12783975549515, 44.25487086909984, 0.0], [-73.12781070050448, 44.255707400281636, 0.0], [-73.12433539941725, 44.25579600005877, 0.0], [-73.12401516114844, 44.253881104605206, 0.0], [-73.12387982397797, 44.253269483792344, 0.0], [-73.12387889953833, 44.25313549957879, 0.0], [-73.12397663017707, 44.252897988907506, 0.0], [-73.12564300019613, 44.25151889958178, 0.0], [-73.12588170010461, 44.25132479965036, 0.0], [-73.12931359529944, 44.24851559487262, 0.0], [-73.13052280000646, 44.247529199664775, 0.0], [-73.13184749969206, 44.246563700102634, 0.0], [-73.13614386442086, 44.244826589136245, 0.0], [-73.13977620133879, 44.243392890748936, 0.0], [-73.13949591046496, 44.24546170117494, 0.0], [-73.13947359999209, 44.245626399615496, 0.0], [-73.13660160040104, 44.24665319999848, 0.0]], [[-73.13595349947072, 44.25314500032681, 0.0], [-73.13568880026948, 44.253495200323655, 0.0], [-73.135762600375, 44.253519099904565, 0.0], [-73.13609739984368, 44.25316639984607, 0.0], [-73.13663810016921, 44.252748000246214, 0.0], [-73.13699939953844, 44.25260400044905, 0.0], [-73.13725830030835, 44.252634998947755, 0.0], [-73.13780360038666, 44.25267779973825, 0.0], [-73.13781070013141, 44.25259520028149, 0.0], [-73.13752190002138, 44.25256509979254, 0.0], [-73.13729740044184, 44.2525438997663, 0.0], [-73.13707249939466, 44.252524700396954, 0.0], [-73.1373335995636, 44.25228020026995, 0.0], [-73.13728570035077, 44.252243599757215, 0.0], [-73.13694660056547, 44.25254639994802, 0.0], [-73.13657920050916, 44.25269279962912, 0.0], [-73.13595349947072, 44.25314500032681, 0.0]], [[-73.13382000025143, 44.255549999613464, 0.0], [-73.13382999944469, 44.25568000041276, 0.0], [-73.1340399998806, 44.255699999845255, 0.0], [-73.13404000050667, 44.25561999961475, 0.0], [-73.13417999974196, 44.25556000009403, 0.0], [-73.13419000015845, 44.255489999834595, 0.0], [-73.13387000044882, 44.25506000008058, 0.0], [-73.13365999988892, 44.25508000000103, 0.0], [-73.13344000037917, 44.254950000203806, 0.0], [-73.13324000014892, 44.25524000037701, 0.0], [-73.13340000054129, 44.255370000267234, 0.0], [-73.13382000025143, 44.255549999613464, 0.0]], [[-73.13412000028684, 44.25599000038787, 0.0], [-73.13407925979054, 44.25600357956132, 0.0], [-73.13405999942194, 44.25600999983958, 0.0], [-73.13410999987856, 44.25656000042261, 0.0], [-73.13436999953296, 44.25669999964351, 0.0], [-73.13468450008924, 44.256466500333815, 0.0], [-73.13480999944817, 44.25633000032369, 0.0], [-73.13479000056151, 44.25627999961537, 0.0], [-73.13455000046034, 44.256100000381416, 0.0], [-73.13436999945428, 44.25585999960172, 0.0], [-73.13421999942342, 44.255860000036755, 0.0], [-73.13421999971298, 44.25603000017155, 0.0], [-73.13412000028684, 44.25599000038787, 0.0]]]]}, "properties": {"OBJECT_ID": 76, "County": "Addison", "RPC": "ACRPC", "Municipal_Name": "Monkton", "GEO_ID": "5000145550", "District_Name": "Monkton Pond Overlay District", "Abbreviated_District_Name": "Pond", "District_Type": "Overlay not Affecting Use", "Bylaw_Date": "2023-03-07", "Elderly_Housing_District": "No", "District_Mapped": "Yes", "Overlay_District": "Yes", "Base_Density": 0, "GIS_ID": null, "Last_Update": "20230307", "Shape_Length": 11088.457232495732, "Shape_Area": 903780.3457138524, "F1F_Allowance": "Public Hearing", "F1F_Front_Setback": 0, "F1F_Side_Setback": 0, "F1F_Rear_Setback": 0, "F1F_Frontage": 0, "F1F_Max_Height": "", "F1F_Max_Stories": "", "F1F_Min_Lot_Size": 0, "F1F_Max_Lot_Building_Coverage": "", "F1F_Max_Lot_Impervious_Coverage": 0, "F1F_Min_Parking_Spaces": 0, "F1F_Elderly_Housing_Only": null, "F1F_Affordable_Housing_Only": null, "F2F_Allowance": "Public Hearing", "F2F_Front_Setback": "", "F2F_Side_Setback": "", "F2F_Rear_Setback": "", "F2F_Frontage": "", "F2F_Max_Density": "", "F2F_Max_Height": "", "F2F_Max_Stories": "", "F2F_Min_Lot_Size": "", "F2F_Max_Lot_Building_Coverage": "", "F2F_Max_Lot_Impervious_Coverage": "", "F2F_Min_Parking_Spaces_per_1BR": "", "F2F_Min_Parking_Spaces_per_mult_BR": "", "F2F_Elderly_Housing_Only": "No", "F2F_Affordable_Housing_Only": "No", "F3F_Allowance": "Public Hearing", "F3F_Front_Setback": "", "F3F_Side_Setback": "", "F3F_Rear_Setback": "", "F3F_Frontage": "", "F3F_Max_Density": "", "F3F_Max_Height": "", "F3F_Max_Stories": "", "F3F_Min_Lot_Size": "", "F3F_Max_Lot_Building_Coverage": "", "F3F_Max_Lot_Impervious_Coverage": "", "F3F_Min_Parking_Spaces_per_1BR": "", "F3F_Min_Parking_Spaces_per_mult_BR": "", "F3F_Affordable_Housing_Only": "No", "F3F_Proximity_to_Public_Transit_Required": "No", "F3F_Connection_to_Sewage/Water_Required": "No", "F4F_Allowance": "Public Hearing", "F4F_Front_Setback": "", "F4F_Side_Setback": "", "F4F_Rear_Setback": "", "F4F_Frontage": "", "F1F_Max_Density": null, "F4F_Max_Density": "", "F4F_Max_Height": "", "F4F_Max_Stories": "", "F4F_Min_Lot_Size": "", "F4F_Max_Lot_Building_Coverage": "", "F4F_Max_Lot_Impervious_Coverage": "", "F4F_Min_Parking_Spaces_per_1BR": "", "F4F_Min_Parking_Spaces_per_mult_BR": "", "F3F_Elderly_Housing_Only": "No", "F4F_Elderly_Housing_Only": "No", "F4F_Affordable_Housing_Only": "No", "F4F_Proximity_to_Public_Transit_Required": "No", "F4F_Connection_to_Sewage/Water_Required": "No", "ADU_Allowance": "Public Hearing", "ADU_Elderly_Housing_Only": "No", "ADU_Max_Size_as_Percent_of_Primary_Strcture": 0, "ADU_Max_Size_in_sq_ft": 0, "ADU_Min_Lot_Size": "", "ADU_Max_Bedrooms": "", "ADU_Min_Parking_Spaces": "", "ADU_Owner_Occupancy_Required": "No", "ADU_Renter_Occupancy_Prohibited": "No", "ADU_Employee_or_Family_Occupancy_Required": "No", "ADU_Restricted_to_Primary_Structure": "\b", "Affordable_Housing_Allowance": "Not Mentioned", "Affordable_Housing_District": "No", "Affordable_Housing_Elderly_Only": "No", "Affordable_Housing_Min_Lot_Size": "", "Affordable_Housing_Max_Density": "", "Affordable_Housing_Min_Parking_Spaces_per_mult_BR": "", "Affordable_Housing_Max_Units_per_Building": "", "Affordable_Housing_Min_Parking_Spaces_per_1BR": "", "PRD_Allowance": "Public Hearing", "PRD_Max_Density": "", "PRD_Max_Units": "", "PRD_Min_Lot_Size": "", "PRD_Mobile_or_Manufactured_Home_Park": "No", "PUD_Allowance": "\b", "PUD_Required_with_Subdivision": "", "PUD_Requires_Land_Conservation": "", "PUD_Threshold_Number": "", "Notes": " Development In This Zone Will Be By Conditional Use Review And Must not 'Unnecessarily Impede' The View Of The Pond From The Road. ", "FIPS6": 1060}}, {"type": "Feature", "id": 7, "geometry": {"type": "MultiPolygon", "coordinates": [[[[-73.1766552001398, 44.182691000133104, 0.0], [-73.1758844005601, 44.17780130010136, 0.0], [-73.17606279973808, 44.17675909993001, 0.0], [-73.17608520042441, 44.175616700276116, 0.0], [-73.17585980356766, 44.17406959955767, 0.0], [-73.17713756159222, 44.17395743017283, 0.0], [-73.17908979604633, 44.182821975041996, 0.0], [-73.17924015497447, 44.18350471164193, 0.0], [-73.17821429944591, 44.18371679960423, 0.0], [-73.17723301062028, 44.183819898696655, 0.0], [-73.17678859989397, 44.183057800054094, 0.0], [-73.1766552001398, 44.182691000133104, 0.0]]], [[[-73.17699149996503, 44.183747999738294, 0.0], [-73.17703419109532, 44.18382940122289, 0.0], [-73.17586019960689, 44.183807400230236, 0.0], [-73.17502290033924, 44.18370980039089, 0.0], [-73.17405620557773, 44.183508993585185, 0.0], [-73.17276220031268, 44.18308119991726, 0.0], [-73.17157279734076, 44.18250279743161, 0.0], [-73.17059640006468, 44.18186519978093, 0.0], [-73.16971780043482, 44.18112730032183, 0.0], [-73.16884000062714, 44.18016970018429, 0.0], [-73.1681953002694, 44.1792457999479, 0.0], [-73.16767599994671, 44.17825609986618, 0.0], [-73.16728970048922, 44.17721530000854, 0.0], [-73.16704220042482, 44.17613899982671, 0.0], [-73.16693530100201, 44.174947438556224, 0.0], [-73.17045529981954, 44.17462250028929, 0.0], [-73.17045210044616, 44.174586800118405, 0.0], [-73.16693399975091, 44.17488568769107, 0.0], [-73.16693400009736, 44.17485309981987, 0.0], [-73.17350609295706, 44.17427614686236, 0.0], [-73.17567219969084, 44.17408600021304, 0.0], [-73.17589460055011, 44.175620300418394, 0.0], [-73.17587260009661, 44.176749999662434, 0.0], [-73.1757145003438, 44.17756189992481, 0.0], [-73.17570419948876, 44.17798249974082, 0.0], [-73.17646809956612, 44.182717800311536, 0.0], [-73.17660740037233, 44.18310079955966, 0.0], [-73.17699149996503, 44.183747999738294, 0.0]]], [[[-73.15149319999321, 44.18036679964074, 0.0], [-73.15083220018549, 44.1807723998012, 0.0], [-73.150018299662, 44.18099080014715, 0.0], [-73.14914969978797, 44.18099569965123, 0.0], [-73.14833109995284, 44.18078660010823, 0.0], [-73.14797199951914, 44.18060870018662, 0.0], [-73.14740840051842, 44.180133000416596, 0.0], [-73.14710489964344, 44.17954730001949, 0.0], [-73.14709800000732, 44.17892220032851, 0.0], [-73.14738869984012, 44.178333099860964, 0.0], [-73.14763589993314, 44.17807470023692, 0.0], [-73.14829690050078, 44.17766910038138, 0.0], [-73.14911080059564, 44.17745069959145, 0.0], [-73.14997929980876, 44.177445700172164, 0.0], [-73.15040130028387, 44.17752450022234, 0.0], [-73.15115699985822, 44.177832799771686, 0.0], [-73.1517206006109, 44.178308500122895, 0.0], [-73.15202409940129, 44.17889420007985, 0.0], [-73.15203099996423, 44.179519200453285, 0.0], [-73.15192150058887, 44.17982289981871, 0.0], [-73.15149319999321, 44.18036679964074, 0.0]]], [[[-73.15506460062187, 44.181616499887475, 0.0], [-73.1547340996628, 44.18181929994264, 0.0], [-73.15432720021026, 44.181928500031624, 0.0], [-73.15389289978364, 44.181931000296544, 0.0], [-73.15348359983109, 44.18182649977761, 0.0], [-73.1532371978535, 44.18169020116432, 0.0], [-73.15293269986228, 44.18085140007439, 0.0], [-73.15290850021249, 44.18077899986966, 0.0], [-73.15301219951931, 44.18059970007209, 0.0], [-73.15328879984145, 44.18035869981779, 0.0], [-73.15366319972146, 44.18020029955974, 0.0], [-73.15409029994854, 44.180143599728375, 0.0], [-73.15451859973012, 44.18019539996742, 0.0], [-73.15489639954917, 44.18034949960532, 0.0], [-73.15517829978727, 44.18058730017278, 0.0], [-73.15533010020441, 44.18088019969914, 0.0], [-73.1552788005192, 44.18134460041592, 0.0], [-73.15506460062187, 44.181616499887475, 0.0]]], [[[-73.14847940047797, 44.181739999950175, 0.0], [-73.14866379940213, 44.181662000067234, 0.0], [-73.14891960054466, 44.18170970038238, 0.0], [-73.14902789962537, 44.18184240015201, 0.0], [-73.14899250054842, 44.181994199620895, 0.0], [-73.14877720002835, 44.18210449986726, 0.0], [-73.14856630048271, 44.18207900003795, 0.0], [-73.14841300029774, 44.181923999657485, 0.0], [-73.14847940047797, 44.181739999950175, 0.0]]], [[[-73.15806785718078, 44.21565903607887, 0.0], [-73.15791962712142, 44.215692169739995, 0.0], [-73.15674480029412, 44.21595419972269, 0.0], [-73.15598949999993, 44.21625069971574, 0.0], [-73.15557000028171, 44.21657519985599, 0.0], [-73.1553198998218, 44.21690689955935, 0.0], [-73.15514198597444, 44.21725933441729, 0.0], [-73.1548060997879, 44.217924700103204, 0.0], [-73.1547306896951, 44.21805776342087, 0.0], [-73.154674699779, 44.218149800183866, 0.0], [-73.15472841860813, 44.218049767453756, 0.0], [-73.15472709545702, 44.218045101405146, 0.0], [-73.15468888881578, 44.218032497365606, 0.0], [-73.15422510025184, 44.21782029967805, 0.0], [-73.1539141999992, 44.21760029961124, 0.0], [-73.15347359941104, 44.217061400401235, 0.0], [-73.15331579980293, 44.2164467000689, 0.0], [-73.15335039941013, 44.21613389971869, 0.0], [-73.15364120056162, 44.215544800020695, 0.0], [-73.15419449981202, 44.21506279983158, 0.0], [-73.15494380041764, 44.21474590013232, 0.0], [-73.15536419938564, 44.21466230028596, 0.0], [-73.15623329985188, 44.21465730010641, 0.0], [-73.15665559995014, 44.2147360999242, 0.0], [-73.15719199561345, 44.21493549894528, 0.0], [-73.15772269991477, 44.21526440039316, 0.0], [-73.15794331215548, 44.21548710441296, 0.0], [-73.15799816031907, 44.215553696252435, 0.0], [-73.15800031642954, 44.215556955286885, 0.0], [-73.15806785718078, 44.21565903607887, 0.0]]], [[[-73.15669320014806, 44.218118699844304, 0.0], [-73.15583849951098, 44.21823219978851, 0.0], [-73.15540359949817, 44.218207400114, 0.0], [-73.15491220335696, 44.21810585771459, 0.0], [-73.15498399956765, 44.21797420007937, 0.0], [-73.15514853707595, 44.217648237945724, 0.0], [-73.15549649946752, 44.21695890006967, 0.0], [-73.1557263998937, 44.2166540995556, 0.0], [-73.15611420014751, 44.2163546997656, 0.0], [-73.15680769979528, 44.216083799846956, 0.0], [-73.15782459038712, 44.2158569404384, 0.0], [-73.15815070053267, 44.21578419973762, 0.0], [-73.1582795999757, 44.21610560025725, 0.0], [-73.1582865004773, 44.21673069969237, 0.0], [-73.15801973134718, 44.21728210719282, 0.0], [-73.15774849939652, 44.217578199907386, 0.0], [-73.15744249948328, 44.21780190001862, 0.0], [-73.15669320014806, 44.218118699844304, 0.0]]], [[[-73.17361320053136, 44.22943960013621, 0.0], [-73.17355719991187, 44.22976160030827, 0.0], [-73.1733506005114, 44.22995590019819, 0.0], [-73.17303429999549, 44.230987200269226, 0.0], [-73.17262849951494, 44.229402500274894, 0.0], [-73.17220309971425, 44.22871869998187, 0.0], [-73.17207789985231, 44.228204700001555, 0.0], [-73.17204299948223, 44.22775449958207, 0.0], [-73.17218769997088, 44.227367600371565, 0.0], [-73.17227670045008, 44.227324200417776, 0.0], [-73.17293480040192, 44.227491899602725, 0.0], [-73.17353200007994, 44.22755270012897, 0.0], [-73.17401070045061, 44.227678599733494, 0.0], [-73.1743135995901, 44.2280843002684, 0.0], [-73.17423190061879, 44.228771100445, 0.0], [-73.17390899963966, 44.229223399811794, 0.0], [-73.17361320053136, 44.22943960013621, 0.0]]], [[[-73.16397880050958, 44.23073799962468, 0.0], [-73.16421150030531, 44.2313428001215, 0.0], [-73.16429459981993, 44.231967400429085, 0.0], [-73.16426030027482, 44.232278199907924, 0.0], [-73.1649928000722, 44.23294939991954, 0.0], [-73.16536810007624, 44.233515900340564, 0.0], [-73.16560080035062, 44.234120700404254, 0.0], [-73.16568390004319, 44.234745300292786, 0.0], [-73.16561489943159, 44.23537079992579, 0.0], [-73.1653958002707, 44.235978200404354, 0.0], [-73.16503339975894, 44.23654909982637, 0.0], [-73.1645385998816, 44.23706599982968, 0.0], [-73.16413195127001, 44.23736304920677, 0.0], [-73.16321550060708, 44.23787730016842, 0.0], [-73.16242750044768, 44.238147100422935, 0.0], [-73.16158629998137, 44.2383144000171, 0.0], [-73.16080019894675, 44.23836840423061, 0.0], [-73.1603802776063, 44.23835484438925, 0.0], [-73.16031024058772, 44.23835084293681, 0.0], [-73.15984729959956, 44.238324399938314, 0.0], [-73.1590025002052, 44.2381668998506, 0.0], [-73.15820849995455, 44.23790630015986, 0.0], [-73.15748949939587, 44.23755050037631, 0.0], [-73.15686740006815, 44.237110299964634, 0.0], [-73.15636109974164, 44.23659919966462, 0.0], [-73.15598600014177, 44.236032700278095, 0.0], [-73.15575330043998, 44.23542789969271, 0.0], [-73.15566073909969, 44.234461305171095, 0.0], [-73.1549721996602, 44.23382130006939, 0.0], [-73.15459710019395, 44.23325470043926, 0.0], [-73.15436449985344, 44.23264989975517, 0.0], [-73.15428149946787, 44.23202519989568, 0.0], [-73.15435060037753, 44.23139969983248, 0.0], [-73.15447087559926, 44.23106641958428, 0.0], [-73.15456980050149, 44.230792299647526, 0.0], [-73.15493229992948, 44.230221499763665, 0.0], [-73.1551494793995, 44.229994655136146, 0.0], [-73.15527829579038, 44.2298601046864, 0.0], [-73.15590880319614, 44.22935276803848, 0.0], [-73.15628391372832, 44.229132143973445, 0.0], [-73.1567501004004, 44.22889340037406, 0.0], [-73.15753799964651, 44.228623699767006, 0.0], [-73.15837910016063, 44.22845639972524, 0.0], [-73.15924780026671, 44.228396700251764, 0.0], [-73.16011780020395, 44.22844639967404, 0.0], [-73.16096249948798, 44.22860389960352, 0.0], [-73.16175640008436, 44.22886450008575, 0.0], [-73.16247519978928, 44.22922029993757, 0.0], [-73.16328592669984, 44.229850814743614, 0.0], [-73.16360359940711, 44.230171500080694, 0.0], [-73.16397880050958, 44.23073799962468, 0.0]], [[-73.16165799959892, 44.236486100347506, 0.0], [-73.16216120045279, 44.23702869996817, 0.0], [-73.16231220056216, 44.2376444998403, 0.0], [-73.16259769975068, 44.237815200067274, 0.0], [-73.16298319944235, 44.23771279962964, 0.0], [-73.16324490052924, 44.23755740031392, 0.0], [-73.1633699997986, 44.23725999961228, 0.0], [-73.16302000029452, 44.23707999996161, 0.0], [-73.16291000040992, 44.236939999676345, 0.0], [-73.16265999966562, 44.236869999584734, 0.0], [-73.16240000003948, 44.23671999975051, 0.0], [-73.16212000050949, 44.23634999985105, 0.0], [-73.16217600033362, 44.236081900283345, 0.0], [-73.16249289946018, 44.23566130023137, 0.0], [-73.16247999942385, 44.23545999998562, 0.0], [-73.1623399999287, 44.235420000236154, 0.0], [-73.16225999982046, 44.23550999989393, 0.0], [-73.16228000025096, 44.23574999971511, 0.0], [-73.1620699995061, 44.23588000027331, 0.0], [-73.16181999965113, 44.23588999971304, 0.0], [-73.16166000048594, 44.23596000036509, 0.0], [-73.16158780059074, 44.23618669974632, 0.0], [-73.16165799959892, 44.236486100347506, 0.0]]], [[[-73.17538739959625, 44.239463399876996, 0.0], [-73.1751731005446, 44.23955069973486, 0.0], [-73.17507879956557, 44.239671600161685, 0.0], [-73.17502940028093, 44.239534399812996, 0.0], [-73.17516719939474, 44.23903480015645, 0.0], [-73.1753323002385, 44.23882750026531, 0.0], [-73.17537680056306, 44.23853480009283, 0.0], [-73.17551779954496, 44.23831039962565, 0.0], [-73.17558419937914, 44.23784569994478, 0.0], [-73.17584639984737, 44.237758099694695, 0.0], [-73.17589340014555, 44.23768909974801, 0.0], [-73.17615669996009, 44.237704699718805, 0.0], [-73.17627749962327, 44.23780720015583, 0.0], [-73.17630500019494, 44.238116600245995, 0.0], [-73.17607209990014, 44.238668300005195, 0.0], [-73.17581290045868, 44.2390138003032, 0.0], [-73.17562679992344, 44.23947919996329, 0.0], [-73.17538739959625, 44.239463399876996, 0.0]]], [[[-73.1777054995673, 44.2413415004453, 0.0], [-73.17770790043156, 44.241547800145625, 0.0], [-73.17758969960545, 44.241668900192295, 0.0], [-73.17717989972283, 44.24139620003769, 0.0], [-73.17686609954913, 44.241157299959625, 0.0], [-73.17676769992964, 44.240917099658475, 0.0], [-73.1768565002813, 44.24031459988184, 0.0], [-73.17697489956576, 44.24021079977023, 0.0], [-73.17723760021657, 44.240174800242535, 0.0], [-73.17751929938352, 44.239708800449804, 0.0], [-73.17785069964654, 44.23939730037284, 0.0], [-73.17809619976173, 44.23994610038656, 0.0], [-73.17800429957593, 44.24027340015454, 0.0], [-73.17800760009722, 44.24056580045093, 0.0], [-73.17828279945282, 44.241613199752535, 0.0], [-73.17811520030615, 44.24159699972657, 0.0], [-73.17794589961531, 44.24144320032667, 0.0], [-73.1777054995673, 44.2413415004453, 0.0]]], [[[-73.19046139994695, 44.23973459966987, 0.0], [-73.1906801995761, 44.23912720020011, 0.0], [-73.191029900618, 44.2385759000077, 0.0], [-73.19188600050022, 44.242875299825045, 0.0], [-73.19165972352442, 44.242715341011206, 0.0], [-73.19108449997452, 44.24215590027417, 0.0], [-73.19070899987197, 44.24158950001295, 0.0], [-73.19047599941075, 44.24098479969748, 0.0], [-73.19039260036722, 44.24036009982666, 0.0], [-73.19046139994695, 44.23973459966987, 0.0]]], [[[-73.19147989990213, 44.2432362003985, 0.0], [-73.19171299986498, 44.24384100041905, 0.0], [-73.19179639955802, 44.24446559994044, 0.0], [-73.19167796255921, 44.24522891738717, 0.0], [-73.1915088002282, 44.24569860023715, 0.0], [-73.1911466000834, 44.2462695001722, 0.0], [-73.19077829976814, 44.24665439955619, 0.0], [-73.19065639963297, 44.24688410024418, 0.0], [-73.19037969982364, 44.247125199664325, 0.0], [-73.18932900056095, 44.247598100280676, 0.0], [-73.18854100049116, 44.247868100039135, 0.0], [-73.18769969948451, 44.24803560039727, 0.0], [-73.18683070051665, 44.24809549994326, 0.0], [-73.18596049965163, 44.248046000071255, 0.0], [-73.18511539964639, 44.247888699762036, 0.0], [-73.18432120038821, 44.24762819961114, 0.0], [-73.18360189940371, 44.24727259999372, 0.0], [-73.18297949938076, 44.246832600242215, 0.0], [-73.1824728997786, 44.24632160044302, 0.0], [-73.18209740021096, 44.24575520015648, 0.0], [-73.18186449988822, 44.24515040018931, 0.0], [-73.18178120047425, 44.24452580005528, 0.0], [-73.18185009938375, 44.24390030041078, 0.0], [-73.1820690001309, 44.24329280023751, 0.0], [-73.18243130013765, 44.24272200017184, 0.0], [-73.18292600020334, 44.24220500039927, 0.0], [-73.1835380001417, 44.24175759967776, 0.0], [-73.1842488999427, 44.24139339980428, 0.0], [-73.1850367997034, 44.24112350017755, 0.0], [-73.18587799999156, 44.24095600006948, 0.0], [-73.18674689991431, 44.240896100229435, 0.0], [-73.18761699970753, 44.240945600216044, 0.0], [-73.18846200046207, 44.24110289993535, 0.0], [-73.18925620000412, 44.241363299612324, 0.0], [-73.1899753999833, 44.24171889970823, 0.0], [-73.19057512897427, 44.24214284409237, 0.0], [-73.19110440026708, 44.2426697997441, 0.0], [-73.19147989990213, 44.2432362003985, 0.0]]], [[[-73.18790419990687, 44.254559600078494, 0.0], [-73.18833180062407, 44.25450270045411, 0.0], [-73.18895930008667, 44.25461949966445, 0.0], [-73.18942139984331, 44.254946100197714, 0.0], [-73.18958939579134, 44.25535746643427, 0.0], [-73.1894091002371, 44.25532309996591, 0.0], [-73.18764160078375, 44.25466059939128, 0.0], [-73.18790419990687, 44.254559600078494, 0.0]]], [[[-73.18716209961559, 44.25510189986078, 0.0], [-73.18748220232048, 44.2547525964156, 0.0], [-73.18907809999861, 44.2553773995671, 0.0], [-73.18955849940414, 44.25549349967066, 0.0], [-73.1873711997581, 44.25594510020982, 0.0], [-73.18735227114125, 44.2559489706307, 0.0], [-73.18716930014835, 44.255717500215106, 0.0], [-73.18709020035367, 44.255410199650186, 0.0], [-73.18716209961559, 44.25510189986078, 0.0]]], [[[-73.18903289951943, 44.255768100147485, 0.0], [-73.18953939951946, 44.25565659971132, 0.0], [-73.18930820027374, 44.25597529955784, 0.0], [-73.18878039960818, 44.256245700221896, 0.0], [-73.18813519951708, 44.256290199565356, 0.0], [-73.18772530055114, 44.25618579990335, 0.0], [-73.18751959992284, 44.25607860036165, 0.0], [-73.18903270041986, 44.25576810044848, 0.0], [-73.18903289951943, 44.255768100147485, 0.0]]], [[[-73.19399019940148, 44.26438370027646, 0.0], [-73.19353570053632, 44.26471589995452, 0.0], [-73.19312820059069, 44.26482520001747, 0.0], [-73.19269330060722, 44.26482790022322, 0.0], [-73.19228330023994, 44.264723499711444, 0.0], [-73.19194779943594, 44.26452460040526, 0.0], [-73.19166889973678, 44.264104100118786, 0.0], [-73.19166520046504, 44.26379150020535, 0.0], [-73.191810500624, 44.26349690024937, 0.0], [-73.19208730058713, 44.26325580011555, 0.0], [-73.19267250003513, 44.26305540045132, 0.0], [-73.19331869992882, 44.263092099807345, 0.0], [-73.1936972006298, 44.26324610041887, 0.0], [-73.1939795995502, 44.263483800386595, 0.0], [-73.19413179948941, 44.26377660016909, 0.0], [-73.19413549938396, 44.264089100097465, 0.0], [-73.19399019940148, 44.26438370027646, 0.0]]], [[[-73.16453960013081, 44.26827010025755, 0.0], [-73.16413200060508, 44.26837940000514, 0.0], [-73.16369709956703, 44.26838189981966, 0.0], [-73.1632870995094, 44.26827739977567, 0.0], [-73.16282500048706, 44.26795059974871, 0.0], [-73.16267300002836, 44.26765779955411, 0.0], [-73.16266950021233, 44.26734530028358, 0.0], [-73.16281489991017, 44.267050699867546, 0.0], [-73.16326959948394, 44.26671869963809, 0.0], [-73.1636632914647, 44.26662349102099, 0.0], [-73.16380489752223, 44.266600580016416, 0.0], [-73.16432339995274, 44.26664619970551, 0.0], [-73.16470180020069, 44.26680029961027, 0.0], [-73.1649840993756, 44.2670380996348, 0.0], [-73.16513619984967, 44.26733089979964, 0.0], [-73.16513970009323, 44.26764349978627, 0.0], [-73.16487050034672, 44.2680673002933, 0.0], [-73.16453960013081, 44.26827010025755, 0.0]]], [[[-73.14392139948976, 44.17920509990546, 0.0], [-73.14336139980962, 44.17992340033736, 0.0], [-73.1430057994419, 44.18058369957232, 0.0], [-73.14264500016176, 44.180767399687284, 0.0], [-73.14228109998652, 44.18066729975227, 0.0], [-73.14210579997155, 44.1805093995745, 0.0], [-73.14191620014833, 44.17998209997728, 0.0], [-73.14168219955263, 44.18024529996881, 0.0], [-73.14166269990754, 44.18037559977356, 0.0], [-73.14144299959038, 44.18047899989774, 0.0], [-73.14119514481908, 44.18050905430921, 0.0], [-73.14081270059181, 44.18053929984504, 0.0], [-73.14007670007103, 44.181031600183296, 0.0], [-73.14001549949946, 44.18121350042348, 0.0], [-73.14016219944718, 44.18164409986361, 0.0], [-73.1400579993876, 44.18222360041673, 0.0], [-73.13979170043427, 44.18239529965358, 0.0], [-73.13906880044104, 44.1826491002543, 0.0], [-73.13872099971064, 44.18257160035989, 0.0], [-73.13857690006729, 44.18237939984626, 0.0], [-73.1386174005451, 44.18174349963125, 0.0], [-73.13880259977468, 44.18136789978952, 0.0], [-73.13905179955428, 44.181071400183306, 0.0], [-73.139236400239, 44.18063899989443, 0.0], [-73.1392654004005, 44.18040039979742, 0.0], [-73.13888380033005, 44.18011880010019, 0.0], [-73.13873910031865, 44.17986989990649, 0.0], [-73.13875279946315, 44.179676800007684, 0.0], [-73.13900229965544, 44.1794142995833, 0.0], [-73.1389214995841, 44.17923320041647, 0.0], [-73.13865300030484, 44.1792006001598, 0.0], [-73.13865130002, 44.17904169968095, 0.0], [-73.13879050047291, 44.17879120028883, 0.0], [-73.13890630055103, 44.17871549957099, 0.0], [-73.13817639947624, 44.178937999665905, 0.0], [-73.1362935003757, 44.1790388998958, 0.0], [-73.13621439976059, 44.17869590035974, 0.0], [-73.13640909470203, 44.17797921956049, 0.0], [-73.13993533851043, 44.17763509469077, 0.0], [-73.13995164982865, 44.17763349312809, 0.0], [-73.13977179987539, 44.17805090039944, 0.0], [-73.1401250995962, 44.17795090027653, 0.0], [-73.14044989974411, 44.17778639972101, 0.0], [-73.14046656864821, 44.177582962675835, 0.0], [-73.14362316645659, 44.17727928937381, 0.0], [-73.1441533261773, 44.17722993802254, 0.0], [-73.14544600464076, 44.17710920108926, 0.0], [-73.14767337839719, 44.1768992629771, 0.0], [-73.14768409941227, 44.17710650037276, 0.0], [-73.14728989948216, 44.17712009977671, 0.0], [-73.14606149948328, 44.177297299852476, 0.0], [-73.14535170018877, 44.17728999984792, 0.0], [-73.1452109006029, 44.17718480024816, 0.0], [-73.14481789968744, 44.17751999967579, 0.0], [-73.14392139948976, 44.17920509990546, 0.0]]], [[[-73.14717230021775, 44.180954100292865, 0.0], [-73.14720779966353, 44.18080229989058, 0.0], [-73.14742299960992, 44.18069200044805, 0.0], [-73.14763389995883, 44.18071749969177, 0.0], [-73.14778720010047, 44.18087240035318, 0.0], [-73.14775169959259, 44.18102420003917, 0.0], [-73.14753650031558, 44.18113450009101, 0.0], [-73.14732559975857, 44.18110899977101, 0.0], [-73.14717230021775, 44.180954100292865, 0.0]]], [[[-73.14557859969415, 44.181646899839606, 0.0], [-73.14593370045701, 44.18158800039737, 0.0], [-73.14618779944266, 44.18172889989775, 0.0], [-73.14625820006462, 44.1819122000516, 0.0], [-73.1460591006206, 44.18208570000542, 0.0], [-73.14579570059142, 44.18207059977796, 0.0], [-73.14549910021482, 44.18198680021172, 0.0], [-73.1454287005975, 44.18180349958592, 0.0], [-73.14557859969415, 44.181646899839606, 0.0]]], [[[-73.14241289981892, 44.182885299807666, 0.0], [-73.14200359990865, 44.182780699666225, 0.0], [-73.14166869946881, 44.18258160035708, 0.0], [-73.14140488872506, 44.182198248644745, 0.0], [-73.141387199514, 44.18184840022159, 0.0], [-73.14149678296863, 44.181610219238486, 0.0], [-73.14172633239653, 44.181373418978964, 0.0], [-73.14218360054858, 44.181154500102345, 0.0], [-73.14282800049511, 44.18111029961825, 0.0], [-73.14323730028123, 44.181214900440246, 0.0], [-73.14369859977347, 44.18154170030138, 0.0], [-73.14387099978465, 44.18199069987584, 0.0], [-73.14379900033016, 44.18229900033546, 0.0], [-73.14343180031636, 44.18268260030127, 0.0], [-73.14291089481111, 44.182870147643946, 0.0], [-73.14241289981892, 44.182885299807666, 0.0]]], [[[-73.14722510047717, 44.18205730020418, 0.0], [-73.14744029991698, 44.18194699985433, 0.0], [-73.14769609990289, 44.18199480011269, 0.0], [-73.14780450057044, 44.18212749956048, 0.0], [-73.14773820043335, 44.18231150009672, 0.0], [-73.14755379952703, 44.18238950028906, 0.0], [-73.14729800028557, 44.182341799610825, 0.0], [-73.14718960035033, 44.182209099682865, 0.0], [-73.14722510047717, 44.18205730020418, 0.0]]], [[[-73.14425529985769, 44.1831196996449, 0.0], [-73.14443969988747, 44.18304170029, 0.0], [-73.14465059984066, 44.18306719963122, 0.0], [-73.1448038006192, 44.18322220019387, 0.0], [-73.14476840008902, 44.18337390023052, 0.0], [-73.14455310044377, 44.18348419968822, 0.0], [-73.14434220029236, 44.18345870017046, 0.0], [-73.14418889989479, 44.18330380035578, 0.0], [-73.14425529985769, 44.1831196996449, 0.0]]], [[[-73.1232257998165, 44.19788290032105, 0.0], [-73.12279139977366, 44.19788530001279, 0.0], [-73.12238200056362, 44.19778059980084, 0.0], [-73.12192070007126, 44.19745370038409, 0.0], [-73.12176900034329, 44.19716079991051, 0.0], [-73.12176570035373, 44.19684829980251, 0.0], [-73.12203490062674, 44.19642460014895, 0.0], [-73.12236559965991, 44.196221900372635, 0.0], [-73.12277269984654, 44.19611279975957, 0.0], [-73.123207099378, 44.19611040014536, 0.0], [-73.12379609937538, 44.19630409969915, 0.0], [-73.12407779983202, 44.19654199996835, 0.0], [-73.12422950061342, 44.19683490009811, 0.0], [-73.12417799950033, 44.19729920035223, 0.0], [-73.12396359960877, 44.197571100411366, 0.0], [-73.12363289981461, 44.197773800271435, 0.0], [-73.1232257998165, 44.19788290032105, 0.0]]], [[[-73.1349855995404, 44.20075769976171, 0.0], [-73.13452379975416, 44.20000829998776, 0.0], [-73.13436820029469, 44.19964580044042, 0.0], [-73.13422302696166, 44.19924137973892, 0.0], [-73.13468030045206, 44.199022600390144, 0.0], [-73.13530796233306, 44.19897739780387, 0.0], [-73.13591400041912, 44.19917200018477, 0.0], [-73.13619579986437, 44.19940979967929, 0.0], [-73.13632879677817, 44.199653796784105, 0.0], [-73.13578319554806, 44.20030699634325, 0.0], [-73.1354031997559, 44.20070560020205, 0.0], [-73.13534400005538, 44.200750900157345, 0.0], [-73.1349855995404, 44.20075769976171, 0.0]]], [[[-73.13388369959478, 44.19971639956597, 0.0], [-73.13407408860516, 44.19937491095505, 0.0], [-73.13413510044826, 44.19954489988716, 0.0], [-73.1343456999869, 44.20005780036351, 0.0], [-73.13474190350446, 44.200721997926614, 0.0], [-73.13432059974777, 44.200559700270425, 0.0], [-73.13394509950918, 44.20018019982997, 0.0], [-73.13388369959478, 44.19971639956597, 0.0]]], [[[-73.1359288000846, 44.20055080040795, 0.0], [-73.13570384664763, 44.200657884062224, 0.0], [-73.13581119976732, 44.20054739965479, 0.0], [-73.1363621957844, 44.19991369701674, 0.0], [-73.13620549990438, 44.20030980034521, 0.0], [-73.1359288000846, 44.20055080040795, 0.0]]], [[[-73.11922369961623, 44.226207700374324, 0.0], [-73.11900420014803, 44.226814999848045, 0.0], [-73.11864130028522, 44.22738570002325, 0.0], [-73.1181462004953, 44.22790239981443, 0.0], [-73.11779931116813, 44.228155591075385, 0.0], [-73.11777649999037, 44.22809180016683, 0.0], [-73.11739900028036, 44.22698850029532, 0.0], [-73.11687179974004, 44.22534900023782, 0.0], [-73.1164429001192, 44.223318299898104, 0.0], [-73.11641824755823, 44.22311286345008, 0.0], [-73.11647709986421, 44.22254410005201, 0.0], [-73.11650495548407, 44.22239521796056, 0.0], [-73.11747610017525, 44.22283429957315, 0.0], [-73.11809770020173, 44.22327469956254, 0.0], [-73.1186035998425, 44.22378599996519, 0.0], [-73.11897830040856, 44.22435260042275, 0.0], [-73.11921049953851, 44.22495749974141, 0.0], [-73.11929319953207, 44.22558219970566, 0.0], [-73.11922369961623, 44.226207700374324, 0.0]]], [[[-73.11632368246366, 44.22233559463765, 0.0], [-73.11628769945722, 44.222527700083816, 0.0], [-73.1162384998534, 44.22286710018661, 0.0], [-73.11625330020597, 44.22333339957377, 0.0], [-73.11668399975039, 44.22537299986669, 0.0], [-73.11759149953691, 44.22812529988633, 0.0], [-73.11760049393224, 44.228150449954185, 0.0], [-73.11764310024628, 44.22826959997831, 0.0], [-73.11759683619498, 44.228303377274216, 0.0], [-73.11682269967856, 44.228713199665904, 0.0], [-73.11603459976514, 44.22898269976134, 0.0], [-73.1149728000478, 44.22916470014322, 0.0], [-73.11401099962157, 44.23019479975114, 0.0], [-73.11362330023483, 44.23049000010263, 0.0], [-73.1130703005981, 44.230569199856234, 0.0], [-73.11278079963513, 44.23041290029154, 0.0], [-73.11266109992589, 44.23019149977605, 0.0], [-73.11253860061936, 44.22961730009052, 0.0], [-73.11254750027148, 44.2289805000952, 0.0], [-73.11181640015403, 44.228740099954116, 0.0], [-73.11098999976227, 44.22830769977798, 0.0], [-73.11115999972333, 44.22816000003674, 0.0], [-73.11105000015102, 44.22815000016408, 0.0], [-73.11106000038187, 44.22803999993007, 0.0], [-73.11090000046741, 44.22800999968969, 0.0], [-73.11081000056653, 44.22792999974537, 0.0], [-73.1110099995184, 44.22790999986749, 0.0], [-73.11093000023078, 44.22780000040224, 0.0], [-73.11067999955806, 44.22781000041997, 0.0], [-73.11058999967175, 44.22794000024918, 0.0], [-73.11064999992186, 44.228049999761375, 0.0], [-73.11063605870868, 44.228056970875144, 0.0], [-73.10997029943101, 44.22743229998237, 0.0], [-73.1095956994196, 44.22686560042153, 0.0], [-73.10936359978213, 44.22626070009824, 0.0], [-73.1092810999284, 44.22563609991625, 0.0], [-73.10935069954162, 44.22501060017006, 0.0], [-73.1095702004105, 44.22440330012, 0.0], [-73.1099330998458, 44.2238325996493, 0.0], [-73.11042830036907, 44.22331590034216, 0.0], [-73.11096839981047, 44.222921699763006, 0.0], [-73.11017129947261, 44.221017400105794, 0.0], [-73.11023679978341, 44.22073100023834, 0.0], [-73.11069309938, 44.2204197997091, 0.0], [-73.1113694762317, 44.22024059977071, 0.0], [-73.11180952545193, 44.22016259002296, 0.0], [-73.11403420062145, 44.22001690016728, 0.0], [-73.11518633013641, 44.2200170255858, 0.0], [-73.11640339940756, 44.220015600105164, 0.0], [-73.1165311005739, 44.22022600016873, 0.0], [-73.11652540014339, 44.22065039989638, 0.0], [-73.11639709968681, 44.22105769996321, 0.0], [-73.11627920056901, 44.221828800219434, 0.0], [-73.11623199937434, 44.222305499618145, 0.0], [-73.11632368246366, 44.22233559463765, 0.0]]], [[[-73.13189279781008, 44.246506495935634, 0.0], [-73.13611929952049, 44.24479630201282, 0.0], [-73.13980949977739, 44.243328099864065, 0.0], [-73.13981730431534, 44.24332508170646, 0.0], [-73.13612712576247, 44.24480595034601, 0.0], [-73.13189279781008, 44.246506495935634, 0.0]]], [[[-73.13152590061283, 44.24654099988833, 0.0], [-73.13158580049641, 44.24650219985911, 0.0], [-73.13144955427212, 44.24660041940364, 0.0], [-73.13152590061283, 44.24654099988833, 0.0]]], [[[-73.13144955427212, 44.24660041940364, 0.0], [-73.12964559754305, 44.248004396928806, 0.0], [-73.13048910001088, 44.24729280007838, 0.0], [-73.13144955427212, 44.24660041940364, 0.0]]], [[[-73.12804014550674, 44.250646666576884, 0.0], [-73.12810819967551, 44.2503071998699, 0.0], [-73.12847589991509, 44.24992350044644, 0.0], [-73.12906109947339, 44.24972340010213, 0.0], [-73.12952376251694, 44.249726191804385, 0.0], [-73.12975409955665, 44.24977589987581, 0.0], [-73.12889020054213, 44.25061080003586, 0.0], [-73.12824189948559, 44.250922000117214, 0.0], [-73.12813000018468, 44.250929999834355, 0.0], [-73.12812057967923, 44.25093156990487, 0.0], [-73.12804014550674, 44.250646666576884, 0.0]]], [[[-73.12385639963925, 44.2527846998164, 0.0], [-73.12384230480328, 44.25275349702952, 0.0], [-73.12568653134451, 44.25126317519453, 0.0], [-73.12933379879729, 44.248267498833506, 0.0], [-73.12569529600475, 44.251269295662674, 0.0], [-73.12385639963925, 44.2527846998164, 0.0]]], [[[-73.11344109945604, 44.27058019979314, 0.0], [-73.11367069967724, 44.27041099987451, 0.0], [-73.113983199745, 44.27034900041841, 0.0], [-73.1141976996202, 44.27037499964247, 0.0], [-73.11446459990084, 44.270507200312124, 0.0], [-73.11460380000233, 44.27071750009767, 0.0], [-73.1146054001005, 44.2708737998246, 0.0], [-73.1145325993932, 44.27102099965815, 0.0], [-73.1143054000845, 44.27118679995933, 0.0], [-73.11427409972949, 44.27155340005843, 0.0], [-73.11460199976028, 44.271997199563636, 0.0], [-73.11463200038612, 44.27215960039648, 0.0], [-73.11510290021941, 44.272358000292016, 0.0], [-73.11523362072705, 44.27231664607371, 0.0], [-73.11566140016556, 44.27215560032621, 0.0], [-73.1158193996442, 44.2721547999434, 0.0], [-73.11629599973213, 44.27241920012165, 0.0], [-73.11658059963607, 44.27249610011099, 0.0], [-73.11676610001837, 44.27269060012725, 0.0], [-73.11680570053956, 44.27291240021796, 0.0], [-73.11674930032262, 44.27305119975005, 0.0], [-73.11688549962815, 44.27316809958958, 0.0], [-73.11685819967127, 44.273327500015526, 0.0], [-73.11665410044716, 44.27349720037927, 0.0], [-73.1161220001919, 44.27373259997048, 0.0], [-73.11543016753781, 44.27388824581003, 0.0], [-73.11509209968355, 44.273873400017095, 0.0], [-73.11490530039684, 44.273782400034904, 0.0], [-73.11456330014772, 44.273883899656916, 0.0], [-73.11460800018575, 44.27426409982303, 0.0], [-73.11538174946124, 44.274181726822626, 0.0], [-73.11929989973092, 44.27376459967116, 0.0], [-73.11950219991887, 44.276845495074234, 0.0], [-73.11439339976268, 44.27749430014308, 0.0], [-73.11344240035919, 44.27762019999182, 0.0], [-73.11236169947634, 44.27450309980224, 0.0], [-73.11445160018187, 44.27428069984763, 0.0], [-73.11440909958654, 44.27390520007788, 0.0], [-73.11383400021806, 44.27386330022969, 0.0], [-73.11345560000036, 44.273708999566026, 0.0], [-73.11317350032347, 44.273471100135055, 0.0], [-73.11302169946791, 44.27317819970332, 0.0], [-73.11301849969091, 44.27286570021881, 0.0], [-73.11316419939746, 44.27257120029728, 0.0], [-73.11344130034375, 44.272330200305014, 0.0], [-73.11394247049165, 44.2721469135593, 0.0], [-73.11446930032949, 44.27212929955943, 0.0], [-73.11412270060168, 44.27158489979383, 0.0], [-73.11414459951774, 44.271232900242445, 0.0], [-73.11388370027193, 44.271242700354215, 0.0], [-73.11358890025204, 44.27114579958761, 0.0], [-73.11340100039743, 44.27095599972949, 0.0], [-73.1133844999768, 44.27068510018555, 0.0], [-73.11316439942232, 44.270654300212804, 0.0], [-73.11292589962036, 44.270518799594555, 0.0], [-73.11292879979085, 44.27022600017156, 0.0], [-73.11323580006818, 44.269993700439024, 0.0], [-73.1133384997041, 44.26968890033184, 0.0], [-73.11317359978912, 44.26938160037524, 0.0], [-73.11328060554386, 44.26888005522051, 0.0], [-73.1133404998035, 44.26882800013584, 0.0], [-73.1134243994043, 44.26875499959079, 0.0], [-73.11344309958045, 44.26894589995585, 0.0], [-73.11333550022428, 44.26937820044997, 0.0], [-73.11349629997538, 44.26969859978987, 0.0], [-73.11337829955826, 44.2700461997048, 0.0], [-73.11307979981245, 44.27026000012593, 0.0], [-73.11308209993369, 44.27048679958297, 0.0], [-73.11344109945604, 44.27058019979314, 0.0]]], [[[-73.0985800002667, 44.18265000020743, 0.0], [-73.09848000002322, 44.18276000016269, 0.0], [-73.09834000011548, 44.18280000020713, 0.0], [-73.0983400000841, 44.182960000015754, 0.0], [-73.09855999955664, 44.183060000397525, 0.0], [-73.09860999994851, 44.18299999958795, 0.0], [-73.0989300005394, 44.18293000027447, 0.0], [-73.09906999976448, 44.18306000003564, 0.0], [-73.09925999948871, 44.18299999998317, 0.0], [-73.0992899995748, 44.183119999732334, 0.0], [-73.09936079957664, 44.1831130997466, 0.0], [-73.09940710025688, 44.183316799655785, 0.0], [-73.09927569994353, 44.18335920010083, 0.0], [-73.09901989957794, 44.183311300412974, 0.0], [-73.09890690022117, 44.18313590021638, 0.0], [-73.0984172001428, 44.18330289965384, 0.0], [-73.09822200019993, 44.183297299868585, 0.0], [-73.09788909941531, 44.18359309996689, 0.0], [-73.09752439988826, 44.18410679971114, 0.0], [-73.09677919996335, 44.18478419996987, 0.0], [-73.09626770025442, 44.18507229991063, 0.0], [-73.09527460005845, 44.1854200999296, 0.0], [-73.09477220029906, 44.18565009982279, 0.0], [-73.09344179971067, 44.18662580011114, 0.0], [-73.09290439946868, 44.18687719987724, 0.0], [-73.09218049949857, 44.18712189969858, 0.0], [-73.09126619946755, 44.18731839958406, 0.0], [-73.09082230042189, 44.18728180038607, 0.0], [-73.09004060035733, 44.18697939956477, 0.0], [-73.08974189959588, 44.18700239958977, 0.0], [-73.088896281022, 44.18721967934273, 0.0], [-73.08858860044803, 44.18724430032854, 0.0], [-73.08826890053855, 44.187064900168465, 0.0], [-73.08779930017461, 44.187103000315155, 0.0], [-73.08711369993132, 44.1872445001541, 0.0], [-73.08682019956169, 44.18716799958338, 0.0], [-73.08661930025347, 44.187056799678594, 0.0], [-73.0865209004513, 44.186865500400614, 0.0], [-73.0866311002749, 44.18634860002563, 0.0], [-73.08661429979024, 44.18571660010669, 0.0], [-73.0859414001989, 44.184139799907406, 0.0], [-73.0857575001435, 44.18335580001085, 0.0], [-73.08545042233415, 44.18291296402588, 0.0], [-73.08629108620573, 44.182829489295244, 0.0], [-73.09145656156107, 44.18231686431568, 0.0], [-73.09568027237262, 44.18189531966843, 0.0], [-73.09807718590918, 44.181651912788645, 0.0], [-73.09833000038593, 44.18197999983195, 0.0], [-73.09864000049375, 44.18203000024867, 0.0], [-73.09872999987046, 44.182090000009424, 0.0], [-73.09862000031688, 44.182219999945666, 0.0], [-73.09866000046719, 44.18243999967576, 0.0], [-73.09858000054825, 44.18251999984886, 0.0], [-73.0985800002667, 44.18265000020743, 0.0]]], [[[-73.10274360012828, 44.18373239987176, 0.0], [-73.10243999943022, 44.1835899998227, 0.0], [-73.10225999983938, 44.18364000031951, 0.0], [-73.10254000057235, 44.18373999977593, 0.0], [-73.1025660197501, 44.183750407749045, 0.0], [-73.10115250054602, 44.18389410024357, 0.0], [-73.10153310026098, 44.18503589990814, 0.0], [-73.10211199978932, 44.18613569981748, 0.0], [-73.10203310034794, 44.1867488996084, 0.0], [-73.10183690013619, 44.18699500036797, 0.0], [-73.10042330031133, 44.18755390002975, 0.0], [-73.10093960002663, 44.18808220027189, 0.0], [-73.10077830996096, 44.18864396494847, 0.0], [-73.10076949749903, 44.1886560981835, 0.0], [-73.09908108339835, 44.18898616401088, 0.0], [-73.09824659979598, 44.18907129972179, 0.0], [-73.09606550052794, 44.189300400088875, 0.0], [-73.09571525149123, 44.18933664816546, 0.0], [-73.09388599964144, 44.18950800009403, 0.0], [-73.09359869967403, 44.189162200009356, 0.0], [-73.0927425255974, 44.18778914057438, 0.0], [-73.09264659990949, 44.18763540033382, 0.0], [-73.09287640090261, 44.18751330029783, 0.0], [-73.09606290026086, 44.18582020033842, 0.0], [-73.09775389944345, 44.18462680003189, 0.0], [-73.09908290040438, 44.184129699610175, 0.0], [-73.09967329966808, 44.18357509996657, 0.0], [-73.10012729999939, 44.18288969971624, 0.0], [-73.09997371717266, 44.18289590099048, 0.0], [-73.10011829952252, 44.18269140029831, 0.0], [-73.10053969975047, 44.18267189963978, 0.0], [-73.10119639941993, 44.182164400058696, 0.0], [-73.10069410001341, 44.182014900407005, 0.0], [-73.10082930015326, 44.181592299738355, 0.0], [-73.10411260040077, 44.18125869962143, 0.0], [-73.10429240004325, 44.18149240022112, 0.0], [-73.1046220545036, 44.18185484796814, 0.0], [-73.1051903996567, 44.18253870040054, 0.0], [-73.10535609989918, 44.18282189976395, 0.0], [-73.10559649971108, 44.18341769963899, 0.0], [-73.10532650027399, 44.18346589965979, 0.0], [-73.10274360012828, 44.18373239987176, 0.0]], [[-73.10175000039983, 44.18336000021724, 0.0], [-73.10193000031586, 44.183409999602496, 0.0], [-73.10202000038696, 44.183259999668415, 0.0], [-73.10172999943886, 44.18308999977292, 0.0], [-73.10171999943326, 44.183009999896186, 0.0], [-73.10151999967738, 44.18295000036928, 0.0], [-73.1012999995767, 44.182600000306685, 0.0], [-73.1010600002687, 44.1827499997158, 0.0], [-73.10107000028384, 44.18281999983497, 0.0], [-73.10124999957708, 44.1830300001044, 0.0], [-73.10143000004793, 44.183099999915456, 0.0], [-73.10144000004276, 44.18318999963507, 0.0], [-73.10172999983084, 44.183249999568226, 0.0], [-73.10175000039983, 44.18336000021724, 0.0]]], [[[-73.11017604442256, 44.19853426782002, 0.0], [-73.11010199975136, 44.197151000153966, 0.0], [-73.1100005994402, 44.19614399956855, 0.0], [-73.1099502995641, 44.19576999984593, 0.0], [-73.11038389938923, 44.19605119981812, 0.0], [-73.11063669996076, 44.1963068995929, 0.0], [-73.11082399953166, 44.19659019986427, 0.0], [-73.11098120038152, 44.197205000385054, 0.0], [-73.11083670030769, 44.197821399861944, 0.0], [-73.11065530039812, 44.19810679992965, 0.0], [-73.11017604442256, 44.19853426782002, 0.0]]], [[[-73.10935250061095, 44.19890520001425, 0.0], [-73.10893209992646, 44.19898860014002, 0.0], [-73.10806320020619, 44.19899319969117, 0.0], [-73.10724450000326, 44.19878379972836, 0.0], [-73.10657470050862, 44.19838549998278, 0.0], [-73.10613470061483, 44.19784650029254, 0.0], [-73.10601880043649, 44.19754400023905, 0.0], [-73.10597749959767, 44.19723170035543, 0.0], [-73.10612210024509, 44.19661530011276, 0.0], [-73.1065510001147, 44.19607160008153, 0.0], [-73.10721240042129, 44.19566629994927, 0.0], [-73.10760629943898, 44.195531600004436, 0.0], [-73.10846080058484, 44.19541850035552, 0.0], [-73.10931759941684, 44.19552250031886, 0.0], [-73.10974025343344, 44.19566587716048, 0.0], [-73.10975639973529, 44.19575239978004, 0.0], [-73.10991159958643, 44.19715780020722, 0.0], [-73.10999120028845, 44.19864519959681, 0.0], [-73.10935250061095, 44.19890520001425, 0.0]]], [[[-73.08603689960117, 44.22279329969591, 0.0], [-73.08560230032268, 44.22279549963025, 0.0], [-73.08519280036862, 44.22269070043195, 0.0], [-73.08485779998031, 44.222491500363105, 0.0], [-73.08457990058491, 44.222070700392884, 0.0], [-73.08457679946717, 44.22175820038374, 0.0], [-73.08472250017664, 44.221463699915496, 0.0], [-73.08499949942254, 44.22122279973819, 0.0], [-73.08558469998673, 44.22102300037362, 0.0], [-73.08601930024469, 44.221020699706024, 0.0], [-73.08642880007355, 44.22112549957542, 0.0], [-73.08676370034947, 44.2213247000991, 0.0], [-73.0870417005851, 44.22174549968903, 0.0], [-73.08704479947292, 44.22205810043796, 0.0], [-73.08677519991124, 44.2224816999104, 0.0], [-73.08644420044041, 44.22268430005151, 0.0], [-73.08603689960117, 44.22279329969591, 0.0]]], [[[-73.09123009969997, 44.22634479955543, 0.0], [-73.09085058506403, 44.2268364850972, 0.0], [-73.0904945003136, 44.22711179963049, 0.0], [-73.08974479992968, 44.2274282996955, 0.0], [-73.08888979979538, 44.22754120023607, 0.0], [-73.08803259963581, 44.22743710022586, 0.0], [-73.08727660036246, 44.227128399957806, 0.0], [-73.08696590049188, 44.22690819983019, 0.0], [-73.08652579938337, 44.226369099910876, 0.0], [-73.08636879991904, 44.225754200263026, 0.0], [-73.08651360016486, 44.22513789968793, 0.0], [-73.08694289952247, 44.22459429990429, 0.0], [-73.08724919941905, 44.22437089977888, 0.0], [-73.08799889958401, 44.224054399734165, 0.0], [-73.0888538998449, 44.22394150040795, 0.0], [-73.0892887997935, 44.223966600234796, 0.0], [-73.09010779963559, 44.22417620013615, 0.0], [-73.09061554044705, 44.2244596106634, 0.0], [-73.09103050019348, 44.22483020006556, 0.0], [-73.09121769980717, 44.225113599998195, 0.0], [-73.09137489967283, 44.225728400198996, 0.0], [-73.09123009969997, 44.22634479955543, 0.0]]], [[[-73.08261340023228, 44.23454090033249, 0.0], [-73.08252370055685, 44.2254510998907, 0.0], [-73.08617310016186, 44.22543240031874, 0.0], [-73.08626340034449, 44.234522200073364, 0.0], [-73.08261340023228, 44.23454090033249, 0.0]]], [[[-73.10988890045516, 44.23494829974965, 0.0], [-73.11017639969984, 44.23524780024181, 0.0], [-73.11037820015893, 44.23561860021547, 0.0], [-73.11043039957286, 44.23628609979158, 0.0], [-73.11035520060838, 44.23675979974802, 0.0], [-73.1101431997596, 44.23711129975257, 0.0], [-73.10972389978039, 44.237494500068934, 0.0], [-73.10662570018468, 44.23913939994844, 0.0], [-73.10540073230148, 44.2397146937307, 0.0], [-73.10481369990184, 44.23982780026654, 0.0], [-73.10425284489729, 44.24004318166953, 0.0], [-73.10287260011468, 44.24041600010753, 0.0], [-73.10255850056815, 44.24038090023824, 0.0], [-73.10230120023665, 44.24013109961182, 0.0], [-73.10263519954222, 44.23780370667679, 0.0], [-73.10290030029739, 44.23619280029689, 0.0], [-73.10342709942597, 44.23469109995613, 0.0], [-73.10344200009578, 44.23416189957038, 0.0], [-73.10354285069215, 44.23370102458932, 0.0], [-73.10395560056563, 44.23194320026475, 0.0], [-73.10406719965566, 44.231078400387716, 0.0], [-73.1042895002678, 44.230550600093956, 0.0], [-73.10499029990574, 44.22977219957648, 0.0], [-73.10564980015792, 44.22920310005581, 0.0], [-73.10598649950299, 44.22927149978385, 0.0], [-73.1066526064909, 44.230504903208455, 0.0], [-73.10727128112345, 44.23145280938025, 0.0], [-73.10776190993343, 44.232167873366386, 0.0], [-73.10804984059975, 44.232637349119436, 0.0], [-73.1094695000468, 44.23421780041141, 0.0], [-73.10988890045516, 44.23494829974965, 0.0]]], [[[-73.09356529974019, 44.23876490034154, 0.0], [-73.09321215351376, 44.23922911955709, 0.0], [-73.09282970036833, 44.23953190033637, 0.0], [-73.09207980042521, 44.239848399923154, 0.0], [-73.09165909949083, 44.23993179963728, 0.0], [-73.09078959998199, 44.239936299853, 0.0], [-73.08997029964019, 44.23972669983372, 0.0], [-73.08930029945776, 44.2393283999731, 0.0], [-73.08886009952602, 44.23878929995657, 0.0], [-73.08874410004927, 44.238486800337704, 0.0], [-73.08873790053924, 44.2378616997146, 0.0], [-73.08884779999205, 44.237558099575274, 0.0], [-73.08927719948753, 44.23701449975569, 0.0], [-73.08993920013927, 44.23660920024885, 0.0], [-73.09075409986973, 44.236391200305306, 0.0], [-73.09118849961948, 44.236361599751966, 0.0], [-73.09204590015669, 44.23646570003734, 0.0], [-73.09247591486395, 44.23661276444695, 0.0], [-73.09311279957066, 44.2369945996072, 0.0], [-73.09336570007925, 44.23725030013549, 0.0], [-73.09366890050343, 44.2378362002851, 0.0], [-73.09367519978107, 44.23846130010913, 0.0], [-73.09356529974019, 44.23876490034154, 0.0]]], [[[-73.11701549794739, 44.2396693001756, 0.0], [-73.11701110354467, 44.23968148899206, 0.0], [-73.1162968001175, 44.24090030044385, 0.0], [-73.1157402902398, 44.24135950859572, 0.0], [-73.11519389944651, 44.24190770026672, 0.0], [-73.11488439991481, 44.2420931000679, 0.0], [-73.11454930023066, 44.242487999879344, 0.0], [-73.11372800877, 44.2429519324276, 0.0], [-73.11275850045519, 44.2433035002069, 0.0], [-73.11175139947068, 44.24348440016181, 0.0], [-73.11014659963175, 44.24416870041769, 0.0], [-73.1098083997021, 44.244227099986276, 0.0], [-73.10934169944308, 44.244119300216774, 0.0], [-73.10903820055842, 44.243869299677044, 0.0], [-73.10886610049572, 44.24357040032598, 0.0], [-73.10885460021022, 44.243283600074115, 0.0], [-73.10967820040523, 44.24250060026914, 0.0], [-73.11153229952279, 44.240990799567385, 0.0], [-73.11242340056249, 44.24034039988594, 0.0], [-73.11358829939486, 44.239278400207596, 0.0], [-73.11425070036157, 44.23849419961643, 0.0], [-73.114615599828, 44.23818780020698, 0.0], [-73.11521639985041, 44.23798769996931, 0.0], [-73.11593145679123, 44.237896732712386, 0.0], [-73.11658250010456, 44.23791930021177, 0.0], [-73.11697169938572, 44.238059599665625, 0.0], [-73.11712910042432, 44.2383363998886, 0.0], [-73.11717019999612, 44.238711599844486, 0.0], [-73.11717860042623, 44.23921879976758, 0.0], [-73.11701549794739, 44.2396693001756, 0.0]]], [[[-73.09752149943976, 44.24559100439184, 0.0], [-73.09747179970752, 44.24516079980029, 0.0], [-73.09684999972478, 44.24486649975702, 0.0], [-73.09638369942849, 44.24453609984366, 0.0], [-73.09600429997224, 44.24415260011908, 0.0], [-73.09572339978072, 44.24372750033769, 0.0], [-73.09554929999152, 44.243273799597596, 0.0], [-73.0954874997146, 44.24280529975896, 0.0], [-73.09553989979455, 44.24233620002994, 0.0], [-73.09570470006169, 44.24188079958002, 0.0], [-73.09597710003924, 44.24145280002259, 0.0], [-73.09634869956375, 44.24106529961064, 0.0], [-73.09680819940003, 44.24073010030548, 0.0], [-73.09734169999008, 44.240457400356824, 0.0], [-73.09797766650699, 44.24024660603958, 0.0], [-73.09793039959871, 44.24058869968242, 0.0], [-73.0977649000524, 44.241848599715375, 0.0], [-73.09764090034008, 44.24371350016951, 0.0], [-73.0976133994724, 44.245460700206344, 0.0], [-73.09760452342886, 44.24578315022363, 0.0], [-73.09760390137791, 44.24580579974747, 0.0], [-73.09752149943976, 44.24559100439184, 0.0]]], [[[-73.10276290019996, 44.241843700103196, 0.0], [-73.10293699975121, 44.24229739984665, 0.0], [-73.10299879974052, 44.2427659001798, 0.0], [-73.10294660007176, 44.24323500041988, 0.0], [-73.10278180044843, 44.24369050029023, 0.0], [-73.10257229039757, 44.24401968461494, 0.0], [-73.10220769962253, 44.24443310023214, 0.0], [-73.1024300998623, 44.244896399814415, 0.0], [-73.1024600251637, 44.24512323120245, 0.0], [-73.10243639959072, 44.245521500157174, 0.0], [-73.10214499994646, 44.24611039959507, 0.0], [-73.10159090029681, 44.24659219990297, 0.0], [-73.10118812940658, 44.2467900836999, 0.0], [-73.10042029946273, 44.24699210032629, 0.0], [-73.09998569948377, 44.24702180000661, 0.0], [-73.09912820030019, 44.24691769977997, 0.0], [-73.09837199990626, 44.24660910034032, 0.0], [-73.09779494072401, 44.24611326209042, 0.0], [-73.09779060007462, 44.24595590030393, 0.0], [-73.09782870004541, 44.2437392001814, 0.0], [-73.09793179942476, 44.242121400403505, 0.0], [-73.09817300287509, 44.24020780021449, 0.0], [-73.09856410035778, 44.24013029963396, 0.0], [-73.09921580027287, 44.240085900372996, 0.0], [-73.09986829983163, 44.24012349971631, 0.0], [-73.1005018998166, 44.240241899829094, 0.0], [-73.1010972000154, 44.24043770037049, 0.0], [-73.10163620046902, 44.24070480034678, 0.0], [-73.10196504780292, 44.24093773683918, 0.0], [-73.10248189968395, 44.241418700111055, 0.0], [-73.10276290019996, 44.241843700103196, 0.0]]], [[[-73.09963200027443, 44.26980059999342, 0.0], [-73.0998477005149, 44.269690399927946, 0.0], [-73.10005889985767, 44.2697160002515, 0.0], [-73.10021229996923, 44.26987099960776, 0.0], [-73.10014559938513, 44.27005499979847, 0.0], [-73.09996090049611, 44.270132900244406, 0.0], [-73.09970480011923, 44.270085099903014, 0.0], [-73.099596400144, 44.269952400048055, 0.0], [-73.09963200027443, 44.26980059999342, 0.0]]], [[[-73.10046059954234, 44.27008750040128, 0.0], [-73.10067630052288, 44.269977299672725, 0.0], [-73.10093239996057, 44.2700250996416, 0.0], [-73.10104090054868, 44.27015790029427, 0.0], [-73.10097419972607, 44.27034190006029, 0.0], [-73.10078949978073, 44.270419800047755, 0.0], [-73.1005333999904, 44.27037199976412, 0.0], [-73.10042500035608, 44.270239199903365, 0.0], [-73.10046059954234, 44.27008750040128, 0.0]]], [[[-73.08460000038495, 44.27782000040601, 0.0], [-73.08435000015056, 44.27784000002411, 0.0], [-73.08414000041525, 44.27806000003666, 0.0], [-73.08403000022659, 44.278080000222246, 0.0], [-73.08336000048658, 44.27780999974414, 0.0], [-73.0831999999906, 44.27769999975967, 0.0], [-73.0831993331955, 44.27769958287429, 0.0], [-73.08378359977476, 44.27750039958787, 0.0], [-73.08443000061406, 44.27753770033797, 0.0], [-73.08496380053752, 44.27780210036424, 0.0], [-73.08523408942227, 44.2782022734427, 0.0], [-73.08517999945553, 44.27820999966862, 0.0], [-73.08501999986974, 44.278210000234886, 0.0], [-73.08488000037094, 44.27797999972002, 0.0], [-73.08460000038495, 44.27782000040601, 0.0]]], [[[-73.0851699999338, 44.27827999987454, 0.0], [-73.08525029938019, 44.27828619972652, 0.0], [-73.08526259984453, 44.27837909991716, 0.0], [-73.08519009969712, 44.278687299771256, 0.0], [-73.08497519985622, 44.27895910031063, 0.0], [-73.08464766648599, 44.27915982614566, 0.0], [-73.08423620002682, 44.27927069998804, 0.0], [-73.08364623439546, 44.27924393115078, 0.0], [-73.08354405583587, 44.279218318728525, 0.0], [-73.08353999984668, 44.27919000005005, 0.0], [-73.08378999940035, 44.27887000002659, 0.0], [-73.08378999998293, 44.27851999955495, 0.0], [-73.08368000014185, 44.27855999960763, 0.0], [-73.08363999996521, 44.278969999880744, 0.0], [-73.08345410058273, 44.27918870007912, 0.0], [-73.08305610030335, 44.27896890036449, 0.0], [-73.08277789956409, 44.278548099956616, 0.0], [-73.08282979948194, 44.278083700372555, 0.0], [-73.08313460013524, 44.27774639991443, 0.0], [-73.08397000030618, 44.27813000015416, 0.0], [-73.08418999971038, 44.27810000035227, 0.0], [-73.08439999955247, 44.27788999990355, 0.0], [-73.08462999991204, 44.277890000150485, 0.0], [-73.08486999998547, 44.27807999977028, 0.0], [-73.0849200002344, 44.278240000111914, 0.0], [-73.0851699999338, 44.27827999987454, 0.0]]]]}, "properties": {"OBJECT_ID": 77, "County": "Addison", "RPC": "ACRPC", "Municipal_Name": "Monkton", "GEO_ID": "5000145550", "District_Name": "Natural Heritage Protection Overlay District", "Abbreviated_District_Name": "Nat", "District_Type": "Overlay not Affecting Use", "Bylaw_Date": "2023-03-07", "Elderly_Housing_District": "No", "District_Mapped": "Yes", "Overlay_District": "Yes", "Base_Density": 0, "GIS_ID": null, "Last_Update": "20230307", "Shape_Length": 64739.48511512799, "Shape_Area": 6204771.136691157, "F1F_Allowance": "Public Hearing", "F1F_Front_Setback": 0, "F1F_Side_Setback": 0, "F1F_Rear_Setback": 0, "F1F_Frontage": 0, "F1F_Max_Height": "", "F1F_Max_Stories": "", "F1F_Min_Lot_Size": 0, "F1F_Max_Lot_Building_Coverage": "", "F1F_Max_Lot_Impervious_Coverage": 0, "F1F_Min_Parking_Spaces": 0, "F1F_Elderly_Housing_Only": null, "F1F_Affordable_Housing_Only": null, "F2F_Allowance": "Public Hearing", "F2F_Front_Setback": "", "F2F_Side_Setback": "", "F2F_Rear_Setback": "", "F2F_Frontage": "", "F2F_Max_Density": "", "F2F_Max_Height": "", "F2F_Max_Stories": "", "F2F_Min_Lot_Size": "", "F2F_Max_Lot_Building_Coverage": "", "F2F_Max_Lot_Impervious_Coverage": "", "F2F_Min_Parking_Spaces_per_1BR": "", "F2F_Min_Parking_Spaces_per_mult_BR": "", "F2F_Elderly_Housing_Only": "No", "F2F_Affordable_Housing_Only": "No", "F3F_Allowance": "Public Hearing", "F3F_Front_Setback": "", "F3F_Side_Setback": "", "F3F_Rear_Setback": "", "F3F_Frontage": "", "F3F_Max_Density": "", "F3F_Max_Height": "", "F3F_Max_Stories": "", "F3F_Min_Lot_Size": "", "F3F_Max_Lot_Building_Coverage": "", "F3F_Max_Lot_Impervious_Coverage": "", "F3F_Min_Parking_Spaces_per_1BR": "", "F3F_Min_Parking_Spaces_per_mult_BR": "", "F3F_Affordable_Housing_Only": "No", "F3F_Proximity_to_Public_Transit_Required": "No", "F3F_Connection_to_Sewage/Water_Required": "No", "F4F_Allowance": "Public Hearing", "F4F_Front_Setback": "", "F4F_Side_Setback": "", "F4F_Rear_Setback": "", "F4F_Frontage": "", "F1F_Max_Density": null, "F4F_Max_Density": "", "F4F_Max_Height": "", "F4F_Max_Stories": "", "F4F_Min_Lot_Size": "", "F4F_Max_Lot_Building_Coverage": "", "F4F_Max_Lot_Impervious_Coverage": "", "F4F_Min_Parking_Spaces_per_1BR": "", "F4F_Min_Parking_Spaces_per_mult_BR": "", "F3F_Elderly_Housing_Only": "No", "F4F_Elderly_Housing_Only": "No", "F4F_Affordable_Housing_Only": "No", "F4F_Proximity_to_Public_Transit_Required": "No", "F4F_Connection_to_Sewage/Water_Required": "No", "ADU_Allowance": "Not Mentioned", "ADU_Elderly_Housing_Only": "No", "ADU_Max_Size_as_Percent_of_Primary_Strcture": 0, "ADU_Max_Size_in_sq_ft": 0, "ADU_Min_Lot_Size": "", "ADU_Max_Bedrooms": "", "ADU_Min_Parking_Spaces": "", "ADU_Owner_Occupancy_Required": "No", "ADU_Renter_Occupancy_Prohibited": "No", "ADU_Employee_or_Family_Occupancy_Required": "No", "ADU_Restricted_to_Primary_Structure": "\b", "Affordable_Housing_Allowance": "Not Mentioned", "Affordable_Housing_District": "No", "Affordable_Housing_Elderly_Only": "No", "Affordable_Housing_Min_Lot_Size": "", "Affordable_Housing_Max_Density": "", "Affordable_Housing_Min_Parking_Spaces_per_mult_BR": "", "Affordable_Housing_Max_Units_per_Building": "", "Affordable_Housing_Min_Parking_Spaces_per_1BR": "", "PRD_Allowance": "Not Mentioned", "PRD_Max_Density": "", "PRD_Max_Units": "", "PRD_Min_Lot_Size": "", "PRD_Mobile_or_Manufactured_Home_Park": "No", "PUD_Allowance": "\b", "PUD_Required_with_Subdivision": "", "PUD_Requires_Land_Conservation": "", "PUD_Threshold_Number": "", "Notes": " Development Must Be Planned So As to Mitigate Potential Adverse Impacts to The Endangered Species Identified In These Areas. ", "FIPS6": 1060}}, {"type": "Feature", "id": 8, "geometry": {"type": "MultiPolygon", "coordinates": [[[[-73.15252630033591, 44.27094409978308, 0], [-73.15153139965847, 44.27126329985869, 0], [-73.1523921995905, 44.27240990039617, 0], [-73.15322639832918, 44.27233249303032, 0], [-73.15294570037702, 44.271432899859676, 0], [-73.15252630033591, 44.27094409978308, 0]]], [[[-73.14915850040694, 44.26875459998118, 0], [-73.14871350008404, 44.26911469960801, 0], [-73.14886299945867, 44.26909960022438, 0], [-73.15009610001228, 44.26944040035875, 0], [-73.14942349755646, 44.268769402223576, 0], [-73.14915850040694, 44.26875459998118, 0]]], [[[-73.15452210059105, 44.24417980043666, 0], [-73.15377389977382, 44.244454099695986, 0], [-73.15318370042299, 44.24480750005402, 0], [-73.15233420051621, 44.24562230017243, 0], [-73.15217619956232, 44.2458931998455, 0], [-73.152120500381, 44.24616350001345, 0], [-73.15239930052911, 44.24697190041767, 0], [-73.15323540031325, 44.24819399972259, 0], [-73.15382229983648, 44.24881799978067, 0], [-73.15457910046136, 44.24932430011343, 0], [-73.15506589963381, 44.24930660044841, 0], [-73.1552738994003, 44.24942679974323, 0], [-73.15595990015896, 44.250461400281154, 0], [-73.1563699000972, 44.25053149998867, 0], [-73.15655919997876, 44.25066540038933, 0], [-73.15655149976244, 44.251538000383896, 0], [-73.15685930054748, 44.25169330015385, 0], [-73.15718039972923, 44.25126440025585, 0], [-73.15729430048665, 44.25099379988099, 0], [-73.1571081001259, 44.25072480010496, 0], [-73.15735190000791, 44.25054670035241, 0], [-73.15747769983604, 44.25018269956215, 0], [-73.1578203999792, 44.24980670036396, 0], [-73.1579164997227, 44.2496068000008, 0], [-73.15838369939534, 44.24913370016686, 0], [-73.15848560005423, 44.24882690019126, 0], [-73.15847960013977, 44.24828700037548, 0], [-73.15837489949139, 44.24770620003511, 0], [-73.15826509975695, 44.2474782004115, 0], [-73.15823919967369, 44.246938399831336, 0], [-73.15788400025465, 44.24643180028152, 0], [-73.15785449971989, 44.24613060022994, 0], [-73.15770130052603, 44.24586150022956, 0], [-73.15748950039844, 44.245631199878964, 0], [-73.15707770060035, 44.2453877004148, 0], [-73.15641380035022, 44.24541229977026, 0], [-73.15610139972611, 44.24501210014328, 0], [-73.15545810039684, 44.244393300323274, 0], [-73.15498439966223, 44.244194900074014, 0], [-73.15452210059105, 44.24417980043666, 0]]], [[[-73.12703710037368, 44.238469699932786, 0], [-73.12688739996278, 44.238631699679345, 0], [-73.12679250038525, 44.23901540025726, 0], [-73.1268955002149, 44.23939810034327, 0], [-73.12703640047611, 44.239554099673924, 0], [-73.1269202004209, 44.23982470016949, 0], [-73.12680970009148, 44.24063529992156, 0], [-73.12691149981619, 44.24090470034557, 0], [-73.12687500029827, 44.24117490020159, 0], [-73.12626040022825, 44.24167109955691, 0], [-73.125847000087, 44.24253050035647, 0], [-73.12555919948817, 44.24278230002899, 0], [-73.1252147997254, 44.243342400101376, 0], [-73.12494089994193, 44.24415550003625, 0], [-73.12455449944171, 44.24496759978091, 0], [-73.12431749995109, 44.24577879977219, 0], [-73.12429199957842, 44.24658900007424, 0], [-73.12450599950286, 44.247141000133816, 0], [-73.1248873005728, 44.24767449990185, 0], [-73.12526289939073, 44.24767239961557, 0], [-73.1256369998344, 44.247533200269814, 0], [-73.1258565003934, 44.24728009996162, 0], [-73.12638829996465, 44.246847500090794, 0], [-73.12657509965247, 44.24657649973337, 0], [-73.12712359954853, 44.24604220033701, 0], [-73.12749780048178, 44.2459029997102, 0], [-73.12787330029792, 44.24590090038668, 0], [-73.12825110022297, 44.24575990004153, 0], [-73.12831319973692, 44.24548689970637, 0], [-73.12872690047739, 44.244944700347176, 0], [-73.12886499944516, 44.24458679995164, 0], [-73.1290529004835, 44.244402899629954, 0], [-73.12919830002102, 44.24386210004294, 0], [-73.1295057995005, 44.2433203998359, 0], [-73.12947480017688, 44.24287499979745, 0], [-73.12934570040524, 44.24251129982282, 0], [-73.12933830056035, 44.24170139970175, 0], [-73.12920899982672, 44.241432099866955, 0], [-73.12934350060944, 44.24116139989679, 0], [-73.12933129942422, 44.240362000046645, 0], [-73.12913509976735, 44.240082500100506, 0], [-73.12913219996796, 44.239812500273864, 0], [-73.12893730057405, 44.23954009997063, 0], [-73.12855880017362, 44.2392721998687, 0], [-73.12806649991091, 44.239087499561734, 0], [-73.12766829995238, 44.238834000138965, 0], [-73.12742009952424, 44.238600400367986, 0], [-73.12703710037368, 44.238469699932786, 0]]], [[[-73.15703529943222, 44.23376160004722, 0], [-73.15678849978859, 44.23380920021959, 0], [-73.15672639943914, 44.233987299687726, 0], [-73.15593149998175, 44.23427420006975, 0], [-73.15566073909969, 44.234461305171095, 0], [-73.15513740012662, 44.234829499854904, 0], [-73.1547557005344, 44.23557249957996, 0], [-73.15483479990249, 44.23561820005931, 0], [-73.15501250035658, 44.23615709975046, 0], [-73.15508470017524, 44.23750669955284, 0], [-73.15553460048798, 44.23862190032514, 0], [-73.15609659982559, 44.23939090031175, 0], [-73.15650469975265, 44.23981840038422, 0], [-73.1578617996289, 44.24053250020901, 0], [-73.15823830061466, 44.24062190011721, 0], [-73.15888690010955, 44.240454800337304, 0], [-73.15936000054896, 44.24017280024293, 0], [-73.15973549938106, 44.24016670016077, 0], [-73.16006300874974, 44.240254480732375, 0], [-73.16048659938653, 44.24016019979671, 0], [-73.16061359963328, 44.23999739998304, 0], [-73.16067689944592, 44.239904500290926, 0], [-73.16065824261172, 44.23938217764411, 0], [-73.16056980032067, 44.238825099756994, 0], [-73.1603802776063, 44.23835484438925, 0], [-73.16024689660551, 44.23807711541848, 0], [-73.16013703656178, 44.2378974763896, 0], [-73.15954029949931, 44.237056400056865, 0], [-73.15944242360239, 44.23677578762744, 0], [-73.1589832212429, 44.235802070985045, 0], [-73.15860430024595, 44.23529070010568, 0], [-73.15850149959678, 44.23505709975449, 0], [-73.15853050048806, 44.234786900383355, 0], [-73.15833670040548, 44.23451810044719, 0], [-73.15724540021785, 44.233984400236224, 0], [-73.15703529943222, 44.23376160004722, 0]]], [[[-73.13562409943233, 44.23318349984621, 0], [-73.13516160043001, 44.23323629964637, 0], [-73.1348760994898, 44.233472099659764, 0], [-73.13449140031503, 44.23356569982038, 0], [-73.13399169975985, 44.23384580002336, 0], [-73.13338040024652, 44.234069799836604, 0], [-73.13300489953473, 44.234071900149836, 0], [-73.13225289973614, 44.23398380018144, 0], [-73.13187769984869, 44.234014199638835, 0], [-73.13113219963245, 44.234529999965346, 0], [-73.13075730049181, 44.2345927998208, 0], [-73.13000950043354, 44.23489839970975, 0], [-73.1296297996878, 44.23521699971422, 0], [-73.12926279940902, 44.23530750033985, 0], [-73.12813619983258, 44.23530149972205, 0], [-73.12756580002896, 44.23550120038432, 0], [-73.12727760010439, 44.23577280022974, 0], [-73.12722199996489, 44.23604309992088, 0], [-73.12730019957576, 44.23658269975891, 0], [-73.12749370013462, 44.23712159958571, 0], [-73.12794310018377, 44.23781720000764, 0], [-73.12831920043229, 44.23808680019314, 0], [-73.12884990037233, 44.23868149981772, 0], [-73.13043629990645, 44.239693400211785, 0], [-73.13118779946186, 44.23972780016826, 0], [-73.13184070020351, 44.23945909959452, 0], [-73.1323080006012, 44.23912659965418, 0], [-73.13335440002216, 44.23865519969197, 0], [-73.1336088000093, 44.23870779962504, 0], [-73.1341867000766, 44.23897660023136, 0], [-73.13444900056369, 44.23889410016049, 0], [-73.13503529969113, 44.238505399944884, 0], [-73.13550859962436, 44.23803670034419, 0], [-73.13605139971592, 44.237890300138496, 0], [-73.13645919990428, 44.23758559993364, 0], [-73.13643829958201, 44.23734209970892, 0], [-73.13661399998838, 44.237071100250375, 0], [-73.13682560056145, 44.2369983000712, 0], [-73.1370094001057, 44.23597299969353, 0], [-73.13674450061353, 44.23409819993253, 0], [-73.13637230026708, 44.233544700038074, 0], [-73.13600220027531, 44.23342299983016, 0], [-73.13562409943233, 44.23318349984621, 0]]], [[[-73.17879790009412, 44.23220669982218, 0], [-73.17812580021929, 44.2322982997615, 0], [-73.17804859941113, 44.232354700173815, 0], [-73.17799589994043, 44.23228039974828, 0], [-73.17772030051417, 44.23220959991173, 0], [-73.17729610032733, 44.232224600430655, 0], [-73.1768799997317, 44.2325197003861, 0], [-73.17668430054677, 44.23279090020082, 0], [-73.17668539990586, 44.232886400046546, 0], [-73.1765537004571, 44.23298260009011, 0], [-73.17623720041578, 44.23360349968108, 0], [-73.17611760041687, 44.234091499675294, 0], [-73.1759945004958, 44.2342721998821, 0], [-73.17581820014736, 44.234336899838965, 0], [-73.17577510060511, 44.23441620043748, 0], [-73.17619859983019, 44.23476270009396, 0], [-73.17660439990983, 44.23493090002737, 0], [-73.17671219963123, 44.2352206998619, 0], [-73.17658049996582, 44.23531699979878, 0], [-73.17620500035213, 44.235319199826876, 0], [-73.17588329992005, 44.23549559983748, 0], [-73.17583269992082, 44.23560779964012, 0], [-73.17567580055726, 44.23549680038008, 0], [-73.17550439955558, 44.235462700303735, 0], [-73.17507999973647, 44.23546080017072, 0], [-73.17470520034931, 44.23553049983944, 0], [-73.17433199942904, 44.235735199956295, 0], [-73.17395779994509, 44.23585330017224, 0], [-73.17369140001755, 44.23577849985522, 0], [-73.17358060039429, 44.23570009955114, 0], [-73.17319629962513, 44.23493200014446, 0], [-73.17246250018496, 44.23441920030428, 0], [-73.17232960031973, 44.23443659989713, 0], [-73.17219790036194, 44.23453280029907, 0], [-73.17202620061026, 44.23497830016384, 0], [-73.17172389960302, 44.235268800337366, 0], [-73.17151150028101, 44.235791300139056, 0], [-73.17154480004935, 44.23660109990856, 0], [-73.17160830040378, 44.23687080006665, 0], [-73.17179509957968, 44.23713970042312, 0], [-73.17296129938136, 44.23794279987227, 0], [-73.17320529967218, 44.23848130017741, 0], [-73.17342299991351, 44.23875000037721, 0], [-73.17365029954466, 44.23954000040334, 0], [-73.17375940040768, 44.23973249971014, 0], [-73.1738932996496, 44.23982719990979, 0], [-73.17368260024831, 44.24009849984198, 0], [-73.17337070025376, 44.24091029957575, 0], [-73.1733094999054, 44.24145069976991, 0], [-73.17364950032749, 44.24174130043438, 0], [-73.17402389937905, 44.241640000144265, 0], [-73.17481059993021, 44.240901799849794, 0], [-73.17508409977509, 44.24036020014953, 0], [-73.17486729982255, 44.24009149967651, 0], [-73.17519310000769, 44.23986470005293, 0], [-73.17550489972402, 44.239780400167554, 0], [-73.17588050034765, 44.23977820003533, 0], [-73.17618379987061, 44.239866399817764, 0], [-73.17641520045197, 44.24008230021694, 0], [-73.17631180042149, 44.24012029956068, 0], [-73.1759420999293, 44.24062509970349, 0], [-73.17627370009264, 44.24132120005065, 0], [-73.17643070007595, 44.24143219957573, 0], [-73.1762753001331, 44.241461200063796, 0], [-73.17591999963221, 44.24171770032167, 0], [-73.17552789997065, 44.24178399956026, 0], [-73.17515479970976, 44.24200780010243, 0], [-73.17496520036669, 44.24225089991432, 0], [-73.17498569985113, 44.24291980006012, 0], [-73.17506549998662, 44.24313379983184, 0], [-73.17562390023157, 44.243542399977976, 0], [-73.17630199983986, 44.243786499974064, 0], [-73.17667749947117, 44.243784299611676, 0], [-73.17694070052849, 44.2439413000328, 0], [-73.17743170002016, 44.24404979993893, 0], [-73.17811790063016, 44.24380740039809, 0], [-73.17813549964393, 44.24331210015968, 0], [-73.17854469945318, 44.24284869984057, 0], [-73.17869159944513, 44.24287410034373, 0], [-73.17891810025317, 44.242655500295555, 0], [-73.17892070047284, 44.242879299805566, 0], [-73.17877470000816, 44.242932900155104, 0], [-73.17887060036577, 44.243307699634336, 0], [-73.17881970012127, 44.24365700017424, 0], [-73.17893050047316, 44.243735399776085, 0], [-73.1792414005379, 44.2435306998852, 0], [-73.17946000037921, 44.24357420007675, 0], [-73.17961019987348, 44.24389599990706, 0], [-73.17991310041754, 44.24394679960393, 0], [-73.18043810057317, 44.244187399667126, 0], [-73.18076399994781, 44.24464640025344, 0], [-73.18059860039789, 44.24502579974219, 0], [-73.18033970021324, 44.24518889968278, 0], [-73.18034279976577, 44.24545890029011, 0], [-73.18063749999271, 44.245595400025785, 0], [-73.18099349978702, 44.245879800285635, 0], [-73.18115819971591, 44.246263999979384, 0], [-73.18117020038815, 44.246768799628754, 0], [-73.18126120036463, 44.24704540019984, 0], [-73.18159860034513, 44.24711089964204, 0], [-73.18194570043048, 44.247361900318225, 0], [-73.18236230059111, 44.24818629990333, 0], [-73.18265019951671, 44.24820829968242, 0], [-73.18279200015762, 44.24837689990695, 0], [-73.18304339959231, 44.24846539963677, 0], [-73.18317070041546, 44.24864469957249, 0], [-73.1834957002802, 44.24875909967292, 0], [-73.18425319966377, 44.24929449984075, 0], [-73.18508500046092, 44.249695900131876, 0], [-73.18592309991203, 44.2499002000963, 0], [-73.18678409973217, 44.25028029995592, 0], [-73.18693839953913, 44.250311000213664, 0], [-73.1872692997212, 44.250249299626816, 0], [-73.18802539957235, 44.25065909959773, 0], [-73.18877420011316, 44.25045450035896, 0], [-73.18914779943209, 44.25028040003592, 0], [-73.18969719964758, 44.250118999691566, 0], [-73.19023669999913, 44.249697000190864, 0], [-73.1910100999091, 44.24892739998212, 0], [-73.19137069962377, 44.248356600421374, 0], [-73.19154949962346, 44.247821600140455, 0], [-73.19160039973563, 44.24728129998677, 0], [-73.19179330035733, 44.24647010018425, 0], [-73.19167796255921, 44.24522891738717, 0], [-73.1910460004175, 44.24377470018338, 0], [-73.19094389965709, 44.243272600020276, 0], [-73.19059300024519, 44.242697499947155, 0], [-73.19057512897427, 44.24214284409237, 0], [-73.1904228998063, 44.24080849984718, 0], [-73.19033560044704, 44.240539000091545, 0], [-73.19010620000688, 44.240000399828965, 0], [-73.18963139963307, 44.23919330020577, 0], [-73.18951920060796, 44.238384000437215, 0], [-73.18941090020374, 44.23813579963822, 0], [-73.18899930054478, 44.23755460038235, 0], [-73.18862060055103, 44.2372867997105, 0], [-73.18824370005358, 44.23717339984837, 0], [-73.18786850047967, 44.23719759962016, 0], [-73.18749460056625, 44.237344299729195, 0], [-73.18711830044539, 44.23727900027382, 0], [-73.186740500197, 44.237088099656994, 0], [-73.18636499973637, 44.237090299794886, 0], [-73.18599130003959, 44.23724619971788, 0], [-73.18524020044178, 44.237250799622025, 0], [-73.18518620052767, 44.237330099817015, 0], [-73.18519249986926, 44.23787009997497, 0], [-73.18487539975327, 44.238169999693085, 0], [-73.1845618002419, 44.238098699986715, 0], [-73.18396810061198, 44.23771579975791, 0], [-73.18352560057937, 44.23680010043589, 0], [-73.18317100024075, 44.23653220044146, 0], [-73.18308340005305, 44.23626270032852, 0], [-73.18316479979919, 44.235992200348804, 0], [-73.1831295004265, 44.23587849957662, 0], [-73.18282490041356, 44.235556699986724, 0], [-73.18183290047692, 44.2348807002498, 0], [-73.18145739999294, 44.234883000348034, 0], [-73.18061910001714, 44.23499110041351, 0], [-73.18014559966717, 44.23479270040132, 0], [-73.1798157999713, 44.23448929983801, 0], [-73.1797359003486, 44.23439270030758, 0], [-73.17976340043431, 44.234122599876514, 0], [-73.17992120021057, 44.23385159974125, 0], [-73.17996990045997, 44.23360240028269, 0], [-73.17993630019254, 44.233232499692264, 0], [-73.17982790023353, 44.23304219966218, 0], [-73.17923189984684, 44.23250580027814, 0], [-73.17879790009412, 44.23220669982218, 0]]], [[[-73.13013920033795, 44.21185249974937, 0], [-73.12976379940952, 44.21185459961905, 0], [-73.12938910039975, 44.21191920035726, 0], [-73.1287994002947, 44.212387099973995, 0], [-73.12818230003431, 44.21275380045205, 0], [-73.12669860025541, 44.21384649993066, 0], [-73.1264070000195, 44.213896100149874, 0], [-73.12566259944897, 44.21363539967056, 0], [-73.12527799950544, 44.21363570010848, 0], [-73.12500000047906, 44.21357509978223, 0], [-73.12452379970334, 44.213312400376694, 0], [-73.12376999984812, 44.213029999710216, 0], [-73.12339530059032, 44.21309459967919, 0], [-73.12264889939398, 44.213513599977034, 0], [-73.12152420048416, 44.213649800001335, 0], [-73.12115029968437, 44.213791799806835, 0], [-73.12088709945021, 44.214017099916965, 0], [-73.12066309986047, 44.214479299891714, 0], [-73.12058980047134, 44.215019699706254, 0], [-73.1205643001469, 44.21528980031032, 0], [-73.12065230039599, 44.21582930033264, 0], [-73.12089110019463, 44.21657549978874, 0], [-73.120973600245, 44.21717760005082, 0], [-73.1217389993909, 44.21894889987294, 0], [-73.12204540061836, 44.219871700162294, 0], [-73.1220482000759, 44.22068170000961, 0], [-73.1223279004448, 44.22178359977771, 0], [-73.12239049998422, 44.22229979967362, 0], [-73.12212599942453, 44.22392119966097, 0], [-73.12201600058187, 44.225271800313, 0], [-73.12213560026387, 44.22573290030474, 0], [-73.12272329990171, 44.22715789993343, 0], [-73.12297300011775, 44.227426499958696, 0], [-73.12355050051755, 44.22780200002804, 0], [-73.12461960005223, 44.2279154001349, 0], [-73.12542880061258, 44.227882800350564, 0], [-73.12557610007035, 44.227952299757426, 0], [-73.12550569955646, 44.22822269983081, 0], [-73.12532079948845, 44.22849369968741, 0], [-73.12506179971301, 44.2286827002511, 0], [-73.12460480018096, 44.22876759992579, 0], [-73.1244611003996, 44.22903840008302, 0], [-73.12457670017908, 44.229577699897945, 0], [-73.12487259997641, 44.22984609974127, 0], [-73.12545900028097, 44.23073519973637, 0], [-73.12621370019988, 44.23108150031743, 0], [-73.1265900001946, 44.23115649987023, 0], [-73.12696429960151, 44.23104120012426, 0], [-73.1274993000112, 44.230758500362505, 0], [-73.12782621047545, 44.23046310557057, 0], [-73.12845430000007, 44.22990879970633, 0], [-73.1286017001264, 44.22955560035659, 0], [-73.12867400051209, 44.22928519968568, 0], [-73.12831793919999, 44.22862630213233, 0], [-73.12816699974063, 44.22840319967005, 0], [-73.12806559966197, 44.22793290010849, 0], [-73.12777680015309, 44.22759970016606, 0], [-73.12692549962675, 44.227385100197885, 0], [-73.1265749003931, 44.22713679988508, 0], [-73.12673679945743, 44.226325900280536, 0], [-73.12688780001024, 44.22603820033847, 0], [-73.12728169987412, 44.225567899560275, 0], [-73.12840189996342, 44.22498160012402, 0], [-73.12860029984365, 44.22469569986674, 0], [-73.12877310020356, 44.22458750021437, 0], [-73.13027119970255, 44.224232199868204, 0], [-73.13101890024944, 44.223927300283094, 0], [-73.13139329973123, 44.22382820039463, 0], [-73.13176870033148, 44.22382609965063, 0], [-73.13214520010894, 44.22392110009655, 0], [-73.13251790054224, 44.223660000313224, 0], [-73.13321990051979, 44.22251020000186, 0], [-73.13334329983377, 44.221969599660966, 0], [-73.13358370045374, 44.22142819996283, 0], [-73.13361520006212, 44.22094730012327, 0], [-73.13378479958952, 44.22034709957156, 0], [-73.13409659955681, 44.219889800446474, 0], [-73.13425220043372, 44.219266899929615, 0], [-73.13414639965659, 44.21782480008522, 0], [-73.1342524995295, 44.21679879985922, 0], [-73.13391399966521, 44.215756499983094, 0], [-73.13367959940499, 44.21527080018033, 0], [-73.13345449964629, 44.21505080020471, 0], [-73.13337409985843, 44.214416300275964, 0], [-73.13303600025311, 44.2137568004328, 0], [-73.13278929999096, 44.21302209965815, 0], [-73.13240029961095, 44.212670699889145, 0], [-73.13126849955569, 44.21215259994661, 0], [-73.13080859952669, 44.21205380002018, 0], [-73.13051520015411, 44.211909700052196, 0], [-73.13013920033795, 44.21185249974937, 0]]], [[[-73.1417386002776, 44.20839549962924, 0], [-73.14136379948107, 44.208440000304535, 0], [-73.14099010035466, 44.20859639993916, 0], [-73.14024779982839, 44.209372000402304, 0], [-73.13950130000586, 44.20976490033018, 0], [-73.13914740031238, 44.21005739989046, 0], [-73.13801609978641, 44.21127449968956, 0], [-73.13755979939168, 44.21162540027011, 0], [-73.13715309995482, 44.212228499589784, 0], [-73.13684180044656, 44.21304020027208, 0], [-73.13693570057666, 44.21357970002039, 0], [-73.1368177003196, 44.21392279962006, 0], [-73.13684060057135, 44.214178200054754, 0], [-73.1373007999247, 44.21456380003006, 0], [-73.138089200547, 44.21465329999608, 0], [-73.13808499986158, 44.21494440013183, 0], [-73.13784330059764, 44.21530910010562, 0], [-73.13762869969271, 44.21546579979571, 0], [-73.13752549968851, 44.21573639991557, 0], [-73.13759949939242, 44.21607279998276, 0], [-73.13801570002353, 44.21654360041545, 0], [-73.13811249980905, 44.21681310000489, 0], [-73.13800190055552, 44.217028800305975, 0], [-73.1377402996044, 44.21711150020727, 0], [-73.13695399940515, 44.21722030014699, 0], [-73.13657799955683, 44.21716670035436, 0], [-73.13624130027061, 44.21736349986774, 0], [-73.13596269972994, 44.21763509957418, 0], [-73.13559310035589, 44.2181771002573, 0], [-73.13590909964337, 44.2187154003978, 0], [-73.13565109982767, 44.219526800219505, 0], [-73.13571290051937, 44.21969289987304, 0], [-73.1358920997365, 44.21979540006295, 0], [-73.13598880022789, 44.2200649000542, 0], [-73.13619539957787, 44.22036369990576, 0], [-73.13615329965398, 44.22060400040665, 0], [-73.1358991000803, 44.22112430031273, 0], [-73.13590949985496, 44.22141529986859, 0], [-73.13582439981595, 44.22145090004241, 0], [-73.13557320049887, 44.2213623001935, 0], [-73.1353830004103, 44.22141829975138, 0], [-73.13518400035663, 44.22173150016537, 0], [-73.13501250028791, 44.22187800035887, 0], [-73.1348857998951, 44.22223099979174, 0], [-73.1350127994551, 44.22250029969567, 0], [-73.13514060044216, 44.222572000290874, 0], [-73.13537520055554, 44.223124999927286, 0], [-73.13563549986512, 44.22330679982051, 0], [-73.1357266996023, 44.22357629987645, 0], [-73.13553409974408, 44.22384739981428, 0], [-73.13547609997568, 44.22411770031759, 0], [-73.13554410001383, 44.2243872998388, 0], [-73.13583219985061, 44.22465569962079, 0], [-73.13578839985483, 44.225014499625125, 0], [-73.13583800011828, 44.22519570031925, 0], [-73.13612249947273, 44.22546409957069, 0], [-73.1361253997435, 44.225734099879816, 0], [-73.13584669972944, 44.226005599577356, 0], [-73.13575869951609, 44.22654609973066, 0], [-73.13535100033866, 44.22694030010784, 0], [-73.13476009978619, 44.22736159963421, 0], [-73.13457519979242, 44.227632600097095, 0], [-73.13458100042493, 44.228172599681926, 0], [-73.13434979961205, 44.228443900141464, 0], [-73.13440629940868, 44.228713599998876, 0], [-73.13460109950744, 44.22887469984854, 0], [-73.13483209953614, 44.229372999983404, 0], [-73.13498240046643, 44.22941260004579, 0], [-73.13520990041079, 44.229591499668835, 0], [-73.13543469942448, 44.229626499919014, 0], [-73.13566080012846, 44.229786600329085, 0], [-73.135735800375, 44.22995080014957, 0], [-73.13596529996512, 44.230002199722136, 0], [-73.1362435005683, 44.23032329973719, 0], [-73.13672350022637, 44.230663100191244, 0], [-73.13709949953734, 44.23071040035851, 0], [-73.13747789964826, 44.23097820022345, 0], [-73.1378525999697, 44.23090869970153, 0], [-73.13842619978738, 44.230189199957714, 0], [-73.13865119998522, 44.22971670010999, 0], [-73.1389844994181, 44.229513800212445, 0], [-73.14017970049466, 44.22928719964201, 0], [-73.14046170043187, 44.22911440031454, 0], [-73.14068839965826, 44.22932709966602, 0], [-73.14121639940906, 44.22945039961742, 0], [-73.14159139958794, 44.22940829958423, 0], [-73.14233939946511, 44.22913410038308, 0], [-73.14271250003576, 44.22891079980884, 0], [-73.14308430017408, 44.228571200221275, 0], [-73.14318039964452, 44.2283944996399, 0], [-73.14356860038403, 44.227312300063254, 0], [-73.14367420051857, 44.22677170021796, 0], [-73.14393300024192, 44.22623029973634, 0], [-73.14392119997201, 44.22515040037799, 0], [-73.1443054994377, 44.22417080010101, 0], [-73.14451780025983, 44.22378530031258, 0], [-73.14497090032755, 44.22325449969229, 0], [-73.1449988003039, 44.22298430040069, 0], [-73.14464030046884, 44.22244639978592, 0], [-73.1444646998794, 44.221907399685136, 0], [-73.14406189997172, 44.22163959991008, 0], [-73.14375880001504, 44.22155440033464, 0], [-73.1433834005243, 44.221556499974824, 0], [-73.14322349944473, 44.221488799888384, 0], [-73.1431268005105, 44.22137490025821, 0], [-73.14298589961597, 44.221118100196435, 0], [-73.14302280042992, 44.22029550003444, 0], [-73.14280649972422, 44.219756700171395, 0], [-73.1428006004127, 44.219216799793806, 0], [-73.14181710012275, 44.217872299887105, 0], [-73.14120579938366, 44.21733579996832, 0], [-73.14114790025938, 44.21711319993081, 0], [-73.14119350055572, 44.216795900097374, 0], [-73.1414530994908, 44.21666930034974, 0], [-73.14182869951298, 44.21668690035604, 0], [-73.14189280016285, 44.21656900005121, 0], [-73.14188119985374, 44.21625199971781, 0], [-73.14164710013864, 44.21598329979281, 0], [-73.14186419938373, 44.215745099975635, 0], [-73.1431456995746, 44.215312800256434, 0], [-73.14331420060246, 44.21520510034621, 0], [-73.14359829966891, 44.21522820022782, 0], [-73.14369100021122, 44.215326500132015, 0], [-73.14374639991635, 44.21516150014636, 0], [-73.14368740041424, 44.21499719970527, 0], [-73.1433120000439, 44.2149993000041, 0], [-73.14326200042662, 44.21489420023223, 0], [-73.14308499999362, 44.21478679960638, 0], [-73.14293420043, 44.214778599966046, 0], [-73.14261440028868, 44.21462790013921, 0], [-73.14242369941161, 44.21435899988312, 0], [-73.14255280039518, 44.21423309990197, 0], [-73.1429263000318, 44.21405099997296, 0], [-73.14330289975565, 44.21416640017367, 0], [-73.1435308993994, 44.21408269960985, 0], [-73.14341349979415, 44.21381339971894, 0], [-73.14367309971259, 44.21368680026074, 0], [-73.14379240038632, 44.21354130015495, 0], [-73.14372579976309, 44.21327169985898, 0], [-73.1432908001602, 44.21305679967302, 0], [-73.14318289960568, 44.21273470041616, 0], [-73.14323900025703, 44.2116543999235, 0], [-73.14360550010855, 44.21084240035289, 0], [-73.14320910020862, 44.21003460043857, 0], [-73.14337290028377, 44.20949370034353, 0], [-73.14309760045558, 44.209062999593485, 0], [-73.1426133994826, 44.20868800019037, 0], [-73.14211490009733, 44.20847440022392, 0], [-73.1417386002776, 44.20839549962924, 0]]], [[[-73.1461520004117, 44.200071800365, 0], [-73.145401799669, 44.20010979990235, 0], [-73.14471820037438, 44.20062050006663, 0], [-73.14435860054395, 44.20111820012383, 0], [-73.14381350000401, 44.202390799699025, 0], [-73.14366140017643, 44.203012200407514, 0], [-73.14370460004254, 44.203551900177324, 0], [-73.1440933002766, 44.20435970040749, 0], [-73.14403579939295, 44.20462999973916, 0], [-73.14413179950554, 44.204899500190585, 0], [-73.1448912003961, 44.205705200350856, 0], [-73.14491470023549, 44.206646699924995, 0], [-73.14509809964285, 44.206667699716185, 0], [-73.14547289988855, 44.206616300067715, 0], [-73.14621889996036, 44.20618779979353, 0], [-73.14659510047049, 44.20626739991465, 0], [-73.14697260049185, 44.20645979963292, 0], [-73.1473962000564, 44.20653510030458, 0], [-73.14772279943793, 44.20642179970355, 0], [-73.14802670049184, 44.20622740024012, 0], [-73.14848590022432, 44.20568480015818, 0], [-73.148508300308, 44.2054146997145, 0], [-73.14838129939969, 44.20514539963302, 0], [-73.14776410054967, 44.2043389001486, 0], [-73.1474249004096, 44.20372390028555, 0], [-73.14740520010243, 44.203260999859275, 0], [-73.1475410003813, 44.20191020015078, 0], [-73.14752279965023, 44.20164030016124, 0], [-73.14735700010526, 44.20110130009193, 0], [-73.14720810027599, 44.20083210009625, 0], [-73.14690729963563, 44.20049799975097, 0], [-73.14652860018276, 44.20019160018845, 0], [-73.1461520004117, 44.200071800365, 0]]], [[[-73.15323489960748, 44.195727099759374, 0], [-73.15309419971685, 44.19577030008902, 0], [-73.15248769955019, 44.19603149974891, 0], [-73.15164969996752, 44.196956699654926, 0], [-73.15130079975935, 44.19751320037779, 0], [-73.15128110020039, 44.197839000226644, 0], [-73.15110609952666, 44.19811000024169, 0], [-73.15057000018673, 44.19865309991038, 0], [-73.15028400014272, 44.19919469979958, 0], [-73.15028699995503, 44.199464700392056, 0], [-73.15066819963681, 44.20000250026593, 0], [-73.15067499960091, 44.20027239996543, 0], [-73.1503942994227, 44.20054399988709, 0], [-73.15018629940441, 44.201085200239355, 0], [-73.15018930020831, 44.20135519984033, 0], [-73.1503238000062, 44.201605399920254, 0], [-73.15058329971392, 44.20168790035332, 0], [-73.15142459955796, 44.20172170019161, 0], [-73.15190850013366, 44.201425900430856, 0], [-73.15217090027171, 44.201329700379716, 0], [-73.15254320037141, 44.20105949980015, 0], [-73.15311699992466, 44.200798499619594, 0], [-73.15343180020885, 44.20052669977326, 0], [-73.15364939943244, 44.20024770005876, 0], [-73.1543525004732, 44.199674000143794, 0], [-73.1547738993725, 44.19914049972545, 0], [-73.15487189972612, 44.19889850036804, 0], [-73.15481670008012, 44.19781879996618, 0], [-73.15436939968303, 44.196499900263056, 0], [-73.15340329947603, 44.19581650021116, 0], [-73.15323489960748, 44.195727099759374, 0]]], [[[-73.07827744666689, 44.18360888519897, 0], [-73.07411330654865, 44.18402257231406, 0], [-73.07281679832546, 44.184150854197455, 0], [-73.07280419701875, 44.18415209817324, 0], [-73.07283999954923, 44.18419999985634, 0], [-73.07274000020682, 44.1843599997504, 0], [-73.07311999969978, 44.18456000010259, 0], [-73.07338000057415, 44.18513999969299, 0], [-73.07376000002522, 44.18546999999771, 0], [-73.07380000044002, 44.18556999974643, 0], [-73.07364999943478, 44.18573000044171, 0], [-73.07342999967618, 44.18572999977952, 0], [-73.07256999977832, 44.18532000009826, 0], [-73.07184999970382, 44.185410000416326, 0], [-73.07157999964475, 44.185340000258435, 0], [-73.07140000062583, 44.18516000043767, 0], [-73.07149132524479, 44.18428168814934, 0], [-73.07103750587747, 44.18432648309911, 0], [-73.07106998528613, 44.18449086009265, 0], [-73.07277818121959, 44.19312721661062, 0], [-73.076462865241, 44.211700980007734, 0], [-73.07761680051674, 44.21252690043662, 0], [-73.0778891995407, 44.2128720001987, 0], [-73.07913679940668, 44.21386539958231, 0], [-73.0795395000349, 44.214425299862576, 0], [-73.07955590019404, 44.21464730036632, 0], [-73.07991589955657, 44.2152003995679, 0], [-73.07993420034144, 44.21550330013459, 0], [-73.08018969960571, 44.21604199986104, 0], [-73.08058680018117, 44.21661450019766, 0], [-73.08078820037944, 44.21711890040092, 0], [-73.08129120050715, 44.21800410031089, 0], [-73.08143549944586, 44.21844270013489, 0], [-73.08148339969595, 44.219005400116686, 0], [-73.08160000007986, 44.219410400129014, 0], [-73.08196110033767, 44.220082899782064, 0], [-73.08196380006974, 44.220352900118904, 0], [-73.08187480034186, 44.220623399969455, 0], [-73.0815548994641, 44.22116500042203, 0], [-73.0814638995863, 44.221457399576146, 0], [-73.08147180027525, 44.221975399826206, 0], [-73.08176800012839, 44.2228229004167, 0], [-73.08175150041501, 44.22332389984404, 0], [-73.08152699977263, 44.22391500023432, 0], [-73.08098129996647, 44.22494780044785, 0], [-73.0807033998628, 44.226029199562326, 0], [-73.08076090023764, 44.226568899759876, 0], [-73.08180729977344, 44.22899359971519, 0], [-73.08190629964031, 44.22980310042989, 0], [-73.0822145002629, 44.23110479974186, 0], [-73.08244289986239, 44.23250029988385, 0], [-73.08246480052964, 44.233040199916914, 0], [-73.08239160007959, 44.23358050018858, 0], [-73.08254209980876, 44.23438970022942, 0], [-73.08262660048901, 44.23465929979531, 0], [-73.08298339964985, 44.235197499935104, 0], [-73.08329270005417, 44.236005899909685, 0], [-73.08341919982341, 44.236846499950225, 0], [-73.08412809997472, 44.23823300005741, 0], [-73.08434339998244, 44.23889179964814, 0], [-73.08463720027397, 44.23950890035827, 0], [-73.0846525001706, 44.24058879997572, 0], [-73.08493410052891, 44.241937399558154, 0], [-73.08578080031012, 44.243385100407195, 0], [-73.08692369942263, 44.24501379958068, 0], [-73.0877178002658, 44.24597300001259, 0], [-73.0879818993934, 44.2465722003909, 0], [-73.08828410019525, 44.24705010040384, 0], [-73.0882868000801, 44.247320100214864, 0], [-73.08782099974434, 44.24821449969832, 0], [-73.0871465999803, 44.25019740019289, 0], [-73.08706719958464, 44.251352299999816, 0], [-73.08719749952563, 44.252266499778194, 0], [-73.08738370051239, 44.25300069986252, 0], [-73.08781640017659, 44.25354849972864, 0], [-73.08736859940872, 44.25422609991968, 0], [-73.08734220025845, 44.254618300039546, 0], [-73.08746859963591, 44.25514039982519, 0], [-73.0876861994314, 44.25568389980577, 0], [-73.08829729954093, 44.25618170004573, 0], [-73.0885705000409, 44.25622390040861, 0], [-73.0889478000122, 44.25623019958641, 0], [-73.08917439938483, 44.256002899960414, 0], [-73.0893236001049, 44.25576260028463, 0], [-73.0895041005767, 44.255630899833896, 0], [-73.08981940038477, 44.25487199995783, 0], [-73.08971330043003, 44.25428390040933, 0], [-73.08939509960706, 44.25382350019483, 0], [-73.08943880041923, 44.25297280005871, 0], [-73.0899570002378, 44.25242659980284, 0], [-73.09022430021592, 44.25188060032726, 0], [-73.09082249953063, 44.2510932995594, 0], [-73.09102810059942, 44.25043880033419, 0], [-73.09125609982746, 44.248924699776715, 0], [-73.09118100046341, 44.248115099715974, 0], [-73.0908031999067, 44.247037100344286, 0], [-73.09088309992285, 44.24649670011137, 0], [-73.09117600060578, 44.24576650002359, 0], [-73.09178970026547, 44.24486100027995, 0], [-73.09252430021465, 44.243518199984045, 0], [-73.09290800001217, 44.242491599628465, 0], [-73.09330369966699, 44.240515500411846, 0], [-73.09321215351376, 44.23922911955709, 0], [-73.09290609978753, 44.237846399827745, 0], [-73.09247591486395, 44.23661276444695, 0], [-73.09224190058697, 44.23595979997605, 0], [-73.09201650043299, 44.234835300076156, 0], [-73.09200469981118, 44.23380109969752, 0], [-73.09233840013974, 44.2319093996455, 0], [-73.09230539962385, 44.230829600249024, 0], [-73.09184619979713, 44.22921200030701, 0], [-73.09123349941333, 44.22759519982704, 0], [-73.09085058506403, 44.2268364850972, 0], [-73.09051889983623, 44.225978899899694, 0], [-73.09061554044705, 44.2244596106634, 0], [-73.09058809941871, 44.22327859964114, 0], [-73.09042980005154, 44.22246940037661, 0], [-73.0902241995996, 44.22193049968711, 0], [-73.0890924998354, 44.22031640022529, 0], [-73.088199000038, 44.219241000202814, 0], [-73.08789179988591, 44.21870260010122, 0], [-73.08771869952973, 44.21789349959047, 0], [-73.08739500057618, 44.216881000229, 0], [-73.08684240036847, 44.21573799961231, 0], [-73.08641430053389, 44.21520020001843, 0], [-73.08621510050133, 44.214684100247055, 0], [-73.08600039946585, 44.213042399825895, 0], [-73.08557240059254, 44.21196459977691, 0], [-73.08551329980834, 44.21111720012428, 0], [-73.0856830004041, 44.20980400029317, 0], [-73.08638879958431, 44.2079104004534, 0], [-73.08658630030351, 44.206799099795745, 0], [-73.08651039995252, 44.20493990033773, 0], [-73.0866823000823, 44.203858999727004, 0], [-73.0867034997908, 44.20277889973802, 0], [-73.08660440023108, 44.20169940024622, 0], [-73.08631380030894, 44.20035089998557, 0], [-73.08627959979555, 44.199001100166285, 0], [-73.08610610043809, 44.19819200006218, 0], [-73.08545809974115, 44.196575300341024, 0], [-73.08494549974255, 44.1946879995619, 0], [-73.08401079987998, 44.19253280044599, 0], [-73.0837718999197, 44.192147299748044, 0], [-73.08308370033491, 44.191457499821425, 0], [-73.08263580052422, 44.19109910000468, 0], [-73.08228430006194, 44.190903200058585, 0], [-73.08150190008207, 44.19026889964868, 0], [-73.08068630050347, 44.18984980029656, 0], [-73.08052889996665, 44.18931059981783, 0], [-73.08069319962301, 44.189006799611136, 0], [-73.08068680032189, 44.187419799771384, 0], [-73.08033359963555, 44.185933299953284, 0], [-73.07998649957105, 44.18523820040021, 0], [-73.07930880026255, 44.18464509975192, 0], [-73.07827744666689, 44.18360888519897, 0]]], [[[-73.11518729959103, 44.18189420022486, 0], [-73.11481209973294, 44.181896200321674, 0], [-73.11435830025776, 44.18205600005475, 0], [-73.11350920035318, 44.18252599993072, 0], [-73.11334349996166, 44.18267649998762, 0], [-73.11302510005157, 44.1832008995739, 0], [-73.11298799950966, 44.1837410995997, 0], [-73.11263419946614, 44.18455289983351, 0], [-73.1126280003506, 44.185612400435815, 0], [-73.11285229970616, 44.18617179978413, 0], [-73.11301419938518, 44.1869808996944, 0], [-73.11327000048423, 44.18751950032349, 0], [-73.11332310019905, 44.18805919958562, 0], [-73.11384269976345, 44.18967640013715, 0], [-73.11418619951839, 44.19021460007874, 0], [-73.1145642994054, 44.19048250016817, 0], [-73.11466779948142, 44.19065130010792, 0], [-73.11518850007141, 44.191087099919024, 0], [-73.11568880049055, 44.191826499628455, 0], [-73.11569060016309, 44.19236640005364, 0], [-73.11532729973145, 44.19290839990071, 0], [-73.11515069997331, 44.193337400251096, 0], [-73.11467200018687, 44.19554479976864, 0], [-73.11464000032264, 44.19615210022211, 0], [-73.11476640017578, 44.19696139982785, 0], [-73.1150860003934, 44.197769599684065, 0], [-73.11535749972613, 44.198253299775494, 0], [-73.11611800012332, 44.1992078998588, 0], [-73.11649740033732, 44.19959710025315, 0], [-73.11708950012212, 44.200036199805865, 0], [-73.11763079983749, 44.20031099966912, 0], [-73.11800419979853, 44.20012900023377, 0], [-73.1183795004288, 44.200126899975366, 0], [-73.11852789940151, 44.200018599967294, 0], [-73.11870390038276, 44.19964010017786, 0], [-73.1189711005712, 44.199368599891315, 0], [-73.11896260023437, 44.19855869984387, 0], [-73.1194319003068, 44.19747620015976, 0], [-73.11942520040638, 44.195586199751844, 0], [-73.11934060017194, 44.19477670011539, 0], [-73.11940309987591, 44.19372169977205, 0], [-73.11920829957425, 44.193319800182756, 0], [-73.11918309958895, 44.192886199596735, 0], [-73.11899999996675, 44.1925900004284, 0], [-73.11902999998505, 44.19226999991618, 0], [-73.11891000008701, 44.19192999984981, 0], [-73.11892999967574, 44.19163999981629, 0], [-73.11880000043172, 44.19142999991688, 0], [-73.11892000059099, 44.19109000000514, 0], [-73.1187845999012, 44.1907297001697, 0], [-73.11875050053722, 44.19018989990235, 0], [-73.1186157997662, 44.18957573269741, 0], [-73.11859000045784, 44.18956999995821, 0], [-73.11847999995202, 44.18954000034268, 0], [-73.11837999992704, 44.18940999971964, 0], [-73.11838000033288, 44.18901000023116, 0], [-73.11818999989192, 44.188810000129386, 0], [-73.11833999953686, 44.18872000003142, 0], [-73.11847300054983, 44.18878300036004, 0], [-73.11834279980175, 44.18830219970216, 0], [-73.11842130021988, 44.187491700203005, 0], [-73.11816830048551, 44.1872230998568, 0], [-73.1177155001245, 44.18695560019759, 0], [-73.11745729975287, 44.18643749997172, 0], [-73.11733079940615, 44.18598589980427, 0], [-73.11732609944737, 44.18452770013099, 0], [-73.1172160999187, 44.18425830038355, 0], [-73.11715629961432, 44.18366500013115, 0], [-73.11697679985981, 44.1832520001479, 0], [-73.11631850008901, 44.1824281003777, 0], [-73.11610449983507, 44.1822569997151, 0], [-73.11566829994915, 44.18203160012496, 0], [-73.11518729959103, 44.18189420022486, 0]]], [[[-73.14362316645659, 44.17727928937381, 0], [-73.14046656864821, 44.177582962675835, 0], [-73.13995164982865, 44.17763349312809, 0], [-73.13993533851043, 44.17763509469077, 0], [-73.13640909470203, 44.17797921956049, 0], [-73.12842483518642, 44.17875029443713, 0], [-73.12389724831476, 44.179179662574015, 0], [-73.12147314148463, 44.17941195401141, 0], [-73.12229650030467, 44.18003259983594, 0], [-73.1226737995821, 44.18023300005053, 0], [-73.12319979988378, 44.18033810033392, 0], [-73.12332569943773, 44.18044510030671, 0], [-73.12332850044892, 44.180715100013465, 0], [-73.12343839983262, 44.18078999981015, 0], [-73.12376000007797, 44.18079000014507, 0], [-73.12406072708674, 44.18103290829154, 0], [-73.12418310033627, 44.18105289995717, 0], [-73.12435527596928, 44.18118208904514, 0], [-73.12446259943904, 44.18151889984327, 0], [-73.1244054001175, 44.182599200178494, 0], [-73.1245404004432, 44.1831674996273, 0], [-73.12478910054756, 44.18340710010246, 0], [-73.12491509944736, 44.18370990008508, 0], [-73.12554799950851, 44.184212999595466, 0], [-73.12560080049647, 44.18484130020097, 0], [-73.12631269975081, 44.185558799851286, 0], [-73.12603419946915, 44.18583029975768, 0], [-73.1259432002784, 44.18610079964354, 0], [-73.12566469953752, 44.18637230042746, 0], [-73.12577959952269, 44.18664170018132, 0], [-73.12576700027539, 44.18718169957817, 0], [-73.12633839945077, 44.187988600405525, 0], [-73.12605130036506, 44.18846810037899, 0], [-73.12614050034487, 44.18874700042421, 0], [-73.12645920056008, 44.18911140035819, 0], [-73.12668550033501, 44.189218200426566, 0], [-73.12683730012706, 44.189379300359754, 0], [-73.12727510050763, 44.18957710034942, 0], [-73.12755279959816, 44.18987190006694, 0], [-73.12748699952215, 44.190142300359184, 0], [-73.1271145995634, 44.19041430043045, 0], [-73.12711750016297, 44.19068429992407, 0], [-73.12723930022455, 44.19095359982418, 0], [-73.1282122002552, 44.191639799854435, 0], [-73.12846339938693, 44.192026900268914, 0], [-73.12882110049557, 44.19228319959361, 0], [-73.12933170012715, 44.19245430030047, 0], [-73.12993720058866, 44.19290119968844, 0], [-73.13016180041339, 44.19293619998487, 0], [-73.13031399938546, 44.19304400001949, 0], [-73.13043340017825, 44.19291299995058, 0], [-73.13041239950365, 44.19282610021398, 0], [-73.13050249988775, 44.192693900072285, 0], [-73.1306593994313, 44.19253730043918, 0], [-73.13114620004548, 44.1926141999481, 0], [-73.13143419942281, 44.19252409968978, 0], [-73.13199770007509, 44.192145699897, 0], [-73.13218000012375, 44.19207880014887, 0], [-73.13264139994622, 44.19206590044456, 0], [-73.13293031586008, 44.1919482966021, 0], [-73.13330149943998, 44.19167750028033, 0], [-73.13339980001923, 44.19145960020595, 0], [-73.13377220010038, 44.19118760039997, 0], [-73.13383789999017, 44.190917199801476, 0], [-73.13376640059823, 44.190647599996446, 0], [-73.13383209995241, 44.19037720027914, 0], [-73.13413259991397, 44.190175199896316, 0], [-73.13418449976747, 44.189996999680346, 0], [-73.13420159965004, 44.18983519968467, 0], [-73.1340296999733, 44.18959250008938, 0], [-73.13365339947303, 44.18949580042717, 0], [-73.13323306750539, 44.18931508099775, 0], [-73.13322944879909, 44.18905175182304, 0], [-73.13360890037407, 44.18875849965013, 0], [-73.13360600035242, 44.188488500237916, 0], [-73.13343540013231, 44.188367699958775, 0], [-73.13326609992154, 44.18836859989421, 0], [-73.13305859966515, 44.188221599640386, 0], [-73.13298699965758, 44.18795199977655, 0], [-73.13305279978233, 44.187681599822305, 0], [-73.13297839976579, 44.187141999882904, 0], [-73.13302699983286, 44.18698039983372, 0], [-73.13320080048719, 44.18683559989889, 0], [-73.13322249960545, 44.18658310027617, 0], [-73.13362209938829, 44.186572099744446, 0], [-73.13399590028705, 44.1864482002041, 0], [-73.13420340034358, 44.18659519970301, 0], [-73.13427500043186, 44.18686479976607, 0], [-73.13416930046105, 44.187253899596804, 0], [-73.13403080060108, 44.18742370034661, 0], [-73.13367050035883, 44.18767820030651, 0], [-73.1337128995247, 44.188217899868384, 0], [-73.13378790034245, 44.18838210036926, 0], [-73.13401719999817, 44.1884335998899, 0], [-73.13413659982953, 44.18830249955744, 0], [-73.13431690057466, 44.188214599850824, 0], [-73.13431399987742, 44.18794460043594, 0], [-73.13438689954296, 44.18791779976901, 0], [-73.1344266997251, 44.18821400002033, 0], [-73.1347083002673, 44.18852580027682, 0], [-73.13514480007758, 44.18860180038354, 0], [-73.13541820002062, 44.18882339960264, 0], [-73.13567310000869, 44.18890929957221, 0], [-73.1357990005222, 44.18901630001847, 0], [-73.13575039999283, 44.18917800018958, 0], [-73.13560060041938, 44.18928739973931, 0], [-73.13590319949911, 44.18934010039437, 0], [-73.13620459977108, 44.189284099646365, 0], [-73.13605239982795, 44.189176300196024, 0], [-73.13600039984304, 44.18901519962436, 0], [-73.13606609976675, 44.18874480034641, 0], [-73.13627040043285, 44.18859549969893, 0], [-73.13664559967154, 44.18859340031079, 0], [-73.13715860000035, 44.18863990022344, 0], [-73.13739740059108, 44.18871110017889, 0], [-73.13747139957873, 44.18878970023177, 0], [-73.13747319998815, 44.188954300448295, 0], [-73.13777549974574, 44.188978900079746, 0], [-73.13851460034601, 44.18872500026333, 0], [-73.138899299872, 44.18879859986447, 0], [-73.13948259978335, 44.18899580023152, 0], [-73.13965540055918, 44.18931909973389, 0], [-73.1400311005379, 44.18936020041278, 0], [-73.14070820010531, 44.18867150044873, 0], [-73.14096520032837, 44.18817749961371, 0], [-73.14099110016917, 44.18790730007797, 0], [-73.14082150021075, 44.18736829972825, 0], [-73.14104629954866, 44.18676779959099, 0], [-73.14154179937795, 44.18628419998963, 0], [-73.14148349944153, 44.18600579985814, 0], [-73.14166210033046, 44.18574360021347, 0], [-73.14186640052245, 44.185594200391435, 0], [-73.14224019973753, 44.18545709978428, 0], [-73.14268549980648, 44.18498199966003, 0], [-73.14274209969626, 44.18465750042847, 0], [-73.14258549982847, 44.18438839993977, 0], [-73.14270149978307, 44.1841177001903, 0], [-73.14295460037796, 44.18383309966647, 0], [-73.14301699982651, 44.18360940004176, 0], [-73.14284659990824, 44.183036900081724, 0], [-73.14291089481111, 44.182870147643946, 0], [-73.14294629959771, 44.18250520031008, 0], [-73.14281819948148, 44.182227099905575, 0], [-73.1426380996322, 44.18136980008063, 0], [-73.14172633239653, 44.181373418978964, 0], [-73.14151920061346, 44.18142439965117, 0], [-73.14149678296863, 44.181610219238486, 0], [-73.14148550037237, 44.181694600211735, 0], [-73.14172640061244, 44.18196320001272, 0], [-73.14140488872506, 44.182198248644745, 0], [-73.14108069951244, 44.18233569999127, 0], [-73.14070600013692, 44.182387200026014, 0], [-73.14056819947164, 44.1823386001132, 0], [-73.14049850022067, 44.182240099732674, 0], [-73.14058380023081, 44.18196970015265, 0], [-73.14079919987631, 44.181698499692956, 0], [-73.14077109957731, 44.18142860009844, 0], [-73.14061780032745, 44.18115949984137, 0], [-73.1406905993796, 44.18096149995684, 0], [-73.14119514481908, 44.18050905430921, 0], [-73.14143270020382, 44.180196700252615, 0], [-73.14180419963795, 44.17985710015076, 0], [-73.14241270025046, 44.17943060035505, 0], [-73.14299900001996, 44.17844609959706, 0], [-73.14320879946287, 44.1779049000796, 0], [-73.14362316645659, 44.17727928937381, 0]]]]}, "properties": {"OBJECT_ID": 78, "County": "Addison", "RPC": "ACRPC", "Municipal_Name": "Monkton", "GEO_ID": "5000145550", "District_Name": "Ridgeline Overlay District", "Abbreviated_District_Name": "Rla", "District_Type": "Nonresidential", "Bylaw_Date": "2023-03-07", "Elderly_Housing_District": "No", "District_Mapped": "Yes", "Overlay_District": "Yes", "Base_Density": 0, "GIS_ID": null, "Last_Update": "20230307", "Shape_Length": 63300.000642769504, "Shape_Area": 13746048.689700423, "F1F_Allowance": "Prohibited", "F1F_Front_Setback": 0, "F1F_Side_Setback": 0, "F1F_Rear_Setback": 0, "F1F_Frontage": 0, "F1F_Max_Height": "", "F1F_Max_Stories": "", "F1F_Min_Lot_Size": 0, "F1F_Max_Lot_Building_Coverage": "", "F1F_Max_Lot_Impervious_Coverage": 0, "F1F_Min_Parking_Spaces": 0, "F1F_Elderly_Housing_Only": null, "F1F_Affordable_Housing_Only": null, "F2F_Allowance": "Prohibited", "F2F_Front_Setback": "", "F2F_Side_Setback": "", "F2F_Rear_Setback": "", "F2F_Frontage": "", "F2F_Max_Density": "", "F2F_Max_Height": "", "F2F_Max_Stories": "", "F2F_Min_Lot_Size": "", "F2F_Max_Lot_Building_Coverage": "", "F2F_Max_Lot_Impervious_Coverage": "", "F2F_Min_Parking_Spaces_per_1BR": "", "F2F_Min_Parking_Spaces_per_mult_BR": "", "F2F_Elderly_Housing_Only": "No", "F2F_Affordable_Housing_Only": "No", "F3F_Allowance": "Prohibited", "F3F_Front_Setback": "", "F3F_Side_Setback": "", "F3F_Rear_Setback": "", "F3F_Frontage": "", "F3F_Max_Density": "", "F3F_Max_Height": "", "F3F_Max_Stories": "", "F3F_Min_Lot_Size": "", "F3F_Max_Lot_Building_Coverage": "", "F3F_Max_Lot_Impervious_Coverage": "", "F3F_Min_Parking_Spaces_per_1BR": "", "F3F_Min_Parking_Spaces_per_mult_BR": "", "F3F_Affordable_Housing_Only": "No", "F3F_Proximity_to_Public_Transit_Required": "No", "F3F_Connection_to_Sewage/Water_Required": "No", "F4F_Allowance": "Prohibited", "F4F_Front_Setback": "", "F4F_Side_Setback": "", "F4F_Rear_Setback": "", "F4F_Frontage": "", "F1F_Max_Density": null, "F4F_Max_Density": "", "F4F_Max_Height": "", "F4F_Max_Stories": "", "F4F_Min_Lot_Size": "", "F4F_Max_Lot_Building_Coverage": "", "F4F_Max_Lot_Impervious_Coverage": "", "F4F_Min_Parking_Spaces_per_1BR": "", "F4F_Min_Parking_Spaces_per_mult_BR": "", "F3F_Elderly_Housing_Only": "No", "F4F_Elderly_Housing_Only": "No", "F4F_Affordable_Housing_Only": "No", "F4F_Proximity_to_Public_Transit_Required": "No", "F4F_Connection_to_Sewage/Water_Required": "No", "ADU_Allowance": "Public Hearing", "ADU_Elderly_Housing_Only": "No", "ADU_Max_Size_as_Percent_of_Primary_Strcture": 0, "ADU_Max_Size_in_sq_ft": 0, "ADU_Min_Lot_Size": "", "ADU_Max_Bedrooms": "", "ADU_Min_Parking_Spaces": "", "ADU_Owner_Occupancy_Required": "No", "ADU_Renter_Occupancy_Prohibited": "No", "ADU_Employee_or_Family_Occupancy_Required": "No", "ADU_Restricted_to_Primary_Structure": "\b", "Affordable_Housing_Allowance": "Not Mentioned", "Affordable_Housing_District": "No", "Affordable_Housing_Elderly_Only": "No", "Affordable_Housing_Min_Lot_Size": "", "Affordable_Housing_Max_Density": "", "Affordable_Housing_Min_Parking_Spaces_per_mult_BR": "", "Affordable_Housing_Max_Units_per_Building": "", "Affordable_Housing_Min_Parking_Spaces_per_1BR": "", "PRD_Allowance": "Not Mentioned", "PRD_Max_Density": "", "PRD_Max_Units": "", "PRD_Min_Lot_Size": "", "PRD_Mobile_or_Manufactured_Home_Park": "No", "PUD_Allowance": "\b", "PUD_Required_with_Subdivision": "", "PUD_Requires_Land_Conservation": "", "PUD_Threshold_Number": "", "Notes": " This District Preserves Valuable And Fragile Ridgeline Areas. Residential Development Is Prohibited. Accessory Dwelling Units May Be Permitted Under Conditional Use Review. ", "FIPS6": 1060}}, {"type": "Feature", "id": 9, "geometry": {"type": "MultiPolygon", "coordinates": [[[[-73.14506150021143, 44.23699540004685, 0], [-73.14483640045056, 44.2370530999531, 0], [-73.14345890032381, 44.239721900211876, 0], [-73.1443630996932, 44.23994749972911, 0], [-73.14577879994924, 44.23718049957554, 0], [-73.14506150021143, 44.23699540004685, 0]]], [[[-73.14376490051404, 44.23671899995354, 0], [-73.1425156003301, 44.2391612002377, 0], [-73.14241940022231, 44.239462600440575, 0], [-73.14327829944321, 44.239676900320084, 0], [-73.14475420060285, 44.236873000141024, 0], [-73.14466989945946, 44.236827500242036, 0], [-73.14376490051404, 44.23671899995354, 0]]], [[[-73.14658130044431, 44.23484959990324, 0], [-73.14590499960335, 44.23550879991765, 0], [-73.14499350044207, 44.2368349001689, 0], [-73.14587200020239, 44.237058899604236, 0], [-73.14676059992034, 44.23582899987012, 0], [-73.14735749944474, 44.23522599975524, 0], [-73.14658130044431, 44.23484959990324, 0]]], [[[-73.14561649967703, 44.234381600246856, 0], [-73.14494260011284, 44.23507479955497, 0], [-73.14384569987972, 44.236589700147796, 0], [-73.14484620006073, 44.23673850020562, 0], [-73.1457432999374, 44.23543570030048, 0], [-73.14641450050195, 44.2347687002322, 0], [-73.14561649967703, 44.234381600246856, 0]]]]}, "properties": {"OBJECT_ID": 79, "County": "Addison", "RPC": "ACRPC", "Municipal_Name": "Monkton", "GEO_ID": "5000145550", "District_Name": "Rural Agricultural District Village", "Abbreviated_District_Name": "Ra5v", "District_Type": "Primarily Residential", "Bylaw_Date": "2023-03-07", "Elderly_Housing_District": "No", "District_Mapped": "No", "Overlay_District": "No", "Base_Density": 0, "GIS_ID": null, "Last_Update": "20230307", "Shape_Length": 2947.4562664370465, "Shape_Area": 89786.95884696682, "F1F_Allowance": "Permitted", "F1F_Front_Setback": 50, "F1F_Side_Setback": 50, "F1F_Rear_Setback": 50, "F1F_Frontage": 300, "F1F_Max_Height": "35", "F1F_Max_Stories": "3", "F1F_Min_Lot_Size": 5, "F1F_Max_Lot_Building_Coverage": "", "F1F_Max_Lot_Impervious_Coverage": 0, "F1F_Min_Parking_Spaces": 0, "F1F_Elderly_Housing_Only": null, "F1F_Affordable_Housing_Only": null, "F2F_Allowance": "Permitted", "F2F_Front_Setback": "50", "F2F_Side_Setback": "50", "F2F_Rear_Setback": "50", "F2F_Frontage": "300", "F2F_Max_Density": 0.2, "F2F_Max_Height": "35", "F2F_Max_Stories": "3", "F2F_Min_Lot_Size": "5", "F2F_Max_Lot_Building_Coverage": "", "F2F_Max_Lot_Impervious_Coverage": "", "F2F_Min_Parking_Spaces_per_1BR": "", "F2F_Min_Parking_Spaces_per_mult_BR": "", "F2F_Elderly_Housing_Only": "No", "F2F_Affordable_Housing_Only": "No", "F3F_Allowance": "Public Hearing", "F3F_Front_Setback": 50.0, "F3F_Side_Setback": 50.0, "F3F_Rear_Setback": 50.0, "F3F_Frontage": 300.0, "F3F_Max_Density": 0.2, "F3F_Max_Height": "35", "F3F_Max_Stories": "3", "F3F_Min_Lot_Size": "\b", "F3F_Max_Lot_Building_Coverage": "", "F3F_Max_Lot_Impervious_Coverage": "", "F3F_Min_Parking_Spaces_per_1BR": "", "F3F_Min_Parking_Spaces_per_mult_BR": "", "F3F_Affordable_Housing_Only": "No", "F3F_Proximity_to_Public_Transit_Required": "No", "F3F_Connection_to_Sewage/Water_Required": "No", "F4F_Allowance": "Public Hearing", "F4F_Front_Setback": "\b", "F4F_Side_Setback": 50.0, "F4F_Rear_Setback": "\b", "F4F_Frontage": "\b", "F1F_Max_Density": null, "F4F_Max_Density": "\b", "F4F_Max_Height": 35.0, "F4F_Max_Stories": 3.0, "F4F_Min_Lot_Size": "\b", "F4F_Max_Lot_Building_Coverage": "", "F4F_Max_Lot_Impervious_Coverage": "", "F4F_Min_Parking_Spaces_per_1BR": "", "F4F_Min_Parking_Spaces_per_mult_BR": "", "F3F_Elderly_Housing_Only": "No", "F4F_Elderly_Housing_Only": "No", "F4F_Affordable_Housing_Only": "No", "F4F_Proximity_to_Public_Transit_Required": "No", "F4F_Connection_to_Sewage/Water_Required": "No", "ADU_Allowance": "Allowed/Conditional", "ADU_Elderly_Housing_Only": "No", "ADU_Max_Size_as_Percent_of_Primary_Strcture": 30, "ADU_Max_Size_in_sq_ft": 900, "ADU_Min_Lot_Size": "5", "ADU_Max_Bedrooms": "1", "ADU_Min_Parking_Spaces": "", "ADU_Owner_Occupancy_Required": "Yes", "ADU_Renter_Occupancy_Prohibited": "No", "ADU_Employee_or_Family_Occupancy_Required": "No", "ADU_Restricted_to_Primary_Structure": "\bNo ", "Affordable_Housing_Allowance": "Not Mentioned", "Affordable_Housing_District": "No", "Affordable_Housing_Elderly_Only": "No", "Affordable_Housing_Min_Lot_Size": "", "Affordable_Housing_Max_Density": "", "Affordable_Housing_Min_Parking_Spaces_per_mult_BR": "", "Affordable_Housing_Max_Units_per_Building": "", "Affordable_Housing_Min_Parking_Spaces_per_1BR": "", "PRD_Allowance": "Allowed/Conditional", "PRD_Max_Density": "", "PRD_Max_Units": "", "PRD_Min_Lot_Size": "", "PRD_Mobile_or_Manufactured_Home_Park": "Yes", "PUD_Allowance": "\bYes", "PUD_Required_with_Subdivision": "Yes", "PUD_Requires_Land_Conservation": "Yes", "PUD_Threshold_Number": "5", "Notes": "There Are No Features In The Vt Open Geodatabase Portal Zoning Data With This District Name. District Based On Poor Soil Quality. Maximum Building Height Is 3 Stories Or 35 Feet, Whichever Is Less. Maximum Accessory Building Height 25ft. Maximum Accessory Dwelling Size 30% Or 900sf, Whichever Is Greater. Minimum Lot Depth 150ft. Puds With Affordable/Elderly Housing Units Are Eligible For A 50% Density Bonus (Up to 10 Units); Puds With Environmentally Efficient Units Are Eligible For A 25% Density Bonus. ", "FIPS6": 1060}}]}