{"type":"FeatureCollection","features":[{"type":"Feature","id":1,"geometry":{"type":"MultiPolygon","coordinates":[[[[-73.262915099999987,44.118615800000043],[-73.262472999999943,44.118684200000075],[-73.261644099999955,44.120341100000076],[-73.261368399999981,44.12122370000003],[-73.261018299999989,44.121545500000025],[-73.261036799999943,44.121685400000047],[-73.261348799999951,44.122218200000077],[-73.261800000999983,44.122790000000066],[-73.261826398999972,44.122842800000058],[-73.26299002899998,44.122727154000074],[-73.262975763999975,44.122682696000027],[-73.262968033999982,44.122614232000046],[-73.262958780999952,44.122581484000079],[-73.262993111999947,44.12233543800005],[-73.262987253999938,44.122312029000057],[-73.262982045999934,44.122074047000069],[-73.262967857999968,44.122019242000079],[-73.26296554299995,44.122006547000069],[-73.262948703999939,44.12195197300008],[-73.262930390999941,44.12166991600003],[-73.262913909999952,44.121614894000061],[-73.262945500999933,44.120622800000035],[-73.263139499999966,44.119989800000042],[-73.263110000999973,44.119980000000055],[-73.26297999999997,44.11990000000003],[-73.263039999999933,44.11970000000008],[-73.262829999999951,44.119460000000061],[-73.262849999999958,44.119400000000041],[-73.262959998999975,44.119360000000029],[-73.263099999999952,44.119380000000035],[-73.263430699999958,44.119730700000048],[-73.263439499999947,44.119739500000037],[-73.263711900999965,44.119697900000062],[-73.263503199999946,44.119173500000045],[-73.263454799999977,44.118728800000042],[-73.262915099999987,44.118615800000043]]],[[[-73.263758199999984,44.117881300000079],[-73.263679399999944,44.118080000000077],[-73.263619299999959,44.118404400000031],[-73.263899999999978,44.118010000000027],[-73.263929898999947,44.117935300000056],[-73.263929862999987,44.117935299000067],[-73.263758271999961,44.11788133400006],[-73.263758199999984,44.117881300000079]]],[[[-73.266132299999981,44.116014500000063],[-73.264773499999933,44.117452600000036],[-73.26483000099995,44.11743000000007],[-73.265260000999945,44.117090000000076],[-73.266132299999981,44.116014500000063]]],[[[-73.266901098999938,44.114883200000065],[-73.26655889999995,44.115485800000044],[-73.266195299999936,44.115931300000057],[-73.266799999999989,44.11525000000006],[-73.266900000999954,44.115060000000028],[-73.266900000999954,44.114890000000059],[-73.266901098999938,44.114883200000065]]],[[[-73.338261099999954,44.114832400000068],[-73.337566099999947,44.115015400000061],[-73.337661927999989,44.115313395000044],[-73.337665498999968,44.115324500000042],[-73.33837110099995,44.115231300000062],[-73.33848299999994,44.115139900000031],[-73.338524705999987,44.114946815000053],[-73.338428900999986,44.114859700000068],[-73.338261099999954,44.114832400000068]]],[[[-73.332817999999975,44.114589500000079],[-73.332345999999973,44.114637200000061],[-73.332854399999974,44.114659600000039],[-73.333213498999953,44.115212100000065],[-73.333453199999951,44.115237100000058],[-73.333519600999978,44.115127900000061],[-73.333519581999951,44.115127875000042],[-73.333371099999965,44.114835800000037],[-73.333095899999989,44.114663200000052],[-73.332817999999975,44.114589500000079]]],[[[-73.337822799999969,44.113883100000066],[-73.337026999999978,44.11461630000008],[-73.337265399999978,44.114658800000029],[-73.337704200999951,44.114404400000069],[-73.33807859999996,44.113994300000059],[-73.338042798999936,44.11397160100006],[-73.337822799999969,44.113883100000066]]],[[[-73.332592552999984,44.11256620000006],[-73.331764899999939,44.11318620000003],[-73.331430399999988,44.11405510000003],[-73.330808899999965,44.114724400000057],[-73.330924298999946,44.114877000000035],[-73.33112749999998,44.114892000000054],[-73.331253497999967,44.114839794000034],[-73.331248427999981,44.114819608000062],[-73.331321699999933,44.11449390000007],[-73.331957499999987,44.113622400000054],[-73.332218799999964,44.11312120000008],[-73.332523099999946,44.112761500000033],[-73.332592552999984,44.11256620000006]]],[[[-73.332601555999986,44.11254088000004],[-73.332592552999984,44.11256620000006],[-73.332604699999933,44.11255710000006],[-73.332601555999986,44.11254088000004]]],[[[-73.325531099999978,44.112321800000075],[-73.325132199999985,44.112345300000072],[-73.324851699999954,44.112517600000047],[-73.324824098999954,44.112749558000075],[-73.325127299999963,44.112993900000049],[-73.325390299999981,44.113046000000054],[-73.325962699999934,44.11306170000006],[-73.326464299999941,44.113252100000068],[-73.326979499999936,44.11353100000008],[-73.326983684999959,44.113525087000028],[-73.327049999999986,44.113470000000063],[-73.327347298999939,44.113518600000077],[-73.327474099999961,44.113483400000064],[-73.32878009999996,44.114222200000029],[-73.329118899999969,44.114500600000042],[-73.32968649999998,44.114470400000073],[-73.329748700999971,44.114413200000058],[-73.329748663999965,44.114413195000054],[-73.32907339999997,44.114211500000067],[-73.328242499999988,44.113732500000026],[-73.32702919999997,44.112875600000052],[-73.326098399999978,44.112441900000078],[-73.325531099999978,44.112321800000075]]],[[[-73.339321798999947,44.111722800000052],[-73.339676610999959,44.11279369600004],[-73.339041599999973,44.113045209000063],[-73.338778599999955,44.113144900000066],[-73.338487599999951,44.113881200000037],[-73.338512899999955,44.113829800000076],[-73.338724799999966,44.113981900000056],[-73.339464899999939,44.114284000000055],[-73.339860899999962,44.114250500000026],[-73.339952899999957,44.114173500000049],[-73.339939171999958,44.114095536000036],[-73.33923509899995,44.113836700000036],[-73.338888520999944,44.11347285800008],[-73.338886707999961,44.113466598000059],[-73.338880954999979,44.113444213000037],[-73.338917999999978,44.11323370000008],[-73.339048099999957,44.113052200000027],[-73.339681299999938,44.112812200000064],[-73.339869099999987,44.11268750000005],[-73.339970544999971,44.11231738400005],[-73.339949064999985,44.112265772000057],[-73.339945426999975,44.112249118000079],[-73.339750760999948,44.111928515000045],[-73.339780299999973,44.111781300000075],[-73.341630300999952,44.111982100000034],[-73.342026299999986,44.112239600000066],[-73.344331999999952,44.112364200000059],[-73.344323399999951,44.11230340000003],[-73.344330599999978,44.112355300000047],[-73.342024799999933,44.112230700000055],[-73.341628899999989,44.111973200000079],[-73.33977699999997,44.111772203000044],[-73.339321798999947,44.111722800000052]]],[[[-73.331264799999985,44.11061090000004],[-73.331499699999938,44.110783000000026],[-73.331420198999979,44.110930800000062],[-73.332285399999989,44.112028100000032],[-73.332497799999942,44.112005500000066],[-73.332601555999986,44.11254088000004],[-73.332655200999966,44.112390033000054],[-73.332642458999942,44.112340827000025],[-73.332639452999956,44.112294019000046],[-73.332620203999966,44.112240755000073],[-73.332608482999944,44.112152365000043],[-73.332521987999939,44.111892545000046],[-73.332508494999956,44.111777983000081],[-73.332492865999939,44.111722376000046],[-73.332490357999973,44.111710378000055],[-73.332467061999978,44.111655730000052],[-73.332444966999958,44.111545767000052],[-73.332401194999989,44.111453742000037],[-73.332396947999939,44.111434194000026],[-73.332159800999989,44.111047000000042],[-73.331957298999953,44.110849600000051],[-73.331616699999984,44.110697100000039],[-73.331264799999985,44.11061090000004]]],[[[-73.263765899999953,44.110440200000028],[-73.263360299999988,44.110953500000051],[-73.263060099999961,44.111187600000051],[-73.263089999999977,44.111173400000041],[-73.263502499999959,44.110966500000075],[-73.263707899999986,44.110522300000071],[-73.263765899999953,44.110440200000028]]],[[[-73.342191699999944,44.108161700000039],[-73.341534598999942,44.10857500000003],[-73.34051379999994,44.108970304000081],[-73.339892599999985,44.109523600000045],[-73.339500999999984,44.110183800000073],[-73.339997297999957,44.110309903000029],[-73.339906929999984,44.110126496000078],[-73.339896412999963,44.110058126000069],[-73.339893572999983,44.110045892000073],[-73.34004190099995,44.109555400000033],[-73.340521699999954,44.10897680000005],[-73.341535999999962,44.108583900000042],[-73.342191699999944,44.108161700000039]]],[[[-73.275620699999934,44.106781100000035],[-73.27538039999996,44.106792600000063],[-73.274235299999987,44.107326995000051],[-73.274347099999943,44.107340500000078],[-73.274324199999967,44.107467000000042],[-73.274086599999976,44.107636600000035],[-73.272579399999984,44.107651400000066],[-73.27212929999996,44.107722700000068],[-73.271952400999965,44.107828600000062],[-73.271768699999939,44.108106000000078],[-73.27158559999998,44.108219400000053],[-73.270987599999955,44.108281000000034],[-73.270260398999937,44.108996900000079],[-73.269732399999953,44.109665300000074],[-73.268780699999979,44.111377800000071],[-73.268118399999935,44.112908700000048],[-73.267196899999988,44.114425200000028],[-73.267200000999935,44.114450000000033],[-73.267239999999958,44.114500000000078],[-73.267349999999965,44.114420000000052],[-73.267609999999934,44.113870000000077],[-73.26804999999996,44.113370000000032],[-73.268359999999973,44.112820000000056],[-73.268379999999979,44.112520000000075],[-73.26864999999998,44.112160000000074],[-73.268689999999935,44.112010000000055],[-73.268769999999961,44.111990000000048],[-73.26884999899994,44.112140000000068],[-73.269000000999938,44.112070000000074],[-73.269029999999987,44.111860000000036],[-73.268909999999948,44.111650000000054],[-73.26900999999998,44.111330000000066],[-73.268939999999986,44.111110000000053],[-73.269229999999936,44.110860000000059],[-73.269199999999955,44.110970000000066],[-73.269089998999959,44.111050000000034],[-73.269099998999934,44.111420000000066],[-73.26900999999998,44.111590000000035],[-73.269149999999968,44.111960000000067],[-73.269029999999987,44.112170000000049],[-73.268679999999961,44.112260000000049],[-73.268539998999984,44.112430000000074],[-73.268379999999979,44.112960000000044],[-73.268050000999949,44.113520000000051],[-73.267690000999949,44.113950000000045],[-73.26753999999994,44.114330000000052],[-73.267019999999945,44.115230000000054],[-73.267089999999939,44.115360000000067],[-73.267059999999958,44.115440000000035],[-73.266509999999982,44.115770000000055],[-73.265369999999962,44.117150000000038],[-73.264130000999955,44.118030000000033],[-73.263839999999959,44.118330000000071],[-73.263769999999965,44.11850000000004],[-73.263606799999934,44.118510000000072],[-73.263688999999943,44.119142600000032],[-73.263911948999976,44.119703007000055],[-73.263916600999949,44.119714700000031],[-73.264246899999989,44.119889000000057],[-73.266296299999965,44.122346100000073],[-73.266423499999974,44.122436700000037],[-73.266787739999984,44.122416807000036],[-73.267202747999988,44.122369818000038],[-73.267348841999933,44.122353277000059],[-73.26740981599994,44.122346373000028],[-73.267770426999959,44.122305543000039],[-73.26777769499995,44.122304720000045],[-73.267769209999983,44.12211205300008],[-73.267488077999985,44.12141550900003],[-73.267479713999933,44.121364216000075],[-73.266470899999945,44.119508100000076],[-73.266291355999954,44.119034377000048],[-73.266370099999961,44.118388800000048],[-73.266638898999986,44.117745700000057],[-73.267740299999957,44.115892000000031],[-73.26805430099995,44.115207800000064],[-73.268746599999986,44.114211200000057],[-73.269375399999944,44.11303410000005],[-73.269570299999941,44.11250380000007],[-73.26987349999996,44.111056700000063],[-73.270016899999973,44.110695500000077],[-73.27088619999995,44.109623600000077],[-73.271290900999986,44.109023400000069],[-73.271737499999972,44.108524900000077],[-73.271927499999947,44.108400300000028],[-73.272830699999986,44.108047100000078],[-73.273610400999985,44.108023700000047],[-73.274282899999946,44.107846000000052],[-73.275450499999977,44.107288700000026],[-73.275697899999955,44.107080600000074],[-73.275750190999986,44.106865501000073],[-73.275620699999934,44.106781100000035]]],[[[-73.343686199999979,44.106659300000047],[-73.343598601999986,44.106682606000049],[-73.343446698999969,44.106711400000052],[-73.342329999999947,44.108100000000036],[-73.342331846999969,44.108103694000079],[-73.342337298999951,44.108114600000079],[-73.342808799999943,44.108020000000067],[-73.343022299999973,44.107921600000054],[-73.343117399999983,44.107460700000047],[-73.343391399999973,44.107227600000044],[-73.343455999999946,44.10684660000004],[-73.343686199999979,44.106659300000047]]],[[[-73.271761099999935,44.106640200000072],[-73.271395300999984,44.107672501000025],[-73.271698599999979,44.107365900000048],[-73.271647099999939,44.107144100000028],[-73.27168469999998,44.106961900000044],[-73.271838599999967,44.106814000000043],[-73.271770500999935,44.106684100000052],[-73.271761099999935,44.106640200000072]]],[[[-73.266029399999979,44.106254800000045],[-73.265901199999973,44.106555900000046],[-73.265103799999963,44.107526800000073],[-73.264879299999961,44.108757900000057],[-73.264571399999966,44.109303100000034],[-73.26376791499996,44.110437526000055],[-73.263767899999948,44.110437600000068],[-73.263768199999959,44.110437200000035],[-73.264721299999962,44.109387200000072],[-73.264691699999958,44.109656800000039],[-73.264130799999975,44.110695700000065],[-73.263991398999963,44.111212300000034],[-73.263742198999978,44.111429900000076],[-73.262933999999973,44.111675800000057],[-73.262430398999982,44.112111000000027],[-73.262549599999943,44.112432700000056],[-73.262567898999976,44.113928900000076],[-73.26212739999994,44.115239600000052],[-73.261920000999964,44.116330000000062],[-73.26152419899995,44.117377700000077],[-73.261151499999983,44.117978600000072],[-73.260701298999948,44.118542800000057],[-73.260373299999969,44.119521100000043],[-73.260341699999969,44.119747800000027],[-73.260394699999949,44.12000340000003],[-73.260501799999986,44.120157400000039],[-73.260504599999933,44.12042450000007],[-73.260610099999951,44.120755900000063],[-73.260959999999955,44.121310000000051],[-73.261109999999974,44.121160000000032],[-73.261269999999968,44.12050000000005],[-73.261609999999962,44.120000000000061],[-73.261719999999968,44.119600000000048],[-73.261959999999988,44.119230000000073],[-73.262079999999969,44.118830000000059],[-73.26225919999996,44.118522800000051],[-73.262676600999953,44.118286200000057],[-73.263110300999983,44.11827930000004],[-73.263236498999959,44.118179600000076],[-73.263522699999953,44.11815340000004],[-73.263577791999978,44.117700491000051],[-73.263233999999954,44.117085100000054],[-73.262839979999967,44.116152452000051],[-73.262828137999975,44.116062198000066],[-73.262812060999977,44.116004943000064],[-73.262860642999954,44.115101365000044],[-73.262846558999968,44.115047083000036],[-73.262843439999983,44.114977556000042],[-73.262829352999972,44.114923261000058],[-73.262826541999971,44.114876539000079],[-73.262812458999974,44.114822160000074],[-73.262847194999949,44.114463407000073],[-73.262822637999989,44.114424362000079],[-73.263098599999978,44.11357780000003],[-73.263543199999958,44.112957300000062],[-73.264013799999987,44.11194050000006],[-73.264643599999943,44.110932800000057],[-73.264899699999944,44.11034090000004],[-73.265529798999978,44.109418400000038],[-73.265936599999975,44.108545000000049],[-73.267009300999973,44.106878400000028],[-73.267036001999941,44.106662560000075],[-73.266029399999979,44.106254800000045]]],[[[-73.343854100999977,44.106172800000081],[-73.343657999999948,44.106432000000041],[-73.343989999999962,44.106360000000052],[-73.344194694999942,44.106622602000073],[-73.344198899999981,44.106633900000077],[-73.344802000999948,44.106673000000058],[-73.34489949999994,44.106619400000056],[-73.344907589999934,44.106523283000058],[-73.344793200999959,44.106392000000028],[-73.34457090099994,44.106313700000044],[-73.343763158999934,44.106303805000039],[-73.343854100999977,44.106172800000081]]],[[[-73.325627698999938,44.106070200000033],[-73.32553299999995,44.106155200000046],[-73.325533735999954,44.106250071000034],[-73.325555204999944,44.106303644000036],[-73.325563250999949,44.10634789900007],[-73.325727799999981,44.106560900000034],[-73.325922699999978,44.106698300000062],[-73.326641699999982,44.106897200000049],[-73.327222099999972,44.107285600000068],[-73.327760299999966,44.107809800000041],[-73.328140699999949,44.108320200000037],[-73.328465699999981,44.108233400000074],[-73.329034799999988,44.109372400000041],[-73.329797698999982,44.109385700000075],[-73.330331999999942,44.110553100000061],[-73.330613999999969,44.110700400000042],[-73.331018799999981,44.110730400000079],[-73.331234499999937,44.110599500000035],[-73.331234459999962,44.110599481000065],[-73.330817499999966,44.110420400000066],[-73.330597499999953,44.110197700000072],[-73.330439970999976,44.109867938000036],[-73.330435807999947,44.109848874000079],[-73.330147799999963,44.109335700000031],[-73.329346699999974,44.109058300000072],[-73.328471299999933,44.107740400000068],[-73.328038899999967,44.107255100000032],[-73.327607699999987,44.106882100000064],[-73.327168899999947,44.106607500000052],[-73.326020799999981,44.106131400000038],[-73.325627698999938,44.106070200000033]]],[[[-73.343159900999979,44.10504990000004],[-73.34274428599997,44.105181319000053],[-73.342404899999963,44.105296300000077],[-73.342216099999973,44.105630700000063],[-73.342306399999984,44.105811000000074],[-73.342455398999959,44.105937100000062],[-73.342739499999936,44.106099100000051],[-73.343105099999946,44.106194500000072],[-73.343325899999968,44.106185500000038],[-73.343325873999959,44.106185477000054],[-73.342889799999966,44.105836700000054],[-73.342714926999975,44.105446379000057],[-73.342713107999941,44.105440098000031],[-73.342707359999963,44.105417845000034],[-73.342749199999957,44.105189100000075],[-73.343159900999979,44.10504990000004]]],[[[-73.331735299999934,44.104299900000058],[-73.331510399999956,44.104311100000075],[-73.331421250999938,44.104438967000078],[-73.331789199999946,44.104729500000076],[-73.332422900999973,44.105040600000052],[-73.332421271999976,44.105030174000035],[-73.332365700999958,44.104674200000034],[-73.332780399999933,44.104738499000064],[-73.331735299999934,44.104299900000058]]],[[[-73.345872199999974,44.103038600000048],[-73.345872204999978,44.103038636000065],[-73.345930373999977,44.103462606000051],[-73.346257026999979,44.103647156000079],[-73.346259664999934,44.103661153000076],[-73.346304135999958,44.103691991000062],[-73.346306718999983,44.103705342000069],[-73.346350834999953,44.103736186000049],[-73.346353430999955,44.103750210000044],[-73.346603202999972,44.104054811000026],[-73.346606641999983,44.104125568000029],[-73.346619662999956,44.104136715000038],[-73.346622636999939,44.10418108500005],[-73.346636061999959,44.104192315000034],[-73.346639069999981,44.104239034000045],[-73.346796299999937,44.104425200000037],[-73.346996409999974,44.104524015000038],[-73.346998705999965,44.104524324000067],[-73.347074298999985,44.104545476000055],[-73.347075171999961,44.104545594000058],[-73.348113199999943,44.10456030000006],[-73.348175398999956,44.104571100000044],[-73.348235528999965,44.104570613000078],[-73.348237103999963,44.104570827000032],[-73.348390096999935,44.104602475000036],[-73.348392378999961,44.104602784000065],[-73.348577407999983,44.104623805000074],[-73.348578200999953,44.104623857000036],[-73.34873069799994,44.104644843000074],[-73.348731468999972,44.104644893000057],[-73.348778507999953,44.104655808000075],[-73.348779702999934,44.104656013000067],[-73.348839692999945,44.104677090000052],[-73.348842010999988,44.104677485000025],[-73.348842199999979,44.104688800000076],[-73.349434900999938,44.105029900000034],[-73.34965250099998,44.105095200000051],[-73.349915199999941,44.105070900000044],[-73.349925857999949,44.104914715000064],[-73.349865459999933,44.104837965000058],[-73.349862826999981,44.104824261000033],[-73.349132699999984,44.104452500000036],[-73.348976274999984,44.104321644000038],[-73.349097299999983,44.104129400000033],[-73.35022239999995,44.103842500000042],[-73.350543999999957,44.10362820000006],[-73.350601267999934,44.103460516000041],[-73.350478402999954,44.103350316000046],[-73.350477198999954,44.103350108000029],[-73.349985999999944,44.103554400000064],[-73.349200699999983,44.103716200000065],[-73.349183599999947,44.10372760000007],[-73.348750000999985,44.103930000000048],[-73.348629999999957,44.10412000000008],[-73.348279999999988,44.104200000000048],[-73.348219999999969,44.104340000000036],[-73.347879999999975,44.104240000000061],[-73.347759999999937,44.104270000000042],[-73.347541799999988,44.104161800000043],[-73.347248199999967,44.104158100000063],[-73.347029998999972,44.104220000000055],[-73.347005400999933,44.104128100000025],[-73.346450799999957,44.10358210000004],[-73.346198898999944,44.103173000000027],[-73.345909999999947,44.103040000000078],[-73.345872199999974,44.103038600000048]]],[[[-73.343929499999945,44.102915300000063],[-73.343793700999981,44.102992200000074],[-73.343668599999944,44.103167100000064],[-73.343649999999968,44.103870000000029],[-73.343588699999941,44.103969600000028],[-73.343209999999942,44.103890000000035],[-73.343089999999961,44.103930000000048],[-73.343029999999942,44.104070000000036],[-73.343223200999944,44.104427600000065],[-73.343419998999934,44.104600000000062],[-73.343474798999978,44.10481610000005],[-73.343505173999972,44.104862997000055],[-73.343512300999976,44.104874000000052],[-73.343759699999964,44.104795600000045],[-73.343805411999938,44.104567934000045],[-73.34354394099995,44.104173871000057],[-73.343623399999956,44.103967300000079],[-73.343906998999955,44.103820300000052],[-73.343960799999934,44.103356600000041],[-73.34418980099997,44.103067100000032],[-73.344189099999937,44.102936800000066],[-73.345389199999943,44.102995400000054],[-73.344186911999941,44.102927869000041],[-73.343929499999945,44.102915300000063]]],[[[-73.345320498999968,44.10109650000004],[-73.344994099999951,44.101721200000043],[-73.345026999999959,44.101775600000053],[-73.346035799999981,44.102329200000042],[-73.346035767999979,44.102329088000033],[-73.346031696999944,44.102312501000029],[-73.346029877999968,44.102306256000077],[-73.346024161999935,44.102284346000033],[-73.346021427999972,44.102258697000025],[-73.346007438999948,44.102205600000048],[-73.346004831999949,44.102191214000072],[-73.345998427999973,44.102166510000075],[-73.34599660799995,44.102160198000036],[-73.345990861999951,44.102138178000075],[-73.345988143999989,44.102114003000054],[-73.345966929999975,44.102060748000042],[-73.345941276999952,44.10190693100003],[-73.345554399999969,44.101599200000067],[-73.345429820999982,44.101400083000044],[-73.345454199999949,44.101137400000027],[-73.346197700999937,44.101316900000029],[-73.346215499999971,44.10124710000008],[-73.346196299999974,44.101308000000074],[-73.345450900999936,44.10112799400008],[-73.345320498999968,44.10109650000004]]],[[[-73.345144699999935,44.099906700000076],[-73.344964799999957,44.100402100000053],[-73.345013299999948,44.100487700000031],[-73.345681192999962,44.10069825100004],[-73.345682298999975,44.100698600000044],[-73.345672291999961,44.100632469000061],[-73.345648766999943,44.100575674000027],[-73.345627499999978,44.100436300000069],[-73.345749499999954,44.10043119900007],[-73.345979198999942,44.100451603000067],[-73.345981603999974,44.100451928000041],[-73.345981799999947,44.100463000000047],[-73.346087999999952,44.100473072000057],[-73.346088272999964,44.100473098000066],[-73.346182203999945,44.10048370700008],[-73.346183100999951,44.10048383000003],[-73.346258697999986,44.100505170000076],[-73.346261100999982,44.100505596000062],[-73.34642929499995,44.10053720500008],[-73.346431579999944,44.100537485000075],[-73.346646299999975,44.10059159900004],[-73.346895093999933,44.100656373000049],[-73.34689739199996,44.100656685000047],[-73.34751579899995,44.100808002000065],[-73.34751687399995,44.100808091000033],[-73.347518399999956,44.100819300000069],[-73.347564999999975,44.100830200000075],[-73.347935812999935,44.100883109000051],[-73.347936901999958,44.100883199000066],[-73.348182399999985,44.100914600000067],[-73.348773499999936,44.100977200000045],[-73.349175699999989,44.100963100000058],[-73.349483799999973,44.100893900000074],[-73.349542049999968,44.100793130000056],[-73.34941989899994,44.100738400000068],[-73.349419711999985,44.100727085000074],[-73.349417392999953,44.100726690000045],[-73.349357403999988,44.100705614000049],[-73.349354998999956,44.100705152000046],[-73.348954700999968,44.100656500000071],[-73.348951898999985,44.100654600000041],[-73.348949050999977,44.100652700000069],[-73.348834602999943,44.100642306000054],[-73.348788898999942,44.10075850000004],[-73.347880298999939,44.100752600000078],[-73.347919699999977,44.10056510000004],[-73.345144699999935,44.099906700000076]]],[[[-73.348018311999965,44.099890400000049],[-73.347926099999938,44.10008270000003],[-73.348181465999971,44.100160851000055],[-73.348191098999962,44.100163800000075],[-73.348232011999983,44.10008980300006],[-73.348123999999984,44.099912000000074],[-73.348018311999965,44.099890400000049]]],[[[-73.340473399999951,44.098887200000036],[-73.33992029999996,44.09910380000008],[-73.337779599999976,44.09910270000006],[-73.336481999999933,44.098893300000043],[-73.334716299999968,44.099327000000073],[-73.334592099999952,44.099053200000071],[-73.334717700999988,44.099335900000028],[-73.336483499999986,44.098902200000055],[-73.337781000999939,44.099111700000037],[-73.339256799999987,44.09913240000003],[-73.339921699999934,44.099112700000035],[-73.340474799999981,44.098896100000047],[-73.341131299999972,44.099198000000058],[-73.341879999999946,44.099184200000025],[-73.341129799999976,44.099189100000046],[-73.340473399999951,44.098887200000036]]],[[[-73.336474778999957,44.098085410000067],[-73.335002498999984,44.09846420000008],[-73.334706899999958,44.098672700000066],[-73.33468464799995,44.09881679800003],[-73.334803399999942,44.098928500000056],[-73.33482199599996,44.098918393000076],[-73.335487499999942,44.098556500000029],[-73.336483298999951,44.098180300000081],[-73.336474778999957,44.098085410000067]]],[[[-73.347072799999978,44.097288200000037],[-73.347066097999971,44.097290212000075],[-73.346209999999985,44.098279700000035],[-73.346199999999953,44.098420000000033],[-73.345759299999941,44.098803300000043],[-73.345947199999955,44.099067700000035],[-73.346305699999959,44.098220000000026],[-73.346899699999938,44.097591300000033],[-73.347072799999978,44.097288200000037]]],[[[-73.25775589999995,44.097047500000031],[-73.25781029999996,44.09707990000004],[-73.258078499999954,44.097307300000068],[-73.258208499999967,44.097647000000052],[-73.258351999999945,44.09844030000005],[-73.25834489999994,44.099007200000074],[-73.258213499999954,44.09923740000005],[-73.257698599999969,44.099818800000037],[-73.255699999999933,44.103000000000065],[-73.255379999999946,44.103810000000067],[-73.255449999999939,44.104530000000068],[-73.255819999999972,44.105510000000038],[-73.256519999999966,44.108270000000061],[-73.25676569999996,44.108727700000031],[-73.257040199999949,44.109034200000053],[-73.257835899999975,44.10962150000006],[-73.258239099999969,44.109840800000029],[-73.259222599999987,44.110188000000051],[-73.261068299999977,44.110727600000075],[-73.261550600999954,44.111048200000027],[-73.261811299999977,44.111406800000054],[-73.262136199999986,44.111605500000053],[-73.26230929999997,44.111838300000045],[-73.262443699999949,44.111793300000045],[-73.262453299999947,44.111557800000071],[-73.262557199999947,44.111394800000028],[-73.262868098999945,44.111252697000054],[-73.262180199999989,44.111235600000043],[-73.261753499999941,44.11102980000004],[-73.261132799999984,44.110478800000067],[-73.260817937999946,44.109846121000032],[-73.260810174999961,44.109802567000031],[-73.260768900999949,44.109721300000047],[-73.260761099999968,44.109684800000025],[-73.260622342999966,44.10931762000007],[-73.260599550999984,44.109196647000033],[-73.260559630999978,44.109081950000075],[-73.260531669999978,44.108879261000027],[-73.260511702999963,44.108823000000029],[-73.260478198999976,44.108461413000043],[-73.260462767999968,44.108405302000051],[-73.260460232999947,44.10838066000008],[-73.260446162999983,44.108326574000046],[-73.260443737999935,44.108313149000026],[-73.260429660999989,44.108259001000079],[-73.260427238999966,44.108245752000073],[-73.260413160999974,44.108191491000071],[-73.260410737999962,44.108178213000031],[-73.260371967999959,44.108080198000039],[-73.260349041999973,44.107959055000038],[-73.260331362999978,44.107899277000058],[-73.260328937999986,44.10788584900007],[-73.260314855999979,44.107831575000034],[-73.260311940999941,44.107773722000047],[-73.260294467999984,44.10772034200005],[-73.260279039999944,44.107549973000062],[-73.260263756999962,44.10749405200005],[-73.260260742999947,44.107435765000048],[-73.26024666099994,44.107381598000075],[-73.260243539999976,44.107311956000046],[-73.260229461999984,44.107257804000028],[-73.260226638999939,44.107210680000037],[-73.260212558999967,44.107156562000057],[-73.260209841999938,44.107120662000057],[-73.260195756999963,44.107066377000081],[-73.260193042999958,44.107030727000051],[-73.260176268999942,44.106977487000051],[-73.260139653999943,44.106469240000081],[-73.260121383999945,44.106414542000039],[-73.260105514999964,44.10623294700008],[-73.260090350999974,44.106177201000037],[-73.260087749999968,44.106152590000079],[-73.260073666999972,44.10609830900006],[-73.26007113299994,44.106073861000027],[-73.260057058999962,44.106019791000051],[-73.260054367999942,44.105985873000066],[-73.260030298999936,44.105930300000068],[-73.259993300999952,44.105754700000034],[-73.259968047999962,44.105694871000026],[-73.25995895799997,44.105639476000079],[-73.259802298999944,44.105265600000052],[-73.259450199999947,44.104770700000074],[-73.259028199999989,44.104358000000047],[-73.258687299999963,44.104247600000065],[-73.258416599999975,44.10430400000007],[-73.258156699999972,44.104575200000056],[-73.258136810999986,44.105308808000075],[-73.258156368999948,44.105362955000032],[-73.258186117999969,44.105611034000049],[-73.258202142999949,44.10566822100003],[-73.258207599999935,44.106475200000034],[-73.258093499999973,44.106600700000058],[-73.257950199999982,44.106601700000056],[-73.257857099999967,44.106543600000066],[-73.257593410999959,44.105969351000056],[-73.257587757999943,44.105940648000058],[-73.25724725799995,44.105148281000027],[-73.257243139999957,44.104999888000066],[-73.257229055999971,44.104945642000075],[-73.257226138999954,44.10488760100003],[-73.257212058999983,44.104833191000068],[-73.257535699999949,44.102519100000052],[-73.257706999999982,44.102073800000028],[-73.258597999999949,44.100418400000081],[-73.258730199999945,44.100059900000076],[-73.258769141999949,44.099616189000074],[-73.258755061999977,44.099562072000026],[-73.258752650999952,44.099549807000074],[-73.258732458999987,44.099496116000068],[-73.25872224799997,44.09942854600007],[-73.258705756999973,44.099370711000063],[-73.258703040999933,44.099334989000056],[-73.258689062999963,44.099280974000067],[-73.258686637999972,44.099267549000047],[-73.258651529999952,44.09915892600003],[-73.25863882799996,44.099056504000032],[-73.258619627999963,44.099000204000049],[-73.258603217999962,44.098797026000057],[-73.258583272999942,44.098742114000061],[-73.258570734999978,44.098640256000067],[-73.258554857999968,44.098583413000028],[-73.258551842999964,44.098524964000035],[-73.258537761999946,44.098470805000034],[-73.258535337999945,44.098457272000076],[-73.258521357999939,44.098403525000037],[-73.258518139999978,44.098333551000053],[-73.258504164999977,44.098279748000039],[-73.25850165099996,44.098267159000045],[-73.258480850999945,44.098213286000032],[-73.258471719999989,44.098157708000031],[-73.258454956999969,44.098099515000058],[-73.258452240999986,44.098063557000046],[-73.258438263999949,44.09800974500007],[-73.258435752999958,44.09799737000003],[-73.258415292999985,44.097943969000028],[-73.258371634999946,44.097652483000047],[-73.258347382999943,44.097595014000035],[-73.258340071999953,44.097554345000049],[-73.258081899999979,44.097192100000029],[-73.257756036999979,44.097047552000049],[-73.25775589999995,44.097047500000031]]],[[[-73.347627399999965,44.096633300000065],[-73.347104799999954,44.097250900000063],[-73.347233299999971,44.097120600000039],[-73.347479899999939,44.097029600000042],[-73.348204399999986,44.096879400000034],[-73.348653499999955,44.096898300000078],[-73.349379499999941,44.096826100000044],[-73.349484299999972,44.096848800000032],[-73.349496399999964,44.096922100000029],[-73.350027398999941,44.096887924000043],[-73.350029345999985,44.09688798600007],[-73.350555999999983,44.096895400000051],[-73.351097397999979,44.097069402000045],[-73.351098480999951,44.09706949100007],[-73.35123939999994,44.097090800000046],[-73.351778798999987,44.096953000000042],[-73.352101198999947,44.09696163600006],[-73.352103132999957,44.096961688000079],[-73.352103799999952,44.096973000000048],[-73.352336699999967,44.09702690000006],[-73.352864498999963,44.097312800000054],[-73.352861699999949,44.097283100000027],[-73.351991999999939,44.096728600000063],[-73.351431099999957,44.096770100000072],[-73.351319999999987,44.096840000000043],[-73.351272900999959,44.096781800000031],[-73.349999599999933,44.096875903000068],[-73.349494999999933,44.096913200000074],[-73.349482502999933,44.096837599000025],[-73.349451398999975,44.096649400000047],[-73.347627399999965,44.096633300000065]]],[[[-73.353673899999933,44.096599900000058],[-73.353765199999941,44.097748300000035],[-73.353566900999965,44.097775702000035],[-73.352917098999967,44.097865500000069],[-73.353584800999954,44.097786800000051],[-73.353741499999956,44.097908100000041],[-73.354017793999958,44.097939229000076],[-73.354020069999933,44.09793948500004],[-73.35450179999998,44.098069700000053],[-73.35491959999996,44.09808890000005],[-73.355119299999956,44.097998200000063],[-73.355115528999988,44.097906782000052],[-73.354993199999967,44.097832000000039],[-73.354467399999976,44.097824800000069],[-73.354218307999986,44.097737810000069],[-73.354215987999964,44.09773741500004],[-73.354156699999976,44.097737800000061],[-73.353749855999979,44.097546303000058],[-73.353725099999963,44.097233800000026],[-73.353931399999965,44.097137600000053],[-73.353960498999982,44.097014800000068],[-73.353898298999979,44.096981800000037],[-73.353707199999974,44.09700870000006],[-73.353673899999933,44.096599900000058]]],[[[-73.332836599999951,44.094876000000056],[-73.322860299999945,44.095525000000066],[-73.332838098999957,44.094884900000068],[-73.333000000999959,44.095772000000068],[-73.333856899999944,44.095317600000044],[-73.335509799999954,44.095525500000065],[-73.336059099999943,44.096052900000075],[-73.335977199999945,44.096140100000071],[-73.335992099999942,44.096285300000034],[-73.336196299999983,44.096177100000034],[-73.335508299999958,44.095516500000031],[-73.333855399999948,44.095308700000032],[-73.332998498999984,44.095763100000056],[-73.332836599999951,44.094876000000056]]],[[[-73.349989599999958,44.093351300000052],[-73.349990599999956,44.093481600000075],[-73.347745799999984,44.093501500000059],[-73.34707039999995,44.094550500000025],[-73.34730129999997,44.094839027000035],[-73.347303999999951,44.094842400000061],[-73.347378699999979,44.094288100000028],[-73.347573299999965,44.093840900000032],[-73.347972199999958,44.093603800000039],[-73.348417921999953,44.093578118000039],[-73.348420205999957,44.093578465000064],[-73.348637900999961,44.093654600000036],[-73.34866890099994,44.093665600000065],[-73.348762299999976,44.093698200000063],[-73.348806387999957,44.093697915000064],[-73.348808703999964,44.093698310000036],[-73.348995498999955,44.093774500000052],[-73.349380599999961,44.093682500000057],[-73.349487530999966,44.093747108000059],[-73.349490163999974,44.09376075800003],[-73.349723998999934,44.09390280000008],[-73.349785599999962,44.093869100000063],[-73.349781561999976,44.093757616000062],[-73.349768230999985,44.093746384000042],[-73.34976444199998,44.093655653000042],[-73.349735671999952,44.09362576400008],[-73.349732750999976,44.093590716000051],[-73.349656763999974,44.093514258000027],[-73.349654127999941,44.093500363000032],[-73.349654033999968,44.093493515000034],[-73.349992099999952,44.09349050000003],[-73.349989599999958,44.093351300000052]]],[[[-73.360369999999989,44.091140000000053],[-73.360279999999989,44.091170000000034],[-73.360145699999975,44.09155080000005],[-73.360141199999987,44.091562100000033],[-73.36030089999997,44.091583200000059],[-73.360501199999987,44.091514800000027],[-73.360528199999976,44.091248200000052],[-73.360525699999982,44.091245700000059],[-73.360515999999961,44.091236000000038],[-73.360512399999948,44.091232400000081],[-73.360369999999989,44.091140000000053]]],[[[-73.350501099999974,44.090841600000033],[-73.350067400999933,44.091046110000036],[-73.349347898999952,44.091385400000036],[-73.348417499999982,44.090913500000056],[-73.34825382799994,44.091237196000066],[-73.347676699999965,44.092378600000075],[-73.347769299999982,44.092405700000029],[-73.347829199999978,44.092256100000043],[-73.347796599999981,44.092153300000064],[-73.348253898999985,44.091248800000074],[-73.34841739999996,44.091226200000051],[-73.348539498999969,44.091113800000073],[-73.348692791999952,44.091167837000057],[-73.348695414999952,44.091180251000026],[-73.348724085999947,44.09120064800004],[-73.348726728999964,44.091214314000069],[-73.348771313999976,44.09125524600006],[-73.348774158999959,44.091280913000048],[-73.348802927999941,44.091310736000025],[-73.348805848999973,44.091345769000043],[-73.348819168999967,44.091356916000052],[-73.348821957999974,44.091380833000073],[-73.348898184999939,44.091478024000025],[-73.348900870999955,44.091491742000073],[-73.348994798999968,44.091567400000031],[-73.349211499999967,44.091576900000064],[-73.349750999999969,44.091450400000042],[-73.349934899999937,44.091326400000071],[-73.35006999999996,44.091054500000041],[-73.350501099999974,44.090841600000033]]],[[[-73.330814399999952,44.090119400000049],[-73.326806799999986,44.090463800000066],[-73.330815899999948,44.09012830000006],[-73.332173999999952,44.090361700000074],[-73.332677900999954,44.092277300000035],[-73.332172599999979,44.090352800000062],[-73.330814399999952,44.090119400000049]]],[[[-73.253485299999966,44.089684500000033],[-73.253679999999974,44.089870000000076],[-73.253919999999937,44.090290000000039],[-73.253659999999968,44.090740000000039],[-73.25342999999998,44.091980000000035],[-73.253006298999935,44.092603100000076],[-73.25264999999996,44.093490000000031],[-73.25255999999996,44.093911100000071],[-73.25255999999996,44.094910000000027],[-73.252724299999954,44.095360700000072],[-73.253060000999938,44.095750000000066],[-73.254054100999952,44.09630130000005],[-73.256205899999941,44.09653730000008],[-73.257049472999938,44.096729580000044],[-73.256883273999961,44.096454983000058],[-73.256867106999948,44.096273145000055],[-73.256851963999964,44.096217989000081],[-73.256849136999961,44.096181401000081],[-73.256570599999975,44.095668500000045],[-73.25644559999995,44.095554400000026],[-73.256242199999974,44.095487400000025],[-73.256040199999973,44.09550900000005],[-73.255487199999948,44.095785400000068],[-73.25499259999998,44.095877900000062],[-73.254512899999952,44.095864600000027],[-73.254074799999955,44.095737800000052],[-73.253605499999935,44.095394700000043],[-73.253164699999957,44.094748800000048],[-73.25307836099995,44.09448543600007],[-73.253075537999962,44.094448933000081],[-73.253061558999946,44.094395160000033],[-73.25309649999997,44.093841900000029],[-73.253846799999963,44.091749800000059],[-73.254052999999942,44.091443200000072],[-73.254459099999963,44.091347300000052],[-73.254695799999979,44.091140200000041],[-73.254829899999947,44.090803300000061],[-73.254836982999961,44.090419323000049],[-73.254690300999982,44.090282500000058],[-73.253996399999949,44.089981200000068],[-73.253485299999966,44.089684500000033]]],[[[-73.249891299999945,44.087812400000075],[-73.249747000999946,44.087825500000065],[-73.249719299999981,44.087937500000066],[-73.249769999999955,44.087960000000066],[-73.252924966999956,44.089293076000047],[-73.252516399999934,44.088933800000063],[-73.251705999999956,44.088660900000036],[-73.251320199999952,44.08837770000008],[-73.250804399999936,44.088105000000041],[-73.249891299999945,44.087812400000075]]],[[[-73.351631900999962,44.087766700000032],[-73.350740316999975,44.088767469000061],[-73.350139999999953,44.089441300000033],[-73.349965193999935,44.089727254000081],[-73.349588599999947,44.090343300000029],[-73.349751699999956,44.090384400000062],[-73.349792499999978,44.090045500000031],[-73.349963999999943,44.089740400000039],[-73.350477898999941,44.089293600000076],[-73.350688199999979,44.088857200000064],[-73.351013699999953,44.088471200000072],[-73.351329399999941,44.088261600000067],[-73.351559999999949,44.088181900000052],[-73.351930699999969,44.088156900000058],[-73.352363825999987,44.088198205000026],[-73.352364499999965,44.088198244000068],[-73.35264146999998,44.088240714000051],[-73.352643305999948,44.088241027000038],[-73.352703192999968,44.088262085000054],[-73.352705491999984,44.088262481000072],[-73.355926098999987,44.08966810000004],[-73.358389099999954,44.090395800000067],[-73.359956099999977,44.091480700000034],[-73.35838769999998,44.090386900000055],[-73.35592459999998,44.089659200000028],[-73.352739933999942,44.088262201000077],[-73.351631900999962,44.087766700000032]]],[[[-73.353777599999944,44.084307400000057],[-73.353690999999969,44.084313200000054],[-73.353578398999957,44.084311600000035],[-73.353058199999964,44.084812600000078],[-73.352359299999989,44.086055900000076],[-73.351917199999946,44.086574600000063],[-73.35246589999997,44.086821973000042],[-73.352468399999964,44.086823100000061],[-73.352465654999946,44.086804016000031],[-73.352450403999967,44.086792797000044],[-73.35243541799997,44.086714689000075],[-73.35240476499996,44.086683544000039],[-73.352401273999988,44.086615116000075],[-73.352388029999986,44.086603884000056],[-73.352385168999945,44.086581716000069],[-73.352371940999944,44.086570567000081],[-73.352368458999933,44.08650381700005],[-73.352355536999937,44.086492584000041],[-73.352352461999942,44.086448216000065],[-73.35233913899998,44.086437069000056],[-73.352335260999951,44.086336816000028],[-73.352323152999986,44.086325677000048],[-73.352380299999936,44.086069000000066],[-73.352546699999948,44.085811300000046],[-73.353354899999943,44.085025100000053],[-73.353777599999944,44.084307400000057]]],[[[-73.356409999999983,44.082910000000027],[-73.355999999999938,44.083070000000077],[-73.355479999999943,44.083050000000071],[-73.355369999999937,44.083180000000027],[-73.355099998999947,44.08322000000004],[-73.354979999999955,44.083350000000053],[-73.354759999999942,44.08331000000004],[-73.354529999999954,44.083560000000034],[-73.354120000999956,44.083670000000041],[-73.353999999999985,44.083960000000047],[-73.354009326999972,44.083987984000032],[-73.354012899999987,44.083998700000052],[-73.354433799999981,44.08370160000004],[-73.355019299999981,44.083530000000053],[-73.355185699999936,44.083272400000055],[-73.355555199999969,44.083158100000048],[-73.355907899999977,44.08314415600006],[-73.355908563999947,44.083144194000056],[-73.356094518999953,44.083198621000065],[-73.356096907999984,44.083199035000064],[-73.356375331999971,44.083384490000071],[-73.356377963999989,44.083398166000052],[-73.35642237999997,44.083429116000048],[-73.356425071999979,44.083443050000028],[-73.356503298999939,44.083507800000064],[-73.356688799999972,44.08349510000005],[-73.356781899999987,44.083208100000036],[-73.356778399999939,44.083211600000027],[-73.356669999999951,44.083230000000071],[-73.356519999999989,44.082970000000046],[-73.356409999999983,44.082910000000027]]],[[[-73.355496099999982,44.081508300000053],[-73.35533049999998,44.08151010000006],[-73.355288351999945,44.081755479000037],[-73.355300468999985,44.081766716000061],[-73.355288723999934,44.081833567000047],[-73.355303824999964,44.081844702000069],[-73.355318422999972,44.081911430000048],[-73.355445177999968,44.082144616000051],[-73.355448147999937,44.082177884000032],[-73.355461456999933,44.082189031000041],[-73.355464500999972,44.082228600000064],[-73.355469998999979,44.082230000000038],[-73.355519999999956,44.082210000000032],[-73.355569998999954,44.081880000000069],[-73.355479999999943,44.081650000000025],[-73.355510000999971,44.08155000000005],[-73.355496099999982,44.081508300000053]]],[[[-73.351178899999979,44.080475300000046],[-73.350892699999974,44.080653399000028],[-73.350518599999987,44.081121400000029],[-73.348320099999967,44.083718100000056],[-73.348349599999949,44.084139300000061],[-73.348321599999963,44.083727000000067],[-73.349512199999936,44.082322600000055],[-73.349925499999983,44.082029700000078],[-73.350413499999945,44.081557900000064],[-73.350747299999966,44.081109500000025],[-73.350895399999956,44.080661600000042],[-73.351178899999979,44.080475300000046]]],[[[-73.250715679999985,44.079706101000056],[-73.250596799999983,44.079715400000055],[-73.250352799999973,44.081593200000043],[-73.250733899999943,44.081603100000052],[-73.250879899999973,44.080998700000066],[-73.250839999999982,44.080328500000064],[-73.250715679999985,44.079706101000056]]],[[[-73.359599699999933,44.07160680000004],[-73.359208837999972,44.071642255000029],[-73.354519799999935,44.072067600000025],[-73.353644900999939,44.073112458000026],[-73.352966898999966,44.073922200000027],[-73.352848198999936,44.07424350000008],[-73.352852624999969,44.074399380000045],[-73.352880099999936,44.075160000000039],[-73.352861799999971,44.074360900000045],[-73.35310359999994,44.073980100000028],[-73.353667000999963,44.073385100000053],[-73.353660761999947,44.073128733000033],[-73.353649549999943,44.073117571000068],[-73.354521299999988,44.072076500000037],[-73.359236889999977,44.071659418000081],[-73.359239308999975,44.07165997900006],[-73.35981529999998,44.071907500000066],[-73.360299200999975,44.072567100000072],[-73.360454669999967,44.072554839000077],[-73.360448386999963,44.07292158000007],[-73.360461063999935,44.072932734000062],[-73.360464834999959,44.073010583000041],[-73.360525238999969,44.07307630300005],[-73.360527971999943,44.073090021000041],[-73.360590399999978,44.073143600000037],[-73.360698799999966,44.073142800000028],[-73.360821700999963,44.073086100000069],[-73.361001599999952,44.072716900000046],[-73.360983499999975,44.072507500000029],[-73.361065999999937,44.07249100000007],[-73.36098100199996,44.07249863800007],[-73.360804499999972,44.072514500000068],[-73.360729999999933,44.072630000000061],[-73.360769999999945,44.072820000000036],[-73.360639999999989,44.072750000000042],[-73.360473500999944,44.072544300000061],[-73.360297699999933,44.07255820000006],[-73.359811865999973,44.07189599000003],[-73.359599699999933,44.07160680000004]]],[[[-73.36785679999997,44.067209800000057],[-73.360559699999953,44.067911500000037],[-73.360233898999979,44.068069300000047],[-73.360594699999979,44.071414900000036],[-73.360235299999943,44.068078200000059],[-73.360561099999984,44.067920400000048],[-73.36785679999997,44.067209800000057]]],[[[-73.329765899999984,44.066472900000065],[-73.329311999999959,44.066609800000037],[-73.329175511999949,44.066786907000051],[-73.329365699999983,44.06689810000006],[-73.329905699999983,44.067060500000025],[-73.330399499999942,44.06709950000004],[-73.330388599999935,44.067088600000034],[-73.330389999999966,44.066690000000051],[-73.330319999999972,44.06657000000007],[-73.329809999999952,44.06648000000007],[-73.329765899999984,44.066472900000065]]],[[[-73.332096299999989,44.06506180000008],[-73.331589999999949,44.065560000000062],[-73.331049999999948,44.066290000000038],[-73.330699998999989,44.066470000000038],[-73.330589998999983,44.066960000000051],[-73.330570499999965,44.067057500000033],[-73.330893499999945,44.066883200000063],[-73.331461998999941,44.066328200000044],[-73.33213030099995,44.065307700000062],[-73.332096299999989,44.06506180000008]]],[[[-73.366254199999958,44.064996800000074],[-73.365863099999956,44.065040700000054],[-73.366076567999983,44.065272150000055],[-73.366083899999978,44.065280100000052],[-73.36627249999998,44.065186200000028],[-73.366314236999983,44.065039123000076],[-73.366254199999958,44.064996800000074]]],[[[-73.330807199999981,44.063698900000077],[-73.330703081999957,44.063707223000051],[-73.328714299999945,44.063866200000064],[-73.330695678999973,44.063716821000071],[-73.330632815999934,44.063922490000039],[-73.330653530999939,44.063972230000047],[-73.330656192999982,44.063983351000047],[-73.330839547999972,44.064446915000076],[-73.330849568999952,44.064554454000074],[-73.330854871999975,44.06457494600005],[-73.330857415999958,44.064585090000037],[-73.330870038999933,44.064633000000072],[-73.33087306699997,44.064647151000031],[-73.330876986999954,44.064663332000066],[-73.330879345999961,44.064691544000027],[-73.330893149999952,44.064741162000075],[-73.330902847999937,44.064996648000033],[-73.330907800999967,44.065015994000078],[-73.330910664999976,44.065028562000066],[-73.330915090999952,44.065046758000051],[-73.330881398999963,44.065442500000074],[-73.330748699999958,44.065807200000052],[-73.330471398999975,44.066133200000081],[-73.330222119999974,44.066288182000051],[-73.330239999999947,44.06633000000005],[-73.330330000999936,44.06633000000005],[-73.330719999999985,44.066070000000025],[-73.330950000999962,44.065700000000049],[-73.33100000099995,44.065290000000061],[-73.331269999999961,44.065090000000055],[-73.331429999999955,44.064790000000073],[-73.331609999999955,44.064720000000079],[-73.331959999999981,44.064090000000078],[-73.331849999999974,44.063950000000034],[-73.330807199999981,44.063698900000077]]],[[[-73.342604699999981,44.063500700000077],[-73.342579999999941,44.063550000000077],[-73.342321099999936,44.064136700000063],[-73.342341499999975,44.064139500000067],[-73.342599299999961,44.063780300000076],[-73.342639859999963,44.063545916000066],[-73.342604699999981,44.063500700000077]]],[[[-73.360798899999963,44.063403600000072],[-73.360245499999962,44.063621900000044],[-73.360323699999981,44.063706800000034],[-73.360516799999971,44.063916500000062],[-73.360621999999978,44.063590300000044],[-73.360798899999963,44.063403600000072]]],[[[-73.340757899999971,44.062567800000068],[-73.34068070099994,44.062568300000066],[-73.340588599999933,44.062624700000072],[-73.340620549999983,44.062814696000032],[-73.340666727999974,44.062866975000077],[-73.340669961999936,44.062915506000081],[-73.340728899999988,44.062998400000026],[-73.34073389699995,44.063001507000081],[-73.340994600999977,44.062860102000059],[-73.340975948999983,44.062833728000044],[-73.340961272999948,44.062766569000075],[-73.340930329999935,44.062735355000029],[-73.340927539999939,44.062721597000063],[-73.340899061999949,44.062701203000074],[-73.340896301999976,44.06268921700007],[-73.340757899999971,44.062567800000068]]],[[[-73.362420699999973,44.061826600000074],[-73.362420598999961,44.061826600000074],[-73.362195400999951,44.062114000000065],[-73.362378999999976,44.062333275000071],[-73.362381699999958,44.062336500000072],[-73.36250229999996,44.062127000000032],[-73.362497563999966,44.061982017000048],[-73.362484421999966,44.061970783000049],[-73.362481317999936,44.061935051000034],[-73.362434491999977,44.061882002000061],[-73.362420699999973,44.061826600000074]]],[[[-73.339070899999967,44.061571700000059],[-73.339049999999986,44.06161000000003],[-73.339020498999957,44.061936800000069],[-73.339151809999976,44.062018378000062],[-73.339157799999953,44.062022100000036],[-73.33918265799997,44.061765516000037],[-73.339168475999941,44.061754290000067],[-73.339150202999974,44.061586288000058],[-73.339070899999967,44.061571700000059]]],[[[-73.345361199999957,44.060906000000045],[-73.34645519999998,44.061201400000073],[-73.346736068999974,44.061351141000046],[-73.346738868999978,44.061365654000042],[-73.346986684999933,44.061584381000046],[-73.346989467999947,44.061597852000034],[-73.347231199999953,44.061864400000047],[-73.347405498999933,44.062521100000026],[-73.347562299999936,44.062740400000052],[-73.349444999999946,44.064858600000036],[-73.347404099999949,44.062512100000049],[-73.347098599999981,44.061361600000055],[-73.346455034999963,44.061192837000078],[-73.345361199999957,44.060906000000045]]],[[[-73.337071299999934,44.060041600000034],[-73.336890399999959,44.060079500000029],[-73.336939785999959,44.060324600000058],[-73.337011998999969,44.06068300000004],[-73.337214009999968,44.060176274000071],[-73.337071299999934,44.060041600000034]]],[[[-73.329455977999942,44.058816983000042],[-73.329924299999959,44.059236400000032],[-73.330384299999935,44.059125700000038],[-73.330489699999987,44.059144600000025],[-73.331326199999978,44.058950300000049],[-73.331289999999967,44.058910000000026],[-73.331161299999962,44.058929400000068],[-73.329922899999985,44.059227500000077],[-73.329455977999942,44.058816983000042]]],[[[-73.329300435999983,44.058677684000031],[-73.329303699999969,44.058683100000053],[-73.329455977999942,44.058816983000042],[-73.329300435999983,44.058677684000031]]],[[[-73.32897829999996,44.05814300000003],[-73.329183099999966,44.058572600000048],[-73.329300435999983,44.058677684000031],[-73.32897829999996,44.05814300000003]]],[[[-73.355894100999933,44.058106400000042],[-73.356056222999939,44.05881990000006],[-73.356074322999973,44.059154187000047],[-73.356088034999971,44.059165416000042],[-73.356090958999971,44.059189392000064],[-73.356119641999953,44.059219174000077],[-73.356122557999981,44.059244904000025],[-73.356295199999977,44.059420300000056],[-73.356575199999952,44.059529600000076],[-73.357422334999967,44.059489814000074],[-73.357424508999941,44.05949038600005],[-73.357781299999942,44.059664400000031],[-73.359680899999944,44.061570200000062],[-73.359729199999947,44.06170300000008],[-73.35978229899996,44.061664500000063],[-73.357774820999964,44.05965047400008],[-73.357114799999977,44.058988300000067],[-73.356064099999969,44.05885180000007],[-73.355894100999933,44.058106400000042]]],[[[-73.360779199999968,44.057451000000071],[-73.360733100999937,44.057539700000063],[-73.360948299999961,44.057587200000057],[-73.360898499999962,44.057785800000033],[-73.361183199999971,44.058318300000053],[-73.361119199999962,44.058964400000036],[-73.361189199999956,44.05911210000005],[-73.361313899999971,44.059157300000038],[-73.36136659999994,44.059242100000063],[-73.36109179999994,44.059632400000055],[-73.360999399999969,44.059983700000032],[-73.361374499999954,44.060050200000035],[-73.362068200999943,44.061045300000046],[-73.362021571999946,44.060961820000045],[-73.362018436999961,44.060924202000081],[-73.361973893999959,44.060873640000068],[-73.361970929999984,44.060846496000067],[-73.361847660999956,44.060694703000081],[-73.361844866999945,44.060680829000034],[-73.361816251999983,44.060651193000069],[-73.361813152999957,44.060616116000062],[-73.361752585999966,44.060540206000042],[-73.361749654999983,44.060515370000076],[-73.361721144999933,44.060495030000027],[-73.361718168999971,44.060471917000029],[-73.361578366999936,44.06025175700006],[-73.361574759999939,44.060183217000031],[-73.361562035999953,44.060171983000032],[-73.361557199999936,44.059837800000025],[-73.361672199999987,44.05924600000003],[-73.361660663999942,44.058633117000056],[-73.36164753099996,44.058621883000058],[-73.361644635999937,44.058599817000072],[-73.361631835999958,44.058588583000073],[-73.36162606299996,44.058365733000073],[-73.361612831999935,44.058354584000028],[-73.361609968999971,44.058332416000042],[-73.361596747999954,44.058321184000079],[-73.36159364699995,44.058286032000069],[-73.361565064999979,44.058256585000038],[-73.361561761999951,44.058210134000035],[-73.361517129999982,44.058154583000032],[-73.361514235999948,44.05813261600008],[-73.36139049999997,44.057944000000077],[-73.36109033799994,44.057767559000069],[-73.361017699999934,44.057522500000061],[-73.360779199999968,44.057451000000071]]],[[[-73.330525724999973,44.057211128000063],[-73.330569999999966,44.057840000000056],[-73.330739999999935,44.058020000000056],[-73.330822499999954,44.058030000000031],[-73.330630548999977,44.057652210000072],[-73.330621040999972,44.057567361000054],[-73.330615611999974,44.057546681000076],[-73.330613101999973,44.057536671000037],[-73.330607714999985,44.057514586000025],[-73.330606118999981,44.057453999000074],[-73.330587669999943,44.05740441100005],[-73.330578613999933,44.057344835000038],[-73.330525724999973,44.057211128000063]]],[[[-73.340634599999987,44.056348300000025],[-73.336454298999968,44.056606800000054],[-73.340636099999983,44.056357200000036],[-73.341276499999935,44.056687500000066],[-73.342669399999977,44.056623500000057],[-73.345156999999972,44.059240400000078],[-73.342667999999946,44.056614600000046],[-73.341275000999985,44.056678500000032],[-73.340634599999987,44.056348300000025]]],[[[-73.34421279999998,44.055904000000055],[-73.344158499999935,44.056021600000065],[-73.34422399999994,44.056493900000078],[-73.343042899999944,44.05654270000008],[-73.344273899999962,44.056498100000056],[-73.344287798999972,44.056019800000058],[-73.34421279999998,44.055904000000055]]],[[[-73.376211599999976,44.055657600000075],[-73.37615223399996,44.055814000000055],[-73.376164967999955,44.055825135000077],[-73.376167959999975,44.055849157000068],[-73.376401738999959,44.056145656000069],[-73.376404568999988,44.056159108000031],[-73.376404699999966,44.05616880000008],[-73.376482599999974,44.056212800000026],[-73.376482760999977,44.056224787000076],[-73.376574198999947,44.056311228000027],[-73.376577059999988,44.056324387000075],[-73.376762438999947,44.056510664000029],[-73.37676526499996,44.056523884000057],[-73.377123139999981,44.056853553000053],[-73.377126030999989,44.056867322000073],[-73.377126199999964,44.056876700000032],[-73.377157299999965,44.056898800000056],[-73.377157630999989,44.056920983000055],[-73.377170769999964,44.056932217000053],[-73.377173729999981,44.056954200000064],[-73.377186869999946,44.056965417000072],[-73.377189830999953,44.05698758300008],[-73.377202564999948,44.056998717000056],[-73.377193899999952,44.05726640000006],[-73.377102899999954,44.057389800000067],[-73.376123399999983,44.058066100000076],[-73.37606825499995,44.058233500000028],[-73.376124239999967,44.058299165000051],[-73.376127072999964,44.058312985000043],[-73.376374599999963,44.058331600000031],[-73.377421498999979,44.058044900000027],[-73.377911399999959,44.05770670000004],[-73.378772500999958,44.057410300000072],[-73.379188699999986,44.057205100000033],[-73.379175613999962,44.057195301000036],[-73.379123799999945,44.057156500000076],[-73.378785999999934,44.056904600000053],[-73.378726499999971,44.056864400000052],[-73.37872645799996,44.056864400000052],[-73.378471900999955,44.056944400000077],[-73.378055099999983,44.05698110000003],[-73.377776599999947,44.056949800000041],[-73.377511830999936,44.056819828000073],[-73.377508930999966,44.056805426000039],[-73.377339648999964,44.056674374000067],[-73.377336802999935,44.056663318000062],[-73.377308494999966,44.05665218200005],[-73.377305626999942,44.056639415000063],[-73.377072829999975,44.056408783000052],[-73.37706984099998,44.05638471900005],[-73.377041259999942,44.056355273000065],[-73.37703824099998,44.056329325000036],[-73.377009587999964,44.056299795000029],[-73.377006539999968,44.056273770000075],[-73.376977558999954,44.056244166000056],[-73.376974539999935,44.056218227000045],[-73.376945951999971,44.056188776000056],[-73.376942777999943,44.056153617000064],[-73.376740844999972,44.055899530000033],[-73.376737799999944,44.055875459000049],[-73.376709360999939,44.055855187000077],[-73.376706525999964,44.055841315000066],[-73.376397304999955,44.05566755600006],[-73.376395223999964,44.055667192000044],[-73.376211599999976,44.055657600000075]]],[[[-73.327030299999933,44.055347700000027],[-73.32549709999995,44.056073200000071],[-73.324748062999959,44.056321447000073],[-73.324311899999941,44.056466000000057],[-73.323937399999977,44.057134700000063],[-73.323507998999958,44.05701270000003],[-73.323938899999973,44.057143600000074],[-73.324285398999962,44.056524800000034],[-73.324813498999958,44.056315500000039],[-73.325795599999935,44.056183800000042],[-73.326139399999988,44.056087500000046],[-73.327210598999955,44.05546570000007],[-73.327685899999949,44.055755500000032],[-73.328751599999975,44.056624800000066],[-73.328872697999941,44.056909330000053],[-73.328879988999972,44.056955683000069],[-73.328903676999971,44.057010877000039],[-73.328908273999957,44.057033168000032],[-73.328933837999955,44.05709028800004],[-73.328951727999936,44.057181548000074],[-73.328991413999972,44.057271082000057],[-73.328996703999962,44.057297148000032],[-73.329003985999975,44.057321438000031],[-73.329004616999953,44.057323969000038],[-73.329035036999983,44.057406419000074],[-73.329040429999964,44.057432878000043],[-73.329047780999986,44.057457284000066],[-73.329048230999945,44.05745905200007],[-73.329062553999961,44.057513248000078],[-73.329066299999965,44.057533100000057],[-73.329068630999984,44.057542927000043],[-73.329069215999937,44.05760624800007],[-73.329069199999935,44.057606600000042],[-73.329193699999962,44.056895100000077],[-73.328874199999973,44.056694100000072],[-73.328749814999981,44.056615635000071],[-73.327684399999953,44.055746600000077],[-73.327030299999933,44.055347700000027]]],[[[-73.328298897999957,44.054941302000032],[-73.328719999999976,44.055360000000064],[-73.329206599999964,44.056233300000031],[-73.329409999999939,44.05627000000004],[-73.329879999999946,44.056170000000066],[-73.330195699999933,44.056395700000053],[-73.330197099999964,44.056397100000027],[-73.330195527999933,44.056394468000065],[-73.33017308899997,44.056340029000069],[-73.330166941999948,44.056305719000079],[-73.330140946999961,44.056248418000052],[-73.330138014999989,44.056235903000072],[-73.330008499999963,44.05594990000003],[-73.329849100999979,44.055818900000077],[-73.329613199999983,44.055846600000052],[-73.329529299999933,44.056075300000032],[-73.329426299999966,44.056147200000055],[-73.329222999999956,44.056115500000033],[-73.329103723999935,44.05592904000008],[-73.329099914999972,44.055912876000036],[-73.328713299999947,44.055237300000044],[-73.328298897999957,44.054941302000032]]],[[[-73.344499600999939,44.054856200000074],[-73.343876200999944,44.054933400000039],[-73.344363300999987,44.054908300000079],[-73.344572899999946,44.055029800000057],[-73.344892699999946,44.055501900000081],[-73.345057699999984,44.056463300000075],[-73.347761399999968,44.056336700000031],[-73.347354898999981,44.057753400000081],[-73.347382899999957,44.058679700000027],[-73.346627999999953,44.059843200000046],[-73.347384399999953,44.058688600000039],[-73.347356399999967,44.057762300000036],[-73.347822699999938,44.056137900000067],[-73.345077999999944,44.055790500000057],[-73.344796799999983,44.05513540000004],[-73.344499600999939,44.054856200000074]]],[[[-73.382943999999952,44.054381500000034],[-73.382518199999936,44.054423000000043],[-73.382303499999978,44.054443900000081],[-73.382144700999959,44.054459400000042],[-73.381656599999985,44.054891100000077],[-73.381368599999973,44.05527230000007],[-73.380971799999941,44.055598600000053],[-73.379332699999964,44.056603400000029],[-73.37890204699994,44.056794987000046],[-73.378901999999982,44.056795000000079],[-73.378919298999961,44.056806700000038],[-73.379260599999952,44.057061300000044],[-73.379339799999968,44.057120600000076],[-73.380183099999954,44.056619200000057],[-73.380475299999944,44.056516500000043],[-73.380690999999956,44.056492700000035],[-73.380815599999949,44.056536300000062],[-73.380939375999958,44.056724717000066],[-73.38094254799995,44.056757983000068],[-73.380953494999972,44.056769229000054],[-73.380841737999958,44.057271600000036],[-73.38084189999995,44.057282900000075],[-73.380857499999934,44.057282800000053],[-73.380857673999969,44.057295682000074],[-73.380966899999976,44.057371100000069],[-73.38112179999996,44.057381000000078],[-73.381397899999968,44.057245200000068],[-73.381532199999981,44.056909700000062],[-73.381551566999974,44.056318817000033],[-73.381539185999941,44.05630757800003],[-73.381550699999934,44.056084700000042],[-73.381746799999974,44.055759900000055],[-73.382661499999983,44.054905700000063],[-73.382888899999955,44.05459170000006],[-73.382943999999952,44.054381500000034]]],[[[-73.381909999999948,44.054970000000026],[-73.381819999999948,44.054990000000032],[-73.381759999999986,44.055130000000077],[-73.381929999999954,44.055280000000039],[-73.381689999999935,44.055160000000058],[-73.381509999999935,44.055230000000051],[-73.38149999999996,44.055370000000039],[-73.381399999999985,44.055430000000058],[-73.381439999999941,44.055630000000065],[-73.381199998999989,44.055760000000078],[-73.381269999999972,44.055850000000078],[-73.381559999999979,44.055780000000027],[-73.381549999999947,44.055660000000046],[-73.382139999999936,44.055170000000032],[-73.382169998999984,44.055070000000057],[-73.381909999999948,44.054970000000026]]],[[[-73.320521300999985,44.054248800000039],[-73.31981879999995,44.054293800000039],[-73.318957299999965,44.054547200000059],[-73.318144900999982,44.054633300000035],[-73.317735899999946,44.054922100000056],[-73.318146399999989,44.054642300000069],[-73.318958699999939,44.05455610000007],[-73.319820199999981,44.054302700000051],[-73.32052269999997,44.054257800000073],[-73.320765399999971,44.055620500000032],[-73.322044499999947,44.055684700000029],[-73.32271359899994,44.055770600000074],[-73.323363899999947,44.05613290000008],[-73.323730999999952,44.056606900000077],[-73.32373389299994,44.056601793000027],[-73.323773499999959,44.056305900000041],[-73.32336397499995,44.056124684000054],[-73.323105559999988,44.055951230000062],[-73.322771899999964,44.055658300000061],[-73.322237199999961,44.055685500000038],[-73.32076399999994,44.055611600000077],[-73.320521300999985,44.054248800000039]]],[[[-73.324178300999961,44.05385380000007],[-73.324199999999962,44.053890000000081],[-73.324380000999952,44.05400000000003],[-73.324419999999975,44.054130000000043],[-73.32442999999995,44.054470000000038],[-73.324279999999987,44.054770000000076],[-73.32412979999998,44.05497930000007],[-73.323899999999981,44.055160000000058],[-73.32326519999998,44.055556400000057],[-73.323220000999981,44.055690000000027],[-73.323629998999934,44.055850000000078],[-73.323659899999939,44.055903900000033],[-73.324093599999969,44.055854300000078],[-73.324152998999978,44.055827700000066],[-73.324049999999943,44.055800000000033],[-73.324039999999968,44.055740000000071],[-73.324389999999937,44.055710000000033],[-73.324464599999942,44.055691400000057],[-73.324464472999978,44.055691382000077],[-73.324259899999959,44.055610200000046],[-73.324181252999949,44.055493527000067],[-73.324210599999958,44.055337500000064],[-73.324509199999966,44.054905000000076],[-73.324515033999944,44.054632379000054],[-73.324499120999974,44.054582182000047],[-73.324477292999973,44.054271029000063],[-73.324472279999952,44.054251592000071],[-73.324469567999984,44.054240175000075],[-73.324464608999961,44.054220115000078],[-73.32446189999996,44.054204946000027],[-73.324441326999988,44.054154122000057],[-73.324422514999981,44.05405064100006],[-73.324344399999973,44.053925400000026],[-73.324178300999961,44.05385380000007]]],[[[-73.390524399999947,44.053583398000058],[-73.389983799999982,44.053621700000065],[-73.389923119999935,44.053626034000047],[-73.38991939999994,44.053626300000076],[-73.390443200999982,44.054321300000026],[-73.390722529999948,44.054585136000071],[-73.390725474999954,44.054599661000054],[-73.390863300999968,44.05468399800003],[-73.390866174999985,44.054698889000065],[-73.392159068999945,44.055532274000029],[-73.392161972999986,44.055546981000077],[-73.392252803999952,44.055620694000027],[-73.392255721999959,44.055634937000036],[-73.392489251999962,44.055910617000052],[-73.392492423999954,44.055943883000054],[-73.392508032999956,44.055955001000029],[-73.392521700999964,44.056010671000081],[-73.392552834999947,44.056041915000037],[-73.392556246999959,44.056090122000057],[-73.392585241999939,44.056119734000049],[-73.392588760999956,44.056179213000064],[-73.392603418999954,44.056198871000049],[-73.392604299999959,44.056199500000048],[-73.392621199999951,44.056288500000051],[-73.392636799999934,44.056288400000028],[-73.392637630999957,44.056344100000047],[-73.392650363999962,44.056355235000069],[-73.392654220999987,44.056433083000059],[-73.392667800999959,44.056444311000064],[-73.392690063999964,44.056800700000053],[-73.392703665999989,44.056811917000061],[-73.392706299999986,44.056811900000071],[-73.392708199999959,44.056934500000068],[-73.392721098999971,44.056934335000051],[-73.392686727999944,44.057558683000025],[-73.392699464999964,44.05756991700008],[-73.392703236999978,44.057647766000059],[-73.392716361999987,44.057658917000026],[-73.392719716999977,44.05770328300008],[-73.392719899999975,44.057714600000054],[-73.392735499999958,44.057714500000031],[-73.392736136999986,44.057759000000033],[-73.392751136999948,44.057770202000029],[-73.392765862999966,44.057836798000039],[-73.392815699999971,44.057914500000038],[-73.392831300999944,44.057914400000072],[-73.392831659999956,44.057938472000046],[-73.392907668999953,44.058036418000029],[-73.392910744999938,44.058059516000071],[-73.393096232999937,44.058256555000071],[-73.393099132999964,44.058270829000037],[-73.393143501999987,44.058311397000068],[-73.393146360999935,44.058325185000058],[-73.39317479999994,44.05834554200004],[-73.393177656999967,44.058358110000029],[-73.393221694999966,44.058378873000038],[-73.393223899999953,44.058379384000034],[-73.393563799999981,44.058332200000052],[-73.393670399999962,44.058208800000045],[-73.393665864999946,44.058086134000064],[-73.393652725999971,44.05807498300004],[-73.393649073999939,44.058008417000053],[-73.393636330999982,44.057997183000055],[-73.393632368999988,44.057908117000068],[-73.393619231999935,44.057896966000044],[-73.393616268999949,44.057874817000027],[-73.39360312599996,44.057863583000028],[-73.393599473999984,44.057796835000033],[-73.393586730999971,44.057785683000077],[-73.393583768999974,44.057763634000025],[-73.393570630999989,44.057752483000058],[-73.393567668999935,44.05773031700005],[-73.393554531999939,44.057719166000027],[-73.393551538999986,44.057695026000033],[-73.393520294999973,44.057663701000081],[-73.393518945999972,44.05765828400007],[-73.39350640899994,44.057608135000066],[-73.393443730999934,44.05753046500007],[-73.393440667999982,44.057508235000057],[-73.393377666999982,44.057430699000065],[-73.393364015999964,44.057375101000048],[-73.39334833099997,44.057364000000064],[-73.393345368999974,44.057341817000065],[-73.393332236999981,44.057330666000041],[-73.393432600999972,44.056794900000057],[-73.393409343999963,44.056427214000053],[-73.393396139999936,44.056416083000045],[-73.393392782999967,44.056371717000047],[-73.393378737999967,44.056360489000042],[-73.393359159999989,44.056186789000037],[-73.393329925999979,44.056137983000042],[-73.393326242999933,44.056069312000034],[-73.393296469999939,44.056039013000031],[-73.393278776999978,44.055915509000044],[-73.393264832999989,44.055904382000051],[-73.393261768999935,44.055882218000079],[-73.393248729999982,44.055870982000044],[-73.393245168999954,44.055815518000031],[-73.39323213199998,44.055804365000029],[-73.393229068999972,44.055782218000047],[-73.393216416999962,44.05577098200007],[-73.393213033999984,44.055724731000055],[-73.393184064999957,44.055695134000075],[-73.393180662999953,44.055648818000066],[-73.393167931999983,44.055637665000063],[-73.39316496899994,44.055615517000035],[-73.393151836999948,44.055604283000037],[-73.393148562999954,44.055559917000039],[-73.393135438999934,44.055548766000072],[-73.393132081999966,44.055504218000067],[-73.393119431999935,44.055493064000075],[-73.393116367999937,44.055470918000026],[-73.393103316999941,44.055459683000038],[-73.393099962999941,44.05541531700004],[-73.393087223999942,44.055404165000027],[-73.39308407599998,44.05537083400003],[-73.393070947999945,44.055359683000063],[-73.393067777999988,44.05532641700006],[-73.393054721999988,44.055315183000062],[-73.393051549999939,44.055281935000039],[-73.393038830999956,44.055270783000026],[-73.393035802999975,44.055248617000075],[-73.393022721999955,44.055237383000076],[-73.393019546999938,44.055202214000076],[-73.392990960999953,44.055172756000047],[-73.392987868999967,44.055148718000055],[-73.392896264999933,44.055050250000079],[-73.392893424999954,44.055036009000048],[-73.392630899999972,44.05488390000005],[-73.391855299999975,44.054678200000069],[-73.39151254799998,44.054502374000037],[-73.391509701999951,44.054491426000027],[-73.391481047999946,44.054480383000055],[-73.391478166999946,44.054467371000044],[-73.391386930999943,44.054393728000036],[-73.391384040999981,44.054379965000066],[-73.391292963999945,44.054293555000072],[-73.39129008599997,44.05428044100006],[-73.390681767999979,44.053741209000066],[-73.39067887899995,44.053727424000044],[-73.390524399999947,44.053583398000058]]],[[[-73.361421099999973,44.051784400000031],[-73.360006099999964,44.052955600000075],[-73.359395677999942,44.056097300000033],[-73.359151699999984,44.057353000000035],[-73.358918098999936,44.057869200000027],[-73.358862300999988,44.058512900000039],[-73.359680999999966,44.059301900000037],[-73.359780901999954,44.059338297000068],[-73.360089999999957,44.059450900000058],[-73.360433599999965,44.058918000000062],[-73.360469999999964,44.05869000000007],[-73.36060249999997,44.058517600000073],[-73.360705999999936,44.058178600000076],[-73.360670900999935,44.058063300000072],[-73.360634452999989,44.05796070100007],[-73.360630799999967,44.057736500000033],[-73.360535199999958,44.057920200000069],[-73.360600073999933,44.058072318000029],[-73.360247999999956,44.059123000000056],[-73.360110799999973,44.059235600000079],[-73.359814111999981,44.059338048000029],[-73.358956899999953,44.058591400000068],[-73.35891289999995,44.05843370000008],[-73.359186498999975,44.057236100000068],[-73.359423099999958,44.05658770000008],[-73.359418498999958,44.05622070000004],[-73.360169699999972,44.052932000000055],[-73.361579700999982,44.05182620000005],[-73.361421099999973,44.051784400000031]]],[[[-73.360740100999976,44.05166550000007],[-73.357449799999983,44.051902900000073],[-73.357185598999934,44.052645100000063],[-73.357200499999976,44.05319570000006],[-73.359380099999953,44.053299700000025],[-73.359667399999978,44.052643300000057],[-73.359895799999947,44.052425200000073],[-73.36032849999998,44.052113400000053],[-73.360794399999975,44.052050700000052],[-73.360740100999976,44.05166550000007]]],[[[-73.36069329999998,44.051712300000077],[-73.357449999999972,44.051936700000056],[-73.357368510999947,44.052144066000039],[-73.357378062999942,44.052155317000029],[-73.357385036999972,44.052456083000038],[-73.357397168999967,44.05246732300003],[-73.357388531999959,44.052634377000061],[-73.357400664999943,44.052645617000053],[-73.357407534999936,44.052935183000045],[-73.357420252999987,44.052946417000044],[-73.357423347999941,44.052979683000046],[-73.357436464999978,44.052990917000045],[-73.357440234999956,44.053068683000049],[-73.357452961999968,44.053079917000048],[-73.357456237999941,44.053124383000068],[-73.35746936399994,44.053135617000066],[-73.357472636999944,44.053179983000064],[-73.357485792999967,44.053191217000062],[-73.359347699999944,44.05328860000003],[-73.359604099999956,44.052707400000031],[-73.359871399999975,44.052425400000061],[-73.360324499999933,44.052097600000025],[-73.360740399999941,44.05202950000006],[-73.36069329999998,44.051712300000077]]],[[[-73.353792899999974,44.050997300000063],[-73.353569099999959,44.051007700000071],[-73.353669799999977,44.051012000000071],[-73.353840139999988,44.051199989000054],[-73.353842940999982,44.051214284000025],[-73.353887418999989,44.051264873000036],[-73.353890259999957,44.051279324000063],[-73.354375651999987,44.051887934000035],[-73.354378460999953,44.051899936000041],[-73.354406938999944,44.051920265000035],[-73.354409772999986,44.05193408100007],[-73.354454125999951,44.051974619000077],[-73.354456960999983,44.051988527000049],[-73.354485439999962,44.052008865000062],[-73.354488259999982,44.052021724000042],[-73.354517139999984,44.052042077000067],[-73.354519946999972,44.052053883000042],[-73.354532652999978,44.052065117000041],[-73.354535447999979,44.052076083000031],[-73.35462722699998,44.052185180000038],[-73.354630019999945,44.052199323000025],[-73.354674234999948,44.052229956000076],[-73.354677060999961,44.052243236000038],[-73.354705538999951,44.052263565000032],[-73.354708359999961,44.05227642400007],[-73.354737238999974,44.052296776000048],[-73.354740060999973,44.052309727000079],[-73.354768540999942,44.052330005000044],[-73.354771311999968,44.05234273800005],[-73.354799786999934,44.052363270000058],[-73.354802565999989,44.052376457000037],[-73.355003839999938,44.05258460500005],[-73.355006643999957,44.052599085000054],[-73.355051118999938,44.052649578000057],[-73.35505397299994,44.052664880000066],[-73.355208713999957,44.052838578000035],[-73.355211658999963,44.05286439200006],[-73.355337081999949,44.053017903000068],[-73.355351516999974,44.053084395000042],[-73.355416767999941,44.053184502000079],[-73.355431116999966,44.053250997000077],[-73.355494160999967,44.053351117000034],[-73.355497739999976,44.053417683000077],[-73.355510868999943,44.053428917000076],[-73.355513830999939,44.053450983000062],[-73.355526551999958,44.05346221700006],[-73.355529947999969,44.05351786600005],[-73.355543069999953,44.053529034000064],[-73.355547059999935,44.05361989000005],[-73.355576970999948,44.053650456000071],[-73.355594093999969,44.053762592000055],[-73.355608264999944,44.053773817000035],[-73.355611947999989,44.05385166700006],[-73.355625162999957,44.053862833000039],[-73.355630030999976,44.054018683000038],[-73.355643168999961,44.054029917000037],[-73.355631121999977,44.054096766000043],[-73.355644262999988,44.054108017000033],[-73.355649438999933,44.054286065000042],[-73.355661428999952,44.054297244000054],[-73.355653569999959,44.054520178000075],[-73.355665561999956,44.054531417000078],[-73.355670436999958,44.054687183000055],[-73.355683563999946,44.054698417000054],[-73.355688935999979,44.054887783000027],[-73.355702497999971,44.054899014000057],[-73.355746402999955,44.055689886000039],[-73.355759659999933,44.055701117000069],[-73.355763225999965,44.055767783000078],[-73.355774778999944,44.055779027000028],[-73.355766420999942,44.055879273000073],[-73.355778854999983,44.05589051100003],[-73.355815943999971,44.056268989000046],[-73.355831017999947,44.056280210000068],[-73.355849381999974,44.056435990000068],[-73.355863169999964,44.056447217000027],[-73.355866630999969,44.056502783000042],[-73.355879770999934,44.05651401700004],[-73.355882729999962,44.05653598300006],[-73.355897700999947,44.056547205000072],[-73.355930784999941,44.056729638000036],[-73.35596086299995,44.056780916000037],[-73.355964036999978,44.056825184000047],[-73.355983606999985,44.056852100000071],[-73.355993276999982,44.056891972000074],[-73.356038498999965,44.056943174000025],[-73.356031625999947,44.056991962000041],[-73.356043522999983,44.057003202000033],[-73.356058176999966,44.057069798000043],[-73.35607549599996,44.057081005000043],[-73.356090604999963,44.057158695000055],[-73.356107068999961,44.057169908000049],[-73.356123730999968,44.057281092000039],[-73.356138268999985,44.057292317000076],[-73.356141163999951,44.057314384000051],[-73.356155460999958,44.057325609000031],[-73.356173130999935,44.057470290000026],[-73.356187369999986,44.057481517000042],[-73.356190330999937,44.057503583000027],[-73.356203463999975,44.057514817000026],[-73.356206764999968,44.05756109400005],[-73.356235337999976,44.057590708000077],[-73.356240434999961,44.057759583000063],[-73.356253568999989,44.057770817000062],[-73.356256500999962,44.057790702000034],[-73.356568798999945,44.057527400000026],[-73.35671549999995,44.056695600000069],[-73.356414398999959,44.056693200000041],[-73.356111699999985,44.055630400000041],[-73.356239499999958,44.054326900000035],[-73.355752699999982,44.053858300000059],[-73.355396599999949,44.052612000000067],[-73.355616299999951,44.051992300000052],[-73.354852599999958,44.051769300000046],[-73.353792899999974,44.050997300000063]]],[[[-73.384578599999941,44.050969100000032],[-73.384578517999955,44.050969160000079],[-73.38410829999998,44.051360800000054],[-73.383897999999988,44.051776199000074],[-73.384019599999988,44.051597800000025],[-73.384370599999954,44.051375800000073],[-73.384561599999984,44.051010500000075],[-73.384578599999941,44.050969100000032]]],[[[-73.38536019999998,44.050700000000063],[-73.385230899999954,44.050714600000049],[-73.384958499999982,44.051030200000071],[-73.384886798999958,44.051333500000055],[-73.384863248999977,44.051365782000062],[-73.384845799999937,44.051389700000072],[-73.384295900999973,44.051796700000068],[-73.383868299999961,44.051946500000042],[-73.383838898999954,44.051972100000057],[-73.383838900999933,44.051972133000049],[-73.38378709999995,44.052634100000034],[-73.383577400999968,44.053081500000076],[-73.383349198999952,44.053339700000038],[-73.382982299999981,44.053610100000071],[-73.382429499999944,44.053859600000067],[-73.382265299999972,44.054309200000034],[-73.38227810099994,44.054308000000049],[-73.382955899999956,44.054241900000079],[-73.382988997999973,44.054237841000031],[-73.383008898999947,44.054235400000039],[-73.38320299999998,44.053898200000049],[-73.383769399999949,44.053514900000039],[-73.384104799999989,44.053200100000026],[-73.384224899999936,44.052965200000074],[-73.384233861999974,44.052719817000025],[-73.384221135999951,44.052708665000068],[-73.384217277999937,44.052630817000079],[-73.384204840999985,44.052619579000066],[-73.384289699999954,44.052128500000038],[-73.384501098999976,44.051792400000068],[-73.385093799999936,44.051130300000068],[-73.385576299999968,44.050803200000075],[-73.385506899999939,44.050767300000075],[-73.38536019999998,44.050700000000063]]],[[[-73.354079399999989,44.049352900000031],[-73.353031199999975,44.049456700000064],[-73.353050020999945,44.049824385000079],[-73.353063163999934,44.049835617000042],[-73.353067735999957,44.049969083000065],[-73.353078598999957,44.049980331000029],[-73.353071106999948,44.050047137000035],[-73.353081978999967,44.050058417000059],[-73.353085121999982,44.050091583000039],[-73.353098234999948,44.050102817000038],[-73.353101164999941,44.050124983000046],[-73.353113959999973,44.050136217000045],[-73.35311756699997,44.050204763000067],[-73.353149127999984,44.050236150000046],[-73.353162658999963,44.050291700000059],[-73.353225669999972,44.050369334000038],[-73.353228668999975,44.050394010000048],[-73.353320168999971,44.050513617000036],[-73.353323158999956,44.050537657000064],[-73.353446712999983,44.050689103000025],[-73.353449686999966,44.050715012000069],[-73.353581000999952,44.050894800000037],[-73.353581676999966,44.050889559000041],[-73.353697299999965,44.049994200000071],[-73.353775199999973,44.049389700000063],[-73.354079399999989,44.049352900000031]]],[[[-73.386166842999955,44.049282099000038],[-73.38607369999994,44.049450500000034],[-73.385554099999979,44.049855900000068],[-73.38504267899998,44.050514442000065],[-73.385042599999963,44.050514500000077],[-73.385196199999939,44.050561800000025],[-73.385850000999937,44.049980000000062],[-73.385829999999942,44.049870000000055],[-73.385939999999948,44.049570000000074],[-73.386139999999955,44.049470000000042],[-73.386166842999955,44.049282099000038]]],[[[-73.386177179999947,44.049209732000065],[-73.386166842999955,44.049282099000038],[-73.386178899999948,44.049260300000071],[-73.386177179999947,44.049209732000065]]],[[[-73.387397999999962,44.04840930000006],[-73.387368128999981,44.048416748000079],[-73.387358699999936,44.048419100000046],[-73.386980199999982,44.048522800000057],[-73.386801199999979,44.04862600000007],[-73.386228999999958,44.049932900000044],[-73.385794999999973,44.050346900000079],[-73.385852399999976,44.050471400000049],[-73.386375999999984,44.050801400000068],[-73.386896898999964,44.050842500000044],[-73.386774599999967,44.050996500000053],[-73.386913599999957,44.051181700000029],[-73.386829599999942,44.052003400000046],[-73.386959899999965,44.052360700000065],[-73.387127498999973,44.052457803000038],[-73.387292699999989,44.052428500000076],[-73.387427398999989,44.052498000000071],[-73.387540200999979,44.052491800000041],[-73.38808309999996,44.052649300000041],[-73.388597300999947,44.053009399000075],[-73.38860909999994,44.053026900000077],[-73.388831255999946,44.053085410000051],[-73.388832802999957,44.053085557000031],[-73.388938498999948,44.053106652000054],[-73.388939002999962,44.053106700000058],[-73.389109677999954,44.053139016000046],[-73.38911170199998,44.05313936400006],[-73.389170897999975,44.053160332000061],[-73.389172371999962,44.053160587000036],[-73.389624499999968,44.053324500000031],[-73.389809239999977,44.053467056000045],[-73.389812130999985,44.053480835000073],[-73.389819800999987,44.053495500000054],[-73.389831644999958,44.053494661000059],[-73.38996519899996,44.053485200000068],[-73.390411599999936,44.053453600000068],[-73.390412500999958,44.053453500000046],[-73.39014762499994,44.053176839000059],[-73.39014472599996,44.053162409000038],[-73.389430399999981,44.052757500000041],[-73.389166302999968,44.052670603000081],[-73.389163586999985,44.052669592000029],[-73.388932926999985,44.052605185000061],[-73.388930993999963,44.052604855000027],[-73.388189700999988,44.052454999000076],[-73.388127200999975,44.052433083000039],[-73.388124596999944,44.052432638000028],[-73.388065004999987,44.052411665000079],[-73.388062296999976,44.052411033000055],[-73.387939478999954,44.052367591000063],[-73.387937997999984,44.052367336000032],[-73.387427699999989,44.052171100000066],[-73.38717797399994,44.05200758400008],[-73.387175131999982,44.051993282000069],[-73.38708393099995,44.051894982000078],[-73.387080367999943,44.051839418000043],[-73.387067330999969,44.051828182000065],[-73.387245399999983,44.051347600000042],[-73.387240338999959,44.051189617000034],[-73.387209773999984,44.051158843000053],[-73.38717859999997,44.051002600000061],[-73.387264368999979,44.050712118000035],[-73.387110612999948,44.050602551000054],[-73.387107898999943,44.050601644000039],[-73.386815957999943,44.050570583000081],[-73.386813797999935,44.050570513000025],[-73.386538299999984,44.050561600000037],[-73.38643019999995,44.050551400000074],[-73.386428187999968,44.050540093000052],[-73.386427297999944,44.05053999200004],[-73.386101725999936,44.050431751000076],[-73.386191199999985,44.050085100000047],[-73.386494100999982,44.049659000000077],[-73.386838498999964,44.048931800000048],[-73.387397999999962,44.04840930000006]]],[[[-73.35440559999995,44.047307100000069],[-73.354544798999939,44.049169500000062],[-73.354741499999989,44.049159400000065],[-73.354772394999941,44.049160452000081],[-73.354773799999975,44.049160500000028],[-73.354770264999956,44.049142809000045],[-73.354755947999934,44.049131583000076],[-73.354752777999977,44.049098317000073],[-73.354739734999953,44.049087083000074],[-73.354735964999975,44.04900931700007],[-73.35472323099998,44.048998083000072],[-73.354720269999973,44.048975934000055],[-73.35470713899997,44.048964683000065],[-73.354703559999962,44.048898017000056],[-73.354626864999943,44.048753566000073],[-73.35462393399996,44.048731417000056],[-73.354610829999956,44.048720183000057],[-73.354607869999938,44.048698217000037],[-73.354595122999967,44.048686983000039],[-73.35459194799995,44.048651748000054],[-73.354562964999957,44.048622161000026],[-73.354559662999975,44.048575917000051],[-73.35454694699996,44.048564683000052],[-73.354543852999939,44.048531517000072],[-73.354530722999982,44.048520283000073],[-73.354527576999942,44.048486917000048],[-73.354513093999969,44.048475694000047],[-73.35440559999995,44.047307100000069]]],[[[-73.38983369999994,44.046451000000047],[-73.38839269999994,44.047437100000025],[-73.38757979899998,44.047867200000042],[-73.386720499999967,44.048263900000052],[-73.386365899999987,44.048333600000035],[-73.386087550999946,44.048324480000076],[-73.386084993999987,44.048324133000051],[-73.385886100999983,44.048270400000035],[-73.385714131999976,44.04813972900007],[-73.385711239999978,44.04812587400005],[-73.385524998999983,44.047905300000025],[-73.38535429999996,44.047862100000032],[-73.385247799999945,44.047963200000027],[-73.385190130999945,44.048253383000031],[-73.385190299999977,44.048264700000061],[-73.38520589999996,44.048264600000039],[-73.38520753399996,44.048375900000053],[-73.385215077999987,44.048387152000032],[-73.385213229999977,44.048409148000076],[-73.385220776999972,44.048420418000035],[-73.385223947999975,44.048453800000061],[-73.385224099999959,44.048465100000044],[-73.385239699999943,44.048465000000078],[-73.385240530999965,44.048520500000052],[-73.385256116999983,44.048531602000025],[-73.38526976299994,44.048587199000053],[-73.385444799999959,44.048753200000078],[-73.385645107999949,44.048818510000046],[-73.385646604999977,44.048818770000025],[-73.386094503999971,44.04895799500008],[-73.386097359999951,44.048971787000028],[-73.386144898999987,44.049048700000071],[-73.386160100999973,44.049048600000049],[-73.386160930999949,44.049104100000079],[-73.386173971999938,44.04911531700003],[-73.386177179999947,44.049209732000065],[-73.386190000999989,44.049120000000073],[-73.386329999999987,44.048910000000035],[-73.386459999999943,44.048830000000066],[-73.386479999999949,44.048590000000047],[-73.386680000999945,44.048360000000059],[-73.387229999999988,44.048080000000027],[-73.387909999999977,44.047820000000058],[-73.388139998999975,44.047590000000071],[-73.388309999999933,44.047550000000058],[-73.388469999999984,44.047430000000077],[-73.388589999999965,44.047450000000026],[-73.38877999999994,44.047270000000026],[-73.389253699999983,44.047071600000038],[-73.389254500999982,44.047026200000062],[-73.389700599999969,44.04674140000003],[-73.38983369999994,44.046451000000047]]],[[[-73.321294498999976,44.04640820000003],[-73.321219998999936,44.046420200000057],[-73.322865898999964,44.047852500000033],[-73.322874999999954,44.047801400000026],[-73.321294498999976,44.04640820000003]]],[[[-73.328846899999974,44.045288700000071],[-73.328768300999968,44.045293300000026],[-73.329096599999957,44.047475100000042],[-73.329140299999949,44.04747210000005],[-73.328846899999974,44.045288700000071]]],[[[-73.372659000999988,44.045228400000042],[-73.37278650099995,44.046264600000029],[-73.367821499999934,44.046670000000063],[-73.368050499999981,44.04891930000008],[-73.364802399999974,44.049225300000046],[-73.364225399999953,44.047037600000067],[-73.362785598999949,44.047161000000074],[-73.362877199999957,44.047822800000063],[-73.362786999999969,44.047169900000029],[-73.364226900999938,44.047046500000079],[-73.364803799999947,44.049234200000058],[-73.368051999999977,44.048928200000034],[-73.367822999999987,44.046678900000074],[-73.372787999999957,44.046273500000041],[-73.372659000999988,44.045228400000042]]],[[[-73.334408699999983,44.044967300000053],[-73.334355298999981,44.044970400000068],[-73.334092999999939,44.045945500000073],[-73.334483199999966,44.045606300000031],[-73.334408699999983,44.044967300000053]]],[[[-73.321027299999969,44.044186100000047],[-73.320913899999937,44.044303100000036],[-73.32154259899994,44.044935400000043],[-73.32158979899998,44.045075100000076],[-73.321578099999954,44.044780600000081],[-73.321027299999969,44.044186100000047]]],[[[-73.363172399999939,44.044158700000025],[-73.363391099999944,44.045999600000073],[-73.363540299999954,44.045986300000038],[-73.363172399999939,44.044158700000025]]],[[[-73.327817699999969,44.042548900000043],[-73.327404299999955,44.045787200000063],[-73.327462599999933,44.045781800000043],[-73.327817699999969,44.042548900000043]]],[[[-73.270630299999937,44.042004000000077],[-73.270587932999945,44.042008993000081],[-73.270939464999969,44.04412810000008],[-73.270630299999937,44.042004000000077]]],[[[-73.348339399999986,44.041925300000059],[-73.348195099999941,44.041927000000044],[-73.348168999999984,44.042371600000081],[-73.347719799999936,44.042862300000081],[-73.347441499999945,44.04360470000006],[-73.347516667999969,44.044111351000026],[-73.347329299999956,44.044237700000053],[-73.347288975999959,44.044549973000073],[-73.34730045699996,44.044561234000071],[-73.347301251999966,44.044618107000076],[-73.343746200999988,44.044896300000062],[-73.343758299999934,44.044957000000068],[-73.347881499999971,44.044636900000057],[-73.347695899999962,44.044427100000064],[-73.347616499999958,44.04410560000008],[-73.34757639999998,44.043581900000049],[-73.347723198999972,44.043059300000039],[-73.34793979799997,44.042802358000074],[-73.347941800999934,44.042801100000077],[-73.348053900999957,44.042761800000051],[-73.348217999999974,44.042561300000045],[-73.348295299999961,44.042289100000062],[-73.348310846999937,44.042240340000035],[-73.348339399999986,44.041925300000059]]],[[[-73.383298099999934,44.041566200000034],[-73.383097899999939,44.041932900000063],[-73.382800799999984,44.042067300000042],[-73.383029999999962,44.042060000000049],[-73.383140000999958,44.041940000000068],[-73.383240000999933,44.041960000000074],[-73.383299999999963,44.041920000000061],[-73.383389999999963,44.04180000000008],[-73.383298099999934,44.041566200000034]]],[[[-73.33412809899994,44.041385000000048],[-73.334946399999978,44.048323400000072],[-73.33482639999994,44.048331400000052],[-73.334625899999935,44.046438600000045],[-73.334561599999972,44.046411800000044],[-73.334789700999977,44.048344500000042],[-73.334947799999952,44.048332300000027],[-73.33412809899994,44.041385000000048]]],[[[-73.322826599999985,44.040753700000039],[-73.322313899999983,44.040846000000045],[-73.322315598999978,44.040928100000031],[-73.322632698999939,44.040897600000051],[-73.322596799999985,44.042508500000054],[-73.322766199999933,44.042333900000074],[-73.322826599999985,44.040753700000039]]],[[[-73.348384899999985,44.040228100000036],[-73.348246299999971,44.040273700000057],[-73.348094226999933,44.04041969900004],[-73.348126599999944,44.040542100000039],[-73.348216990999958,44.040563072000054],[-73.348219552999979,44.040563666000025],[-73.348529299999939,44.040594900000031],[-73.348741099999984,44.040670900000066],[-73.34874186199994,44.040663359000064],[-73.348742100999971,44.040661000000057],[-73.348742199999947,44.040499400000044],[-73.348913799999934,44.040340900000047],[-73.348940999999968,44.04025740000003],[-73.348754396999936,44.040269642000055],[-73.348753596999984,44.040269533000071],[-73.348678801999938,44.040248371000075],[-73.348676098999988,44.040247927000053],[-73.348384899999985,44.040228100000036]]],[[[-73.271438799999942,44.039270000000045],[-73.271455399999979,44.03944800000005],[-73.274235999999974,44.041446200000053],[-73.276277499999935,44.051266700000042],[-73.276029699999981,44.05226730000004],[-73.279474599999958,44.052029800000071],[-73.279521299999942,44.053063100000031],[-73.276409699999988,44.053304900000057],[-73.280827399999964,44.052970400000049],[-73.284203399999967,44.061508200000048],[-73.285112399999946,44.061428900000067],[-73.281321898999977,44.063975700000071],[-73.280849599999954,44.064689300000055],[-73.280505898999934,44.06614060000004],[-73.28192649999994,44.070282900000052],[-73.283861299999955,44.070132800000067],[-73.284181499999988,44.072373700000071],[-73.274251999999933,44.073261000000059],[-73.274239398999953,44.073167000000069],[-73.273350174999962,44.073341102000029],[-73.264995443999965,44.074986793000051],[-73.264290973999948,44.075077405000059],[-73.262189301999967,44.075347731000079],[-73.262517527999989,44.079072385000075],[-73.252994657999977,44.079564241000071],[-73.251609804999987,44.079635769000049],[-73.250921922999964,44.079689798000061],[-73.251082399999973,44.080897500000049],[-73.250931299999934,44.081594800000062],[-73.25207359999996,44.081545300000073],[-73.252893399999948,44.081453600000032],[-73.254006698999945,44.081164700000045],[-73.254756199999974,44.081039300000043],[-73.25830209999998,44.080805800000064],[-73.263323199999945,44.07976130000003],[-73.264169700999958,44.079633900000033],[-73.265037199999938,44.079588400000034],[-73.268678799999975,44.079581400000052],[-73.269448699999941,44.079629600000032],[-73.270857299999989,44.079909900000075],[-73.272366699999964,44.080489400000033],[-73.27415179999997,44.08087340000003],[-73.274843899999951,44.08109120000006],[-73.275895499999933,44.081628400000056],[-73.277494098999966,44.082807700000046],[-73.283914099999947,44.082146100000045],[-73.286016399999937,44.079514000000074],[-73.286740698999949,44.078388000000075],[-73.289043498999945,44.073967400000072],[-73.289840499999968,44.071794300000079],[-73.289364799999987,44.068411200000071],[-73.289355099999966,44.067373900000064],[-73.289535099999966,44.064086300000042],[-73.28937929999995,44.061396400000035],[-73.288677899999982,44.056765600000062],[-73.288277698999934,44.053628700000047],[-73.288116599999967,44.051684200000068],[-73.288112699999942,44.049774900000045],[-73.288261298999942,44.048249300000066],[-73.279163499999981,44.049003500000026],[-73.278771799999959,44.047119800000075],[-73.282749699999954,44.046774300000038],[-73.282883999999967,44.045836500000064],[-73.282753499999956,44.045100800000057],[-73.28299949999996,44.045077700000036],[-73.283310898999957,44.042996300000027],[-73.280630699999961,44.043211600000063],[-73.279682599999944,44.04313170000006],[-73.278770099999974,44.04293720000004],[-73.277990600999942,44.04264210000008],[-73.276158099999975,44.041750500000035],[-73.274410799999941,44.040820600000075],[-73.273757799999942,44.040527700000041],[-73.271438799999942,44.039270000000045]]],[[[-73.378176698999937,44.039055400000052],[-73.37794705999994,44.039215030000037],[-73.378038798999967,44.039322639000034],[-73.378041673999974,44.039336882000043],[-73.378291299999944,44.039500500000031],[-73.379065899999944,44.039706305000038],[-73.379067102999954,44.039706500000079],[-73.379204524999977,44.039770048000037],[-73.379207459999975,44.03978402100006],[-73.379334000999961,44.039983000000063],[-73.379474500999947,44.040071000000069],[-73.379626496999947,44.040091731000075],[-73.379627665999976,44.040091891000031],[-73.379843951999987,44.040135018000058],[-73.379846210999972,44.040135608000071],[-73.380281899999943,44.040332300000046],[-73.380328399999939,44.040365400000042],[-73.380328626999983,44.040378012000076],[-73.380466528999989,44.040474060000065],[-73.380469472999948,44.040488641000081],[-73.380732226999953,44.040672459000064],[-73.380735175999973,44.04068735900006],[-73.38090432599995,44.040816042000074],[-73.380907266999941,44.040830382000081],[-73.380966800999943,44.040871766000066],[-73.380969726999979,44.040885899000045],[-73.381139076999943,44.041026553000052],[-73.381142014999966,44.04103994500008],[-73.381312996999952,44.041225604000033],[-73.381332698999984,44.041383300000064],[-73.381226000999959,44.041473200000041],[-73.380825400999981,44.041565500000047],[-73.380331199999944,44.041580400000043],[-73.380116299999941,44.041682500000036],[-73.380058299999973,44.041773775000081],[-73.380084438999972,44.041793142000074],[-73.38008737399997,44.041807063000078],[-73.380349000999956,44.041936295000028],[-73.380351707999978,44.041937425000071],[-73.380442288999973,44.041968974000042],[-73.380445002999977,44.041970009000067],[-73.380445099999974,44.041980900000055],[-73.380584699999986,44.042002000000025],[-73.380584703999943,44.042002700000069],[-73.380851298999971,44.042092900000057],[-73.380879999999934,44.04209000000003],[-73.381559999999979,44.04209000000003],[-73.381799999999942,44.041970000000049],[-73.381969999999967,44.042040000000043],[-73.382179999999948,44.041970000000049],[-73.382489999999962,44.041960000000074],[-73.382578799999976,44.04203590000003],[-73.382544887999984,44.041811901000074],[-73.382234264999965,44.041821990000074],[-73.382232897999984,44.041821877000075],[-73.382111699999939,44.041800831000046],[-73.382108893999941,44.041799960000048],[-73.381971130999943,44.041712565000068],[-73.381968068999981,44.04169041800003],[-73.381955030999961,44.041679183000042],[-73.381952068999965,44.041657035000071],[-73.381939330999955,44.041645865000078],[-73.381936368999959,44.04162371700005],[-73.381923247999964,44.041612483000051],[-73.381919768999978,44.041557018000049],[-73.381906731999948,44.041545865000046],[-73.38190366799995,44.041523718000064],[-73.381891028999974,44.04151248200003],[-73.381885770999986,44.041345517000025],[-73.381871921999959,44.04133428800003],[-73.381852677999973,44.041134012000043],[-73.381838821999963,44.041122783000048],[-73.381835577999937,44.041089517000046],[-73.381822548999935,44.041078365000033],[-73.38181935199998,44.041045118000056],[-73.381806730999983,44.041033882000079],[-73.381803668999964,44.04101171800005],[-73.381790798999987,44.041011800000035],[-73.381790099999989,44.040967300000034],[-73.38178740099994,44.040965382000081],[-73.381758852999951,44.040935857000079],[-73.381755547999944,44.040898669000057],[-73.38172665999997,44.040869136000026],[-73.381723529999988,44.040842478000059],[-73.381679469999938,44.04079222200005],[-73.381676413999969,44.040765606000036],[-73.381443699999977,44.040535100000056],[-73.381070999999963,44.040404300000034],[-73.380368273999977,44.039920958000039],[-73.380368099999941,44.039908100000048],[-73.380212299999982,44.039820100000043],[-73.380212167999957,44.039810382000041],[-73.380209266999941,44.039795870000034],[-73.379806599999938,44.039566900000068],[-73.37873295299994,44.039128987000026],[-73.378731495999943,44.039128739000034],[-73.378671903999987,44.039107778000073],[-73.378669096999943,44.039106987000025],[-73.378578800999946,44.039085913000065],[-73.378577854999946,44.039085807000049],[-73.378176698999937,44.039055400000052]]],[[[-73.381259999999941,44.040820000000053],[-73.381189999999947,44.040890000000047],[-73.381219999999985,44.041000000000054],[-73.381299999999953,44.041180000000054],[-73.381429999999966,44.041230000000041],[-73.381479999999954,44.041340000000048],[-73.381179999999972,44.041750000000036],[-73.381329999999934,44.041790000000049],[-73.381370000999937,44.04189000000008],[-73.381489999999985,44.041930000000036],[-73.381599999999935,44.041880000000049],[-73.381559999999979,44.041790000000049],[-73.38176999999996,44.041610000000048],[-73.381799999999942,44.041260000000079],[-73.381759999999986,44.04120000000006],[-73.38158999999996,44.041180000000054],[-73.381489998999939,44.040880000000072],[-73.381259999999941,44.040820000000053]]],[[[-73.349274099999946,44.03872240000004],[-73.349274076999961,44.038722445000076],[-73.349154199999987,44.038918100000046],[-73.34913083899994,44.039441983000074],[-73.349143951999963,44.039453217000073],[-73.349132230999942,44.039542383000025],[-73.349146094999981,44.039553612000077],[-73.349165691999985,44.039776087000064],[-73.349181228999953,44.039787312000044],[-73.349197278999952,44.039876294000067],[-73.349198499999943,44.03988350000003],[-73.349211602999958,44.039878907000059],[-73.34942639999997,44.039835200000027],[-73.349630299999944,44.039664500000072],[-73.349299598999949,44.039067800000055],[-73.34927609999994,44.038815300000067],[-73.349274099999946,44.03872240000004]]],[[[-73.40959399999997,44.038390400000026],[-73.409610518999955,44.038408118000063],[-73.409556130999988,44.038698400000044],[-73.409568698999976,44.038709537000045],[-73.40957272199995,44.038787382000066],[-73.409620007999933,44.038854001000061],[-73.40963402899996,44.038909715000045],[-73.409681016999969,44.038962383000069],[-73.409684015999972,44.038976999000056],[-73.409790900999951,44.039085482000075],[-73.409793860999969,44.039098683000077],[-73.409919999999943,44.039264100000025],[-73.409950999999978,44.039274900000066],[-73.409951174999946,44.039287982000076],[-73.410019898999963,44.03937250000007],[-73.41002137199996,44.039368298000056],[-73.410117899999989,44.039060500000062],[-73.41007019999995,44.039037800000074],[-73.409899999999936,44.038500000000056],[-73.40976999999998,44.038420000000031],[-73.409610400999952,44.038400000000081],[-73.40959399999997,44.038390400000026]]],[[[-73.386989999999969,44.038220000000081],[-73.386779999999987,44.038610000000062],[-73.386089999999967,44.039240000000063],[-73.385939999999948,44.039470000000051],[-73.385730000999956,44.040030000000058],[-73.385519999999985,44.040190000000052],[-73.385379998999952,44.040170000000046],[-73.385289999999941,44.040280000000052],[-73.385029999999972,44.040340000000072],[-73.384879999999953,44.040530000000047],[-73.384609999999952,44.040660000000059],[-73.384329999999977,44.04060000000004],[-73.384259999999983,44.040640000000053],[-73.384116199999937,44.040555400000073],[-73.383707798999978,44.040761300000042],[-73.383678399999951,44.040799400000026],[-73.383799999999951,44.04075000000006],[-73.38403999999997,44.040820000000053],[-73.384229999999945,44.040790000000072],[-73.384209999999939,44.040900000000079],[-73.38394999999997,44.040920000000028],[-73.383789999999976,44.04102000000006],[-73.383759999999938,44.04111000000006],[-73.38385999999997,44.041270000000054],[-73.383759999999938,44.041460000000029],[-73.38376999999997,44.041840000000036],[-73.383717551999951,44.041890666000029],[-73.383702104999941,44.041903905000026],[-73.383129999999937,44.042320000000075],[-73.382589999999936,44.042430000000081],[-73.382059999999967,44.042360000000031],[-73.381859999999961,44.042570000000069],[-73.381699999999967,44.042650000000037],[-73.381159999999966,44.042660000000069],[-73.380929999999978,44.042760000000044],[-73.380879998999944,44.042660000000069],[-73.380599999999959,44.042620000000056],[-73.380049999999983,44.04302000000007],[-73.379679999999951,44.042980000000057],[-73.37940999999995,44.043190000000038],[-73.379069999999956,44.043300000000045],[-73.378779999999949,44.043330000000026],[-73.378709999999955,44.043230000000051],[-73.378749999999968,44.043060000000025],[-73.378789999999981,44.043010000000038],[-73.379019999999969,44.043010000000038],[-73.379069998999967,44.042940000000044],[-73.379029999999943,44.042900000000031],[-73.379199998999979,44.042800000000057],[-73.379069999999956,44.042750000000069],[-73.379039999999975,44.042667800000061],[-73.377956899999958,44.042992200000072],[-73.377647999999965,44.043016700000067],[-73.376812899999948,44.042967500000032],[-73.376188604999982,44.042571170000031],[-73.376187117999962,44.042570912000031],[-73.375958699999956,44.042684200000053],[-73.375961332999964,44.042862300000081],[-73.375973967999983,44.042873518000079],[-73.375977030999934,44.042895582000028],[-73.375990061999971,44.042906818000063],[-73.375993436999977,44.042951300000027],[-73.376085000999979,44.043049675000077],[-73.376087864999988,44.043063283000038],[-73.376131998999938,44.043093988000066],[-73.376134964999949,44.043107531000032],[-73.376179080999975,44.04313821900007],[-73.376181972999973,44.043152291000069],[-73.376650099999949,44.043459200000029],[-73.377253724999946,44.043554902000039],[-73.377254099999959,44.043566000000055],[-73.377375198999971,44.043576075000033],[-73.377377363999983,44.043576255000062],[-73.377377899999942,44.043576298000062],[-73.377824998999984,44.043672635000064],[-73.377826598999945,44.04367290700003],[-73.377996651999979,44.043783318000067],[-73.377999847999945,44.043816502000027],[-73.378011274999949,44.043827726000075],[-73.378001999999981,44.043961600000046],[-73.377805299999977,44.044241800000066],[-73.376908700999934,44.045285400000068],[-73.376743799999986,44.045632200000057],[-73.37670370099994,44.04595560000007],[-73.376702299999977,44.045966900000053],[-73.37671789999996,44.045966800000031],[-73.376719099999946,44.046044800000061],[-73.376734700999975,44.046044700000039],[-73.376735147999966,44.04607800000008],[-73.376747868999985,44.046089217000031],[-73.376751329999934,44.046144666000032],[-73.376764450999985,44.046155834000047],[-73.376767664999988,44.046191895000049],[-73.376812100999985,44.046242256000028],[-73.376815030999978,44.046257622000041],[-73.376939199999981,44.046299500000032],[-73.377000199999941,44.046254400000066],[-73.377162299999952,44.045718100000045],[-73.377375099999938,44.045471200000065],[-73.378354198999943,44.044783800000062],[-73.378757299999961,44.043833100000029],[-73.379031699999985,44.043585800000074],[-73.379569599999968,44.043392200000028],[-73.381095399999936,44.043101700000079],[-73.382911499999977,44.042597200000046],[-73.383141499999965,44.042461700000047],[-73.384391099999959,44.041281600000048],[-73.386141699999939,44.040543400000047],[-73.38644979999998,44.040496400000052],[-73.386898499999973,44.040515300000038],[-73.386990599999933,44.040470000000028],[-73.386986338999975,44.040367672000059],[-73.386957474999974,44.040338238000061],[-73.386954464999974,44.040323198000067],[-73.386755000999983,44.040226700000062],[-73.386753692999946,44.040226560000065],[-73.38641234499994,44.040195496000081],[-73.386411798999973,44.040195445000052],[-73.386306204999983,44.040174455000056],[-73.386303491999968,44.040173738000078],[-73.386057274999985,44.040055460000076],[-73.386054253999987,44.040039729000057],[-73.386009871999988,44.03998950700003],[-73.386082899999963,44.039707800000031],[-73.386493899999948,44.039292100000068],[-73.387103799999977,44.038752300000056],[-73.387613499999986,44.038418300000046],[-73.387455099999954,44.038365800000065],[-73.386989999999969,44.038220000000081]]],[[[-73.388544099999933,44.037323400000048],[-73.38853990399997,44.037329803000034],[-73.388185799999974,44.037870500000054],[-73.38810449999994,44.038163700000041],[-73.388405999999975,44.037995300000034],[-73.388544099999933,44.037323400000048]]],[[[-73.350118793999968,44.037100800000076],[-73.350161198999956,44.037880400000063],[-73.349887399999943,44.038475700000049],[-73.349851499999943,44.038997400000028],[-73.349890099999982,44.03916920000006],[-73.350029999999947,44.039306600000032],[-73.350081899999964,44.039609000000041],[-73.34982999999994,44.039940000000058],[-73.349470699999983,44.040126100000066],[-73.34922789999996,44.040404700000067],[-73.348907399999973,44.041315600000075],[-73.34874803799994,44.041585463000047],[-73.34871389999995,44.041657100000066],[-73.348699293999971,44.041683697000053],[-73.348662106999939,44.04179780100003],[-73.348612399999979,44.042464700000039],[-73.348076399999968,44.04321200000004],[-73.348287599999935,44.04466750000006],[-73.348241198999972,44.044231000000025],[-73.348813199999938,44.043167800000049],[-73.349120099999936,44.041939300000081],[-73.349726099999941,44.041098700000077],[-73.350238699999977,44.040192000000047],[-73.350384198999961,44.039566600000057],[-73.350354963999962,44.038730813000029],[-73.350341230999959,44.038719583000045],[-73.350338268999963,44.038697434000028],[-73.350325138999949,44.038686183000038],[-73.350321559999941,44.038619517000029],[-73.350308835999954,44.03860828300003],[-73.350305562999949,44.038564017000056],[-73.350291482999978,44.038552689000028],[-73.350254820999965,44.038196511000081],[-73.350240828999972,44.038185183000053],[-73.350225203999969,44.037269734000063],[-73.350196474999962,44.037240091000058],[-73.350193234999949,44.037202201000071],[-73.350148866999973,44.037151809000079],[-73.350145769999983,44.03712721800008],[-73.350118793999968,44.037100800000076]]],[[[-73.407631699999968,44.03661900000003],[-73.407652068999937,44.036640118000037],[-73.407655168999952,44.036664900000062],[-73.407841297999937,44.036905224000066],[-73.407844274999945,44.036919182000076],[-73.408094266999967,44.037258928000028],[-73.408097260999966,44.037272874000053],[-73.408235596999987,44.037425106000057],[-73.408238564999976,44.037439284000072],[-73.408329938999941,44.037525626000047],[-73.408332931999951,44.037539499000047],[-73.408377098999949,44.037579853000068],[-73.408380169999987,44.037594683000066],[-73.408502270999975,44.037679555000068],[-73.408505270999967,44.037694062000071],[-73.408658528999979,44.037800937000043],[-73.408661532999986,44.037815623000029],[-73.409351899999933,44.038164900000027],[-73.409299999999973,44.038120000000049],[-73.408859999999947,44.037700000000029],[-73.408519999999953,44.037550000000067],[-73.408529999999985,44.037450000000035],[-73.408339999999953,44.03708400000005],[-73.408150899999953,44.036844500000029],[-73.407632871999965,44.036619520000045],[-73.407631699999968,44.03661900000003]]],[[[-73.348988799999972,44.036255100000062],[-73.348885299999949,44.036311700000056],[-73.348887838999985,44.036489783000036],[-73.348900552999964,44.036501018000081],[-73.348903745999962,44.036534182000025],[-73.348916770999949,44.036545517000036],[-73.348919831999979,44.036567582000032],[-73.348932852999951,44.036578818000066],[-73.348936044999959,44.036611982000068],[-73.348948678999989,44.036623318000068],[-73.348951846999967,44.036656483000058],[-73.348964968999951,44.036667717000057],[-73.348967930999947,44.036689866000074],[-73.348983560999955,44.036701101000062],[-73.348997191999956,44.036756736000029],[-73.349028240999985,44.03678794800004],[-73.349031263999962,44.036811983000064],[-73.349044352999954,44.036823217000062],[-73.349047552999934,44.036858457000051],[-73.349076047999972,44.036887943000067],[-73.349079281999934,44.036925722000035],[-73.349123729999974,44.036976100000061],[-73.349126786999989,44.037002777000055],[-73.349189740999975,44.037078501000053],[-73.349203255999953,44.037134000000037],[-73.349250534999953,44.037200718000065],[-73.349253559999966,44.037224729000059],[-73.349329868999973,44.037322717000052],[-73.349333330999968,44.037378283000066],[-73.34934603499994,44.037389535000045],[-73.349349030999974,44.037411682000027],[-73.349362062999944,44.037422918000061],[-73.349365464999948,44.037469155000053],[-73.349395146999939,44.03749950200006],[-73.349412865999966,44.037624104000031],[-73.349443731999941,44.037655190000066],[-73.349454999999978,44.037737100000072],[-73.349532199999942,44.03758700000003],[-73.349579999999946,44.03727310000005],[-73.349518300999989,44.037039100000072],[-73.348999998999943,44.036270000000059],[-73.348988799999972,44.036255100000062]]],[[[-73.322664798999938,44.035789900000054],[-73.323110199999974,44.03649340000004],[-73.323214999999948,44.036540000000059],[-73.323289999999986,44.036490000000072],[-73.323319999999967,44.036490000000072],[-73.323362267999983,44.036504064000042],[-73.323375899999974,44.036508600000047],[-73.323507098999983,44.036411600000065],[-73.323629898999968,44.036151200000063],[-73.323625594999953,44.036150439000039],[-73.323509999999942,44.036130000000071],[-73.323220000999981,44.036030000000039],[-73.323039999999935,44.035880000000077],[-73.322709999999972,44.035800000000052],[-73.322664798999938,44.035789900000054]]],[[[-73.402472399999965,44.034702100000061],[-73.402354500999934,44.034863600000051],[-73.401752699999975,44.035162700000058],[-73.401806600999976,44.035562000000027],[-73.401566899999978,44.035423300000048],[-73.401248998999961,44.035361800000032],[-73.400928198999964,44.035514000000035],[-73.400757099999964,44.035513900000069],[-73.400605699999971,44.035581300000047],[-73.40048829899996,44.03572980000007],[-73.400223499999981,44.035872400000073],[-73.400143999999955,44.036020400000041],[-73.39988459999995,44.036129300000027],[-73.399969199999987,44.036388400000078],[-73.399556699999948,44.036301800000047],[-73.399062899999933,44.036590500000045],[-73.399041399999987,44.036742300000071],[-73.398841499999946,44.03687780000007],[-73.398836399999936,44.036970500000052],[-73.39851699999997,44.03686870000007],[-73.398429499999963,44.036932600000057],[-73.398274999999956,44.036948500000051],[-73.398208199999942,44.037199500000042],[-73.398063099999945,44.037200000000041],[-73.398014399999965,44.037294300000042],[-73.397897199999989,44.037314400000071],[-73.397793299999989,44.037525300000027],[-73.397829399999978,44.037631500000032],[-73.397524099999941,44.037768200000073],[-73.397578299999964,44.037919900000077],[-73.397425399999975,44.037870500000054],[-73.397031599999934,44.037892200000044],[-73.396962500999962,44.037934200000052],[-73.396913499999982,44.038166000000047],[-73.396660299999951,44.038255800000059],[-73.396352499999978,44.038246900000047],[-73.396071198999948,44.038308400000062],[-73.395935999999949,44.038552400000071],[-73.395599999999945,44.038919400000054],[-73.395293899999956,44.039200600000072],[-73.395097998999972,44.039273100000059],[-73.394880099999966,44.039492900000027],[-73.394930000999977,44.039700000000039],[-73.39484239899997,44.039725000000033],[-73.394379999999956,44.040260000000046],[-73.394349999999974,44.040540000000078],[-73.394150000999957,44.040590000000066],[-73.394049999999936,44.040690000000041],[-73.394059999999968,44.040810000000079],[-73.393845799999951,44.041158300000063],[-73.393759299999942,44.04147880000005],[-73.393505999999945,44.041891300000032],[-73.392954799999984,44.042417600000078],[-73.392859999999985,44.042860000000076],[-73.392372899999941,44.043585200000052],[-73.392134599999963,44.044386300000042],[-73.391818399999977,44.044801100000029],[-73.39189609999994,44.045127200000081],[-73.392210999999975,44.045472800000027],[-73.392237299999977,44.045570800000064],[-73.392069099999958,44.045606300000031],[-73.391786699999955,44.045321100000081],[-73.391536899999949,44.045277500000054],[-73.391256399999975,44.045540800000026],[-73.39113999999995,44.04576000000003],[-73.390509999999949,44.046260000000075],[-73.390259799999967,44.046597000000077],[-73.390079999999955,44.046980000000076],[-73.38992989999997,44.04712180000007],[-73.389907966999942,44.047163451000074],[-73.389899800999956,44.047182900000053],[-73.390500298999939,44.046785400000033],[-73.391002599999979,44.046268700000041],[-73.392339899999968,44.045790100000033],[-73.392633199999977,44.04578790100004],[-73.392633498999942,44.04578790000005],[-73.392772998999988,44.045809000000077],[-73.393191201999969,44.046048997000071],[-73.393194061999964,44.046062986000038],[-73.393268881999973,44.046150624000063],[-73.393260517999977,44.046317876000046],[-73.393272561999936,44.046329035000042],[-73.393275936999942,44.04637338200007],[-73.393288968999968,44.046384618000047],[-73.393292058999975,44.046408746000054],[-73.393417799999952,44.046550800000034],[-73.393541800999969,44.046572200000071],[-73.393799600999955,44.046269100000075],[-73.393766349999964,44.046124377000069],[-73.393641252999942,44.046004636000077],[-73.393637978999948,44.045969417000038],[-73.393624931999966,44.045958265000081],[-73.393621868999958,44.045936118000043],[-73.393607909999957,44.045924891000027],[-73.393652499999973,44.045712900000069],[-73.393820399999981,44.045577900000069],[-73.39405069999998,44.045486900000071],[-73.39440609899998,44.04547290000005],[-73.394853697999963,44.045625133000044],[-73.394854869999961,44.045625292000068],[-73.39498089999995,44.045680200000049],[-73.395194699999934,44.04568958200008],[-73.395195048999938,44.045689597000035],[-73.395475799999986,44.045687600000065],[-73.39553669999998,44.045642500000042],[-73.395532271999969,44.045531018000077],[-73.395516766999947,44.045519898000066],[-73.395503038999948,44.045464243000026],[-73.395472114999961,44.04544314900005],[-73.395469166999987,44.045429271000046],[-73.395144998999967,44.045288800000037],[-73.394000400999971,44.045230900000035],[-73.39399818399994,44.04523081800005],[-73.393473600999982,44.045123612000054],[-73.393473375999974,44.045123602000047],[-73.393116582999937,44.045115005000071],[-73.393115097999953,44.045114898000065],[-73.392839400999947,44.045084000000031],[-73.392575099999988,44.044985600000075],[-73.392369851999945,44.044787768000049],[-73.392353045999982,44.044686408000075],[-73.392338824999968,44.044675182000049],[-73.392441599999984,44.044328900000039],[-73.392900699999984,44.044024400000069],[-73.393142298999976,44.043654600000025],[-73.393225699999959,44.043029700000034],[-73.393331999999987,44.042917500000044],[-73.393515123999975,44.042893718000073],[-73.393517303999943,44.042894128000057],[-73.393687899999975,44.042937000000052],[-73.394031298999948,44.043157300000075],[-73.394525299999941,44.043131100000039],[-73.394662401999938,44.04317461800008],[-73.394665333999967,44.043187624000041],[-73.394665498999984,44.043196900000055],[-73.394696599999975,44.043218900000056],[-73.394712143999982,44.043319000000054],[-73.394726368999955,44.043330218000051],[-73.394729431999963,44.043352365000032],[-73.394742468999937,44.043363518000035],[-73.394745530999955,44.043385565000051],[-73.394760799999972,44.043396702000052],[-73.394761298999981,44.043396700000073],[-73.394794399999967,44.043552600000055],[-73.394822750999936,44.043572681000057],[-73.394826236999961,44.043619082000077],[-73.394839266999952,44.04363023500008],[-73.39484233099995,44.043652382000062],[-73.394857237999986,44.043663603000027],[-73.39487206299998,44.043730200000027],[-73.395093399999951,44.043907000000047],[-73.395201499999985,44.043917300000032],[-73.395309099999963,44.043860700000039],[-73.395399699999984,44.043715000000077],[-73.395405039999957,44.043244838000078],[-73.395376559999988,44.04321536100008],[-73.395373469999981,44.043191418000049],[-73.394830398999943,44.042861200000061],[-73.394225048999942,44.042832295000039],[-73.394224398999938,44.04283223300007],[-73.394118802999969,44.042811157000074],[-73.394116099999962,44.042810539000072],[-73.39369817499994,44.04258205800005],[-73.393695238999953,44.042568050000057],[-73.393633443999988,44.042502493000029],[-73.393616742999939,44.042402415000026],[-73.393603713999937,44.042391274000067],[-73.393675199999961,44.042089900000065],[-73.394249099999968,44.04120480000006],[-73.39444229999998,44.040701700000056],[-73.394912199999965,44.040084900000068],[-73.395475299999987,44.039523000000031],[-73.396347499999933,44.038925400000039],[-73.396544098999982,44.038645300000042],[-73.396602099999939,44.038410700000043],[-73.396862699999986,44.038263700000073],[-73.397169712999982,44.038250116000029],[-73.39717170199998,44.038250400000038],[-73.397311499999944,44.038316000000066],[-73.397439299999974,44.038571300000058],[-73.397592602999964,44.038679696000031],[-73.397595532999958,44.038694523000061],[-73.397766999999988,44.038791700000047],[-73.397921399999973,44.038790400000039],[-73.397961940999949,44.038587651000057],[-73.397777048999956,44.038447911000048],[-73.398003599999981,44.038087500000074],[-73.398012540999957,44.037898024000071],[-73.397999209999966,44.037886791000062],[-73.398013599999956,44.037719700000025],[-73.398320499999954,44.037594600000034],[-73.398379398999964,44.037393500000064],[-73.398595599999965,44.037380700000028],[-73.398688715999981,44.037468082000032],[-73.398704347999967,44.037547567000047],[-73.398706299999958,44.037558100000069],[-73.398737399999959,44.037580100000071],[-73.398737937999954,44.037614378000058],[-73.398766685999988,44.037634714000035],[-73.398769647999984,44.037646600000073],[-73.39887779999998,44.037657100000047],[-73.398984798999948,44.037567100000047],[-73.399075699999969,44.037466100000074],[-73.399085053999954,44.037321026000029],[-73.399072515999933,44.037309788000073],[-73.399051768999982,44.03707601800005],[-73.399038827999959,44.037064782000073],[-73.399066799999957,44.036875400000042],[-73.399296199999981,44.036706200000026],[-73.399526400999946,44.036615300000051],[-73.399866499999973,44.036623800000029],[-73.40005120099994,44.036566500000049],[-73.400169000999938,44.036186600000065],[-73.400458698999955,44.035928000000069],[-73.400996198999962,44.035712000000046],[-73.40121112199995,44.035699109000063],[-73.401212301999976,44.035699194000074],[-73.401476099999968,44.035763900000063],[-73.401725398999986,44.035906900000043],[-73.401957399999958,44.035905000000071],[-73.402094599999941,44.035803600000065],[-73.402089699999976,44.03548040000004],[-73.402150199999937,44.035379500000033],[-73.402456699999959,44.035232300000075],[-73.402639798999985,44.035219617000052],[-73.402642104999984,44.035220000000038],[-73.402873099999965,44.035339656000076],[-73.40287589999997,44.03534030000003],[-73.402876299999946,44.035362700000064],[-73.403017399999953,44.035517700000071],[-73.403032999999937,44.035517600000048],[-73.403033329999971,44.03553960000005],[-73.403081399999962,44.035650900000064],[-73.403096600999959,44.035650800000042],[-73.403097316999947,44.03569518200004],[-73.403110268999967,44.035706418000075],[-73.403113460999975,44.035730544000046],[-73.403144486999963,44.035761749000073],[-73.403158491999989,44.035817302000055],[-73.403205751999963,44.035883918000025],[-73.403208697999958,44.035894982000059],[-73.403270838999958,44.035972230000027],[-73.403285858999936,44.036039196000047],[-73.403477699999939,44.036305500000026],[-73.403711099999953,44.036426300000073],[-73.403850299999988,44.036425200000053],[-73.403942198999971,44.03636860000006],[-73.403987299999983,44.036279100000058],[-73.403951010999947,44.03603410900007],[-73.40393710099994,44.036027800000056],[-73.403566299999966,44.035372600000073],[-73.403302699999983,44.035075000000063],[-73.403063000999964,44.034894000000065],[-73.402838699999961,44.034813000000042],[-73.402664798999979,44.03481620000008],[-73.402472399999965,44.034702100000061]]],[[[-73.40342439899996,44.034339099000078],[-73.40337059999996,44.034662900000058],[-73.403642899999966,44.035140400000046],[-73.403633799999966,44.035381100000052],[-73.403791099999978,44.03555700000004],[-73.403815599999973,44.035585300000037],[-73.40380511099994,44.035533706000081],[-73.403790213999969,44.035522482000033],[-73.403786568999976,44.035467018000077],[-73.40377104199996,44.035455798000044],[-73.40375734099996,44.035400301000038],[-73.403741748999948,44.035389165000026],[-73.403738478999969,44.03535591800005],[-73.403725531999953,44.035344682000073],[-73.403722368999979,44.035322519000033],[-73.403709818999971,44.035311363000062],[-73.403706282999963,44.03526701800007],[-73.403693330999943,44.035255782000036],[-73.40369020299994,44.035233618000063],[-73.403677637999976,44.035222463000025],[-73.403674162999948,44.035178118000033],[-73.403661230999944,44.035166882000055],[-73.40365806899996,44.035144718000026],[-73.403645123999979,44.035133564000034],[-73.403641746999938,44.035098272000027],[-73.40361100299998,44.035067257000037],[-73.403580078999937,44.03493360300007],[-73.403516623999963,44.034811264000041],[-73.403574899999967,44.03456570000003],[-73.403897399999948,44.034417000000076],[-73.403889599999957,44.034409609000079],[-73.40342439899996,44.034339099000078]]],[[[-73.265671250999958,44.034234379000054],[-73.263294637999934,44.034471091000057],[-73.264647068999977,44.03788759300005],[-73.269373279999968,44.04107620700006],[-73.265174499999944,44.038229200000046],[-73.268184899999937,44.038993100000027],[-73.269315898999935,44.038075700000036],[-73.26882059999997,44.037659200000064],[-73.266888899999969,44.035784800000044],[-73.266713099999947,44.03568690000003],[-73.265877500999977,44.034802500000069],[-73.265671250999958,44.034234379000054]]],[[[-73.390565598999956,44.034129500000063],[-73.390001999999981,44.034950000000038],[-73.389174299999979,44.035253300000079],[-73.389066699999944,44.035443500000042],[-73.388764499999979,44.035696300000041],[-73.388876999999979,44.035976600000026],[-73.388801099999966,44.036255200000028],[-73.388810399999954,44.036364700000036],[-73.388991399999952,44.035794900000042],[-73.389249498999959,44.035503000000062],[-73.389509399999952,44.035311500000034],[-73.389862499999936,44.03515260000006],[-73.39107759999996,44.034775400000058],[-73.391275999999948,44.034617800000035],[-73.391333300999975,44.03434500000003],[-73.390565598999956,44.034129500000063]]],[[[-73.401676599999973,44.033978700000034],[-73.400714321999942,44.03458889400008],[-73.400862698999958,44.034683400000063],[-73.401609999999948,44.034150000000068],[-73.401939999999968,44.034090000000049],[-73.402019999999936,44.034072900000069],[-73.40201990199995,44.034072878000075],[-73.401676599999973,44.033978700000034]]],[[[-73.322770000999981,44.033580000000029],[-73.322706499999981,44.033589100000029],[-73.322174199999949,44.034366700000078],[-73.322133170999962,44.034561831000076],[-73.322139043999982,44.034583797000039],[-73.322141636999959,44.034593627000049],[-73.322146798999938,44.034613100000058],[-73.322149756999977,44.034638141000073],[-73.322171186999981,44.034690089000037],[-73.322196194999947,44.034827101000076],[-73.322286800999962,44.035049400000048],[-73.322287888999938,44.035046975000057],[-73.322515399999986,44.034643800000026],[-73.323189998999965,44.03383000000008],[-73.323090000999969,44.03365000000008],[-73.322770000999981,44.033580000000029]]],[[[-73.388369399999988,44.029334300000073],[-73.388076899999987,44.029403500000058],[-73.388001770999949,44.029540266000026],[-73.388046100999986,44.029590468000038],[-73.388049074999969,44.029606157000046],[-73.388314299999934,44.029769500000043],[-73.388484699999935,44.029801500000076],[-73.388484701999971,44.02980180000003],[-73.38855949699996,44.029822933000048],[-73.388560653999946,44.029823090000036],[-73.388710999999944,44.02986240000007],[-73.388709301999938,44.02985189900005],[-73.388637399999936,44.029393500000026],[-73.388629299999934,44.029342600000064],[-73.38862921499998,44.029342597000038],[-73.388369399999988,44.029334300000073]]],[[[-73.321450536999976,44.028715206000072],[-73.320762930999933,44.02878172700008],[-73.32084999999995,44.029270000000054],[-73.320729999999969,44.029430000000048],[-73.320707999999968,44.029439400000058],[-73.320725700999958,44.029490900000042],[-73.320727907999981,44.029498498000066],[-73.320757889999982,44.029574037000032],[-73.320764919999988,44.029607540000029],[-73.320790484999975,44.029664460000049],[-73.320814365999979,44.029788751000069],[-73.320835633999934,44.029844732000072],[-73.320868552999968,44.030152806000046],[-73.320875782999963,44.030177522000031],[-73.320877150999934,44.030182271000058],[-73.320883599999945,44.030206130000067],[-73.320886653999935,44.030232369000032],[-73.320904016999975,44.03028348600003],[-73.320935199999951,44.030600000000049],[-73.321160000999953,44.030660000000069],[-73.321309999999983,44.030770000000075],[-73.321299998999962,44.030990000000031],[-73.321199999999976,44.031210000000044],[-73.321350000999985,44.031520000000057],[-73.321329999999989,44.031746000000055],[-73.321334727999954,44.031762791000062],[-73.321335700999953,44.031766160000075],[-73.321339599999988,44.03177960000005],[-73.321659998999962,44.031620000000032],[-73.321750000999941,44.031410000000051],[-73.321739999999977,44.031250000000057],[-73.321859998999969,44.031480000000045],[-73.321619999999939,44.031780000000026],[-73.32153999999997,44.032080000000065],[-73.321550000999935,44.032170000000065],[-73.321719999999971,44.032260000000065],[-73.321729999999945,44.032530000000065],[-73.321690099999955,44.032589900000062],[-73.322264599999983,44.03295090000006],[-73.322763298999973,44.033148700000027],[-73.322824559999958,44.033227203000081],[-73.322824599999933,44.033227300000078],[-73.322828139999956,44.033241798000063],[-73.322836022999979,44.033265567000058],[-73.322838599999955,44.033342100000027],[-73.32287359999998,44.03334540000003],[-73.323248699999965,44.033525700000041],[-73.323382599999945,44.033649800000035],[-73.323390198999959,44.033778500000039],[-73.32320999999996,44.034170000000074],[-73.322725098999967,44.034765600000071],[-73.322557099999983,44.035141800000076],[-73.322549899999956,44.035402000000033],[-73.322651499999949,44.035539200000073],[-73.322864099999947,44.035652800000037],[-73.322743799999955,44.035461700000042],[-73.322810899999979,44.03538750000007],[-73.323234599999978,44.035736700000029],[-73.323214699999937,44.035793500000068],[-73.323289999999986,44.035850000000039],[-73.323599999999942,44.035970000000077],[-73.323657018999938,44.035980326000072],[-73.323662399999989,44.03598130000006],[-73.323671889999957,44.035165656000061],[-73.323666242999934,44.035144453000044],[-73.323663752999948,44.035135098000069],[-73.323658574999968,44.035115502000053],[-73.323654745999988,44.035032854000065],[-73.323637430999952,44.034981644000027],[-73.323621953999975,44.034830800000066],[-73.323615057999973,44.034807173000047],[-73.323613340999941,44.034801247000075],[-73.323607074999984,44.034777914000074],[-73.323603446999982,44.03470681400006],[-73.323585162999962,44.034655647000079],[-73.323571757999957,44.034550437000064],[-73.323564078999937,44.034524740000052],[-73.323563110999942,44.034521406000067],[-73.323556377999978,44.034496570000044],[-73.323553520999951,44.034480310000049],[-73.323547530999974,44.034457972000041],[-73.323545053999965,44.034448698000062],[-73.323539879999942,44.034429116000069],[-73.323537038999973,44.034414336000054],[-73.32351923799996,44.034364929000049],[-73.323488525999949,44.034145808000062],[-73.323480278999966,44.034119008000062],[-73.323480047999965,44.034118216000081],[-73.323472776999949,44.034091542000056],[-73.323469442999965,44.034042816000067],[-73.323452248999956,44.033991830000048],[-73.323418404999984,44.033638646000043],[-73.323403059999976,44.033584879000045],[-73.323400120999963,44.033568759000048],[-73.323378070999979,44.033502177000059],[-73.323375496999972,44.033492301000081],[-73.323370270999987,44.033472601000028],[-73.323367225999959,44.03344510800008],[-73.323361447999957,44.033423619000075],[-73.323358994999978,44.033415202000072],[-73.32331454499996,44.033294691000037],[-73.323304562999965,44.03323666600005],[-73.323212546999969,44.033035258000041],[-73.323211128999958,44.033029630000044],[-73.323038005999933,44.032728199000076],[-73.323034870999948,44.032715469000038],[-73.322827745999973,44.03230551200005],[-73.322825672999954,44.032297164000056],[-73.322461898999961,44.031718401000035],[-73.322458800999982,44.031705800000054],[-73.322256516999971,44.03133755500005],[-73.322248599999966,44.031297000000052],[-73.322248194999986,44.03129646800005],[-73.322191401999987,44.031174061000058],[-73.322182684999973,44.031127548000029],[-73.322144013999946,44.031038753000075],[-73.322132797999984,44.030967675000056],[-73.322092513999962,44.030869948000031],[-73.322085468999944,44.030835828000079],[-73.321979227999975,44.030571484000063],[-73.321976753999934,44.030562198000041],[-73.321971563999966,44.030542775000072],[-73.321968655999967,44.030529221000052],[-73.321945482999979,44.030476779000026],[-73.321923302999949,44.030375199000048],[-73.321923291999951,44.030375166000056],[-73.321905676999961,44.030317610000054],[-73.32190282199997,44.030301512000051],[-73.321896830999947,44.030279172000064],[-73.321894353999937,44.030269898000029],[-73.321889182999939,44.030250584000044],[-73.32188623899998,44.030235498000025],[-73.321867954999959,44.030184276000057],[-73.321854807999955,44.030081348000067],[-73.321832089999987,44.03002749400008],[-73.321791484999949,44.029836154000066],[-73.321773479999933,44.02977793000008],[-73.321770600999969,44.029761675000032],[-73.321764649999977,44.029739527000061],[-73.321762399999955,44.029731689000073],[-73.321717201999945,44.029611561000081],[-73.321708217999969,44.029563521000057],[-73.321683157999985,44.029481214000043],[-73.321680944999969,44.029473599000028],[-73.321599037999988,44.02928427900008],[-73.321580294999933,44.029208101000052],[-73.321580214999983,44.029207789000054],[-73.321535517999962,44.02911595300003],[-73.321497988999965,44.028948254000056],[-73.321476303999987,44.028891546000068],[-73.321461302999978,44.028752100000077],[-73.321454075999952,44.028727404000051],[-73.32145268499994,44.028722610000045],[-73.321450536999976,44.028715206000072]]]]},"properties":{"OBJECTID":1,"OBJECTID_1":156,"Jurisdiction_District_Name":"Addison Conservation District","County":"Addison","Jurisdiction":"Addison ","Abbreviated_District_Name":"Con","District_Name":"Conservation District","District_Mapped":"Yes","Overlay_District":"No","Extinct_District":null,"District_Type":"Nonresidential","Affordable_Housing_District":"No","Elderly_Housing_District":"No","F1F_Allowance":"Prohibited","F2F_Allowance":"Prohibited","F3F_Allowance":"Prohibited","F4F_Allowance":"Prohibited","F5F_Allowance":null,"ADU_Allowance":"Prohibited","Affordable_Housing_Allowance":"Prohibited","PRD_Allowance":"Prohibited","NOTES":"None","F1F_Min_Lot":null,"F1F_Front_Setback":null,"F1F_Side_Setback":null,"F1F_Rear_Setback":null,"F1F_Frontage":null,"F1F_Max_Lot_Building_Coverage":null,"F1F_Max_Lot_Impervious_Coverage":null,"F1F_Min_Parking_Spaces":null,"F1F_Max_Stories":null,"F1F_Max_Height":null,"F1F_Floor_to_Area_Ratio":null,"F1F_Min_Unit_Size":null,"F2F_Affordable_Housing_Only":"No","F2F_Elderly_Housing_Only":"No","F2F_Min_Lot_Size":null,"F2F_Max_Density":null,"F2F_Front_Setback":null,"F2F_Side_Setback":null,"F2F_Rear_Setback":null,"F2F_Frontage":null,"F2F_Max_Lot_Building_Coverage":null,"F2F_Max_Lot_Impervious_Coverage":null,"F2F_Min_Parking_Spaces_per_1BR":null,"F2F_Min_Parking_Spaces_per_mult_BR":null,"F2F_Max_Stories":null,"F2F_Max_Height":null,"F2F_Floor_to_Area_Ratio":null,"F2F_Min_Unit_Size":null,"F3F_Affordable_Housing_Only":"No","F3F_Elderly_Housing_Only":"No","F3F_Min_Lot_Size":null,"F3F_Max_Density":null,"F3F_Front_Setback":null,"F3F_Side_Setback":null,"F3F_Rear_Setback":null,"F3F_Frontage":null,"F3F_Max_Lot_Building_Coverage":null,"F3F_Max_Lot_Impervious_Coverage":null,"F3F_Min_Parking_Spaces_per_1BR":null,"F3F_Min_Parking_Spaces_per_mult_BR":null,"F3F_Connection_to_Sewage_Water_Required":"No","F3F_Proximity_to_Public_Transit_Required":"No","F3F_Max_Stories":null,"F3F_Max_Height":null,"F3F_Floor_to_Area_Ratio":null,"F3F_Min_Unit_Size":null,"F3F_Max_Bedrooms":null,"F4F_Affordable_Housing_Only":"No","F4F_Elderly_Housing_Only":"No","F4F_Min_Lot_Size":null,"F4F_Max_Density":null,"F4F_Front_Setback":null,"F4F_Side_Setback":null,"F4F_Rear_Setback":null,"F4F_Frontage":null,"F4F_Max_Lot_Building_Coverage":null,"F4F_Max_Lot_Impervious_Coverage":null,"F4F_Min_Parking_Spaces_per_1BR":null,"F4F_Min_Parking_Spaces_per__mult_BR":null,"F4F_Connection_to_Sewage_Water_Required":"No","F4F_Proximity_to_Public_Transit_Required":"No","F4F_Max_Stories":null,"F4F_Max_Height":null,"F4F_Floor_to_Area_Ratio":null,"F4F_Min_Unit_Size":null,"F4F_Max_Bedrooms":null,"F4F_Max_Units_per_Building":null,"F5F_Affordable_Housing_Only":null,"F5F_Elderly_Housing_Only":null,"F5F_Min_Lot_Size":null,"F5F_Max_Density":null,"F5F_Front_Setback":null,"F5F_Side_Setback":null,"F5F_Rear_Setback":null,"F5F_Frontage":null,"F5F_Max_Lot_Building_Coverage":null,"F5F_Max__Lot_Impervious_Coverage":null,"F5F_Min_Parking_Spaces_per_1BR":null,"F5F_Min_Parking_Spaces_per_mult_BR":null,"F5F_Connection_to_Sewage_Water_Required":null,"F5F_Proximity_to_Public_Transit_Required":null,"F5F_Max_Stories":null,"F5F_Max_Height":null,"F5F_Floor_to_Area_Ratio":null,"F5F_Min_Unit_Size":null,"F5F_Max_Bedrooms":null,"F5F_Max_Units_per_Building":null,"Affordable_Housing_Definition":null,"Affordable_Housing_Elderly_Only":"No","Affordable_Housing_Min_Lot_Size":null,"Affordable_Housing_Max_Density":null,"Affordable_Housing_Min_Parking_Spaces_per_1BR":null,"Affordable_Housing_Min_Parking_Spaces_per_mult_BR":null,"Affordable_Housing_Min_Unit_Size":null,"Affordable_Housing_Max_Bedrooms":null,"Affordable_Housing_Max_Units_per_Building":null,"ADU_Employee_or_Family_Occupancy_Required":"No","ADU_Renter_Occupancy_Prohibited":"No","ADU_Owner_Occupancy_Required":"No","ADU_Elderly_Housing_Only":"No","ADU_Min_Lot_Size":null,"ADU_Min_Parking_Spaces":null,"ADU_Restricted_to_Primary_Structure":"No","ADU_Max_Size_as_Percent_of_Primary_Strcture":null,"ADU_Max_Size_in_sq_ft":null,"ADU_Max_Bedrooms":null,"PRD_Mobile_or_Manufactured_Home_Park":"No","PRD_Min_Lot_Size":null,"PRD_Max_Density":null,"PRD_Max_Units":null,"PUD_Required_with_Subdivision":null,"PUD_Threshold_Number":null,"PUD_Allowance":null,"PUD_Requires_Land_Conservation":null,"Base_Density":null,"CONDITIONAL_1F_Min_Lot":null,"CONDITIONAL_1F_Front_Setback":null,"CONDITIONAL_1F_Side_Setback":null,"CONDITIONAL_1F_Rear_Setback":null,"CONDITIONAL_1F_Frontage":null,"CONDITIONAL_1F_Max_Lot_Building_Coverage":null,"CONDITIONAL_1F_Max_Lot_Impervious_Coverage":null,"CONDITIONAL_1F_Min_Parking_Spaces":null,"CONDITIONAL_1F_Max_Stories":null,"CONDITIONAL_1F_Max_Height":null,"CONDITIONAL_1F_Floor_to_Area_Ratio":null,"CONDITIONAL_1F_Min_Unit_Size":null,"CONDITIONAL_2F_Affordable_Housing_Only":null,"CONDITIONAL_2F_Elderly_Housing_Only":null,"CONDITIONAL_2F_Min_Lot_Size":null,"CONDITIONAL_2F_Max_Density":null,"CONDITIONAL_2F_Front_Setback":null,"CONDITIONAL_2F_Side_Setback":null,"CONDITIONAL_2F_Rear_Setback":null,"CONDITIONAL_2F_Frontage":null,"CONDITIONAL_2F_Max_Lot_Building_Coverage":null,"CONDITIONAL_2F_Max_Lot_Impervious_Coverage":null,"CONDITIONAL_2F_Min_Parking_Spaces_per_1BR":null,"CONDITIONAL_2F_Min_Parking_Spaces_per_mult_BR":null,"CONDITIONAL_2F_Max_Stories":null,"CONDITIONAL_2F_Max_Height":null,"CONDITIONAL_2F_Floor_to_Area_Ratio":null,"CONDITIONAL_2F_Min_Unit_Size":null,"CONDITIONAL_3F_Affordable_Housing_Only":null,"CONDITIONAL_3F_Elderly_Housing_Only":null,"CONDITIONAL_3F_Min_Lot_Size":null,"CONDITIONAL_3F_Max_Density":null,"CONDITIONAL_3F_Front_Setback":null,"CONDITIONAL_3F_Side_Setback":null,"CONDITIONAL_3F_Rear_Setback":null,"CONDITIONAL_3F_Frontage":null,"CONDITIONAL_3F_Max_Lot_Building_Coverage":null,"CONDITIONAL_3F_Max_Lot_Impervious_Coverage":null,"CONDITIONAL_3F_Min_Parking_Spaces_per_1BR":null,"CONDITIONAL_3F_Min_Parking_Spaces_per_mult_BR":null,"CONDITIONAL_3F_Connection_to_Sewage_Water_Required":null,"CONDITIONAL_3F_Proximity_to_Public_Transit_Required":null,"CONDITIONAL_3F_Max_Stories":null,"CONDITIONAL_3F_Max_Height":null,"CONDITIONAL_3F_Floor_to_Area_Ratio":null,"CONDITIONAL_3F_Min_Unit_Size":null,"CONDITIONAL_3F_Max_Bedrooms":null,"CONDITIONAL_4F_Affordable_Housing_Only":null,"CONDITIONAL_4F_Elderly_Housing_Only":null,"CONDITIONAL_4F_Min_Lot_Size":null,"CONDITIONAL_4F_Max_Density":null,"CONDITIONAL_4F_Front_Setback":null,"CONDITIONAL_4F_Side_Setback":null,"CONDITIONAL_4F_Rear_Setback":null,"CONDITIONAL_4F_Frontage":null,"CONDITIONAL_4F_Max_Lot_Building_Coverage":null,"CONDITIONAL_4F_Max_Lot_Impervious_Coverage":null,"CONDITIONAL_4F_Min_Parking_Spaces_per_1BR":null,"CONDITIONAL_4F_Min_Parking_Spaces_per__mult_BR":null,"CONDITIONAL_4F_Connection_to_Sewage_Water_Required":null,"CONDITIONAL_4F_Proximity_to_Public_Transit_Required":null,"CONDITIONAL_4F_Max_Stories":null,"CONDITIONAL_4F_Max_Height":null,"CONDITIONAL_4F_Floor_to_Area_Ratio":null,"CONDITIONAL_4F_Min_Unit_Size":null,"CONDITIONAL_4F_Max_Bedrooms":null,"CONDITIONAL_4F_Max_Units_per_Building":null,"CONDITIONAL_5F_Affordable_Housing_Only":null,"CONDITIONAL_5F_Elderly_Housing_Only":null,"CONDITIONAL_5F_Min_Lot_Size":null,"CONDITIONAL_5F_Max_Density":null,"CONDITIONAL_5F_Front_Setback":null,"CONDITIONAL_5F_Side_Setback":null,"CONDITIONAL_5F_Rear_Setback":null,"CONDITIONAL_5F_Frontage":null,"CONDITIONAL_5F_Max_Lot_Building_Coverage":null,"CONDITIONAL_5F_Max__Lot_Impervious_Coverage":null,"CONDITIONAL_5F_Min_Parking_Spaces_per_1BR":null,"CONDITIONAL_5F_Min_Parking_Spaces_per_mult_BR":null,"CONDITIONAL_5F_Connection_to_Sewage_Water_Required":null,"CONDITIONAL_5F_Proximity_to_Public_Transit_Required":null,"CONDITIONAL_5F_Max_Stories":null,"CONDITIONAL_5F_Max_Height":null,"CONDITIONAL_5F_Floor_to_Area_Ratio":null,"CONDITIONAL_5F_Min_Unit_Size":null,"CONDITIONAL_5F_Max_Bedrooms":null,"CONDITIONAL_5F_Max_Units_per_Building":null,"CONDITIONAL_Affordable_Housing_Definition":null,"CONDITIONAL_Affordable_Housing_Elderly_Only":null,"CONDITIONAL_Affordable_Housing_Min_Lot_Size":null,"CONDITIONAL_Affordable_Housing_Max_Density":null,"CONDITIONAL_Affordable_Housing_Min_Parking_Spaces_per_1BR":null,"CONDITIONAL_Affordable_Housing_Min_Parking_Spaces_per_mult_BR":null,"CONDITIONAL_Affordable_Housing_Min_Unit_Size":null,"CONDITIONAL_Affordable_Housing_Max_Bedrooms":null,"CONDITIONAL_Affordable_Housing_Max_Units_per_Building":null,"CONDITIONAL_ADU_Employee_or_Family_Occupancy_Required":null,"CONDITIONAL_ADU_Renter_Occupancy_Prohibited":null,"CONDITIONAL_ADU_Owner_Occupancy_Required":null,"CONDITIONAL_ADU_Elderly_Housing_Only":null,"CONDITIONAL_ADU_Min_Lot_Size":null,"CONDITIONAL_ADU_Min_Parking_Spaces":null,"CONDITIONAL_ADU_Restricted_to_Primary_Structure":null,"CONDITIONAL_ADU_Max_Size_as_Percent_of_Primary_Strcture":null,"CONDITIONAL_ADU_Max_Size_in_sq_ft":null,"CONDITIONAL_ADU_Max_Bedrooms":null,"CONDITIONAL_PRD_Mobile_or_Manufactured_Home_Park":null,"CONDITIONAL_PRD_Min_Lot_Size":null,"CONDITIONAL_PRD_Max_Density":null,"CONDITIONAL_PRD_Max_Units":null,"CONDITIONAL_PUD_Required_with_Subdivision":null,"CONDITIONAL_PUD_Threshold_Number":null,"CONDITIONAL_PUD_Allowance":null,"CONDITIONAL_PUD_Requires_Land_Conservation":null,"Bylaw_Date":"2023-08-15","RPC":"ACRPC","Version":1,"Acres":1373.7206680391739,"Shape_Length":1.3335992216027184,"Shape_Area":0.00062451923053522343}},{"type":"Feature","id":2,"geometry":{"type":"MultiPolygon","coordinates":[[[[-73.262915099999987,44.118615800000043],[-73.262472999999943,44.118684200000075],[-73.261644099999955,44.120341100000076],[-73.261368399999981,44.12122370000003],[-73.261018299999989,44.121545500000025],[-73.261036799999943,44.121685400000047],[-73.261348799999951,44.122218200000077],[-73.261800000999983,44.122790000000066],[-73.261820900999965,44.122831700000063],[-73.26299002899998,44.122727154000074],[-73.262975763999975,44.122682696000027],[-73.262968033999982,44.122614232000046],[-73.262958780999952,44.122581484000079],[-73.262993111999947,44.12233543800005],[-73.262987253999938,44.122312029000057],[-73.262982045999934,44.122074047000069],[-73.262967857999968,44.122019242000079],[-73.26296554299995,44.122006547000069],[-73.262948703999939,44.12195197300008],[-73.262930390999941,44.12166991600003],[-73.262913909999952,44.121614894000061],[-73.262943199999938,44.12061140000003],[-73.263110000999973,44.119980000000055],[-73.26297999999997,44.11990000000003],[-73.263039999999933,44.11970000000008],[-73.262829999999951,44.119460000000061],[-73.262849999999958,44.119400000000041],[-73.262959998999975,44.119360000000029],[-73.263099999999952,44.119380000000035],[-73.263430699999958,44.119730700000048],[-73.263707299999965,44.119686500000057],[-73.263503199999946,44.119173500000045],[-73.263454799999977,44.118728800000042],[-73.262915099999987,44.118615800000043]]],[[[-73.263758271999961,44.11788133400006],[-73.263679399999944,44.118080000000077],[-73.263619299999959,44.118404400000031],[-73.263899999999978,44.118010000000027],[-73.263929862999987,44.117935299000067],[-73.263758271999961,44.11788133400006]]],[[[-73.266167483999936,44.11596363700005],[-73.264752656999974,44.117460937000033],[-73.26483000099995,44.11743000000007],[-73.265260000999945,44.117090000000076],[-73.266132299999981,44.116014500000063],[-73.266167483999936,44.11596363700005]]],[[[-73.266906561999974,44.114850549000039],[-73.266556499999979,44.115474400000039],[-73.266175199999964,44.115954101000057],[-73.266195299999936,44.115931300000057],[-73.266799999999989,44.11525000000006],[-73.266900000999954,44.115060000000028],[-73.266900000999954,44.114890000000059],[-73.266906561999974,44.114850549000039]]],[[[-73.338258798999959,44.114821100000029],[-73.337562581999975,44.115004474000045],[-73.337661927999989,44.115313395000044],[-73.338368599999967,44.115220100000045],[-73.338480499999946,44.115128600000048],[-73.338524705999987,44.114946815000053],[-73.338426399999946,44.114848500000051],[-73.338258798999959,44.114821100000029]]],[[[-73.332815498999935,44.114578200000039],[-73.332295479999971,44.114634985000066],[-73.332854399999974,44.114659600000039],[-73.333213498999953,44.115212100000065],[-73.333453199999951,44.115237100000058],[-73.333519581999951,44.115127875000042],[-73.333368699999937,44.114824500000054],[-73.333093399999939,44.114652000000035],[-73.332815498999935,44.114578200000039]]],[[[-73.337822799999969,44.113883100000066],[-73.337026999999978,44.11461630000008],[-73.337251099999946,44.11465620000007],[-73.337619199999949,44.114453900000058],[-73.338042798999936,44.11397160100006],[-73.337822799999969,44.113883100000066]]],[[[-73.339041599999973,44.113045209000063],[-73.338778599999955,44.113144900000066],[-73.338539299999979,44.113846300000034],[-73.338720499999965,44.113970100000074],[-73.339459699999964,44.114272400000061],[-73.339829699999939,44.114250100000049],[-73.339950399999964,44.114162300000032],[-73.339939171999958,44.114095536000036],[-73.339232599999946,44.113825400000053],[-73.338888520999944,44.11347285800008],[-73.338886707999961,44.113466598000059],[-73.338880954999979,44.113444213000037],[-73.338915499999985,44.113222500000063],[-73.339041599999973,44.113045209000063]]],[[[-73.332588124999972,44.112569517000054],[-73.331764899999939,44.11318620000003],[-73.331430399999988,44.11405510000003],[-73.330808899999965,44.114724400000057],[-73.330924298999946,44.114877000000035],[-73.33112749999998,44.114892000000054],[-73.331253497999967,44.114839794000034],[-73.331254202999958,44.114839506000067],[-73.331248427999981,44.114819608000062],[-73.331319199999939,44.114482700000053],[-73.331955099999959,44.113611100000071],[-73.33221629999997,44.113110000000063],[-73.332520599999953,44.11275020000005],[-73.332588124999972,44.112569517000054]]],[[[-73.332600624999941,44.112536070000033],[-73.332588124999972,44.112569517000054],[-73.332604699999933,44.11255710000006],[-73.332600624999941,44.112536070000033]]],[[[-73.325528599999984,44.112310500000035],[-73.32512970099998,44.112334000000033],[-73.32484919999996,44.112506300000064],[-73.324824098999954,44.112749558000075],[-73.325124799999969,44.112982600000066],[-73.325387800999977,44.113034700000071],[-73.32596019999994,44.113050400000077],[-73.326461800999937,44.113240800000028],[-73.326983684999959,44.113525087000028],[-73.327049999999986,44.113470000000063],[-73.327347298999939,44.113518600000077],[-73.327474099999961,44.113483400000064],[-73.32878009999996,44.114222200000029],[-73.329118899999969,44.114500600000042],[-73.32968649999998,44.114470400000073],[-73.329748663999965,44.114413195000054],[-73.329070899999977,44.114200200000028],[-73.328239999999937,44.113721200000043],[-73.327026698999987,44.112864300000069],[-73.326095899999984,44.112430700000061],[-73.325528599999984,44.112310500000035]]],[[[-73.339321798999947,44.111722800000052],[-73.339676610999959,44.11279369600004],[-73.339872199999945,44.112670000000037],[-73.339970544999971,44.11231738400005],[-73.339949064999985,44.112265772000057],[-73.339945426999975,44.112249118000079],[-73.339750760999948,44.111928515000045],[-73.33977699999997,44.111772203000044],[-73.339321798999947,44.111722800000052]]],[[[-73.34051379999994,44.108970304000081],[-73.339892599999985,44.109523600000045],[-73.339500999999984,44.110183800000073],[-73.339997297999957,44.110309903000029],[-73.340007493999963,44.110312493000038],[-73.339906929999984,44.110126496000078],[-73.339896412999963,44.110058126000069],[-73.339893572999983,44.110045892000073],[-73.340039399999966,44.109544100000051],[-73.34051379999994,44.108970304000081]]],[[[-73.275618300999952,44.106769800000052],[-73.275377999999989,44.106781200000057],[-73.274216199999955,44.107322201000045],[-73.274235299999987,44.107326995000051],[-73.274347099999943,44.107340500000078],[-73.274324199999967,44.107467000000042],[-73.274086599999976,44.107636600000035],[-73.272579399999984,44.107651400000066],[-73.27212929999996,44.107722700000068],[-73.271952400999965,44.107828600000062],[-73.271768699999939,44.108106000000078],[-73.27158559999998,44.108219400000053],[-73.270978269999944,44.108281956000042],[-73.270258000999945,44.10898560000004],[-73.269729999999981,44.109654000000035],[-73.268778299999951,44.111366400000065],[-73.268116099999986,44.112897400000065],[-73.267195331999972,44.11441265600007],[-73.267200000999935,44.114450000000033],[-73.267239999999958,44.114500000000078],[-73.267349999999965,44.114420000000052],[-73.267609999999934,44.113870000000077],[-73.26804999999996,44.113370000000032],[-73.268359999999973,44.112820000000056],[-73.268379999999979,44.112520000000075],[-73.26864999999998,44.112160000000074],[-73.268689999999935,44.112010000000055],[-73.268769999999961,44.111990000000048],[-73.26884999899994,44.112140000000068],[-73.269000000999938,44.112070000000074],[-73.269029999999987,44.111860000000036],[-73.268909999999948,44.111650000000054],[-73.26900999999998,44.111330000000066],[-73.268939999999986,44.111110000000053],[-73.269229999999936,44.110860000000059],[-73.269199999999955,44.110970000000066],[-73.269089998999959,44.111050000000034],[-73.269099998999934,44.111420000000066],[-73.26900999999998,44.111590000000035],[-73.269149999999968,44.111960000000067],[-73.269029999999987,44.112170000000049],[-73.268679999999961,44.112260000000049],[-73.268539998999984,44.112430000000074],[-73.268379999999979,44.112960000000044],[-73.268050000999949,44.113520000000051],[-73.267690000999949,44.113950000000045],[-73.26753999999994,44.114330000000052],[-73.267019999999945,44.115230000000054],[-73.267089999999939,44.115360000000067],[-73.267059999999958,44.115440000000035],[-73.266509999999982,44.115770000000055],[-73.265369999999962,44.117150000000038],[-73.264130000999955,44.118030000000033],[-73.263839999999959,44.118330000000071],[-73.263769999999965,44.11850000000004],[-73.263606799999934,44.118510000000072],[-73.263688999999943,44.119142600000032],[-73.263911948999976,44.119703007000055],[-73.264244599999984,44.119877600000052],[-73.266293999999959,44.122334700000067],[-73.266421099999945,44.122425300000032],[-73.266531599999951,44.122433400000034],[-73.267202747999988,44.122369818000038],[-73.267348841999933,44.122353277000059],[-73.26740981599994,44.122346373000028],[-73.267770426999959,44.122305543000039],[-73.267769209999983,44.12211205300008],[-73.267488077999985,44.12141550900003],[-73.267479713999933,44.121364216000075],[-73.266468599999939,44.119496800000036],[-73.266291355999954,44.119034377000048],[-73.266367799999955,44.118377500000065],[-73.266596399999969,44.117812400000048],[-73.267737899999986,44.115880600000025],[-73.268051900999978,44.115196500000025],[-73.268744199999958,44.114199800000051],[-73.269373099999939,44.113022700000045],[-73.26956789999997,44.112492400000065],[-73.269871100999978,44.111045300000058],[-73.270014499999945,44.110684200000037],[-73.270883798999989,44.109612300000038],[-73.271288499999969,44.109012000000064],[-73.271735098999955,44.108513600000038],[-73.271925100999965,44.10838890000008],[-73.272828300999947,44.108035700000073],[-73.273607899999945,44.108012300000041],[-73.274280499999975,44.107834700000069],[-73.275448099999949,44.107277400000044],[-73.275695499999983,44.107069300000035],[-73.275750190999986,44.106865501000073],[-73.275618300999952,44.106769800000052]]],[[[-73.343598601999986,44.106682606000049],[-73.343446698999969,44.106711400000052],[-73.342329999999947,44.108100000000036],[-73.342331846999969,44.108103694000079],[-73.34280629999995,44.10800880000005],[-73.343055099999958,44.107871300000056],[-73.343114898999943,44.107449400000064],[-73.343388799999957,44.107216400000027],[-73.343443200999957,44.106860700000027],[-73.343598601999986,44.106682606000049]]],[[[-73.271758692999981,44.106628802000046],[-73.271395300999984,44.107672501000025],[-73.271698599999979,44.107365900000048],[-73.271647099999939,44.107144100000028],[-73.27168469999998,44.106961900000044],[-73.271838599999967,44.106814000000043],[-73.271770500999935,44.106684100000052],[-73.271758692999981,44.106628802000046]]],[[[-73.344568399999957,44.106302400000061],[-73.343763158999934,44.106303805000039],[-73.343657999999948,44.106432000000041],[-73.343989999999962,44.106360000000052],[-73.344194694999942,44.106622602000073],[-73.344789799999944,44.106663200000071],[-73.344897000999936,44.106608100000074],[-73.344907589999934,44.106523283000058],[-73.344790699999976,44.106380700000045],[-73.344568399999957,44.106302400000061]]],[[[-73.266026998999962,44.106243500000062],[-73.265898799999945,44.106544500000041],[-73.265101399999935,44.107515400000068],[-73.264890099999946,44.108705100000066],[-73.264717299999973,44.10905420000006],[-73.263597298999969,44.110652900000048],[-73.26335789999996,44.110942100000045],[-73.263046999999972,44.111193900000046],[-73.263089999999977,44.111173400000041],[-73.263502499999959,44.110966500000075],[-73.263707899999986,44.110522300000071],[-73.263767500999961,44.110438000000045],[-73.26376791499996,44.110437526000055],[-73.263768199999959,44.110437200000035],[-73.264721299999962,44.109387200000072],[-73.264691699999958,44.109656800000039],[-73.264130799999975,44.110695700000065],[-73.263991398999963,44.111212300000034],[-73.263742198999978,44.111429900000076],[-73.262933999999973,44.111675800000057],[-73.262430398999982,44.112111000000027],[-73.262549599999943,44.112432700000056],[-73.262567898999976,44.113928900000076],[-73.26212739999994,44.115239600000052],[-73.261920000999964,44.116330000000062],[-73.26152419899995,44.117377700000077],[-73.261151499999983,44.117978600000072],[-73.260701298999948,44.118542800000057],[-73.260373299999969,44.119521100000043],[-73.260341699999969,44.119747800000027],[-73.260394699999949,44.12000340000003],[-73.260501799999986,44.120157400000039],[-73.260504599999933,44.12042450000007],[-73.260610099999951,44.120755900000063],[-73.260959999999955,44.121310000000051],[-73.261109999999974,44.121160000000032],[-73.261269999999968,44.12050000000005],[-73.261609999999962,44.120000000000061],[-73.261719999999968,44.119600000000048],[-73.261959999999988,44.119230000000073],[-73.262079999999969,44.118830000000059],[-73.26225919999996,44.118522800000051],[-73.262676600999953,44.118286200000057],[-73.263110300999983,44.11827930000004],[-73.263236498999959,44.118179600000076],[-73.263522699999953,44.11815340000004],[-73.263577791999978,44.117700491000051],[-73.263580102999981,44.11769410200003],[-73.263231599999983,44.117073800000071],[-73.262839979999967,44.116152452000051],[-73.262828137999975,44.116062198000066],[-73.262812060999977,44.116004943000064],[-73.262860642999954,44.115101365000044],[-73.262846558999968,44.115047083000036],[-73.262843439999983,44.114977556000042],[-73.262829352999972,44.114923261000058],[-73.262826541999971,44.114876539000079],[-73.262812458999974,44.114822160000074],[-73.262847194999949,44.114463407000073],[-73.262822637999989,44.114424362000079],[-73.263096198999961,44.113566400000025],[-73.263540899999953,44.112945900000057],[-73.263890799999956,44.112159100000042],[-73.264641199999971,44.110921400000052],[-73.264897299999973,44.110329500000034],[-73.265294399999959,44.109806800000058],[-73.265934199999947,44.108533600000044],[-73.267006899999956,44.106867000000079],[-73.267036001999941,44.106662560000075],[-73.266026998999962,44.106243500000062]]],[[[-73.325585899999965,44.10606910000007],[-73.325533735999954,44.106250071000034],[-73.325555204999944,44.106303644000036],[-73.325563250999949,44.10634789900007],[-73.325920199999985,44.106687000000079],[-73.326639198999942,44.106885900000066],[-73.327219599999978,44.107274300000029],[-73.327757799999972,44.107798500000058],[-73.328145399999983,44.108318900000029],[-73.328465699999981,44.108233400000074],[-73.329034799999988,44.109372400000041],[-73.329797698999982,44.109385700000075],[-73.330331999999942,44.110553100000061],[-73.330613999999969,44.110700400000042],[-73.331018799999981,44.110730400000079],[-73.331234459999962,44.110599481000065],[-73.331242499999973,44.11059460000007],[-73.331499699999938,44.110783000000026],[-73.331420198999979,44.110930800000062],[-73.332285399999989,44.112028100000032],[-73.332497799999942,44.112005500000066],[-73.332600624999941,44.112536070000033],[-73.332655200999966,44.112390033000054],[-73.332642458999942,44.112340827000025],[-73.332639452999956,44.112294019000046],[-73.332620203999966,44.112240755000073],[-73.332608482999944,44.112152365000043],[-73.332521987999939,44.111892545000046],[-73.332508494999956,44.111777983000081],[-73.332492865999939,44.111722376000046],[-73.332490357999973,44.111710378000055],[-73.332467061999978,44.111655730000052],[-73.332444966999958,44.111545767000052],[-73.332401194999989,44.111453742000037],[-73.332396947999939,44.111434194000026],[-73.332157299999949,44.111035800000025],[-73.331954799999949,44.110838400000034],[-73.331614200999979,44.110685800000056],[-73.330914499999949,44.110479300000065],[-73.33059499999996,44.110186400000032],[-73.330439970999976,44.109867938000036],[-73.330435807999947,44.109848874000079],[-73.33014529999997,44.109324400000048],[-73.32953329999998,44.109146200000055],[-73.329342199999985,44.109044900000072],[-73.328468799999939,44.107729100000029],[-73.328036399999974,44.107243800000049],[-73.327605200999983,44.106870800000081],[-73.327166399999953,44.106596300000035],[-73.326018299999987,44.106120100000055],[-73.325585899999965,44.10606910000007]]],[[[-73.34274428599997,44.105181319000053],[-73.342404899999963,44.105296300000077],[-73.342216099999973,44.105630700000063],[-73.342306399999984,44.105811000000074],[-73.342455398999959,44.105937100000062],[-73.342739499999936,44.106099100000051],[-73.343105099999946,44.106194500000072],[-73.343325873999959,44.106185477000054],[-73.342887300999962,44.105825500000037],[-73.342714926999975,44.105446379000057],[-73.342713107999941,44.105440098000031],[-73.342707359999963,44.105417845000034],[-73.34274428599997,44.105181319000053]]],[[[-73.331732799999941,44.104288600000075],[-73.331499399999984,44.10430400000007],[-73.331421250999938,44.104438967000078],[-73.331786699999952,44.104718200000036],[-73.332421271999976,44.105030174000035],[-73.332365700999958,44.104674200000034],[-73.332780399999933,44.104738499000064],[-73.332803000999945,44.104742001000034],[-73.331732799999941,44.104288600000075]]],[[[-73.345872204999978,44.103038636000065],[-73.345930373999977,44.103462606000051],[-73.346257026999979,44.103647156000079],[-73.346259664999934,44.103661153000076],[-73.346304135999958,44.103691991000062],[-73.346306718999983,44.103705342000069],[-73.346350834999953,44.103736186000049],[-73.346353430999955,44.103750210000044],[-73.346603202999972,44.104054811000026],[-73.346606641999983,44.104125568000029],[-73.346619662999956,44.104136715000038],[-73.346622636999939,44.10418108500005],[-73.346636061999959,44.104192315000034],[-73.346639069999981,44.104239034000045],[-73.346793799999944,44.104414000000077],[-73.346996409999974,44.104524015000038],[-73.346998705999965,44.104524324000067],[-73.347074298999985,44.104545476000055],[-73.347075171999961,44.104545594000058],[-73.347847099999967,44.104517700000031],[-73.348235528999965,44.104570613000078],[-73.348237103999963,44.104570827000032],[-73.348390096999935,44.104602475000036],[-73.348392378999961,44.104602784000065],[-73.348577407999983,44.104623805000074],[-73.348578200999953,44.104623857000036],[-73.34873069799994,44.104644843000074],[-73.348731468999972,44.104644893000057],[-73.348778507999953,44.104655808000075],[-73.348779702999934,44.104656013000067],[-73.348839692999945,44.104677090000052],[-73.348842010999988,44.104677485000025],[-73.349432400999945,44.105018600000051],[-73.349649899999974,44.105084000000033],[-73.349912699999948,44.105059600000061],[-73.349925857999949,44.104914715000064],[-73.349865459999933,44.104837965000058],[-73.349862826999981,44.104824261000033],[-73.348976274999984,44.104321644000038],[-73.349094698999977,44.104118200000073],[-73.350219799999934,44.103831200000059],[-73.350541499999963,44.103616900000077],[-73.350601267999934,44.103460516000041],[-73.35056930099995,44.103382700000054],[-73.350478402999954,44.103350316000046],[-73.350477198999954,44.103350108000029],[-73.350321399999984,44.103373500000032],[-73.349983399999985,44.103543200000047],[-73.349220398999989,44.10370480000006],[-73.349200699999983,44.103716200000065],[-73.349183599999947,44.10372760000007],[-73.348750000999985,44.103930000000048],[-73.348629999999957,44.10412000000008],[-73.348279999999988,44.104200000000048],[-73.348219999999969,44.104340000000036],[-73.347879999999975,44.104240000000061],[-73.347759999999937,44.104270000000042],[-73.347541799999988,44.104161800000043],[-73.347248199999967,44.104158100000063],[-73.347029998999972,44.104220000000055],[-73.347005400999933,44.104128100000025],[-73.346450799999957,44.10358210000004],[-73.346198898999944,44.103173000000027],[-73.345909999999947,44.103040000000078],[-73.345872204999978,44.103038636000065]]],[[[-73.343929499999945,44.102915300000063],[-73.343793700999981,44.102992200000074],[-73.343668599999944,44.103167100000064],[-73.343649999999968,44.103870000000029],[-73.343588699999941,44.103969600000028],[-73.343209999999942,44.103890000000035],[-73.343089999999961,44.103930000000048],[-73.343029999999942,44.104070000000036],[-73.343223200999944,44.104427600000065],[-73.343419998999934,44.104600000000062],[-73.343474798999978,44.10481610000005],[-73.343505173999972,44.104862997000055],[-73.34375719999997,44.104784400000028],[-73.343805411999938,44.104567934000045],[-73.34354394099995,44.104173871000057],[-73.343620899999962,44.103956000000039],[-73.343904498999962,44.103809100000035],[-73.343958199999975,44.103345300000058],[-73.344187198999975,44.103055900000072],[-73.344186911999941,44.102927869000041],[-73.343929499999945,44.102915300000063]]],[[[-73.345320498999968,44.10109650000004],[-73.344994099999951,44.101721200000043],[-73.345026999999959,44.101775600000053],[-73.346035767999979,44.102329088000033],[-73.346031696999944,44.102312501000029],[-73.346029877999968,44.102306256000077],[-73.346024161999935,44.102284346000033],[-73.346021427999972,44.102258697000025],[-73.346007438999948,44.102205600000048],[-73.346004831999949,44.102191214000072],[-73.345998427999973,44.102166510000075],[-73.34599660799995,44.102160198000036],[-73.345990861999951,44.102138178000075],[-73.345988143999989,44.102114003000054],[-73.345966929999975,44.102060748000042],[-73.345941276999952,44.10190693100003],[-73.345551799999953,44.101587900000027],[-73.345429820999982,44.101400083000044],[-73.345450900999936,44.10112799400008],[-73.345320498999968,44.10109650000004]]],[[[-73.345144699999935,44.099906700000076],[-73.344964799999957,44.100402100000053],[-73.345013299999948,44.100487700000031],[-73.345681192999962,44.10069825100004],[-73.345672291999961,44.100632469000061],[-73.345648766999943,44.100575674000027],[-73.345624899999962,44.10042500000003],[-73.345749499999954,44.10043119900007],[-73.345979198999942,44.100451603000067],[-73.345981603999974,44.100451928000041],[-73.346087999999952,44.100473072000057],[-73.346088272999964,44.100473098000066],[-73.346182203999945,44.10048370700008],[-73.346183100999951,44.10048383000003],[-73.346258697999986,44.100505170000076],[-73.346261100999982,44.100505596000062],[-73.34642929499995,44.10053720500008],[-73.346431579999944,44.100537485000075],[-73.346646299999975,44.10059159900004],[-73.346895093999933,44.100656373000049],[-73.34689739199996,44.100656685000047],[-73.34751579899995,44.100808002000065],[-73.34751687399995,44.100808091000033],[-73.347935812999935,44.100883109000051],[-73.347936901999958,44.100883199000066],[-73.348182399999985,44.100914600000067],[-73.349173099999973,44.100951800000075],[-73.349481199999957,44.100882600000034],[-73.349542049999968,44.100793130000056],[-73.349419711999985,44.100727085000074],[-73.349417392999953,44.100726690000045],[-73.349357403999988,44.100705614000049],[-73.349354998999956,44.100705152000046],[-73.349000998999941,44.100657592000061],[-73.348959999999977,44.100660000000062],[-73.348951898999985,44.100654600000041],[-73.348949050999977,44.100652700000069],[-73.348834602999943,44.100642306000054],[-73.348788898999942,44.10075850000004],[-73.347880298999939,44.100752600000078],[-73.347919699999977,44.10056510000004],[-73.345144699999935,44.099906700000076]]],[[[-73.348018311999965,44.099890400000049],[-73.347926099999938,44.10008270000003],[-73.348181465999971,44.100160851000055],[-73.348232011999983,44.10008980300006],[-73.348121499999934,44.099900700000035],[-73.348018311999965,44.099890400000049]]],[[[-73.336474778999957,44.098085410000067],[-73.33499999999998,44.098452900000041],[-73.334704399999964,44.098661500000048],[-73.33468464799995,44.09881679800003],[-73.33482199599996,44.098918393000076],[-73.335487499999942,44.098556500000029],[-73.336483298999951,44.098180300000081],[-73.336474778999957,44.098085410000067]]],[[[-73.353749855999979,44.097546303000058],[-73.353765199999941,44.097748300000035],[-73.353566900999965,44.097775702000035],[-73.353738900999986,44.09789690000008],[-73.354017793999958,44.097939229000076],[-73.354020069999933,44.09793948500004],[-73.354499199999964,44.09805840000007],[-73.354916999999944,44.098077700000033],[-73.355055899999968,44.098043100000041],[-73.355115528999988,44.097906782000052],[-73.354990599999951,44.097820700000057],[-73.35446479999996,44.097813600000052],[-73.354218307999986,44.097737810000069],[-73.354215987999964,44.09773741500004],[-73.353749855999979,44.097546303000058]]],[[[-73.347066097999971,44.097290212000075],[-73.346209999999985,44.098279700000035],[-73.346199999999953,44.098420000000033],[-73.345759299999941,44.098803300000043],[-73.345944100999986,44.099058500000069],[-73.346303199999966,44.098208700000043],[-73.346897199999944,44.097580100000073],[-73.347066097999971,44.097290212000075]]],[[[-73.257706799999937,44.097018200000036],[-73.257756036999979,44.097047552000049],[-73.25781029999996,44.09707990000004],[-73.258078499999954,44.097307300000068],[-73.258208499999967,44.097647000000052],[-73.258351999999945,44.09844030000005],[-73.25834489999994,44.099007200000074],[-73.258213499999954,44.09923740000005],[-73.257698599999969,44.099818800000037],[-73.255699999999933,44.103000000000065],[-73.255379999999946,44.103810000000067],[-73.255449999999939,44.104530000000068],[-73.255819999999972,44.105510000000038],[-73.256519999999966,44.108270000000061],[-73.25676569999996,44.108727700000031],[-73.257040199999949,44.109034200000053],[-73.257835899999975,44.10962150000006],[-73.258239099999969,44.109840800000029],[-73.259222599999987,44.110188000000051],[-73.261068299999977,44.110727600000075],[-73.261550600999954,44.111048200000027],[-73.261811299999977,44.111406800000054],[-73.262136199999986,44.111605500000053],[-73.26230929999997,44.111838300000045],[-73.262443699999949,44.111793300000045],[-73.262453299999947,44.111557800000071],[-73.262557199999947,44.111394800000028],[-73.262868098999945,44.111252697000054],[-73.262897299999963,44.111242700000048],[-73.262922575999937,44.111232719000043],[-73.26247479999995,44.111261600000034],[-73.262177799999961,44.111224200000038],[-73.261751099999969,44.111018400000034],[-73.261130499999979,44.110467400000061],[-73.260817937999946,44.109846121000032],[-73.260810174999961,44.109802567000031],[-73.260622342999966,44.10931762000007],[-73.260599550999984,44.109196647000033],[-73.260559630999978,44.109081950000075],[-73.260531669999978,44.108879261000027],[-73.260511702999963,44.108823000000029],[-73.260478198999976,44.108461413000043],[-73.260462767999968,44.108405302000051],[-73.260460232999947,44.10838066000008],[-73.260446162999983,44.108326574000046],[-73.260443737999935,44.108313149000026],[-73.260429660999989,44.108259001000079],[-73.260427238999966,44.108245752000073],[-73.260413160999974,44.108191491000071],[-73.260410737999962,44.108178213000031],[-73.260371967999959,44.108080198000039],[-73.260349041999973,44.107959055000038],[-73.260331362999978,44.107899277000058],[-73.260328937999986,44.10788584900007],[-73.260314855999979,44.107831575000034],[-73.260311940999941,44.107773722000047],[-73.260294467999984,44.10772034200005],[-73.260279039999944,44.107549973000062],[-73.260263756999962,44.10749405200005],[-73.260260742999947,44.107435765000048],[-73.26024666099994,44.107381598000075],[-73.260243539999976,44.107311956000046],[-73.260229461999984,44.107257804000028],[-73.260226638999939,44.107210680000037],[-73.260212558999967,44.107156562000057],[-73.260209841999938,44.107120662000057],[-73.260195756999963,44.107066377000081],[-73.260193042999958,44.107030727000051],[-73.260176268999942,44.106977487000051],[-73.260139653999943,44.106469240000081],[-73.260121383999945,44.106414542000039],[-73.260105514999964,44.10623294700008],[-73.260090350999974,44.106177201000037],[-73.260087749999968,44.106152590000079],[-73.260073666999972,44.10609830900006],[-73.26007113299994,44.106073861000027],[-73.260057058999962,44.106019791000051],[-73.260054367999942,44.105985873000066],[-73.260030298999936,44.105930300000068],[-73.259993300999952,44.105754700000034],[-73.259968047999962,44.105694871000026],[-73.25995895799997,44.105639476000079],[-73.259799899999962,44.105254200000047],[-73.259447799999975,44.104759300000069],[-73.259025799999961,44.104346700000065],[-73.258684898999945,44.104236200000059],[-73.258414200999937,44.104292600000065],[-73.258154299999944,44.104563900000073],[-73.258136810999986,44.105308808000075],[-73.258156368999948,44.105362955000032],[-73.258186117999969,44.105611034000049],[-73.258202142999949,44.10566822100003],[-73.258205199999963,44.106463900000051],[-73.258091200999957,44.106589300000053],[-73.257947800999943,44.10659030000005],[-73.257854699999939,44.106532300000026],[-73.257593410999959,44.105969351000056],[-73.257587757999943,44.105940648000058],[-73.25724725799995,44.105148281000027],[-73.257243139999957,44.104999888000066],[-73.257229055999971,44.104945642000075],[-73.257226138999954,44.10488760100003],[-73.257212058999983,44.104833191000068],[-73.257533299999977,44.102507700000046],[-73.257704599999954,44.102062400000079],[-73.258595599999978,44.100407000000075],[-73.258727799999974,44.100048500000071],[-73.258769141999949,44.099616189000074],[-73.258755061999977,44.099562072000026],[-73.258752650999952,44.099549807000074],[-73.258732458999987,44.099496116000068],[-73.25872224799997,44.09942854600007],[-73.258705756999973,44.099370711000063],[-73.258703040999933,44.099334989000056],[-73.258689062999963,44.099280974000067],[-73.258686637999972,44.099267549000047],[-73.258651529999952,44.09915892600003],[-73.25863882799996,44.099056504000032],[-73.258619627999963,44.099000204000049],[-73.258603217999962,44.098797026000057],[-73.258583272999942,44.098742114000061],[-73.258570734999978,44.098640256000067],[-73.258554857999968,44.098583413000028],[-73.258551842999964,44.098524964000035],[-73.258537761999946,44.098470805000034],[-73.258535337999945,44.098457272000076],[-73.258521357999939,44.098403525000037],[-73.258518139999978,44.098333551000053],[-73.258504164999977,44.098279748000039],[-73.25850165099996,44.098267159000045],[-73.258480850999945,44.098213286000032],[-73.258471719999989,44.098157708000031],[-73.258454956999969,44.098099515000058],[-73.258452240999986,44.098063557000046],[-73.258438263999949,44.09800974500007],[-73.258435752999958,44.09799737000003],[-73.258415292999985,44.097943969000028],[-73.258371634999946,44.097652483000047],[-73.258347382999943,44.097595014000035],[-73.258340071999953,44.097554345000049],[-73.258079499999951,44.097180700000081],[-73.257706799999937,44.097018200000036]]],[[[-73.351991999999939,44.096728600000063],[-73.351431099999957,44.096770100000072],[-73.351319999999987,44.096840000000043],[-73.351272900999959,44.096781800000031],[-73.349999599999933,44.096875903000068],[-73.350027398999941,44.096887924000043],[-73.350029345999985,44.09688798600007],[-73.350553399999967,44.096884100000068],[-73.351097397999979,44.097069402000045],[-73.351098480999951,44.09706949100007],[-73.351236799999981,44.097079500000063],[-73.351776199999961,44.096941800000025],[-73.352101198999947,44.09696163600006],[-73.352103132999957,44.096961688000079],[-73.352334199999973,44.097015700000043],[-73.352861699999949,44.097283100000027],[-73.351991999999939,44.096728600000063]]],[[[-73.347627399999965,44.096633300000065],[-73.347192299999961,44.097138800000039],[-73.347600500999988,44.096983900000055],[-73.34820179999997,44.096868100000052],[-73.349482502999933,44.096837599000025],[-73.349451398999975,44.096649400000047],[-73.347627399999965,44.096633300000065]]],[[[-73.349654033999968,44.093493515000034],[-73.347745799999984,44.093501500000059],[-73.34707039999995,44.094550500000025],[-73.34730129999997,44.094839027000035],[-73.347376098999973,44.094276900000068],[-73.347570700999938,44.093829600000049],[-73.347969599999942,44.093592500000057],[-73.348417921999953,44.093578118000039],[-73.348420205999957,44.093578465000064],[-73.348806387999957,44.093697915000064],[-73.348808703999964,44.093698310000036],[-73.349039399999981,44.093762900000058],[-73.349377999999945,44.093671200000074],[-73.349487530999966,44.093747108000059],[-73.349490163999974,44.09376075800003],[-73.349721399999964,44.093891600000063],[-73.349782999999945,44.09385780000008],[-73.349781561999976,44.093757616000062],[-73.349768230999985,44.093746384000042],[-73.34976444199998,44.093655653000042],[-73.349735671999952,44.09362576400008],[-73.349732750999976,44.093590716000051],[-73.349656763999974,44.093514258000027],[-73.349654127999941,44.093500363000032],[-73.349654033999968,44.093493515000034]]],[[[-73.360369999999989,44.091140000000053],[-73.360279999999989,44.091170000000034],[-73.360145699999975,44.09155080000005],[-73.360298299999954,44.091572000000042],[-73.360498599999971,44.091503500000044],[-73.360525699999982,44.091245700000059],[-73.360515999999961,44.091236000000038],[-73.360512399999948,44.091232400000081],[-73.360369999999989,44.091140000000053]]],[[[-73.348417499999982,44.090913500000056],[-73.34825382799994,44.091237196000066],[-73.348414799999944,44.091214900000068],[-73.348536899999942,44.091102500000034],[-73.348692791999952,44.091167837000057],[-73.348695414999952,44.091180251000026],[-73.348724085999947,44.09120064800004],[-73.348726728999964,44.091214314000069],[-73.348771313999976,44.09125524600006],[-73.348774158999959,44.091280913000048],[-73.348802927999941,44.091310736000025],[-73.348805848999973,44.091345769000043],[-73.348819168999967,44.091356916000052],[-73.348821957999974,44.091380833000073],[-73.348898184999939,44.091478024000025],[-73.348900870999955,44.091491742000073],[-73.348992199999941,44.091556100000048],[-73.349208899999951,44.091565600000081],[-73.349748299999987,44.091439100000059],[-73.349932298999988,44.091315200000054],[-73.350067400999933,44.091046110000036],[-73.349347898999952,44.091385400000036],[-73.348417499999982,44.090913500000056]]],[[[-73.253462240999966,44.089663466000047],[-73.253469999999936,44.089670000000069],[-73.253679999999974,44.089870000000076],[-73.253919999999937,44.090290000000039],[-73.253659999999968,44.090740000000039],[-73.25342999999998,44.091980000000035],[-73.253006298999935,44.092603100000076],[-73.25264999999996,44.093490000000031],[-73.25255999999996,44.093911100000071],[-73.25255999999996,44.094910000000027],[-73.252724299999954,44.095360700000072],[-73.253060000999938,44.095750000000066],[-73.254054100999952,44.09630130000005],[-73.256205899999941,44.09653730000008],[-73.257049472999938,44.096729580000044],[-73.256883273999961,44.096454983000058],[-73.256867106999948,44.096273145000055],[-73.256851963999964,44.096217989000081],[-73.256849136999961,44.096181401000081],[-73.256568199999947,44.095657100000039],[-73.256443198999989,44.095543000000077],[-73.256239799999946,44.095476100000042],[-73.256037799999945,44.095497600000044],[-73.255484799999977,44.095774000000063],[-73.254990200999941,44.095866600000079],[-73.254510499999981,44.095853200000079],[-73.254072398999938,44.095726400000046],[-73.253603099999964,44.095383300000037],[-73.253162299999985,44.094737400000042],[-73.25307836099995,44.09448543600007],[-73.253075537999962,44.094448933000081],[-73.253061558999946,44.094395160000033],[-73.253094099999942,44.093830500000081],[-73.253844299999969,44.091738400000054],[-73.254050699999937,44.091431700000044],[-73.254456599999969,44.091335900000047],[-73.254693298999939,44.091128800000035],[-73.254827399999954,44.090791900000056],[-73.254836982999961,44.090419323000049],[-73.254687800999989,44.090271200000075],[-73.253993999999977,44.089969800000063],[-73.253462240999966,44.089663466000047]]],[[[-73.350740316999975,44.088767469000061],[-73.350139999999953,44.089441300000033],[-73.349965193999935,44.089727254000081],[-73.350475299999971,44.089282300000036],[-73.350740316999975,44.088767469000061]]],[[[-73.249888899999974,44.08780100000007],[-73.24972410099997,44.087829100000079],[-73.249716300999978,44.087936166000077],[-73.249769999999955,44.087960000000066],[-73.252924966999956,44.089293076000047],[-73.252984298999934,44.089329801000076],[-73.252513998999973,44.088922400000058],[-73.251703600999974,44.088649500000031],[-73.251317799999981,44.088366300000075],[-73.250801900999988,44.088093600000036],[-73.249888899999974,44.08780100000007]]],[[[-73.351631900999962,44.087766700000032],[-73.351020499999947,44.088453000000072],[-73.351326699999959,44.088250400000049],[-73.351557399999933,44.088170600000069],[-73.351928098999963,44.088145600000075],[-73.352363825999987,44.088198205000026],[-73.352364499999965,44.088198244000068],[-73.35264146999998,44.088240714000051],[-73.352643305999948,44.088241027000038],[-73.352703192999968,44.088262085000054],[-73.352705491999984,44.088262481000072],[-73.352739933999942,44.088262201000077],[-73.351631900999962,44.087766700000032]]],[[[-73.353578398999957,44.084311600000035],[-73.353058199999964,44.084812600000078],[-73.352359299999989,44.086055900000076],[-73.351917199999946,44.086574600000063],[-73.35246589999997,44.086821973000042],[-73.352465654999946,44.086804016000031],[-73.352450403999967,44.086792797000044],[-73.35243541799997,44.086714689000075],[-73.35240476499996,44.086683544000039],[-73.352401273999988,44.086615116000075],[-73.352388029999986,44.086603884000056],[-73.352385168999945,44.086581716000069],[-73.352371940999944,44.086570567000081],[-73.352368458999933,44.08650381700005],[-73.352355536999937,44.086492584000041],[-73.352352461999942,44.086448216000065],[-73.35233913899998,44.086437069000056],[-73.352335260999951,44.086336816000028],[-73.352323152999986,44.086325677000048],[-73.352377699999977,44.086057800000049],[-73.352544099999989,44.085800000000063],[-73.353352199999961,44.08501380000007],[-73.353775300999985,44.084319500000049],[-73.353690999999969,44.084313200000054],[-73.353578398999957,44.084311600000035]]],[[[-73.356409999999983,44.082910000000027],[-73.355999999999938,44.083070000000077],[-73.355479999999943,44.083050000000071],[-73.355369999999937,44.083180000000027],[-73.355099998999947,44.08322000000004],[-73.354979999999955,44.083350000000053],[-73.354759999999942,44.08331000000004],[-73.354529999999954,44.083560000000034],[-73.354120000999956,44.083670000000041],[-73.353999999999985,44.083960000000047],[-73.354009326999972,44.083987984000032],[-73.354431099999942,44.083690300000058],[-73.355016699999965,44.08351870000007],[-73.355183099999977,44.083261100000072],[-73.355552499999988,44.083146800000065],[-73.355907899999977,44.08314415600006],[-73.355908563999947,44.083144194000056],[-73.356094518999953,44.083198621000065],[-73.356096907999984,44.083199035000064],[-73.356375331999971,44.083384490000071],[-73.356377963999989,44.083398166000052],[-73.35642237999997,44.083429116000048],[-73.356425071999979,44.083443050000028],[-73.356500599999947,44.083496500000081],[-73.356686099999934,44.083483900000033],[-73.356778399999939,44.083211600000027],[-73.356669999999951,44.083230000000071],[-73.356519999999989,44.082970000000046],[-73.356409999999983,44.082910000000027]]],[[[-73.355491850999954,44.081495554000071],[-73.355327799999941,44.081498800000077],[-73.355288351999945,44.081755479000037],[-73.355300468999985,44.081766716000061],[-73.355288723999934,44.081833567000047],[-73.355303824999964,44.081844702000069],[-73.355318422999972,44.081911430000048],[-73.355445177999968,44.082144616000051],[-73.355448147999937,44.082177884000032],[-73.355461456999933,44.082189031000041],[-73.355469998999979,44.082230000000038],[-73.355519999999956,44.082210000000032],[-73.355569998999954,44.081880000000069],[-73.355479999999943,44.081650000000025],[-73.355510000999971,44.08155000000005],[-73.355491850999954,44.081495554000071]]],[[[-73.350892699999974,44.080653399000028],[-73.350518599999987,44.081121400000029],[-73.349512398999934,44.082309900000041],[-73.350075398999934,44.081883600000026],[-73.350547899999981,44.081389500000057],[-73.350804499999981,44.080975200000069],[-73.350892699999974,44.080653399000028]]],[[[-73.353644900999939,44.073112458000026],[-73.352966898999966,44.073922200000027],[-73.352848198999936,44.07424350000008],[-73.352852624999969,44.074399380000045],[-73.35310100099997,44.073968800000046],[-73.353664299999934,44.07337380000007],[-73.353660761999947,44.073128733000033],[-73.353649549999943,44.073117571000068],[-73.353644900999939,44.073112458000026]]],[[[-73.36098100199996,44.07249863800007],[-73.360804499999972,44.072514500000068],[-73.360729999999933,44.072630000000061],[-73.360769999999945,44.072820000000036],[-73.360639999999989,44.072750000000042],[-73.360473500999944,44.072544300000061],[-73.360454669999967,44.072554839000077],[-73.360448386999963,44.07292158000007],[-73.360461063999935,44.072932734000062],[-73.360464834999959,44.073010583000041],[-73.360525238999969,44.07307630300005],[-73.360527971999943,44.073090021000041],[-73.360696099999984,44.073131500000045],[-73.360818999999935,44.073074900000051],[-73.36099889999997,44.072705600000063],[-73.36098100199996,44.07249863800007]]],[[[-73.359599699999933,44.07160680000004],[-73.359208837999972,44.071642255000029],[-73.359236889999977,44.071659418000081],[-73.359239308999975,44.07165997900006],[-73.359811865999973,44.07189599000003],[-73.359599699999933,44.07160680000004]]],[[[-73.329734562999988,44.066467813000031],[-73.329309399999943,44.066598500000055],[-73.329175511999949,44.066786907000051],[-73.329902999999945,44.067049200000042],[-73.330388599999935,44.067088600000034],[-73.330389999999966,44.066690000000051],[-73.330319999999972,44.06657000000007],[-73.329809999999952,44.06648000000007],[-73.329734562999988,44.066467813000031]]],[[[-73.332096299999989,44.06506180000008],[-73.331589999999949,44.065560000000062],[-73.331049999999948,44.066290000000038],[-73.330699998999989,44.066470000000038],[-73.330589998999983,44.066960000000051],[-73.330572999999958,44.06704510000003],[-73.330890899999986,44.066871900000081],[-73.331523498999957,44.066238700000042],[-73.332128599999976,44.065295800000058],[-73.332096299999989,44.06506180000008]]],[[[-73.366251399999953,44.064985500000034],[-73.365853696999977,44.065030485000079],[-73.366076567999983,44.065272150000055],[-73.366269799999941,44.065174900000045],[-73.366314236999983,44.065039123000076],[-73.366251399999953,44.064985500000034]]],[[[-73.330807199999981,44.063698900000077],[-73.330703081999957,44.063707223000051],[-73.330695678999973,44.063716821000071],[-73.330632815999934,44.063922490000039],[-73.330653530999939,44.063972230000047],[-73.330656192999982,44.063983351000047],[-73.330839547999972,44.064446915000076],[-73.330849568999952,44.064554454000074],[-73.330854871999975,44.06457494600005],[-73.330857415999958,44.064585090000037],[-73.330870038999933,44.064633000000072],[-73.33087306699997,44.064647151000031],[-73.330876986999954,44.064663332000066],[-73.330879345999961,44.064691544000027],[-73.330893149999952,44.064741162000075],[-73.330902847999937,44.064996648000033],[-73.330907800999967,44.065015994000078],[-73.330910664999976,44.065028562000066],[-73.330915090999952,44.065046758000051],[-73.330878699999971,44.065431200000035],[-73.330745999999976,44.065795900000069],[-73.330468699999983,44.066121900000041],[-73.330222119999974,44.066288182000051],[-73.330239999999947,44.06633000000005],[-73.330330000999936,44.06633000000005],[-73.330719999999985,44.066070000000025],[-73.330950000999962,44.065700000000049],[-73.33100000099995,44.065290000000061],[-73.331269999999961,44.065090000000055],[-73.331429999999955,44.064790000000073],[-73.331609999999955,44.064720000000079],[-73.331959999999981,44.064090000000078],[-73.331849999999974,44.063950000000034],[-73.330807199999981,44.063698900000077]]],[[[-73.342608924999979,44.063492170000075],[-73.342579999999941,44.063550000000077],[-73.342321099999936,44.064136700000063],[-73.342566599999941,44.063824900000043],[-73.342639859999963,44.063545916000066],[-73.342608924999979,44.063492170000075]]],[[[-73.360759999999971,44.063419000000067],[-73.360245499999962,44.063621900000044],[-73.360323699999981,44.063706800000034],[-73.360513900999933,44.063913200000059],[-73.360619299999939,44.063579000000061],[-73.360759999999971,44.063419000000067]]],[[[-73.340677998999979,44.062557000000027],[-73.340585899999951,44.062613400000032],[-73.340620549999983,44.062814696000032],[-73.340666727999974,44.062866975000077],[-73.340669961999936,44.062915506000081],[-73.34073389699995,44.063001507000081],[-73.340994600999977,44.062860102000059],[-73.341000496999982,44.062856894000049],[-73.340975948999983,44.062833728000044],[-73.340961272999948,44.062766569000075],[-73.340930329999935,44.062735355000029],[-73.340927539999939,44.062721597000063],[-73.340899061999949,44.062701203000074],[-73.340896301999976,44.06268921700007],[-73.340864499999952,44.062622500000032],[-73.340677998999979,44.062557000000027]]],[[[-73.362420699999973,44.061826600000074],[-73.362195400999951,44.062114000000065],[-73.362378999999976,44.062333275000071],[-73.362499499999956,44.062115700000049],[-73.362497563999966,44.061982017000048],[-73.362484421999966,44.061970783000049],[-73.362481317999936,44.061935051000034],[-73.362434491999977,44.061882002000061],[-73.362420699999973,44.061826600000074]]],[[[-73.339077774999964,44.06155909000006],[-73.339049999999986,44.06161000000003],[-73.339020498999957,44.061936800000069],[-73.339151809999976,44.062018378000062],[-73.33918265799997,44.061765516000037],[-73.339168475999941,44.061754290000067],[-73.339150202999974,44.061586288000058],[-73.339077774999964,44.06155909000006]]],[[[-73.346455034999963,44.061192837000078],[-73.346736068999974,44.061351141000046],[-73.346738868999978,44.061365654000042],[-73.346986684999933,44.061584381000046],[-73.346989467999947,44.061597852000034],[-73.347229299999981,44.061853900000074],[-73.347098599999981,44.061361600000055],[-73.346455034999963,44.061192837000078]]],[[[-73.362021433999985,44.060960169000055],[-73.362021571999946,44.060961820000045],[-73.362084447999962,44.061048803000062],[-73.362021433999985,44.060960169000055]]],[[[-73.337068599999952,44.060030200000028],[-73.336888037999984,44.06006775700007],[-73.336939785999959,44.060324600000058],[-73.337009699999953,44.060671300000081],[-73.337214009999968,44.060176274000071],[-73.337068599999952,44.060030200000028]]],[[[-73.356056222999939,44.05881990000006],[-73.356074322999973,44.059154187000047],[-73.356088034999971,44.059165416000042],[-73.356090958999971,44.059189392000064],[-73.356119641999953,44.059219174000077],[-73.356122557999981,44.059244904000025],[-73.356417100999977,44.059486000000049],[-73.356572399999948,44.059518300000036],[-73.357035498999949,44.059470300000044],[-73.357422334999967,44.059489814000074],[-73.357424508999941,44.05949038600005],[-73.357774820999964,44.05965047400008],[-73.357114799999977,44.058988300000067],[-73.356064099999969,44.05885180000007],[-73.356056222999939,44.05881990000006]]],[[[-73.360634452999989,44.05796070100007],[-73.360600073999933,44.058072318000029],[-73.360245299999974,44.059111700000074],[-73.360108000999958,44.059224300000039],[-73.359814111999981,44.059338048000029],[-73.359780901999954,44.059338297000068],[-73.360089999999957,44.059450900000058],[-73.360433599999965,44.058918000000062],[-73.360469999999964,44.05869000000007],[-73.36060249999997,44.058517600000073],[-73.360705999999936,44.058178600000076],[-73.360670900999935,44.058063300000072],[-73.360634452999989,44.05796070100007]]],[[[-73.36109033799994,44.057767559000069],[-73.360898499999962,44.057785800000033],[-73.361183199999971,44.058318300000053],[-73.361119199999962,44.058964400000036],[-73.361189199999956,44.05911210000005],[-73.361313899999971,44.059157300000038],[-73.36136659999994,44.059242100000063],[-73.36109179999994,44.059632400000055],[-73.360999399999969,44.059983700000032],[-73.361374499999954,44.060050200000035],[-73.362021433999985,44.060960169000055],[-73.362018436999961,44.060924202000081],[-73.361973893999959,44.060873640000068],[-73.361970929999984,44.060846496000067],[-73.361847660999956,44.060694703000081],[-73.361844866999945,44.060680829000034],[-73.361816251999983,44.060651193000069],[-73.361813152999957,44.060616116000062],[-73.361752585999966,44.060540206000042],[-73.361749654999983,44.060515370000076],[-73.361721144999933,44.060495030000027],[-73.361718168999971,44.060471917000029],[-73.361578366999936,44.06025175700006],[-73.361574759999939,44.060183217000031],[-73.361562035999953,44.060171983000032],[-73.361554399999989,44.059826500000042],[-73.361669399999982,44.059234700000047],[-73.361660663999942,44.058633117000056],[-73.36164753099996,44.058621883000058],[-73.361644635999937,44.058599817000072],[-73.361631835999958,44.058588583000073],[-73.36162606299996,44.058365733000073],[-73.361612831999935,44.058354584000028],[-73.361609968999971,44.058332416000042],[-73.361596747999954,44.058321184000079],[-73.36159364699995,44.058286032000069],[-73.361565064999979,44.058256585000038],[-73.361561761999951,44.058210134000035],[-73.361517129999982,44.058154583000032],[-73.361514235999948,44.05813261600008],[-73.361387699999966,44.057932700000038],[-73.36109033799994,44.057767559000069]]],[[[-73.330521893999958,44.057198702000051],[-73.330525724999973,44.057211128000063],[-73.330569999999966,44.057840000000056],[-73.330739999999935,44.058020000000056],[-73.330822499999954,44.058030000000031],[-73.330827899999974,44.058030000000031],[-73.330630548999977,44.057652210000072],[-73.330621040999972,44.057567361000054],[-73.330615611999974,44.057546681000076],[-73.330613101999973,44.057536671000037],[-73.330607714999985,44.057514586000025],[-73.330606118999981,44.057453999000074],[-73.330587669999943,44.05740441100005],[-73.330578613999933,44.057344835000038],[-73.330521893999958,44.057198702000051]]],[[[-73.328749814999981,44.056615635000071],[-73.328872697999941,44.056909330000053],[-73.328879988999972,44.056955683000069],[-73.328903676999971,44.057010877000039],[-73.328908273999957,44.057033168000032],[-73.328933837999955,44.05709028800004],[-73.328951727999936,44.057181548000074],[-73.328991413999972,44.057271082000057],[-73.328996703999962,44.057297148000032],[-73.329003985999975,44.057321438000031],[-73.329004616999953,44.057323969000038],[-73.329035036999983,44.057406419000074],[-73.329040429999964,44.057432878000043],[-73.329047780999986,44.057457284000066],[-73.329048230999945,44.05745905200007],[-73.329062553999961,44.057513248000078],[-73.329066299999965,44.057533100000057],[-73.329068630999984,44.057542927000043],[-73.329069215999937,44.05760624800007],[-73.329193699999962,44.056895100000077],[-73.328874199999973,44.056694100000072],[-73.328749814999981,44.056615635000071]]],[[[-73.32336397499995,44.056124684000054],[-73.32373389299994,44.056601793000027],[-73.323773499999959,44.056305900000041],[-73.32336397499995,44.056124684000054]]],[[[-73.359395677999942,44.056097300000033],[-73.359170113999937,44.057258200000035],[-73.359420299999954,44.05657640000004],[-73.359395677999942,44.056097300000033]]],[[[-73.322771899999964,44.055658300000061],[-73.322237199999961,44.055685500000038],[-73.322046999999941,44.055676000000062],[-73.322710898999958,44.055759200000068],[-73.323105559999988,44.055951230000062],[-73.322771899999964,44.055658300000061]]],[[[-73.37620869999995,44.055646300000035],[-73.376147798999966,44.055691400000057],[-73.37615223399996,44.055814000000055],[-73.376164967999955,44.055825135000077],[-73.376167959999975,44.055849157000068],[-73.376401738999959,44.056145656000069],[-73.376404568999988,44.056159108000031],[-73.376482760999977,44.056224787000076],[-73.376574198999947,44.056311228000027],[-73.376577059999988,44.056324387000075],[-73.376762438999947,44.056510664000029],[-73.37676526499996,44.056523884000057],[-73.377123139999981,44.056853553000053],[-73.377126030999989,44.056867322000073],[-73.377157630999989,44.056920983000055],[-73.377170769999964,44.056932217000053],[-73.377173729999981,44.056954200000064],[-73.377186869999946,44.056965417000072],[-73.377189830999953,44.05698758300008],[-73.377202564999948,44.056998717000056],[-73.377191099999948,44.057255200000043],[-73.37710009999995,44.057378500000027],[-73.376120599999979,44.058054800000036],[-73.37606825499995,44.058233500000028],[-73.376124239999967,44.058299165000051],[-73.376127072999964,44.058312985000043],[-73.376371799999959,44.058320400000071],[-73.377418699999964,44.058033600000044],[-73.377908599999955,44.057695400000057],[-73.378769699999964,44.057399000000032],[-73.379175613999962,44.057195301000036],[-73.379123799999945,44.057156500000076],[-73.378785999999934,44.056904600000053],[-73.37872645799996,44.056864400000052],[-73.378052299999979,44.056969800000047],[-73.377773800999989,44.056938500000058],[-73.377511830999936,44.056819828000073],[-73.377508930999966,44.056805426000039],[-73.377339648999964,44.056674374000067],[-73.377336802999935,44.056663318000062],[-73.377308494999966,44.05665218200005],[-73.377305626999942,44.056639415000063],[-73.377072829999975,44.056408783000052],[-73.37706984099998,44.05638471900005],[-73.377041259999942,44.056355273000065],[-73.37703824099998,44.056329325000036],[-73.377009587999964,44.056299795000029],[-73.377006539999968,44.056273770000075],[-73.376977558999954,44.056244166000056],[-73.376974539999935,44.056218227000045],[-73.376945951999971,44.056188776000056],[-73.376942777999943,44.056153617000064],[-73.376740844999972,44.055899530000033],[-73.376737799999944,44.055875459000049],[-73.376709360999939,44.055855187000077],[-73.376706525999964,44.055841315000066],[-73.376397304999955,44.05566755600006],[-73.376395223999964,44.055667192000044],[-73.37620869999995,44.055646300000035]]],[[[-73.327030299999933,44.055347700000027],[-73.32549709999995,44.056073200000071],[-73.324748062999959,44.056321447000073],[-73.325792899999954,44.056172500000059],[-73.326212299999952,44.056044700000029],[-73.327206499999988,44.05545520000004],[-73.327030299999933,44.055347700000027]]],[[[-73.328276903999949,44.054925095000044],[-73.328298897999957,44.054941302000032],[-73.328719999999976,44.055360000000064],[-73.329206599999964,44.056233300000031],[-73.329409999999939,44.05627000000004],[-73.329879999999946,44.056170000000066],[-73.330195699999933,44.056395700000053],[-73.330195527999933,44.056394468000065],[-73.33017308899997,44.056340029000069],[-73.330166941999948,44.056305719000079],[-73.330140946999961,44.056248418000052],[-73.330138014999989,44.056235903000072],[-73.330005799999981,44.055938500000025],[-73.329846400999941,44.055807600000037],[-73.329610399999979,44.055835300000069],[-73.329526500999975,44.056064000000049],[-73.329423599999984,44.05613580000005],[-73.329220299999974,44.05610420000005],[-73.329103723999935,44.05592904000008],[-73.329099914999972,44.055912876000036],[-73.328710599999965,44.055226000000062],[-73.328276903999949,44.054925095000044]]],[[[-73.327099998999984,44.054830000000038],[-73.326645699999972,44.054913600000077],[-73.326029998999957,44.055190000000039],[-73.32706047399995,44.054843811000069],[-73.327069999999935,44.05484000000007],[-73.327099998999984,44.054830000000038]]],[[[-73.382939799999974,44.054382000000032],[-73.382518199999936,44.054423000000043],[-73.382303499999978,44.054443900000081],[-73.382142099999953,44.054459653000038],[-73.381653799999981,44.054879800000037],[-73.38136579899998,44.05526100000003],[-73.380968999999936,44.055587400000036],[-73.379329799999937,44.056592100000046],[-73.37890204699994,44.056794987000046],[-73.378919298999961,44.056806700000038],[-73.379260599999952,44.057061300000044],[-73.379352599999947,44.057104700000025],[-73.38018029999995,44.056607900000074],[-73.380518700999971,44.056493800000055],[-73.380812799999944,44.056525000000079],[-73.380939375999958,44.056724717000066],[-73.38094254799995,44.056757983000068],[-73.380953494999972,44.056769229000054],[-73.380841737999958,44.057271600000036],[-73.380857673999969,44.057295682000074],[-73.38096399899996,44.057359900000051],[-73.381119000999945,44.05736980000006],[-73.381395099999963,44.057233900000028],[-73.381529299999954,44.056898500000045],[-73.381551566999974,44.056318817000033],[-73.381539185999941,44.05630757800003],[-73.381547899999987,44.056073400000059],[-73.381743899999947,44.055748600000072],[-73.382658599999957,44.05489440000008],[-73.382885999999985,44.054580400000077],[-73.382939799999974,44.054382000000032]]],[[[-73.381909999999948,44.054970000000026],[-73.381819999999948,44.054990000000032],[-73.381759999999986,44.055130000000077],[-73.381929999999954,44.055280000000039],[-73.381689999999935,44.055160000000058],[-73.381509999999935,44.055230000000051],[-73.38149999999996,44.055370000000039],[-73.381399999999985,44.055430000000058],[-73.381439999999941,44.055630000000065],[-73.381199998999989,44.055760000000078],[-73.381269999999972,44.055850000000078],[-73.381559999999979,44.055780000000027],[-73.381549999999947,44.055660000000046],[-73.382139999999936,44.055170000000032],[-73.382169998999984,44.055070000000057],[-73.381909999999948,44.054970000000026]]],[[[-73.324170300999981,44.053840500000035],[-73.324199999999962,44.053890000000081],[-73.324380000999952,44.05400000000003],[-73.324419999999975,44.054130000000043],[-73.32442999999995,44.054470000000038],[-73.324279999999987,44.054770000000076],[-73.32412979999998,44.05497930000007],[-73.323899999999981,44.055160000000058],[-73.32326519999998,44.055556400000057],[-73.323220000999981,44.055690000000027],[-73.323629998999934,44.055850000000078],[-73.323659899999939,44.055903900000033],[-73.324093599999969,44.055854300000078],[-73.324152998999978,44.055827700000066],[-73.324049999999943,44.055800000000033],[-73.324039999999968,44.055740000000071],[-73.324389999999937,44.055710000000033],[-73.324464472999978,44.055691382000077],[-73.324469998999973,44.055690000000027],[-73.324495583999976,44.055684883000026],[-73.324313599999982,44.055634200000043],[-73.324181252999949,44.055493527000067],[-73.324207899999976,44.055326100000059],[-73.324506499999984,44.054893700000036],[-73.324515033999944,44.054632379000054],[-73.324499120999974,44.054582182000047],[-73.324477292999973,44.054271029000063],[-73.324472279999952,44.054251592000071],[-73.324469567999984,44.054240175000075],[-73.324464608999961,44.054220115000078],[-73.32446189999996,44.054204946000027],[-73.324441326999988,44.054154122000057],[-73.324422514999981,44.05405064100006],[-73.324341699999934,44.053914100000043],[-73.324170300999981,44.053840500000035]]],[[[-73.390545434999979,44.053581912000027],[-73.390524399999947,44.053583398000058],[-73.389983799999982,44.053621700000065],[-73.389923119999935,44.053626034000047],[-73.390440400999978,44.054310000000044],[-73.390722529999948,44.054585136000071],[-73.390725474999954,44.054599661000054],[-73.390863300999968,44.05468399800003],[-73.390866174999985,44.054698889000065],[-73.392159068999945,44.055532274000029],[-73.392161972999986,44.055546981000077],[-73.392252803999952,44.055620694000027],[-73.392255721999959,44.055634937000036],[-73.392489251999962,44.055910617000052],[-73.392492423999954,44.055943883000054],[-73.392508032999956,44.055955001000029],[-73.392521700999964,44.056010671000081],[-73.392552834999947,44.056041915000037],[-73.392556246999959,44.056090122000057],[-73.392585241999939,44.056119734000049],[-73.392588760999956,44.056179213000064],[-73.392603418999954,44.056198871000049],[-73.392637630999957,44.056344100000047],[-73.392650363999962,44.056355235000069],[-73.392654220999987,44.056433083000059],[-73.392667800999959,44.056444311000064],[-73.392690063999964,44.056800700000053],[-73.392703665999989,44.056811917000061],[-73.392721098999971,44.056934335000051],[-73.392686727999944,44.057558683000025],[-73.392699464999964,44.05756991700008],[-73.392703236999978,44.057647766000059],[-73.392716361999987,44.057658917000026],[-73.392719716999977,44.05770328300008],[-73.392736136999986,44.057759000000033],[-73.392751136999948,44.057770202000029],[-73.392765862999966,44.057836798000039],[-73.392831659999956,44.057938472000046],[-73.392907668999953,44.058036418000029],[-73.392910744999938,44.058059516000071],[-73.393096232999937,44.058256555000071],[-73.393099132999964,44.058270829000037],[-73.393143501999987,44.058311397000068],[-73.393146360999935,44.058325185000058],[-73.39317479999994,44.05834554200004],[-73.393177656999967,44.058358110000029],[-73.393221694999966,44.058378873000038],[-73.393223899999953,44.058379384000034],[-73.393560999999977,44.058321000000035],[-73.393667499999935,44.058197500000063],[-73.393665864999946,44.058086134000064],[-73.393652725999971,44.05807498300004],[-73.393649073999939,44.058008417000053],[-73.393636330999982,44.057997183000055],[-73.393632368999988,44.057908117000068],[-73.393619231999935,44.057896966000044],[-73.393616268999949,44.057874817000027],[-73.39360312599996,44.057863583000028],[-73.393599473999984,44.057796835000033],[-73.393586730999971,44.057785683000077],[-73.393583768999974,44.057763634000025],[-73.393570630999989,44.057752483000058],[-73.393567668999935,44.05773031700005],[-73.393554531999939,44.057719166000027],[-73.393551538999986,44.057695026000033],[-73.393520294999973,44.057663701000081],[-73.393518945999972,44.05765828400007],[-73.39350640899994,44.057608135000066],[-73.393443730999934,44.05753046500007],[-73.393440667999982,44.057508235000057],[-73.393377666999982,44.057430699000065],[-73.393364015999964,44.057375101000048],[-73.39334833099997,44.057364000000064],[-73.393345368999974,44.057341817000065],[-73.393332236999981,44.057330666000041],[-73.393429799999979,44.05678370000004],[-73.393409343999963,44.056427214000053],[-73.393396139999936,44.056416083000045],[-73.393392782999967,44.056371717000047],[-73.393378737999967,44.056360489000042],[-73.393359159999989,44.056186789000037],[-73.393329925999979,44.056137983000042],[-73.393326242999933,44.056069312000034],[-73.393296469999939,44.056039013000031],[-73.393278776999978,44.055915509000044],[-73.393264832999989,44.055904382000051],[-73.393261768999935,44.055882218000079],[-73.393248729999982,44.055870982000044],[-73.393245168999954,44.055815518000031],[-73.39323213199998,44.055804365000029],[-73.393229068999972,44.055782218000047],[-73.393216416999962,44.05577098200007],[-73.393213033999984,44.055724731000055],[-73.393184064999957,44.055695134000075],[-73.393180662999953,44.055648818000066],[-73.393167931999983,44.055637665000063],[-73.39316496899994,44.055615517000035],[-73.393151836999948,44.055604283000037],[-73.393148562999954,44.055559917000039],[-73.393135438999934,44.055548766000072],[-73.393132081999966,44.055504218000067],[-73.393119431999935,44.055493064000075],[-73.393116367999937,44.055470918000026],[-73.393103316999941,44.055459683000038],[-73.393099962999941,44.05541531700004],[-73.393087223999942,44.055404165000027],[-73.39308407599998,44.05537083400003],[-73.393070947999945,44.055359683000063],[-73.393067777999988,44.05532641700006],[-73.393054721999988,44.055315183000062],[-73.393051549999939,44.055281935000039],[-73.393038830999956,44.055270783000026],[-73.393035802999975,44.055248617000075],[-73.393022721999955,44.055237383000076],[-73.393019546999938,44.055202214000076],[-73.392990960999953,44.055172756000047],[-73.392987868999967,44.055148718000055],[-73.392896264999933,44.055050250000079],[-73.392893424999954,44.055036009000048],[-73.392628099999968,44.054872600000067],[-73.391852399999948,44.054666900000029],[-73.39151254799998,44.054502374000037],[-73.391509701999951,44.054491426000027],[-73.391481047999946,44.054480383000055],[-73.391478166999946,44.054467371000044],[-73.391386930999943,44.054393728000036],[-73.391384040999981,44.054379965000066],[-73.391292963999945,44.054293555000072],[-73.39129008599997,44.05428044100006],[-73.390681767999979,44.053741209000066],[-73.39067887899995,44.053727424000044],[-73.390545434999979,44.053581912000027]]],[[[-73.357368510999947,44.052144066000039],[-73.357185598999934,44.052645100000063],[-73.357200499999976,44.05319570000006],[-73.357485792999967,44.053191217000062],[-73.357472636999944,44.053179983000064],[-73.35746936399994,44.053135617000066],[-73.357456237999941,44.053124383000068],[-73.357452961999968,44.053079917000048],[-73.357440234999956,44.053068683000049],[-73.357436464999978,44.052990917000045],[-73.357423347999941,44.052979683000046],[-73.357420252999987,44.052946417000044],[-73.357407534999936,44.052935183000045],[-73.357400664999943,44.052645617000053],[-73.357388531999959,44.052634377000061],[-73.357397168999967,44.05246732300003],[-73.357385036999972,44.052456083000038],[-73.357378062999942,44.052155317000029],[-73.357368510999947,44.052144066000039]]],[[[-73.384845799999937,44.051389700000072],[-73.384295900999973,44.051796700000068],[-73.383868299999961,44.051946500000042],[-73.383838900999933,44.051972133000049],[-73.383784298999956,44.052622900000074],[-73.383574499999952,44.053070300000059],[-73.383346299999971,44.053328400000055],[-73.382979499999976,44.053598800000032],[-73.382426700999986,44.053848400000049],[-73.382258615999945,44.054309851000028],[-73.38227810099994,44.054308000000049],[-73.382955899999956,44.054241900000079],[-73.382988997999973,44.054237841000031],[-73.383200199999976,44.053887000000032],[-73.384056399999963,44.053245000000061],[-73.384222099999988,44.052953900000034],[-73.384233861999974,44.052719817000025],[-73.384221135999951,44.052708665000068],[-73.384217277999937,44.052630817000079],[-73.384204840999985,44.052619579000066],[-73.38428689999995,44.052117200000055],[-73.384845799999937,44.051389700000072]]],[[[-73.353792899999974,44.050997300000063],[-73.353669699999955,44.051003100000059],[-73.353840139999988,44.051199989000054],[-73.353842940999982,44.051214284000025],[-73.353887418999989,44.051264873000036],[-73.353890259999957,44.051279324000063],[-73.354375651999987,44.051887934000035],[-73.354378460999953,44.051899936000041],[-73.354406938999944,44.051920265000035],[-73.354409772999986,44.05193408100007],[-73.354454125999951,44.051974619000077],[-73.354456960999983,44.051988527000049],[-73.354485439999962,44.052008865000062],[-73.354488259999982,44.052021724000042],[-73.354517139999984,44.052042077000067],[-73.354519946999972,44.052053883000042],[-73.354532652999978,44.052065117000041],[-73.354535447999979,44.052076083000031],[-73.35462722699998,44.052185180000038],[-73.354630019999945,44.052199323000025],[-73.354674234999948,44.052229956000076],[-73.354677060999961,44.052243236000038],[-73.354705538999951,44.052263565000032],[-73.354708359999961,44.05227642400007],[-73.354737238999974,44.052296776000048],[-73.354740060999973,44.052309727000079],[-73.354768540999942,44.052330005000044],[-73.354771311999968,44.05234273800005],[-73.354799786999934,44.052363270000058],[-73.354802565999989,44.052376457000037],[-73.355003839999938,44.05258460500005],[-73.355006643999957,44.052599085000054],[-73.355051118999938,44.052649578000057],[-73.35505397299994,44.052664880000066],[-73.355208713999957,44.052838578000035],[-73.355211658999963,44.05286439200006],[-73.355337081999949,44.053017903000068],[-73.355351516999974,44.053084395000042],[-73.355416767999941,44.053184502000079],[-73.355431116999966,44.053250997000077],[-73.355494160999967,44.053351117000034],[-73.355497739999976,44.053417683000077],[-73.355510868999943,44.053428917000076],[-73.355513830999939,44.053450983000062],[-73.355526551999958,44.05346221700006],[-73.355529947999969,44.05351786600005],[-73.355543069999953,44.053529034000064],[-73.355547059999935,44.05361989000005],[-73.355576970999948,44.053650456000071],[-73.355594093999969,44.053762592000055],[-73.355608264999944,44.053773817000035],[-73.355611947999989,44.05385166700006],[-73.355625162999957,44.053862833000039],[-73.355630030999976,44.054018683000038],[-73.355643168999961,44.054029917000037],[-73.355631121999977,44.054096766000043],[-73.355644262999988,44.054108017000033],[-73.355649438999933,44.054286065000042],[-73.355661428999952,44.054297244000054],[-73.355653569999959,44.054520178000075],[-73.355665561999956,44.054531417000078],[-73.355670436999958,44.054687183000055],[-73.355683563999946,44.054698417000054],[-73.355688935999979,44.054887783000027],[-73.355702497999971,44.054899014000057],[-73.355746402999955,44.055689886000039],[-73.355759659999933,44.055701117000069],[-73.355763225999965,44.055767783000078],[-73.355774778999944,44.055779027000028],[-73.355766420999942,44.055879273000073],[-73.355778854999983,44.05589051100003],[-73.355815943999971,44.056268989000046],[-73.355831017999947,44.056280210000068],[-73.355849381999974,44.056435990000068],[-73.355863169999964,44.056447217000027],[-73.355866630999969,44.056502783000042],[-73.355879770999934,44.05651401700004],[-73.355882729999962,44.05653598300006],[-73.355897700999947,44.056547205000072],[-73.355930784999941,44.056729638000036],[-73.35596086299995,44.056780916000037],[-73.355964036999978,44.056825184000047],[-73.355983606999985,44.056852100000071],[-73.355993276999982,44.056891972000074],[-73.356038498999965,44.056943174000025],[-73.356031625999947,44.056991962000041],[-73.356043522999983,44.057003202000033],[-73.356058176999966,44.057069798000043],[-73.35607549599996,44.057081005000043],[-73.356090604999963,44.057158695000055],[-73.356107068999961,44.057169908000049],[-73.356123730999968,44.057281092000039],[-73.356138268999985,44.057292317000076],[-73.356141163999951,44.057314384000051],[-73.356155460999958,44.057325609000031],[-73.356173130999935,44.057470290000026],[-73.356187369999986,44.057481517000042],[-73.356190330999937,44.057503583000027],[-73.356203463999975,44.057514817000026],[-73.356206764999968,44.05756109400005],[-73.356235337999976,44.057590708000077],[-73.356240434999961,44.057759583000063],[-73.356253568999989,44.057770817000062],[-73.356253898999967,44.057792894000045],[-73.356256500999962,44.057790702000034],[-73.356568798999945,44.057527400000026],[-73.35671549999995,44.056695600000069],[-73.356414398999959,44.056693200000041],[-73.356111699999985,44.055630400000041],[-73.356239499999958,44.054326900000035],[-73.355752699999982,44.053858300000059],[-73.355396599999949,44.052612000000067],[-73.355616299999951,44.051992300000052],[-73.354852599999958,44.051769300000046],[-73.353792899999974,44.050997300000063]]],[[[-73.384578517999955,44.050969160000079],[-73.384105399999953,44.051349500000072],[-73.383864999999957,44.051805482000077],[-73.383897999999988,44.051776199000074],[-73.384019599999988,44.051597800000025],[-73.384370599999954,44.051375800000073],[-73.384561599999984,44.051010500000075],[-73.384578517999955,44.050969160000079]]],[[[-73.38536019999998,44.050700000000063],[-73.385230899999954,44.050714600000049],[-73.384958499999982,44.051030200000071],[-73.384886798999958,44.051333500000055],[-73.384863248999977,44.051365782000062],[-73.385228299999937,44.050995300000068],[-73.385534899999982,44.050814500000058],[-73.385506899999939,44.050767300000075],[-73.38536019999998,44.050700000000063]]],[[[-73.354079399999989,44.049352900000031],[-73.353031199999975,44.049456700000064],[-73.353029000999982,44.049456917000043],[-73.353050020999945,44.049824385000079],[-73.353063163999934,44.049835617000042],[-73.353067735999957,44.049969083000065],[-73.353078598999957,44.049980331000029],[-73.353071106999948,44.050047137000035],[-73.353081978999967,44.050058417000059],[-73.353085121999982,44.050091583000039],[-73.353098234999948,44.050102817000038],[-73.353101164999941,44.050124983000046],[-73.353113959999973,44.050136217000045],[-73.35311756699997,44.050204763000067],[-73.353149127999984,44.050236150000046],[-73.353162658999963,44.050291700000059],[-73.353225669999972,44.050369334000038],[-73.353228668999975,44.050394010000048],[-73.353320168999971,44.050513617000036],[-73.353323158999956,44.050537657000064],[-73.353446712999983,44.050689103000025],[-73.353449686999966,44.050715012000069],[-73.353581676999966,44.050889559000041],[-73.353697299999965,44.049994200000071],[-73.353775199999973,44.049389700000063],[-73.354079399999989,44.049352900000031]]],[[[-73.38617002899997,44.049259795000069],[-73.38607079999997,44.049439200000052],[-73.385551199999952,44.049844600000029],[-73.38504267899998,44.050514442000065],[-73.385196199999939,44.050561800000025],[-73.385850000999937,44.049980000000062],[-73.385829999999942,44.049870000000055],[-73.385939999999948,44.049570000000074],[-73.386139999999955,44.049470000000042],[-73.38617002899997,44.049259795000069]]],[[[-73.386175574999982,44.049220976000072],[-73.38617002899997,44.049259795000069],[-73.386175999999978,44.049249000000032],[-73.386175574999982,44.049220976000072]]],[[[-73.387368128999981,44.048416748000079],[-73.387358699999936,44.048419100000046],[-73.386980199999982,44.048522800000057],[-73.386801199999979,44.04862600000007],[-73.386228999999958,44.049932900000044],[-73.385794999999973,44.050346900000079],[-73.385852399999976,44.050471400000049],[-73.386375999999984,44.050801400000068],[-73.386896898999964,44.050842500000044],[-73.386774599999967,44.050996500000053],[-73.386913599999957,44.051181700000029],[-73.386829599999942,44.052003400000046],[-73.386959899999965,44.052360700000065],[-73.387127498999973,44.052457803000038],[-73.387289898999938,44.052417200000036],[-73.38742979999995,44.052494200000069],[-73.387540200999979,44.052491800000041],[-73.38808309999996,44.052649300000041],[-73.388597300999947,44.053009399000075],[-73.388831255999946,44.053085410000051],[-73.388832802999957,44.053085557000031],[-73.388938498999948,44.053106652000054],[-73.388939002999962,44.053106700000058],[-73.389109677999954,44.053139016000046],[-73.38911170199998,44.05313936400006],[-73.389170897999975,44.053160332000061],[-73.389172371999962,44.053160587000036],[-73.389621699999964,44.053313200000048],[-73.389809239999977,44.053467056000045],[-73.389812130999985,44.053480835000073],[-73.389831644999958,44.053494661000059],[-73.38996519899996,44.053485200000068],[-73.390411599999936,44.053453600000068],[-73.39041597399995,44.053453254000033],[-73.39014762499994,44.053176839000059],[-73.39014472599996,44.053162409000038],[-73.389427600999966,44.052746300000081],[-73.389166302999968,44.052670603000081],[-73.389163586999985,44.052669592000029],[-73.388932926999985,44.052605185000061],[-73.388930993999963,44.052604855000027],[-73.388189700999988,44.052454999000076],[-73.388127200999975,44.052433083000039],[-73.388124596999944,44.052432638000028],[-73.388065004999987,44.052411665000079],[-73.388062296999976,44.052411033000055],[-73.387939478999954,44.052367591000063],[-73.387937997999984,44.052367336000032],[-73.38717797399994,44.05200758400008],[-73.387175131999982,44.051993282000069],[-73.38708393099995,44.051894982000078],[-73.387080367999943,44.051839418000043],[-73.387067330999969,44.051828182000065],[-73.387240338999959,44.051189617000034],[-73.387209773999984,44.051158843000053],[-73.387175699999943,44.050991300000078],[-73.387264368999979,44.050712118000035],[-73.387110612999948,44.050602551000054],[-73.387107898999943,44.050601644000039],[-73.386815957999943,44.050570583000081],[-73.386813797999935,44.050570513000025],[-73.386428187999968,44.050540093000052],[-73.386427297999944,44.05053999200004],[-73.386101725999936,44.050431751000076],[-73.386188299999958,44.050073800000064],[-73.386491199999966,44.049647700000037],[-73.386835599999984,44.048920600000031],[-73.387368128999981,44.048416748000079]]],[[[-73.354477699999961,44.048271100000079],[-73.354544798999939,44.049169500000062],[-73.354741499999989,44.049159400000065],[-73.354772394999941,44.049160452000081],[-73.354770264999956,44.049142809000045],[-73.354755947999934,44.049131583000076],[-73.354752777999977,44.049098317000073],[-73.354739734999953,44.049087083000074],[-73.354735964999975,44.04900931700007],[-73.35472323099998,44.048998083000072],[-73.354720269999973,44.048975934000055],[-73.35470713899997,44.048964683000065],[-73.354703559999962,44.048898017000056],[-73.354626864999943,44.048753566000073],[-73.35462393399996,44.048731417000056],[-73.354610829999956,44.048720183000057],[-73.354607869999938,44.048698217000037],[-73.354595122999967,44.048686983000039],[-73.35459194799995,44.048651748000054],[-73.354562964999957,44.048622161000026],[-73.354559662999975,44.048575917000051],[-73.35454694699996,44.048564683000052],[-73.354543852999939,44.048531517000072],[-73.354530722999982,44.048520283000073],[-73.354527576999942,44.048486917000048],[-73.354513093999969,44.048475694000047],[-73.354477699999961,44.048271100000079]]],[[[-73.389835980999976,44.046437209000032],[-73.38838979999997,44.047425900000064],[-73.387576999999965,44.047855900000059],[-73.386717600999987,44.048252700000035],[-73.386087550999946,44.048324480000076],[-73.386084993999987,44.048324133000051],[-73.385714131999976,44.04813972900007],[-73.385711239999978,44.04812587400005],[-73.385522099999946,44.047894000000042],[-73.385351499999956,44.047850800000049],[-73.385244999999941,44.047951900000044],[-73.385190130999945,44.048253383000031],[-73.38520753399996,44.048375900000053],[-73.385215077999987,44.048387152000032],[-73.385213229999977,44.048409148000076],[-73.385220776999972,44.048420418000035],[-73.385223947999975,44.048453800000061],[-73.385240530999965,44.048520500000052],[-73.385256116999983,44.048531602000025],[-73.38526976299994,44.048587199000053],[-73.385441999999955,44.048741900000039],[-73.385645107999949,44.048818510000046],[-73.385646604999977,44.048818770000025],[-73.385969699999976,44.048882700000036],[-73.386094503999971,44.04895799500008],[-73.386097359999951,44.048971787000028],[-73.386160930999949,44.049104100000079],[-73.386173971999938,44.04911531700003],[-73.386175574999982,44.049220976000072],[-73.386190000999989,44.049120000000073],[-73.386329999999987,44.048910000000035],[-73.386459999999943,44.048830000000066],[-73.386479999999949,44.048590000000047],[-73.386680000999945,44.048360000000059],[-73.387229999999988,44.048080000000027],[-73.387909999999977,44.047820000000058],[-73.388139998999975,44.047590000000071],[-73.388309999999933,44.047550000000058],[-73.388469999999984,44.047430000000077],[-73.388589999999965,44.047450000000026],[-73.38877999999994,44.047270000000026],[-73.389253699999983,44.047071600000038],[-73.389254500999982,44.047026200000062],[-73.389700599999969,44.04674140000003],[-73.38983369999994,44.046451000000047],[-73.389835980999976,44.046437209000032]]],[[[-73.347614199999953,44.044059700000048],[-73.347516667999969,44.044111351000026],[-73.347326499999951,44.04422640000007],[-73.347288975999959,44.044549973000073],[-73.34730045699996,44.044561234000071],[-73.347301251999966,44.044618107000076],[-73.347323299999971,44.044680200000073],[-73.347881499999971,44.044636900000057],[-73.347695899999962,44.044427100000064],[-73.347616499999958,44.04410560000008],[-73.347614199999953,44.044059700000048]]],[[[-73.348310846999937,44.042240340000035],[-73.34793979799997,44.042802358000074],[-73.347941800999934,44.042801100000077],[-73.348053900999957,44.042761800000051],[-73.348217999999974,44.042561300000045],[-73.348295299999961,44.042289100000062],[-73.348310846999937,44.042240340000035]]],[[[-73.383702104999941,44.041903905000026],[-73.383129999999937,44.042320000000075],[-73.382589999999936,44.042430000000081],[-73.382059999999967,44.042360000000031],[-73.381859999999961,44.042570000000069],[-73.381699999999967,44.042650000000037],[-73.381159999999966,44.042660000000069],[-73.380929999999978,44.042760000000044],[-73.380879998999944,44.042660000000069],[-73.380599999999959,44.042620000000056],[-73.380049999999983,44.04302000000007],[-73.379679999999951,44.042980000000057],[-73.37940999999995,44.043190000000038],[-73.379069999999956,44.043300000000045],[-73.378779999999949,44.043330000000026],[-73.378709999999955,44.043230000000051],[-73.378749999999968,44.043060000000025],[-73.378789999999981,44.043010000000038],[-73.379019999999969,44.043010000000038],[-73.379069998999967,44.042940000000044],[-73.379029999999943,44.042900000000031],[-73.379199998999979,44.042800000000057],[-73.379069999999956,44.042750000000069],[-73.379039999999975,44.042667800000061],[-73.379039999999975,44.042656200000067],[-73.37833779999994,44.042832900000064],[-73.377953998999942,44.042980900000032],[-73.37764520099995,44.043005400000027],[-73.376809999999978,44.042956200000049],[-73.376188604999982,44.042571170000031],[-73.376187117999962,44.042570912000031],[-73.376108599999952,44.042560200000025],[-73.375955799999986,44.042672900000071],[-73.375961332999964,44.042862300000081],[-73.375973967999983,44.042873518000079],[-73.375977030999934,44.042895582000028],[-73.375990061999971,44.042906818000063],[-73.375993436999977,44.042951300000027],[-73.376085000999979,44.043049675000077],[-73.376087864999988,44.043063283000038],[-73.376131998999938,44.043093988000066],[-73.376134964999949,44.043107531000032],[-73.376179080999975,44.04313821900007],[-73.376181972999973,44.043152291000069],[-73.376647300999934,44.043447900000047],[-73.377253724999946,44.043554902000039],[-73.377375198999971,44.043576075000033],[-73.377377363999983,44.043576255000062],[-73.377377899999942,44.043576298000062],[-73.377824998999984,44.043672635000064],[-73.377826598999945,44.04367290700003],[-73.377964899999938,44.043716400000051],[-73.377996651999979,44.043783318000067],[-73.377999847999945,44.043816502000027],[-73.378011274999949,44.043827726000075],[-73.377999100999943,44.043950300000063],[-73.377802498999984,44.044230500000026],[-73.376905799999975,44.045274100000029],[-73.376740899999959,44.045620900000074],[-73.37670370099994,44.04595560000007],[-73.376735147999966,44.04607800000008],[-73.376747868999985,44.046089217000031],[-73.376751329999934,44.046144666000032],[-73.376764450999985,44.046155834000047],[-73.376767664999988,44.046191895000049],[-73.376812100999985,44.046242256000028],[-73.376815030999978,44.046257622000041],[-73.376936399999977,44.046288200000049],[-73.376997299999971,44.046243200000049],[-73.377159399999982,44.045706800000062],[-73.377372199999968,44.045459900000026],[-73.378351299999963,44.044772500000079],[-73.378754399999934,44.043821800000046],[-73.379028800999947,44.043574500000034],[-73.379566799999964,44.043380900000045],[-73.380645999999956,44.043194100000051],[-73.38275509999994,44.042642800000067],[-73.383138599999938,44.042450400000064],[-73.383702104999941,44.041903905000026]]],[[[-73.383769947999951,44.041838013000074],[-73.383717551999951,44.041890666000029],[-73.38376999999997,44.041840000000036],[-73.383769947999951,44.041838013000074]]],[[[-73.421359099999961,44.041691600000036],[-73.420893599999943,44.041717500000061],[-73.42093239999997,44.041761000000065],[-73.42101729999996,44.041882100000066],[-73.421107699999936,44.041908700000079],[-73.421227199999976,44.041812100000072],[-73.421521599999949,44.041897800000072],[-73.421839506999959,44.041839191000065],[-73.421793199999968,44.04177720000007],[-73.421359099999961,44.041691600000036]]],[[[-73.383298099999934,44.041566200000034],[-73.383097899999939,44.041932900000063],[-73.382800799999984,44.042067300000042],[-73.383029999999962,44.042060000000049],[-73.383140000999958,44.041940000000068],[-73.383240000999933,44.041960000000074],[-73.383299999999963,44.041920000000061],[-73.383389999999963,44.04180000000008],[-73.383298099999934,44.041566200000034]]],[[[-73.41558299999997,44.041469100000029],[-73.415260198999988,44.041830900000036],[-73.415029999999945,44.04182000000003],[-73.41489329999996,44.041727300000048],[-73.414739998999949,44.041712607000079],[-73.415310199999965,44.042252900000051],[-73.415480098999979,44.042273900000055],[-73.415755695999962,44.042089701000066],[-73.41558299999997,44.041469100000029]]],[[[-73.415797700999974,44.041400000000067],[-73.415880321999964,44.041742055000043],[-73.416088300999945,44.041611300000056],[-73.416332516999944,44.041609301000051],[-73.416309999999953,44.041590000000042],[-73.41616000099998,44.041570000000036],[-73.416005699999971,44.041437100000053],[-73.415797700999974,44.041400000000067]]],[[[-73.413552899999956,44.041175800000076],[-73.413233699999978,44.041642900000056],[-73.413207799999952,44.041858200000036],[-73.413278700999967,44.042115400000057],[-73.41318739999997,44.042303300000071],[-73.413230099999964,44.042380900000069],[-73.413182498999959,44.042641700000047],[-73.413266799999974,44.042768600000045],[-73.413118499999939,44.04278080000006],[-73.412990999999977,44.04286460000003],[-73.412955700999987,44.042898041000058],[-73.412911698999949,44.043052400000079],[-73.412625299999945,44.043347700000027],[-73.412404699999968,44.043485000000032],[-73.412282782999966,44.043558963000066],[-73.412256699999944,44.043693000000076],[-73.41238199999998,44.043803500000081],[-73.412798499999951,44.043733300000042],[-73.413027499999941,44.043564200000048],[-73.413346299999944,44.04319380000004],[-73.413647199999957,44.042656400000055],[-73.413819699999976,44.041807800000072],[-73.414202500999977,44.041570700000079],[-73.414562801999978,44.04160119900007],[-73.414482398999951,44.041524500000037],[-73.413552899999956,44.041175800000076]]],[[[-73.417408996999939,44.041025698000055],[-73.417279998999959,44.041240000000073],[-73.417274599999985,44.04156370000004],[-73.417409298999985,44.041827400000045],[-73.41813209999998,44.042026200000066],[-73.418699200999981,44.042290900000069],[-73.419059999999945,44.04218000000003],[-73.41914527299997,44.042125181000074],[-73.418861500999981,44.042079500000057],[-73.418535099999986,44.041948300000058],[-73.417782599999953,44.041240900000048],[-73.417408996999939,44.041025698000055]]],[[[-73.411867631999939,44.040265223000063],[-73.412067399999955,44.040406100000041],[-73.412193799999955,44.04058340000006],[-73.412258899999983,44.040817000000061],[-73.412261999999942,44.041017700000054],[-73.412080799999956,44.04127550000004],[-73.412067599999943,44.041431700000032],[-73.412410799999975,44.041640700000073],[-73.412530000999936,44.042029900000045],[-73.412409999999966,44.041230000000041],[-73.412558999999987,44.040739200000075],[-73.412482099999977,44.040701400000046],[-73.412411399999939,44.040527900000029],[-73.412056599999971,44.040319300000078],[-73.411867631999939,44.040265223000063]]],[[[-73.348382098999934,44.040216800000053],[-73.348243499999967,44.040262400000074],[-73.348094226999933,44.04041969900004],[-73.348123699999974,44.040530700000033],[-73.348216990999958,44.040563072000054],[-73.348219552999979,44.040563666000025],[-73.348526499999934,44.040583600000048],[-73.34874186199994,44.040663359000064],[-73.348742100999971,44.040661000000057],[-73.348742199999947,44.040499400000044],[-73.348913799999934,44.040340900000047],[-73.348944691999975,44.040246101000037],[-73.348754396999936,44.040269642000055],[-73.348753596999984,44.040269533000071],[-73.348678801999938,44.040248371000075],[-73.348676098999988,44.040247927000053],[-73.348382098999934,44.040216800000053]]],[[[-73.413700999999946,44.039133400000026],[-73.413594099999955,44.039201100000071],[-73.413611098999979,44.039261100000033],[-73.413634799999954,44.040004200000055],[-73.413695399999938,44.040154800000039],[-73.413841299999945,44.040295100000037],[-73.414723799999933,44.04067660000004],[-73.414795325999989,44.040699048000079],[-73.414338499999985,44.040376800000047],[-73.414102399999933,44.040111100000047],[-73.413958199999968,44.039755600000035],[-73.41384069999998,44.039165800000035],[-73.413700999999946,44.039133400000026]]],[[[-73.378173799999956,44.039044100000069],[-73.378004999999973,44.039123500000073],[-73.37794705999994,44.039215030000037],[-73.378038798999967,44.039322639000034],[-73.378041673999974,44.039336882000043],[-73.378288399999974,44.039489200000048],[-73.379065899999944,44.039706305000038],[-73.379067102999954,44.039706500000079],[-73.379204524999977,44.039770048000037],[-73.379207459999975,44.03978402100006],[-73.379331099999945,44.039971700000081],[-73.379626496999947,44.040091731000075],[-73.379627665999976,44.040091891000031],[-73.379843951999987,44.040135018000058],[-73.379846210999972,44.040135608000071],[-73.380060899999933,44.04020010000005],[-73.380328626999983,44.040378012000076],[-73.380466528999989,44.040474060000065],[-73.380469472999948,44.040488641000081],[-73.380732226999953,44.040672459000064],[-73.380735175999973,44.04068735900006],[-73.38090432599995,44.040816042000074],[-73.380907266999941,44.040830382000081],[-73.380966800999943,44.040871766000066],[-73.380969726999979,44.040885899000045],[-73.381139076999943,44.041026553000052],[-73.381142014999966,44.04103994500008],[-73.381312996999952,44.041225604000033],[-73.381329799999946,44.041372000000081],[-73.381223100999989,44.041461900000058],[-73.380822498999976,44.041554200000064],[-73.380328299999974,44.041569100000061],[-73.380113399999971,44.041671200000053],[-73.380058299999973,44.041773775000081],[-73.380084438999972,44.041793142000074],[-73.38008737399997,44.041807063000078],[-73.380349000999956,44.041936295000028],[-73.380351707999978,44.041937425000071],[-73.380442288999973,44.041968974000042],[-73.380445002999977,44.041970009000067],[-73.380584703999943,44.042002700000069],[-73.380879999999934,44.04209000000003],[-73.381559999999979,44.04209000000003],[-73.381799999999942,44.041970000000049],[-73.381969999999967,44.042040000000043],[-73.382179999999948,44.041970000000049],[-73.382489999999962,44.041960000000074],[-73.382578799999976,44.04203590000003],[-73.382544887999984,44.041811901000074],[-73.382543399999975,44.041802100000041],[-73.382543157999976,44.041800503000047],[-73.382234264999965,44.041821990000074],[-73.382232897999984,44.041821877000075],[-73.382111699999939,44.041800831000046],[-73.382108893999941,44.041799960000048],[-73.381971130999943,44.041712565000068],[-73.381968068999981,44.04169041800003],[-73.381955030999961,44.041679183000042],[-73.381952068999965,44.041657035000071],[-73.381939330999955,44.041645865000078],[-73.381936368999959,44.04162371700005],[-73.381923247999964,44.041612483000051],[-73.381919768999978,44.041557018000049],[-73.381906731999948,44.041545865000046],[-73.38190366799995,44.041523718000064],[-73.381891028999974,44.04151248200003],[-73.381885770999986,44.041345517000025],[-73.381871921999959,44.04133428800003],[-73.381852677999973,44.041134012000043],[-73.381838821999963,44.041122783000048],[-73.381835577999937,44.041089517000046],[-73.381822548999935,44.041078365000033],[-73.38181935199998,44.041045118000056],[-73.381806730999983,44.041033882000079],[-73.381803668999964,44.04101171800005],[-73.38178740099994,44.040965382000081],[-73.381758852999951,44.040935857000079],[-73.381755547999944,44.040898669000057],[-73.38172665999997,44.040869136000026],[-73.381723529999988,44.040842478000059],[-73.381679469999938,44.04079222200005],[-73.381676413999969,44.040765606000036],[-73.38144079999995,44.040523800000074],[-73.381068100999983,44.040393000000051],[-73.380368273999977,44.039920958000039],[-73.380212167999957,44.039810382000041],[-73.380209266999941,44.039795870000034],[-73.379803700999958,44.039555600000028],[-73.37873295299994,44.039128987000026],[-73.378731495999943,44.039128739000034],[-73.378671903999987,44.039107778000073],[-73.378669096999943,44.039106987000025],[-73.378578800999946,44.039085913000065],[-73.378577854999946,44.039085807000049],[-73.378173799999956,44.039044100000069]]],[[[-73.381259999999941,44.040820000000053],[-73.381189999999947,44.040890000000047],[-73.381219999999985,44.041000000000054],[-73.381299999999953,44.041180000000054],[-73.381429999999966,44.041230000000041],[-73.381479999999954,44.041340000000048],[-73.381179999999972,44.041750000000036],[-73.381329999999934,44.041790000000049],[-73.381370000999937,44.04189000000008],[-73.381489999999985,44.041930000000036],[-73.381599999999935,44.041880000000049],[-73.381559999999979,44.041790000000049],[-73.38176999999996,44.041610000000048],[-73.381799999999942,44.041260000000079],[-73.381759999999986,44.04120000000006],[-73.38158999999996,44.041180000000054],[-73.381489998999939,44.040880000000072],[-73.381259999999941,44.040820000000053]]],[[[-73.349273084999936,44.038707530000067],[-73.34915129999996,44.038906700000041],[-73.34913083899994,44.039441983000074],[-73.349143951999963,44.039453217000073],[-73.349132230999942,44.039542383000025],[-73.349146094999981,44.039553612000077],[-73.349165691999985,44.039776087000064],[-73.349181228999953,44.039787312000044],[-73.349197278999952,44.039876294000067],[-73.349211602999958,44.039878907000059],[-73.34942639999997,44.039835200000027],[-73.349630299999944,44.039664500000072],[-73.349299598999949,44.039067800000055],[-73.34927609999994,44.038815300000067],[-73.349274076999961,44.038722445000076],[-73.349273899999957,44.038714300000038],[-73.349273084999936,44.038707530000067]]],[[[-73.409610400999952,44.038400000000081],[-73.409610518999955,44.038408118000063],[-73.409556130999988,44.038698400000044],[-73.409568698999976,44.038709537000045],[-73.40957272199995,44.038787382000066],[-73.409620007999933,44.038854001000061],[-73.40963402899996,44.038909715000045],[-73.409681016999969,44.038962383000069],[-73.409684015999972,44.038976999000056],[-73.409790900999951,44.039085482000075],[-73.409793860999969,44.039098683000077],[-73.409951174999946,44.039287982000076],[-73.41002137199996,44.039368298000056],[-73.410342699999944,44.039806700000042],[-73.411044299999958,44.040202500000078],[-73.411400499999957,44.040266600000052],[-73.411787601999947,44.040241101000049],[-73.411728600999936,44.040222700000072],[-73.411285200999941,44.040055700000039],[-73.411171799999977,44.039945300000056],[-73.410935799999947,44.039932600000043],[-73.410845299999949,44.039728800000034],[-73.410512199999971,44.039607000000046],[-73.410381099999938,44.039173800000071],[-73.410126799999944,44.03906470000004],[-73.41007019999995,44.039037800000074],[-73.409899999999936,44.038500000000056],[-73.40976999999998,44.038420000000031],[-73.409610400999952,44.038400000000081]]],[[[-73.386989999999969,44.038220000000081],[-73.386779999999987,44.038610000000062],[-73.386089999999967,44.039240000000063],[-73.385939999999948,44.039470000000051],[-73.385730000999956,44.040030000000058],[-73.385519999999985,44.040190000000052],[-73.385379998999952,44.040170000000046],[-73.385289999999941,44.040280000000052],[-73.385029999999972,44.040340000000072],[-73.384879999999953,44.040530000000047],[-73.384609999999952,44.040660000000059],[-73.384329999999977,44.04060000000004],[-73.384259999999983,44.040640000000053],[-73.384116199999937,44.040555400000073],[-73.383707798999978,44.040761300000042],[-73.383678399999951,44.040799400000026],[-73.383799999999951,44.04075000000006],[-73.38403999999997,44.040820000000053],[-73.384229999999945,44.040790000000072],[-73.384209999999939,44.040900000000079],[-73.38394999999997,44.040920000000028],[-73.383789999999976,44.04102000000006],[-73.383759999999938,44.04111000000006],[-73.38385999999997,44.041270000000054],[-73.383759999999938,44.041460000000029],[-73.383769947999951,44.041838013000074],[-73.384189198999934,44.04141670000007],[-73.384433899999976,44.041247600000077],[-73.386138799999969,44.040532100000064],[-73.386446899999953,44.040485100000069],[-73.386895599999946,44.040504000000055],[-73.386987699999963,44.040458700000045],[-73.386986338999975,44.040367672000059],[-73.386957474999974,44.040338238000061],[-73.386954464999974,44.040323198000067],[-73.386755000999983,44.040226700000062],[-73.386753692999946,44.040226560000065],[-73.38641234499994,44.040195496000081],[-73.386411798999973,44.040195445000052],[-73.386306204999983,44.040174455000056],[-73.386303491999968,44.040173738000078],[-73.386057274999985,44.040055460000076],[-73.386054253999987,44.040039729000057],[-73.386009871999988,44.03998950700003],[-73.386080000999982,44.039696500000048],[-73.38710089999995,44.038741000000073],[-73.38760039999994,44.038414000000046],[-73.387455099999954,44.038365800000065],[-73.386989999999969,44.038220000000081]]],[[[-73.41112099999998,44.037414000000069],[-73.410170099999959,44.037527400000045],[-73.410411000999943,44.037708300000077],[-73.410644305999938,44.037993890000052],[-73.412683600999969,44.039563800000053],[-73.413087799999971,44.039670900000033],[-73.413274199999989,44.039662900000053],[-73.413391299999944,44.03957360000004],[-73.413451099999975,44.039367200000072],[-73.412980299999958,44.039473600000065],[-73.412605898999971,44.039264800000069],[-73.412149299999953,44.03869990000004],[-73.411955499999976,44.03816640000008],[-73.411465999999962,44.037468000000047],[-73.41112099999998,44.037414000000069]]],[[[-73.38853990399997,44.037329803000034],[-73.388185799999974,44.037870500000054],[-73.388108099999954,44.038150800000039],[-73.388403099999948,44.037984000000051],[-73.38853990399997,44.037329803000034]]],[[[-73.350118004999956,44.037093299000048],[-73.350118793999968,44.037100800000076],[-73.350161198999956,44.037880400000063],[-73.349887399999943,44.038475700000049],[-73.349851499999943,44.038997400000028],[-73.349890099999982,44.03916920000006],[-73.350029999999947,44.039306600000032],[-73.350081899999964,44.039609000000041],[-73.34982999999994,44.039940000000058],[-73.349470699999983,44.040126100000066],[-73.34922789999996,44.040404700000067],[-73.348907399999973,44.041315600000075],[-73.34874803799994,44.041585463000047],[-73.34871389999995,44.041657100000066],[-73.348699293999971,44.041683697000053],[-73.348662106999939,44.04179780100003],[-73.348612399999979,44.042464700000039],[-73.348076399999968,44.04321200000004],[-73.348224099999982,44.044308900000033],[-73.348810399999934,44.043156500000066],[-73.349117299999989,44.041927900000076],[-73.349723299999937,44.041087400000038],[-73.350235898999983,44.040180600000042],[-73.350381299999981,44.039555300000075],[-73.350354963999962,44.038730813000029],[-73.350341230999959,44.038719583000045],[-73.350338268999963,44.038697434000028],[-73.350325138999949,44.038686183000038],[-73.350321559999941,44.038619517000029],[-73.350308835999954,44.03860828300003],[-73.350305562999949,44.038564017000056],[-73.350291482999978,44.038552689000028],[-73.350254820999965,44.038196511000081],[-73.350240828999972,44.038185183000053],[-73.350225203999969,44.037269734000063],[-73.350196474999962,44.037240091000058],[-73.350193234999949,44.037202201000071],[-73.350148866999973,44.037151809000079],[-73.350145769999983,44.03712721800008],[-73.350118004999956,44.037093299000048]]],[[[-73.348980335999954,44.036243801000069],[-73.348882499999945,44.036300400000073],[-73.348887838999985,44.036489783000036],[-73.348900552999964,44.036501018000081],[-73.348903745999962,44.036534182000025],[-73.348916770999949,44.036545517000036],[-73.348919831999979,44.036567582000032],[-73.348932852999951,44.036578818000066],[-73.348936044999959,44.036611982000068],[-73.348948678999989,44.036623318000068],[-73.348951846999967,44.036656483000058],[-73.348964968999951,44.036667717000057],[-73.348967930999947,44.036689866000074],[-73.348983560999955,44.036701101000062],[-73.348997191999956,44.036756736000029],[-73.349028240999985,44.03678794800004],[-73.349031263999962,44.036811983000064],[-73.349044352999954,44.036823217000062],[-73.349047552999934,44.036858457000051],[-73.349076047999972,44.036887943000067],[-73.349079281999934,44.036925722000035],[-73.349123729999974,44.036976100000061],[-73.349126786999989,44.037002777000055],[-73.349189740999975,44.037078501000053],[-73.349203255999953,44.037134000000037],[-73.349250534999953,44.037200718000065],[-73.349253559999966,44.037224729000059],[-73.349329868999973,44.037322717000052],[-73.349333330999968,44.037378283000066],[-73.34934603499994,44.037389535000045],[-73.349349030999974,44.037411682000027],[-73.349362062999944,44.037422918000061],[-73.349365464999948,44.037469155000053],[-73.349395146999939,44.03749950200006],[-73.349412865999966,44.037624104000031],[-73.349443731999941,44.037655190000066],[-73.349453883999956,44.037739271000078],[-73.349532199999942,44.03758700000003],[-73.349579999999946,44.03727310000005],[-73.349518300999989,44.037039100000072],[-73.348999998999943,44.036270000000059],[-73.348980335999954,44.036243801000069]]],[[[-73.322709999999972,44.035800000000052],[-73.32310739899998,44.036482100000057],[-73.323229799999979,44.03653010000005],[-73.323289999999986,44.036490000000072],[-73.323319999999967,44.036490000000072],[-73.323362267999983,44.036504064000042],[-73.323504299999968,44.03640020000006],[-73.323625594999953,44.036150439000039],[-73.323509999999942,44.036130000000071],[-73.323220000999981,44.036030000000039],[-73.323039999999935,44.035880000000077],[-73.322709999999972,44.035800000000052]]],[[[-73.402472399999965,44.034702100000061],[-73.402354500999934,44.034863600000051],[-73.401752699999975,44.035162700000058],[-73.401806600999976,44.035562000000027],[-73.401566899999978,44.035423300000048],[-73.401248998999961,44.035361800000032],[-73.400928198999964,44.035514000000035],[-73.400757099999964,44.035513900000069],[-73.400605699999971,44.035581300000047],[-73.40048829899996,44.03572980000007],[-73.400223499999981,44.035872400000073],[-73.400143999999955,44.036020400000041],[-73.39988459999995,44.036129300000027],[-73.399969199999987,44.036388400000078],[-73.399556699999948,44.036301800000047],[-73.399062899999933,44.036590500000045],[-73.399041399999987,44.036742300000071],[-73.398841499999946,44.03687780000007],[-73.398836399999936,44.036970500000052],[-73.39851699999997,44.03686870000007],[-73.398429499999963,44.036932600000057],[-73.398274999999956,44.036948500000051],[-73.398208199999942,44.037199500000042],[-73.398063099999945,44.037200000000041],[-73.398014399999965,44.037294300000042],[-73.397897199999989,44.037314400000071],[-73.397793299999989,44.037525300000027],[-73.397829399999978,44.037631500000032],[-73.397524099999941,44.037768200000073],[-73.397578299999964,44.037919900000077],[-73.397425399999975,44.037870500000054],[-73.397031599999934,44.037892200000044],[-73.396962500999962,44.037934200000052],[-73.396913499999982,44.038166000000047],[-73.396660299999951,44.038255800000059],[-73.396352499999978,44.038246900000047],[-73.396071198999948,44.038308400000062],[-73.395935999999949,44.038552400000071],[-73.395599999999945,44.038919400000054],[-73.395293899999956,44.039200600000072],[-73.395097998999972,44.039273100000059],[-73.394880099999966,44.039492900000027],[-73.394930000999977,44.039700000000039],[-73.39484239899997,44.039725000000033],[-73.394379999999956,44.040260000000046],[-73.394349999999974,44.040540000000078],[-73.394150000999957,44.040590000000066],[-73.394049999999936,44.040690000000041],[-73.394059999999968,44.040810000000079],[-73.393845799999951,44.041158300000063],[-73.393759299999942,44.04147880000005],[-73.393505999999945,44.041891300000032],[-73.392954799999984,44.042417600000078],[-73.392859999999985,44.042860000000076],[-73.392372899999941,44.043585200000052],[-73.392134599999963,44.044386300000042],[-73.391818399999977,44.044801100000029],[-73.39189609999994,44.045127200000081],[-73.392210999999975,44.045472800000027],[-73.392237299999977,44.045570800000064],[-73.392069099999958,44.045606300000031],[-73.391786699999955,44.045321100000081],[-73.391536899999949,44.045277500000054],[-73.391256399999975,44.045540800000026],[-73.39113999999995,44.04576000000003],[-73.390509999999949,44.046260000000075],[-73.390259799999967,44.046597000000077],[-73.390079999999955,44.046980000000076],[-73.38992989999997,44.04712180000007],[-73.389907966999942,44.047163451000074],[-73.390497399999958,44.04677410000005],[-73.390999699999952,44.046257500000081],[-73.392336999999941,44.045778900000073],[-73.392633199999977,44.04578790100004],[-73.392633498999942,44.04578790000005],[-73.392770200999962,44.045797700000037],[-73.393191201999969,44.046048997000071],[-73.393194061999964,44.046062986000038],[-73.393268881999973,44.046150624000063],[-73.393260517999977,44.046317876000046],[-73.393272561999936,44.046329035000042],[-73.393275936999942,44.04637338200007],[-73.393288968999968,44.046384618000047],[-73.393292058999975,44.046408746000054],[-73.393414999999948,44.046539500000051],[-73.393538899999953,44.046560900000031],[-73.393796799999961,44.046257800000035],[-73.393766349999964,44.046124377000069],[-73.393641252999942,44.046004636000077],[-73.393637978999948,44.045969417000038],[-73.393624931999966,44.045958265000081],[-73.393621868999958,44.045936118000043],[-73.393607909999957,44.045924891000027],[-73.393588899999941,44.045791300000076],[-73.393649598999957,44.045701700000052],[-73.393817499999955,44.045566600000029],[-73.394047800999942,44.045475700000054],[-73.394403200999989,44.045461600000067],[-73.394853697999963,44.045625133000044],[-73.394854869999961,44.045625292000068],[-73.395194699999934,44.04568958200008],[-73.395195048999938,44.045689597000035],[-73.395472898999969,44.045676300000025],[-73.395532271999969,44.045531018000077],[-73.395516766999947,44.045519898000066],[-73.395503038999948,44.045464243000026],[-73.395472114999961,44.04544314900005],[-73.395469166999987,44.045429271000046],[-73.395142099999987,44.045277500000054],[-73.394000400999971,44.045230900000035],[-73.39399818399994,44.04523081800005],[-73.393473600999982,44.045123612000054],[-73.393473375999974,44.045123602000047],[-73.393116582999937,44.045115005000071],[-73.393115097999953,44.045114898000065],[-73.392839400999947,44.045084000000031],[-73.392572199999961,44.044974300000035],[-73.392369851999945,44.044787768000049],[-73.392353045999982,44.044686408000075],[-73.392338824999968,44.044675182000049],[-73.392438699999957,44.044317700000079],[-73.392897798999968,44.044013100000029],[-73.393139399999939,44.043643400000065],[-73.393222799999933,44.043018500000073],[-73.39332909999996,44.042906300000027],[-73.393515123999975,44.042893718000073],[-73.393517303999943,44.042894128000057],[-73.393684999999948,44.042925700000069],[-73.394028299999945,44.043146000000036],[-73.394522399999971,44.043119800000056],[-73.394662401999938,44.04317461800008],[-73.394665333999967,44.043187624000041],[-73.394712143999982,44.043319000000054],[-73.394726368999955,44.043330218000051],[-73.394729431999963,44.043352365000032],[-73.394742468999937,44.043363518000035],[-73.394745530999955,44.043385565000051],[-73.394760799999972,44.043396702000052],[-73.394822750999936,44.043572681000057],[-73.394826236999961,44.043619082000077],[-73.394839266999952,44.04363023500008],[-73.39484233099995,44.043652382000062],[-73.394857237999986,44.043663603000027],[-73.39487206299998,44.043730200000027],[-73.395090499999981,44.043895700000064],[-73.395198599999958,44.04390600000005],[-73.395306199999936,44.043849400000056],[-73.395396799999958,44.043703700000037],[-73.395405039999957,44.043244838000078],[-73.395376559999988,44.04321536100008],[-73.395373469999981,44.043191418000049],[-73.395279199999948,44.043091700000048],[-73.395077399999934,44.043026300000065],[-73.394827499999963,44.042850000000044],[-73.394225048999942,44.042832295000039],[-73.394224398999938,44.04283223300007],[-73.394118802999969,44.042811157000074],[-73.394116099999962,44.042810539000072],[-73.39369817499994,44.04258205800005],[-73.393695238999953,44.042568050000057],[-73.393633443999988,44.042502493000029],[-73.393616742999939,44.042402415000026],[-73.393603713999937,44.042391274000067],[-73.393672299999935,44.042078700000047],[-73.394246199999941,44.041193600000042],[-73.394439399999953,44.040690400000074],[-73.394909299999938,44.040073600000028],[-73.39547239999996,44.039511800000071],[-73.396344599999964,44.038914100000056],[-73.396541098999933,44.038634000000059],[-73.396599199999969,44.03839940000006],[-73.396859800999948,44.038252400000033],[-73.397169712999982,44.038250116000029],[-73.39717170199998,44.038250400000038],[-73.397308499999951,44.038304700000026],[-73.397436399999947,44.038560100000041],[-73.397592602999964,44.038679696000031],[-73.397595532999958,44.038694523000061],[-73.39776410099995,44.038780400000064],[-73.39791839999998,44.038779200000079],[-73.397961940999949,44.038587651000057],[-73.397777048999956,44.038447911000048],[-73.398000599999989,44.038076200000035],[-73.398012540999957,44.037898024000071],[-73.397999209999966,44.037886791000062],[-73.398010699999986,44.037708400000042],[-73.398317499999962,44.037583400000074],[-73.398376499999983,44.037382200000025],[-73.398592699999938,44.037369400000046],[-73.398688715999981,44.037468082000032],[-73.398704347999967,44.037547567000047],[-73.398737937999954,44.037614378000058],[-73.398766685999988,44.037634714000035],[-73.398769647999984,44.037646600000073],[-73.398874798999941,44.037645800000064],[-73.398981899999967,44.037555800000064],[-73.399072699999977,44.037454800000035],[-73.399085053999954,44.037321026000029],[-73.399072515999933,44.037309788000073],[-73.399051768999982,44.03707601800005],[-73.399038827999959,44.037064782000073],[-73.399063799999965,44.036864100000059],[-73.399293200999978,44.036694900000043],[-73.399523399999964,44.036604000000068],[-73.399863499999981,44.036612500000047],[-73.400048199999958,44.036555300000032],[-73.400166099999979,44.036175300000025],[-73.400455699999952,44.03591670000003],[-73.400993199999959,44.035700700000064],[-73.40121112199995,44.035699109000063],[-73.401212301999976,44.035699194000074],[-73.401473099999976,44.03575260000008],[-73.401722499999948,44.03589560000006],[-73.401954399999966,44.035893800000053],[-73.402091699999971,44.035792300000026],[-73.40208679999995,44.035469100000057],[-73.402147199999945,44.035368300000073],[-73.402453799999989,44.035221000000035],[-73.402639798999985,44.035219617000052],[-73.402642104999984,44.035220000000038],[-73.402873099999965,44.035339656000076],[-73.403033329999971,44.03553960000005],[-73.403097316999947,44.03569518200004],[-73.403110268999967,44.035706418000075],[-73.403113460999975,44.035730544000046],[-73.403144486999963,44.035761749000073],[-73.403158491999989,44.035817302000055],[-73.403205751999963,44.035883918000025],[-73.403208697999958,44.035894982000059],[-73.403270838999958,44.035972230000027],[-73.403285858999936,44.036039196000047],[-73.403474799999969,44.036294200000043],[-73.403708199999983,44.036415000000034],[-73.403847299999939,44.03641390000007],[-73.403939299999934,44.036357300000077],[-73.403951010999947,44.03603410900007],[-73.403946001999941,44.03602290300006],[-73.40393710099994,44.036027800000056],[-73.403566299999966,44.035372600000073],[-73.403302699999983,44.035075000000063],[-73.403063000999964,44.034894000000065],[-73.402838699999961,44.034813000000042],[-73.402664798999979,44.03481620000008],[-73.402472399999965,44.034702100000061]]],[[[-73.40623510599994,44.034601696000038],[-73.406786199999942,44.035599200000036],[-73.407303599999977,44.036085400000047],[-73.407632871999965,44.036619520000045],[-73.407652068999937,44.036640118000037],[-73.407655168999952,44.036664900000062],[-73.407841297999937,44.036905224000066],[-73.407844274999945,44.036919182000076],[-73.408094266999967,44.037258928000028],[-73.408097260999966,44.037272874000053],[-73.408235596999987,44.037425106000057],[-73.408238564999976,44.037439284000072],[-73.408329938999941,44.037525626000047],[-73.408332931999951,44.037539499000047],[-73.408377098999949,44.037579853000068],[-73.408380169999987,44.037594683000066],[-73.408502270999975,44.037679555000068],[-73.408505270999967,44.037694062000071],[-73.408658528999979,44.037800937000043],[-73.408661532999986,44.037815623000029],[-73.409299999999973,44.038120000000049],[-73.408859999999947,44.037700000000029],[-73.408519999999953,44.037550000000067],[-73.408529999999985,44.037450000000035],[-73.408339999999953,44.03708400000005],[-73.408150899999953,44.036844500000029],[-73.408079999999984,44.036720000000059],[-73.407669999999939,44.036440000000027],[-73.407552499999952,44.036182900000028],[-73.407210000999953,44.035930000000064],[-73.407227000999967,44.035838700000056],[-73.406790599999965,44.035085600000059],[-73.406559999999956,44.034960000000069],[-73.40623510599994,44.034601696000038]]],[[[-73.390565598999956,44.034129500000063],[-73.390001999999981,44.034950000000038],[-73.389174299999979,44.035253300000079],[-73.389066699999944,44.035443500000042],[-73.388764499999979,44.035696300000041],[-73.388876999999979,44.035976600000026],[-73.388801099999966,44.036255200000028],[-73.388811498999985,44.036353400000053],[-73.38889839999996,44.035962600000062],[-73.389048799999955,44.035693800000047],[-73.389506400999949,44.035300200000052],[-73.389920899999936,44.035118600000033],[-73.391074599999968,44.034764100000075],[-73.391242899999952,44.034651300000064],[-73.391329599999949,44.034344000000033],[-73.390565598999956,44.034129500000063]]],[[[-73.322770000999981,44.033580000000029],[-73.322699999999941,44.033590000000061],[-73.322695998999961,44.033590000000061],[-73.322171399999945,44.034355300000072],[-73.322133170999962,44.034561831000076],[-73.322139043999982,44.034583797000039],[-73.322141636999959,44.034593627000049],[-73.322146798999938,44.034613100000058],[-73.322149756999977,44.034638141000073],[-73.322171186999981,44.034690089000037],[-73.322196194999947,44.034827101000076],[-73.322287888999938,44.035046975000057],[-73.322515399999986,44.034643800000026],[-73.323189998999965,44.03383000000008],[-73.323090000999969,44.03365000000008],[-73.322770000999981,44.033580000000029]]],[[[-73.403265599999941,44.033512200000075],[-73.402999899999941,44.033522300000072],[-73.402538099999958,44.033637400000032],[-73.401646280999955,44.033968387000073],[-73.400714321999942,44.03458889400008],[-73.400862698999958,44.034683400000063],[-73.401609999999948,44.034150000000068],[-73.401939999999968,44.034090000000049],[-73.40201990199995,44.034072878000075],[-73.402219999999943,44.03403000000003],[-73.402739999999937,44.03383000000008],[-73.40297419999996,44.033680400000037],[-73.40297929999997,44.033621400000072],[-73.403265599999941,44.033512200000075]]],[[[-73.405199699999969,44.033249500000068],[-73.405008498999962,44.033270600000037],[-73.404164299999934,44.033725900000036],[-73.403707699999984,44.034025100000065],[-73.40342439899996,44.034339099000078],[-73.40337059999996,44.034662900000058],[-73.403642899999966,44.035140400000046],[-73.403633799999966,44.035381100000052],[-73.403791099999978,44.03555700000004],[-73.403814499999953,44.035584000000028],[-73.40380511099994,44.035533706000081],[-73.403790213999969,44.035522482000033],[-73.403786568999976,44.035467018000077],[-73.40377104199996,44.035455798000044],[-73.40375734099996,44.035400301000038],[-73.403741748999948,44.035389165000026],[-73.403738478999969,44.03535591800005],[-73.403725531999953,44.035344682000073],[-73.403722368999979,44.035322519000033],[-73.403709818999971,44.035311363000062],[-73.403706282999963,44.03526701800007],[-73.403693330999943,44.035255782000036],[-73.40369020299994,44.035233618000063],[-73.403677637999976,44.035222463000025],[-73.403674162999948,44.035178118000033],[-73.403661230999944,44.035166882000055],[-73.40365806899996,44.035144718000026],[-73.403645123999979,44.035133564000034],[-73.403641746999938,44.035098272000027],[-73.40361100299998,44.035067257000037],[-73.403580078999937,44.03493360300007],[-73.403516623999963,44.034811264000041],[-73.403571899999974,44.034554400000047],[-73.403889599999957,44.034409609000079],[-73.404306499999961,44.034102700000062],[-73.405199699999969,44.033249500000068]]],[[[-73.406571099999951,44.033060900000066],[-73.406989899999985,44.033784200000071],[-73.407370699999944,44.034168900000054],[-73.407464699999935,44.034354000000064],[-73.407701199999963,44.034538700000041],[-73.407813300999976,44.034740400000032],[-73.407949003999988,44.034831705000045],[-73.407553499999949,44.034244200000046],[-73.406571099999951,44.033060900000066]]],[[[-73.403909199999987,44.030326900000034],[-73.403740599999935,44.030417400000033],[-73.403712699999971,44.030607200000077],[-73.40377669999998,44.03074040000007],[-73.404059299999972,44.031050400000026],[-73.404526699999963,44.031303000000037],[-73.404823399999941,44.031512500000076],[-73.404864671999974,44.031601969000064],[-73.40486999999996,44.031570000000045],[-73.404839998999989,44.031530000000032],[-73.404989999999941,44.031440000000032],[-73.405520000999957,44.031670000000076],[-73.405516799999987,44.031373200000075],[-73.405726799999968,44.030981300000064],[-73.405662999999947,44.030837000000076],[-73.405507099999966,44.030737800000054],[-73.404335299999957,44.030379900000071],[-73.40412809999998,44.030336200000079],[-73.404111993999948,44.030332292000026],[-73.403909199999987,44.030326900000034]]],[[[-73.388366399999938,44.029322900000068],[-73.388073900999984,44.029392200000075],[-73.388001770999949,44.029540266000026],[-73.388046100999986,44.029590468000038],[-73.388049074999969,44.029606157000046],[-73.388233299999968,44.029725300000052],[-73.388484701999971,44.02980180000003],[-73.38855949699996,44.029822933000048],[-73.388560653999946,44.029823090000036],[-73.388709301999938,44.02985189900005],[-73.388637399999936,44.029393500000026],[-73.38862921499998,44.029342597000038],[-73.388366399999938,44.029322900000068]]],[[[-73.321451029999935,44.028715158000068],[-73.321450536999976,44.028715206000072],[-73.320762930999933,44.02878172700008],[-73.32084999999995,44.029270000000054],[-73.320729999999969,44.029430000000048],[-73.320725700999958,44.029490900000042],[-73.320727907999981,44.029498498000066],[-73.320757889999982,44.029574037000032],[-73.320764919999988,44.029607540000029],[-73.320790484999975,44.029664460000049],[-73.320814365999979,44.029788751000069],[-73.320835633999934,44.029844732000072],[-73.320868552999968,44.030152806000046],[-73.320875782999963,44.030177522000031],[-73.320877150999934,44.030182271000058],[-73.320883599999945,44.030206130000067],[-73.320886653999935,44.030232369000032],[-73.320904016999975,44.03028348600003],[-73.320933399999944,44.030600000000049],[-73.320935199999951,44.030600000000049],[-73.321160000999953,44.030660000000069],[-73.321309999999983,44.030770000000075],[-73.321299998999962,44.030990000000031],[-73.321199999999976,44.031210000000044],[-73.321350000999985,44.031520000000057],[-73.321329999999989,44.031746000000055],[-73.321334727999954,44.031762791000062],[-73.321335700999953,44.031766160000075],[-73.321339599999988,44.03177960000005],[-73.321659998999962,44.031620000000032],[-73.321750000999941,44.031410000000051],[-73.321739999999977,44.031250000000057],[-73.321859998999969,44.031480000000045],[-73.321619999999939,44.031780000000026],[-73.32153999999997,44.032080000000065],[-73.321550000999935,44.032170000000065],[-73.321719999999971,44.032260000000065],[-73.321729999999945,44.032530000000065],[-73.321693599999946,44.032584700000029],[-73.321862199999941,44.032714000000055],[-73.322272599999962,44.032944600000064],[-73.322760498999969,44.033137300000078],[-73.322824559999958,44.033227203000081],[-73.322828139999956,44.033241798000063],[-73.322836022999979,44.033265567000058],[-73.322832907999953,44.033341570000061],[-73.32287359999998,44.03334540000003],[-73.323248699999965,44.033525700000041],[-73.323382599999945,44.033649800000035],[-73.323390198999959,44.033778500000039],[-73.32320999999996,44.034170000000074],[-73.322725098999967,44.034765600000071],[-73.322557099999983,44.035141800000076],[-73.322549899999956,44.035402000000033],[-73.322651499999949,44.035539200000073],[-73.322864099999947,44.035652800000037],[-73.322743799999955,44.035461700000042],[-73.322810899999979,44.03538750000007],[-73.323234599999978,44.035736700000029],[-73.323214699999937,44.035793500000068],[-73.323289999999986,44.035850000000039],[-73.323599999999942,44.035970000000077],[-73.323657018999938,44.035980326000072],[-73.323671889999957,44.035165656000061],[-73.323666242999934,44.035144453000044],[-73.323663752999948,44.035135098000069],[-73.323658574999968,44.035115502000053],[-73.323654745999988,44.035032854000065],[-73.323637430999952,44.034981644000027],[-73.323621953999975,44.034830800000066],[-73.323615057999973,44.034807173000047],[-73.323613340999941,44.034801247000075],[-73.323607074999984,44.034777914000074],[-73.323603446999982,44.03470681400006],[-73.323585162999962,44.034655647000079],[-73.323571757999957,44.034550437000064],[-73.323564078999937,44.034524740000052],[-73.323563110999942,44.034521406000067],[-73.323556377999978,44.034496570000044],[-73.323553520999951,44.034480310000049],[-73.323547530999974,44.034457972000041],[-73.323545053999965,44.034448698000062],[-73.323539879999942,44.034429116000069],[-73.323537038999973,44.034414336000054],[-73.32351923799996,44.034364929000049],[-73.323488525999949,44.034145808000062],[-73.323480278999966,44.034119008000062],[-73.323480047999965,44.034118216000081],[-73.323472776999949,44.034091542000056],[-73.323469442999965,44.034042816000067],[-73.323452248999956,44.033991830000048],[-73.323418404999984,44.033638646000043],[-73.323403059999976,44.033584879000045],[-73.323400120999963,44.033568759000048],[-73.323378070999979,44.033502177000059],[-73.323375496999972,44.033492301000081],[-73.323370270999987,44.033472601000028],[-73.323367225999959,44.03344510800008],[-73.323361447999957,44.033423619000075],[-73.323358994999978,44.033415202000072],[-73.32331454499996,44.033294691000037],[-73.323304562999965,44.03323666600005],[-73.323212546999969,44.033035258000041],[-73.323211128999958,44.033029630000044],[-73.323038005999933,44.032728199000076],[-73.323034870999948,44.032715469000038],[-73.322827745999973,44.03230551200005],[-73.322825672999954,44.032297164000056],[-73.322461898999961,44.031718401000035],[-73.322458800999982,44.031705800000054],[-73.322256516999971,44.03133755500005],[-73.322248194999986,44.03129646800005],[-73.322191401999987,44.031174061000058],[-73.322182684999973,44.031127548000029],[-73.322144013999946,44.031038753000075],[-73.322132797999984,44.030967675000056],[-73.322092513999962,44.030869948000031],[-73.322085468999944,44.030835828000079],[-73.321979227999975,44.030571484000063],[-73.321976753999934,44.030562198000041],[-73.321971563999966,44.030542775000072],[-73.321968655999967,44.030529221000052],[-73.321945482999979,44.030476779000026],[-73.321923302999949,44.030375199000048],[-73.321923291999951,44.030375166000056],[-73.321905676999961,44.030317610000054],[-73.32190282199997,44.030301512000051],[-73.321896830999947,44.030279172000064],[-73.321894353999937,44.030269898000029],[-73.321889182999939,44.030250584000044],[-73.32188623899998,44.030235498000025],[-73.321867954999959,44.030184276000057],[-73.321854807999955,44.030081348000067],[-73.321832089999987,44.03002749400008],[-73.321791484999949,44.029836154000066],[-73.321773479999933,44.02977793000008],[-73.321770600999969,44.029761675000032],[-73.321764649999977,44.029739527000061],[-73.321762399999955,44.029731689000073],[-73.321717201999945,44.029611561000081],[-73.321708217999969,44.029563521000057],[-73.321683157999985,44.029481214000043],[-73.321680944999969,44.029473599000028],[-73.321599037999988,44.02928427900008],[-73.321580294999933,44.029208101000052],[-73.321580214999983,44.029207789000054],[-73.321535517999962,44.02911595300003],[-73.321497988999965,44.028948254000056],[-73.321476303999987,44.028891546000068],[-73.321461302999978,44.028752100000077],[-73.321454075999952,44.028727404000051],[-73.32145268499994,44.028722610000045],[-73.321451029999935,44.028715158000068]]],[[[-73.399988298999972,44.025302800000077],[-73.39948499999997,44.02562000000006],[-73.399112299999956,44.025761000000045],[-73.399344298999949,44.025770300000033],[-73.39952859999994,44.025713200000041],[-73.399879999999939,44.025442800000064],[-73.400111399999957,44.025429900000063],[-73.400126399999976,44.02533260000007],[-73.399988298999972,44.025302800000077]]],[[[-73.38943519999998,44.023295100000041],[-73.389236399999959,44.023452700000064],[-73.389238799999987,44.023608800000034],[-73.389411698999936,44.023808100000053],[-73.389630699999941,44.023984700000028],[-73.39001959999996,44.024160000000052],[-73.390561999999989,44.024278400000071],[-73.390948199999968,44.024275400000079],[-73.391565299999968,44.024226000000056],[-73.392058399999939,44.024121900000068],[-73.392228798999952,44.024154000000067],[-73.392415799999981,44.024275200000034],[-73.392635300999984,44.024307699000076],[-73.392613900999947,44.024299700000029],[-73.392244399999981,44.02412350000003],[-73.391665897999985,44.023706603000051],[-73.39166849999998,44.023879700000066],[-73.391607499999964,44.023947100000044],[-73.391438599999958,44.024015200000065],[-73.391098899999974,44.024029000000041],[-73.390773499999966,44.023953600000027],[-73.389931399999966,44.023425100000054],[-73.389651599999979,44.023326800000063],[-73.38943519999998,44.023295100000041]]],[[[-73.396166217999962,44.021491714000035],[-73.395309750999957,44.021576546000063],[-73.396103499999981,44.021916600000054],[-73.39620199899997,44.021907900000031],[-73.396189999999933,44.021841900000027],[-73.396530999999982,44.021658401000025],[-73.396166217999962,44.021491714000035]]],[[[-73.398286320999944,44.021394966000059],[-73.397684097999957,44.021412697000073],[-73.398506773999941,44.021897377000073],[-73.398776799999951,44.021717900000056],[-73.398519999999962,44.021610000000067],[-73.398286320999944,44.021394966000059]]]]},"properties":{"OBJECTID":2,"OBJECTID_1":409,"Jurisdiction_District_Name":"Addison Flood Hazard Area Overlay District","County":"Addison","Jurisdiction":"Addison ","Abbreviated_District_Name":"Fho","District_Name":"Flood Hazard Area Overlay District","District_Mapped":"Yes","Overlay_District":"Yes","Extinct_District":null,"District_Type":"Overlay not Affecting Use","Affordable_Housing_District":"No","Elderly_Housing_District":"No","F1F_Allowance":"Overlay","F2F_Allowance":"Overlay","F3F_Allowance":"Overlay","F4F_Allowance":"Overlay","F5F_Allowance":null,"ADU_Allowance":"Not Mentioned","Affordable_Housing_Allowance":"Not Mentioned","PRD_Allowance":"Not Mentioned","NOTES":"None","F1F_Min_Lot":null,"F1F_Front_Setback":null,"F1F_Side_Setback":null,"F1F_Rear_Setback":null,"F1F_Frontage":null,"F1F_Max_Lot_Building_Coverage":null,"F1F_Max_Lot_Impervious_Coverage":null,"F1F_Min_Parking_Spaces":null,"F1F_Max_Stories":null,"F1F_Max_Height":null,"F1F_Floor_to_Area_Ratio":null,"F1F_Min_Unit_Size":null,"F2F_Affordable_Housing_Only":"No","F2F_Elderly_Housing_Only":"No","F2F_Min_Lot_Size":null,"F2F_Max_Density":null,"F2F_Front_Setback":null,"F2F_Side_Setback":null,"F2F_Rear_Setback":null,"F2F_Frontage":null,"F2F_Max_Lot_Building_Coverage":null,"F2F_Max_Lot_Impervious_Coverage":null,"F2F_Min_Parking_Spaces_per_1BR":null,"F2F_Min_Parking_Spaces_per_mult_BR":null,"F2F_Max_Stories":null,"F2F_Max_Height":null,"F2F_Floor_to_Area_Ratio":null,"F2F_Min_Unit_Size":null,"F3F_Affordable_Housing_Only":"No","F3F_Elderly_Housing_Only":"No","F3F_Min_Lot_Size":null,"F3F_Max_Density":null,"F3F_Front_Setback":null,"F3F_Side_Setback":null,"F3F_Rear_Setback":null,"F3F_Frontage":null,"F3F_Max_Lot_Building_Coverage":null,"F3F_Max_Lot_Impervious_Coverage":null,"F3F_Min_Parking_Spaces_per_1BR":null,"F3F_Min_Parking_Spaces_per_mult_BR":null,"F3F_Connection_to_Sewage_Water_Required":"No","F3F_Proximity_to_Public_Transit_Required":"No","F3F_Max_Stories":null,"F3F_Max_Height":null,"F3F_Floor_to_Area_Ratio":null,"F3F_Min_Unit_Size":null,"F3F_Max_Bedrooms":null,"F4F_Affordable_Housing_Only":"No","F4F_Elderly_Housing_Only":"No","F4F_Min_Lot_Size":null,"F4F_Max_Density":null,"F4F_Front_Setback":null,"F4F_Side_Setback":null,"F4F_Rear_Setback":null,"F4F_Frontage":null,"F4F_Max_Lot_Building_Coverage":null,"F4F_Max_Lot_Impervious_Coverage":null,"F4F_Min_Parking_Spaces_per_1BR":null,"F4F_Min_Parking_Spaces_per__mult_BR":null,"F4F_Connection_to_Sewage_Water_Required":"No","F4F_Proximity_to_Public_Transit_Required":"No","F4F_Max_Stories":null,"F4F_Max_Height":null,"F4F_Floor_to_Area_Ratio":null,"F4F_Min_Unit_Size":null,"F4F_Max_Bedrooms":null,"F4F_Max_Units_per_Building":null,"F5F_Affordable_Housing_Only":null,"F5F_Elderly_Housing_Only":null,"F5F_Min_Lot_Size":null,"F5F_Max_Density":null,"F5F_Front_Setback":null,"F5F_Side_Setback":null,"F5F_Rear_Setback":null,"F5F_Frontage":null,"F5F_Max_Lot_Building_Coverage":null,"F5F_Max__Lot_Impervious_Coverage":null,"F5F_Min_Parking_Spaces_per_1BR":null,"F5F_Min_Parking_Spaces_per_mult_BR":null,"F5F_Connection_to_Sewage_Water_Required":null,"F5F_Proximity_to_Public_Transit_Required":null,"F5F_Max_Stories":null,"F5F_Max_Height":null,"F5F_Floor_to_Area_Ratio":null,"F5F_Min_Unit_Size":null,"F5F_Max_Bedrooms":null,"F5F_Max_Units_per_Building":null,"Affordable_Housing_Definition":null,"Affordable_Housing_Elderly_Only":"No","Affordable_Housing_Min_Lot_Size":null,"Affordable_Housing_Max_Density":null,"Affordable_Housing_Min_Parking_Spaces_per_1BR":null,"Affordable_Housing_Min_Parking_Spaces_per_mult_BR":null,"Affordable_Housing_Min_Unit_Size":null,"Affordable_Housing_Max_Bedrooms":null,"Affordable_Housing_Max_Units_per_Building":null,"ADU_Employee_or_Family_Occupancy_Required":"No","ADU_Renter_Occupancy_Prohibited":"No","ADU_Owner_Occupancy_Required":"No","ADU_Elderly_Housing_Only":"No","ADU_Min_Lot_Size":null,"ADU_Min_Parking_Spaces":null,"ADU_Restricted_to_Primary_Structure":"No","ADU_Max_Size_as_Percent_of_Primary_Strcture":null,"ADU_Max_Size_in_sq_ft":null,"ADU_Max_Bedrooms":null,"PRD_Mobile_or_Manufactured_Home_Park":"No","PRD_Min_Lot_Size":null,"PRD_Max_Density":null,"PRD_Max_Units":null,"PUD_Required_with_Subdivision":null,"PUD_Threshold_Number":null,"PUD_Allowance":null,"PUD_Requires_Land_Conservation":null,"Base_Density":null,"CONDITIONAL_1F_Min_Lot":null,"CONDITIONAL_1F_Front_Setback":null,"CONDITIONAL_1F_Side_Setback":null,"CONDITIONAL_1F_Rear_Setback":null,"CONDITIONAL_1F_Frontage":null,"CONDITIONAL_1F_Max_Lot_Building_Coverage":null,"CONDITIONAL_1F_Max_Lot_Impervious_Coverage":null,"CONDITIONAL_1F_Min_Parking_Spaces":null,"CONDITIONAL_1F_Max_Stories":null,"CONDITIONAL_1F_Max_Height":null,"CONDITIONAL_1F_Floor_to_Area_Ratio":null,"CONDITIONAL_1F_Min_Unit_Size":null,"CONDITIONAL_2F_Affordable_Housing_Only":null,"CONDITIONAL_2F_Elderly_Housing_Only":null,"CONDITIONAL_2F_Min_Lot_Size":null,"CONDITIONAL_2F_Max_Density":null,"CONDITIONAL_2F_Front_Setback":null,"CONDITIONAL_2F_Side_Setback":null,"CONDITIONAL_2F_Rear_Setback":null,"CONDITIONAL_2F_Frontage":null,"CONDITIONAL_2F_Max_Lot_Building_Coverage":null,"CONDITIONAL_2F_Max_Lot_Impervious_Coverage":null,"CONDITIONAL_2F_Min_Parking_Spaces_per_1BR":null,"CONDITIONAL_2F_Min_Parking_Spaces_per_mult_BR":null,"CONDITIONAL_2F_Max_Stories":null,"CONDITIONAL_2F_Max_Height":null,"CONDITIONAL_2F_Floor_to_Area_Ratio":null,"CONDITIONAL_2F_Min_Unit_Size":null,"CONDITIONAL_3F_Affordable_Housing_Only":null,"CONDITIONAL_3F_Elderly_Housing_Only":null,"CONDITIONAL_3F_Min_Lot_Size":null,"CONDITIONAL_3F_Max_Density":null,"CONDITIONAL_3F_Front_Setback":null,"CONDITIONAL_3F_Side_Setback":null,"CONDITIONAL_3F_Rear_Setback":null,"CONDITIONAL_3F_Frontage":null,"CONDITIONAL_3F_Max_Lot_Building_Coverage":null,"CONDITIONAL_3F_Max_Lot_Impervious_Coverage":null,"CONDITIONAL_3F_Min_Parking_Spaces_per_1BR":null,"CONDITIONAL_3F_Min_Parking_Spaces_per_mult_BR":null,"CONDITIONAL_3F_Connection_to_Sewage_Water_Required":null,"CONDITIONAL_3F_Proximity_to_Public_Transit_Required":null,"CONDITIONAL_3F_Max_Stories":null,"CONDITIONAL_3F_Max_Height":null,"CONDITIONAL_3F_Floor_to_Area_Ratio":null,"CONDITIONAL_3F_Min_Unit_Size":null,"CONDITIONAL_3F_Max_Bedrooms":null,"CONDITIONAL_4F_Affordable_Housing_Only":null,"CONDITIONAL_4F_Elderly_Housing_Only":null,"CONDITIONAL_4F_Min_Lot_Size":null,"CONDITIONAL_4F_Max_Density":null,"CONDITIONAL_4F_Front_Setback":null,"CONDITIONAL_4F_Side_Setback":null,"CONDITIONAL_4F_Rear_Setback":null,"CONDITIONAL_4F_Frontage":null,"CONDITIONAL_4F_Max_Lot_Building_Coverage":null,"CONDITIONAL_4F_Max_Lot_Impervious_Coverage":null,"CONDITIONAL_4F_Min_Parking_Spaces_per_1BR":null,"CONDITIONAL_4F_Min_Parking_Spaces_per__mult_BR":null,"CONDITIONAL_4F_Connection_to_Sewage_Water_Required":null,"CONDITIONAL_4F_Proximity_to_Public_Transit_Required":null,"CONDITIONAL_4F_Max_Stories":null,"CONDITIONAL_4F_Max_Height":null,"CONDITIONAL_4F_Floor_to_Area_Ratio":null,"CONDITIONAL_4F_Min_Unit_Size":null,"CONDITIONAL_4F_Max_Bedrooms":null,"CONDITIONAL_4F_Max_Units_per_Building":null,"CONDITIONAL_5F_Affordable_Housing_Only":null,"CONDITIONAL_5F_Elderly_Housing_Only":null,"CONDITIONAL_5F_Min_Lot_Size":null,"CONDITIONAL_5F_Max_Density":null,"CONDITIONAL_5F_Front_Setback":null,"CONDITIONAL_5F_Side_Setback":null,"CONDITIONAL_5F_Rear_Setback":null,"CONDITIONAL_5F_Frontage":null,"CONDITIONAL_5F_Max_Lot_Building_Coverage":null,"CONDITIONAL_5F_Max__Lot_Impervious_Coverage":null,"CONDITIONAL_5F_Min_Parking_Spaces_per_1BR":null,"CONDITIONAL_5F_Min_Parking_Spaces_per_mult_BR":null,"CONDITIONAL_5F_Connection_to_Sewage_Water_Required":null,"CONDITIONAL_5F_Proximity_to_Public_Transit_Required":null,"CONDITIONAL_5F_Max_Stories":null,"CONDITIONAL_5F_Max_Height":null,"CONDITIONAL_5F_Floor_to_Area_Ratio":null,"CONDITIONAL_5F_Min_Unit_Size":null,"CONDITIONAL_5F_Max_Bedrooms":null,"CONDITIONAL_5F_Max_Units_per_Building":null,"CONDITIONAL_Affordable_Housing_Definition":null,"CONDITIONAL_Affordable_Housing_Elderly_Only":null,"CONDITIONAL_Affordable_Housing_Min_Lot_Size":null,"CONDITIONAL_Affordable_Housing_Max_Density":null,"CONDITIONAL_Affordable_Housing_Min_Parking_Spaces_per_1BR":null,"CONDITIONAL_Affordable_Housing_Min_Parking_Spaces_per_mult_BR":null,"CONDITIONAL_Affordable_Housing_Min_Unit_Size":null,"CONDITIONAL_Affordable_Housing_Max_Bedrooms":null,"CONDITIONAL_Affordable_Housing_Max_Units_per_Building":null,"CONDITIONAL_ADU_Employee_or_Family_Occupancy_Required":null,"CONDITIONAL_ADU_Renter_Occupancy_Prohibited":null,"CONDITIONAL_ADU_Owner_Occupancy_Required":null,"CONDITIONAL_ADU_Elderly_Housing_Only":null,"CONDITIONAL_ADU_Min_Lot_Size":null,"CONDITIONAL_ADU_Min_Parking_Spaces":null,"CONDITIONAL_ADU_Restricted_to_Primary_Structure":null,"CONDITIONAL_ADU_Max_Size_as_Percent_of_Primary_Strcture":null,"CONDITIONAL_ADU_Max_Size_in_sq_ft":null,"CONDITIONAL_ADU_Max_Bedrooms":null,"CONDITIONAL_PRD_Mobile_or_Manufactured_Home_Park":null,"CONDITIONAL_PRD_Min_Lot_Size":null,"CONDITIONAL_PRD_Max_Density":null,"CONDITIONAL_PRD_Max_Units":null,"CONDITIONAL_PUD_Required_with_Subdivision":null,"CONDITIONAL_PUD_Threshold_Number":null,"CONDITIONAL_PUD_Allowance":null,"CONDITIONAL_PUD_Requires_Land_Conservation":null,"Bylaw_Date":"2023-08-15","RPC":"ACRPC","Version":1,"Acres":385.0909115947556,"Shape_Length":0.82329777149045169,"Shape_Area":0.00017510181611082688}},{"type":"Feature","id":3,"geometry":{"type":"MultiPolygon","coordinates":[[[[-73.263916600999949,44.119714700000031],[-73.265058599999975,44.122663800000055],[-73.265981291999935,44.122569537000061],[-73.266258085999937,44.122492496000064],[-73.266787739999984,44.122416807000036],[-73.266423499999974,44.122436700000037],[-73.266296299999965,44.122346100000073],[-73.264246899999989,44.119889000000057],[-73.263916600999949,44.119714700000031]]],[[[-73.263711900999965,44.119697900000062],[-73.263439499999947,44.119739500000037],[-73.263499999999965,44.119860000000074],[-73.263449999999978,44.120010000000036],[-73.263289999999984,44.120050000000049],[-73.263139499999966,44.119989800000042],[-73.262945500999933,44.120622800000035],[-73.262913909999952,44.121614894000061],[-73.262930390999941,44.12166991600003],[-73.262948703999939,44.12195197300008],[-73.26296554299995,44.122006547000069],[-73.262967857999968,44.122019242000079],[-73.262982045999934,44.122074047000069],[-73.262987253999938,44.122312029000057],[-73.262993111999947,44.12233543800005],[-73.262958780999952,44.122581484000079],[-73.262968033999982,44.122614232000046],[-73.262975763999975,44.122682696000027],[-73.26299002899998,44.122727154000074],[-73.261826398999972,44.122842800000058],[-73.261898198999972,44.122986400000059],[-73.264808099999982,44.122689500000035],[-73.264868999999976,44.122650800000031],[-73.263711900999965,44.119697900000062]]],[[[-73.264439999999979,44.117660000000058],[-73.264259999999979,44.11770000000007],[-73.264074699999981,44.117940300000043],[-73.264349999999979,44.117810000000077],[-73.264439999999979,44.117740000000026],[-73.264439999999979,44.117660000000058]]],[[[-73.348954700999968,44.100656500000071],[-73.348959999999977,44.100660000000062],[-73.348975841999959,44.100659070000063],[-73.348954700999968,44.100656500000071]]],[[[-73.297837299999969,44.098930600000074],[-73.293103999999971,44.099355100000025],[-73.277262099999973,44.100815000000068],[-73.268143399999985,44.101393900000062],[-73.268808699999965,44.10305210000007],[-73.269035899999949,44.103811200000052],[-73.268280500999936,44.108559000000071],[-73.266849099999945,44.111726600000054],[-73.264668399999948,44.115377800000033],[-73.263932800999953,44.116730200000063],[-73.263758199999984,44.117881300000079],[-73.263758271999961,44.11788133400006],[-73.263929862999987,44.117935299000067],[-73.263929898999947,44.117935300000056],[-73.264090000999943,44.117660000000058],[-73.26428999999996,44.117550000000051],[-73.264752656999974,44.117460937000033],[-73.264773499999933,44.117452600000036],[-73.266132299999981,44.116014500000063],[-73.266167483999936,44.11596363700005],[-73.266175199999964,44.115954101000057],[-73.266195299999936,44.115931300000057],[-73.26655889999995,44.115485800000044],[-73.266901098999938,44.114883200000065],[-73.266906561999974,44.114850549000039],[-73.267039999999952,44.114580000000046],[-73.266969999999958,44.114460000000065],[-73.26701000099996,44.114220000000046],[-73.267109999999946,44.114120000000071],[-73.267219999999952,44.114190000000065],[-73.267195331999972,44.11441265600007],[-73.267196899999988,44.114425200000028],[-73.268118399999935,44.112908700000048],[-73.268780699999979,44.111377800000071],[-73.269732399999953,44.109665300000074],[-73.270260398999937,44.108996900000079],[-73.270987599999955,44.108281000000034],[-73.270978269999944,44.108281956000042],[-73.27091409999997,44.108259800000042],[-73.271154398999954,44.107865400000037],[-73.271395300999984,44.107672501000025],[-73.271761099999935,44.106640200000072],[-73.271758692999981,44.106628802000046],[-73.271929499999942,44.106055200000071],[-73.272002999999984,44.10618960000005],[-73.272007599999938,44.106556400000045],[-73.272121099999936,44.10665490000008],[-73.272152299999959,44.10677830000003],[-73.272196599999972,44.107151800000054],[-73.272355199999936,44.107298700000058],[-73.273001799999975,44.107209400000045],[-73.273998399999982,44.107227900000055],[-73.274216199999955,44.107322201000045],[-73.274235299999987,44.107326995000051],[-73.27538039999996,44.106792600000063],[-73.275620699999934,44.106781100000035],[-73.275750190999986,44.106865501000073],[-73.275697899999955,44.107080600000074],[-73.275450499999977,44.107288700000026],[-73.274282899999946,44.107846000000052],[-73.273610400999985,44.108023700000047],[-73.272830699999986,44.108047100000078],[-73.271927499999947,44.108400300000028],[-73.271737499999972,44.108524900000077],[-73.271290900999986,44.109023400000069],[-73.27088619999995,44.109623600000077],[-73.270016899999973,44.110695500000077],[-73.26987349999996,44.111056700000063],[-73.269570299999941,44.11250380000007],[-73.269375399999944,44.11303410000005],[-73.268746599999986,44.114211200000057],[-73.26805430099995,44.115207800000064],[-73.267740299999957,44.115892000000031],[-73.266638898999986,44.117745700000057],[-73.266370099999961,44.118388800000048],[-73.266291355999954,44.119034377000048],[-73.266470899999945,44.119508100000076],[-73.267479713999933,44.121364216000075],[-73.267488077999985,44.12141550900003],[-73.267769209999983,44.12211205300008],[-73.26777769499995,44.122304720000045],[-73.278139102999944,44.121131548000051],[-73.293301329999963,44.119658780000066],[-73.293437099999949,44.118430500000045],[-73.293498699999986,44.118424600000026],[-73.293480299999942,44.114627400000074],[-73.293627199999946,44.113286000000073],[-73.294040398999982,44.111269200000038],[-73.294900199999972,44.108646700000065],[-73.295101699999975,44.10783900000007],[-73.295550799999944,44.104112800000053],[-73.295906299999956,44.102774000000068],[-73.296451799999943,44.101474300000064],[-73.296890599999983,44.100694600000054],[-73.298100399999953,44.09894150000008],[-73.297837299999969,44.098930600000074]]],[[[-73.384011499999986,44.09624720000005],[-73.37903179999995,44.096696200000054],[-73.373086399999977,44.096912400000065],[-73.370767499999943,44.097068300000046],[-73.361643299999969,44.097864700000059],[-73.360748699999988,44.097846600000025],[-73.358708999999976,44.097528700000055],[-73.358484199999964,44.097554400000035],[-73.35823709999994,44.097679600000049],[-73.358109099999979,44.097876800000051],[-73.357174599999951,44.104818600000044],[-73.356163399999957,44.113640400000065],[-73.362048625999989,44.11308043300005],[-73.367759649999982,44.112461683000049],[-73.378981507999981,44.111305538000067],[-73.380034199999955,44.110044000000073],[-73.381385299999977,44.108718200000055],[-73.382194899999945,44.107803500000045],[-73.383291500999974,44.10671080000003],[-73.38360769999997,44.106282500000077],[-73.384068999999954,44.105324500000052],[-73.384193799999935,44.104756800000075],[-73.384266999999966,44.103837800000065],[-73.384239598999955,44.102343500000075],[-73.38373439999998,44.098646500000029],[-73.384011499999986,44.09624720000005]]],[[[-73.311388099999988,44.092152100000078],[-73.311348299999963,44.092318900000066],[-73.30636869999995,44.092806000000053],[-73.303438799999981,44.093027600000028],[-73.302405399999941,44.093058400000075],[-73.301556699999935,44.093009800000061],[-73.300377499999968,44.096381400000041],[-73.302352799999937,44.096387600000071],[-73.303297199999975,44.096323400000074],[-73.311628699999972,44.095602600000063],[-73.311815399999944,44.095485000000053],[-73.311883800999965,44.095313300000043],[-73.311388099999988,44.092152100000078]]],[[[-73.321312799999987,44.087392500000078],[-73.312053299999945,44.088270200000068],[-73.311490699999979,44.09165820000004],[-73.312054800999988,44.095299100000034],[-73.311978599999975,44.09554920000005],[-73.311776599999973,44.095701600000041],[-73.311499099999935,44.09576700000008],[-73.30315939999997,44.096460300000047],[-73.302474699999948,44.096500500000047],[-73.300278899999967,44.096492500000068],[-73.299426400999948,44.09778840000007],[-73.298070099999961,44.099535700000047],[-73.296778999999958,44.101556300000027],[-73.296297798999944,44.102723100000048],[-73.295951999999943,44.10391450000003],[-73.29574390099998,44.105122400000027],[-73.29567579999997,44.106063400000039],[-73.301300999999967,44.10560490000006],[-73.302494599999989,44.10562630000004],[-73.312886599999956,44.104731400000048],[-73.317679799999951,44.104626500000052],[-73.317703199999983,44.10473410000003],[-73.312901899999986,44.104829500000051],[-73.302494499999966,44.105681600000025],[-73.301533900999971,44.105648500000029],[-73.302170199999978,44.109977000000072],[-73.302013299999942,44.110000300000081],[-73.301347099999987,44.105726000000061],[-73.295626899999945,44.106177800000069],[-73.295520499999952,44.107192800000064],[-73.295330599999943,44.108193500000027],[-73.294259399999987,44.111679200000026],[-73.293883298999958,44.113563400000032],[-73.293744099999969,44.115737100000047],[-73.293729861999964,44.119616722000046],[-73.311634929999968,44.11788338100007],[-73.32953890899995,44.116147241000078],[-73.32996880099995,44.115550800000051],[-73.329846799999984,44.115350500000034],[-73.329662398999972,44.115261600000053],[-73.328686399999981,44.115107100000046],[-73.328422198999988,44.114957300000071],[-73.328149999999937,44.115060000000028],[-73.328059999999937,44.115030000000047],[-73.327989999999943,44.114890000000059],[-73.328116099999988,44.114783900000077],[-73.327719999999943,44.114500000000078],[-73.327525100999935,44.114213200000052],[-73.326814099999979,44.113676100000077],[-73.326992799999971,44.113617100000056],[-73.326979499999936,44.11353100000008],[-73.326464299999941,44.113252100000068],[-73.325962699999934,44.11306170000006],[-73.325390299999981,44.113046000000054],[-73.325127299999963,44.112993900000049],[-73.324824098999954,44.112749558000075],[-73.324851699999954,44.112517600000047],[-73.325132199999985,44.112345300000072],[-73.325531099999978,44.112321800000075],[-73.326098399999978,44.112441900000078],[-73.32702919999997,44.112875600000052],[-73.328242499999988,44.113732500000026],[-73.32907339999997,44.114211500000067],[-73.329748663999965,44.114413195000054],[-73.329748700999971,44.114413200000058],[-73.330041699999981,44.114143500000068],[-73.329881300999944,44.113773600000059],[-73.330572500999949,44.113535900000045],[-73.330752400999984,44.112943100000052],[-73.330721998999934,44.111360700000034],[-73.329699200999983,44.110897800000032],[-73.329488199999957,44.110272400000042],[-73.329172599999936,44.109898300000054],[-73.328495199999963,44.10988320000007],[-73.327941099999975,44.108809300000075],[-73.32761279999994,44.108470400000044],[-73.328140699999949,44.108320200000037],[-73.327760299999966,44.107809800000041],[-73.327222099999972,44.107285600000068],[-73.326641699999982,44.106897200000049],[-73.325922699999978,44.106698300000062],[-73.325727799999981,44.106560900000034],[-73.325563250999949,44.10634789900007],[-73.325555204999944,44.106303644000036],[-73.325533735999954,44.106250071000034],[-73.32553299999995,44.106155200000046],[-73.325627698999938,44.106070200000033],[-73.326020799999981,44.106131400000038],[-73.327168899999947,44.106607500000052],[-73.327607699999987,44.106882100000064],[-73.328038899999967,44.107255100000032],[-73.328471299999933,44.107740400000068],[-73.329346699999974,44.109058300000072],[-73.330147799999963,44.109335700000031],[-73.330435807999947,44.109848874000079],[-73.330439970999976,44.109867938000036],[-73.330597499999953,44.110197700000072],[-73.330817499999966,44.110420400000066],[-73.331234459999962,44.110599481000065],[-73.331234499999937,44.110599500000035],[-73.331242499999973,44.11059460000007],[-73.331264799999985,44.11061090000004],[-73.331616699999984,44.110697100000039],[-73.331957298999953,44.110849600000051],[-73.332159800999989,44.111047000000042],[-73.332396947999939,44.111434194000026],[-73.332401194999989,44.111453742000037],[-73.332444966999958,44.111545767000052],[-73.332467061999978,44.111655730000052],[-73.332490357999973,44.111710378000055],[-73.332492865999939,44.111722376000046],[-73.332508494999956,44.111777983000081],[-73.332521987999939,44.111892545000046],[-73.332608482999944,44.112152365000043],[-73.332620203999966,44.112240755000073],[-73.332639452999956,44.112294019000046],[-73.332642458999942,44.112340827000025],[-73.332655200999966,44.112390033000054],[-73.332523099999946,44.112761500000033],[-73.332218799999964,44.11312120000008],[-73.331957499999987,44.113622400000054],[-73.331321699999933,44.11449390000007],[-73.331248427999981,44.114819608000062],[-73.331253497999967,44.114839794000034],[-73.331254202999958,44.114839506000067],[-73.331800899999962,44.11461330000003],[-73.332295479999971,44.114634985000066],[-73.332345999999973,44.114637200000061],[-73.332817999999975,44.114589500000079],[-73.333095899999989,44.114663200000052],[-73.333371099999965,44.114835800000037],[-73.333519581999951,44.115127875000042],[-73.333519600999978,44.115127900000061],[-73.334263599999986,44.11390300000005],[-73.334242299999971,44.113496300000065],[-73.334592999999984,44.112649000000033],[-73.335207699999955,44.11263880000007],[-73.33539049999996,44.112575800000059],[-73.335870299999954,44.11054450000006],[-73.336605600999974,44.109368400000051],[-73.336194199999966,44.107897200000025],[-73.33405799999997,44.107235700000047],[-73.333893800999988,44.106303800000035],[-73.332498799999939,44.105526000000054],[-73.332452599999954,44.10523070000005],[-73.332379998999954,44.105160000000069],[-73.332443399999988,44.105171700000028],[-73.332422900999973,44.105040600000052],[-73.331789199999946,44.104729500000076],[-73.331421250999938,44.104438967000078],[-73.331510399999956,44.104311100000075],[-73.331735299999934,44.104299900000058],[-73.332780399999933,44.104738499000064],[-73.332803000999945,44.104742001000034],[-73.333595099999968,44.104864700000064],[-73.333624999999984,44.105127200000027],[-73.334240799999975,44.105062600000053],[-73.334451599999966,44.105702600000029],[-73.338991798999984,44.105506600000069],[-73.339428399999974,44.10437950000005],[-73.338452399999937,44.104032600000039],[-73.338387699999942,44.103198900000052],[-73.339820499999973,44.103111900000044],[-73.339789199999984,44.102634300000034],[-73.340887599999974,44.102584400000069],[-73.34146180099998,44.102261700000042],[-73.34195110099995,44.101674100000025],[-73.341879999999946,44.099184200000025],[-73.341131299999972,44.099198000000058],[-73.340474799999981,44.098896100000047],[-73.339921699999934,44.099112700000035],[-73.339256799999987,44.09913240000003],[-73.337781000999939,44.099111700000037],[-73.336483499999986,44.098902200000055],[-73.334717700999988,44.099335900000028],[-73.334592099999952,44.099053200000071],[-73.334803399999942,44.098928500000056],[-73.33468464799995,44.09881679800003],[-73.334706899999958,44.098672700000066],[-73.335002498999984,44.09846420000008],[-73.336474778999957,44.098085410000067],[-73.336400599999934,44.097257800000079],[-73.336107199999958,44.096683600000063],[-73.335544699999957,44.096532100000047],[-73.335992099999942,44.096285300000034],[-73.335977199999945,44.096140100000071],[-73.336059099999943,44.096052900000075],[-73.335509799999954,44.095525500000065],[-73.333856899999944,44.095317600000044],[-73.333000000999959,44.095772000000068],[-73.332838098999957,44.094884900000068],[-73.322860299999945,44.095525000000066],[-73.323026599999935,44.096544800000061],[-73.31875820099998,44.096904600000073],[-73.318683599999986,44.096372600000052],[-73.320973299999935,44.096180100000026],[-73.320818599999939,44.095036900000025],[-73.322424900999977,44.094901200000038],[-73.332677900999954,44.092277300000035],[-73.332173999999952,44.090361700000074],[-73.330815899999948,44.09012830000006],[-73.326806799999986,44.090463800000066],[-73.326969998999971,44.090820000000065],[-73.326859999999954,44.090680000000077],[-73.326599999999985,44.090750000000071],[-73.326439999999934,44.090870000000052],[-73.326429999999959,44.090690000000052],[-73.326579999999979,44.090482800000075],[-73.326153799999986,44.09051850000003],[-73.325929999999971,44.090630000000033],[-73.325729999999965,44.090820000000065],[-73.325589999999977,44.091330000000028],[-73.325519998999937,44.091380000000072],[-73.325449999999989,44.091200000000072],[-73.325349999999958,44.09119000000004],[-73.325239999999951,44.091360000000066],[-73.324959998999987,44.091560000000072],[-73.324389999999937,44.091840000000047],[-73.323820000999945,44.091690000000028],[-73.323789999999974,44.091590000000053],[-73.323519999999974,44.091490000000078],[-73.323429999999973,44.091200000000072],[-73.323639999999955,44.091170000000034],[-73.323909999999955,44.091390000000047],[-73.324349999999981,44.091590000000053],[-73.324659999999938,44.091430000000059],[-73.324859999999944,44.091250000000059],[-73.324949998999955,44.091030000000046],[-73.325329999999951,44.090870000000052],[-73.325513299999955,44.090572100000031],[-73.324236498999937,44.09067900000008],[-73.323749799999973,44.090525700000057],[-73.322842100999935,44.090639800000076],[-73.322857899999974,44.090764300000046],[-73.321992699999953,44.090847300000064],[-73.321312799999987,44.087392500000078]]],[[[-73.322729999999979,44.090850000000046],[-73.322599999999966,44.090950000000078],[-73.322779999999966,44.091310000000078],[-73.322789999999941,44.091380000000072],[-73.322699999999941,44.091460000000041],[-73.322260000999961,44.091590000000053],[-73.322049999999933,44.09152000000006],[-73.321939999999984,44.091670000000079],[-73.32170999899995,44.091720000000066],[-73.321679999999958,44.09161000000006],[-73.321459999999945,44.091550000000041],[-73.321320000999947,44.091590000000053],[-73.321329999999989,44.091670000000079],[-73.32144999999997,44.091660000000047],[-73.32144999999997,44.091720000000066],[-73.321419999999989,44.091800000000035],[-73.321489999999983,44.091930000000048],[-73.321609999999964,44.091980000000035],[-73.322119999999984,44.09179000000006],[-73.322389999999984,44.091830000000073],[-73.322709999999972,44.091720000000066],[-73.322819998999989,44.09179000000006],[-73.322729999999979,44.091980000000035],[-73.322460000999968,44.092180000000042],[-73.322330000999955,44.092530000000068],[-73.322149999999965,44.092600000000061],[-73.32215999999994,44.092670000000055],[-73.322279999999978,44.09268000000003],[-73.322229999999934,44.092820000000074],[-73.32233999999994,44.092970000000037],[-73.322310000999948,44.093080000000043],[-73.322469999999953,44.093230000000062],[-73.322359999999946,44.093380000000025],[-73.322120000999973,44.093500000000063],[-73.322129998999969,44.093710000000044],[-73.321969999999965,44.093830000000025],[-73.322029998999938,44.093900000000076],[-73.322239999999965,44.093800000000044],[-73.32230999899997,44.093690000000038],[-73.322279999999978,44.093600000000038],[-73.322399999999959,44.093580000000031],[-73.322489999999959,44.093420000000037],[-73.322649999999953,44.093310000000031],[-73.322659999999985,44.09286000000003],[-73.322789999999941,44.092810000000043],[-73.322689999999966,44.092670000000055],[-73.322719999999947,44.092430000000036],[-73.322829999999954,44.092250000000035],[-73.323000000999969,44.092230000000029],[-73.323189999999954,44.092010000000073],[-73.323259999999948,44.091640000000041],[-73.322729999999979,44.090850000000046]]],[[[-73.31375000099996,44.091740000000073],[-73.313529999999957,44.09179000000006],[-73.313469999999938,44.09197000000006],[-73.313509999999951,44.092370000000074],[-73.31356999999997,44.092450000000042],[-73.314059999999984,44.092410000000029],[-73.314089998999975,44.092110000000048],[-73.314079998999944,44.091830000000073],[-73.314019999999971,44.091770000000054],[-73.31375000099996,44.091740000000073]]],[[[-73.301699999999983,44.104720000000043],[-73.301649999999938,44.104760000000056],[-73.301409999999976,44.10477000000003],[-73.301219999999944,44.104940000000056],[-73.301039999999944,44.104950000000031],[-73.30053000099997,44.105310000000031],[-73.300539999999955,44.105390000000057],[-73.301639999999963,44.105150000000037],[-73.301929998999981,44.105150000000037],[-73.301989999999989,44.104840000000081],[-73.301849998999955,44.104740000000049],[-73.301699999999983,44.104720000000043]]],[[[-73.343847299999936,44.084934600000054],[-73.331502899999975,44.086297300000069],[-73.331813499999953,44.088063200000079],[-73.333873299999937,44.087918200000047],[-73.334344399999964,44.090648400000077],[-73.336402799999973,44.090363900000057],[-73.337139200999957,44.094628600000078],[-73.343426299999976,44.094086600000026],[-73.343847299999936,44.084934600000054]]],[[[-73.265002399999958,44.082428500000049],[-73.264054999999985,44.082565400000078],[-73.259176399999944,44.08359020000006],[-73.255744698999933,44.08381090000006],[-73.253605199999981,44.084242900000049],[-73.250472300999945,44.08452090000003],[-73.250010299999985,44.084606000000065],[-73.249635900999976,44.087900384000079],[-73.249716300999978,44.087936166000077],[-73.249719299999981,44.087937500000066],[-73.249747000999946,44.087825500000065],[-73.249891299999945,44.087812400000075],[-73.250804399999936,44.088105000000041],[-73.251320199999952,44.08837770000008],[-73.251705999999956,44.088660900000036],[-73.252516399999934,44.088933800000063],[-73.252924966999956,44.089293076000047],[-73.252984298999934,44.089329801000076],[-73.253462240999966,44.089663466000047],[-73.253469999999936,44.089670000000069],[-73.253485299999966,44.089684500000033],[-73.253996399999949,44.089981200000068],[-73.254690300999982,44.090282500000058],[-73.254836982999961,44.090419323000049],[-73.254829899999947,44.090803300000061],[-73.254695799999979,44.091140200000041],[-73.254459099999963,44.091347300000052],[-73.254052999999942,44.091443200000072],[-73.253846799999963,44.091749800000059],[-73.25309649999997,44.093841900000029],[-73.253061558999946,44.094395160000033],[-73.253075537999962,44.094448933000081],[-73.25307836099995,44.09448543600007],[-73.253164699999957,44.094748800000048],[-73.253605499999935,44.095394700000043],[-73.254074799999955,44.095737800000052],[-73.254512899999952,44.095864600000027],[-73.25499259999998,44.095877900000062],[-73.255487199999948,44.095785400000068],[-73.256040199999973,44.09550900000005],[-73.256242199999974,44.095487400000025],[-73.25644559999995,44.095554400000026],[-73.256570599999975,44.095668500000045],[-73.256849136999961,44.096181401000081],[-73.256851963999964,44.096217989000081],[-73.256867106999948,44.096273145000055],[-73.256883273999961,44.096454983000058],[-73.257049472999938,44.096729580000044],[-73.257488400999989,44.096881900000028],[-73.25775589999995,44.097047500000031],[-73.257756036999979,44.097047552000049],[-73.258081899999979,44.097192100000029],[-73.258340071999953,44.097554345000049],[-73.258347382999943,44.097595014000035],[-73.258371634999946,44.097652483000047],[-73.258415292999985,44.097943969000028],[-73.258435752999958,44.09799737000003],[-73.258438263999949,44.09800974500007],[-73.258452240999986,44.098063557000046],[-73.258454956999969,44.098099515000058],[-73.258471719999989,44.098157708000031],[-73.258480850999945,44.098213286000032],[-73.25850165099996,44.098267159000045],[-73.258504164999977,44.098279748000039],[-73.258518139999978,44.098333551000053],[-73.258521357999939,44.098403525000037],[-73.258535337999945,44.098457272000076],[-73.258537761999946,44.098470805000034],[-73.258551842999964,44.098524964000035],[-73.258554857999968,44.098583413000028],[-73.258570734999978,44.098640256000067],[-73.258583272999942,44.098742114000061],[-73.258603217999962,44.098797026000057],[-73.258619627999963,44.099000204000049],[-73.25863882799996,44.099056504000032],[-73.258651529999952,44.09915892600003],[-73.258686637999972,44.099267549000047],[-73.258689062999963,44.099280974000067],[-73.258703040999933,44.099334989000056],[-73.258705756999973,44.099370711000063],[-73.25872224799997,44.09942854600007],[-73.258732458999987,44.099496116000068],[-73.258752650999952,44.099549807000074],[-73.258755061999977,44.099562072000026],[-73.258769141999949,44.099616189000074],[-73.258730199999945,44.100059900000076],[-73.258597999999949,44.100418400000081],[-73.257706999999982,44.102073800000028],[-73.257535699999949,44.102519100000052],[-73.257212058999983,44.104833191000068],[-73.257226138999954,44.10488760100003],[-73.257229055999971,44.104945642000075],[-73.257243139999957,44.104999888000066],[-73.25724725799995,44.105148281000027],[-73.257587757999943,44.105940648000058],[-73.257593410999959,44.105969351000056],[-73.257857099999967,44.106543600000066],[-73.257950199999982,44.106601700000056],[-73.258093499999973,44.106600700000058],[-73.258207599999935,44.106475200000034],[-73.258202142999949,44.10566822100003],[-73.258186117999969,44.105611034000049],[-73.258156368999948,44.105362955000032],[-73.258136810999986,44.105308808000075],[-73.258156699999972,44.104575200000056],[-73.258416599999975,44.10430400000007],[-73.258687299999963,44.104247600000065],[-73.259028199999989,44.104358000000047],[-73.259450199999947,44.104770700000074],[-73.259802298999944,44.105265600000052],[-73.25995895799997,44.105639476000079],[-73.259968047999962,44.105694871000026],[-73.259993300999952,44.105754700000034],[-73.260030298999936,44.105930300000068],[-73.260054367999942,44.105985873000066],[-73.260057058999962,44.106019791000051],[-73.26007113299994,44.106073861000027],[-73.260073666999972,44.10609830900006],[-73.260087749999968,44.106152590000079],[-73.260090350999974,44.106177201000037],[-73.260105514999964,44.10623294700008],[-73.260121383999945,44.106414542000039],[-73.260139653999943,44.106469240000081],[-73.260176268999942,44.106977487000051],[-73.260193042999958,44.107030727000051],[-73.260195756999963,44.107066377000081],[-73.260209841999938,44.107120662000057],[-73.260212558999967,44.107156562000057],[-73.260226638999939,44.107210680000037],[-73.260229461999984,44.107257804000028],[-73.260243539999976,44.107311956000046],[-73.26024666099994,44.107381598000075],[-73.260260742999947,44.107435765000048],[-73.260263756999962,44.10749405200005],[-73.260279039999944,44.107549973000062],[-73.260294467999984,44.10772034200005],[-73.260311940999941,44.107773722000047],[-73.260314855999979,44.107831575000034],[-73.260328937999986,44.10788584900007],[-73.260331362999978,44.107899277000058],[-73.260349041999973,44.107959055000038],[-73.260371967999959,44.108080198000039],[-73.260410737999962,44.108178213000031],[-73.260413160999974,44.108191491000071],[-73.260427238999966,44.108245752000073],[-73.260429660999989,44.108259001000079],[-73.260443737999935,44.108313149000026],[-73.260446162999983,44.108326574000046],[-73.260460232999947,44.10838066000008],[-73.260462767999968,44.108405302000051],[-73.260478198999976,44.108461413000043],[-73.260511702999963,44.108823000000029],[-73.260531669999978,44.108879261000027],[-73.260559630999978,44.109081950000075],[-73.260599550999984,44.109196647000033],[-73.260622342999966,44.10931762000007],[-73.260761099999968,44.109684800000025],[-73.260768900999949,44.109721300000047],[-73.260810174999961,44.109802567000031],[-73.260817937999946,44.109846121000032],[-73.261132799999984,44.110478800000067],[-73.261753499999941,44.11102980000004],[-73.262180199999989,44.111235600000043],[-73.262868098999945,44.111252697000054],[-73.262897299999963,44.111242700000048],[-73.262922575999937,44.111232719000043],[-73.263046999999972,44.111193900000046],[-73.263060099999961,44.111187600000051],[-73.263360299999988,44.110953500000051],[-73.263765899999953,44.110440200000028],[-73.263767500999961,44.110438000000045],[-73.263767899999948,44.110437600000068],[-73.26376791499996,44.110437526000055],[-73.264571399999966,44.109303100000034],[-73.264879299999961,44.108757900000057],[-73.265103799999963,44.107526800000073],[-73.265901199999973,44.106555900000046],[-73.266029399999979,44.106254800000045],[-73.267036001999941,44.106662560000075],[-73.267009300999973,44.106878400000028],[-73.265936599999975,44.108545000000049],[-73.265529798999978,44.109418400000038],[-73.264899699999944,44.11034090000004],[-73.264643599999943,44.110932800000057],[-73.264013799999987,44.11194050000006],[-73.263543199999958,44.112957300000062],[-73.263098599999978,44.11357780000003],[-73.262822637999989,44.114424362000079],[-73.262847194999949,44.114463407000073],[-73.262812458999974,44.114822160000074],[-73.262826541999971,44.114876539000079],[-73.262829352999972,44.114923261000058],[-73.262843439999983,44.114977556000042],[-73.262846558999968,44.115047083000036],[-73.262860642999954,44.115101365000044],[-73.262812060999977,44.116004943000064],[-73.262828137999975,44.116062198000066],[-73.262839979999967,44.116152452000051],[-73.263233999999954,44.117085100000054],[-73.263577791999978,44.117700491000051],[-73.263580102999981,44.11769410200003],[-73.263752399999987,44.116686500000071],[-73.266895499999976,44.111196900000039],[-73.268114199999957,44.108536400000048],[-73.268852999999979,44.103848500000026],[-73.268789798999933,44.103527600000064],[-73.267836599999953,44.101000800000065],[-73.267253798999946,44.096553800000038],[-73.26425299999994,44.096912800000041],[-73.264211099999955,44.096805400000051],[-73.267231600999935,44.096425500000066],[-73.266961300999981,44.093887900000027],[-73.266202399999941,44.089772900000071],[-73.265002399999958,44.082428500000049]]],[[[-73.264089999999953,44.087860000000035],[-73.263559999999984,44.087860000000035],[-73.263209998999969,44.08794000000006],[-73.263179998999988,44.088180000000079],[-73.26340000099998,44.088460000000055],[-73.263489999999933,44.088500000000067],[-73.264069999999947,44.088460000000055],[-73.264099999999985,44.088320000000067],[-73.264039999999966,44.088140000000067],[-73.264159999999947,44.088000000000079],[-73.264089999999953,44.087860000000035]]],[[[-73.256009998999957,44.093320000000062],[-73.255819999999972,44.09337000000005],[-73.255679999999984,44.093810000000076],[-73.255699999999933,44.094020000000057],[-73.255879999999934,44.094400000000064],[-73.255679999999984,44.094660000000033],[-73.255699999999933,44.094740000000058],[-73.25579000099998,44.094780000000071],[-73.25658999999996,44.094720000000052],[-73.256799999999942,44.094670000000065],[-73.256879999999967,44.094580000000065],[-73.256909999999948,44.094170000000076],[-73.256789999999967,44.093850000000032],[-73.25658999999996,44.093560000000025],[-73.256510000999981,44.093490000000031],[-73.256299999999953,44.09346000000005],[-73.256009998999957,44.093320000000062]]],[[[-73.261449999999968,44.097100000000069],[-73.26122000099997,44.097150000000056],[-73.261200000999963,44.097390000000075],[-73.261299999999949,44.097590000000025],[-73.261789999999962,44.097510000000057],[-73.261800000999983,44.097260000000063],[-73.26165999899996,44.09713000000005],[-73.261449999999968,44.097100000000069]]],[[[-73.26784269999996,44.082371800000033],[-73.265191499999958,44.082418800000028],[-73.266589299999964,44.091005900000027],[-73.267096298999945,44.093526900000029],[-73.267908799999987,44.10033720000007],[-73.268109699999968,44.101286000000073],[-73.277246499999933,44.100705800000071],[-73.297809099999938,44.098822400000074],[-73.298121499999979,44.09884100000005],[-73.299526500999946,44.097016200000041],[-73.299989299999936,44.09624320000006],[-73.300503399999968,44.095058100000074],[-73.301227598999958,44.092972800000041],[-73.300096099999962,44.092838800000038],[-73.29874209899998,44.092556400000035],[-73.297517499999969,44.092168900000047],[-73.296061299999963,44.091627800000026],[-73.292449999999974,44.090584700000079],[-73.29297379999997,44.087978200000066],[-73.293162299999949,44.086493400000052],[-73.289585899999963,44.085437700000057],[-73.287722199999962,44.084798100000057],[-73.28722659999994,44.084699000000057],[-73.286495700999978,44.084719200000052],[-73.285658099999978,44.087484300000028],[-73.284860499999979,44.092051400000059],[-73.284613399999955,44.093825600000059],[-73.284525799999983,44.096339900000032],[-73.284192899999937,44.096388600000068],[-73.284269299999949,44.093807600000048],[-73.284517899999969,44.092023100000063],[-73.285317299999974,44.087444300000072],[-73.286121198999979,44.084769400000027],[-73.276972199999989,44.085701300000039],[-73.276385999999945,44.085678100000052],[-73.27581269999996,44.08552080000004],[-73.275400499999989,44.085324100000037],[-73.273522699999944,44.083931000000064],[-73.273013899999967,44.083617100000026],[-73.272152198999947,44.083392100000026],[-73.270893299999955,44.08314450000006],[-73.269214999999974,44.082495700000038],[-73.268637999999953,44.082406300000059],[-73.26784269999996,44.082371800000033]]],[[[-73.273439999999937,44.085840000000076],[-73.273239999999987,44.085890000000063],[-73.273159999999962,44.086070000000063],[-73.27294999999998,44.08627000000007],[-73.272939999999949,44.086480000000051],[-73.273009999999942,44.086570000000052],[-73.273439999999937,44.086490000000026],[-73.273589999999956,44.086330000000032],[-73.273439999999937,44.085840000000076]]],[[[-73.392105299999969,44.082045300000061],[-73.375864299999989,44.083445400000073],[-73.375719198999946,44.083563500000025],[-73.375599999999963,44.085480700000062],[-73.375624099999982,44.086791500000061],[-73.375799699999959,44.08843440000004],[-73.376052399999935,44.089710100000048],[-73.376212099999975,44.090314900000067],[-73.376637899999935,44.091307800000038],[-73.37834879899998,44.094445700000051],[-73.379126999999983,44.09655280000004],[-73.383997799999975,44.096110000000067],[-73.384012300999984,44.095524300000079],[-73.38409809999996,44.095087800000044],[-73.384273299999961,44.094671300000073],[-73.384577499999978,44.094177500000058],[-73.385491199999933,44.093010000000049],[-73.385976299999982,44.091988600000036],[-73.386439999999936,44.09136710000007],[-73.387064799999962,44.09079440000005],[-73.387638099999947,44.09041730000007],[-73.38810239999998,44.090192500000057],[-73.389965098999937,44.089497200000039],[-73.390240999999946,44.089292400000033],[-73.392105299999969,44.082045300000061]]],[[[-73.378019999999935,44.087610000000041],[-73.377429998999958,44.087690000000066],[-73.377119998999945,44.087810000000047],[-73.377319999999941,44.088380000000029],[-73.377709999999979,44.088370000000054],[-73.378259999999955,44.088240000000042],[-73.378119999999967,44.087700000000041],[-73.378019999999935,44.087610000000041]]],[[[-73.250352799999973,44.081593200000043],[-73.250128899999936,44.083560500000033],[-73.250733899999943,44.081603100000052],[-73.250352799999973,44.081593200000043]]],[[[-73.37579379999994,44.081126500000039],[-73.362855999999965,44.082372400000054],[-73.362418598999966,44.082479900000067],[-73.362114099999985,44.082612200000028],[-73.360767399999986,44.08352160000004],[-73.360103999999978,44.083760600000062],[-73.353777599999944,44.084307400000057],[-73.353354899999943,44.085025100000053],[-73.352546699999948,44.085811300000046],[-73.352380299999936,44.086069000000066],[-73.352323152999986,44.086325677000048],[-73.352335260999951,44.086336816000028],[-73.35233913899998,44.086437069000056],[-73.352352461999942,44.086448216000065],[-73.352355536999937,44.086492584000041],[-73.352368458999933,44.08650381700005],[-73.352371940999944,44.086570567000081],[-73.352385168999945,44.086581716000069],[-73.352388029999986,44.086603884000056],[-73.352401273999988,44.086615116000075],[-73.35240476499996,44.086683544000039],[-73.35243541799997,44.086714689000075],[-73.352450403999967,44.086792797000044],[-73.352465654999946,44.086804016000031],[-73.352468399999964,44.086823100000061],[-73.35326589999994,44.087182700000028],[-73.353629999999953,44.087154800000064],[-73.354954199999952,44.087989300000061],[-73.357467498999938,44.088927700000056],[-73.358223500999941,44.088127900000075],[-73.358398299999976,44.088155200000074],[-73.35862869999994,44.088868700000035],[-73.359730899999988,44.089560900000038],[-73.359663100999967,44.089579600000036],[-73.359839999999963,44.090450000000033],[-73.360109999999963,44.090590000000077],[-73.360189999999989,44.090730000000065],[-73.360429999999951,44.090900000000033],[-73.360779999999977,44.090890000000059],[-73.360979999999984,44.090800000000058],[-73.361150000999942,44.090860000000077],[-73.360799999999983,44.091080000000034],[-73.360809999999958,44.091220000000078],[-73.361059999999952,44.091450000000066],[-73.360969999999952,44.091530000000034],[-73.360879999999952,44.091550000000041],[-73.36058000099996,44.09137000000004],[-73.360528199999976,44.091248200000052],[-73.360501199999987,44.091514800000027],[-73.36030089999997,44.091583200000059],[-73.360141199999987,44.091562100000033],[-73.360119999999938,44.091860000000054],[-73.360409998999955,44.092050000000029],[-73.360409999999945,44.092130000000054],[-73.360140000999934,44.092090000000042],[-73.359929999999963,44.091940000000079],[-73.359879999999976,44.091810000000066],[-73.359949999999969,44.091710000000035],[-73.359956099999977,44.091480700000034],[-73.358389099999954,44.090395800000067],[-73.355926098999987,44.08966810000004],[-73.352705491999984,44.088262481000072],[-73.352703192999968,44.088262085000054],[-73.352643305999948,44.088241027000038],[-73.35264146999998,44.088240714000051],[-73.352364499999965,44.088198244000068],[-73.352363825999987,44.088198205000026],[-73.351930699999969,44.088156900000058],[-73.351559999999949,44.088181900000052],[-73.351329399999941,44.088261600000067],[-73.351013699999953,44.088471200000072],[-73.350688199999979,44.088857200000064],[-73.350477898999941,44.089293600000076],[-73.349963999999943,44.089740400000039],[-73.349792499999978,44.090045500000031],[-73.349751699999956,44.090384400000062],[-73.350357799999983,44.090537100000063],[-73.350501099999974,44.090841600000033],[-73.35006999999996,44.091054500000041],[-73.349934899999937,44.091326400000071],[-73.349750999999969,44.091450400000042],[-73.349211499999967,44.091576900000064],[-73.348994798999968,44.091567400000031],[-73.348900870999955,44.091491742000073],[-73.348898184999939,44.091478024000025],[-73.348821957999974,44.091380833000073],[-73.348819168999967,44.091356916000052],[-73.348805848999973,44.091345769000043],[-73.348802927999941,44.091310736000025],[-73.348774158999959,44.091280913000048],[-73.348771313999976,44.09125524600006],[-73.348726728999964,44.091214314000069],[-73.348724085999947,44.09120064800004],[-73.348695414999952,44.091180251000026],[-73.348692791999952,44.091167837000057],[-73.348539498999969,44.091113800000073],[-73.34841739999996,44.091226200000051],[-73.348253898999985,44.091248800000074],[-73.347796599999981,44.092153300000064],[-73.347829199999978,44.092256100000043],[-73.347769299999982,44.092405700000029],[-73.349702299999933,44.092972100000054],[-73.349980999999957,44.092948000000035],[-73.349987799999951,44.093251900000041],[-73.350309998999933,44.093330000000037],[-73.35042999999996,44.093420000000037],[-73.350059999999985,44.093470000000025],[-73.350049999999953,44.093350000000044],[-73.349989599999958,44.093351300000052],[-73.349992099999952,44.09349050000003],[-73.349654033999968,44.093493515000034],[-73.349654127999941,44.093500363000032],[-73.349656763999974,44.093514258000027],[-73.349732750999976,44.093590716000051],[-73.349735671999952,44.09362576400008],[-73.34976444199998,44.093655653000042],[-73.349768230999985,44.093746384000042],[-73.349781561999976,44.093757616000062],[-73.349785599999962,44.093869100000063],[-73.349723998999934,44.09390280000008],[-73.349490163999974,44.09376075800003],[-73.349487530999966,44.093747108000059],[-73.349380599999961,44.093682500000057],[-73.348995498999955,44.093774500000052],[-73.348808703999964,44.093698310000036],[-73.348806387999957,44.093697915000064],[-73.348762299999976,44.093698200000063],[-73.34866890099994,44.093665600000065],[-73.348637900999961,44.093654600000036],[-73.348420205999957,44.093578465000064],[-73.348417921999953,44.093578118000039],[-73.347972199999958,44.093603800000039],[-73.347573299999965,44.093840900000032],[-73.347378699999979,44.094288100000028],[-73.347303999999951,44.094842400000061],[-73.348045899999988,44.095769700000062],[-73.351654599999961,44.096090200000049],[-73.353673899999933,44.096599900000058],[-73.353707199999974,44.09700870000006],[-73.353898298999979,44.096981800000037],[-73.353960498999982,44.097014800000068],[-73.353931399999965,44.097137600000053],[-73.353725099999963,44.097233800000026],[-73.353749855999979,44.097546303000058],[-73.354156699999976,44.097737800000061],[-73.354215987999964,44.09773741500004],[-73.354218307999986,44.097737810000069],[-73.354467399999976,44.097824800000069],[-73.354993199999967,44.097832000000039],[-73.355115528999988,44.097906782000052],[-73.355119299999956,44.097998200000063],[-73.35491959999996,44.09808890000005],[-73.35450179999998,44.098069700000053],[-73.354020069999933,44.09793948500004],[-73.354017793999958,44.097939229000076],[-73.353741499999956,44.097908100000041],[-73.353584800999954,44.097786800000051],[-73.352917098999967,44.097865500000069],[-73.352864498999963,44.097312800000054],[-73.352336699999967,44.09702690000006],[-73.352103799999952,44.096973000000048],[-73.352103132999957,44.096961688000079],[-73.352101198999947,44.09696163600006],[-73.351778798999987,44.096953000000042],[-73.35123939999994,44.097090800000046],[-73.351098480999951,44.09706949100007],[-73.351097397999979,44.097069402000045],[-73.350555999999983,44.096895400000051],[-73.350029345999985,44.09688798600007],[-73.350027398999941,44.096887924000043],[-73.349496399999964,44.096922100000029],[-73.349484299999972,44.096848800000032],[-73.349379499999941,44.096826100000044],[-73.348653499999955,44.096898300000078],[-73.348204399999986,44.096879400000034],[-73.347479899999939,44.097029600000042],[-73.347233299999971,44.097120600000039],[-73.347104799999954,44.097250900000063],[-73.347072799999978,44.097288200000037],[-73.346899699999938,44.097591300000033],[-73.346305699999959,44.098220000000026],[-73.345947199999955,44.099067700000035],[-73.34613029999997,44.099338600000067],[-73.347768599999938,44.099688000000071],[-73.348049999999944,44.099530000000073],[-73.348139999999944,44.099630000000047],[-73.348018311999965,44.099890400000049],[-73.348123999999984,44.099912000000074],[-73.348232011999983,44.10008980300006],[-73.348191098999962,44.100163800000075],[-73.348822999999982,44.100357300000042],[-73.348814799999957,44.10048050000006],[-73.349349999999959,44.100510000000043],[-73.349509999999952,44.10056000000003],[-73.349000998999941,44.100657592000061],[-73.348975841999959,44.100659070000063],[-73.349354998999956,44.100705152000046],[-73.349357403999988,44.100705614000049],[-73.349417392999953,44.100726690000045],[-73.349419711999985,44.100727085000074],[-73.34941989899994,44.100738400000068],[-73.349542049999968,44.100793130000056],[-73.349483799999973,44.100893900000074],[-73.349175699999989,44.100963100000058],[-73.348773499999936,44.100977200000045],[-73.348182399999985,44.100914600000067],[-73.347936901999958,44.100883199000066],[-73.347935812999935,44.100883109000051],[-73.347564999999975,44.100830200000075],[-73.347518399999956,44.100819300000069],[-73.34751687399995,44.100808091000033],[-73.34751579899995,44.100808002000065],[-73.34689739199996,44.100656685000047],[-73.346895093999933,44.100656373000049],[-73.346646299999975,44.10059159900004],[-73.346431579999944,44.100537485000075],[-73.34642929499995,44.10053720500008],[-73.346261100999982,44.100505596000062],[-73.346258697999986,44.100505170000076],[-73.346183100999951,44.10048383000003],[-73.346182203999945,44.10048370700008],[-73.346088272999964,44.100473098000066],[-73.345981799999947,44.100463000000047],[-73.345981603999974,44.100451928000041],[-73.345979198999942,44.100451603000067],[-73.345749499999954,44.10043119900007],[-73.345627499999978,44.100436300000069],[-73.345648766999943,44.100575674000027],[-73.345672291999961,44.100632469000061],[-73.345682298999975,44.100698600000044],[-73.34630199999998,44.100893900000074],[-73.346277899999961,44.101003000000048],[-73.346619999999973,44.101020000000062],[-73.346629998999958,44.10107000000005],[-73.34639999999996,44.101270000000056],[-73.346215499999971,44.10124710000008],[-73.346197700999937,44.101316900000029],[-73.345454199999949,44.101137400000027],[-73.345429820999982,44.101400083000044],[-73.345554399999969,44.101599200000067],[-73.345941276999952,44.10190693100003],[-73.345966929999975,44.102060748000042],[-73.345988143999989,44.102114003000054],[-73.345990861999951,44.102138178000075],[-73.34599660799995,44.102160198000036],[-73.345998427999973,44.102166510000075],[-73.346004831999949,44.102191214000072],[-73.346007438999948,44.102205600000048],[-73.346021427999972,44.102258697000025],[-73.346024161999935,44.102284346000033],[-73.346029877999968,44.102306256000077],[-73.346031696999944,44.102312501000029],[-73.346035767999979,44.102329088000033],[-73.346035799999981,44.102329200000042],[-73.346712199999956,44.102700000000027],[-73.346899999999948,44.102720000000033],[-73.346925299999953,44.102795900000046],[-73.347496100999933,44.102795300000025],[-73.347509299999956,44.102899800000046],[-73.347639999999956,44.102980000000059],[-73.347524099999987,44.103020300000026],[-73.34753029999996,44.103070500000058],[-73.34719629999995,44.10312330000005],[-73.347039999999936,44.103210000000047],[-73.347135698999978,44.103396300000043],[-73.34737850099998,44.103602700000067],[-73.348358899999937,44.103794500000049],[-73.348355298999934,44.103884900000025],[-73.349049999999977,44.103510000000028],[-73.349409999999978,44.103440000000035],[-73.349220398999989,44.10370480000006],[-73.349200699999983,44.103716200000065],[-73.349985999999944,44.103554400000064],[-73.350477198999954,44.103350108000029],[-73.350478402999954,44.103350316000046],[-73.350601267999934,44.103460516000041],[-73.350543999999957,44.10362820000006],[-73.35022239999995,44.103842500000042],[-73.349097299999983,44.104129400000033],[-73.348976274999984,44.104321644000038],[-73.349132699999984,44.104452500000036],[-73.349862826999981,44.104824261000033],[-73.349865459999933,44.104837965000058],[-73.349925857999949,44.104914715000064],[-73.349915199999941,44.105070900000044],[-73.34965250099998,44.105095200000051],[-73.349434900999938,44.105029900000034],[-73.348842199999979,44.104688800000076],[-73.348842010999988,44.104677485000025],[-73.348839692999945,44.104677090000052],[-73.348779702999934,44.104656013000067],[-73.348778507999953,44.104655808000075],[-73.348731468999972,44.104644893000057],[-73.34873069799994,44.104644843000074],[-73.348578200999953,44.104623857000036],[-73.348577407999983,44.104623805000074],[-73.348392378999961,44.104602784000065],[-73.348390096999935,44.104602475000036],[-73.348237103999963,44.104570827000032],[-73.348235528999965,44.104570613000078],[-73.348175398999956,44.104571100000044],[-73.348113199999943,44.10456030000006],[-73.347075171999961,44.104545594000058],[-73.347074298999985,44.104545476000055],[-73.346998705999965,44.104524324000067],[-73.346996409999974,44.104524015000038],[-73.346796299999937,44.104425200000037],[-73.346639069999981,44.104239034000045],[-73.346636061999959,44.104192315000034],[-73.346622636999939,44.10418108500005],[-73.346619662999956,44.104136715000038],[-73.346606641999983,44.104125568000029],[-73.346603202999972,44.104054811000026],[-73.346353430999955,44.103750210000044],[-73.346350834999953,44.103736186000049],[-73.346306718999983,44.103705342000069],[-73.346304135999958,44.103691991000062],[-73.346259664999934,44.103661153000076],[-73.346257026999979,44.103647156000079],[-73.345930373999977,44.103462606000051],[-73.345872204999978,44.103038636000065],[-73.345872199999974,44.103038600000048],[-73.345489999999984,44.103050000000053],[-73.345389199999943,44.102995400000054],[-73.344189099999937,44.102936800000066],[-73.34418980099997,44.103067100000032],[-73.343960799999934,44.103356600000041],[-73.343906998999955,44.103820300000052],[-73.343623399999956,44.103967300000079],[-73.34354394099995,44.104173871000057],[-73.343805411999938,44.104567934000045],[-73.343759699999964,44.104795600000045],[-73.343512300999976,44.104874000000052],[-73.343538699999954,44.104921600000068],[-73.343259999999987,44.105060000000037],[-73.343159900999979,44.10504990000004],[-73.342749199999957,44.105189100000075],[-73.342707359999963,44.105417845000034],[-73.342713107999941,44.105440098000031],[-73.342714926999975,44.105446379000057],[-73.342889799999966,44.105836700000054],[-73.343325873999959,44.106185477000054],[-73.343325899999968,44.106185500000038],[-73.343854100999977,44.106172800000081],[-73.343763158999934,44.106303805000039],[-73.34457090099994,44.106313700000044],[-73.344793200999959,44.106392000000028],[-73.344907589999934,44.106523283000058],[-73.34489949999994,44.106619400000056],[-73.344802000999948,44.106673000000058],[-73.344198899999981,44.106633900000077],[-73.34421999999995,44.106690000000071],[-73.343929999999943,44.106630000000052],[-73.343686199999979,44.106659300000047],[-73.343455999999946,44.10684660000004],[-73.343391399999973,44.107227600000044],[-73.343117399999983,44.107460700000047],[-73.343022299999973,44.107921600000054],[-73.342808799999943,44.108020000000067],[-73.342337298999951,44.108114600000079],[-73.342309999999941,44.10817000000003],[-73.342191699999944,44.108161700000039],[-73.341535999999962,44.108583900000042],[-73.340521699999954,44.10897680000005],[-73.34004190099995,44.109555400000033],[-73.339893572999983,44.110045892000073],[-73.339896412999963,44.110058126000069],[-73.339906929999984,44.110126496000078],[-73.339997297999957,44.110309903000029],[-73.340007493999963,44.110312493000038],[-73.341517099999976,44.110696100000041],[-73.34215869999997,44.110573000000045],[-73.342438399999935,44.11045450000006],[-73.342533799999956,44.110479400000031],[-73.343427998999971,44.110077200000035],[-73.343558298999938,44.110095900000033],[-73.343549998999947,44.110209400000031],[-73.343847499999981,44.110226500000067],[-73.344037399999934,44.110134900000048],[-73.34425779999998,44.110261600000058],[-73.344557400999975,44.110092900000041],[-73.344682900999942,44.110095200000046],[-73.344750299999987,44.110156700000061],[-73.344734899999935,44.110098400000027],[-73.345070599999985,44.110016800000039],[-73.345283499999937,44.109863700000062],[-73.345361099999934,44.109720500000037],[-73.345411499999955,44.109978700000056],[-73.345458999999948,44.10998740000008],[-73.346506599999941,44.109573400000045],[-73.347297499999968,44.10954890000005],[-73.348065599999984,44.109402300000056],[-73.348196899999948,44.109359500000039],[-73.348226499999953,44.109297500000025],[-73.348334299999976,44.109348000000068],[-73.34834989999996,44.109468000000049],[-73.348468999999966,44.109469900000079],[-73.348706399999969,44.109583100000066],[-73.348779999999977,44.109750000000076],[-73.348989999999958,44.109830000000045],[-73.349084599999969,44.109950900000058],[-73.349179999999933,44.109980000000064],[-73.349139999999977,44.110090000000071],[-73.348815399999978,44.110031800000058],[-73.348315199999945,44.109707800000081],[-73.348156899999935,44.109686100000033],[-73.347640399999989,44.109878300000048],[-73.346761899999933,44.109930900000052],[-73.346684599999946,44.110067700000059],[-73.34652049999994,44.110048300000074],[-73.346212399999956,44.110228200000051],[-73.345800399999973,44.110354100000052],[-73.345483799999954,44.110517200000061],[-73.344937099999981,44.110594900000081],[-73.344795098999953,44.110733400000072],[-73.345148799999947,44.110747400000037],[-73.345189999999945,44.110810000000072],[-73.345143199999939,44.11095430000006],[-73.345273800999962,44.111043000000052],[-73.344829999999945,44.111000000000047],[-73.344759999999951,44.111090000000047],[-73.344284399999935,44.110834400000044],[-73.344076599999937,44.110795100000075],[-73.343900499999961,44.110835500000064],[-73.344014198999957,44.111274500000036],[-73.34415869999998,44.111305900000048],[-73.344290699999988,44.112073800000076],[-73.34490999999997,44.112100000000055],[-73.34481999999997,44.112230000000068],[-73.344980000999954,44.11238000000003],[-73.345569999999952,44.112490000000037],[-73.345599999999934,44.112540000000081],[-73.34552999999994,44.112580000000037],[-73.344990000999985,44.112550000000056],[-73.344839999999976,44.112650000000031],[-73.344739999999945,44.11247000000003],[-73.344323399999951,44.11230340000003],[-73.344331999999952,44.112364200000059],[-73.342026299999986,44.112239600000066],[-73.341630300999952,44.111982100000034],[-73.339780299999973,44.111781300000075],[-73.339750760999948,44.111928515000045],[-73.339945426999975,44.112249118000079],[-73.339949064999985,44.112265772000057],[-73.339970544999971,44.11231738400005],[-73.339869099999987,44.11268750000005],[-73.339681299999938,44.112812200000064],[-73.339048099999957,44.113052200000027],[-73.338917999999978,44.11323370000008],[-73.338880954999979,44.113444213000037],[-73.338886707999961,44.113466598000059],[-73.338888520999944,44.11347285800008],[-73.33923509899995,44.113836700000036],[-73.339939171999958,44.114095536000036],[-73.339952899999957,44.114173500000049],[-73.339860899999962,44.114250500000026],[-73.339464899999939,44.114284000000055],[-73.338724799999966,44.113981900000056],[-73.33859659999996,44.114202500000033],[-73.338239998999939,44.114100000000064],[-73.33807859999996,44.113994300000059],[-73.337704200999951,44.114404400000069],[-73.337265399999978,44.114658800000029],[-73.337462599999981,44.114694000000043],[-73.337562581999975,44.115004474000045],[-73.337566099999947,44.115015400000061],[-73.338261099999954,44.114832400000068],[-73.338428900999986,44.114859700000068],[-73.338524705999987,44.114946815000053],[-73.33848299999994,44.115139900000031],[-73.33837110099995,44.115231300000062],[-73.337665498999968,44.115324500000042],[-73.337684017999948,44.115382034000049],[-73.339726098999961,44.115190187000053],[-73.352068482999982,44.114060079000069],[-73.355970398999943,44.113659400000074],[-73.35698489899994,44.10480670000004],[-73.357920099999944,44.097859700000072],[-73.358006499999988,44.097680800000035],[-73.358170499999972,44.097532900000033],[-73.358393799999988,44.09743270000007],[-73.358735699999954,44.097392300000081],[-73.360779298999944,44.097711000000061],[-73.361626899999976,44.097727900000052],[-73.369637399999988,44.097014400000035],[-73.372135799999967,44.096836200000041],[-73.378933999999958,44.096563200000048],[-73.378139799999985,44.094419800000026],[-73.37624569999997,44.09089350000005],[-73.376026299999978,44.090344900000048],[-73.375755798999933,44.08924630000007],[-73.375459299999989,44.087128200000052],[-73.375404399999979,44.08580690000008],[-73.375572999999974,44.082840800000042],[-73.37579379999994,44.081126500000039]]],[[[-73.372709999999984,44.095780000000047],[-73.37212999999997,44.095790000000079],[-73.372029999999938,44.095830000000035],[-73.371989999999983,44.096220000000073],[-73.372059999999976,44.096370000000036],[-73.372819999999933,44.096380000000067],[-73.372709999999984,44.095780000000047]]],[[[-73.350629998999977,44.110070000000064],[-73.350369999999941,44.110180000000071],[-73.350389999999948,44.110420000000033],[-73.350559999999973,44.11053000000004],[-73.350849998999934,44.11053000000004],[-73.351009998999984,44.110430000000065],[-73.350969999999961,44.110200000000077],[-73.350819999999942,44.110100000000045],[-73.350629998999977,44.110070000000064]]],[[[-73.375930198999981,44.080365200000074],[-73.375807099999975,44.080515800000057],[-73.37548019999997,44.080812200000025],[-73.375012699999957,44.081074900000033],[-73.375817699999971,44.081009400000028],[-73.375930198999981,44.080365200000074]]],[[[-73.326600199999973,44.074100500000043],[-73.31808239999998,44.074881100000027],[-73.303712599999983,44.076305300000058],[-73.303143099999943,44.081228700000054],[-73.302845399999967,44.084803500000078],[-73.30501819999995,44.084634200000039],[-73.312398599999938,44.083897200000081],[-73.312072399999977,44.088128700000027],[-73.32201809999998,44.087186400000064],[-73.328730999999948,44.086465900000064],[-73.327726899999959,44.081064900000058],[-73.326600199999973,44.074100500000043]]],[[[-73.295488400999943,44.069071800000074],[-73.293306898999958,44.069210400000031],[-73.293675600999961,44.071491600000058],[-73.293691498999976,44.072026900000026],[-73.292922499999975,44.074257000000046],[-73.292624699999976,44.074940500000025],[-73.290626299999985,44.078772800000081],[-73.289629299999945,44.080426400000079],[-73.286604998999962,44.084391200000027],[-73.286711398999955,44.084525500000041],[-73.287329599999964,44.084555100000046],[-73.287706699999944,44.084640200000081],[-73.290525699999989,44.085581300000058],[-73.293175399999939,44.086333900000056],[-73.293513399999938,44.082029600000055],[-73.300759899999946,44.084139700000037],[-73.302659200999983,44.084809500000063],[-73.302972399999987,44.080589000000032],[-73.304234699999938,44.06933760000004],[-73.301932698999963,44.069525200000044],[-73.295488400999943,44.069071800000074]]],[[[-73.382198899999935,44.066083900000081],[-73.381971499999963,44.066161900000054],[-73.381855100999985,44.066270000000031],[-73.380994299999941,44.067896400000052],[-73.381064499999979,44.068351900000039],[-73.382194599999934,44.067703800000061],[-73.383459499999958,44.067202200000054],[-73.383995800999969,44.067045700000051],[-73.38508029999997,44.06685230000005],[-73.386925099999985,44.066670700000032],[-73.386976899999979,44.066459100000031],[-73.382198899999935,44.066083900000081]]],[[[-73.400398999999936,44.065553000000079],[-73.39286599999997,44.066272000000026],[-73.392870599999981,44.066340600000046],[-73.385192999999958,44.067114000000061],[-73.384149899999954,44.067327000000034],[-73.383159199999966,44.067644200000075],[-73.382240699999954,44.068059400000038],[-73.381483699999933,44.068515000000048],[-73.380788399999972,44.069060500000035],[-73.380213699999956,44.069653000000073],[-73.379872899999953,44.070105100000035],[-73.379312099999936,44.071151200000031],[-73.379215999999985,44.071139600000038],[-73.377690099999938,44.07395820000005],[-73.37734949999998,44.074796100000071],[-73.376562399999955,44.077705000000037],[-73.375993899999969,44.081056800000056],[-73.375762799999961,44.082851000000062],[-73.375745000999984,44.083157300000039],[-73.375832199999934,44.083254200000056],[-73.380724599999951,44.082872700000053],[-73.392149099999983,44.081863500000054],[-73.39285979999994,44.078623300000061],[-73.393273999999963,44.077639000000033],[-73.39360819999996,44.077061600000036],[-73.39437769999995,44.075986400000033],[-73.395929999999964,44.074116300000071],[-73.397871599999974,44.071995800000025],[-73.399643599999933,44.070213800000033],[-73.395014599999968,44.070634900000073],[-73.396832999999958,44.06876230000006],[-73.398028499999953,44.06740300000007],[-73.399090299999955,44.066558300000054],[-73.400252599999988,44.065869000000077],[-73.400398999999936,44.065553000000079]]],[[[-73.329985599999986,44.059393900000032],[-73.328784599999949,44.05962420000003],[-73.318890399999987,44.061014600000078],[-73.316194699999983,44.06167570000008],[-73.314434999999946,44.062222200000065],[-73.313757498999962,44.062345900000025],[-73.303408299999944,44.063408800000047],[-73.303722899999968,44.064107700000079],[-73.303884798999945,44.064872800000046],[-73.303895299999965,44.065324500000031],[-73.303965199999936,44.065645200000063],[-73.304034699999988,44.065644200000065],[-73.304071699999952,44.065795000000037],[-73.304387199999951,44.067488900000058],[-73.304491399999961,44.068795300000033],[-73.304535198999986,44.068802700000049],[-73.303784499999949,44.076153900000065],[-73.303916498999968,44.076196300000049],[-73.316624399999966,44.074911800000052],[-73.322705199999973,44.074375600000053],[-73.333244000999969,44.073331600000074],[-73.33213030099995,44.065307700000062],[-73.331461998999941,44.066328200000044],[-73.330893499999945,44.066883200000063],[-73.330570499999965,44.067057500000033],[-73.330520000999968,44.067200000000071],[-73.330399499999942,44.06709950000004],[-73.329905699999983,44.067060500000025],[-73.329365699999983,44.06689810000006],[-73.329175511999949,44.066786907000051],[-73.329311999999959,44.066609800000037],[-73.329765899999984,44.066472900000065],[-73.329734562999988,44.066467813000031],[-73.329359999999951,44.066390000000069],[-73.329129999999964,44.066430000000025],[-73.32905999999997,44.066350000000057],[-73.329189999999983,44.066200000000038],[-73.329909999999984,44.066230000000076],[-73.330222119999974,44.066288182000051],[-73.330471398999975,44.066133200000081],[-73.330748699999958,44.065807200000052],[-73.330881398999963,44.065442500000074],[-73.330915090999952,44.065046758000051],[-73.330910664999976,44.065028562000066],[-73.330907800999967,44.065015994000078],[-73.330902847999937,44.064996648000033],[-73.330893149999952,44.064741162000075],[-73.330879345999961,44.064691544000027],[-73.330876986999954,44.064663332000066],[-73.33087306699997,44.064647151000031],[-73.330870038999933,44.064633000000072],[-73.330857415999958,44.064585090000037],[-73.330854871999975,44.06457494600005],[-73.330849568999952,44.064554454000074],[-73.330839547999972,44.064446915000076],[-73.330656192999982,44.063983351000047],[-73.330653530999939,44.063972230000047],[-73.330632815999934,44.063922490000039],[-73.330695678999973,44.063716821000071],[-73.328714299999945,44.063866200000064],[-73.328451899999948,44.062034600000061],[-73.33072169999997,44.061671900000078],[-73.329985599999986,44.059393900000032]]],[[[-73.382144700999959,44.054459400000042],[-73.382142099999953,44.054459653000038],[-73.376347199999941,44.055019600000037],[-73.376481499999954,44.055249700000047],[-73.376738499999988,44.055464800000038],[-73.378901999999982,44.056795000000079],[-73.37890204699994,44.056794987000046],[-73.379332699999964,44.056603400000029],[-73.380971799999941,44.055598600000053],[-73.381368599999973,44.05527230000007],[-73.381656599999985,44.054891100000077],[-73.382144700999959,44.054459400000042]]],[[[-73.36069329999998,44.051712300000077],[-73.357449999999972,44.051936700000056],[-73.357368510999947,44.052144066000039],[-73.357378062999942,44.052155317000029],[-73.357385036999972,44.052456083000038],[-73.357397168999967,44.05246732300003],[-73.357388531999959,44.052634377000061],[-73.357400664999943,44.052645617000053],[-73.357407534999936,44.052935183000045],[-73.357420252999987,44.052946417000044],[-73.357423347999941,44.052979683000046],[-73.357436464999978,44.052990917000045],[-73.357440234999956,44.053068683000049],[-73.357452961999968,44.053079917000048],[-73.357456237999941,44.053124383000068],[-73.35746936399994,44.053135617000066],[-73.357472636999944,44.053179983000064],[-73.357485792999967,44.053191217000062],[-73.359347699999944,44.05328860000003],[-73.359604099999956,44.052707400000031],[-73.359871399999975,44.052425400000061],[-73.360324499999933,44.052097600000025],[-73.360740399999941,44.05202950000006],[-73.36069329999998,44.051712300000077]]],[[[-73.40364059999996,44.051061600000025],[-73.399909299999933,44.052022400000055],[-73.395169098999986,44.05312200000003],[-73.393149299999948,44.053356700000052],[-73.390545434999979,44.053581912000027],[-73.390524399999947,44.053583398000058],[-73.39067887899995,44.053727424000044],[-73.390681767999979,44.053741209000066],[-73.39129008599997,44.05428044100006],[-73.391292963999945,44.054293555000072],[-73.391384040999981,44.054379965000066],[-73.391386930999943,44.054393728000036],[-73.391478166999946,44.054467371000044],[-73.391481047999946,44.054480383000055],[-73.391509701999951,44.054491426000027],[-73.39151254799998,44.054502374000037],[-73.391855299999975,44.054678200000069],[-73.392630899999972,44.05488390000005],[-73.392893424999954,44.055036009000048],[-73.392896264999933,44.055050250000079],[-73.392987868999967,44.055148718000055],[-73.392990960999953,44.055172756000047],[-73.393019546999938,44.055202214000076],[-73.393022721999955,44.055237383000076],[-73.393035802999975,44.055248617000075],[-73.393038830999956,44.055270783000026],[-73.393051549999939,44.055281935000039],[-73.393054721999988,44.055315183000062],[-73.393067777999988,44.05532641700006],[-73.393070947999945,44.055359683000063],[-73.39308407599998,44.05537083400003],[-73.393087223999942,44.055404165000027],[-73.393099962999941,44.05541531700004],[-73.393103316999941,44.055459683000038],[-73.393116367999937,44.055470918000026],[-73.393119431999935,44.055493064000075],[-73.393132081999966,44.055504218000067],[-73.393135438999934,44.055548766000072],[-73.393148562999954,44.055559917000039],[-73.393151836999948,44.055604283000037],[-73.39316496899994,44.055615517000035],[-73.393167931999983,44.055637665000063],[-73.393180662999953,44.055648818000066],[-73.393184064999957,44.055695134000075],[-73.393213033999984,44.055724731000055],[-73.393216416999962,44.05577098200007],[-73.393229068999972,44.055782218000047],[-73.39323213199998,44.055804365000029],[-73.393245168999954,44.055815518000031],[-73.393248729999982,44.055870982000044],[-73.393261768999935,44.055882218000079],[-73.393264832999989,44.055904382000051],[-73.393278776999978,44.055915509000044],[-73.393296469999939,44.056039013000031],[-73.393326242999933,44.056069312000034],[-73.393329925999979,44.056137983000042],[-73.393359159999989,44.056186789000037],[-73.393378737999967,44.056360489000042],[-73.393392782999967,44.056371717000047],[-73.393396139999936,44.056416083000045],[-73.393409343999963,44.056427214000053],[-73.393432600999972,44.056794900000057],[-73.393332236999981,44.057330666000041],[-73.393345368999974,44.057341817000065],[-73.39334833099997,44.057364000000064],[-73.393364015999964,44.057375101000048],[-73.393377666999982,44.057430699000065],[-73.393440667999982,44.057508235000057],[-73.393443730999934,44.05753046500007],[-73.39350640899994,44.057608135000066],[-73.393518945999972,44.05765828400007],[-73.393520294999973,44.057663701000081],[-73.393551538999986,44.057695026000033],[-73.393554531999939,44.057719166000027],[-73.393567668999935,44.05773031700005],[-73.393570630999989,44.057752483000058],[-73.393583768999974,44.057763634000025],[-73.393586730999971,44.057785683000077],[-73.393599473999984,44.057796835000033],[-73.39360312599996,44.057863583000028],[-73.393616268999949,44.057874817000027],[-73.393619231999935,44.057896966000044],[-73.393632368999988,44.057908117000068],[-73.393636330999982,44.057997183000055],[-73.393649073999939,44.058008417000053],[-73.393652725999971,44.05807498300004],[-73.393665864999946,44.058086134000064],[-73.393670399999962,44.058208800000045],[-73.393563799999981,44.058332200000052],[-73.393223899999953,44.058379384000034],[-73.393221694999966,44.058378873000038],[-73.393177656999967,44.058358110000029],[-73.39317479999994,44.05834554200004],[-73.393146360999935,44.058325185000058],[-73.393143501999987,44.058311397000068],[-73.393099132999964,44.058270829000037],[-73.393096232999937,44.058256555000071],[-73.392910744999938,44.058059516000071],[-73.392907668999953,44.058036418000029],[-73.392831659999956,44.057938472000046],[-73.392831300999944,44.057914400000072],[-73.392815699999971,44.057914500000038],[-73.392765862999966,44.057836798000039],[-73.392751136999948,44.057770202000029],[-73.392736136999986,44.057759000000033],[-73.392735499999958,44.057714500000031],[-73.392719899999975,44.057714600000054],[-73.392719716999977,44.05770328300008],[-73.392716361999987,44.057658917000026],[-73.392703236999978,44.057647766000059],[-73.392699464999964,44.05756991700008],[-73.392686727999944,44.057558683000025],[-73.392721098999971,44.056934335000051],[-73.392708199999959,44.056934500000068],[-73.392706299999986,44.056811900000071],[-73.392703665999989,44.056811917000061],[-73.392690063999964,44.056800700000053],[-73.392667800999959,44.056444311000064],[-73.392654220999987,44.056433083000059],[-73.392650363999962,44.056355235000069],[-73.392637630999957,44.056344100000047],[-73.392636799999934,44.056288400000028],[-73.392621199999951,44.056288500000051],[-73.392604299999959,44.056199500000048],[-73.392603418999954,44.056198871000049],[-73.392588760999956,44.056179213000064],[-73.392585241999939,44.056119734000049],[-73.392556246999959,44.056090122000057],[-73.392552834999947,44.056041915000037],[-73.392521700999964,44.056010671000081],[-73.392508032999956,44.055955001000029],[-73.392492423999954,44.055943883000054],[-73.392489251999962,44.055910617000052],[-73.392255721999959,44.055634937000036],[-73.392252803999952,44.055620694000027],[-73.392161972999986,44.055546981000077],[-73.392159068999945,44.055532274000029],[-73.390866174999985,44.054698889000065],[-73.390863300999968,44.05468399800003],[-73.390725474999954,44.054599661000054],[-73.390722529999948,44.054585136000071],[-73.390443200999982,44.054321300000026],[-73.38991939999994,44.053626300000076],[-73.38605339999998,44.053988700000048],[-73.382943999999952,44.054381500000034],[-73.382888899999955,44.05459170000006],[-73.382661499999983,44.054905700000063],[-73.381746799999974,44.055759900000055],[-73.381550699999934,44.056084700000042],[-73.381539185999941,44.05630757800003],[-73.381551566999974,44.056318817000033],[-73.381532199999981,44.056909700000062],[-73.381397899999968,44.057245200000068],[-73.38112179999996,44.057381000000078],[-73.380966899999976,44.057371100000069],[-73.380857673999969,44.057295682000074],[-73.380857499999934,44.057282800000053],[-73.38084189999995,44.057282900000075],[-73.380841737999958,44.057271600000036],[-73.380953494999972,44.056769229000054],[-73.38094254799995,44.056757983000068],[-73.380939375999958,44.056724717000066],[-73.380815599999949,44.056536300000062],[-73.380690999999956,44.056492700000035],[-73.380475299999944,44.056516500000043],[-73.380183099999954,44.056619200000057],[-73.379339799999968,44.057120600000076],[-73.380281899999943,44.057834100000036],[-73.380686299999979,44.058241700000053],[-73.382762899999989,44.061220300000059],[-73.382899099999975,44.061524000000077],[-73.382927198999937,44.062017800000035],[-73.381962599999952,44.065867200000071],[-73.387992199999985,44.06635620000003],[-73.389645899999948,44.066345100000035],[-73.392806998999959,44.066020900000069],[-73.392831000999934,44.066100400000039],[-73.400502099999983,44.06533040000005],[-73.401228398999933,44.063830100000075],[-73.403742199999954,44.057573700000034],[-73.405915099999959,44.05324550000006],[-73.407238699999937,44.051270600000066],[-73.40364059999996,44.051061600000025]]],[[[-73.385576299999968,44.050803200000075],[-73.385093799999936,44.051130300000068],[-73.384501098999976,44.051792400000068],[-73.384289699999954,44.052128500000038],[-73.384204840999985,44.052619579000066],[-73.384217277999937,44.052630817000079],[-73.384221135999951,44.052708665000068],[-73.384233861999974,44.052719817000025],[-73.384224899999936,44.052965200000074],[-73.384104799999989,44.053200100000026],[-73.383769399999949,44.053514900000039],[-73.38320299999998,44.053898200000049],[-73.383008898999947,44.054235400000039],[-73.386025899999936,44.053853000000061],[-73.389819800999987,44.053495500000054],[-73.389812130999985,44.053480835000073],[-73.389809239999977,44.053467056000045],[-73.389624499999968,44.053324500000031],[-73.389172371999962,44.053160587000036],[-73.389170897999975,44.053160332000061],[-73.38911170199998,44.05313936400006],[-73.389109677999954,44.053139016000046],[-73.388939002999962,44.053106700000058],[-73.388938498999948,44.053106652000054],[-73.388832802999957,44.053085557000031],[-73.388831255999946,44.053085410000051],[-73.38860909999994,44.053026900000077],[-73.388694399999963,44.053201400000034],[-73.388643900999966,44.053234900000064],[-73.388122099999975,44.052841700000045],[-73.388017599999955,44.052902600000039],[-73.387754299999983,44.052743400000054],[-73.387148300999968,44.052657400000044],[-73.386856699999953,44.052726700000051],[-73.386599599999954,44.052601100000061],[-73.386452399999939,44.052350900000079],[-73.386578800999985,44.052207600000031],[-73.386480199999937,44.052019400000063],[-73.386591299999964,44.051572700000065],[-73.38645809999997,44.051206100000059],[-73.386388899999986,44.051128400000039],[-73.38598879999995,44.051012300000025],[-73.385576299999968,44.050803200000075]]],[[[-73.353031199999975,44.049456700000064],[-73.353029000999982,44.049456917000043],[-73.351087399999983,44.049665100000027],[-73.351387699999975,44.051742800000056],[-73.351245999999946,44.051735700000052],[-73.350927799999965,44.049681300000032],[-73.347219199999984,44.050143200000036],[-73.342389999999966,44.050841000000048],[-73.340800599999966,44.051579700000048],[-73.338574199999982,44.052458800000068],[-73.335540599999945,44.054169900000034],[-73.334590600999945,44.05477570000005],[-73.334161599999959,44.055164500000046],[-73.33372989999998,44.055770900000027],[-73.332477199999971,44.057748200000049],[-73.33215759999996,44.058662500000025],[-73.331949099999974,44.058897700000045],[-73.332965999999942,44.058659700000078],[-73.333769599999982,44.058837500000038],[-73.334483299999988,44.058079400000054],[-73.33473639999994,44.058218400000044],[-73.334779499999968,44.059291700000074],[-73.335776299999964,44.060060600000043],[-73.336888037999984,44.06006775700007],[-73.336890399999959,44.060079500000029],[-73.337071299999934,44.060041600000034],[-73.337214009999968,44.060176274000071],[-73.337011998999969,44.06068300000004],[-73.337094699999966,44.061093300000039],[-73.337680699999964,44.061321400000054],[-73.339040399999988,44.061102500000061],[-73.339039499999956,44.061208100000044],[-73.339159999999936,44.061010000000067],[-73.339270000999988,44.060970000000054],[-73.339229999999986,44.061290000000042],[-73.339077774999964,44.06155909000006],[-73.339070899999967,44.061571700000059],[-73.339150202999974,44.061586288000058],[-73.339168475999941,44.061754290000067],[-73.33918265799997,44.061765516000037],[-73.339157799999953,44.062022100000036],[-73.340728899999988,44.062998400000026],[-73.340669961999936,44.062915506000081],[-73.340666727999974,44.062866975000077],[-73.340620549999983,44.062814696000032],[-73.340588599999933,44.062624700000072],[-73.34068070099994,44.062568300000066],[-73.340757899999971,44.062567800000068],[-73.340896301999976,44.06268921700007],[-73.340899061999949,44.062701203000074],[-73.340927539999939,44.062721597000063],[-73.340930329999935,44.062735355000029],[-73.340961272999948,44.062766569000075],[-73.340975948999983,44.062833728000044],[-73.340994600999977,44.062860102000059],[-73.341000496999982,44.062856894000049],[-73.341500598999971,44.062584700000059],[-73.342078799999967,44.063202300000057],[-73.342939999999942,44.062783200000069],[-73.342608924999979,44.063492170000075],[-73.342604699999981,44.063500700000077],[-73.342639859999963,44.063545916000066],[-73.342599299999961,44.063780300000076],[-73.342341499999975,44.064139500000067],[-73.344322699999964,44.064407000000074],[-73.34434159999995,44.065419500000075],[-73.344601799999964,44.066201000000035],[-73.349450299999944,44.06497440000004],[-73.349444999999946,44.064858600000036],[-73.347562299999936,44.062740400000052],[-73.347405498999933,44.062521100000026],[-73.347231199999953,44.061864400000047],[-73.346989467999947,44.061597852000034],[-73.346986684999933,44.061584381000046],[-73.346738868999978,44.061365654000042],[-73.346736068999974,44.061351141000046],[-73.34645519999998,44.061201400000073],[-73.345361199999957,44.060906000000045],[-73.345156999999972,44.059240400000078],[-73.342669399999977,44.056623500000057],[-73.341276499999935,44.056687500000066],[-73.340636099999983,44.056357200000036],[-73.336454298999968,44.056606800000054],[-73.336444099999937,44.056543700000077],[-73.341229399999975,44.056238600000029],[-73.341280099999949,44.056606500000044],[-73.343042899999944,44.05654270000008],[-73.34422399999994,44.056493900000078],[-73.344158499999935,44.056021600000065],[-73.34421279999998,44.055904000000055],[-73.343727899999976,44.055206800000065],[-73.343648899999948,44.054945100000054],[-73.343876200999944,44.054933400000039],[-73.344499600999939,44.054856200000074],[-73.344796799999983,44.05513540000004],[-73.345077999999944,44.055790500000057],[-73.347822699999938,44.056137900000067],[-73.347356399999967,44.057762300000036],[-73.347384399999953,44.058688600000039],[-73.346627999999953,44.059843200000046],[-73.348055399999964,44.060570000000041],[-73.348993700999984,44.062227000000064],[-73.349647499999946,44.062208600000076],[-73.350140700999987,44.061917600000072],[-73.350280099999964,44.062470000000076],[-73.350689999999986,44.062400000000025],[-73.350839999999948,44.062280000000044],[-73.351100000999963,44.062290000000075],[-73.350479999999948,44.062860000000057],[-73.350659999999948,44.06308000000007],[-73.350492299999985,44.063265400000034],[-73.351374399999941,44.064154300000041],[-73.351701498999944,44.063947300000052],[-73.352701999999965,44.064601700000026],[-73.352613199999951,44.065227200000038],[-73.353697299999965,44.065076400000066],[-73.353671599999984,44.064758300000051],[-73.354284999999948,44.064692100000059],[-73.354429899999957,44.065576100000044],[-73.357465399999967,44.065195900000049],[-73.357424899999955,44.063772300000039],[-73.357562899999948,44.063754600000038],[-73.357608899999946,44.063702100000057],[-73.358035399999949,44.062535300000036],[-73.358657499999936,44.062480600000072],[-73.359729199999947,44.06170300000008],[-73.359680899999944,44.061570200000062],[-73.357781299999942,44.059664400000031],[-73.357424508999941,44.05949038600005],[-73.357422334999967,44.059489814000074],[-73.356575199999952,44.059529600000076],[-73.356295199999977,44.059420300000056],[-73.356122557999981,44.059244904000025],[-73.356119641999953,44.059219174000077],[-73.356090958999971,44.059189392000064],[-73.356088034999971,44.059165416000042],[-73.356074322999973,44.059154187000047],[-73.356056222999939,44.05881990000006],[-73.355894100999933,44.058106400000042],[-73.356253898999967,44.057792894000045],[-73.356256500999962,44.057790702000034],[-73.356253568999989,44.057770817000062],[-73.356240434999961,44.057759583000063],[-73.356235337999976,44.057590708000077],[-73.356206764999968,44.05756109400005],[-73.356203463999975,44.057514817000026],[-73.356190330999937,44.057503583000027],[-73.356187369999986,44.057481517000042],[-73.356173130999935,44.057470290000026],[-73.356155460999958,44.057325609000031],[-73.356141163999951,44.057314384000051],[-73.356138268999985,44.057292317000076],[-73.356123730999968,44.057281092000039],[-73.356107068999961,44.057169908000049],[-73.356090604999963,44.057158695000055],[-73.35607549599996,44.057081005000043],[-73.356058176999966,44.057069798000043],[-73.356043522999983,44.057003202000033],[-73.356031625999947,44.056991962000041],[-73.356038498999965,44.056943174000025],[-73.355993276999982,44.056891972000074],[-73.355983606999985,44.056852100000071],[-73.355964036999978,44.056825184000047],[-73.35596086299995,44.056780916000037],[-73.355930784999941,44.056729638000036],[-73.355897700999947,44.056547205000072],[-73.355882729999962,44.05653598300006],[-73.355879770999934,44.05651401700004],[-73.355866630999969,44.056502783000042],[-73.355863169999964,44.056447217000027],[-73.355849381999974,44.056435990000068],[-73.355831017999947,44.056280210000068],[-73.355815943999971,44.056268989000046],[-73.355778854999983,44.05589051100003],[-73.355766420999942,44.055879273000073],[-73.355774778999944,44.055779027000028],[-73.355763225999965,44.055767783000078],[-73.355759659999933,44.055701117000069],[-73.355746402999955,44.055689886000039],[-73.355702497999971,44.054899014000057],[-73.355688935999979,44.054887783000027],[-73.355683563999946,44.054698417000054],[-73.355670436999958,44.054687183000055],[-73.355665561999956,44.054531417000078],[-73.355653569999959,44.054520178000075],[-73.355661428999952,44.054297244000054],[-73.355649438999933,44.054286065000042],[-73.355644262999988,44.054108017000033],[-73.355631121999977,44.054096766000043],[-73.355643168999961,44.054029917000037],[-73.355630030999976,44.054018683000038],[-73.355625162999957,44.053862833000039],[-73.355611947999989,44.05385166700006],[-73.355608264999944,44.053773817000035],[-73.355594093999969,44.053762592000055],[-73.355576970999948,44.053650456000071],[-73.355547059999935,44.05361989000005],[-73.355543069999953,44.053529034000064],[-73.355529947999969,44.05351786600005],[-73.355526551999958,44.05346221700006],[-73.355513830999939,44.053450983000062],[-73.355510868999943,44.053428917000076],[-73.355497739999976,44.053417683000077],[-73.355494160999967,44.053351117000034],[-73.355431116999966,44.053250997000077],[-73.355416767999941,44.053184502000079],[-73.355351516999974,44.053084395000042],[-73.355337081999949,44.053017903000068],[-73.355211658999963,44.05286439200006],[-73.355208713999957,44.052838578000035],[-73.35505397299994,44.052664880000066],[-73.355051118999938,44.052649578000057],[-73.355006643999957,44.052599085000054],[-73.355003839999938,44.05258460500005],[-73.354802565999989,44.052376457000037],[-73.354799786999934,44.052363270000058],[-73.354771311999968,44.05234273800005],[-73.354768540999942,44.052330005000044],[-73.354740060999973,44.052309727000079],[-73.354737238999974,44.052296776000048],[-73.354708359999961,44.05227642400007],[-73.354705538999951,44.052263565000032],[-73.354677060999961,44.052243236000038],[-73.354674234999948,44.052229956000076],[-73.354630019999945,44.052199323000025],[-73.35462722699998,44.052185180000038],[-73.354535447999979,44.052076083000031],[-73.354532652999978,44.052065117000041],[-73.354519946999972,44.052053883000042],[-73.354517139999984,44.052042077000067],[-73.354488259999982,44.052021724000042],[-73.354485439999962,44.052008865000062],[-73.354456960999983,44.051988527000049],[-73.354454125999951,44.051974619000077],[-73.354409772999986,44.05193408100007],[-73.354406938999944,44.051920265000035],[-73.354378460999953,44.051899936000041],[-73.354375651999987,44.051887934000035],[-73.353890259999957,44.051279324000063],[-73.353887418999989,44.051264873000036],[-73.353842940999982,44.051214284000025],[-73.353840139999988,44.051199989000054],[-73.353669799999977,44.051012000000071],[-73.353569099999959,44.051007700000071],[-73.353581000999952,44.050894800000037],[-73.353449686999966,44.050715012000069],[-73.353446712999983,44.050689103000025],[-73.353323158999956,44.050537657000064],[-73.353320168999971,44.050513617000036],[-73.353228668999975,44.050394010000048],[-73.353225669999972,44.050369334000038],[-73.353162658999963,44.050291700000059],[-73.353149127999984,44.050236150000046],[-73.35311756699997,44.050204763000067],[-73.353113959999973,44.050136217000045],[-73.353101164999941,44.050124983000046],[-73.353098234999948,44.050102817000038],[-73.353085121999982,44.050091583000039],[-73.353081978999967,44.050058417000059],[-73.353071106999948,44.050047137000035],[-73.353078598999957,44.049980331000029],[-73.353067735999957,44.049969083000065],[-73.353063163999934,44.049835617000042],[-73.353050020999945,44.049824385000079],[-73.353031199999975,44.049456700000064]]],[[[-73.354804699999988,44.049298900000053],[-73.355159899999933,44.049333600000068],[-73.355742498999973,44.049493200000029],[-73.361579700999982,44.05182620000005],[-73.360169699999972,44.052932000000055],[-73.359418498999958,44.05622070000004],[-73.359423099999958,44.05658770000008],[-73.359186498999975,44.057236100000068],[-73.35891289999995,44.05843370000008],[-73.358956899999953,44.058591400000068],[-73.359814111999981,44.059338048000029],[-73.360110799999973,44.059235600000079],[-73.360247999999956,44.059123000000056],[-73.360600073999933,44.058072318000029],[-73.360535199999958,44.057920200000069],[-73.360630799999967,44.057736500000033],[-73.360733100999937,44.057539700000063],[-73.360779199999968,44.057451000000071],[-73.361017699999934,44.057522500000061],[-73.36109033799994,44.057767559000069],[-73.36139049999997,44.057944000000077],[-73.361514235999948,44.05813261600008],[-73.361517129999982,44.058154583000032],[-73.361561761999951,44.058210134000035],[-73.361565064999979,44.058256585000038],[-73.36159364699995,44.058286032000069],[-73.361596747999954,44.058321184000079],[-73.361609968999971,44.058332416000042],[-73.361612831999935,44.058354584000028],[-73.36162606299996,44.058365733000073],[-73.361631835999958,44.058588583000073],[-73.361644635999937,44.058599817000072],[-73.36164753099996,44.058621883000058],[-73.361660663999942,44.058633117000056],[-73.361672199999987,44.05924600000003],[-73.361557199999936,44.059837800000025],[-73.361562035999953,44.060171983000032],[-73.361574759999939,44.060183217000031],[-73.361578366999936,44.06025175700006],[-73.361718168999971,44.060471917000029],[-73.361721144999933,44.060495030000027],[-73.361749654999983,44.060515370000076],[-73.361752585999966,44.060540206000042],[-73.361813152999957,44.060616116000062],[-73.361816251999983,44.060651193000069],[-73.361844866999945,44.060680829000034],[-73.361847660999956,44.060694703000081],[-73.361970929999984,44.060846496000067],[-73.361973893999959,44.060873640000068],[-73.362018436999961,44.060924202000081],[-73.362021571999946,44.060961820000045],[-73.362068200999943,44.061045300000046],[-73.362084447999962,44.061048803000062],[-73.362522399999989,44.061696900000072],[-73.362420598999961,44.061826600000074],[-73.362420699999973,44.061826600000074],[-73.362434491999977,44.061882002000061],[-73.362481317999936,44.061935051000034],[-73.362484421999966,44.061970783000049],[-73.362497563999966,44.061982017000048],[-73.36250229999996,44.062127000000032],[-73.362381699999958,44.062336500000072],[-73.362660499999947,44.062669400000061],[-73.360798899999963,44.063403600000072],[-73.360621999999978,44.063590300000044],[-73.360516799999971,44.063916500000062],[-73.360700600999962,44.06411600000007],[-73.364657799999975,44.063740900000028],[-73.365853696999977,44.065030485000079],[-73.365863099999956,44.065040700000054],[-73.366254199999958,44.064996800000074],[-73.366314236999983,44.065039123000076],[-73.36627249999998,44.065186200000028],[-73.366083899999978,44.065280100000052],[-73.36785679999997,44.067209800000057],[-73.360561099999984,44.067920400000048],[-73.360235299999943,44.068078200000059],[-73.360594699999979,44.071414900000036],[-73.361065999999937,44.07249100000007],[-73.360983499999975,44.072507500000029],[-73.361001599999952,44.072716900000046],[-73.360821700999963,44.073086100000069],[-73.360698799999966,44.073142800000028],[-73.360590399999978,44.073143600000037],[-73.360527971999943,44.073090021000041],[-73.360525238999969,44.07307630300005],[-73.360464834999959,44.073010583000041],[-73.360461063999935,44.072932734000062],[-73.360448386999963,44.07292158000007],[-73.360454669999967,44.072554839000077],[-73.360299200999975,44.072567100000072],[-73.35981529999998,44.071907500000066],[-73.359239308999975,44.07165997900006],[-73.359236889999977,44.071659418000081],[-73.354521299999988,44.072076500000037],[-73.353649549999943,44.073117571000068],[-73.353660761999947,44.073128733000033],[-73.353667000999963,44.073385100000053],[-73.35310359999994,44.073980100000028],[-73.352861799999971,44.074360900000045],[-73.352880099999936,44.075160000000039],[-73.352939999999933,44.075290000000052],[-73.353379999999959,44.075570000000027],[-73.353119999999933,44.075570000000027],[-73.352884599999982,44.075498200000027],[-73.352890499999944,44.075705200000073],[-73.350434499999949,44.075724300000047],[-73.349995398999965,44.075959800000078],[-73.349958699999945,44.077023500000053],[-73.350383699999952,44.077499200000034],[-73.351178899999979,44.080475300000046],[-73.350895399999956,44.080661600000042],[-73.350747299999966,44.081109500000025],[-73.350413499999945,44.081557900000064],[-73.349925499999983,44.082029700000078],[-73.349512199999936,44.082322600000055],[-73.348321599999963,44.083727000000067],[-73.348349599999949,44.084139300000061],[-73.348410000999934,44.084230000000048],[-73.348401299999978,44.084661500000038],[-73.349185300999977,44.084603300000026],[-73.352099899999985,44.084093000000053],[-73.35295549999995,44.084112700000048],[-73.353016899999943,44.084063800000081],[-73.352959999999939,44.084020000000066],[-73.35315000099996,44.083860000000072],[-73.353279999999984,44.083550000000059],[-73.353679998999951,44.083150000000046],[-73.353849998999976,44.083080000000052],[-73.354089999999985,44.082880000000046],[-73.35427999999996,44.082870000000071],[-73.354909999999961,44.082300000000032],[-73.355209999999943,44.082350000000076],[-73.355399999999975,44.082200000000057],[-73.355464500999972,44.082228600000064],[-73.355461456999933,44.082189031000041],[-73.355448147999937,44.082177884000032],[-73.355445177999968,44.082144616000051],[-73.355318422999972,44.081911430000048],[-73.355303824999964,44.081844702000069],[-73.355288723999934,44.081833567000047],[-73.355300468999985,44.081766716000061],[-73.355288351999945,44.081755479000037],[-73.35533049999998,44.08151010000006],[-73.355496099999982,44.081508300000053],[-73.355491850999954,44.081495554000071],[-73.355619999999988,44.081520000000069],[-73.355929999999944,44.082180000000051],[-73.356079999999963,44.082290000000057],[-73.35636999999997,44.082250000000045],[-73.356419999999957,44.082010000000025],[-73.356689999999958,44.082030000000032],[-73.356819999999971,44.081940000000031],[-73.356869999999958,44.081770000000063],[-73.357009999999946,44.081780000000037],[-73.357189999999946,44.081480000000056],[-73.357069999999965,44.081280000000049],[-73.357089999999971,44.081170000000043],[-73.35716999999994,44.081140000000062],[-73.357339998999976,44.081200000000081],[-73.357449999999972,44.081160000000068],[-73.357629999999972,44.08095000000003],[-73.357779999999934,44.080910000000074],[-73.357869999999934,44.080780000000061],[-73.358289999999954,44.080520000000035],[-73.358709999999974,44.080390000000079],[-73.358889998999985,44.080420000000061],[-73.359379999999987,44.080250000000035],[-73.359759999999937,44.080180000000041],[-73.360189999999989,44.079940000000079],[-73.360529999999983,44.079820000000041],[-73.360489998999981,44.079490000000078],[-73.360559999999964,44.079270000000065],[-73.360839999999939,44.078900000000033],[-73.361129999999946,44.078830000000039],[-73.361169999999959,44.078990000000033],[-73.361309999999946,44.079150000000027],[-73.360999999999933,44.079340000000059],[-73.360949999999946,44.079490000000078],[-73.361029999999971,44.079830000000072],[-73.361189999999965,44.07997000000006],[-73.360829999999964,44.080090000000041],[-73.360319999999945,44.080390000000079],[-73.359909999999957,44.080560000000048],[-73.359759999999937,44.080830000000049],[-73.359629999999981,44.08084000000008],[-73.359489999999937,44.080720000000042],[-73.359149999999943,44.080700000000036],[-73.359059999999943,44.080760000000055],[-73.358769999999936,44.080790000000036],[-73.35854999999998,44.080940000000055],[-73.358399999999961,44.080970000000036],[-73.358360000999937,44.081190000000049],[-73.358089998999958,44.081240000000037],[-73.357979999999941,44.081340000000068],[-73.357929999999953,44.081600000000037],[-73.357779999999934,44.081700000000069],[-73.357739998999989,44.081800000000044],[-73.357819999999947,44.081970000000069],[-73.357689999999934,44.082030000000032],[-73.357689999999934,44.082100000000025],[-73.358179999999948,44.082460000000026],[-73.358439999999973,44.082470000000058],[-73.358489999999961,44.082650000000058],[-73.358649999999955,44.082750000000033],[-73.35874999899994,44.082990000000052],[-73.358669999999961,44.083050000000071],[-73.358399999999961,44.082850000000064],[-73.358099999999979,44.082750000000033],[-73.358059999999966,44.082840000000033],[-73.358149999999966,44.083000000000027],[-73.357969999999966,44.08304000000004],[-73.357689998999945,44.082720000000052],[-73.357419999999934,44.082580000000064],[-73.357289999999978,44.082650000000058],[-73.357041799999934,44.082660900000064],[-73.356910299999981,44.082757900000047],[-73.356949999999983,44.082890000000077],[-73.356859999999983,44.082960000000071],[-73.356781899999987,44.083208100000036],[-73.356688799999972,44.08349510000005],[-73.356503298999939,44.083507800000064],[-73.356425071999979,44.083443050000028],[-73.35642237999997,44.083429116000048],[-73.356377963999989,44.083398166000052],[-73.356375331999971,44.083384490000071],[-73.356096907999984,44.083199035000064],[-73.356094518999953,44.083198621000065],[-73.355908563999947,44.083144194000056],[-73.355907899999977,44.08314415600006],[-73.355555199999969,44.083158100000048],[-73.355185699999936,44.083272400000055],[-73.355019299999981,44.083530000000053],[-73.354433799999981,44.08370160000004],[-73.354012899999987,44.083998700000052],[-73.354064999999935,44.084145000000035],[-73.360021700999937,44.083631300000036],[-73.360642699999971,44.083432100000039],[-73.362016499999982,44.082485500000075],[-73.362584900999934,44.082268500000055],[-73.374442699999975,44.081089500000076],[-73.37477309999997,44.081011700000033],[-73.375186999999983,44.080821000000071],[-73.375629599999968,44.080484800000079],[-73.376010199999939,44.079904100000078],[-73.376428999999973,44.077443300000027],[-73.377241298999934,44.074525300000062],[-73.377510499999971,44.073912700000051],[-73.379037199999971,44.07108850000003],[-73.378924500999972,44.071040700000026],[-73.37912179999995,44.070650800000067],[-73.379719199999954,44.069603200000074],[-73.380046599999957,44.069158000000073],[-73.38168479999996,44.066142400000047],[-73.382732199999964,44.061989800000049],[-73.382707499999981,44.061582900000076],[-73.38259039999997,44.061288900000079],[-73.380565099999956,44.058368800000039],[-73.380280099999936,44.058043300000065],[-73.379188699999986,44.057205100000033],[-73.378772500999958,44.057410300000072],[-73.377911399999959,44.05770670000004],[-73.377421498999979,44.058044900000027],[-73.376374599999963,44.058331600000031],[-73.376127072999964,44.058312985000043],[-73.376124239999967,44.058299165000051],[-73.37606825499995,44.058233500000028],[-73.376123399999983,44.058066100000076],[-73.377102899999954,44.057389800000067],[-73.377193899999952,44.05726640000006],[-73.377202564999948,44.056998717000056],[-73.377189830999953,44.05698758300008],[-73.377186869999946,44.056965417000072],[-73.377173729999981,44.056954200000064],[-73.377170769999964,44.056932217000053],[-73.377157630999989,44.056920983000055],[-73.377157299999965,44.056898800000056],[-73.377126199999964,44.056876700000032],[-73.377126030999989,44.056867322000073],[-73.377123139999981,44.056853553000053],[-73.37676526499996,44.056523884000057],[-73.376762438999947,44.056510664000029],[-73.376577059999988,44.056324387000075],[-73.376574198999947,44.056311228000027],[-73.376482760999977,44.056224787000076],[-73.376482599999974,44.056212800000026],[-73.376404699999966,44.05616880000008],[-73.376404568999988,44.056159108000031],[-73.376401738999959,44.056145656000069],[-73.376167959999975,44.055849157000068],[-73.376164967999955,44.055825135000077],[-73.37615223399996,44.055814000000055],[-73.376211599999976,44.055657600000075],[-73.376395223999964,44.055667192000044],[-73.376397304999955,44.05566755600006],[-73.376706525999964,44.055841315000066],[-73.376709360999939,44.055855187000077],[-73.376737799999944,44.055875459000049],[-73.376740844999972,44.055899530000033],[-73.376942777999943,44.056153617000064],[-73.376945951999971,44.056188776000056],[-73.376974539999935,44.056218227000045],[-73.376977558999954,44.056244166000056],[-73.377006539999968,44.056273770000075],[-73.377009587999964,44.056299795000029],[-73.37703824099998,44.056329325000036],[-73.377041259999942,44.056355273000065],[-73.37706984099998,44.05638471900005],[-73.377072829999975,44.056408783000052],[-73.377305626999942,44.056639415000063],[-73.377308494999966,44.05665218200005],[-73.377336802999935,44.056663318000062],[-73.377339648999964,44.056674374000067],[-73.377508930999966,44.056805426000039],[-73.377511830999936,44.056819828000073],[-73.377776599999947,44.056949800000041],[-73.378055099999983,44.05698110000003],[-73.378471900999955,44.056944400000077],[-73.37872645799996,44.056864400000052],[-73.378726499999971,44.056864400000052],[-73.376613099999986,44.055568200000039],[-73.37625289999994,44.055241400000057],[-73.376080199999933,44.054717400000072],[-73.376234999999951,44.053242400000045],[-73.368129499999952,44.053823900000054],[-73.366996300999972,44.053879300000062],[-73.366476999999975,44.053833600000075],[-73.365993699999933,44.053690800000027],[-73.363332699999944,44.052478500000063],[-73.355816798999967,44.049500800000033],[-73.355224599999985,44.049326300000075],[-73.354804699999988,44.049298900000053]]],[[[-73.361959999999954,44.054730000000063],[-73.361759999999947,44.054880000000026],[-73.361729999999966,44.054980000000057],[-73.361439999999959,44.055060000000026],[-73.360920000999954,44.054900000000032],[-73.360669999999971,44.055230000000051],[-73.360469999999964,44.055940000000078],[-73.360650000999954,44.056140000000028],[-73.360810000999948,44.056120000000078],[-73.361229999999978,44.056110000000047],[-73.361399999999946,44.056020000000046],[-73.361389999999972,44.055930000000046],[-73.361119999999971,44.055890000000034],[-73.361089999999933,44.055790000000059],[-73.361179999999933,44.055700000000058],[-73.361179999999933,44.055560000000071],[-73.361349999999959,44.055460000000039],[-73.361399999999946,44.055350000000033],[-73.362129999999979,44.055240000000026],[-73.362109999999973,44.055140000000051],[-73.361959999999954,44.05502000000007],[-73.361959999999954,44.054730000000063]]],[[[-73.377560000999949,44.071970000000078],[-73.377249999999947,44.071980000000053],[-73.377099999999984,44.072320000000047],[-73.377189999999985,44.072400000000073],[-73.377600000999962,44.072480000000041],[-73.37773999999996,44.07218000000006],[-73.377699999999948,44.072020000000066],[-73.377560000999949,44.071970000000078]]],[[[-73.290443599999946,44.047443400000077],[-73.290438699999982,44.047575400000028],[-73.288982898999961,44.047625400000072],[-73.289101899999935,44.048182000000054],[-73.288261298999942,44.048249300000066],[-73.288112699999942,44.049774900000045],[-73.288116599999967,44.051684200000068],[-73.288277698999934,44.053628700000047],[-73.288677899999982,44.056765600000062],[-73.28937929999995,44.061396400000035],[-73.289535099999966,44.064086300000042],[-73.289355099999966,44.067373900000064],[-73.289364799999987,44.068411200000071],[-73.289840499999968,44.071794300000079],[-73.289043498999945,44.073967400000072],[-73.286740698999949,44.078388000000075],[-73.286016399999937,44.079514000000074],[-73.283914099999947,44.082146100000045],[-73.277494098999966,44.082807700000046],[-73.275895499999933,44.081628400000056],[-73.274843899999951,44.08109120000006],[-73.27415179999997,44.08087340000003],[-73.272366699999964,44.080489400000033],[-73.270857299999989,44.079909900000075],[-73.269448699999941,44.079629600000032],[-73.268678799999975,44.079581400000052],[-73.265037199999938,44.079588400000034],[-73.264169700999958,44.079633900000033],[-73.263323199999945,44.07976130000003],[-73.25830209999998,44.080805800000064],[-73.254756199999974,44.081039300000043],[-73.254006698999945,44.081164700000045],[-73.252893399999948,44.081453600000032],[-73.25207359999996,44.081545300000073],[-73.250931299999934,44.081594800000062],[-73.250256999999976,44.083779600000071],[-73.25017379999997,44.084397200000069],[-73.253508899999986,44.084104900000057],[-73.255794999999978,44.083653500000025],[-73.258384098999954,44.083519800000033],[-73.259308399999952,44.083417300000065],[-73.26458139999994,44.082317000000046],[-73.265195099999971,44.082265000000064],[-73.267364400999952,44.082230200000026],[-73.26869389899997,44.082242500000064],[-73.26900089999998,44.082289900000035],[-73.269644299999982,44.082451900000081],[-73.270029799999975,44.082649500000059],[-73.271079699999973,44.083034700000042],[-73.272529999999961,44.083293800000035],[-73.273031899999978,44.083449900000062],[-73.273459499999944,44.083662900000036],[-73.275705599999981,44.085330600000077],[-73.276089800999955,44.085476500000027],[-73.276462699999968,44.085541600000056],[-73.276883299999952,44.085560500000042],[-73.286264699999947,44.084597900000063],[-73.289447999999936,44.080381500000044],[-73.290450199999952,44.078746400000057],[-73.29249539999995,44.074816500000054],[-73.293447299999968,44.072221200000058],[-73.293495599999972,44.071877400000062],[-73.293447199999946,44.07125110000004],[-73.293073700999969,44.069035100000065],[-73.293014199999959,44.068108800000061],[-73.292997299999968,44.067320500000051],[-73.293197998999972,44.064090000000078],[-73.293063299999972,44.061557400000027],[-73.292283198999939,44.056243900000027],[-73.291751699999963,44.05159210000005],[-73.291728700999954,44.050065800000027],[-73.292074900999978,44.04752110000004],[-73.290463299999942,44.047566400000051],[-73.290443599999946,44.047443400000077]]],[[[-73.303337599999963,44.046724100000063],[-73.297838099999979,44.047256100000027],[-73.292264899999964,44.047512900000072],[-73.291958199999954,44.049636700000065],[-73.291908899999953,44.050926400000037],[-73.291969299999948,44.051897600000075],[-73.29247259999994,44.056231700000069],[-73.293253199999981,44.061549900000045],[-73.293388298999957,44.064088600000048],[-73.293182498999954,44.067503100000067],[-73.29326599999996,44.069075500000054],[-73.295480099999963,44.068934400000046],[-73.301574399999936,44.069370700000036],[-73.302296299999966,44.069378000000029],[-73.304243099999951,44.069198700000072],[-73.304126999999937,44.068001800000047],[-73.303250399999968,44.063513000000057],[-73.302866399999971,44.06258420000006],[-73.302775899999972,44.062166000000047],[-73.302731899999969,44.061625900000081],[-73.302346998999951,44.060082100000045],[-73.301715999999942,44.056629100000066],[-73.301632900999948,44.056626200000039],[-73.301378199999988,44.055360300000075],[-73.301099999999963,44.053472500000055],[-73.301138999999978,44.052779400000077],[-73.301343499999973,44.052070900000047],[-73.303337599999963,44.046724100000063]]],[[[-73.282883999999967,44.045836500000064],[-73.282749699999954,44.046774300000038],[-73.283045799999968,44.046748600000058],[-73.282883999999967,44.045836500000064]]],[[[-73.346772899999962,44.044872700000042],[-73.344546699999967,44.045056300000056],[-73.343782199999964,44.045119400000033],[-73.344955099999936,44.05032680000005],[-73.349089999999933,44.049766200000079],[-73.348112299999968,44.045555400000069],[-73.346772899999962,44.044872700000042]]],[[[-73.323629898999968,44.036151200000063],[-73.323507098999983,44.036411600000065],[-73.323375899999974,44.036508600000047],[-73.323499999999967,44.036620000000028],[-73.32373999899994,44.036550000000034],[-73.323789999999974,44.03648000000004],[-73.323789999999974,44.036250000000052],[-73.323629898999968,44.036151200000063]]],[[[-73.403897399999948,44.034417000000076],[-73.403574899999967,44.03456570000003],[-73.403516623999963,44.034811264000041],[-73.403580078999937,44.03493360300007],[-73.40361100299998,44.035067257000037],[-73.403641746999938,44.035098272000027],[-73.403645123999979,44.035133564000034],[-73.40365806899996,44.035144718000026],[-73.403661230999944,44.035166882000055],[-73.403674162999948,44.035178118000033],[-73.403677637999976,44.035222463000025],[-73.40369020299994,44.035233618000063],[-73.403693330999943,44.035255782000036],[-73.403706282999963,44.03526701800007],[-73.403709818999971,44.035311363000062],[-73.403722368999979,44.035322519000033],[-73.403725531999953,44.035344682000073],[-73.403738478999969,44.03535591800005],[-73.403741748999948,44.035389165000026],[-73.40375734099996,44.035400301000038],[-73.40377104199996,44.035455798000044],[-73.403786568999976,44.035467018000077],[-73.403790213999969,44.035522482000033],[-73.40380511099994,44.035533706000081],[-73.403815599999973,44.035585300000037],[-73.40399119999995,44.035976000000062],[-73.403946001999941,44.03602290300006],[-73.40393710099994,44.036027800000056],[-73.403951010999947,44.03603410900007],[-73.403987299999983,44.036279100000058],[-73.403942198999971,44.03636860000006],[-73.403850299999988,44.036425200000053],[-73.403711099999953,44.036426300000073],[-73.403477699999939,44.036305500000026],[-73.403285858999936,44.036039196000047],[-73.403270838999958,44.035972230000027],[-73.403208697999958,44.035894982000059],[-73.403205751999963,44.035883918000025],[-73.403158491999989,44.035817302000055],[-73.403144486999963,44.035761749000073],[-73.403113460999975,44.035730544000046],[-73.403110268999967,44.035706418000075],[-73.403097316999947,44.03569518200004],[-73.403096600999959,44.035650800000042],[-73.403081399999962,44.035650900000064],[-73.403033329999971,44.03553960000005],[-73.403032999999937,44.035517600000048],[-73.403017399999953,44.035517700000071],[-73.402876299999946,44.035362700000064],[-73.40287589999997,44.03534030000003],[-73.402873099999965,44.035339656000076],[-73.402642104999984,44.035220000000038],[-73.402639798999985,44.035219617000052],[-73.402456699999959,44.035232300000075],[-73.402150199999937,44.035379500000033],[-73.402089699999976,44.03548040000004],[-73.402094599999941,44.035803600000065],[-73.401957399999958,44.035905000000071],[-73.401725398999986,44.035906900000043],[-73.401476099999968,44.035763900000063],[-73.401212301999976,44.035699194000074],[-73.40121112199995,44.035699109000063],[-73.400996198999962,44.035712000000046],[-73.400458698999955,44.035928000000069],[-73.400169000999938,44.036186600000065],[-73.40005120099994,44.036566500000049],[-73.399866499999973,44.036623800000029],[-73.399526400999946,44.036615300000051],[-73.399296199999981,44.036706200000026],[-73.399066799999957,44.036875400000042],[-73.399038827999959,44.037064782000073],[-73.399051768999982,44.03707601800005],[-73.399072515999933,44.037309788000073],[-73.399085053999954,44.037321026000029],[-73.399075699999969,44.037466100000074],[-73.398984798999948,44.037567100000047],[-73.39887779999998,44.037657100000047],[-73.398769647999984,44.037646600000073],[-73.398766685999988,44.037634714000035],[-73.398737937999954,44.037614378000058],[-73.398737399999959,44.037580100000071],[-73.398706299999958,44.037558100000069],[-73.398704347999967,44.037547567000047],[-73.398688715999981,44.037468082000032],[-73.398595599999965,44.037380700000028],[-73.398379398999964,44.037393500000064],[-73.398320499999954,44.037594600000034],[-73.398013599999956,44.037719700000025],[-73.397999209999966,44.037886791000062],[-73.398012540999957,44.037898024000071],[-73.398003599999981,44.038087500000074],[-73.397777048999956,44.038447911000048],[-73.397961940999949,44.038587651000057],[-73.397921399999973,44.038790400000039],[-73.397766999999988,44.038791700000047],[-73.397595532999958,44.038694523000061],[-73.397592602999964,44.038679696000031],[-73.397439299999974,44.038571300000058],[-73.397311499999944,44.038316000000066],[-73.39717170199998,44.038250400000038],[-73.397169712999982,44.038250116000029],[-73.396862699999986,44.038263700000073],[-73.396602099999939,44.038410700000043],[-73.396544098999982,44.038645300000042],[-73.396347499999933,44.038925400000039],[-73.395475299999987,44.039523000000031],[-73.394912199999965,44.040084900000068],[-73.39444229999998,44.040701700000056],[-73.394249099999968,44.04120480000006],[-73.393675199999961,44.042089900000065],[-73.393603713999937,44.042391274000067],[-73.393616742999939,44.042402415000026],[-73.393633443999988,44.042502493000029],[-73.393695238999953,44.042568050000057],[-73.39369817499994,44.04258205800005],[-73.394116099999962,44.042810539000072],[-73.394118802999969,44.042811157000074],[-73.394224398999938,44.04283223300007],[-73.394225048999942,44.042832295000039],[-73.394830398999943,44.042861200000061],[-73.395373469999981,44.043191418000049],[-73.395376559999988,44.04321536100008],[-73.395405039999957,44.043244838000078],[-73.395399699999984,44.043715000000077],[-73.395309099999963,44.043860700000039],[-73.395201499999985,44.043917300000032],[-73.395093399999951,44.043907000000047],[-73.39487206299998,44.043730200000027],[-73.394857237999986,44.043663603000027],[-73.39484233099995,44.043652382000062],[-73.394839266999952,44.04363023500008],[-73.394826236999961,44.043619082000077],[-73.394822750999936,44.043572681000057],[-73.394794399999967,44.043552600000055],[-73.394761298999981,44.043396700000073],[-73.394760799999972,44.043396702000052],[-73.394745530999955,44.043385565000051],[-73.394742468999937,44.043363518000035],[-73.394729431999963,44.043352365000032],[-73.394726368999955,44.043330218000051],[-73.394712143999982,44.043319000000054],[-73.394696599999975,44.043218900000056],[-73.394665498999984,44.043196900000055],[-73.394665333999967,44.043187624000041],[-73.394662401999938,44.04317461800008],[-73.394525299999941,44.043131100000039],[-73.394031298999948,44.043157300000075],[-73.393687899999975,44.042937000000052],[-73.393517303999943,44.042894128000057],[-73.393515123999975,44.042893718000073],[-73.393331999999987,44.042917500000044],[-73.393225699999959,44.043029700000034],[-73.393142298999976,44.043654600000025],[-73.392900699999984,44.044024400000069],[-73.392441599999984,44.044328900000039],[-73.392338824999968,44.044675182000049],[-73.392353045999982,44.044686408000075],[-73.392369851999945,44.044787768000049],[-73.392575099999988,44.044985600000075],[-73.392839400999947,44.045084000000031],[-73.393115097999953,44.045114898000065],[-73.393116582999937,44.045115005000071],[-73.393473375999974,44.045123602000047],[-73.393473600999982,44.045123612000054],[-73.39399818399994,44.04523081800005],[-73.394000400999971,44.045230900000035],[-73.395144998999967,44.045288800000037],[-73.395469166999987,44.045429271000046],[-73.395472114999961,44.04544314900005],[-73.395503038999948,44.045464243000026],[-73.395516766999947,44.045519898000066],[-73.395532271999969,44.045531018000077],[-73.39553669999998,44.045642500000042],[-73.395475799999986,44.045687600000065],[-73.395195048999938,44.045689597000035],[-73.39498089999995,44.045680200000049],[-73.394854869999961,44.045625292000068],[-73.394853697999963,44.045625133000044],[-73.39440609899998,44.04547290000005],[-73.39405069999998,44.045486900000071],[-73.393820399999981,44.045577900000069],[-73.393652499999973,44.045712900000069],[-73.393607909999957,44.045924891000027],[-73.393621868999958,44.045936118000043],[-73.393624931999966,44.045958265000081],[-73.393637978999948,44.045969417000038],[-73.393641252999942,44.046004636000077],[-73.393766349999964,44.046124377000069],[-73.393799600999955,44.046269100000075],[-73.393541800999969,44.046572200000071],[-73.393417799999952,44.046550800000034],[-73.393292058999975,44.046408746000054],[-73.393288968999968,44.046384618000047],[-73.393275936999942,44.04637338200007],[-73.393272561999936,44.046329035000042],[-73.393260517999977,44.046317876000046],[-73.393268881999973,44.046150624000063],[-73.393194061999964,44.046062986000038],[-73.393191201999969,44.046048997000071],[-73.392772998999988,44.045809000000077],[-73.392633498999942,44.04578790000005],[-73.392633199999977,44.04578790100004],[-73.392339899999968,44.045790100000033],[-73.391002599999979,44.046268700000041],[-73.390500298999939,44.046785400000033],[-73.389899800999956,44.047182900000053],[-73.389904699999988,44.047436300000072],[-73.389606599999979,44.047366900000043],[-73.389521799999955,44.047396000000049],[-73.389342599999964,44.047537100000056],[-73.388828999999987,44.047690600000067],[-73.388141799999971,44.048095200000034],[-73.387397999999962,44.04840930000006],[-73.386838498999964,44.048931800000048],[-73.386494100999982,44.049659000000077],[-73.386191199999985,44.050085100000047],[-73.386101725999936,44.050431751000076],[-73.386427297999944,44.05053999200004],[-73.386428187999968,44.050540093000052],[-73.38643019999995,44.050551400000074],[-73.386538299999984,44.050561600000037],[-73.386813797999935,44.050570513000025],[-73.386815957999943,44.050570583000081],[-73.387107898999943,44.050601644000039],[-73.387110612999948,44.050602551000054],[-73.387264368999979,44.050712118000035],[-73.38717859999997,44.051002600000061],[-73.387209773999984,44.051158843000053],[-73.387240338999959,44.051189617000034],[-73.387245399999983,44.051347600000042],[-73.387067330999969,44.051828182000065],[-73.387080367999943,44.051839418000043],[-73.38708393099995,44.051894982000078],[-73.387175131999982,44.051993282000069],[-73.38717797399994,44.05200758400008],[-73.387427699999989,44.052171100000066],[-73.387937997999984,44.052367336000032],[-73.387939478999954,44.052367591000063],[-73.388062296999976,44.052411033000055],[-73.388065004999987,44.052411665000079],[-73.388124596999944,44.052432638000028],[-73.388127200999975,44.052433083000039],[-73.388189700999988,44.052454999000076],[-73.388930993999963,44.052604855000027],[-73.388932926999985,44.052605185000061],[-73.389163586999985,44.052669592000029],[-73.389166302999968,44.052670603000081],[-73.389430399999981,44.052757500000041],[-73.39014472599996,44.053162409000038],[-73.39014762499994,44.053176839000059],[-73.390412500999958,44.053453500000046],[-73.39041597399995,44.053453254000033],[-73.393123800999945,44.053220800000076],[-73.395115699999963,44.052990200000067],[-73.399848299999974,44.051892400000042],[-73.403619799999944,44.050919800000031],[-73.407324499999959,44.051133500000049],[-73.40947099999994,44.048101000000031],[-73.410783899999956,44.046063200000049],[-73.410363398999948,44.043222300000025],[-73.409922699999981,44.041730400000063],[-73.409773599999937,44.040788400000054],[-73.409841398999959,44.039882200000079],[-73.410019898999963,44.03937250000007],[-73.409951174999946,44.039287982000076],[-73.409950999999978,44.039274900000066],[-73.409919999999943,44.039264100000025],[-73.409793860999969,44.039098683000077],[-73.409790900999951,44.039085482000075],[-73.409684015999972,44.038976999000056],[-73.409681016999969,44.038962383000069],[-73.40963402899996,44.038909715000045],[-73.409620007999933,44.038854001000061],[-73.40957272199995,44.038787382000066],[-73.409568698999976,44.038709537000045],[-73.409556130999988,44.038698400000044],[-73.409610518999955,44.038408118000063],[-73.40959399999997,44.038390400000026],[-73.409351899999933,44.038164900000027],[-73.408661532999986,44.037815623000029],[-73.408658528999979,44.037800937000043],[-73.408505270999967,44.037694062000071],[-73.408502270999975,44.037679555000068],[-73.408380169999987,44.037594683000066],[-73.408377098999949,44.037579853000068],[-73.408332931999951,44.037539499000047],[-73.408329938999941,44.037525626000047],[-73.408238564999976,44.037439284000072],[-73.408235596999987,44.037425106000057],[-73.408097260999966,44.037272874000053],[-73.408094266999967,44.037258928000028],[-73.407844274999945,44.036919182000076],[-73.407841297999937,44.036905224000066],[-73.407655168999952,44.036664900000062],[-73.407652068999937,44.036640118000037],[-73.407631699999968,44.03661900000003],[-73.405678098999942,44.035764700000072],[-73.404803200999936,44.035258500000054],[-73.404233698999974,44.034799900000053],[-73.403897399999948,44.034417000000076]]],[[[-73.40319999999997,44.037820000000067],[-73.403049999999951,44.037890000000061],[-73.403059999999982,44.038080000000036],[-73.403179999999963,44.038140000000055],[-73.403069999999957,44.038300000000049],[-73.402649999999937,44.038400000000081],[-73.402729999999963,44.03848000000005],[-73.402929999999969,44.03848000000005],[-73.402879998999936,44.038540000000069],[-73.402699999999982,44.038550000000043],[-73.402709999999956,44.038600000000031],[-73.402939999999944,44.038640000000044],[-73.403040000999965,44.038590000000056],[-73.403119999999944,44.038580000000081],[-73.403449999999964,44.038180000000068],[-73.40337999999997,44.03788000000003],[-73.40319999999997,44.037820000000067]]],[[[-73.269607227999984,44.033906695000042],[-73.265671250999958,44.034234379000054],[-73.265877500999977,44.034802500000069],[-73.266713099999947,44.03568690000003],[-73.266888899999969,44.035784800000044],[-73.26882059999997,44.037659200000064],[-73.269315898999935,44.038075700000036],[-73.271185899999978,44.03655880000008],[-73.271438799999942,44.039270000000045],[-73.273757799999942,44.040527700000041],[-73.274410799999941,44.040820600000075],[-73.276158099999975,44.041750500000035],[-73.277990600999942,44.04264210000008],[-73.278770099999974,44.04293720000004],[-73.279682599999944,44.04313170000006],[-73.280630699999961,44.043211600000063],[-73.283310898999957,44.042996300000027],[-73.28299949999996,44.045077700000036],[-73.288329899999951,44.044577100000026],[-73.288224400999979,44.043561800000077],[-73.290394799999945,44.043333200000063],[-73.290551899999969,44.044121800000028],[-73.290290699999957,44.044154200000037],[-73.290386800999954,44.044929300000035],[-73.290270799999973,44.045502800000065],[-73.290441399999963,44.047408500000074],[-73.292094899999938,44.047360400000059],[-73.293123199999968,44.039568300000042],[-73.290742899999941,44.039638900000057],[-73.282885999999962,44.040336700000069],[-73.280534299999943,44.040486600000065],[-73.280252299999972,44.040462600000069],[-73.279996298999947,44.040379300000041],[-73.276284299999986,44.03850140000003],[-73.272304899999938,44.036429100000078],[-73.271829899999943,44.03608760000003],[-73.27089529999995,44.035218500000042],[-73.269607227999984,44.033906695000042]]],[[[-73.397276099999942,44.032639900000049],[-73.395324899999935,44.034228800000051],[-73.396819899999969,44.035187400000041],[-73.397925698999984,44.03429710000006],[-73.398581399999955,44.034572800000035],[-73.39949729999995,44.033814200000052],[-73.400714321999942,44.03458889400008],[-73.401676599999973,44.033978700000034],[-73.401646280999955,44.033968387000073],[-73.400280499999951,44.033495600000037],[-73.399387899999965,44.033075300000064],[-73.398324698999943,44.032928300000037],[-73.397276099999942,44.032639900000049]]],[[[-73.321690099999955,44.032589900000062],[-73.321620000999985,44.03281000000004],[-73.321766099999934,44.032918800000061],[-73.321886699999936,44.033116700000051],[-73.321875099999943,44.03351420000007],[-73.322007400999951,44.033518300000026],[-73.322115099999962,44.033391700000038],[-73.32238549899995,44.033339800000078],[-73.322832907999953,44.033341570000061],[-73.322838599999955,44.033342100000027],[-73.322836022999979,44.033265567000058],[-73.322828139999956,44.033241798000063],[-73.322824599999933,44.033227300000078],[-73.322824559999958,44.033227203000081],[-73.322763298999973,44.033148700000027],[-73.322264599999983,44.03295090000006],[-73.321690099999955,44.032589900000062]]],[[[-73.294192392999946,44.03141774900007],[-73.272358326999949,44.033677657000055],[-73.269819450999989,44.033889027000043],[-73.271046699999943,44.035135600000046],[-73.271974400999966,44.035998300000074],[-73.272374200999934,44.036291700000049],[-73.276394399999958,44.038389600000073],[-73.280237299999953,44.040315200000066],[-73.280528199999935,44.040349700000036],[-73.282867299999964,44.040200200000072],[-73.290726399999983,44.03950210000005],[-73.293007299999942,44.039390500000025],[-73.293299599999955,44.03743970000005],[-73.293452099999968,44.037422700000036],[-73.293976199999975,44.03376940000004],[-73.294192392999946,44.03141774900007]]],[[[-73.27652999999998,44.035900000000026],[-73.276259999999979,44.036000000000058],[-73.276249999999948,44.036340000000052],[-73.276399999999967,44.036290000000065],[-73.276509999999973,44.036340000000052],[-73.27652999999998,44.036450000000059],[-73.276629998999965,44.036510000000078],[-73.276469999999961,44.036670000000072],[-73.276549999999986,44.03666000000004],[-73.276640000999976,44.036730000000034],[-73.276489999999967,44.03675000000004],[-73.276489999999967,44.03681000000006],[-73.276539999999954,44.036840000000041],[-73.276649998999972,44.036780000000078],[-73.276749999999936,44.036790000000053],[-73.277039999999943,44.037310000000048],[-73.277429998999935,44.037530000000061],[-73.277520000999971,44.03750000000008],[-73.277589999999975,44.037630000000036],[-73.277789999999982,44.037640000000067],[-73.277770000999965,44.037520000000029],[-73.27795999999995,44.037470000000042],[-73.277829999999938,44.037410000000079],[-73.277819999999963,44.037330000000054],[-73.277489999999943,44.037460000000067],[-73.277230000999964,44.037400000000048],[-73.27723999899996,44.037290000000041],[-73.27741999999995,44.037050000000079],[-73.277209999999968,44.03699000000006],[-73.276869999999974,44.036550000000034],[-73.276639999999986,44.036440000000027],[-73.276549999999986,44.036280000000033],[-73.27652999999998,44.035900000000026]]],[[[-73.307506924999984,44.03006470400004],[-73.303222245999962,44.03047945600008],[-73.302169399999968,44.030723200000068],[-73.299252742999954,44.030882337000037],[-73.29687955299994,44.031133433000036],[-73.294384599999944,44.031467600000042],[-73.294160099999942,44.033810100000039],[-73.293334399999935,44.039994500000034],[-73.293425599999978,44.039997800000037],[-73.293295499999942,44.041051400000072],[-73.293119099999956,44.041079900000057],[-73.292285599999957,44.047362200000066],[-73.297818999999947,44.047119500000065],[-73.303354299999967,44.046582500000056],[-73.304694899999959,44.042895400000077],[-73.305294899999978,44.04103420000007],[-73.305239599999936,44.041017300000078],[-73.30544649999996,44.040375300000051],[-73.307059200999959,44.035857000000078],[-73.307269299999973,44.035027500000069],[-73.307361399999934,44.034023500000046],[-73.307310499999971,44.03288660000004],[-73.30746309999995,44.03239810000008],[-73.307400199999961,44.030851000000041],[-73.307506924999984,44.03006470400004]]],[[[-73.320707999999968,44.029439400000058],[-73.320449998999948,44.029590000000042],[-73.32057999999995,44.030010000000061],[-73.320799999999963,44.03027000000003],[-73.320739999999944,44.030580000000043],[-73.320933399999944,44.030600000000049],[-73.320935199999951,44.030600000000049],[-73.320904016999975,44.03028348600003],[-73.320886653999935,44.030232369000032],[-73.320883599999945,44.030206130000067],[-73.320877150999934,44.030182271000058],[-73.320875782999963,44.030177522000031],[-73.320868552999968,44.030152806000046],[-73.320835633999934,44.029844732000072],[-73.320814365999979,44.029788751000069],[-73.320790484999975,44.029664460000049],[-73.320764919999988,44.029607540000029],[-73.320757889999982,44.029574037000032],[-73.320727907999981,44.029498498000066],[-73.320725700999958,44.029490900000042],[-73.320707999999968,44.029439400000058]]],[[[-73.320511558999954,44.028806046000057],[-73.307745729999965,44.030041588000074],[-73.307705299999952,44.030080700000042],[-73.307641399999966,44.03177670000008],[-73.307712399999957,44.032763900000077],[-73.307868699999972,44.033145300000058],[-73.307895799999983,44.033675900000048],[-73.307713299999989,44.033987700000068],[-73.307299899999975,44.036299400000075],[-73.306927799999983,44.037308400000029],[-73.306620099999975,44.037830500000041],[-73.306319500999962,44.038550600000065],[-73.306229899999948,44.039211100000045],[-73.30565950099998,44.040964900000063],[-73.305530699999963,44.041141900000071],[-73.304934798999966,44.042954700000053],[-73.30458219999997,44.043787300000076],[-73.301761799999952,44.051607300000057],[-73.301498199999969,44.052360600000043],[-73.301361199999974,44.052991600000041],[-73.301332199999933,44.053489500000069],[-73.301391399999943,44.054040200000031],[-73.301907899999946,44.056342100000052],[-73.302347199999986,44.058774800000037],[-73.302981199999977,44.061603700000035],[-73.303026199999977,44.061608800000045],[-73.303284599999984,44.062964100000045],[-73.303391999999974,44.063271900000075],[-73.313516299999947,44.062240200000076],[-73.314370800999939,44.062092900000039],[-73.316124099999968,44.061548300000027],[-73.317903099999967,44.061085800000058],[-73.319099399999971,44.060834900000032],[-73.328743799999984,44.059490200000027],[-73.330489699999987,44.059144600000025],[-73.330384299999935,44.059125700000038],[-73.329924299999959,44.059236400000032],[-73.329183099999966,44.058572600000048],[-73.32897829999996,44.05814300000003],[-73.329069199999935,44.057606600000042],[-73.329069215999937,44.05760624800007],[-73.329068630999984,44.057542927000043],[-73.329066299999965,44.057533100000057],[-73.329062553999961,44.057513248000078],[-73.329048230999945,44.05745905200007],[-73.329047780999986,44.057457284000066],[-73.329040429999964,44.057432878000043],[-73.329035036999983,44.057406419000074],[-73.329004616999953,44.057323969000038],[-73.329003985999975,44.057321438000031],[-73.328996703999962,44.057297148000032],[-73.328991413999972,44.057271082000057],[-73.328951727999936,44.057181548000074],[-73.328933837999955,44.05709028800004],[-73.328908273999957,44.057033168000032],[-73.328903676999971,44.057010877000039],[-73.328879988999972,44.056955683000069],[-73.328872697999941,44.056909330000053],[-73.328751599999975,44.056624800000066],[-73.327685899999949,44.055755500000032],[-73.327210598999955,44.05546570000007],[-73.326139399999988,44.056087500000046],[-73.325795599999935,44.056183800000042],[-73.324813498999958,44.056315500000039],[-73.324285398999962,44.056524800000034],[-73.323938899999973,44.057143600000074],[-73.323507998999958,44.05701270000003],[-73.323730999999952,44.056606900000077],[-73.323363899999947,44.05613290000008],[-73.32271359899994,44.055770600000074],[-73.322044499999947,44.055684700000029],[-73.320765399999971,44.055620500000032],[-73.32052269999997,44.054257800000073],[-73.319820199999981,44.054302700000051],[-73.318958699999939,44.05455610000007],[-73.318146399999989,44.054642300000069],[-73.317735899999946,44.054922100000056],[-73.316739598999959,44.055601400000057],[-73.31622619999996,44.056071700000075],[-73.315575499999966,44.055999500000041],[-73.31537869999994,44.055568900000026],[-73.315903099999957,44.055505100000062],[-73.315703999999982,44.054323700000054],[-73.317918598999938,44.054082700000038],[-73.317918199999951,44.053916900000047],[-73.319561000999954,44.053360800000064],[-73.321518199999957,44.053238900000053],[-73.32158979999997,44.053728600000056],[-73.321910900999967,44.054026600000043],[-73.322038599999985,44.054715200000032],[-73.322211999999979,44.055222700000058],[-73.322871899999939,44.055186700000036],[-73.323092299999985,44.054714700000034],[-73.323337098999957,44.054454000000078],[-73.323768899999948,44.054454700000065],[-73.323773399999936,44.054257800000073],[-73.322954900999946,44.053483100000051],[-73.323196199999984,44.053180500000053],[-73.323280799999964,44.052735400000074],[-73.322815698999989,44.05261420000005],[-73.322409499999935,44.052255000000059],[-73.322212899999954,44.05155220000006],[-73.321627699999965,44.051671400000032],[-73.321426999999971,44.051459700000066],[-73.322286099999985,44.051104300000077],[-73.322336099999973,44.050499000000059],[-73.321826899999962,44.049975000000074],[-73.320586898999977,44.049666800000068],[-73.320424099999968,44.048706700000025],[-73.320546800999978,44.047283600000071],[-73.319692799999984,44.046659100000056],[-73.320141199999966,44.045115600000031],[-73.319714399999953,44.044904100000053],[-73.319359999999961,44.044810000000041],[-73.318896999999936,44.044530000000066],[-73.318769999999972,44.044490000000053],[-73.318519999999978,44.044610000000034],[-73.318319999999972,44.044510000000059],[-73.318259999999952,44.044440000000066],[-73.318369999999959,44.044430000000034],[-73.318419999999946,44.044370000000072],[-73.318529999999953,44.04436000000004],[-73.318629999999985,44.044420000000059],[-73.318760499999939,44.044346500000074],[-73.318067199999973,44.043407800000068],[-73.320058499999959,44.043206500000053],[-73.320493699999986,44.042678300000034],[-73.320658199999968,44.042559400000073],[-73.321049599999981,44.042443800000058],[-73.321273499999961,44.042246800000044],[-73.321049999999957,44.041610000000048],[-73.320909999999969,44.041460000000029],[-73.320876899999973,44.041199800000072],[-73.320982299999969,44.040928000000065],[-73.320973899999956,44.040744600000039],[-73.321201599999938,44.040712300000052],[-73.321601699999974,44.040796600000078],[-73.321862399999986,44.040988800000036],[-73.321910599999967,44.040767500000072],[-73.321829899999955,44.040677200000061],[-73.32153999999997,44.040630000000078],[-73.321112899999946,44.040238500000044],[-73.321119899999985,44.040133600000047],[-73.321377698999981,44.03999820000007],[-73.321496299999978,44.039723200000026],[-73.321639200999982,44.03957980000007],[-73.321229999999957,44.039420000000064],[-73.320609999999988,44.038670000000025],[-73.320729999999969,44.038190000000043],[-73.320899999999938,44.037810000000036],[-73.321119999999951,44.037730000000067],[-73.321509999999989,44.037840000000074],[-73.321620000999985,44.037830000000042],[-73.32232000099998,44.037380000000041],[-73.322729999999979,44.037310000000048],[-73.322890000999962,44.037310000000048],[-73.32303000099995,44.037380000000041],[-73.323050000999956,44.037460000000067],[-73.323180000999969,44.037460000000067],[-73.32326999999998,44.037300000000073],[-73.322969999999941,44.036920000000066],[-73.323040000999981,44.036680000000047],[-73.323214999999948,44.036540000000059],[-73.323110199999974,44.03649340000004],[-73.322664798999938,44.035789900000054],[-73.32241000099998,44.035720000000026],[-73.322239999999965,44.03550000000007],[-73.322210000999974,44.035220000000038],[-73.322286800999962,44.035049400000048],[-73.322196194999947,44.034827101000076],[-73.322171186999981,44.034690089000037],[-73.322149756999977,44.034638141000073],[-73.322146798999938,44.034613100000058],[-73.322141636999959,44.034593627000049],[-73.322139043999982,44.034583797000039],[-73.322133170999962,44.034561831000076],[-73.322174199999949,44.034366700000078],[-73.322706499999981,44.033589100000029],[-73.322699999999941,44.033590000000061],[-73.322695998999961,44.033590000000061],[-73.321859998999969,44.033720000000073],[-73.321489999999983,44.033490000000029],[-73.321509999999989,44.033330000000035],[-73.321580000999973,44.033280000000047],[-73.32161660099996,44.033326600000066],[-73.321679999999958,44.033180000000073],[-73.321399999999983,44.032730000000072],[-73.321199999999976,44.032730000000072],[-73.321239999999989,44.032650000000046],[-73.321599299999946,44.032491100000072],[-73.321464299999946,44.032282100000032],[-73.321339998999974,44.032220000000052],[-73.32135999999997,44.032030000000077],[-73.32117999999997,44.03174000000007],[-73.321199999999976,44.031460000000038],[-73.321099999999944,44.031240000000025],[-73.320889999999963,44.031250000000057],[-73.320839999999976,44.031210000000044],[-73.321069999999963,44.031150000000025],[-73.320951999999977,44.030677000000026],[-73.320699999999988,44.030650000000037],[-73.320609999999988,44.030580000000043],[-73.320569999999975,44.030400000000043],[-73.320659999999975,44.030320000000074],[-73.320269999999937,44.029550000000029],[-73.320359999999937,44.02938000000006],[-73.320439999999962,44.029350000000079],[-73.320529999999962,44.029400000000066],[-73.320664599999986,44.029290600000081],[-73.320511558999954,44.028806046000057]]],[[[-73.308259999999962,44.036030000000039],[-73.308110000999989,44.036030000000039],[-73.307939999999974,44.036110000000065],[-73.30795999999998,44.036290000000065],[-73.307839999999942,44.036620000000028],[-73.30786999999998,44.036820000000034],[-73.308479999999975,44.036840000000041],[-73.308739998999954,44.036770000000047],[-73.308799999999962,44.036430000000053],[-73.308319999999981,44.036270000000059],[-73.308259999999962,44.036030000000039]]],[[[-73.34122279199994,44.026799131000075],[-73.321451029999935,44.028715158000068],[-73.321450536999976,44.028715206000072],[-73.32145268499994,44.028722610000045],[-73.321454075999952,44.028727404000051],[-73.321461302999978,44.028752100000077],[-73.321476303999987,44.028891546000068],[-73.321497988999965,44.028948254000056],[-73.321535517999962,44.02911595300003],[-73.321580214999983,44.029207789000054],[-73.321580294999933,44.029208101000052],[-73.321599037999988,44.02928427900008],[-73.321680944999969,44.029473599000028],[-73.321683157999985,44.029481214000043],[-73.321708217999969,44.029563521000057],[-73.321717201999945,44.029611561000081],[-73.321762399999955,44.029731689000073],[-73.321764649999977,44.029739527000061],[-73.321770600999969,44.029761675000032],[-73.321773479999933,44.02977793000008],[-73.321791484999949,44.029836154000066],[-73.321832089999987,44.03002749400008],[-73.321854807999955,44.030081348000067],[-73.321867954999959,44.030184276000057],[-73.32188623899998,44.030235498000025],[-73.321889182999939,44.030250584000044],[-73.321894353999937,44.030269898000029],[-73.321896830999947,44.030279172000064],[-73.32190282199997,44.030301512000051],[-73.321905676999961,44.030317610000054],[-73.321923291999951,44.030375166000056],[-73.321923302999949,44.030375199000048],[-73.321945482999979,44.030476779000026],[-73.321968655999967,44.030529221000052],[-73.321971563999966,44.030542775000072],[-73.321976753999934,44.030562198000041],[-73.321979227999975,44.030571484000063],[-73.322085468999944,44.030835828000079],[-73.322092513999962,44.030869948000031],[-73.322132797999984,44.030967675000056],[-73.322144013999946,44.031038753000075],[-73.322182684999973,44.031127548000029],[-73.322191401999987,44.031174061000058],[-73.322248194999986,44.03129646800005],[-73.322248599999966,44.031297000000052],[-73.322256516999971,44.03133755500005],[-73.322458800999982,44.031705800000054],[-73.322461898999961,44.031718401000035],[-73.322825672999954,44.032297164000056],[-73.322827745999973,44.03230551200005],[-73.323034870999948,44.032715469000038],[-73.323038005999933,44.032728199000076],[-73.323211128999958,44.033029630000044],[-73.323212546999969,44.033035258000041],[-73.323304562999965,44.03323666600005],[-73.32331454499996,44.033294691000037],[-73.323358994999978,44.033415202000072],[-73.323361447999957,44.033423619000075],[-73.323367225999959,44.03344510800008],[-73.323370270999987,44.033472601000028],[-73.323375496999972,44.033492301000081],[-73.323378070999979,44.033502177000059],[-73.323400120999963,44.033568759000048],[-73.323403059999976,44.033584879000045],[-73.323418404999984,44.033638646000043],[-73.323452248999956,44.033991830000048],[-73.323469442999965,44.034042816000067],[-73.323472776999949,44.034091542000056],[-73.323480047999965,44.034118216000081],[-73.323480278999966,44.034119008000062],[-73.323488525999949,44.034145808000062],[-73.32351923799996,44.034364929000049],[-73.323537038999973,44.034414336000054],[-73.323539879999942,44.034429116000069],[-73.323545053999965,44.034448698000062],[-73.323547530999974,44.034457972000041],[-73.323553520999951,44.034480310000049],[-73.323556377999978,44.034496570000044],[-73.323563110999942,44.034521406000067],[-73.323564078999937,44.034524740000052],[-73.323571757999957,44.034550437000064],[-73.323585162999962,44.034655647000079],[-73.323603446999982,44.03470681400006],[-73.323607074999984,44.034777914000074],[-73.323613340999941,44.034801247000075],[-73.323615057999973,44.034807173000047],[-73.323621953999975,44.034830800000066],[-73.323637430999952,44.034981644000027],[-73.323654745999988,44.035032854000065],[-73.323658574999968,44.035115502000053],[-73.323663752999948,44.035135098000069],[-73.323666242999934,44.035144453000044],[-73.323671889999957,44.035165656000061],[-73.323662399999989,44.03598130000006],[-73.32388999899996,44.036040000000071],[-73.323949999999968,44.036490000000072],[-73.32380999999998,44.036680000000047],[-73.323309999999935,44.036770000000047],[-73.323229999999967,44.03690000000006],[-73.323279999999954,44.03699000000006],[-73.323760000999982,44.037100000000066],[-73.323799999999949,44.037160000000029],[-73.323799999999949,44.037220000000048],[-73.323599999999942,44.037380000000041],[-73.323579999999936,44.037510000000054],[-73.323419999999942,44.037610000000029],[-73.323069999999973,44.037650000000042],[-73.322619999999972,44.037580000000048],[-73.322369999999978,44.03759000000008],[-73.322160000999986,44.037700000000029],[-73.321809999999971,44.038010000000043],[-73.321499998999968,44.038030000000049],[-73.321099998999955,44.037850000000049],[-73.320929999999976,44.03804000000008],[-73.320819999999969,44.038450000000068],[-73.320830000999933,44.038700000000063],[-73.321151899999961,44.039045500000043],[-73.321516299999985,44.039318600000058],[-73.321735699999977,44.039259600000037],[-73.321837499999958,44.039333000000056],[-73.321869998999944,44.039590000000032],[-73.321693899999957,44.040052600000081],[-73.321745799999974,44.040306300000054],[-73.321815099999981,44.040391600000078],[-73.32215999999994,44.040480000000059],[-73.322313899999983,44.040846000000045],[-73.322826599999985,44.040753700000039],[-73.322766199999933,44.042333900000074],[-73.322596799999985,44.042508500000054],[-73.322595400999944,44.042569100000037],[-73.321027299999969,44.044186100000047],[-73.321578099999954,44.044780600000081],[-73.32158979899998,44.045075100000076],[-73.321599099999958,44.045120000000054],[-73.321729999999945,44.04514000000006],[-73.321596699999986,44.045250700000054],[-73.321638399999983,44.046299400000066],[-73.32160319999997,44.046358600000076],[-73.321294498999976,44.04640820000003],[-73.322874999999954,44.047801400000026],[-73.322865898999964,44.047852500000033],[-73.322714599999983,44.049151000000052],[-73.321985000999973,44.049239200000045],[-73.322329999999965,44.049580000000049],[-73.322349998999982,44.049663600000031],[-73.322709999999972,44.049950000000081],[-73.322889999999973,44.050270000000069],[-73.322919999999954,44.050590000000057],[-73.323069999999973,44.050890000000038],[-73.323100000999943,44.051710000000071],[-73.323215999999945,44.051877900000079],[-73.323679998999978,44.052120000000059],[-73.323779999999942,44.05224000000004],[-73.323899999999981,44.052520000000072],[-73.323959999999943,44.052900000000079],[-73.32392109999995,44.053552700000068],[-73.32397119999996,44.053681200000028],[-73.324170300999981,44.053840500000035],[-73.324178300999961,44.05385380000007],[-73.324344399999973,44.053925400000026],[-73.324422514999981,44.05405064100006],[-73.324441326999988,44.054154122000057],[-73.32446189999996,44.054204946000027],[-73.324464608999961,44.054220115000078],[-73.324469567999984,44.054240175000075],[-73.324472279999952,44.054251592000071],[-73.324477292999973,44.054271029000063],[-73.324499120999974,44.054582182000047],[-73.324515033999944,44.054632379000054],[-73.324509199999966,44.054905000000076],[-73.324210599999958,44.055337500000064],[-73.324181252999949,44.055493527000067],[-73.324259899999959,44.055610200000046],[-73.324464472999978,44.055691382000077],[-73.324464599999942,44.055691400000057],[-73.324469998999973,44.055690000000027],[-73.324495583999976,44.055684883000026],[-73.325099999999964,44.055580000000077],[-73.325624700999981,44.055400900000052],[-73.326029998999957,44.055190000000039],[-73.326648499999976,44.05492490000006],[-73.32706047399995,44.054843811000069],[-73.327069999999935,44.05484000000007],[-73.327099998999984,44.054830000000038],[-73.327729999999974,44.054780000000051],[-73.328149999999937,44.05484000000007],[-73.328276903999949,44.054925095000044],[-73.328298897999957,44.054941302000032],[-73.328713299999947,44.055237300000044],[-73.329099914999972,44.055912876000036],[-73.329103723999935,44.05592904000008],[-73.329222999999956,44.056115500000033],[-73.329426299999966,44.056147200000055],[-73.329529299999933,44.056075300000032],[-73.329613199999983,44.055846600000052],[-73.329849100999979,44.055818900000077],[-73.330008499999963,44.05594990000003],[-73.330138014999989,44.056235903000072],[-73.330140946999961,44.056248418000052],[-73.330166941999948,44.056305719000079],[-73.33017308899997,44.056340029000069],[-73.330195527999933,44.056394468000065],[-73.330197099999964,44.056397100000027],[-73.330329998999957,44.056590000000028],[-73.330521893999958,44.057198702000051],[-73.330525724999973,44.057211128000063],[-73.330578613999933,44.057344835000038],[-73.330587669999943,44.05740441100005],[-73.330606118999981,44.057453999000074],[-73.330607714999985,44.057514586000025],[-73.330613101999973,44.057536671000037],[-73.330615611999974,44.057546681000076],[-73.330621040999972,44.057567361000054],[-73.330630548999977,44.057652210000072],[-73.330822499999954,44.058030000000031],[-73.330827899999974,44.058030000000031],[-73.33118079999997,44.058119900000065],[-73.331359999999961,44.058110000000056],[-73.331539998999972,44.058200000000056],[-73.331679999999949,44.058600000000069],[-73.331531699999971,44.058910000000026],[-73.331818799999951,44.058798000000081],[-73.331973399999981,44.058626700000048],[-73.332188999999971,44.057924100000037],[-73.332459899999947,44.057444000000032],[-73.332199899999978,44.055637900000079],[-73.331902899999989,44.055535200000065],[-73.331768699999941,44.055337200000054],[-73.33084650099994,44.050676100000032],[-73.330676199999971,44.050515400000052],[-73.330424299999947,44.050426400000049],[-73.329349599999944,44.050472700000057],[-73.329341599999964,44.050363000000061],[-73.330918299999951,44.050308700000073],[-73.331976099999963,44.055371000000036],[-73.33217639999998,44.055495300000075],[-73.332929499999977,44.055531400000064],[-73.333594198999947,44.05565370000005],[-73.334029299999941,44.055060300000036],[-73.334464699999955,44.054672800000048],[-73.33541839999998,44.054064700000026],[-73.338582599999938,44.052288500000031],[-73.340704799999969,44.051461200000062],[-73.342156099999954,44.050760500000081],[-73.344768499999986,44.050353800000039],[-73.343026699999939,44.042584500000032],[-73.341502398999978,44.039861300000041],[-73.341337999999951,44.039468800000066],[-73.340172399999972,44.032182600000056],[-73.340211599999975,44.031394400000067],[-73.34122279199994,44.026799131000075]]],[[[-73.334129999999959,44.032430000000033],[-73.334199999999953,44.032880000000034],[-73.334329999999966,44.032990000000041],[-73.334359998999957,44.033120000000054],[-73.334269999999947,44.033610000000067],[-73.334719999999948,44.033890000000042],[-73.335249999999974,44.03394000000003],[-73.335530000999938,44.034420000000068],[-73.335759999999937,44.034560000000056],[-73.335889999999949,44.034770000000037],[-73.336259999999982,44.034730000000025],[-73.336289999999963,44.034690000000069],[-73.33615999999995,44.034460000000081],[-73.335729999999955,44.034180000000049],[-73.335599999999943,44.033930000000055],[-73.335609999999974,44.033760000000029],[-73.335189999999955,44.033720000000073],[-73.334949999999935,44.033820000000048],[-73.334569999999985,44.033590000000061],[-73.334389999999985,44.032850000000053],[-73.334409998999945,44.032670000000053],[-73.334129999999959,44.032430000000033]]],[[[-73.33009009999995,44.03669160000004],[-73.329487499999971,44.036744000000056],[-73.329668598999945,44.038267700000063],[-73.328272700999946,44.038407100000029],[-73.327817699999969,44.042548900000043],[-73.327404299999955,44.045787200000063],[-73.327462599999933,44.045781800000043],[-73.328674399999954,44.045691200000078],[-73.329137199999934,44.048736400000053],[-73.330535198999939,44.048640200000079],[-73.330524799999978,44.047365500000069],[-73.329140299999949,44.04747210000005],[-73.328846899999974,44.045288700000071],[-73.334355298999981,44.044970400000068],[-73.334092999999939,44.045945500000073],[-73.334023199999933,44.046006100000056],[-73.334037899999942,44.046193200000062],[-73.334561599999972,44.046411800000044],[-73.334789700999977,44.048344500000042],[-73.334947799999952,44.048332300000027],[-73.33412809899994,44.041385000000048],[-73.333612199999948,44.038914200000079],[-73.332537499999944,44.037369200000057],[-73.330204900999945,44.037574300000074],[-73.33009009999995,44.03669160000004]]],[[[-73.347795799999972,44.026232400000026],[-73.346340599999962,44.026366000000053],[-73.345416016999934,44.026390470000081],[-73.34157388899996,44.026764914000069],[-73.341391099999953,44.027007800000035],[-73.340400500999976,44.031411000000048],[-73.340343400999984,44.032021800000052],[-73.341525599999954,44.039445800000067],[-73.341680298999961,44.03981280000005],[-73.343163899999979,44.042432900000051],[-73.343746200999988,44.044896300000062],[-73.347301251999966,44.044618107000076],[-73.34730045699996,44.044561234000071],[-73.347288975999959,44.044549973000073],[-73.347329299999956,44.044237700000053],[-73.347516667999969,44.044111351000026],[-73.347441499999945,44.04360470000006],[-73.347719799999936,44.042862300000081],[-73.348168999999984,44.042371600000081],[-73.348195099999941,44.041927000000044],[-73.348339399999986,44.041925300000059],[-73.348437599999954,44.041284900000051],[-73.348741099999984,44.040670900000066],[-73.348529299999939,44.040594900000031],[-73.348219552999979,44.040563666000025],[-73.348216990999958,44.040563072000054],[-73.348126599999944,44.040542100000039],[-73.348094226999933,44.04041969900004],[-73.348246299999971,44.040273700000057],[-73.348384899999985,44.040228100000036],[-73.348676098999988,44.040247927000053],[-73.348678801999938,44.040248371000075],[-73.348753596999984,44.040269533000071],[-73.348754396999936,44.040269642000055],[-73.348940999999968,44.04025740000003],[-73.348944691999975,44.040246101000037],[-73.349052300999972,44.039960600000029],[-73.349198499999943,44.03988350000003],[-73.349197278999952,44.039876294000067],[-73.349181228999953,44.039787312000044],[-73.349165691999985,44.039776087000064],[-73.349146094999981,44.039553612000077],[-73.349132230999942,44.039542383000025],[-73.349143951999963,44.039453217000073],[-73.34913083899994,44.039441983000074],[-73.349154199999987,44.038918100000046],[-73.349274076999961,44.038722445000076],[-73.349274099999946,44.03872240000004],[-73.349273899999957,44.038714300000038],[-73.349273084999936,44.038707530000067],[-73.349211099999934,44.038176900000053],[-73.349453883999956,44.037739271000078],[-73.349454999999978,44.037737100000072],[-73.349443731999941,44.037655190000066],[-73.349412865999966,44.037624104000031],[-73.349395146999939,44.03749950200006],[-73.349365464999948,44.037469155000053],[-73.349362062999944,44.037422918000061],[-73.349349030999974,44.037411682000027],[-73.34934603499994,44.037389535000045],[-73.349333330999968,44.037378283000066],[-73.349329868999973,44.037322717000052],[-73.349253559999966,44.037224729000059],[-73.349250534999953,44.037200718000065],[-73.349203255999953,44.037134000000037],[-73.349189740999975,44.037078501000053],[-73.349126786999989,44.037002777000055],[-73.349123729999974,44.036976100000061],[-73.349079281999934,44.036925722000035],[-73.349076047999972,44.036887943000067],[-73.349047552999934,44.036858457000051],[-73.349044352999954,44.036823217000062],[-73.349031263999962,44.036811983000064],[-73.349028240999985,44.03678794800004],[-73.348997191999956,44.036756736000029],[-73.348983560999955,44.036701101000062],[-73.348967930999947,44.036689866000074],[-73.348964968999951,44.036667717000057],[-73.348951846999967,44.036656483000058],[-73.348948678999989,44.036623318000068],[-73.348936044999959,44.036611982000068],[-73.348932852999951,44.036578818000066],[-73.348919831999979,44.036567582000032],[-73.348916770999949,44.036545517000036],[-73.348903745999962,44.036534182000025],[-73.348900552999964,44.036501018000081],[-73.348887838999985,44.036489783000036],[-73.348885299999949,44.036311700000056],[-73.348988799999972,44.036255100000062],[-73.348980335999954,44.036243801000069],[-73.348620000999972,44.035940000000039],[-73.34847119899996,44.03546730000005],[-73.348587499999951,44.035263400000076],[-73.348851899999943,44.035092200000065],[-73.348869999999977,44.034920000000056],[-73.349000000999979,44.034780000000069],[-73.349501699999962,44.034663100000046],[-73.350043998999979,44.034692100000029],[-73.350305899999967,44.034571300000039],[-73.350822299999948,44.033302500000048],[-73.350996099999975,44.032307500000059],[-73.350465099999951,44.031757500000026],[-73.349856299999942,44.031468200000063],[-73.34981260099994,44.031307600000048],[-73.349985999999944,44.031107100000042],[-73.34982310099997,44.030771600000037],[-73.349846999999954,44.030499200000065],[-73.349973899999952,44.030142900000044],[-73.350103499999989,44.029984300000081],[-73.350035999999989,44.029856900000027],[-73.349749999999972,44.029610000000048],[-73.349714199999937,44.029395400000055],[-73.348713999999973,44.028853000000026],[-73.348483999999985,44.028671900000063],[-73.348360799999966,44.028430200000059],[-73.348056999999983,44.028158900000051],[-73.348084599999936,44.027956600000039],[-73.347846599999968,44.027609700000028],[-73.347506899999985,44.026813600000025],[-73.347501599999987,44.026640300000054],[-73.347563899999955,44.026585600000033],[-73.347840000999952,44.026568000000054],[-73.347795799999972,44.026232400000026]]],[[[-73.371112421999953,44.023909805000073],[-73.349618698999961,44.02598088700006],[-73.347853499999985,44.026220100000046],[-73.34789909999995,44.026253700000041],[-73.347949999999969,44.026210000000049],[-73.348009999999988,44.026230000000055],[-73.348078799999939,44.026360400000044],[-73.348014699999965,44.026743300000078],[-73.348067499999956,44.026897400000053],[-73.348293899999987,44.027105200000051],[-73.348566199999937,44.02793360000004],[-73.348879999999951,44.028180000000077],[-73.349109999999939,44.02851000000004],[-73.349779999999953,44.02869000000004],[-73.350337199999956,44.029334700000049],[-73.35051999999996,44.029720000000054],[-73.350150799999938,44.030490600000064],[-73.35021439999997,44.030580000000043],[-73.350389999999948,44.030650000000037],[-73.350479999999948,44.03087000000005],[-73.350206299999968,44.031334900000047],[-73.350250799999969,44.031412800000055],[-73.350685899999974,44.031555100000048],[-73.35100750099997,44.031792300000063],[-73.351189999999974,44.032130000000052],[-73.35120999999998,44.032420000000059],[-73.350988699999959,44.033975500000054],[-73.350789899999938,44.034894500000064],[-73.350528599999961,44.035154600000055],[-73.350288999999975,44.035261500000047],[-73.349771399999952,44.03529130000004],[-73.349335098999973,44.035216300000059],[-73.349310399999979,44.036019500000066],[-73.350006399999984,44.036675800000069],[-73.350088199999959,44.036810900000035],[-73.350118004999956,44.037093299000048],[-73.350118793999968,44.037100800000076],[-73.350145769999983,44.03712721800008],[-73.350148866999973,44.037151809000079],[-73.350193234999949,44.037202201000071],[-73.350196474999962,44.037240091000058],[-73.350225203999969,44.037269734000063],[-73.350240828999972,44.038185183000053],[-73.350254820999965,44.038196511000081],[-73.350291482999978,44.038552689000028],[-73.350305562999949,44.038564017000056],[-73.350308835999954,44.03860828300003],[-73.350321559999941,44.038619517000029],[-73.350325138999949,44.038686183000038],[-73.350338268999963,44.038697434000028],[-73.350341230999959,44.038719583000045],[-73.350354963999962,44.038730813000029],[-73.350384198999961,44.039566600000057],[-73.350238699999977,44.040192000000047],[-73.349726099999941,44.041098700000077],[-73.349120099999936,44.041939300000081],[-73.348813199999938,44.043167800000049],[-73.348241198999972,44.044231000000025],[-73.348287599999935,44.04466750000006],[-73.350604499999974,44.045199500000081],[-73.350799199999983,44.045203700000059],[-73.350810499999966,44.045246700000064],[-73.351651498999956,44.045439800000054],[-73.351320599999951,44.046667300000081],[-73.351934099999937,44.046767200000033],[-73.351797399999953,44.047306700000036],[-73.35440559999995,44.047307100000069],[-73.354513093999969,44.048475694000047],[-73.354527576999942,44.048486917000048],[-73.354530722999982,44.048520283000073],[-73.354543852999939,44.048531517000072],[-73.35454694699996,44.048564683000052],[-73.354559662999975,44.048575917000051],[-73.354562964999957,44.048622161000026],[-73.35459194799995,44.048651748000054],[-73.354595122999967,44.048686983000039],[-73.354607869999938,44.048698217000037],[-73.354610829999956,44.048720183000057],[-73.35462393399996,44.048731417000056],[-73.354626864999943,44.048753566000073],[-73.354703559999962,44.048898017000056],[-73.35470713899997,44.048964683000065],[-73.354720269999973,44.048975934000055],[-73.35472323099998,44.048998083000072],[-73.354735964999975,44.04900931700007],[-73.354739734999953,44.049087083000074],[-73.354752777999977,44.049098317000073],[-73.354755947999934,44.049131583000076],[-73.354770264999956,44.049142809000045],[-73.354773799999975,44.049160500000028],[-73.355268600999977,44.049192400000038],[-73.35590499999995,44.049379100000067],[-73.361022399999968,44.051415000000077],[-73.361451999999986,44.050794900000028],[-73.360828399999946,44.049630900000068],[-73.361416799999972,44.049549700000057],[-73.361051299999986,44.046571100000051],[-73.360074299999951,44.046315200000038],[-73.358928799999944,44.046271800000056],[-73.358939300999964,44.04576620000006],[-73.360621100999936,44.045819400000028],[-73.360867299999938,44.045496900000046],[-73.360604799999976,44.044021300000054],[-73.363128099999983,44.043785600000035],[-73.363172399999939,44.044158700000025],[-73.363540299999954,44.045986300000038],[-73.372652399999936,44.04517450000003],[-73.372659000999988,44.045228400000042],[-73.372787999999957,44.046273500000041],[-73.367822999999987,44.046678900000074],[-73.368051999999977,44.048928200000034],[-73.364803799999947,44.049234200000058],[-73.364226900999938,44.047046500000079],[-73.362786999999969,44.047169900000029],[-73.362877199999957,44.047822800000063],[-73.363189999999975,44.047540000000026],[-73.363329999999962,44.047510000000045],[-73.363009999999974,44.047960000000046],[-73.363319998999941,44.047900000000027],[-73.363599999999963,44.047900000000027],[-73.363729999999975,44.047950000000071],[-73.363629999999944,44.048010000000033],[-73.363139999999987,44.048090000000059],[-73.363819999999976,44.048270000000059],[-73.364349999999945,44.04848000000004],[-73.364289999999983,44.048520000000053],[-73.364109999999982,44.048490000000072],[-73.363229999999987,44.048240000000078],[-73.362949599999979,44.048347600000056],[-73.363094299999943,44.049395100000027],[-73.362523399999986,44.049448700000028],[-73.362306500999978,44.050734200000079],[-73.361703999999975,44.05167670000003],[-73.363430599999958,44.052360800000031],[-73.366076798999984,44.053565700000036],[-73.366640199999949,44.053718100000026],[-73.367121599999962,44.053737500000068],[-73.376255700999934,44.053101800000036],[-73.376924199999962,44.048405400000036],[-73.376575699999989,44.047144200000048],[-73.376200300999983,44.046143000000029],[-73.375522999999987,44.044702700000073],[-73.374409999999955,44.042679900000053],[-73.374011099999962,44.042269300000044],[-73.370471499999951,44.03937970000004],[-73.370237299999985,44.039127700000051],[-73.370060198999965,44.038646700000072],[-73.369443399999966,44.029044800000065],[-73.369632199999955,44.028245200000072],[-73.37078699999995,44.024498900000026],[-73.371112421999953,44.023909805000073]]],[[[-73.352959999999939,44.025940000000048],[-73.352819998999962,44.025990000000036],[-73.352849999999989,44.026120000000049],[-73.353079999999977,44.026290000000074],[-73.353119999999933,44.02651000000003],[-73.353539999999953,44.026470000000074],[-73.353579999999965,44.02642000000003],[-73.353459999999984,44.026270000000068],[-73.35322999999994,44.026080000000036],[-73.353219999999965,44.025970000000029],[-73.352959999999939,44.025940000000048]]],[[[-73.367019999999968,44.035860000000071],[-73.366909999999962,44.035870000000045],[-73.366829999999936,44.035940000000039],[-73.366849999999943,44.036000000000058],[-73.367129999999975,44.036060000000077],[-73.367199999999968,44.036120000000039],[-73.36715000099997,44.036240000000078],[-73.367199999999968,44.036320000000046],[-73.367419998999935,44.036380000000065],[-73.36740999999995,44.036580000000072],[-73.367549999999937,44.036640000000034],[-73.367699999999957,44.036620000000028],[-73.367869999999982,44.036540000000059],[-73.368029999999976,44.036620000000028],[-73.368079998999974,44.036540000000059],[-73.367889999999989,44.036410000000046],[-73.367619999999988,44.036380000000065],[-73.367619999999988,44.036270000000059],[-73.367399999999975,44.036180000000058],[-73.367179999999962,44.035930000000064],[-73.367019999999968,44.035860000000071]]],[[[-73.373669999999947,44.051300000000026],[-73.37343999999996,44.051320000000032],[-73.373389999999972,44.051460000000077],[-73.374009999999942,44.051770000000033],[-73.374119998999959,44.051780000000065],[-73.374350000999982,44.051700000000039],[-73.374349998999946,44.051590000000033],[-73.373669999999947,44.051300000000026]]],[[[-73.384920766999983,44.022605567000028],[-73.371338502999947,44.023888622000072],[-73.370970799999952,44.024534200000062],[-73.369817999999952,44.028274300000078],[-73.369633199999953,44.029053100000056],[-73.370201999999949,44.038135400000044],[-73.370249099999967,44.038628600000038],[-73.370366999999987,44.038992300000075],[-73.370618599999943,44.039292600000067],[-73.374158300999966,44.04218220000007],[-73.374701199999947,44.042776900000035],[-73.375922698999943,44.045088700000065],[-73.376381298999945,44.046100700000068],[-73.377080198999977,44.048129000000074],[-73.377074499999935,44.048952200000031],[-73.376423999999986,44.053257400000064],[-73.37628529999995,44.054382000000032],[-73.376291699999967,44.054886700000054],[-73.382258615999945,44.054309851000028],[-73.382265299999972,44.054309200000034],[-73.382429499999944,44.053859600000067],[-73.382982299999981,44.053610100000071],[-73.383349198999952,44.053339700000038],[-73.383577400999968,44.053081500000076],[-73.38378709999995,44.052634100000034],[-73.383838900999933,44.051972133000049],[-73.383838898999954,44.051972100000057],[-73.383762899999965,44.052012200000036],[-73.383715099999961,44.051960600000029],[-73.383864999999957,44.051805482000077],[-73.383897999999988,44.051776199000074],[-73.38410829999998,44.051360800000054],[-73.384578517999955,44.050969160000079],[-73.384578599999941,44.050969100000032],[-73.384669799999983,44.050729900000078],[-73.384878999999955,44.050511300000039],[-73.384923599999979,44.050477800000067],[-73.385042599999963,44.050514500000077],[-73.38504267899998,44.050514442000065],[-73.385554099999979,44.049855900000068],[-73.38607369999994,44.049450500000034],[-73.386178899999948,44.049260300000071],[-73.386173971999938,44.04911531700003],[-73.386160930999949,44.049104100000079],[-73.386160100999973,44.049048600000049],[-73.386144898999987,44.049048700000071],[-73.386097359999951,44.048971787000028],[-73.386094503999971,44.04895799500008],[-73.385646604999977,44.048818770000025],[-73.385645107999949,44.048818510000046],[-73.385444799999959,44.048753200000078],[-73.38526976299994,44.048587199000053],[-73.385256116999983,44.048531602000025],[-73.385240530999965,44.048520500000052],[-73.385239699999943,44.048465000000078],[-73.385224099999959,44.048465100000044],[-73.385223947999975,44.048453800000061],[-73.385220776999972,44.048420418000035],[-73.385213229999977,44.048409148000076],[-73.385215077999987,44.048387152000032],[-73.38520753399996,44.048375900000053],[-73.38520589999996,44.048264600000039],[-73.385190299999977,44.048264700000061],[-73.385190130999945,44.048253383000031],[-73.385247799999945,44.047963200000027],[-73.38535429999996,44.047862100000032],[-73.385524998999983,44.047905300000025],[-73.385711239999978,44.04812587400005],[-73.385714131999976,44.04813972900007],[-73.385886100999983,44.048270400000035],[-73.386084993999987,44.048324133000051],[-73.386087550999946,44.048324480000076],[-73.386365899999987,44.048333600000035],[-73.386720499999967,44.048263900000052],[-73.38757979899998,44.047867200000042],[-73.38839269999994,44.047437100000025],[-73.38983369999994,44.046451000000047],[-73.389835980999976,44.046437209000032],[-73.390212499999961,44.045904600000028],[-73.390555099999972,44.045620500000041],[-73.390753599999982,44.045274900000038],[-73.391366600999959,44.044657100000052],[-73.391443999999979,44.044144300000028],[-73.391682099999969,44.043885700000033],[-73.391787099999988,44.043370700000025],[-73.391979999999933,44.043130000000076],[-73.392209998999988,44.043010000000038],[-73.392348700999946,44.042814000000078],[-73.392286399999989,44.042323800000077],[-73.393125199999986,44.041294500000049],[-73.393158799999981,44.040989400000058],[-73.39337919999997,44.040599800000052],[-73.393532299999947,44.040397800000051],[-73.393630799999983,44.040422900000067],[-73.392686899999944,44.040101700000037],[-73.393715399999962,44.038193900000067],[-73.393848699999978,44.037219300000061],[-73.394653199999937,44.037704000000076],[-73.39521899999994,44.03783750000008],[-73.395740399999966,44.037733600000081],[-73.396719798999982,44.037192600000026],[-73.397526099999936,44.036357900000041],[-73.396305799999936,44.035687600000074],[-73.396037399999955,44.035140000000069],[-73.394613000999982,44.034794800000043],[-73.392119899999955,44.034565800000053],[-73.391333300999975,44.03434500000003],[-73.391275999999948,44.034617800000035],[-73.39107759999996,44.034775400000058],[-73.389862499999936,44.03515260000006],[-73.389509399999952,44.035311500000034],[-73.389249498999959,44.035503000000062],[-73.388991399999952,44.035794900000042],[-73.388810399999954,44.036364700000036],[-73.38885229899995,44.036852800000077],[-73.388544099999933,44.037323400000048],[-73.388405999999975,44.037995300000034],[-73.38810449999994,44.038163700000041],[-73.38799850099997,44.038546100000076],[-73.387613499999986,44.038418300000046],[-73.387103799999977,44.038752300000056],[-73.386493899999948,44.039292100000068],[-73.386082899999963,44.039707800000031],[-73.386009871999988,44.03998950700003],[-73.386054253999987,44.040039729000057],[-73.386057274999985,44.040055460000076],[-73.386303491999968,44.040173738000078],[-73.386306204999983,44.040174455000056],[-73.386411798999973,44.040195445000052],[-73.38641234499994,44.040195496000081],[-73.386753692999946,44.040226560000065],[-73.386755000999983,44.040226700000062],[-73.386954464999974,44.040323198000067],[-73.386957474999974,44.040338238000061],[-73.386986338999975,44.040367672000059],[-73.386990599999933,44.040470000000028],[-73.386898499999973,44.040515300000038],[-73.38644979999998,44.040496400000052],[-73.386141699999939,44.040543400000047],[-73.384391099999959,44.041281600000048],[-73.383141499999965,44.042461700000047],[-73.382911499999977,44.042597200000046],[-73.381095399999936,44.043101700000079],[-73.379569599999968,44.043392200000028],[-73.379031699999985,44.043585800000074],[-73.378757299999961,44.043833100000029],[-73.378354198999943,44.044783800000062],[-73.377375099999938,44.045471200000065],[-73.377162299999952,44.045718100000045],[-73.377000199999941,44.046254400000066],[-73.376939199999981,44.046299500000032],[-73.376815030999978,44.046257622000041],[-73.376812100999985,44.046242256000028],[-73.376767664999988,44.046191895000049],[-73.376764450999985,44.046155834000047],[-73.376751329999934,44.046144666000032],[-73.376747868999985,44.046089217000031],[-73.376735147999966,44.04607800000008],[-73.376734700999975,44.046044700000039],[-73.376719099999946,44.046044800000061],[-73.37671789999996,44.045966800000031],[-73.376702299999977,44.045966900000053],[-73.37670370099994,44.04595560000007],[-73.376743799999986,44.045632200000057],[-73.376908700999934,44.045285400000068],[-73.377805299999977,44.044241800000066],[-73.378001999999981,44.043961600000046],[-73.378011274999949,44.043827726000075],[-73.377999847999945,44.043816502000027],[-73.377996651999979,44.043783318000067],[-73.377826598999945,44.04367290700003],[-73.377824998999984,44.043672635000064],[-73.377377899999942,44.043576298000062],[-73.377377363999983,44.043576255000062],[-73.377254099999959,44.043566000000055],[-73.377253724999946,44.043554902000039],[-73.376650099999949,44.043459200000029],[-73.376181972999973,44.043152291000069],[-73.376179080999975,44.04313821900007],[-73.376134964999949,44.043107531000032],[-73.376131998999938,44.043093988000066],[-73.376087864999988,44.043063283000038],[-73.376085000999979,44.043049675000077],[-73.375993436999977,44.042951300000027],[-73.375990061999971,44.042906818000063],[-73.375977030999934,44.042895582000028],[-73.375973967999983,44.042873518000079],[-73.375961332999964,44.042862300000081],[-73.375958699999956,44.042684200000053],[-73.376187117999962,44.042570912000031],[-73.376188604999982,44.042571170000031],[-73.376812899999948,44.042967500000032],[-73.377647999999965,44.043016700000067],[-73.377956899999958,44.042992200000072],[-73.379039999999975,44.042667800000061],[-73.379039999999975,44.042656200000067],[-73.379079999999988,44.042550000000062],[-73.379349998999942,44.042460000000062],[-73.37973999999997,44.042440000000056],[-73.379939998999987,44.04227000000003],[-73.380360000999985,44.042240000000049],[-73.380851298999971,44.042092900000057],[-73.380584703999943,44.042002700000069],[-73.380584699999986,44.042002000000025],[-73.380445099999974,44.041980900000055],[-73.380445002999977,44.041970009000067],[-73.380442288999973,44.041968974000042],[-73.380351707999978,44.041937425000071],[-73.380349000999956,44.041936295000028],[-73.38008737399997,44.041807063000078],[-73.380084438999972,44.041793142000074],[-73.380058299999973,44.041773775000081],[-73.380116299999941,44.041682500000036],[-73.380331199999944,44.041580400000043],[-73.380825400999981,44.041565500000047],[-73.381226000999959,44.041473200000041],[-73.381332698999984,44.041383300000064],[-73.381312996999952,44.041225604000033],[-73.381142014999966,44.04103994500008],[-73.381139076999943,44.041026553000052],[-73.380969726999979,44.040885899000045],[-73.380966800999943,44.040871766000066],[-73.380907266999941,44.040830382000081],[-73.38090432599995,44.040816042000074],[-73.380735175999973,44.04068735900006],[-73.380732226999953,44.040672459000064],[-73.380469472999948,44.040488641000081],[-73.380466528999989,44.040474060000065],[-73.380328626999983,44.040378012000076],[-73.380328399999939,44.040365400000042],[-73.380281899999943,44.040332300000046],[-73.379846210999972,44.040135608000071],[-73.379843951999987,44.040135018000058],[-73.379627665999976,44.040091891000031],[-73.379626496999947,44.040091731000075],[-73.379474500999947,44.040071000000069],[-73.379334000999961,44.039983000000063],[-73.379207459999975,44.03978402100006],[-73.379204524999977,44.039770048000037],[-73.379067102999954,44.039706500000079],[-73.379065899999944,44.039706305000038],[-73.378291299999944,44.039500500000031],[-73.378041673999974,44.039336882000043],[-73.378038798999967,44.039322639000034],[-73.37794705999994,44.039215030000037],[-73.378176698999937,44.039055400000052],[-73.378577854999946,44.039085807000049],[-73.378578800999946,44.039085913000065],[-73.378669096999943,44.039106987000025],[-73.378671903999987,44.039107778000073],[-73.378731495999943,44.039128739000034],[-73.37873295299994,44.039128987000026],[-73.379806599999938,44.039566900000068],[-73.380209266999941,44.039795870000034],[-73.380212167999957,44.039810382000041],[-73.380212299999982,44.039820100000043],[-73.380368099999941,44.039908100000048],[-73.380368273999977,44.039920958000039],[-73.381070999999963,44.040404300000034],[-73.381443699999977,44.040535100000056],[-73.381676413999969,44.040765606000036],[-73.381679469999938,44.04079222200005],[-73.381723529999988,44.040842478000059],[-73.38172665999997,44.040869136000026],[-73.381755547999944,44.040898669000057],[-73.381758852999951,44.040935857000079],[-73.38178740099994,44.040965382000081],[-73.381790099999989,44.040967300000034],[-73.381790798999987,44.041011800000035],[-73.381803668999964,44.04101171800005],[-73.381806730999983,44.041033882000079],[-73.38181935199998,44.041045118000056],[-73.381822548999935,44.041078365000033],[-73.381835577999937,44.041089517000046],[-73.381838821999963,44.041122783000048],[-73.381852677999973,44.041134012000043],[-73.381871921999959,44.04133428800003],[-73.381885770999986,44.041345517000025],[-73.381891028999974,44.04151248200003],[-73.38190366799995,44.041523718000064],[-73.381906731999948,44.041545865000046],[-73.381919768999978,44.041557018000049],[-73.381923247999964,44.041612483000051],[-73.381936368999959,44.04162371700005],[-73.381939330999955,44.041645865000078],[-73.381952068999965,44.041657035000071],[-73.381955030999961,44.041679183000042],[-73.381968068999981,44.04169041800003],[-73.381971130999943,44.041712565000068],[-73.382108893999941,44.041799960000048],[-73.382111699999939,44.041800831000046],[-73.382232897999984,44.041821877000075],[-73.382234264999965,44.041821990000074],[-73.382544887999984,44.041811901000074],[-73.382543399999975,44.041802100000041],[-73.382543157999976,44.041800503000047],[-73.381574899999976,44.035401700000079],[-73.385704499999974,44.034912800000029],[-73.385490799999957,44.032051800000033],[-73.384163899999976,44.03220170000003],[-73.383915299999956,44.030927400000053],[-73.383216899999979,44.03099480000003],[-73.382981798999936,44.029657400000076],[-73.384223799999972,44.029542400000025],[-73.384419799999989,44.030429500000025],[-73.384715699999958,44.030512200000032],[-73.386051799999962,44.030410200000063],[-73.386179699999957,44.031150700000069],[-73.38888529999997,44.030940700000031],[-73.388710999999944,44.02986240000007],[-73.388560653999946,44.029823090000036],[-73.38855949699996,44.029822933000048],[-73.388484701999971,44.02980180000003],[-73.388484699999935,44.029801500000076],[-73.388314299999934,44.029769500000043],[-73.388049074999969,44.029606157000046],[-73.388046100999986,44.029590468000038],[-73.388001770999949,44.029540266000026],[-73.388076899999987,44.029403500000058],[-73.388369399999988,44.029334300000073],[-73.38862921499998,44.029342597000038],[-73.388629299999934,44.029342600000064],[-73.38848749899995,44.028457800000069],[-73.389689299999986,44.028399200000081],[-73.389589799999953,44.027697700000033],[-73.388657999999964,44.027232100000049],[-73.387926798999956,44.02674920000004],[-73.387186399999962,44.026138700000047],[-73.386447099999941,44.025376400000027],[-73.385815698999977,44.024622400000055],[-73.385501999999974,44.024131900000043],[-73.385163899999952,44.023402900000065],[-73.384920766999983,44.022605567000028]]]]},"properties":{"OBJECTID":3,"OBJECTID_1":414,"Jurisdiction_District_Name":"Addison Low Density Residential/Agricultural District","County":"Addison","Jurisdiction":"Addison ","Abbreviated_District_Name":"Ldr/A","District_Name":"Low Density Residential/Agricultural District","District_Mapped":"Yes","Overlay_District":"No","Extinct_District":null,"District_Type":"Primarily Residential","Affordable_Housing_District":"No","Elderly_Housing_District":"No","F1F_Allowance":"Permitted","F2F_Allowance":"Permitted","F3F_Allowance":"Permitted","F4F_Allowance":"Public Hearing","F5F_Allowance":null,"ADU_Allowance":"Allowed/Conditional","Affordable_Housing_Allowance":"Not Mentioned","PRD_Allowance":"Not Mentioned","NOTES":"None","F1F_Min_Lot":5,"F1F_Front_Setback":75,"F1F_Side_Setback":25,"F1F_Rear_Setback":25,"F1F_Frontage":400,"F1F_Max_Lot_Building_Coverage":null,"F1F_Max_Lot_Impervious_Coverage":16,"F1F_Min_Parking_Spaces":2,"F1F_Max_Stories":null,"F1F_Max_Height":35,"F1F_Floor_to_Area_Ratio":null,"F1F_Min_Unit_Size":null,"F2F_Affordable_Housing_Only":"No","F2F_Elderly_Housing_Only":"No","F2F_Min_Lot_Size":10,"F2F_Max_Density":0.20000000000000001,"F2F_Front_Setback":75,"F2F_Side_Setback":25,"F2F_Rear_Setback":25,"F2F_Frontage":400,"F2F_Max_Lot_Building_Coverage":null,"F2F_Max_Lot_Impervious_Coverage":75,"F2F_Min_Parking_Spaces_per_1BR":2,"F2F_Min_Parking_Spaces_per_mult_BR":2,"F2F_Max_Stories":null,"F2F_Max_Height":35,"F2F_Floor_to_Area_Ratio":null,"F2F_Min_Unit_Size":null,"F3F_Affordable_Housing_Only":"No","F3F_Elderly_Housing_Only":"No","F3F_Min_Lot_Size":15,"F3F_Max_Density":0.20000000000000001,"F3F_Front_Setback":75,"F3F_Side_Setback":25,"F3F_Rear_Setback":25,"F3F_Frontage":400,"F3F_Max_Lot_Building_Coverage":null,"F3F_Max_Lot_Impervious_Coverage":15,"F3F_Min_Parking_Spaces_per_1BR":2,"F3F_Min_Parking_Spaces_per_mult_BR":null,"F3F_Connection_to_Sewage_Water_Required":"No","F3F_Proximity_to_Public_Transit_Required":"No","F3F_Max_Stories":null,"F3F_Max_Height":35,"F3F_Floor_to_Area_Ratio":null,"F3F_Min_Unit_Size":null,"F3F_Max_Bedrooms":null,"F4F_Affordable_Housing_Only":"No","F4F_Elderly_Housing_Only":"No","F4F_Min_Lot_Size":20,"F4F_Max_Density":0.20000000000000001,"F4F_Front_Setback":75,"F4F_Side_Setback":25,"F4F_Rear_Setback":25,"F4F_Frontage":400,"F4F_Max_Lot_Building_Coverage":null,"F4F_Max_Lot_Impervious_Coverage":15,"F4F_Min_Parking_Spaces_per_1BR":2,"F4F_Min_Parking_Spaces_per__mult_BR":2,"F4F_Connection_to_Sewage_Water_Required":"No","F4F_Proximity_to_Public_Transit_Required":"No","F4F_Max_Stories":null,"F4F_Max_Height":35,"F4F_Floor_to_Area_Ratio":null,"F4F_Min_Unit_Size":null,"F4F_Max_Bedrooms":null,"F4F_Max_Units_per_Building":null,"F5F_Affordable_Housing_Only":"F","F5F_Elderly_Housing_Only":"F","F5F_Min_Lot_Size":25,"F5F_Max_Density":"0.2","F5F_Front_Setback":75,"F5F_Side_Setback":25,"F5F_Rear_Setback":25,"F5F_Frontage":400,"F5F_Max_Lot_Building_Coverage":null,"F5F_Max__Lot_Impervious_Coverage":15,"F5F_Min_Parking_Spaces_per_1BR":null,"F5F_Min_Parking_Spaces_per_mult_BR":2,"F5F_Connection_to_Sewage_Water_Required":"F","F5F_Proximity_to_Public_Transit_Required":"F","F5F_Max_Stories":null,"F5F_Max_Height":35,"F5F_Floor_to_Area_Ratio":null,"F5F_Min_Unit_Size":null,"F5F_Max_Bedrooms":null,"F5F_Max_Units_per_Building":null,"Affordable_Housing_Definition":null,"Affordable_Housing_Elderly_Only":"No","Affordable_Housing_Min_Lot_Size":null,"Affordable_Housing_Max_Density":null,"Affordable_Housing_Min_Parking_Spaces_per_1BR":null,"Affordable_Housing_Min_Parking_Spaces_per_mult_BR":null,"Affordable_Housing_Min_Unit_Size":null,"Affordable_Housing_Max_Bedrooms":null,"Affordable_Housing_Max_Units_per_Building":null,"ADU_Employee_or_Family_Occupancy_Required":"No","ADU_Renter_Occupancy_Prohibited":"No","ADU_Owner_Occupancy_Required":"Yes","ADU_Elderly_Housing_Only":"No","ADU_Min_Lot_Size":0.5,"ADU_Min_Parking_Spaces":null,"ADU_Restricted_to_Primary_Structure":"No","ADU_Max_Size_as_Percent_of_Primary_Strcture":30,"ADU_Max_Size_in_sq_ft":null,"ADU_Max_Bedrooms":1,"PRD_Mobile_or_Manufactured_Home_Park":"No","PRD_Min_Lot_Size":null,"PRD_Max_Density":null,"PRD_Max_Units":null,"PUD_Required_with_Subdivision":"F","PUD_Threshold_Number":null,"PUD_Allowance":"Yes","PUD_Requires_Land_Conservation":"F","Base_Density":0.20000000000000001,"CONDITIONAL_1F_Min_Lot":null,"CONDITIONAL_1F_Front_Setback":null,"CONDITIONAL_1F_Side_Setback":null,"CONDITIONAL_1F_Rear_Setback":null,"CONDITIONAL_1F_Frontage":null,"CONDITIONAL_1F_Max_Lot_Building_Coverage":null,"CONDITIONAL_1F_Max_Lot_Impervious_Coverage":null,"CONDITIONAL_1F_Min_Parking_Spaces":null,"CONDITIONAL_1F_Max_Stories":null,"CONDITIONAL_1F_Max_Height":null,"CONDITIONAL_1F_Floor_to_Area_Ratio":null,"CONDITIONAL_1F_Min_Unit_Size":null,"CONDITIONAL_2F_Affordable_Housing_Only":null,"CONDITIONAL_2F_Elderly_Housing_Only":null,"CONDITIONAL_2F_Min_Lot_Size":null,"CONDITIONAL_2F_Max_Density":null,"CONDITIONAL_2F_Front_Setback":null,"CONDITIONAL_2F_Side_Setback":null,"CONDITIONAL_2F_Rear_Setback":null,"CONDITIONAL_2F_Frontage":null,"CONDITIONAL_2F_Max_Lot_Building_Coverage":null,"CONDITIONAL_2F_Max_Lot_Impervious_Coverage":null,"CONDITIONAL_2F_Min_Parking_Spaces_per_1BR":null,"CONDITIONAL_2F_Min_Parking_Spaces_per_mult_BR":null,"CONDITIONAL_2F_Max_Stories":null,"CONDITIONAL_2F_Max_Height":null,"CONDITIONAL_2F_Floor_to_Area_Ratio":null,"CONDITIONAL_2F_Min_Unit_Size":null,"CONDITIONAL_3F_Affordable_Housing_Only":null,"CONDITIONAL_3F_Elderly_Housing_Only":null,"CONDITIONAL_3F_Min_Lot_Size":null,"CONDITIONAL_3F_Max_Density":null,"CONDITIONAL_3F_Front_Setback":null,"CONDITIONAL_3F_Side_Setback":null,"CONDITIONAL_3F_Rear_Setback":null,"CONDITIONAL_3F_Frontage":null,"CONDITIONAL_3F_Max_Lot_Building_Coverage":null,"CONDITIONAL_3F_Max_Lot_Impervious_Coverage":null,"CONDITIONAL_3F_Min_Parking_Spaces_per_1BR":null,"CONDITIONAL_3F_Min_Parking_Spaces_per_mult_BR":null,"CONDITIONAL_3F_Connection_to_Sewage_Water_Required":null,"CONDITIONAL_3F_Proximity_to_Public_Transit_Required":null,"CONDITIONAL_3F_Max_Stories":null,"CONDITIONAL_3F_Max_Height":null,"CONDITIONAL_3F_Floor_to_Area_Ratio":null,"CONDITIONAL_3F_Min_Unit_Size":null,"CONDITIONAL_3F_Max_Bedrooms":null,"CONDITIONAL_4F_Affordable_Housing_Only":null,"CONDITIONAL_4F_Elderly_Housing_Only":null,"CONDITIONAL_4F_Min_Lot_Size":null,"CONDITIONAL_4F_Max_Density":null,"CONDITIONAL_4F_Front_Setback":null,"CONDITIONAL_4F_Side_Setback":null,"CONDITIONAL_4F_Rear_Setback":null,"CONDITIONAL_4F_Frontage":null,"CONDITIONAL_4F_Max_Lot_Building_Coverage":null,"CONDITIONAL_4F_Max_Lot_Impervious_Coverage":null,"CONDITIONAL_4F_Min_Parking_Spaces_per_1BR":null,"CONDITIONAL_4F_Min_Parking_Spaces_per__mult_BR":null,"CONDITIONAL_4F_Connection_to_Sewage_Water_Required":null,"CONDITIONAL_4F_Proximity_to_Public_Transit_Required":null,"CONDITIONAL_4F_Max_Stories":null,"CONDITIONAL_4F_Max_Height":null,"CONDITIONAL_4F_Floor_to_Area_Ratio":null,"CONDITIONAL_4F_Min_Unit_Size":null,"CONDITIONAL_4F_Max_Bedrooms":null,"CONDITIONAL_4F_Max_Units_per_Building":null,"CONDITIONAL_5F_Affordable_Housing_Only":null,"CONDITIONAL_5F_Elderly_Housing_Only":null,"CONDITIONAL_5F_Min_Lot_Size":null,"CONDITIONAL_5F_Max_Density":null,"CONDITIONAL_5F_Front_Setback":null,"CONDITIONAL_5F_Side_Setback":null,"CONDITIONAL_5F_Rear_Setback":null,"CONDITIONAL_5F_Frontage":null,"CONDITIONAL_5F_Max_Lot_Building_Coverage":null,"CONDITIONAL_5F_Max__Lot_Impervious_Coverage":null,"CONDITIONAL_5F_Min_Parking_Spaces_per_1BR":null,"CONDITIONAL_5F_Min_Parking_Spaces_per_mult_BR":null,"CONDITIONAL_5F_Connection_to_Sewage_Water_Required":null,"CONDITIONAL_5F_Proximity_to_Public_Transit_Required":null,"CONDITIONAL_5F_Max_Stories":null,"CONDITIONAL_5F_Max_Height":null,"CONDITIONAL_5F_Floor_to_Area_Ratio":null,"CONDITIONAL_5F_Min_Unit_Size":null,"CONDITIONAL_5F_Max_Bedrooms":null,"CONDITIONAL_5F_Max_Units_per_Building":null,"CONDITIONAL_Affordable_Housing_Definition":null,"CONDITIONAL_Affordable_Housing_Elderly_Only":null,"CONDITIONAL_Affordable_Housing_Min_Lot_Size":null,"CONDITIONAL_Affordable_Housing_Max_Density":null,"CONDITIONAL_Affordable_Housing_Min_Parking_Spaces_per_1BR":null,"CONDITIONAL_Affordable_Housing_Min_Parking_Spaces_per_mult_BR":null,"CONDITIONAL_Affordable_Housing_Min_Unit_Size":null,"CONDITIONAL_Affordable_Housing_Max_Bedrooms":null,"CONDITIONAL_Affordable_Housing_Max_Units_per_Building":null,"CONDITIONAL_ADU_Employee_or_Family_Occupancy_Required":null,"CONDITIONAL_ADU_Renter_Occupancy_Prohibited":null,"CONDITIONAL_ADU_Owner_Occupancy_Required":null,"CONDITIONAL_ADU_Elderly_Housing_Only":null,"CONDITIONAL_ADU_Min_Lot_Size":null,"CONDITIONAL_ADU_Min_Parking_Spaces":null,"CONDITIONAL_ADU_Restricted_to_Primary_Structure":null,"CONDITIONAL_ADU_Max_Size_as_Percent_of_Primary_Strcture":null,"CONDITIONAL_ADU_Max_Size_in_sq_ft":null,"CONDITIONAL_ADU_Max_Bedrooms":null,"CONDITIONAL_PRD_Mobile_or_Manufactured_Home_Park":null,"CONDITIONAL_PRD_Min_Lot_Size":null,"CONDITIONAL_PRD_Max_Density":null,"CONDITIONAL_PRD_Max_Units":null,"CONDITIONAL_PUD_Required_with_Subdivision":null,"CONDITIONAL_PUD_Threshold_Number":null,"CONDITIONAL_PUD_Allowance":null,"CONDITIONAL_PUD_Requires_Land_Conservation":null,"Bylaw_Date":"2023-08-15","RPC":"ACRPC","Version":1,"Acres":20485.361156598519,"Shape_Length":3.240136457759895,"Shape_Area":0.0093131364011477761}},{"type":"Feature","id":4,"geometry":{"type":"MultiPolygon","coordinates":[[[[-73.405734299999949,44.064935200000036],[-73.402888999999959,44.065300000000036],[-73.400398999999936,44.065553000000079],[-73.400252599999988,44.065869000000077],[-73.399090299999955,44.066558300000054],[-73.398028499999953,44.06740300000007],[-73.396832999999958,44.06876230000006],[-73.395014599999968,44.070634900000073],[-73.399643599999933,44.070213800000033],[-73.402313099999958,44.069970800000078],[-73.403099399999974,44.069341400000042],[-73.404189299999985,44.068750700000066],[-73.404806999999948,44.068327200000056],[-73.405913099999964,44.066373300000066],[-73.406499699999983,44.065136700000039],[-73.406440099999941,44.065029300000049],[-73.406270899999981,44.064937100000066],[-73.405734299999949,44.064935200000036]]],[[[-73.406963699999949,44.064158600000042],[-73.406560999999954,44.064486300000056],[-73.405930099999978,44.064784700000075],[-73.406287799999973,44.064772700000049],[-73.406628799999964,44.064864700000044],[-73.406963699999949,44.064158600000042]]],[[[-73.407238699999937,44.051270600000066],[-73.405915099999959,44.05324550000006],[-73.403742199999954,44.057573700000034],[-73.401228398999933,44.063830100000075],[-73.400502099999983,44.06533040000005],[-73.404270399999973,44.064935000000048],[-73.405366498999967,44.064770800000076],[-73.406207099999961,44.064480500000059],[-73.406537298999979,44.064269400000057],[-73.40686089999997,44.063910500000077],[-73.407241599999963,44.063265100000081],[-73.408504099999959,44.060196000000076],[-73.410994499999958,44.054983200000038],[-73.410318099999984,44.055967200000055],[-73.405844799999954,44.056456900000057],[-73.405913699999985,44.053560600000026],[-73.412172799999951,44.052875400000062],[-73.411383999999941,44.054257900000039],[-73.411054499999977,44.054169700000045],[-73.410729599999968,44.054801000000055],[-73.411040299999968,44.05488420000006],[-73.411324099999945,44.054375300000061],[-73.413264099999935,44.051620600000035],[-73.407238699999937,44.051270600000066]]],[[[-73.416590099999951,44.045812900000044],[-73.416602299999965,44.046181900000079],[-73.416700799999944,44.046189500000025],[-73.416737498999964,44.046391800000038],[-73.417856899999947,44.04661260000006],[-73.42035519999996,44.047105100000067],[-73.420424999999966,44.04653890000003],[-73.416590099999951,44.045812900000044]]],[[[-73.420119499999942,44.044976400000053],[-73.419888799999967,44.045302800000059],[-73.420139899999981,44.045827900000063],[-73.41994909999994,44.046317100000067],[-73.420441500999971,44.04640640000008],[-73.420530099999951,44.045676800000081],[-73.420660399999974,44.04571210000006],[-73.420805399999949,44.045358300000032],[-73.420119499999942,44.044976400000053]]],[[[-73.415797700999974,44.041400000000067],[-73.415880321999964,44.041742055000043],[-73.416203099999962,44.04317530000003],[-73.41656299999994,44.045665900000074],[-73.419777599999975,44.04628050000008],[-73.419944599999951,44.04583260000004],[-73.419754199999943,44.045444400000065],[-73.419479199999955,44.045471500000076],[-73.418604099999982,44.044819200000063],[-73.418514799999969,44.044584000000043],[-73.419553399999984,44.045325600000069],[-73.419789199999968,44.045303900000079],[-73.420052799999951,44.044920800000057],[-73.418837099999962,44.044075000000078],[-73.418791699999986,44.043956500000036],[-73.418425799999966,44.043577000000028],[-73.417947399999946,44.043298800000059],[-73.417850599999952,44.043117900000027],[-73.417494499999975,44.042957700000045],[-73.417088699999965,44.042556600000069],[-73.417017399999963,44.042566500000078],[-73.416915699999947,44.04235170000004],[-73.416646199999946,44.042182400000058],[-73.416551999999967,44.041774900000064],[-73.416332516999944,44.041609301000051],[-73.416309999999953,44.041590000000042],[-73.41616000099998,44.041570000000036],[-73.416005699999971,44.041437100000053],[-73.415797700999974,44.041400000000067]]],[[[-73.418922798999972,44.040046600000039],[-73.418362599999966,44.040486300000055],[-73.418500199999983,44.041401000000064],[-73.419653899999958,44.041154200000051],[-73.419589199999962,44.040844100000072],[-73.41975709899998,44.040596600000072],[-73.419539799999939,44.040369800000065],[-73.419471099999953,44.040197000000035],[-73.418922798999972,44.040046600000039]]],[[[-73.410117899999989,44.039060500000062],[-73.41002137199996,44.039368298000056],[-73.410019898999963,44.03937250000007],[-73.409841398999959,44.039882200000079],[-73.409773599999937,44.040788400000054],[-73.409922699999981,44.041730400000063],[-73.410363398999948,44.043222300000025],[-73.410783899999956,44.046063200000049],[-73.40947099999994,44.048101000000031],[-73.407324499999959,44.051133500000049],[-73.413360199999943,44.051482200000066],[-73.415504099999964,44.048320300000057],[-73.416111800999943,44.047289000000035],[-73.416295698999988,44.046792400000072],[-73.416389999999978,44.045871900000066],[-73.416002299999946,44.04330310000006],[-73.415755695999962,44.042089701000066],[-73.41558299999997,44.041469100000029],[-73.415260198999988,44.041830900000036],[-73.415029999999945,44.04182000000003],[-73.41489329999996,44.041727300000048],[-73.414739998999949,44.041712607000079],[-73.414606299999946,44.04167190000004],[-73.414562801999978,44.04160119900007],[-73.414482398999951,44.041524500000037],[-73.413552899999956,44.041175800000076],[-73.413233699999978,44.041642900000056],[-73.413207799999952,44.041858200000036],[-73.413278700999967,44.042115400000057],[-73.41318739999997,44.042303300000071],[-73.413230099999964,44.042380900000069],[-73.413182498999959,44.042641700000047],[-73.413266799999974,44.042768600000045],[-73.413118499999939,44.04278080000006],[-73.412990999999977,44.04286460000003],[-73.412955700999987,44.042898041000058],[-73.412625299999945,44.043347700000027],[-73.412404699999968,44.043485000000032],[-73.412282782999966,44.043558963000066],[-73.411921899999982,44.04366680000004],[-73.411786699999936,44.043780900000058],[-73.411573699999963,44.043851300000028],[-73.411569100999941,44.043475600000079],[-73.411687099999938,44.043432400000029],[-73.411930199999972,44.043474100000026],[-73.412035599999967,44.043437300000051],[-73.411983699999951,44.04331140000005],[-73.412232099999983,44.043203100000028],[-73.41254319899997,44.042778600000076],[-73.412590399999942,44.042262100000073],[-73.412530000999936,44.042029900000045],[-73.412409999999966,44.041230000000041],[-73.412558999999987,44.040739200000075],[-73.412482099999977,44.040701400000046],[-73.412411399999939,44.040527900000029],[-73.412056599999971,44.040319300000078],[-73.411867631999939,44.040265223000063],[-73.411787601999947,44.040241101000049],[-73.411728600999936,44.040222700000072],[-73.411285200999941,44.040055700000039],[-73.411171799999977,44.039945300000056],[-73.410935799999947,44.039932600000043],[-73.410845299999949,44.039728800000034],[-73.410512199999971,44.039607000000046],[-73.410381099999938,44.039173800000071],[-73.410126799999944,44.03906470000004],[-73.410117899999989,44.039060500000062]]],[[[-73.414739998999949,44.043730000000039],[-73.414520000999971,44.043780000000027],[-73.414459999999963,44.044080000000065],[-73.414469999999937,44.044480000000078],[-73.414649999999938,44.044570000000078],[-73.414900000999978,44.044530000000066],[-73.41496000099994,44.044400000000053],[-73.414920000999984,44.043770000000052],[-73.414739998999949,44.043730000000039]]],[[[-73.410400000999971,44.047390000000064],[-73.410239999999988,44.047530000000052],[-73.410419999999988,44.047540000000026],[-73.410349999999937,44.047710000000052],[-73.410459999999944,44.047750000000065],[-73.410579999999982,44.047960000000046],[-73.410669998999936,44.048280000000034],[-73.410469999999975,44.048570000000041],[-73.410489999999982,44.048660000000041],[-73.410619999999938,44.048680000000047],[-73.41065999999995,44.048740000000066],[-73.410489999999982,44.049050000000079],[-73.410340000999952,44.049140000000079],[-73.410359999999969,44.049270000000035],[-73.410459999999944,44.049340000000029],[-73.410409999999956,44.049420000000055],[-73.410609999999963,44.049310000000048],[-73.41056999999995,44.049160000000029],[-73.410929999999951,44.048780000000079],[-73.41084000099994,44.048580000000072],[-73.410759999999982,44.048530000000028],[-73.410959999999989,44.048340000000053],[-73.410929999999951,44.048040000000071],[-73.410760000999971,44.047680000000071],[-73.410829999999976,44.047550000000058],[-73.41074999999995,44.047450000000026],[-73.410400000999971,44.047390000000064]]],[[[-73.417541299999982,44.035883800000079],[-73.417210999999952,44.036687500000028],[-73.410170099999959,44.037527400000045],[-73.410411000999943,44.037708300000077],[-73.410731099999964,44.037851700000033],[-73.410644305999938,44.037993890000052],[-73.412683600999969,44.039563800000053],[-73.413087799999971,44.039670900000033],[-73.413274199999989,44.039662900000053],[-73.413391299999944,44.03957360000004],[-73.413451099999975,44.039367200000072],[-73.413386098999979,44.03905530000003],[-73.413611098999979,44.039261100000033],[-73.413634799999954,44.040004200000055],[-73.413695399999938,44.040154800000039],[-73.413841299999945,44.040295100000037],[-73.414723799999933,44.04067660000004],[-73.414795325999989,44.040699048000079],[-73.415002400999981,44.040734800000052],[-73.415382299999976,44.040694600000052],[-73.415431899999987,44.040736200000026],[-73.415455999999949,44.040470000000028],[-73.417778699999985,44.036618300000043],[-73.41802789999997,44.03606110000004],[-73.417541299999982,44.035883800000079]]],[[[-73.421901199999979,44.034624000000065],[-73.421377799999959,44.035244300000045],[-73.421406799999943,44.035353600000064],[-73.42074649999995,44.03609780000005],[-73.420513199999959,44.036166000000037],[-73.418804000999955,44.036250800000062],[-73.418350099999941,44.036387200000036],[-73.417971699999953,44.036613700000032],[-73.416597698999965,44.038838100000078],[-73.418183198999941,44.03929990000006],[-73.418743699999936,44.039835800000048],[-73.419624498999951,44.040095200000053],[-73.419788799999935,44.040408500000069],[-73.420726700999978,44.041217000000074],[-73.421211199999959,44.041442300000028],[-73.421194999999955,44.041580000000067],[-73.420630199999948,44.041313800000069],[-73.419908699999951,44.040779100000066],[-73.419804299999953,44.040812300000027],[-73.419895399999973,44.041183400000079],[-73.418428499999948,44.041494100000079],[-73.418268799999964,44.040465500000039],[-73.418342300999939,44.040346800000066],[-73.418822399999954,44.040005200000053],[-73.418628198999954,44.039945100000068],[-73.418066599999975,44.039413700000068],[-73.416525099999944,44.038960200000076],[-73.415765099999987,44.040233600000079],[-73.415631499999961,44.040706800000066],[-73.415709799999945,44.040679400000045],[-73.416054398999961,44.040736200000026],[-73.416121899999951,44.04062220000003],[-73.416211099999941,44.04061310000003],[-73.41653279999997,44.040691300000049],[-73.416755699999953,44.040677200000061],[-73.417160700999943,44.040949200000057],[-73.417369999999949,44.040710000000047],[-73.417519999999968,44.040640000000053],[-73.417619999999943,44.040740000000028],[-73.417408996999939,44.041025698000055],[-73.417279998999959,44.041240000000073],[-73.417274599999985,44.04156370000004],[-73.417409298999985,44.041827400000045],[-73.41813209999998,44.042026200000066],[-73.418699200999981,44.042290900000069],[-73.419059999999945,44.04218000000003],[-73.41914527299997,44.042125181000074],[-73.419339999999977,44.041960000000074],[-73.420129999999972,44.041630000000055],[-73.420668799999987,44.041630300000065],[-73.42093239999997,44.041761000000065],[-73.42101729999996,44.041882100000066],[-73.421107699999936,44.041908700000079],[-73.421227199999976,44.041812100000072],[-73.421521599999949,44.041897800000072],[-73.421839506999959,44.041839191000065],[-73.42202999999995,44.041840000000036],[-73.42244999899998,44.04129000000006],[-73.421619999999962,44.04102000000006],[-73.421379999999942,44.041100000000029],[-73.421157100999949,44.041008900000065],[-73.420372700999962,44.040182200000061],[-73.420189998999945,44.039880000000039],[-73.420099999999934,44.039500000000032],[-73.420189999999934,44.038760000000025],[-73.420795399999975,44.036812900000029],[-73.420781199999965,44.036596800000041],[-73.421349999999961,44.035880000000077],[-73.421449999999936,44.035530000000051],[-73.421935499999961,44.034803400000044],[-73.421901199999979,44.034624000000065]]],[[[-73.420386599999972,44.034533300000078],[-73.420249999999953,44.034592800000041],[-73.419397799999956,44.035971500000073],[-73.419497499999977,44.035976400000038],[-73.419452098999955,44.035973800000079],[-73.420386599999972,44.034533300000078]]],[[[-73.405199699999969,44.033249500000068],[-73.405008498999962,44.033270600000037],[-73.404164299999934,44.033725900000036],[-73.403707699999984,44.034025100000065],[-73.40342439899996,44.034339099000078],[-73.403889599999957,44.034409609000079],[-73.403897399999948,44.034417000000076],[-73.404233698999974,44.034799900000053],[-73.404803200999936,44.035258500000054],[-73.405678098999942,44.035764700000072],[-73.407631699999968,44.03661900000003],[-73.407632871999965,44.036619520000045],[-73.408150899999953,44.036844500000029],[-73.408079999999984,44.036720000000059],[-73.407669999999939,44.036440000000027],[-73.407552499999952,44.036182900000028],[-73.407210000999953,44.035930000000064],[-73.407227000999967,44.035838700000056],[-73.406790599999965,44.035085600000059],[-73.406559999999956,44.034960000000069],[-73.40623510599994,44.034601696000038],[-73.40573999999998,44.034090000000049],[-73.405548499999952,44.033398900000066],[-73.405436299999963,44.033283900000072],[-73.405199699999969,44.033249500000068]]],[[[-73.40495550199995,44.030311846000075],[-73.406127999999967,44.030497800000035],[-73.407367099999988,44.030872300000055],[-73.407673499999987,44.031030000000044],[-73.407929998999975,44.031239000000028],[-73.408504799999946,44.03202820000007],[-73.408819899999969,44.032315700000026],[-73.409043999999938,44.032464100000027],[-73.410058299999946,44.032897700000035],[-73.411880699999983,44.033677800000078],[-73.411935699999958,44.033629000000076],[-73.40896639999994,44.032372800000076],[-73.408478899999977,44.031918100000041],[-73.408013299999936,44.031184200000041],[-73.407790000999967,44.030980000000056],[-73.407609999999977,44.030900000000031],[-73.407010199999945,44.030669100000068],[-73.406112899999982,44.030443800000057],[-73.40495550199995,44.030311846000075]]],[[[-73.404569239999944,44.030250587000069],[-73.404709499999967,44.030283800000063],[-73.40495550199995,44.030311846000075],[-73.404569239999944,44.030250587000069]]],[[[-73.399791299999947,44.02899270000006],[-73.399231199999974,44.031030300000054],[-73.397276099999942,44.032639900000049],[-73.398324698999943,44.032928300000037],[-73.399387899999965,44.033075300000064],[-73.400280499999951,44.033495600000037],[-73.401646280999955,44.033968387000073],[-73.401676599999973,44.033978700000034],[-73.40201990199995,44.034072878000075],[-73.402019999999936,44.034072900000069],[-73.402219999999943,44.03403000000003],[-73.402739999999937,44.03383000000008],[-73.40297419999996,44.033680400000037],[-73.40297929999997,44.033621400000072],[-73.403265599999941,44.033512200000075],[-73.404106499999955,44.033013500000038],[-73.404769999999985,44.032400000000052],[-73.40486999999996,44.031990000000064],[-73.404819999999972,44.031760000000077],[-73.404864671999974,44.031601969000064],[-73.40486999999996,44.031570000000045],[-73.404839998999989,44.031530000000032],[-73.404989999999941,44.031440000000032],[-73.405520000999957,44.031670000000076],[-73.406139698999937,44.031946700000049],[-73.40646370099995,44.032503400000053],[-73.406571099999951,44.033060900000066],[-73.406989899999985,44.033784200000071],[-73.407370699999944,44.034168900000054],[-73.407464699999935,44.034354000000064],[-73.407701199999963,44.034538700000041],[-73.407813300999976,44.034740400000032],[-73.407949003999988,44.034831705000045],[-73.409330399999988,44.033809400000052],[-73.409956199999954,44.034144600000047],[-73.41008549999998,44.033969800000079],[-73.410933899999975,44.034306500000071],[-73.411249100999953,44.03391090000008],[-73.411583699999937,44.03403650000007],[-73.411781699999949,44.033795200000043],[-73.408858000999942,44.032530400000041],[-73.408340199999941,44.032096900000056],[-73.407738499999937,44.031281900000067],[-73.407352399999979,44.031025600000078],[-73.406197799999973,44.030654800000036],[-73.404335299999957,44.030379900000071],[-73.40412809999998,44.030336200000079],[-73.404111993999948,44.030332292000026],[-73.402878198999986,44.029897100000028],[-73.40151039999995,44.029191600000047],[-73.401064699999949,44.029100700000072],[-73.399791299999947,44.02899270000006]]],[[[-73.399900299999956,44.028510700000027],[-73.399822899999947,44.028842300000065],[-73.40014599999995,44.028913100000068],[-73.401038799999981,44.02895570000004],[-73.401409998999952,44.02901920000005],[-73.401864799999942,44.02918180000006],[-73.403030599999965,44.029800300000034],[-73.403996799999959,44.030159800000035],[-73.404569239999944,44.030250587000069],[-73.404059999999959,44.030130000000042],[-73.403598299999942,44.029953900000066],[-73.401225099999976,44.028784700000074],[-73.400629999999978,44.028740000000028],[-73.399900299999956,44.028510700000027]]],[[[-73.399988298999972,44.025302800000077],[-73.39948499999997,44.02562000000006],[-73.398786500999961,44.025871300000063],[-73.39902109999997,44.026205100000027],[-73.39910539899995,44.026972700000044],[-73.399589999999989,44.026660000000049],[-73.399869999999964,44.026570000000049],[-73.400169999999946,44.026620000000037],[-73.400323199999946,44.02681780000006],[-73.400437199999942,44.026821000000041],[-73.400572500999942,44.026729400000079],[-73.400640299999964,44.026597400000071],[-73.400431298999933,44.026219400000059],[-73.40058259999995,44.025960400000031],[-73.400340399999948,44.025462300000072],[-73.400126399999976,44.02533260000007],[-73.399988298999972,44.025302800000077]]],[[[-73.389424677999955,44.022159459000079],[-73.384920766999983,44.022605567000028],[-73.385163899999952,44.023402900000065],[-73.385501999999974,44.024131900000043],[-73.385815698999977,44.024622400000055],[-73.386447099999941,44.025376400000027],[-73.387186399999962,44.026138700000047],[-73.387926798999956,44.02674920000004],[-73.388657999999964,44.027232100000049],[-73.389589799999953,44.027697700000033],[-73.389403399999935,44.026384800000073],[-73.38886279999997,44.026423300000033],[-73.388670999999988,44.025061100000073],[-73.387992099999963,44.025113600000054],[-73.387906799999939,44.024627800000076],[-73.389423200999943,44.024503200000026],[-73.389541899999983,44.02521390000004],[-73.390297199999964,44.025180500000033],[-73.390529799999968,44.026634300000069],[-73.39061769999995,44.026718100000039],[-73.39300129999998,44.026549900000077],[-73.395825499999944,44.027323400000057],[-73.396315699999946,44.025457700000061],[-73.394907199999977,44.025161400000059],[-73.392635300999984,44.024307699000076],[-73.392613900999947,44.024299700000029],[-73.392244399999981,44.02412350000003],[-73.391665897999985,44.023706603000051],[-73.390634398999964,44.022598300000027],[-73.390123799999969,44.022314300000062],[-73.389638399999967,44.022186300000044],[-73.389424677999955,44.022159459000079]]],[[[-73.390498116999936,44.022053135000078],[-73.390056904999938,44.022096837000049],[-73.390562599999953,44.02231560000007],[-73.390498116999936,44.022053135000078]]],[[[-73.396947284999953,44.021434390000081],[-73.396166217999962,44.021491714000035],[-73.395309750999957,44.021576546000063],[-73.392013261999978,44.021903061000046],[-73.393481099999974,44.021942200000069],[-73.393762699999968,44.022918900000036],[-73.395451699999967,44.023906800000077],[-73.39666109999996,44.02369120000003],[-73.39620199899997,44.021907900000031],[-73.396189999999933,44.021841900000027],[-73.396530999999982,44.021658401000025],[-73.396947284999953,44.021434390000081]]],[[[-73.398286320999944,44.021394966000059],[-73.397684097999957,44.021412697000073],[-73.397162021999975,44.021428068000034],[-73.397993699999972,44.022238400000049],[-73.398506773999941,44.021897377000073],[-73.398776799999951,44.021717900000056],[-73.398519999999962,44.021610000000067],[-73.398286320999944,44.021394966000059]]]]},"properties":{"OBJECTID":4,"OBJECTID_1":811,"Jurisdiction_District_Name":"Addison Recreational District","County":"Addison","Jurisdiction":"Addison ","Abbreviated_District_Name":"Rec","District_Name":"Recreational District","District_Mapped":"Yes","Overlay_District":"No","Extinct_District":null,"District_Type":"Mixed with Residential","Affordable_Housing_District":"No","Elderly_Housing_District":"No","F1F_Allowance":"Permitted","F2F_Allowance":"Permitted","F3F_Allowance":"Permitted","F4F_Allowance":"Public Hearing","F5F_Allowance":null,"ADU_Allowance":"Allowed/Conditional","Affordable_Housing_Allowance":"Not Mentioned","PRD_Allowance":"Not Mentioned","NOTES":"None","F1F_Min_Lot":1.5,"F1F_Front_Setback":75,"F1F_Side_Setback":20,"F1F_Rear_Setback":20,"F1F_Frontage":300,"F1F_Max_Lot_Building_Coverage":null,"F1F_Max_Lot_Impervious_Coverage":50,"F1F_Min_Parking_Spaces":2,"F1F_Max_Stories":null,"F1F_Max_Height":35,"F1F_Floor_to_Area_Ratio":null,"F1F_Min_Unit_Size":null,"F2F_Affordable_Housing_Only":"No","F2F_Elderly_Housing_Only":"No","F2F_Min_Lot_Size":3,"F2F_Max_Density":0.67000000000000004,"F2F_Front_Setback":75,"F2F_Side_Setback":20,"F2F_Rear_Setback":20,"F2F_Frontage":300,"F2F_Max_Lot_Building_Coverage":null,"F2F_Max_Lot_Impervious_Coverage":50,"F2F_Min_Parking_Spaces_per_1BR":2,"F2F_Min_Parking_Spaces_per_mult_BR":2,"F2F_Max_Stories":null,"F2F_Max_Height":35,"F2F_Floor_to_Area_Ratio":null,"F2F_Min_Unit_Size":null,"F3F_Affordable_Housing_Only":"No","F3F_Elderly_Housing_Only":"No","F3F_Min_Lot_Size":4.5,"F3F_Max_Density":0.67000000000000004,"F3F_Front_Setback":75,"F3F_Side_Setback":20,"F3F_Rear_Setback":20,"F3F_Frontage":300,"F3F_Max_Lot_Building_Coverage":null,"F3F_Max_Lot_Impervious_Coverage":50,"F3F_Min_Parking_Spaces_per_1BR":2,"F3F_Min_Parking_Spaces_per_mult_BR":2,"F3F_Connection_to_Sewage_Water_Required":"No","F3F_Proximity_to_Public_Transit_Required":"No","F3F_Max_Stories":null,"F3F_Max_Height":35,"F3F_Floor_to_Area_Ratio":null,"F3F_Min_Unit_Size":null,"F3F_Max_Bedrooms":null,"F4F_Affordable_Housing_Only":"No","F4F_Elderly_Housing_Only":"No","F4F_Min_Lot_Size":6,"F4F_Max_Density":0.67000000000000004,"F4F_Front_Setback":75,"F4F_Side_Setback":20,"F4F_Rear_Setback":20,"F4F_Frontage":300,"F4F_Max_Lot_Building_Coverage":null,"F4F_Max_Lot_Impervious_Coverage":50,"F4F_Min_Parking_Spaces_per_1BR":2,"F4F_Min_Parking_Spaces_per__mult_BR":2,"F4F_Connection_to_Sewage_Water_Required":"Yes","F4F_Proximity_to_Public_Transit_Required":"No","F4F_Max_Stories":null,"F4F_Max_Height":35,"F4F_Floor_to_Area_Ratio":null,"F4F_Min_Unit_Size":null,"F4F_Max_Bedrooms":null,"F4F_Max_Units_per_Building":null,"F5F_Affordable_Housing_Only":"F","F5F_Elderly_Housing_Only":"F","F5F_Min_Lot_Size":7.5,"F5F_Max_Density":"0.67","F5F_Front_Setback":75,"F5F_Side_Setback":20,"F5F_Rear_Setback":20,"F5F_Frontage":300,"F5F_Max_Lot_Building_Coverage":null,"F5F_Max__Lot_Impervious_Coverage":50,"F5F_Min_Parking_Spaces_per_1BR":2,"F5F_Min_Parking_Spaces_per_mult_BR":2,"F5F_Connection_to_Sewage_Water_Required":"F","F5F_Proximity_to_Public_Transit_Required":"F","F5F_Max_Stories":null,"F5F_Max_Height":35,"F5F_Floor_to_Area_Ratio":null,"F5F_Min_Unit_Size":null,"F5F_Max_Bedrooms":null,"F5F_Max_Units_per_Building":null,"Affordable_Housing_Definition":null,"Affordable_Housing_Elderly_Only":"No","Affordable_Housing_Min_Lot_Size":null,"Affordable_Housing_Max_Density":null,"Affordable_Housing_Min_Parking_Spaces_per_1BR":null,"Affordable_Housing_Min_Parking_Spaces_per_mult_BR":null,"Affordable_Housing_Min_Unit_Size":null,"Affordable_Housing_Max_Bedrooms":null,"Affordable_Housing_Max_Units_per_Building":null,"ADU_Employee_or_Family_Occupancy_Required":"No","ADU_Renter_Occupancy_Prohibited":"No","ADU_Owner_Occupancy_Required":"Yes","ADU_Elderly_Housing_Only":"No","ADU_Min_Lot_Size":1.5,"ADU_Min_Parking_Spaces":null,"ADU_Restricted_to_Primary_Structure":"No","ADU_Max_Size_as_Percent_of_Primary_Strcture":30,"ADU_Max_Size_in_sq_ft":null,"ADU_Max_Bedrooms":1,"PRD_Mobile_or_Manufactured_Home_Park":"No","PRD_Min_Lot_Size":null,"PRD_Max_Density":null,"PRD_Max_Units":null,"PUD_Required_with_Subdivision":"F","PUD_Threshold_Number":null,"PUD_Allowance":"Yes","PUD_Requires_Land_Conservation":"F","Base_Density":0.67000000000000004,"CONDITIONAL_1F_Min_Lot":null,"CONDITIONAL_1F_Front_Setback":null,"CONDITIONAL_1F_Side_Setback":null,"CONDITIONAL_1F_Rear_Setback":null,"CONDITIONAL_1F_Frontage":null,"CONDITIONAL_1F_Max_Lot_Building_Coverage":null,"CONDITIONAL_1F_Max_Lot_Impervious_Coverage":null,"CONDITIONAL_1F_Min_Parking_Spaces":null,"CONDITIONAL_1F_Max_Stories":null,"CONDITIONAL_1F_Max_Height":null,"CONDITIONAL_1F_Floor_to_Area_Ratio":null,"CONDITIONAL_1F_Min_Unit_Size":null,"CONDITIONAL_2F_Affordable_Housing_Only":null,"CONDITIONAL_2F_Elderly_Housing_Only":null,"CONDITIONAL_2F_Min_Lot_Size":null,"CONDITIONAL_2F_Max_Density":null,"CONDITIONAL_2F_Front_Setback":null,"CONDITIONAL_2F_Side_Setback":null,"CONDITIONAL_2F_Rear_Setback":null,"CONDITIONAL_2F_Frontage":null,"CONDITIONAL_2F_Max_Lot_Building_Coverage":null,"CONDITIONAL_2F_Max_Lot_Impervious_Coverage":null,"CONDITIONAL_2F_Min_Parking_Spaces_per_1BR":null,"CONDITIONAL_2F_Min_Parking_Spaces_per_mult_BR":null,"CONDITIONAL_2F_Max_Stories":null,"CONDITIONAL_2F_Max_Height":null,"CONDITIONAL_2F_Floor_to_Area_Ratio":null,"CONDITIONAL_2F_Min_Unit_Size":null,"CONDITIONAL_3F_Affordable_Housing_Only":null,"CONDITIONAL_3F_Elderly_Housing_Only":null,"CONDITIONAL_3F_Min_Lot_Size":null,"CONDITIONAL_3F_Max_Density":null,"CONDITIONAL_3F_Front_Setback":null,"CONDITIONAL_3F_Side_Setback":null,"CONDITIONAL_3F_Rear_Setback":null,"CONDITIONAL_3F_Frontage":null,"CONDITIONAL_3F_Max_Lot_Building_Coverage":null,"CONDITIONAL_3F_Max_Lot_Impervious_Coverage":null,"CONDITIONAL_3F_Min_Parking_Spaces_per_1BR":null,"CONDITIONAL_3F_Min_Parking_Spaces_per_mult_BR":null,"CONDITIONAL_3F_Connection_to_Sewage_Water_Required":null,"CONDITIONAL_3F_Proximity_to_Public_Transit_Required":null,"CONDITIONAL_3F_Max_Stories":null,"CONDITIONAL_3F_Max_Height":null,"CONDITIONAL_3F_Floor_to_Area_Ratio":null,"CONDITIONAL_3F_Min_Unit_Size":null,"CONDITIONAL_3F_Max_Bedrooms":null,"CONDITIONAL_4F_Affordable_Housing_Only":null,"CONDITIONAL_4F_Elderly_Housing_Only":null,"CONDITIONAL_4F_Min_Lot_Size":null,"CONDITIONAL_4F_Max_Density":null,"CONDITIONAL_4F_Front_Setback":null,"CONDITIONAL_4F_Side_Setback":null,"CONDITIONAL_4F_Rear_Setback":null,"CONDITIONAL_4F_Frontage":null,"CONDITIONAL_4F_Max_Lot_Building_Coverage":null,"CONDITIONAL_4F_Max_Lot_Impervious_Coverage":null,"CONDITIONAL_4F_Min_Parking_Spaces_per_1BR":null,"CONDITIONAL_4F_Min_Parking_Spaces_per__mult_BR":null,"CONDITIONAL_4F_Connection_to_Sewage_Water_Required":null,"CONDITIONAL_4F_Proximity_to_Public_Transit_Required":null,"CONDITIONAL_4F_Max_Stories":null,"CONDITIONAL_4F_Max_Height":null,"CONDITIONAL_4F_Floor_to_Area_Ratio":null,"CONDITIONAL_4F_Min_Unit_Size":null,"CONDITIONAL_4F_Max_Bedrooms":null,"CONDITIONAL_4F_Max_Units_per_Building":null,"CONDITIONAL_5F_Affordable_Housing_Only":null,"CONDITIONAL_5F_Elderly_Housing_Only":null,"CONDITIONAL_5F_Min_Lot_Size":null,"CONDITIONAL_5F_Max_Density":null,"CONDITIONAL_5F_Front_Setback":null,"CONDITIONAL_5F_Side_Setback":null,"CONDITIONAL_5F_Rear_Setback":null,"CONDITIONAL_5F_Frontage":null,"CONDITIONAL_5F_Max_Lot_Building_Coverage":null,"CONDITIONAL_5F_Max__Lot_Impervious_Coverage":null,"CONDITIONAL_5F_Min_Parking_Spaces_per_1BR":null,"CONDITIONAL_5F_Min_Parking_Spaces_per_mult_BR":null,"CONDITIONAL_5F_Connection_to_Sewage_Water_Required":null,"CONDITIONAL_5F_Proximity_to_Public_Transit_Required":null,"CONDITIONAL_5F_Max_Stories":null,"CONDITIONAL_5F_Max_Height":null,"CONDITIONAL_5F_Floor_to_Area_Ratio":null,"CONDITIONAL_5F_Min_Unit_Size":null,"CONDITIONAL_5F_Max_Bedrooms":null,"CONDITIONAL_5F_Max_Units_per_Building":null,"CONDITIONAL_Affordable_Housing_Definition":null,"CONDITIONAL_Affordable_Housing_Elderly_Only":null,"CONDITIONAL_Affordable_Housing_Min_Lot_Size":null,"CONDITIONAL_Affordable_Housing_Max_Density":null,"CONDITIONAL_Affordable_Housing_Min_Parking_Spaces_per_1BR":null,"CONDITIONAL_Affordable_Housing_Min_Parking_Spaces_per_mult_BR":null,"CONDITIONAL_Affordable_Housing_Min_Unit_Size":null,"CONDITIONAL_Affordable_Housing_Max_Bedrooms":null,"CONDITIONAL_Affordable_Housing_Max_Units_per_Building":null,"CONDITIONAL_ADU_Employee_or_Family_Occupancy_Required":null,"CONDITIONAL_ADU_Renter_Occupancy_Prohibited":null,"CONDITIONAL_ADU_Owner_Occupancy_Required":null,"CONDITIONAL_ADU_Elderly_Housing_Only":null,"CONDITIONAL_ADU_Min_Lot_Size":null,"CONDITIONAL_ADU_Min_Parking_Spaces":null,"CONDITIONAL_ADU_Restricted_to_Primary_Structure":null,"CONDITIONAL_ADU_Max_Size_as_Percent_of_Primary_Strcture":null,"CONDITIONAL_ADU_Max_Size_in_sq_ft":null,"CONDITIONAL_ADU_Max_Bedrooms":null,"CONDITIONAL_PRD_Mobile_or_Manufactured_Home_Park":null,"CONDITIONAL_PRD_Min_Lot_Size":null,"CONDITIONAL_PRD_Max_Density":null,"CONDITIONAL_PRD_Max_Units":null,"CONDITIONAL_PUD_Required_with_Subdivision":null,"CONDITIONAL_PUD_Threshold_Number":null,"CONDITIONAL_PUD_Allowance":null,"CONDITIONAL_PUD_Requires_Land_Conservation":null,"Bylaw_Date":"2023-08-15","RPC":"ACRPC","Version":1,"Acres":639.55129137680274,"Shape_Length":0.37969215640176474,"Shape_Area":0.00029062293021358269}},{"type":"Feature","id":5,"geometry":{"type":"MultiPolygon","coordinates":[[[[-73.386169699999982,44.096034700000075],[-73.384011499999986,44.09624720000005],[-73.38373439999998,44.098646500000029],[-73.384239598999955,44.102343500000075],[-73.384266999999966,44.103837800000065],[-73.384193799999935,44.104756800000075],[-73.384068999999954,44.105324500000052],[-73.38360769999997,44.106282500000077],[-73.383291500999974,44.10671080000003],[-73.382194899999945,44.107803500000045],[-73.381385299999977,44.108718200000055],[-73.380034199999955,44.110044000000073],[-73.378981507999981,44.111305538000067],[-73.381728949999967,44.111032456000032],[-73.385323999999969,44.107350100000076],[-73.385792099999946,44.106554500000072],[-73.38618189999994,44.105669200000079],[-73.386401599999942,44.104488900000035],[-73.386389299999962,44.102064600000062],[-73.385872899999981,44.098637600000075],[-73.386169699999982,44.096034700000075]]],[[[-73.392288399999984,44.090218200000038],[-73.392065299999956,44.090519700000073],[-73.391630299999974,44.090850900000078],[-73.391035399999964,44.091097000000048],[-73.389292500999943,44.091683700000033],[-73.388617599999975,44.092065700000035],[-73.388246599999945,44.092474700000025],[-73.387968299999955,44.093033100000071],[-73.388200499999982,44.093108000000029],[-73.388012200999981,44.09335770000007],[-73.387937799999975,44.093314000000078],[-73.388015399999972,44.093155100000047],[-73.387924299999952,44.09313480000003],[-73.38746249999997,44.093984700000078],[-73.386551499999939,44.095190700000046],[-73.386407600999974,44.095547100000033],[-73.386100699999986,44.098330400000066],[-73.386097899999982,44.098889100000065],[-73.386656899999934,44.102510600000073],[-73.386644700999966,44.104319500000031],[-73.386453099999983,44.105550000000051],[-73.38616959999996,44.106282200000066],[-73.385532599999976,44.107413300000076],[-73.382016646999944,44.111003860000039],[-73.387745992999953,44.110434392000059],[-73.387831699999936,44.10932310000004],[-73.387746399999969,44.109084300000063],[-73.387819099999945,44.108505300000047],[-73.387993399999971,44.108215200000075],[-73.387953999999979,44.108112700000049],[-73.388000099999942,44.108001300000069],[-73.388345399999935,44.107547900000043],[-73.388499999999965,44.107210000000066],[-73.388637899999935,44.106028900000069],[-73.389039499999967,44.105527800000061],[-73.389211299999943,44.105449200000066],[-73.389205999999945,44.105388300000072],[-73.389099999999985,44.105330000000038],[-73.389160300999947,44.105177300000037],[-73.389103699999964,44.10473520000005],[-73.388770699999952,44.103042100000039],[-73.388750899999934,44.10234070000007],[-73.388583499999982,44.101666700000067],[-73.388628100999938,44.101338600000076],[-73.388309899999967,44.100105700000029],[-73.388307299999951,44.099827000000062],[-73.388480299999969,44.09941770000006],[-73.38861559999998,44.099273900000071],[-73.388841599999978,44.09919560000003],[-73.388869599999964,44.099067300000058],[-73.38851649999998,44.098446200000069],[-73.388096899999937,44.097950000000026],[-73.387315398999988,44.097441900000035],[-73.387188299999934,44.097007500000075],[-73.387130099999979,44.09629840000008],[-73.387137698999936,44.095111200000076],[-73.387613899999963,44.094633800000054],[-73.388375999999937,44.094231400000069],[-73.388539899999955,44.094096900000068],[-73.388800999999944,44.093626500000028],[-73.388921499999981,44.093203800000026],[-73.389124099999947,44.092975000000081],[-73.389386500999933,44.092803700000047],[-73.391104799999937,44.092261300000075],[-73.392713999999955,44.091926700000045],[-73.392726299999936,44.09180740000005],[-73.392984999999953,44.091583100000037],[-73.393068999999969,44.091356200000064],[-73.392490699999939,44.090360200000077],[-73.392288399999984,44.090218200000038]]],[[[-73.394074099999955,44.081881000000067],[-73.392105299999969,44.082045300000061],[-73.390240999999946,44.089292400000033],[-73.389965098999937,44.089497200000039],[-73.38810239999998,44.090192500000057],[-73.387638099999947,44.09041730000007],[-73.387064799999962,44.09079440000005],[-73.386439999999936,44.09136710000007],[-73.385976299999982,44.091988600000036],[-73.385491199999933,44.093010000000049],[-73.384577499999978,44.094177500000058],[-73.384273299999961,44.094671300000073],[-73.38409809999996,44.095087800000044],[-73.384012300999984,44.095524300000079],[-73.383997799999975,44.096110000000067],[-73.386160999999959,44.095897100000059],[-73.386203099999989,44.095428500000025],[-73.386333799999989,44.095083900000077],[-73.38738399999994,44.09378890000005],[-73.387920698999949,44.092647400000033],[-73.388416699999937,44.092008000000078],[-73.389173299999982,44.091535200000067],[-73.391151800999978,44.090720500000032],[-73.391758399999958,44.090294300000039],[-73.392296699999974,44.089680000000044],[-73.392564499999935,44.088877700000069],[-73.394202899999982,44.082344000000035],[-73.393966699999964,44.082348800000034],[-73.394074099999955,44.081881000000067]]],[[[-73.408341899999982,44.080304000000069],[-73.408034999999984,44.080789300000049],[-73.406559100999971,44.080894700000044],[-73.406472998999959,44.081286000000034],[-73.406565299999954,44.082499600000062],[-73.407279699999947,44.08251400000006],[-73.407384298999943,44.082409400000074],[-73.40755489999998,44.082372700000064],[-73.407752799999969,44.082440800000029],[-73.407820899999933,44.08256270000004],[-73.407740700999966,44.082712700000059],[-73.407575599999973,44.08277030000005],[-73.407397798999966,44.082741300000066],[-73.407283899999982,44.082639400000062],[-73.406601999999964,44.082632600000068],[-73.406638099999952,44.083323300000075],[-73.407030999999961,44.083679400000051],[-73.407944599999951,44.083773500000063],[-73.407980899999984,44.083730900000035],[-73.408547499999941,44.082682700000078],[-73.408450499999958,44.080332700000042],[-73.408341899999982,44.080304000000069]]],[[[-73.408696300999964,44.080223400000079],[-73.408730699999978,44.080434000000025],[-73.408660299999951,44.080439900000044],[-73.408780398999966,44.081555600000058],[-73.408681699999988,44.082022400000028],[-73.408818899999972,44.082259700000066],[-73.408756499999981,44.082775000000026],[-73.408118499999944,44.083879200000069],[-73.406295599999964,44.083780700000034],[-73.405680199999949,44.083856900000058],[-73.40566629999995,44.083640200000048],[-73.406518099999971,44.083427000000029],[-73.406283999999971,44.080952400000058],[-73.406091699999934,44.080801300000076],[-73.404098799999986,44.08093480000008],[-73.403780899999958,44.081004600000028],[-73.403702099999975,44.081558100000052],[-73.40393389999997,44.081585000000075],[-73.404065900999967,44.081758100000059],[-73.404006699999968,44.081887000000052],[-73.403807399999948,44.08196810000004],[-73.403584299999977,44.081917100000055],[-73.403490200999954,44.081795100000079],[-73.403584599999988,44.081045700000061],[-73.401572599999952,44.081293100000039],[-73.401628499999958,44.081734200000028],[-73.401798499999984,44.081812200000059],[-73.401860500999987,44.081950600000027],[-73.401783899999941,44.082087300000069],[-73.401606699999945,44.082155700000044],[-73.401407200999984,44.082126200000062],[-73.401269399999933,44.081977400000028],[-73.401302899999962,44.081839200000047],[-73.401448400999982,44.08174530000008],[-73.401383898999939,44.08131730000008],[-73.400793599999986,44.081390300000066],[-73.399666499999967,44.081384300000025],[-73.399675099999968,44.081845100000066],[-73.399839499999985,44.081936000000042],[-73.399885200999961,44.082082100000036],[-73.399788398999988,44.08221670000006],[-73.399601799999971,44.082273600000065],[-73.399369799999988,44.082211500000028],[-73.399279999999976,44.082080100000042],[-73.399323199999969,44.081938800000046],[-73.399478199999976,44.08184760000006],[-73.399479998999936,44.081389800000068],[-73.398428299999978,44.081449900000052],[-73.398420499999986,44.081529600000067],[-73.394557599999985,44.081768600000032],[-73.393008799999961,44.088083200000028],[-73.39254509999995,44.089655300000061],[-73.392358499999943,44.090081200000043],[-73.392579299999966,44.090192100000081],[-73.392691799999966,44.090329500000053],[-73.393262399999969,44.091346600000065],[-73.393225498999982,44.091534000000081],[-73.392968899999971,44.091768800000068],[-73.392982099999983,44.091852700000061],[-73.393394299999954,44.091869000000031],[-73.394049999999936,44.091960000000029],[-73.394609999999943,44.091910000000041],[-73.394966399999987,44.091757400000063],[-73.395638799999972,44.091311500000074],[-73.396199099999933,44.091291100000035],[-73.396459199999981,44.091174200000069],[-73.396748199999934,44.090983600000072],[-73.396968199999947,44.090747300000032],[-73.397209199999963,44.089982000000077],[-73.397530298999982,44.089523600000064],[-73.397708799999975,44.089424500000064],[-73.39861899999994,44.089289200000053],[-73.398827298999947,44.089082900000051],[-73.399164399999961,44.088974000000064],[-73.399450598999977,44.088768800000025],[-73.399850899999933,44.088223300000038],[-73.399942899999985,44.087789900000075],[-73.400083299999949,44.087547200000074],[-73.400685399999986,44.086925500000063],[-73.401306799999986,44.086577700000078],[-73.403678698999954,44.086453900000038],[-73.403854300999967,44.086280300000055],[-73.40424859899997,44.085434600000042],[-73.404530499999964,44.085113300000046],[-73.405394699999988,44.084580000000074],[-73.406156999999951,44.084384400000033],[-73.406703499999935,44.084354800000028],[-73.407800900999973,44.08441890000006],[-73.408565999999951,44.084542500000055],[-73.408915099999945,44.084458600000062],[-73.408987699999955,44.08437390000006],[-73.408916399999953,44.083973000000071],[-73.409177399999976,44.08341560000008],[-73.409133600999951,44.081928400000038],[-73.409401099999968,44.081462300000055],[-73.409208999999976,44.080815900000061],[-73.409434898999962,44.080260200000055],[-73.408696300999964,44.080223400000079]]],[[[-73.402313099999958,44.069970800000078],[-73.399643599999933,44.070213800000033],[-73.397871599999974,44.071995800000025],[-73.395929999999964,44.074116300000071],[-73.39437769999995,44.075986400000033],[-73.39360819999996,44.077061600000036],[-73.393273999999963,44.077639000000033],[-73.39285979999994,44.078623300000061],[-73.392149099999983,44.081863500000054],[-73.394368399999962,44.08167050000003],[-73.39504009999996,44.078691100000071],[-73.395356099999958,44.077998100000059],[-73.395675199999971,44.07749240000004],[-73.397434299999986,44.075247600000068],[-73.400948398999958,44.071524300000078],[-73.402313099999958,44.069970800000078]]],[[[-73.406499699999983,44.065136700000039],[-73.405913099999964,44.066373300000066],[-73.404806999999948,44.068327200000056],[-73.405225299999984,44.067824200000075],[-73.406499699999983,44.065136700000039]]],[[[-73.40710219999994,44.064024500000073],[-73.406963699999949,44.064158600000042],[-73.406628799999964,44.064864700000044],[-73.40669719999994,44.064898800000037],[-73.40710219999994,44.064024500000073]]],[[[-73.416930599999944,44.055757100000051],[-73.416772900999945,44.055831400000045],[-73.414644299999964,44.056105800000068],[-73.414481399999943,44.057739200000071],[-73.413689299999987,44.057862100000079],[-73.413478999999938,44.05830590000005],[-73.41167489999998,44.05844570000005],[-73.40971529899997,44.058135900000025],[-73.409045599999956,44.059606300000041],[-73.407574299999965,44.063327000000072],[-73.40534219999995,44.068034700000055],[-73.405027899999936,44.06841060000005],[-73.40471649999995,44.068661000000077],[-73.403475199999946,44.069324900000026],[-73.402502199999958,44.070063800000071],[-73.401353799999981,44.07137350000005],[-73.39886219999994,44.073925300000042],[-73.397595799999976,44.075320200000078],[-73.395845299999962,44.077554100000043],[-73.395533199999988,44.078048500000079],[-73.39522519999997,44.078723400000058],[-73.394766599999969,44.080616000000077],[-73.394579599999986,44.08162150000004],[-73.39711269999998,44.081385100000034],[-73.399461699999961,44.081238600000063],[-73.399275498999941,44.080683700000066],[-73.399099499999977,44.080639800000029],[-73.398991299999977,44.080495600000063],[-73.399067799999955,44.080337000000043],[-73.399239999999963,44.080273900000066],[-73.399427199999934,44.080303900000047],[-73.399545800999988,44.080412900000056],[-73.399542599999961,44.08054930000003],[-73.399458399999958,44.080635500000028],[-73.399668899999938,44.081231100000025],[-73.40079930099995,44.081244500000025],[-73.403329299999939,44.080977200000063],[-73.404061999999954,44.080788900000073],[-73.403944199999955,44.08032170000007],[-73.403771499999948,44.080253900000059],[-73.403699999999958,44.08012430000008],[-73.403761299999985,44.079988600000036],[-73.403976799999953,44.079909800000053],[-73.404162400999951,44.079952700000035],[-73.404267500999936,44.080071700000076],[-73.404260499999964,44.080180600000062],[-73.404141000999971,44.080291800000055],[-73.404250999999988,44.080777800000078],[-73.406173399999943,44.080653000000041],[-73.406481399999961,44.08070790000005],[-73.406531100999985,44.080309500000055],[-73.406422899999939,44.080084100000079],[-73.406251599999962,44.080018500000051],[-73.406178499999953,44.079889200000025],[-73.406267899999989,44.079731300000049],[-73.406446600999971,44.079675900000041],[-73.406631799999957,44.079715600000043],[-73.406745099999966,44.07985350000007],[-73.406729299999938,44.079953500000045],[-73.406615599999952,44.080054200000063],[-73.406730099999947,44.080299000000025],[-73.406678799999952,44.080734100000029],[-73.407969899999955,44.080665100000033],[-73.408541299999968,44.079750900000079],[-73.409381899999971,44.079294000000061],[-73.409827499999949,44.078897400000074],[-73.411831699999937,44.078738400000077],[-73.411860499999989,44.078847300000064],[-73.40998389899994,44.078995500000076],[-73.409525499999972,44.079388800000061],[-73.410145799999952,44.079893000000027],[-73.411430000999985,44.079680000000053],[-73.412560000999974,44.07964000000004],[-73.412859999999966,44.079680000000053],[-73.413132698999959,44.079914000000031],[-73.413365699999986,44.080013000000065],[-73.413640799999939,44.079987900000049],[-73.413719999999955,44.079310000000078],[-73.413849199999959,44.078911500000061],[-73.413803599999937,44.078437200000053],[-73.414088999999933,44.077943900000037],[-73.414083898999934,44.07760920000004],[-73.414208699999961,44.077076100000056],[-73.414219999999943,44.076410000000067],[-73.414342799999986,44.075900900000079],[-73.414750000999959,44.074830000000077],[-73.415396299999941,44.073632100000054],[-73.415489799999989,44.073041500000045],[-73.415719998999975,44.072580000000073],[-73.415736299999935,44.07225770000008],[-73.415606499999967,44.071981700000038],[-73.415417699999978,44.071835100000044],[-73.415099699999985,44.071426200000076],[-73.414843699999949,44.070860400000072],[-73.414231799999982,44.070412800000042],[-73.413867899999957,44.070012400000053],[-73.413881199999935,44.06988890000008],[-73.413734299999987,44.06974740000004],[-73.413793299999952,44.069626200000073],[-73.413749399999972,44.069489500000032],[-73.413976900999955,44.068939600000078],[-73.41380339899996,44.068303800000081],[-73.41371940099998,44.06827160000006],[-73.413470199999949,44.06840260000007],[-73.413036699999964,44.068422500000054],[-73.412528099999975,44.068017900000029],[-73.412168399999985,44.067633900000033],[-73.412164799999971,44.066893200000038],[-73.41229009999995,44.066387500000076],[-73.412287499999934,44.065970600000071],[-73.411946099999966,44.065046000000052],[-73.412031099999979,44.064867000000049],[-73.411869199999956,44.06461980000006],[-73.411930999999981,44.064316400000052],[-73.412079398999936,44.064076600000078],[-73.412677699999961,44.063641200000063],[-73.413093099999969,44.063440300000025],[-73.414597399999934,44.06318600000003],[-73.414854699999978,44.062968100000035],[-73.415078100999949,44.062656300000071],[-73.415171099999952,44.062263300000041],[-73.415089898999952,44.062181600000031],[-73.414996599999938,44.061795700000062],[-73.414980598999989,44.061008400000048],[-73.415064199999961,44.060031200000026],[-73.415291299999978,44.059200900000064],[-73.415450499999963,44.058928000000037],[-73.415889299999947,44.058502100000055],[-73.416347799999983,44.058385900000076],[-73.416607599999963,44.058213800000033],[-73.416880600999946,44.058135400000026],[-73.417313799999988,44.057401600000048],[-73.417486699999984,44.057257500000048],[-73.417622398999981,44.056949300000042],[-73.417537399999958,44.05637100000007],[-73.417287199999976,44.056183700000076],[-73.416930599999944,44.055757100000051]]],[[[-73.420805399999949,44.045358300000032],[-73.420660399999974,44.04571210000006],[-73.420530099999951,44.045676800000081],[-73.420441500999971,44.04640640000008],[-73.420424999999966,44.04653890000003],[-73.42035519999996,44.047105100000067],[-73.417856899999947,44.04661260000006],[-73.420382699999948,44.047110700000076],[-73.420384499999955,44.047172500000045],[-73.416753799999981,44.046482100000048],[-73.416775899999948,44.046679200000028],[-73.416532899999936,44.046670300000073],[-73.416309299999966,44.047339000000079],[-73.415701299999967,44.048371600000053],[-73.411399899999935,44.054675600000053],[-73.41094019999997,44.055674000000067],[-73.411329398999953,44.054937700000039],[-73.412007299999971,44.055076700000029],[-73.412300698999957,44.054501300000027],[-73.411677099999963,44.054351700000041],[-73.412675999999976,44.052848900000072],[-73.414648499999942,44.052683400000035],[-73.41465519999997,44.052639800000065],[-73.416405798999961,44.052470500000027],[-73.416619299999979,44.052324100000078],[-73.417321998999967,44.052062100000057],[-73.417929999999956,44.051960000000065],[-73.418209999999988,44.052040000000034],[-73.418479999999988,44.052280000000053],[-73.419551799999965,44.052553200000034],[-73.419700898999963,44.052376000000038],[-73.420201999999961,44.052073000000064],[-73.420297399999981,44.051586600000064],[-73.420695899999942,44.051306400000044],[-73.421164198999975,44.050847100000055],[-73.421433499999978,44.050787500000069],[-73.421491399999979,44.050600300000042],[-73.421581599999968,44.050528300000053],[-73.422173699999973,44.050306600000056],[-73.422844400999963,44.049780300000066],[-73.42302959999995,44.049479700000063],[-73.423163799999941,44.049408000000028],[-73.423291498999959,44.048717700000054],[-73.423427999999944,44.048445100000038],[-73.42377259999995,44.04800490000008],[-73.42405599999995,44.047321700000055],[-73.423894900999983,44.047079900000028],[-73.42323829999998,44.04676100000006],[-73.422986199999968,44.046438900000055],[-73.422788399999945,44.045926400000042],[-73.422455099999979,44.045702300000073],[-73.421857799999941,44.045530700000029],[-73.421129999999948,44.045443400000067],[-73.420805399999949,44.045358300000032]]]]},"properties":{"OBJECTID":5,"OBJECTID_1":813,"Jurisdiction_District_Name":"Addison Shoreland Residential District","County":"Addison","Jurisdiction":"Addison ","Abbreviated_District_Name":"Sr","District_Name":"Shoreland Residential District","District_Mapped":"Yes","Overlay_District":"No","Extinct_District":null,"District_Type":"Primarily Residential","Affordable_Housing_District":"No","Elderly_Housing_District":"No","F1F_Allowance":"Permitted","F2F_Allowance":"Permitted","F3F_Allowance":"Permitted","F4F_Allowance":"Public Hearing","F5F_Allowance":null,"ADU_Allowance":"Allowed/Conditional","Affordable_Housing_Allowance":"Not Mentioned","PRD_Allowance":"Not Mentioned","NOTES":"None","F1F_Min_Lot":2.5,"F1F_Front_Setback":75,"F1F_Side_Setback":20,"F1F_Rear_Setback":20,"F1F_Frontage":400,"F1F_Max_Lot_Building_Coverage":null,"F1F_Max_Lot_Impervious_Coverage":25,"F1F_Min_Parking_Spaces":3,"F1F_Max_Stories":null,"F1F_Max_Height":35,"F1F_Floor_to_Area_Ratio":null,"F1F_Min_Unit_Size":null,"F2F_Affordable_Housing_Only":"No","F2F_Elderly_Housing_Only":"No","F2F_Min_Lot_Size":5,"F2F_Max_Density":0.40000000000000002,"F2F_Front_Setback":75,"F2F_Side_Setback":20,"F2F_Rear_Setback":20,"F2F_Frontage":400,"F2F_Max_Lot_Building_Coverage":null,"F2F_Max_Lot_Impervious_Coverage":25,"F2F_Min_Parking_Spaces_per_1BR":3,"F2F_Min_Parking_Spaces_per_mult_BR":3,"F2F_Max_Stories":null,"F2F_Max_Height":35,"F2F_Floor_to_Area_Ratio":null,"F2F_Min_Unit_Size":null,"F3F_Affordable_Housing_Only":"No","F3F_Elderly_Housing_Only":"No","F3F_Min_Lot_Size":7.5,"F3F_Max_Density":0.40000000000000002,"F3F_Front_Setback":75,"F3F_Side_Setback":40,"F3F_Rear_Setback":40,"F3F_Frontage":400,"F3F_Max_Lot_Building_Coverage":null,"F3F_Max_Lot_Impervious_Coverage":25,"F3F_Min_Parking_Spaces_per_1BR":2,"F3F_Min_Parking_Spaces_per_mult_BR":2,"F3F_Connection_to_Sewage_Water_Required":"No","F3F_Proximity_to_Public_Transit_Required":"No","F3F_Max_Stories":null,"F3F_Max_Height":35,"F3F_Floor_to_Area_Ratio":null,"F3F_Min_Unit_Size":null,"F3F_Max_Bedrooms":null,"F4F_Affordable_Housing_Only":"No","F4F_Elderly_Housing_Only":"No","F4F_Min_Lot_Size":10,"F4F_Max_Density":0.40000000000000002,"F4F_Front_Setback":75,"F4F_Side_Setback":40,"F4F_Rear_Setback":40,"F4F_Frontage":400,"F4F_Max_Lot_Building_Coverage":null,"F4F_Max_Lot_Impervious_Coverage":25,"F4F_Min_Parking_Spaces_per_1BR":2,"F4F_Min_Parking_Spaces_per__mult_BR":2,"F4F_Connection_to_Sewage_Water_Required":"No","F4F_Proximity_to_Public_Transit_Required":"No","F4F_Max_Stories":null,"F4F_Max_Height":35,"F4F_Floor_to_Area_Ratio":null,"F4F_Min_Unit_Size":null,"F4F_Max_Bedrooms":null,"F4F_Max_Units_per_Building":null,"F5F_Affordable_Housing_Only":"F","F5F_Elderly_Housing_Only":"F","F5F_Min_Lot_Size":12.5,"F5F_Max_Density":"0.4","F5F_Front_Setback":75,"F5F_Side_Setback":40,"F5F_Rear_Setback":40,"F5F_Frontage":400,"F5F_Max_Lot_Building_Coverage":null,"F5F_Max__Lot_Impervious_Coverage":25,"F5F_Min_Parking_Spaces_per_1BR":2,"F5F_Min_Parking_Spaces_per_mult_BR":2,"F5F_Connection_to_Sewage_Water_Required":"F","F5F_Proximity_to_Public_Transit_Required":"F","F5F_Max_Stories":null,"F5F_Max_Height":35,"F5F_Floor_to_Area_Ratio":null,"F5F_Min_Unit_Size":null,"F5F_Max_Bedrooms":null,"F5F_Max_Units_per_Building":null,"Affordable_Housing_Definition":null,"Affordable_Housing_Elderly_Only":"No","Affordable_Housing_Min_Lot_Size":null,"Affordable_Housing_Max_Density":null,"Affordable_Housing_Min_Parking_Spaces_per_1BR":null,"Affordable_Housing_Min_Parking_Spaces_per_mult_BR":null,"Affordable_Housing_Min_Unit_Size":null,"Affordable_Housing_Max_Bedrooms":null,"Affordable_Housing_Max_Units_per_Building":null,"ADU_Employee_or_Family_Occupancy_Required":"No","ADU_Renter_Occupancy_Prohibited":"No","ADU_Owner_Occupancy_Required":"Yes","ADU_Elderly_Housing_Only":"No","ADU_Min_Lot_Size":2.5,"ADU_Min_Parking_Spaces":null,"ADU_Restricted_to_Primary_Structure":"No","ADU_Max_Size_as_Percent_of_Primary_Strcture":30,"ADU_Max_Size_in_sq_ft":null,"ADU_Max_Bedrooms":1,"PRD_Mobile_or_Manufactured_Home_Park":"No","PRD_Min_Lot_Size":null,"PRD_Max_Density":null,"PRD_Max_Units":null,"PUD_Required_with_Subdivision":"F","PUD_Threshold_Number":null,"PUD_Allowance":"Yes","PUD_Requires_Land_Conservation":"F","Base_Density":null,"CONDITIONAL_1F_Min_Lot":null,"CONDITIONAL_1F_Front_Setback":null,"CONDITIONAL_1F_Side_Setback":null,"CONDITIONAL_1F_Rear_Setback":null,"CONDITIONAL_1F_Frontage":null,"CONDITIONAL_1F_Max_Lot_Building_Coverage":null,"CONDITIONAL_1F_Max_Lot_Impervious_Coverage":null,"CONDITIONAL_1F_Min_Parking_Spaces":null,"CONDITIONAL_1F_Max_Stories":null,"CONDITIONAL_1F_Max_Height":null,"CONDITIONAL_1F_Floor_to_Area_Ratio":null,"CONDITIONAL_1F_Min_Unit_Size":null,"CONDITIONAL_2F_Affordable_Housing_Only":null,"CONDITIONAL_2F_Elderly_Housing_Only":null,"CONDITIONAL_2F_Min_Lot_Size":null,"CONDITIONAL_2F_Max_Density":null,"CONDITIONAL_2F_Front_Setback":null,"CONDITIONAL_2F_Side_Setback":null,"CONDITIONAL_2F_Rear_Setback":null,"CONDITIONAL_2F_Frontage":null,"CONDITIONAL_2F_Max_Lot_Building_Coverage":null,"CONDITIONAL_2F_Max_Lot_Impervious_Coverage":null,"CONDITIONAL_2F_Min_Parking_Spaces_per_1BR":null,"CONDITIONAL_2F_Min_Parking_Spaces_per_mult_BR":null,"CONDITIONAL_2F_Max_Stories":null,"CONDITIONAL_2F_Max_Height":null,"CONDITIONAL_2F_Floor_to_Area_Ratio":null,"CONDITIONAL_2F_Min_Unit_Size":null,"CONDITIONAL_3F_Affordable_Housing_Only":null,"CONDITIONAL_3F_Elderly_Housing_Only":null,"CONDITIONAL_3F_Min_Lot_Size":null,"CONDITIONAL_3F_Max_Density":null,"CONDITIONAL_3F_Front_Setback":null,"CONDITIONAL_3F_Side_Setback":null,"CONDITIONAL_3F_Rear_Setback":null,"CONDITIONAL_3F_Frontage":null,"CONDITIONAL_3F_Max_Lot_Building_Coverage":null,"CONDITIONAL_3F_Max_Lot_Impervious_Coverage":null,"CONDITIONAL_3F_Min_Parking_Spaces_per_1BR":null,"CONDITIONAL_3F_Min_Parking_Spaces_per_mult_BR":null,"CONDITIONAL_3F_Connection_to_Sewage_Water_Required":null,"CONDITIONAL_3F_Proximity_to_Public_Transit_Required":null,"CONDITIONAL_3F_Max_Stories":null,"CONDITIONAL_3F_Max_Height":null,"CONDITIONAL_3F_Floor_to_Area_Ratio":null,"CONDITIONAL_3F_Min_Unit_Size":null,"CONDITIONAL_3F_Max_Bedrooms":null,"CONDITIONAL_4F_Affordable_Housing_Only":null,"CONDITIONAL_4F_Elderly_Housing_Only":null,"CONDITIONAL_4F_Min_Lot_Size":null,"CONDITIONAL_4F_Max_Density":null,"CONDITIONAL_4F_Front_Setback":null,"CONDITIONAL_4F_Side_Setback":null,"CONDITIONAL_4F_Rear_Setback":null,"CONDITIONAL_4F_Frontage":null,"CONDITIONAL_4F_Max_Lot_Building_Coverage":null,"CONDITIONAL_4F_Max_Lot_Impervious_Coverage":null,"CONDITIONAL_4F_Min_Parking_Spaces_per_1BR":null,"CONDITIONAL_4F_Min_Parking_Spaces_per__mult_BR":null,"CONDITIONAL_4F_Connection_to_Sewage_Water_Required":null,"CONDITIONAL_4F_Proximity_to_Public_Transit_Required":null,"CONDITIONAL_4F_Max_Stories":null,"CONDITIONAL_4F_Max_Height":null,"CONDITIONAL_4F_Floor_to_Area_Ratio":null,"CONDITIONAL_4F_Min_Unit_Size":null,"CONDITIONAL_4F_Max_Bedrooms":null,"CONDITIONAL_4F_Max_Units_per_Building":null,"CONDITIONAL_5F_Affordable_Housing_Only":null,"CONDITIONAL_5F_Elderly_Housing_Only":null,"CONDITIONAL_5F_Min_Lot_Size":null,"CONDITIONAL_5F_Max_Density":null,"CONDITIONAL_5F_Front_Setback":null,"CONDITIONAL_5F_Side_Setback":null,"CONDITIONAL_5F_Rear_Setback":null,"CONDITIONAL_5F_Frontage":null,"CONDITIONAL_5F_Max_Lot_Building_Coverage":null,"CONDITIONAL_5F_Max__Lot_Impervious_Coverage":null,"CONDITIONAL_5F_Min_Parking_Spaces_per_1BR":null,"CONDITIONAL_5F_Min_Parking_Spaces_per_mult_BR":null,"CONDITIONAL_5F_Connection_to_Sewage_Water_Required":null,"CONDITIONAL_5F_Proximity_to_Public_Transit_Required":null,"CONDITIONAL_5F_Max_Stories":null,"CONDITIONAL_5F_Max_Height":null,"CONDITIONAL_5F_Floor_to_Area_Ratio":null,"CONDITIONAL_5F_Min_Unit_Size":null,"CONDITIONAL_5F_Max_Bedrooms":null,"CONDITIONAL_5F_Max_Units_per_Building":null,"CONDITIONAL_Affordable_Housing_Definition":null,"CONDITIONAL_Affordable_Housing_Elderly_Only":null,"CONDITIONAL_Affordable_Housing_Min_Lot_Size":null,"CONDITIONAL_Affordable_Housing_Max_Density":null,"CONDITIONAL_Affordable_Housing_Min_Parking_Spaces_per_1BR":null,"CONDITIONAL_Affordable_Housing_Min_Parking_Spaces_per_mult_BR":null,"CONDITIONAL_Affordable_Housing_Min_Unit_Size":null,"CONDITIONAL_Affordable_Housing_Max_Bedrooms":null,"CONDITIONAL_Affordable_Housing_Max_Units_per_Building":null,"CONDITIONAL_ADU_Employee_or_Family_Occupancy_Required":null,"CONDITIONAL_ADU_Renter_Occupancy_Prohibited":null,"CONDITIONAL_ADU_Owner_Occupancy_Required":null,"CONDITIONAL_ADU_Elderly_Housing_Only":null,"CONDITIONAL_ADU_Min_Lot_Size":null,"CONDITIONAL_ADU_Min_Parking_Spaces":null,"CONDITIONAL_ADU_Restricted_to_Primary_Structure":null,"CONDITIONAL_ADU_Max_Size_as_Percent_of_Primary_Strcture":null,"CONDITIONAL_ADU_Max_Size_in_sq_ft":null,"CONDITIONAL_ADU_Max_Bedrooms":null,"CONDITIONAL_PRD_Mobile_or_Manufactured_Home_Park":null,"CONDITIONAL_PRD_Min_Lot_Size":null,"CONDITIONAL_PRD_Max_Density":null,"CONDITIONAL_PRD_Max_Units":null,"CONDITIONAL_PUD_Required_with_Subdivision":null,"CONDITIONAL_PUD_Threshold_Number":null,"CONDITIONAL_PUD_Allowance":null,"CONDITIONAL_PUD_Requires_Land_Conservation":null,"Bylaw_Date":"2023-08-15","RPC":"ACRPC","Version":1,"Acres":1205.2022155879313,"Shape_Length":0.39992736937650725,"Shape_Area":0.00054796119141907137}},{"type":"Feature","id":6,"geometry":{"type":"MultiPolygon","coordinates":[[[[-73.310795399999961,44.088388500000065],[-73.303010000999961,44.08912250000003],[-73.302384899999936,44.089104000000077],[-73.302313499999968,44.089485900000057],[-73.302436899999975,44.089499700000033],[-73.302246000999958,44.090436600000032],[-73.301556699999935,44.093009800000061],[-73.302405399999941,44.093058400000075],[-73.303438799999981,44.093027600000028],[-73.30636869999995,44.092806000000053],[-73.311348299999963,44.092318900000066],[-73.311388099999988,44.092152100000078],[-73.310795399999961,44.088388500000065]]],[[[-73.312053299999945,44.088270200000068],[-73.310983599999986,44.088370500000053],[-73.311490699999979,44.09165820000004],[-73.312053299999945,44.088270200000068]]],[[[-73.299849399999971,44.087987500000054],[-73.299827198999935,44.08838430000003],[-73.300890099999947,44.088723400000049],[-73.301525199999958,44.08883650000007],[-73.302223699999956,44.08884160000008],[-73.302276199999937,44.088604300000043],[-73.300322699999981,44.088073400000042],[-73.299849399999971,44.087987500000054]]],[[[-73.293162299999949,44.086493400000052],[-73.29297379999997,44.087978200000066],[-73.292449999999974,44.090584700000079],[-73.296061299999963,44.091627800000026],[-73.297517499999969,44.092168900000047],[-73.29874209899998,44.092556400000035],[-73.300096099999962,44.092838800000038],[-73.301227598999958,44.092972800000041],[-73.301794899999948,44.091026000000056],[-73.302137698999957,44.089098700000079],[-73.300802399999952,44.088881700000059],[-73.297251599999981,44.087697000000048],[-73.293162299999949,44.086493400000052]]],[[[-73.312398599999938,44.083897200000081],[-73.30501819999995,44.084634200000039],[-73.302845399999967,44.084803500000078],[-73.302625999999975,44.087621100000035],[-73.302423799999985,44.088900700000067],[-73.302492899999947,44.088925900000049],[-73.302999099999965,44.088940800000046],[-73.312072399999977,44.088128700000027],[-73.312398599999938,44.083897200000081]]],[[[-73.293513399999938,44.082029600000055],[-73.293175399999939,44.086333900000056],[-73.297860100999969,44.087712300000078],[-73.298565799999949,44.087843100000043],[-73.299426299999936,44.087826600000028],[-73.300247499999955,44.087900000000047],[-73.302245599999935,44.088438900000028],[-73.302328999999986,44.088383500000077],[-73.302477499999952,44.087223700000038],[-73.302659200999983,44.084809500000063],[-73.300759899999946,44.084139700000037],[-73.293513399999938,44.082029600000055]]]]},"properties":{"OBJECTID":6,"OBJECTID_1":815,"Jurisdiction_District_Name":"Addison Village Neighborhood Commercial District","County":"Addison","Jurisdiction":"Addison ","Abbreviated_District_Name":"Vc","District_Name":"Village Neighborhood Commercial District","District_Mapped":"Yes","Overlay_District":"No","Extinct_District":null,"District_Type":"Primarily Residential","Affordable_Housing_District":"No","Elderly_Housing_District":"No","F1F_Allowance":"Permitted","F2F_Allowance":"Permitted","F3F_Allowance":"Permitted","F4F_Allowance":"Public Hearing","F5F_Allowance":null,"ADU_Allowance":"Allowed/Conditional","Affordable_Housing_Allowance":"Not Mentioned","PRD_Allowance":"Not Mentioned","NOTES":"None","F1F_Min_Lot":0.5,"F1F_Front_Setback":50,"F1F_Side_Setback":20,"F1F_Rear_Setback":20,"F1F_Frontage":100,"F1F_Max_Lot_Building_Coverage":null,"F1F_Max_Lot_Impervious_Coverage":75,"F1F_Min_Parking_Spaces":2,"F1F_Max_Stories":null,"F1F_Max_Height":35,"F1F_Floor_to_Area_Ratio":null,"F1F_Min_Unit_Size":null,"F2F_Affordable_Housing_Only":"No","F2F_Elderly_Housing_Only":"No","F2F_Min_Lot_Size":1,"F2F_Max_Density":2,"F2F_Front_Setback":50,"F2F_Side_Setback":20,"F2F_Rear_Setback":20,"F2F_Frontage":100,"F2F_Max_Lot_Building_Coverage":null,"F2F_Max_Lot_Impervious_Coverage":75,"F2F_Min_Parking_Spaces_per_1BR":2,"F2F_Min_Parking_Spaces_per_mult_BR":2,"F2F_Max_Stories":null,"F2F_Max_Height":35,"F2F_Floor_to_Area_Ratio":null,"F2F_Min_Unit_Size":null,"F3F_Affordable_Housing_Only":"No","F3F_Elderly_Housing_Only":"No","F3F_Min_Lot_Size":1.5,"F3F_Max_Density":2,"F3F_Front_Setback":50,"F3F_Side_Setback":20,"F3F_Rear_Setback":20,"F3F_Frontage":100,"F3F_Max_Lot_Building_Coverage":null,"F3F_Max_Lot_Impervious_Coverage":75,"F3F_Min_Parking_Spaces_per_1BR":2,"F3F_Min_Parking_Spaces_per_mult_BR":2,"F3F_Connection_to_Sewage_Water_Required":"No","F3F_Proximity_to_Public_Transit_Required":"No","F3F_Max_Stories":null,"F3F_Max_Height":35,"F3F_Floor_to_Area_Ratio":null,"F3F_Min_Unit_Size":null,"F3F_Max_Bedrooms":null,"F4F_Affordable_Housing_Only":"No","F4F_Elderly_Housing_Only":"No","F4F_Min_Lot_Size":2,"F4F_Max_Density":2,"F4F_Front_Setback":50,"F4F_Side_Setback":20,"F4F_Rear_Setback":20,"F4F_Frontage":100,"F4F_Max_Lot_Building_Coverage":null,"F4F_Max_Lot_Impervious_Coverage":75,"F4F_Min_Parking_Spaces_per_1BR":2,"F4F_Min_Parking_Spaces_per__mult_BR":2,"F4F_Connection_to_Sewage_Water_Required":"No","F4F_Proximity_to_Public_Transit_Required":"No","F4F_Max_Stories":null,"F4F_Max_Height":35,"F4F_Floor_to_Area_Ratio":null,"F4F_Min_Unit_Size":null,"F4F_Max_Bedrooms":null,"F4F_Max_Units_per_Building":null,"F5F_Affordable_Housing_Only":"F","F5F_Elderly_Housing_Only":"F","F5F_Min_Lot_Size":2.5,"F5F_Max_Density":"2","F5F_Front_Setback":50,"F5F_Side_Setback":20,"F5F_Rear_Setback":20,"F5F_Frontage":100,"F5F_Max_Lot_Building_Coverage":null,"F5F_Max__Lot_Impervious_Coverage":75,"F5F_Min_Parking_Spaces_per_1BR":2,"F5F_Min_Parking_Spaces_per_mult_BR":2,"F5F_Connection_to_Sewage_Water_Required":"F","F5F_Proximity_to_Public_Transit_Required":"F","F5F_Max_Stories":null,"F5F_Max_Height":35,"F5F_Floor_to_Area_Ratio":null,"F5F_Min_Unit_Size":null,"F5F_Max_Bedrooms":null,"F5F_Max_Units_per_Building":null,"Affordable_Housing_Definition":null,"Affordable_Housing_Elderly_Only":"No","Affordable_Housing_Min_Lot_Size":null,"Affordable_Housing_Max_Density":null,"Affordable_Housing_Min_Parking_Spaces_per_1BR":null,"Affordable_Housing_Min_Parking_Spaces_per_mult_BR":null,"Affordable_Housing_Min_Unit_Size":null,"Affordable_Housing_Max_Bedrooms":null,"Affordable_Housing_Max_Units_per_Building":null,"ADU_Employee_or_Family_Occupancy_Required":"No","ADU_Renter_Occupancy_Prohibited":"No","ADU_Owner_Occupancy_Required":"Yes","ADU_Elderly_Housing_Only":"No","ADU_Min_Lot_Size":0.5,"ADU_Min_Parking_Spaces":null,"ADU_Restricted_to_Primary_Structure":"No","ADU_Max_Size_as_Percent_of_Primary_Strcture":30,"ADU_Max_Size_in_sq_ft":null,"ADU_Max_Bedrooms":1,"PRD_Mobile_or_Manufactured_Home_Park":"No","PRD_Min_Lot_Size":null,"PRD_Max_Density":null,"PRD_Max_Units":null,"PUD_Required_with_Subdivision":"F","PUD_Threshold_Number":null,"PUD_Allowance":"Yes","PUD_Requires_Land_Conservation":"F","Base_Density":null,"CONDITIONAL_1F_Min_Lot":null,"CONDITIONAL_1F_Front_Setback":null,"CONDITIONAL_1F_Side_Setback":null,"CONDITIONAL_1F_Rear_Setback":null,"CONDITIONAL_1F_Frontage":null,"CONDITIONAL_1F_Max_Lot_Building_Coverage":null,"CONDITIONAL_1F_Max_Lot_Impervious_Coverage":null,"CONDITIONAL_1F_Min_Parking_Spaces":null,"CONDITIONAL_1F_Max_Stories":null,"CONDITIONAL_1F_Max_Height":null,"CONDITIONAL_1F_Floor_to_Area_Ratio":null,"CONDITIONAL_1F_Min_Unit_Size":null,"CONDITIONAL_2F_Affordable_Housing_Only":null,"CONDITIONAL_2F_Elderly_Housing_Only":null,"CONDITIONAL_2F_Min_Lot_Size":null,"CONDITIONAL_2F_Max_Density":null,"CONDITIONAL_2F_Front_Setback":null,"CONDITIONAL_2F_Side_Setback":null,"CONDITIONAL_2F_Rear_Setback":null,"CONDITIONAL_2F_Frontage":null,"CONDITIONAL_2F_Max_Lot_Building_Coverage":null,"CONDITIONAL_2F_Max_Lot_Impervious_Coverage":null,"CONDITIONAL_2F_Min_Parking_Spaces_per_1BR":null,"CONDITIONAL_2F_Min_Parking_Spaces_per_mult_BR":null,"CONDITIONAL_2F_Max_Stories":null,"CONDITIONAL_2F_Max_Height":null,"CONDITIONAL_2F_Floor_to_Area_Ratio":null,"CONDITIONAL_2F_Min_Unit_Size":null,"CONDITIONAL_3F_Affordable_Housing_Only":null,"CONDITIONAL_3F_Elderly_Housing_Only":null,"CONDITIONAL_3F_Min_Lot_Size":null,"CONDITIONAL_3F_Max_Density":null,"CONDITIONAL_3F_Front_Setback":null,"CONDITIONAL_3F_Side_Setback":null,"CONDITIONAL_3F_Rear_Setback":null,"CONDITIONAL_3F_Frontage":null,"CONDITIONAL_3F_Max_Lot_Building_Coverage":null,"CONDITIONAL_3F_Max_Lot_Impervious_Coverage":null,"CONDITIONAL_3F_Min_Parking_Spaces_per_1BR":null,"CONDITIONAL_3F_Min_Parking_Spaces_per_mult_BR":null,"CONDITIONAL_3F_Connection_to_Sewage_Water_Required":null,"CONDITIONAL_3F_Proximity_to_Public_Transit_Required":null,"CONDITIONAL_3F_Max_Stories":null,"CONDITIONAL_3F_Max_Height":null,"CONDITIONAL_3F_Floor_to_Area_Ratio":null,"CONDITIONAL_3F_Min_Unit_Size":null,"CONDITIONAL_3F_Max_Bedrooms":null,"CONDITIONAL_4F_Affordable_Housing_Only":null,"CONDITIONAL_4F_Elderly_Housing_Only":null,"CONDITIONAL_4F_Min_Lot_Size":null,"CONDITIONAL_4F_Max_Density":null,"CONDITIONAL_4F_Front_Setback":null,"CONDITIONAL_4F_Side_Setback":null,"CONDITIONAL_4F_Rear_Setback":null,"CONDITIONAL_4F_Frontage":null,"CONDITIONAL_4F_Max_Lot_Building_Coverage":null,"CONDITIONAL_4F_Max_Lot_Impervious_Coverage":null,"CONDITIONAL_4F_Min_Parking_Spaces_per_1BR":null,"CONDITIONAL_4F_Min_Parking_Spaces_per__mult_BR":null,"CONDITIONAL_4F_Connection_to_Sewage_Water_Required":null,"CONDITIONAL_4F_Proximity_to_Public_Transit_Required":null,"CONDITIONAL_4F_Max_Stories":null,"CONDITIONAL_4F_Max_Height":null,"CONDITIONAL_4F_Floor_to_Area_Ratio":null,"CONDITIONAL_4F_Min_Unit_Size":null,"CONDITIONAL_4F_Max_Bedrooms":null,"CONDITIONAL_4F_Max_Units_per_Building":null,"CONDITIONAL_5F_Affordable_Housing_Only":null,"CONDITIONAL_5F_Elderly_Housing_Only":null,"CONDITIONAL_5F_Min_Lot_Size":null,"CONDITIONAL_5F_Max_Density":null,"CONDITIONAL_5F_Front_Setback":null,"CONDITIONAL_5F_Side_Setback":null,"CONDITIONAL_5F_Rear_Setback":null,"CONDITIONAL_5F_Frontage":null,"CONDITIONAL_5F_Max_Lot_Building_Coverage":null,"CONDITIONAL_5F_Max__Lot_Impervious_Coverage":null,"CONDITIONAL_5F_Min_Parking_Spaces_per_1BR":null,"CONDITIONAL_5F_Min_Parking_Spaces_per_mult_BR":null,"CONDITIONAL_5F_Connection_to_Sewage_Water_Required":null,"CONDITIONAL_5F_Proximity_to_Public_Transit_Required":null,"CONDITIONAL_5F_Max_Stories":null,"CONDITIONAL_5F_Max_Height":null,"CONDITIONAL_5F_Floor_to_Area_Ratio":null,"CONDITIONAL_5F_Min_Unit_Size":null,"CONDITIONAL_5F_Max_Bedrooms":null,"CONDITIONAL_5F_Max_Units_per_Building":null,"CONDITIONAL_Affordable_Housing_Definition":null,"CONDITIONAL_Affordable_Housing_Elderly_Only":null,"CONDITIONAL_Affordable_Housing_Min_Lot_Size":null,"CONDITIONAL_Affordable_Housing_Max_Density":null,"CONDITIONAL_Affordable_Housing_Min_Parking_Spaces_per_1BR":null,"CONDITIONAL_Affordable_Housing_Min_Parking_Spaces_per_mult_BR":null,"CONDITIONAL_Affordable_Housing_Min_Unit_Size":null,"CONDITIONAL_Affordable_Housing_Max_Bedrooms":null,"CONDITIONAL_Affordable_Housing_Max_Units_per_Building":null,"CONDITIONAL_ADU_Employee_or_Family_Occupancy_Required":null,"CONDITIONAL_ADU_Renter_Occupancy_Prohibited":null,"CONDITIONAL_ADU_Owner_Occupancy_Required":null,"CONDITIONAL_ADU_Elderly_Housing_Only":null,"CONDITIONAL_ADU_Min_Lot_Size":null,"CONDITIONAL_ADU_Min_Parking_Spaces":null,"CONDITIONAL_ADU_Restricted_to_Primary_Structure":null,"CONDITIONAL_ADU_Max_Size_as_Percent_of_Primary_Strcture":null,"CONDITIONAL_ADU_Max_Size_in_sq_ft":null,"CONDITIONAL_ADU_Max_Bedrooms":null,"CONDITIONAL_PRD_Mobile_or_Manufactured_Home_Park":null,"CONDITIONAL_PRD_Min_Lot_Size":null,"CONDITIONAL_PRD_Max_Density":null,"CONDITIONAL_PRD_Max_Units":null,"CONDITIONAL_PUD_Required_with_Subdivision":null,"CONDITIONAL_PUD_Threshold_Number":null,"CONDITIONAL_PUD_Allowance":null,"CONDITIONAL_PUD_Requires_Land_Conservation":null,"Bylaw_Date":"2023-08-15","RPC":"ACRPC","Version":1,"Acres":341.13663947718095,"Shape_Length":0.12102115278806468,"Shape_Area":0.00015513217816378775}}]}