{"type":"FeatureCollection","features":[{"type":"Feature","id":1,"geometry":{"type":"MultiPolygon","coordinates":[[[[-73.286742122527357,44.763888254677653],[-73.286187509531715,44.76412798961519],[-73.285816164497888,44.764395356751741],[-73.285473317151101,44.764805356302155],[-73.284306571568749,44.765792279756575],[-73.284088663528379,44.766114875231615],[-73.283973930620277,44.766496228391546],[-73.283466439294514,44.766791170203248],[-73.283080850652993,44.767130400343653],[-73.284058076819136,44.768611441882257],[-73.284220000590508,44.768489999825405],[-73.284220000328929,44.768139999620246],[-73.284650000434553,44.76770000012381],[-73.285439999831937,44.767260000077684],[-73.285692900097033,44.767189599765715],[-73.285990651942626,44.767182561798172],[-73.286156906256949,44.767059677915427],[-73.286009222202779,44.766967935391946],[-73.285873000387397,44.767082399898868],[-73.285774361592587,44.767079298161406],[-73.285667199536832,44.766980099658689],[-73.285719999650993,44.766490000363596],[-73.286560820574735,44.765798768360497],[-73.287158099574953,44.76511529956715],[-73.287481899371457,44.765002699724427],[-73.288112100308211,44.764939900151838],[-73.286742122527357,44.763888254677653]]],[[[-73.347632594848861,44.700610676283048],[-73.347122395781767,44.700948011358804],[-73.346512735783804,44.70165638220822],[-73.346882699367271,44.701574099711465],[-73.347372800335521,44.701220700276032],[-73.347575099956117,44.700916999893131],[-73.347632594848861,44.700610676283048]]],[[[-73.347598572469423,44.690851371979733],[-73.347178369341421,44.690883288067305],[-73.347680498135901,44.691361873748541],[-73.347598572469423,44.690851371979733]]],[[[-73.349264844423928,44.690724810900214],[-73.34800296386689,44.690820656152546],[-73.348171687365053,44.691782471577447],[-73.349713788540157,44.693107270696657],[-73.350211878949096,44.693873146866608],[-73.350555255313637,44.695217607988383],[-73.350716761343477,44.696441708759906],[-73.350669059517386,44.696759921917895],[-73.350728768391605,44.697213190999719],[-73.350672634662672,44.69760080871648],[-73.350277967605734,44.698057177319335],[-73.350079571437163,44.698450194088501],[-73.349818968571839,44.699380521823137],[-73.349734665205304,44.699974861983428],[-73.349272858993487,44.700008851017849],[-73.34864172980069,44.700130982104412],[-73.347963416583582,44.700424074218589],[-73.347914999936208,44.70093589998833],[-73.347750354198766,44.701459759158496],[-73.348128746408563,44.701955565941688],[-73.348459899376465,44.701623899776209],[-73.349223199548504,44.701283800402805],[-73.349909999850638,44.701300000097561],[-73.350478002932292,44.701496727866392],[-73.350770000112817,44.701479999554046],[-73.350980448060767,44.701384664437221],[-73.351447078622442,44.700408183575959],[-73.351420699974554,44.700197000115068],[-73.35162389252605,44.699216647071047],[-73.351636600074102,44.698828000283164],[-73.352006899963428,44.698225099877476],[-73.352377999798136,44.697228599705198],[-73.352326800167447,44.696117200318341],[-73.352119676626771,44.694544350083397],[-73.351933300581877,44.694138800360264],[-73.351903700466352,44.69378859988884],[-73.351734637472234,44.693254099999933],[-73.351192238517541,44.692403268761609],[-73.350347767483981,44.691595701589925],[-73.349264844423928,44.690724810900214]]],[[[-73.34692513528573,44.678540013326703],[-73.34675301670832,44.678986238870579],[-73.346686282849575,44.679538266906661],[-73.346448123874907,44.680022582639872],[-73.346248744777029,44.680823427973252],[-73.346202725815687,44.681206058803788],[-73.346205680835837,44.681657385218394],[-73.346348367206346,44.682381026791958],[-73.346900190277296,44.683738774570607],[-73.346966484577621,44.684114116577703],[-73.34681899876864,44.684543812174752],[-73.346812176045248,44.685002537912929],[-73.347119500229411,44.685886801201654],[-73.347482300392386,44.682260699720842],[-73.347529028033762,44.680993645624106],[-73.347513466230808,44.680626435943417],[-73.347438800390123,44.680198600257505],[-73.346973599740622,44.678853100421797],[-73.34692513528573,44.678540013326703]]],[[[-73.348984199576222,44.677343199632745],[-73.347203791843029,44.677470530720001],[-73.347191259571545,44.677687498628863],[-73.347069055449609,44.677981610814889],[-73.347180799839819,44.678763700377822],[-73.347665400018101,44.680166900086547],[-73.347745733476913,44.680638332193872],[-73.347760009478606,44.681017342962001],[-73.347712599545048,44.68227099979331],[-73.34732925957222,44.686254018750958],[-73.347512350641225,44.686663815222275],[-73.347313291048835,44.686761778322179],[-73.34757036828654,44.688272189076599],[-73.347834545930425,44.688254102563775],[-73.34787340035713,44.688073999774382],[-73.348108000510237,44.687770000357688],[-73.348283899829809,44.687670300110412],[-73.348772100224537,44.687555999589819],[-73.349110000294814,44.687620000296619],[-73.349219999476873,44.687809999946857],[-73.349297073939084,44.688247374867096],[-73.349454500366789,44.688185899923312],[-73.349605379157396,44.688453356584489],[-73.349685493414313,44.688424775044716],[-73.349629900525272,44.688277600225923],[-73.349897858333549,44.688109682192554],[-73.349618600579859,44.6878600004517],[-73.349580999477041,44.687710299770615],[-73.349694316998068,44.687548191371981],[-73.349546599864141,44.687365799856174],[-73.349417899689513,44.686669799608168],[-73.348901300509993,44.685940199818639],[-73.348618200455448,44.685411399945934],[-73.348469100173759,44.684550199859714],[-73.348767960387448,44.684280606611637],[-73.348561999413207,44.683741499637108],[-73.348543244854454,44.68347787697197],[-73.348406499456587,44.68331440040734],[-73.348414299700394,44.68316919986114],[-73.348221900116414,44.682792199995845],[-73.348207799881735,44.682439399889269],[-73.347909400080525,44.682043300400601],[-73.347832899412467,44.681406200084034],[-73.3479705998664,44.680613000379722],[-73.348095399751045,44.680348399670827],[-73.34801609941016,44.680150800437062],[-73.348172100136253,44.680013500188977],[-73.348555700255304,44.678815999782884],[-73.3487515995389,44.677998599587454],[-73.348778200133566,44.677540999569239],[-73.348984199576222,44.677343199632745]]],[[[-73.34904833486398,44.677251385980313],[-73.347214260576465,44.67741359374623],[-73.347203971076937,44.677469241612407],[-73.348986000412069,44.677341800376418],[-73.34904833486398,44.677251385980313]]]]},"properties":{"OBJECTID":1,"OBJECTID_1":150,"Jurisdiction_District_Name":"Grand Isle Commercial Recreation Shoreline","County":"Grand Isle","Jurisdiction":"Grand Isle ","Abbreviated_District_Name":"Slc","District_Name":"Commercial Recreation Shoreline","District_Mapped":"Yes","Overlay_District":"No","Extinct_District":null,"District_Type":"Mixed with Residential","Affordable_Housing_District":"No","Elderly_Housing_District":"No","F1F_Allowance":"Permitted","F2F_Allowance":"Permitted","F3F_Allowance":"Prohibited","F4F_Allowance":"Prohibited","F5F_Allowance":null,"ADU_Allowance":"Public Hearing","Affordable_Housing_Allowance":"Not Mentioned","PRD_Allowance":"Prohibited","NOTES":"None","F1F_Min_Lot":1,"F1F_Front_Setback":40,"F1F_Side_Setback":25,"F1F_Rear_Setback":25,"F1F_Frontage":150,"F1F_Max_Lot_Building_Coverage":null,"F1F_Max_Lot_Impervious_Coverage":null,"F1F_Min_Parking_Spaces":2,"F1F_Max_Stories":null,"F1F_Max_Height":35,"F1F_Floor_to_Area_Ratio":null,"F1F_Min_Unit_Size":null,"F2F_Affordable_Housing_Only":"No","F2F_Elderly_Housing_Only":"No","F2F_Min_Lot_Size":1,"F2F_Max_Density":null,"F2F_Front_Setback":40,"F2F_Side_Setback":25,"F2F_Rear_Setback":25,"F2F_Frontage":150,"F2F_Max_Lot_Building_Coverage":null,"F2F_Max_Lot_Impervious_Coverage":null,"F2F_Min_Parking_Spaces_per_1BR":2,"F2F_Min_Parking_Spaces_per_mult_BR":2,"F2F_Max_Stories":null,"F2F_Max_Height":35,"F2F_Floor_to_Area_Ratio":null,"F2F_Min_Unit_Size":null,"F3F_Affordable_Housing_Only":"No","F3F_Elderly_Housing_Only":"No","F3F_Min_Lot_Size":null,"F3F_Max_Density":null,"F3F_Front_Setback":null,"F3F_Side_Setback":null,"F3F_Rear_Setback":null,"F3F_Frontage":null,"F3F_Max_Lot_Building_Coverage":null,"F3F_Max_Lot_Impervious_Coverage":null,"F3F_Min_Parking_Spaces_per_1BR":null,"F3F_Min_Parking_Spaces_per_mult_BR":null,"F3F_Connection_to_Sewage_Water_Required":"No","F3F_Proximity_to_Public_Transit_Required":"No","F3F_Max_Stories":null,"F3F_Max_Height":null,"F3F_Floor_to_Area_Ratio":null,"F3F_Min_Unit_Size":null,"F3F_Max_Bedrooms":null,"F4F_Affordable_Housing_Only":"No","F4F_Elderly_Housing_Only":"No","F4F_Min_Lot_Size":null,"F4F_Max_Density":null,"F4F_Front_Setback":null,"F4F_Side_Setback":null,"F4F_Rear_Setback":null,"F4F_Frontage":null,"F4F_Max_Lot_Building_Coverage":null,"F4F_Max_Lot_Impervious_Coverage":null,"F4F_Min_Parking_Spaces_per_1BR":null,"F4F_Min_Parking_Spaces_per__mult_BR":null,"F4F_Connection_to_Sewage_Water_Required":"No","F4F_Proximity_to_Public_Transit_Required":"No","F4F_Max_Stories":null,"F4F_Max_Height":null,"F4F_Floor_to_Area_Ratio":null,"F4F_Min_Unit_Size":null,"F4F_Max_Bedrooms":null,"F4F_Max_Units_per_Building":null,"F5F_Affordable_Housing_Only":null,"F5F_Elderly_Housing_Only":null,"F5F_Min_Lot_Size":null,"F5F_Max_Density":null,"F5F_Front_Setback":null,"F5F_Side_Setback":null,"F5F_Rear_Setback":null,"F5F_Frontage":null,"F5F_Max_Lot_Building_Coverage":null,"F5F_Max__Lot_Impervious_Coverage":null,"F5F_Min_Parking_Spaces_per_1BR":null,"F5F_Min_Parking_Spaces_per_mult_BR":null,"F5F_Connection_to_Sewage_Water_Required":null,"F5F_Proximity_to_Public_Transit_Required":null,"F5F_Max_Stories":null,"F5F_Max_Height":null,"F5F_Floor_to_Area_Ratio":null,"F5F_Min_Unit_Size":null,"F5F_Max_Bedrooms":null,"F5F_Max_Units_per_Building":null,"Affordable_Housing_Definition":null,"Affordable_Housing_Elderly_Only":"No","Affordable_Housing_Min_Lot_Size":null,"Affordable_Housing_Max_Density":null,"Affordable_Housing_Min_Parking_Spaces_per_1BR":null,"Affordable_Housing_Min_Parking_Spaces_per_mult_BR":null,"Affordable_Housing_Min_Unit_Size":null,"Affordable_Housing_Max_Bedrooms":null,"Affordable_Housing_Max_Units_per_Building":null,"ADU_Employee_or_Family_Occupancy_Required":"No","ADU_Renter_Occupancy_Prohibited":"No","ADU_Owner_Occupancy_Required":"Yes","ADU_Elderly_Housing_Only":"No","ADU_Min_Lot_Size":null,"ADU_Min_Parking_Spaces":2,"ADU_Restricted_to_Primary_Structure":"No","ADU_Max_Size_as_Percent_of_Primary_Strcture":30,"ADU_Max_Size_in_sq_ft":null,"ADU_Max_Bedrooms":1,"PRD_Mobile_or_Manufactured_Home_Park":"No","PRD_Min_Lot_Size":null,"PRD_Max_Density":null,"PRD_Max_Units":null,"PUD_Required_with_Subdivision":"F","PUD_Threshold_Number":null,"PUD_Allowance":"Yes","PUD_Requires_Land_Conservation":"F","Base_Density":null,"CONDITIONAL_1F_Min_Lot":null,"CONDITIONAL_1F_Front_Setback":null,"CONDITIONAL_1F_Side_Setback":null,"CONDITIONAL_1F_Rear_Setback":null,"CONDITIONAL_1F_Frontage":null,"CONDITIONAL_1F_Max_Lot_Building_Coverage":null,"CONDITIONAL_1F_Max_Lot_Impervious_Coverage":null,"CONDITIONAL_1F_Min_Parking_Spaces":null,"CONDITIONAL_1F_Max_Stories":null,"CONDITIONAL_1F_Max_Height":null,"CONDITIONAL_1F_Floor_to_Area_Ratio":null,"CONDITIONAL_1F_Min_Unit_Size":null,"CONDITIONAL_2F_Affordable_Housing_Only":null,"CONDITIONAL_2F_Elderly_Housing_Only":null,"CONDITIONAL_2F_Min_Lot_Size":null,"CONDITIONAL_2F_Max_Density":null,"CONDITIONAL_2F_Front_Setback":null,"CONDITIONAL_2F_Side_Setback":null,"CONDITIONAL_2F_Rear_Setback":null,"CONDITIONAL_2F_Frontage":null,"CONDITIONAL_2F_Max_Lot_Building_Coverage":null,"CONDITIONAL_2F_Max_Lot_Impervious_Coverage":null,"CONDITIONAL_2F_Min_Parking_Spaces_per_1BR":null,"CONDITIONAL_2F_Min_Parking_Spaces_per_mult_BR":null,"CONDITIONAL_2F_Max_Stories":null,"CONDITIONAL_2F_Max_Height":null,"CONDITIONAL_2F_Floor_to_Area_Ratio":null,"CONDITIONAL_2F_Min_Unit_Size":null,"CONDITIONAL_3F_Affordable_Housing_Only":null,"CONDITIONAL_3F_Elderly_Housing_Only":null,"CONDITIONAL_3F_Min_Lot_Size":null,"CONDITIONAL_3F_Max_Density":null,"CONDITIONAL_3F_Front_Setback":null,"CONDITIONAL_3F_Side_Setback":null,"CONDITIONAL_3F_Rear_Setback":null,"CONDITIONAL_3F_Frontage":null,"CONDITIONAL_3F_Max_Lot_Building_Coverage":null,"CONDITIONAL_3F_Max_Lot_Impervious_Coverage":null,"CONDITIONAL_3F_Min_Parking_Spaces_per_1BR":null,"CONDITIONAL_3F_Min_Parking_Spaces_per_mult_BR":null,"CONDITIONAL_3F_Connection_to_Sewage_Water_Required":null,"CONDITIONAL_3F_Proximity_to_Public_Transit_Required":null,"CONDITIONAL_3F_Max_Stories":null,"CONDITIONAL_3F_Max_Height":null,"CONDITIONAL_3F_Floor_to_Area_Ratio":null,"CONDITIONAL_3F_Min_Unit_Size":null,"CONDITIONAL_3F_Max_Bedrooms":null,"CONDITIONAL_4F_Affordable_Housing_Only":null,"CONDITIONAL_4F_Elderly_Housing_Only":null,"CONDITIONAL_4F_Min_Lot_Size":null,"CONDITIONAL_4F_Max_Density":null,"CONDITIONAL_4F_Front_Setback":null,"CONDITIONAL_4F_Side_Setback":null,"CONDITIONAL_4F_Rear_Setback":null,"CONDITIONAL_4F_Frontage":null,"CONDITIONAL_4F_Max_Lot_Building_Coverage":null,"CONDITIONAL_4F_Max_Lot_Impervious_Coverage":null,"CONDITIONAL_4F_Min_Parking_Spaces_per_1BR":null,"CONDITIONAL_4F_Min_Parking_Spaces_per__mult_BR":null,"CONDITIONAL_4F_Connection_to_Sewage_Water_Required":null,"CONDITIONAL_4F_Proximity_to_Public_Transit_Required":null,"CONDITIONAL_4F_Max_Stories":null,"CONDITIONAL_4F_Max_Height":null,"CONDITIONAL_4F_Floor_to_Area_Ratio":null,"CONDITIONAL_4F_Min_Unit_Size":null,"CONDITIONAL_4F_Max_Bedrooms":null,"CONDITIONAL_4F_Max_Units_per_Building":null,"CONDITIONAL_5F_Affordable_Housing_Only":null,"CONDITIONAL_5F_Elderly_Housing_Only":null,"CONDITIONAL_5F_Min_Lot_Size":null,"CONDITIONAL_5F_Max_Density":null,"CONDITIONAL_5F_Front_Setback":null,"CONDITIONAL_5F_Side_Setback":null,"CONDITIONAL_5F_Rear_Setback":null,"CONDITIONAL_5F_Frontage":null,"CONDITIONAL_5F_Max_Lot_Building_Coverage":null,"CONDITIONAL_5F_Max__Lot_Impervious_Coverage":null,"CONDITIONAL_5F_Min_Parking_Spaces_per_1BR":null,"CONDITIONAL_5F_Min_Parking_Spaces_per_mult_BR":null,"CONDITIONAL_5F_Connection_to_Sewage_Water_Required":null,"CONDITIONAL_5F_Proximity_to_Public_Transit_Required":null,"CONDITIONAL_5F_Max_Stories":null,"CONDITIONAL_5F_Max_Height":null,"CONDITIONAL_5F_Floor_to_Area_Ratio":null,"CONDITIONAL_5F_Min_Unit_Size":null,"CONDITIONAL_5F_Max_Bedrooms":null,"CONDITIONAL_5F_Max_Units_per_Building":null,"CONDITIONAL_Affordable_Housing_Definition":null,"CONDITIONAL_Affordable_Housing_Elderly_Only":null,"CONDITIONAL_Affordable_Housing_Min_Lot_Size":null,"CONDITIONAL_Affordable_Housing_Max_Density":null,"CONDITIONAL_Affordable_Housing_Min_Parking_Spaces_per_1BR":null,"CONDITIONAL_Affordable_Housing_Min_Parking_Spaces_per_mult_BR":null,"CONDITIONAL_Affordable_Housing_Min_Unit_Size":null,"CONDITIONAL_Affordable_Housing_Max_Bedrooms":null,"CONDITIONAL_Affordable_Housing_Max_Units_per_Building":null,"CONDITIONAL_ADU_Employee_or_Family_Occupancy_Required":null,"CONDITIONAL_ADU_Renter_Occupancy_Prohibited":null,"CONDITIONAL_ADU_Owner_Occupancy_Required":null,"CONDITIONAL_ADU_Elderly_Housing_Only":null,"CONDITIONAL_ADU_Min_Lot_Size":null,"CONDITIONAL_ADU_Min_Parking_Spaces":null,"CONDITIONAL_ADU_Restricted_to_Primary_Structure":null,"CONDITIONAL_ADU_Max_Size_as_Percent_of_Primary_Strcture":null,"CONDITIONAL_ADU_Max_Size_in_sq_ft":null,"CONDITIONAL_ADU_Max_Bedrooms":null,"CONDITIONAL_PRD_Mobile_or_Manufactured_Home_Park":null,"CONDITIONAL_PRD_Min_Lot_Size":null,"CONDITIONAL_PRD_Max_Density":null,"CONDITIONAL_PRD_Max_Units":null,"CONDITIONAL_PUD_Required_with_Subdivision":null,"CONDITIONAL_PUD_Threshold_Number":null,"CONDITIONAL_PUD_Allowance":null,"CONDITIONAL_PUD_Requires_Land_Conservation":null,"Bylaw_Date":"2024-02-22","RPC":"NWRPC","Version":1,"Acres":101.12343668111959,"Shape_Length":9898.051258591373,"Shape_Area":409232.65970540408}},{"type":"Feature","id":2,"geometry":{"type":"MultiPolygon","coordinates":[[[[-73.306423977238694,44.703032432058876],[-73.302676800320427,44.7034086003166],[-73.300997576572783,44.707222921083464],[-73.306998675399043,44.70649215163737],[-73.306423977238694,44.703032432058876]]],[[[-73.303069319826633,44.702107748985838],[-73.301807694371902,44.702116613853221],[-73.299729972573658,44.707377279922774],[-73.300784414545546,44.707248878248265],[-73.303069319826633,44.702107748985838]]],[[[-73.306257706988134,44.702031477834751],[-73.303270722018752,44.702104501215267],[-73.30274079957961,44.703268199941256],[-73.306401345149794,44.702896186983168],[-73.306257706988134,44.702031477834751]]]]},"properties":{"OBJECTID":2,"OBJECTID_1":151,"Jurisdiction_District_Name":"Grand Isle Commercial/Light Industrial","County":"Grand Isle","Jurisdiction":"Grand Isle ","Abbreviated_District_Name":"Cli","District_Name":"Commercial/Light Industrial","District_Mapped":"Yes","Overlay_District":"No","Extinct_District":null,"District_Type":"Mixed with Residential","Affordable_Housing_District":"No","Elderly_Housing_District":"No","F1F_Allowance":"Permitted","F2F_Allowance":"Permitted","F3F_Allowance":"Permitted","F4F_Allowance":"Public Hearing","F5F_Allowance":null,"ADU_Allowance":"Public Hearing","Affordable_Housing_Allowance":"Not Mentioned","PRD_Allowance":"Prohibited","NOTES":"None","F1F_Min_Lot":1,"F1F_Front_Setback":40,"F1F_Side_Setback":25,"F1F_Rear_Setback":25,"F1F_Frontage":150,"F1F_Max_Lot_Building_Coverage":null,"F1F_Max_Lot_Impervious_Coverage":null,"F1F_Min_Parking_Spaces":2,"F1F_Max_Stories":null,"F1F_Max_Height":35,"F1F_Floor_to_Area_Ratio":null,"F1F_Min_Unit_Size":null,"F2F_Affordable_Housing_Only":"No","F2F_Elderly_Housing_Only":"No","F2F_Min_Lot_Size":1,"F2F_Max_Density":null,"F2F_Front_Setback":40,"F2F_Side_Setback":25,"F2F_Rear_Setback":25,"F2F_Frontage":150,"F2F_Max_Lot_Building_Coverage":null,"F2F_Max_Lot_Impervious_Coverage":null,"F2F_Min_Parking_Spaces_per_1BR":2,"F2F_Min_Parking_Spaces_per_mult_BR":2,"F2F_Max_Stories":null,"F2F_Max_Height":35,"F2F_Floor_to_Area_Ratio":null,"F2F_Min_Unit_Size":null,"F3F_Affordable_Housing_Only":"No","F3F_Elderly_Housing_Only":"No","F3F_Min_Lot_Size":1,"F3F_Max_Density":null,"F3F_Front_Setback":40,"F3F_Side_Setback":25,"F3F_Rear_Setback":25,"F3F_Frontage":150,"F3F_Max_Lot_Building_Coverage":null,"F3F_Max_Lot_Impervious_Coverage":null,"F3F_Min_Parking_Spaces_per_1BR":2,"F3F_Min_Parking_Spaces_per_mult_BR":2,"F3F_Connection_to_Sewage_Water_Required":"No","F3F_Proximity_to_Public_Transit_Required":"No","F3F_Max_Stories":null,"F3F_Max_Height":35,"F3F_Floor_to_Area_Ratio":null,"F3F_Min_Unit_Size":null,"F3F_Max_Bedrooms":null,"F4F_Affordable_Housing_Only":"No","F4F_Elderly_Housing_Only":"No","F4F_Min_Lot_Size":1,"F4F_Max_Density":null,"F4F_Front_Setback":40,"F4F_Side_Setback":25,"F4F_Rear_Setback":25,"F4F_Frontage":150,"F4F_Max_Lot_Building_Coverage":null,"F4F_Max_Lot_Impervious_Coverage":null,"F4F_Min_Parking_Spaces_per_1BR":2,"F4F_Min_Parking_Spaces_per__mult_BR":2,"F4F_Connection_to_Sewage_Water_Required":"No","F4F_Proximity_to_Public_Transit_Required":"No","F4F_Max_Stories":null,"F4F_Max_Height":35,"F4F_Floor_to_Area_Ratio":null,"F4F_Min_Unit_Size":null,"F4F_Max_Bedrooms":null,"F4F_Max_Units_per_Building":null,"F5F_Affordable_Housing_Only":"F","F5F_Elderly_Housing_Only":"F","F5F_Min_Lot_Size":1,"F5F_Max_Density":null,"F5F_Front_Setback":40,"F5F_Side_Setback":25,"F5F_Rear_Setback":25,"F5F_Frontage":150,"F5F_Max_Lot_Building_Coverage":null,"F5F_Max__Lot_Impervious_Coverage":null,"F5F_Min_Parking_Spaces_per_1BR":2,"F5F_Min_Parking_Spaces_per_mult_BR":2,"F5F_Connection_to_Sewage_Water_Required":"F","F5F_Proximity_to_Public_Transit_Required":"F","F5F_Max_Stories":null,"F5F_Max_Height":35,"F5F_Floor_to_Area_Ratio":null,"F5F_Min_Unit_Size":null,"F5F_Max_Bedrooms":null,"F5F_Max_Units_per_Building":null,"Affordable_Housing_Definition":null,"Affordable_Housing_Elderly_Only":"No","Affordable_Housing_Min_Lot_Size":null,"Affordable_Housing_Max_Density":null,"Affordable_Housing_Min_Parking_Spaces_per_1BR":null,"Affordable_Housing_Min_Parking_Spaces_per_mult_BR":null,"Affordable_Housing_Min_Unit_Size":null,"Affordable_Housing_Max_Bedrooms":null,"Affordable_Housing_Max_Units_per_Building":null,"ADU_Employee_or_Family_Occupancy_Required":"No","ADU_Renter_Occupancy_Prohibited":"No","ADU_Owner_Occupancy_Required":"Yes","ADU_Elderly_Housing_Only":"No","ADU_Min_Lot_Size":null,"ADU_Min_Parking_Spaces":2,"ADU_Restricted_to_Primary_Structure":"Yes","ADU_Max_Size_as_Percent_of_Primary_Strcture":30,"ADU_Max_Size_in_sq_ft":null,"ADU_Max_Bedrooms":1,"PRD_Mobile_or_Manufactured_Home_Park":"No","PRD_Min_Lot_Size":null,"PRD_Max_Density":null,"PRD_Max_Units":null,"PUD_Required_with_Subdivision":"F","PUD_Threshold_Number":null,"PUD_Allowance":"Yes","PUD_Requires_Land_Conservation":"F","Base_Density":null,"CONDITIONAL_1F_Min_Lot":null,"CONDITIONAL_1F_Front_Setback":null,"CONDITIONAL_1F_Side_Setback":null,"CONDITIONAL_1F_Rear_Setback":null,"CONDITIONAL_1F_Frontage":null,"CONDITIONAL_1F_Max_Lot_Building_Coverage":null,"CONDITIONAL_1F_Max_Lot_Impervious_Coverage":null,"CONDITIONAL_1F_Min_Parking_Spaces":null,"CONDITIONAL_1F_Max_Stories":null,"CONDITIONAL_1F_Max_Height":null,"CONDITIONAL_1F_Floor_to_Area_Ratio":null,"CONDITIONAL_1F_Min_Unit_Size":null,"CONDITIONAL_2F_Affordable_Housing_Only":null,"CONDITIONAL_2F_Elderly_Housing_Only":null,"CONDITIONAL_2F_Min_Lot_Size":null,"CONDITIONAL_2F_Max_Density":null,"CONDITIONAL_2F_Front_Setback":null,"CONDITIONAL_2F_Side_Setback":null,"CONDITIONAL_2F_Rear_Setback":null,"CONDITIONAL_2F_Frontage":null,"CONDITIONAL_2F_Max_Lot_Building_Coverage":null,"CONDITIONAL_2F_Max_Lot_Impervious_Coverage":null,"CONDITIONAL_2F_Min_Parking_Spaces_per_1BR":null,"CONDITIONAL_2F_Min_Parking_Spaces_per_mult_BR":null,"CONDITIONAL_2F_Max_Stories":null,"CONDITIONAL_2F_Max_Height":null,"CONDITIONAL_2F_Floor_to_Area_Ratio":null,"CONDITIONAL_2F_Min_Unit_Size":null,"CONDITIONAL_3F_Affordable_Housing_Only":null,"CONDITIONAL_3F_Elderly_Housing_Only":null,"CONDITIONAL_3F_Min_Lot_Size":null,"CONDITIONAL_3F_Max_Density":null,"CONDITIONAL_3F_Front_Setback":null,"CONDITIONAL_3F_Side_Setback":null,"CONDITIONAL_3F_Rear_Setback":null,"CONDITIONAL_3F_Frontage":null,"CONDITIONAL_3F_Max_Lot_Building_Coverage":null,"CONDITIONAL_3F_Max_Lot_Impervious_Coverage":null,"CONDITIONAL_3F_Min_Parking_Spaces_per_1BR":null,"CONDITIONAL_3F_Min_Parking_Spaces_per_mult_BR":null,"CONDITIONAL_3F_Connection_to_Sewage_Water_Required":null,"CONDITIONAL_3F_Proximity_to_Public_Transit_Required":null,"CONDITIONAL_3F_Max_Stories":null,"CONDITIONAL_3F_Max_Height":null,"CONDITIONAL_3F_Floor_to_Area_Ratio":null,"CONDITIONAL_3F_Min_Unit_Size":null,"CONDITIONAL_3F_Max_Bedrooms":null,"CONDITIONAL_4F_Affordable_Housing_Only":null,"CONDITIONAL_4F_Elderly_Housing_Only":null,"CONDITIONAL_4F_Min_Lot_Size":null,"CONDITIONAL_4F_Max_Density":null,"CONDITIONAL_4F_Front_Setback":null,"CONDITIONAL_4F_Side_Setback":null,"CONDITIONAL_4F_Rear_Setback":null,"CONDITIONAL_4F_Frontage":null,"CONDITIONAL_4F_Max_Lot_Building_Coverage":null,"CONDITIONAL_4F_Max_Lot_Impervious_Coverage":null,"CONDITIONAL_4F_Min_Parking_Spaces_per_1BR":null,"CONDITIONAL_4F_Min_Parking_Spaces_per__mult_BR":null,"CONDITIONAL_4F_Connection_to_Sewage_Water_Required":null,"CONDITIONAL_4F_Proximity_to_Public_Transit_Required":null,"CONDITIONAL_4F_Max_Stories":null,"CONDITIONAL_4F_Max_Height":null,"CONDITIONAL_4F_Floor_to_Area_Ratio":null,"CONDITIONAL_4F_Min_Unit_Size":null,"CONDITIONAL_4F_Max_Bedrooms":null,"CONDITIONAL_4F_Max_Units_per_Building":null,"CONDITIONAL_5F_Affordable_Housing_Only":null,"CONDITIONAL_5F_Elderly_Housing_Only":null,"CONDITIONAL_5F_Min_Lot_Size":null,"CONDITIONAL_5F_Max_Density":null,"CONDITIONAL_5F_Front_Setback":null,"CONDITIONAL_5F_Side_Setback":null,"CONDITIONAL_5F_Rear_Setback":null,"CONDITIONAL_5F_Frontage":null,"CONDITIONAL_5F_Max_Lot_Building_Coverage":null,"CONDITIONAL_5F_Max__Lot_Impervious_Coverage":null,"CONDITIONAL_5F_Min_Parking_Spaces_per_1BR":null,"CONDITIONAL_5F_Min_Parking_Spaces_per_mult_BR":null,"CONDITIONAL_5F_Connection_to_Sewage_Water_Required":null,"CONDITIONAL_5F_Proximity_to_Public_Transit_Required":null,"CONDITIONAL_5F_Max_Stories":null,"CONDITIONAL_5F_Max_Height":null,"CONDITIONAL_5F_Floor_to_Area_Ratio":null,"CONDITIONAL_5F_Min_Unit_Size":null,"CONDITIONAL_5F_Max_Bedrooms":null,"CONDITIONAL_5F_Max_Units_per_Building":null,"CONDITIONAL_Affordable_Housing_Definition":null,"CONDITIONAL_Affordable_Housing_Elderly_Only":null,"CONDITIONAL_Affordable_Housing_Min_Lot_Size":null,"CONDITIONAL_Affordable_Housing_Max_Density":null,"CONDITIONAL_Affordable_Housing_Min_Parking_Spaces_per_1BR":null,"CONDITIONAL_Affordable_Housing_Min_Parking_Spaces_per_mult_BR":null,"CONDITIONAL_Affordable_Housing_Min_Unit_Size":null,"CONDITIONAL_Affordable_Housing_Max_Bedrooms":null,"CONDITIONAL_Affordable_Housing_Max_Units_per_Building":null,"CONDITIONAL_ADU_Employee_or_Family_Occupancy_Required":null,"CONDITIONAL_ADU_Renter_Occupancy_Prohibited":null,"CONDITIONAL_ADU_Owner_Occupancy_Required":null,"CONDITIONAL_ADU_Elderly_Housing_Only":null,"CONDITIONAL_ADU_Min_Lot_Size":null,"CONDITIONAL_ADU_Min_Parking_Spaces":null,"CONDITIONAL_ADU_Restricted_to_Primary_Structure":null,"CONDITIONAL_ADU_Max_Size_as_Percent_of_Primary_Strcture":null,"CONDITIONAL_ADU_Max_Size_in_sq_ft":null,"CONDITIONAL_ADU_Max_Bedrooms":null,"CONDITIONAL_PRD_Mobile_or_Manufactured_Home_Park":null,"CONDITIONAL_PRD_Min_Lot_Size":null,"CONDITIONAL_PRD_Max_Density":null,"CONDITIONAL_PRD_Max_Units":null,"CONDITIONAL_PUD_Required_with_Subdivision":null,"CONDITIONAL_PUD_Threshold_Number":null,"CONDITIONAL_PUD_Allowance":null,"CONDITIONAL_PUD_Requires_Land_Conservation":null,"Bylaw_Date":"2024-02-22","RPC":"NWRPC","Version":1,"Acres":57.938478162796756,"Shape_Length":3767.9083249641212,"Shape_Area":234469.06441713747}},{"type":"Feature","id":3,"geometry":{"type":"MultiPolygon","coordinates":[[[[-73.315541621093132,44.738557293025274],[-73.315363769971356,44.738574152044592],[-73.314677004051248,44.73890322443259],[-73.314430644440222,44.739205218829447],[-73.315522588153499,44.741304867130388],[-73.31556101979551,44.742122307397878],[-73.31547532453915,44.742481479204791],[-73.315352367541848,44.742785138178625],[-73.315130771156589,44.743018703815153],[-73.315059713702553,44.743248794648544],[-73.314872366962248,44.743502076098615],[-73.314622193317845,44.744125838937173],[-73.3143037041973,44.744701920025776],[-73.313269202366698,44.745535155657628],[-73.31247491387083,44.746324864409253],[-73.312438040336474,44.746415136049841],[-73.312508389058621,44.746604688099538],[-73.312517858438696,44.7475989615534],[-73.312406289194158,44.748395125431415],[-73.312577301917329,44.748298168867933],[-73.31294425910653,44.747966287812361],[-73.31329951276922,44.747664514203223],[-73.313696371699606,44.747563543669216],[-73.31398219255621,44.747601708186565],[-73.314531649594556,44.747769135797249],[-73.314762739153579,44.747948285200323],[-73.314900127409487,44.748192857177543],[-73.315394234361747,44.749136785851249],[-73.315471177943593,44.749632924757847],[-73.315571856901926,44.749402185025232],[-73.315565450250816,44.748588975206232],[-73.315362008591535,44.748382694130839],[-73.314888584577616,44.747685924706673],[-73.31504071083495,44.747291889733091],[-73.315033982443197,44.746925972896037],[-73.315145050834715,44.746635906900345],[-73.314817942475713,44.745952109399362],[-73.314897698383177,44.745680876126187],[-73.314895613621047,44.745282013844424],[-73.315364511692934,44.744870239992409],[-73.315504926540001,44.744643832926393],[-73.315536238686022,44.744300431676983],[-73.31542478851587,44.743795574802576],[-73.315630894141549,44.74354671829839],[-73.315865955124821,44.74308911426025],[-73.315929489208898,44.742201531604792],[-73.316189771151556,44.741313847646261],[-73.316461881375233,44.740902172230349],[-73.316273824457511,44.740536565018175],[-73.31624061582734,44.740148286377867],[-73.315772218091396,44.739729395105584],[-73.315846144072651,44.739378315243357],[-73.315193755116667,44.739397036879836],[-73.315148327806014,44.739360668410697],[-73.315206895294239,44.739168916099963],[-73.315640904684898,44.738762172728613],[-73.31564829234074,44.738613740878762],[-73.315541621093132,44.738557293025274]]],[[[-73.328610023672965,44.733690709741168],[-73.328412458499656,44.73372657976757],[-73.328307084771637,44.733942468440944],[-73.328627670100701,44.734579380133979],[-73.328623661707923,44.735077180449117],[-73.327481954700033,44.736219922346812],[-73.327116033227853,44.736688130370752],[-73.326268275883209,44.738285882380559],[-73.32565541070241,44.739245886598461],[-73.325209859445451,44.739817547416465],[-73.324661944014025,44.739986250979136],[-73.324508277762078,44.740449040617619],[-73.324375727375738,44.74050777863954],[-73.323956929175608,44.74043615934],[-73.323794372019904,44.740458737223882],[-73.323545772403349,44.74071070204586],[-73.323300934476975,44.740933477777567],[-73.322139864487937,44.741580807255133],[-73.321853697472577,44.741609977587423],[-73.321444690413799,44.741450461409499],[-73.32125069020536,44.741497369387126],[-73.3211981605223,44.74176071912381],[-73.321399842357096,44.742041233139254],[-73.321412079370603,44.742176174930371],[-73.321354830467811,44.742312935760005],[-73.321193259568219,44.742456549023686],[-73.320126717019988,44.743019857728804],[-73.319811382589762,44.742977116742836],[-73.31970601343518,44.743027963604497],[-73.319456926847664,44.743445456757669],[-73.318931652602998,44.743795976845966],[-73.31846192294924,44.743918943441834],[-73.318179214599283,44.744126937579196],[-73.318035477543631,44.744331299794347],[-73.317852643745482,44.74439485571196],[-73.317614107804786,44.74420460964933],[-73.317265695023394,44.744254937104053],[-73.317235686068102,44.744056491652088],[-73.317074156205763,44.743872781900784],[-73.316686788627166,44.744101370304335],[-73.316389754598887,44.744100124882472],[-73.316439100612556,44.743484658581224],[-73.31635503670033,44.743450521426169],[-73.316152272131546,44.744190449437788],[-73.316195547437346,44.744317557622324],[-73.31645334471483,44.744527456038718],[-73.316718431759085,44.744533299709225],[-73.317222734519419,44.74451769086388],[-73.317475209282662,44.744530060947362],[-73.317927573004411,44.744813950783559],[-73.317997059589644,44.744812133821704],[-73.318193291664642,44.744671742340721],[-73.318326537227165,44.744472229111622],[-73.318537276789087,44.744198926978051],[-73.318678291401284,44.74411083240188],[-73.318801577131623,44.744062726934189],[-73.319165020842661,44.743878877935785],[-73.31969067466072,44.743349575416602],[-73.320435564345388,44.743014938705215],[-73.321075555443926,44.74270252219263],[-73.322485192616554,44.742149303955401],[-73.322946144057937,44.742070212994037],[-73.324339724282552,44.742053254393454],[-73.324622446011958,44.74205398944779],[-73.325431575592162,44.742191505072036],[-73.325613903375086,44.742298394309636],[-73.326094581505714,44.742541441693021],[-73.326182105554551,44.742734071154757],[-73.326818194675141,44.743593580239335],[-73.327348702843281,44.744164534943799],[-73.327644797527682,44.744369281945282],[-73.327782620876889,44.744646628826899],[-73.327915036393463,44.744680731000336],[-73.328067392218486,44.744608722897141],[-73.32815819026527,44.744483337734437],[-73.328194716505806,44.744447654409221],[-73.328362413417096,44.744367862067556],[-73.328489910688148,44.744196278406001],[-73.328429887322955,44.744123961972491],[-73.328299999607879,44.744097473247933],[-73.328120345563576,44.74432612170633],[-73.328040844245649,44.744261797979028],[-73.328044200214251,44.743136860633868],[-73.327975389427351,44.742618835408464],[-73.327752445988452,44.742093249617469],[-73.327753555219445,44.741918624058734],[-73.327781384585151,44.741683801863218],[-73.327616197359262,44.741326772195364],[-73.327643807368901,44.741137351800987],[-73.327384187828969,44.740858827187623],[-73.327042838485298,44.740774499447163],[-73.326833711756024,44.740645178386771],[-73.326583816878596,44.740608831444277],[-73.32579213017523,44.74064500636274],[-73.325685056513706,44.74060506617532],[-73.32550481164381,44.740396362009264],[-73.325509029634588,44.740217631079062],[-73.325711588077795,44.739807754658791],[-73.3266269728786,44.73894256344829],[-73.326849772778246,44.738491697100457],[-73.326902014111624,44.738239341751346],[-73.327938057989485,44.736344288860046],[-73.328101087616304,44.73613742255781],[-73.328841075407084,44.735509171017441],[-73.329125608032285,44.7350563751598],[-73.329210174351758,44.734741188260635],[-73.329170862940771,44.734608635888414],[-73.328749720281323,44.73381910163274],[-73.328610023672965,44.733690709741168]]],[[[-73.275970029500385,44.725942378837374],[-73.275913968295683,44.726026874088724],[-73.275978483621628,44.726006890646595],[-73.275970029500385,44.725942378837374]]],[[[-73.281014742357954,44.725467341016149],[-73.280218401400376,44.725701177287114],[-73.278839000583915,44.725962726355299],[-73.277923698404578,44.726013363692935],[-73.276722928918758,44.725908768599872],[-73.275978483621628,44.726006890646595],[-73.275868261584989,44.726161023344659],[-73.276071496823249,44.726917043967156],[-73.276458123611718,44.72727492324379],[-73.276812729178516,44.727442107310445],[-73.277165238443715,44.728010852074064],[-73.277382430414306,44.727961587856889],[-73.277534063968389,44.727438311578901],[-73.277716487122817,44.727391318129463],[-73.277815483385424,44.727601732428845],[-73.278083726792616,44.727830984164918],[-73.27817113151184,44.727884452334166],[-73.278445888879816,44.727846982166021],[-73.278676996424167,44.727701635639946],[-73.278698123354104,44.727468124972752],[-73.278873205851909,44.727247738824552],[-73.279081712259256,44.727080074924658],[-73.279295580943057,44.727008756809269],[-73.279768508001553,44.727543395026785],[-73.279918072542614,44.727578463569351],[-73.280287641538621,44.727448775876361],[-73.280426174376615,44.727461686923156],[-73.280711995142354,44.727603155116903],[-73.280831854875473,44.727591052620042],[-73.281196895860589,44.727488805915108],[-73.281802217738743,44.727180818023015],[-73.282041399448957,44.727178608026975],[-73.283315319971763,44.727765511292517],[-73.283443735612977,44.727877300566966],[-73.283502570017674,44.728312708404609],[-73.283469134869122,44.728735842763001],[-73.283606015902578,44.729609670667763],[-73.283926198004224,44.730876605335993],[-73.284216531055989,44.733213116866501],[-73.284158067014616,44.733396605142879],[-73.283952472515182,44.733602827219698],[-73.283198893050823,44.733977554183909],[-73.282880354876866,44.734069445446359],[-73.282299805428565,44.734149480281168],[-73.281338105887599,44.734199508858438],[-73.281322889748438,44.734507369134406],[-73.282726324138366,44.735643429819547],[-73.282933125836905,44.735863571735926],[-73.283116902062147,44.736237431986162],[-73.28368714887705,44.736740382154551],[-73.284188663516346,44.737690734116974],[-73.284434179867588,44.738381760084557],[-73.284529811938441,44.738732401022631],[-73.284550081364046,44.739326812120503],[-73.284409094560345,44.740048286116838],[-73.284056330487999,44.740753097140029],[-73.283818587533133,44.741011139086304],[-73.283475075932813,44.742057352699369],[-73.283454302642468,44.742195824085812],[-73.283261824146564,44.742964673171862],[-73.2830194269239,44.743571975774245],[-73.282175347026595,44.745122716166698],[-73.282100835756538,44.745330738127997],[-73.28222962453475,44.745428780729348],[-73.282395935558228,44.745411813922061],[-73.282829528490808,44.745192225640928],[-73.283329892702781,44.744448186765652],[-73.284010970856968,44.74214628142547],[-73.284055740284998,44.742005690597644],[-73.284240911274296,44.741253494377425],[-73.284680636553901,44.740621391627364],[-73.284875992076081,44.740043695924967],[-73.284995304437771,44.739261410757706],[-73.284918053710385,44.738630460172125],[-73.284943924264084,44.73804218426217],[-73.285113611542243,44.737409123051215],[-73.286128558850422,44.735327088780465],[-73.28595680256845,44.735569535744496],[-73.286331912512381,44.73489528265651],[-73.286886717306672,44.734286757640341],[-73.287562566821791,44.733776160766062],[-73.287599538881182,44.733683147064326],[-73.287228772925289,44.733543282554209],[-73.286102681778601,44.733533334836658],[-73.285410601555341,44.733441316285379],[-73.285073516707669,44.733026846113972],[-73.284768593984182,44.732241483385451],[-73.284685808425834,44.731838755590623],[-73.284705663547996,44.731497953271663],[-73.284549415221747,44.730626610582618],[-73.284602271887834,44.729562849292371],[-73.284351977512344,44.728593944391534],[-73.28456543949811,44.728063257197391],[-73.284526369805846,44.727925189193144],[-73.28435368850019,44.727730272987749],[-73.283961841480249,44.727507589069582],[-73.282363274532571,44.726789698867208],[-73.281712754611078,44.726736735897838],[-73.28100702162412,44.726892056897974],[-73.280861514937754,44.726848793573588],[-73.280744635757117,44.726599360882986],[-73.280797502923363,44.726152004688075],[-73.281134431716936,44.725620274285134],[-73.281014742357954,44.725467341016149]]],[[[-73.322107462317533,44.709533350326524],[-73.321944989498533,44.709555925076586],[-73.32174857472809,44.709872357397082],[-73.321763747932465,44.710045848002174],[-73.321550299579954,44.710593100664248],[-73.321520989724078,44.710854014430282],[-73.32129758540502,44.711170083012306],[-73.321146114729785,44.711542130250002],[-73.321117964625557,44.71240543668732],[-73.32088222227577,44.713730806193027],[-73.320860136123898,44.714500674295074],[-73.32062569608631,44.715119158604857],[-73.320602928333358,44.716406128855809],[-73.320501150143869,44.71663306120913],[-73.320503194592007,44.716872388934341],[-73.320140094190336,44.717549657741202],[-73.320079870196054,44.71781290582021],[-73.319755039527919,44.718339404983944],[-73.319627788212856,44.718827300185374],[-73.319506987564296,44.719042973444651],[-73.318862242948327,44.719724706436089],[-73.318898434667517,44.719877515009607],[-73.318823660130334,44.720028039771506],[-73.318713105333217,44.720484614282945],[-73.318727373872107,44.72102117036799],[-73.318912617615752,44.722316435806491],[-73.319211623374215,44.723368427024504],[-73.31916981937934,44.723667678914943],[-73.31885010732617,44.724139234004561],[-73.318593309580223,44.724397087027292],[-73.318130337584236,44.724566900184783],[-73.318050945668247,44.724662103191264],[-73.318008808543894,44.72497510306323],[-73.317787364597905,44.725530493837589],[-73.317701761476897,44.725562349792419],[-73.316974569686593,44.725327018119323],[-73.316727622783205,44.725331946756427],[-73.316489041500972,44.725471766055634],[-73.316392725882906,44.726441427090066],[-73.315902351356428,44.726951934814522],[-73.315963843412334,44.727123299433103],[-73.317255037177034,44.728133638651776],[-73.317433450778509,44.728416599119974],[-73.317548533471651,44.728442902103744],[-73.317634403804263,44.728400048403493],[-73.317850507442898,44.728070133035018],[-73.318112883284627,44.727903125287156],[-73.319002513906213,44.728283661820583],[-73.319936937965053,44.728890340346759],[-73.32023520852924,44.728998868062249],[-73.320797651578715,44.729352990750876],[-73.321486205358653,44.729430994984241],[-73.322375083037656,44.72968221735956],[-73.322667536624195,44.729710893179664],[-73.323955470556797,44.729571368069188],[-73.32418292004742,44.729575372802792],[-73.325649782218804,44.729514283242736],[-73.325857668483778,44.729530816893451],[-73.326109879263484,44.729630459883921],[-73.326079940459508,44.72959155211138],[-73.326178569872184,44.729661636077843],[-73.326175095327073,44.729972404379275],[-73.32587899543816,44.730425039358906],[-73.325839845306717,44.730776589295118],[-73.326149212924477,44.731069537196568],[-73.327047110738803,44.731430864907431],[-73.327497407707412,44.731799958977689],[-73.327991811027701,44.732098124821377],[-73.328206651124361,44.732802390403712],[-73.328009514884286,44.733311364281377],[-73.328106386209555,44.733389191276544],[-73.328229947763347,44.733366524688954],[-73.328550553355001,44.73310404519885],[-73.328592545155843,44.732958825043092],[-73.328564757605449,44.732009506797652],[-73.328252486956785,44.731675268245517],[-73.327963971415187,44.731478874338407],[-73.326996178574447,44.730973589036488],[-73.326766352577906,44.730742218743067],[-73.326706896425947,44.730482871353288],[-73.326780521209784,44.729977749031072],[-73.326914699267093,44.729685231179033],[-73.32687705342795,44.729318901574771],[-73.327115756893164,44.728846242759381],[-73.327148357092952,44.728117776818991],[-73.32723788159457,44.727755896715621],[-73.32719356158735,44.727018150908044],[-73.327512799833329,44.726400786672805],[-73.327604783234563,44.725934419026629],[-73.328047059462847,44.72500513188097],[-73.328203965283279,44.724729419722571],[-73.328452815888156,44.724479692027529],[-73.328850644714862,44.723307757910192],[-73.32864027748893,44.722906115098361],[-73.328396192510112,44.722790081709185],[-73.328102150443939,44.722830163393638],[-73.327858974918072,44.723002950342583],[-73.32730506376258,44.724087526684443],[-73.327442432148658,44.724804512737926],[-73.32730508984416,44.725559085703331],[-73.327057034453063,44.726265418022194],[-73.326507977976078,44.726978727777237],[-73.32643215685107,44.727250020738232],[-73.32642268149479,44.727978797091296],[-73.32651633237613,44.72907752923102],[-73.325594773064282,44.729230236623074],[-73.324114859205608,44.729268083284026],[-73.323872718042466,44.729256885262025],[-73.322767319639283,44.729079597985645],[-73.322053487450475,44.729092030589825],[-73.321277624249774,44.72895509736702],[-73.320654805769053,44.728707437923333],[-73.318236374944675,44.727412431061325],[-73.318185723924458,44.727271469858493],[-73.318306481445646,44.727058547824342],[-73.318990853970405,44.726498375765587],[-73.31935135846399,44.726096133831028],[-73.319375421429783,44.725243775960926],[-73.319556328935718,44.724608070986761],[-73.319520211584077,44.723853925995677],[-73.319666285401965,44.723223253672749],[-73.319618296131239,44.722807271096002],[-73.319410332102379,44.722144336343497],[-73.319278219494336,44.721210111584419],[-73.319286929064958,44.720354797173762],[-73.319427567402727,44.719962079704722],[-73.319485995095079,44.719813980114452],[-73.319608365617114,44.719646714302058],[-73.319961516270624,44.719390153110751],[-73.320184436623492,44.719096083919176],[-73.320425748252461,44.718351164830089],[-73.320437680523696,44.718010252274091],[-73.320634858553674,44.717825859840296],[-73.320741078944508,44.717574231694918],[-73.320971634471945,44.717283015407688],[-73.321055569535545,44.716995330327514],[-73.321313748329018,44.714396740952118],[-73.321444715009278,44.714076680425187],[-73.321565778008448,44.713360400673324],[-73.321513589625781,44.712795830177235],[-73.322234370622041,44.710525263870487],[-73.322096549539168,44.710157587391841],[-73.322107462317533,44.709533350326524]]],[[[-73.286967307331707,44.708835271713156],[-73.286941936971743,44.70886310977253],[-73.286956193573516,44.708855498183034],[-73.286967307331707,44.708835271713156]]],[[[-73.344529617337699,44.707940825776951],[-73.344528503816846,44.707941832911729],[-73.344520688505909,44.707970632032094],[-73.344537261411503,44.707946851739031],[-73.344529617337699,44.707940825776951]]],[[[-73.345121202577644,44.707405562744661],[-73.34456167512559,44.707911821276831],[-73.344537261411503,44.707946851739031],[-73.345121202577644,44.707405562744661]]],[[[-73.339315267696193,44.704745892035866],[-73.339343661275777,44.70551092759375],[-73.339206450781859,44.706268265603278],[-73.339279938594274,44.706423273237242],[-73.340077324599193,44.706948207035431],[-73.34018910449349,44.707279758414003],[-73.339949761850534,44.708118259898434],[-73.339820320777221,44.708212813308236],[-73.338840030121645,44.708089784021752],[-73.338614873516889,44.707990526246903],[-73.338434878047323,44.707773591803964],[-73.338325681578013,44.707167016241669],[-73.338360633932126,44.706661373708215],[-73.338182644057298,44.70602912900322],[-73.33784727063869,44.705697357018131],[-73.337483695284888,44.705582504569982],[-73.337414122049978,44.705754867043368],[-73.337570897605843,44.706634383019306],[-73.337725510020505,44.706947251912489],[-73.337982070972345,44.707187208751073],[-73.338127817332804,44.707714504301627],[-73.338122416861637,44.70794547974608],[-73.337970229175667,44.708188261087159],[-73.337681469473765,44.708335706921872],[-73.337648126546355,44.708442536827121],[-73.338293154398258,44.708558374614469],[-73.338705701415066,44.708558350342372],[-73.339642958465134,44.708378244857002],[-73.340094560813569,44.708356729232484],[-73.340359100206612,44.708420748983094],[-73.340955688548007,44.708299379845833],[-73.341469089662681,44.708273175912737],[-73.342485534276634,44.708003329293668],[-73.342857638443078,44.707857556377739],[-73.343393690936892,44.707718177607369],[-73.34360954997706,44.707693868606171],[-73.344045684469776,44.707729663395213],[-73.344528925449595,44.7079402810486],[-73.344529617337699,44.707940825776951],[-73.34456167512559,44.707911821276831],[-73.344785570228723,44.707590547809644],[-73.34490497559031,44.70741920889288],[-73.343759776562379,44.707395812746398],[-73.343551203677919,44.707403869831595],[-73.343074283196401,44.707444242977004],[-73.342825775575292,44.70746597070864],[-73.342541269407619,44.707596983097375],[-73.342147231876609,44.70763027319552],[-73.341085508591121,44.708023293420176],[-73.34068131539513,44.707995930927773],[-73.340563937483765,44.707408503953474],[-73.340610298307183,44.706578444653779],[-73.340403175248653,44.705541484291246],[-73.340164852659782,44.705180750358004],[-73.339576256438576,44.704796114413625],[-73.339315267696193,44.704745892035866]]],[[[-73.311712563153193,44.688096346332379],[-73.311615462023482,44.688122385214129],[-73.310037801580449,44.690361216761509],[-73.309606480884412,44.690781320114574],[-73.309411175269091,44.69112975406658],[-73.309291333255203,44.691332606792479],[-73.309175937891567,44.691403127222557],[-73.30906263506121,44.691524560566293],[-73.308355529806846,44.691720163082913],[-73.307807851943949,44.69228454175984],[-73.307649055505465,44.692551945411317],[-73.307637758769516,44.692612731598395],[-73.307910557355925,44.692517231825384],[-73.3082800694567,44.692250358727641],[-73.308657153989898,44.692137779302897],[-73.309385408843795,44.692168257653378],[-73.310196631734442,44.692122919986595],[-73.310635262296813,44.692016786205322],[-73.310955784089018,44.691853771810365],[-73.311176419554471,44.691824124866841],[-73.311615342599623,44.691855649365571],[-73.312250799144607,44.692193036147835],[-73.31249828509219,44.692169306081645],[-73.312691528735911,44.691706992251447],[-73.313779222941434,44.689917629173159],[-73.313874158240012,44.689676809087082],[-73.313820052649731,44.689232723167962],[-73.313642604458764,44.689084082755791],[-73.313337866463343,44.689084910828178],[-73.312716057444163,44.689265330024931],[-73.312304598188589,44.689515053172322],[-73.312220982943643,44.689466965300639],[-73.312186539452938,44.68915808296196],[-73.311885222981147,44.688280707167714],[-73.311712563153193,44.688096346332379]]],[[[-73.322836181485982,44.687521871304114],[-73.322523195783873,44.687718464039847],[-73.322267629902115,44.688094617021449],[-73.322255127324851,44.688460277838487],[-73.322568006603007,44.68908336341574],[-73.322630031836184,44.689557297646552],[-73.32257254578181,44.690032379761298],[-73.322004633912343,44.690739912746203],[-73.321632594478601,44.690987972828829],[-73.321099692647778,44.691192611222803],[-73.320074551265876,44.691349372736042],[-73.31973671331815,44.691454856235232],[-73.318310317668505,44.692115067664162],[-73.318089767714568,44.692150607806013],[-73.317039971606505,44.691721132962641],[-73.316048839103743,44.691418967353627],[-73.315674486784459,44.691438676202765],[-73.315450996206778,44.691597948640904],[-73.31518830691769,44.692271056238553],[-73.314908704456045,44.692682626210804],[-73.31377531805542,44.6938225890867],[-73.313807316344707,44.693935795907507],[-73.314268153825637,44.694008028941539],[-73.314815730501039,44.693998911944156],[-73.315376235551653,44.694094489393841],[-73.315757918346847,44.694253667707919],[-73.316000288393568,44.694598009978534],[-73.316123008674026,44.695111275316059],[-73.316129147478819,44.695339657917543],[-73.315813677725089,44.695800257835224],[-73.315198737653731,44.696210060325704],[-73.315032378414443,44.696397608673578],[-73.314543422251845,44.69669633219776],[-73.314451257917312,44.696843621155679],[-73.314574934702677,44.697802499401668],[-73.314556436304699,44.698256098603693],[-73.314413380729945,44.698597993675179],[-73.313848551264769,44.699330286257947],[-73.313927294197327,44.700071261021854],[-73.313723187194128,44.701196252879697],[-73.313525510760286,44.701564916741283],[-73.313635303063123,44.701811202444176],[-73.314031283635401,44.702039854762077],[-73.314263788965988,44.702157715287711],[-73.314465059246288,44.702259741894778],[-73.314847011426224,44.70221848483596],[-73.314422294543377,44.702277236078025],[-73.314427953631892,44.70236101342514],[-73.314170118425253,44.702665602625586],[-73.314155862313683,44.703102755865686],[-73.313871651594283,44.704515480826757],[-73.313675992500734,44.704798903434188],[-73.313385224130982,44.705028780831874],[-73.312563027268723,44.705394514407494],[-73.31233339347007,44.705647218586762],[-73.312083807477663,44.706251731147887],[-73.311714552295967,44.706700592154611],[-73.31118097646798,44.707203850728298],[-73.311011461535486,44.707354540566669],[-73.310477109796821,44.707663082357492],[-73.310156743510163,44.707678004669241],[-73.309892418011884,44.707767950130624],[-73.309285518479058,44.707834007078837],[-73.308969791441783,44.70781598077189],[-73.30823876239873,44.707913358949625],[-73.306698979052697,44.707972268956688],[-73.306043649453116,44.708128421295086],[-73.305392568933414,44.70858994506429],[-73.305211748344462,44.708895559797313],[-73.30490922840788,44.709130759189321],[-73.30469885197455,44.709221424640617],[-73.303781400703187,44.709374007607117],[-73.303416381824931,44.709481826000783],[-73.302683437611122,44.70981844558856],[-73.302467389517261,44.709823762441246],[-73.301877897442594,44.709645211575598],[-73.301451614624185,44.709413865661318],[-73.300778541550343,44.70886284067717],[-73.300347041555938,44.708674872253987],[-73.300157534073819,44.70864696663439],[-73.299653899411595,44.708652241005417],[-73.299443251348933,44.708753897384149],[-73.298883933767883,44.70844371222946],[-73.298574890524506,44.708147936878731],[-73.298084119728557,44.707393082666229],[-73.297392413327913,44.706657490845537],[-73.296375130032203,44.705194041222668],[-73.295992291470085,44.70492200718698],[-73.295329043204831,44.704767171205951],[-73.295235084492759,44.704826400704135],[-73.294548250360606,44.704690492057857],[-73.294802210541164,44.704391392582536],[-73.294673493983538,44.704293362954019],[-73.293688310415348,44.704219387769676],[-73.293060427556554,44.704037515054587],[-73.292495290117259,44.703285299864547],[-73.292387949660792,44.703190094404434],[-73.292056717512324,44.70297579893689],[-73.291757102581542,44.702930439557726],[-73.291767005256759,44.702839804767677],[-73.292061505506695,44.702618284213109],[-73.292580653822952,44.702349693707646],[-73.292707695322861,44.702286539000625],[-73.2930248598568,44.702158354875358],[-73.293391836849494,44.702096530619883],[-73.293811020139572,44.702060465828559],[-73.294439118176641,44.702023651006591],[-73.294757860132535,44.70191523023459],[-73.294926364789433,44.701802005912967],[-73.294925297193217,44.701686464761373],[-73.294648943953817,44.701635930434151],[-73.294193784989332,44.701646214968193],[-73.294249202429356,44.701554442690359],[-73.294361313852789,44.701483755124627],[-73.29524326142365,44.701027779371827],[-73.295345256986224,44.700955950895043],[-73.295985694860931,44.700472709042586],[-73.296056735402303,44.700397421339204],[-73.296637987124171,44.699907535729125],[-73.296715302556947,44.699832924665778],[-73.297391068837328,44.699353671452727],[-73.297481155612772,44.699280469042037],[-73.297997595307422,44.698783307751732],[-73.298061488184985,44.69870716701373],[-73.298536034666711,44.698205293382763],[-73.298605891238026,44.698129951149802],[-73.298800117503077,44.697825195650019],[-73.298900860536932,44.697435276426923],[-73.298903518381422,44.697372751763822],[-73.298809224371382,44.697342783769443],[-73.298802904905031,44.697342078345891],[-73.298713926540088,44.697414806116818],[-73.298004499940518,44.69806411855604],[-73.2979356764491,44.698137655180382],[-73.297448338038592,44.69863817488924],[-73.29737404325877,44.698713067743448],[-73.296775674680234,44.699201082418995],[-73.296678839604908,44.699273476435351],[-73.296032243276912,44.699755999374865],[-73.295923666779316,44.699827088722913],[-73.295208424219993,44.700301860172551],[-73.295122275411643,44.700375477916332],[-73.294449157415698,44.700855009669624],[-73.294334893904946,44.700925454023562],[-73.293800546480568,44.701327270374499],[-73.293612435579931,44.701399416064255],[-73.293444534456384,44.701463812283478],[-73.292805818176404,44.701843483187673],[-73.29267481285396,44.70192279642739],[-73.291897584753812,44.702154703360684],[-73.291691775096211,44.702205506624992],[-73.291197132915627,44.702488328193063],[-73.291091168711972,44.702559692686663],[-73.291043996423284,44.702630343889233],[-73.290985150551705,44.70271847930384],[-73.290344656572017,44.703626263154455],[-73.290105565845721,44.703788025191663],[-73.289798167191151,44.703904840655824],[-73.289577012578135,44.704121859840299],[-73.288957421917985,44.704393931083452],[-73.288694734621672,44.704574620797274],[-73.288616642031386,44.70477434631426],[-73.288295805591929,44.704967991286004],[-73.288147003607293,44.705221758209632],[-73.287993704964819,44.705183896748565],[-73.287741853273673,44.705235455108138],[-73.287823630767718,44.705519890857452],[-73.287618325635719,44.70583553142793],[-73.287349327541634,44.706000243121579],[-73.287310756518835,44.706318786655466],[-73.286950698162059,44.70653939583088],[-73.286119102535125,44.706649006209723],[-73.285304650628774,44.706500668328502],[-73.285278041263098,44.706493972389865],[-73.285037086007378,44.706433345311588],[-73.283992321467124,44.706905841749588],[-73.283319600960809,44.707457716831073],[-73.28300824679053,44.707577211112707],[-73.282726493518993,44.707826285810704],[-73.282908658383874,44.708094412625023],[-73.283341380538559,44.708161469975764],[-73.283828874426206,44.708342044190047],[-73.284041915292761,44.708348597267474],[-73.283916630409777,44.70829347932812],[-73.283577645155418,44.708144344567636],[-73.283504706443424,44.708112254759534],[-73.283487097676527,44.708103014702253],[-73.283466105830414,44.708009691350739],[-73.284392838404642,44.70784828341246],[-73.285104559412488,44.708104366666518],[-73.285517751428657,44.708097588219857],[-73.286111818015925,44.707728826276437],[-73.286666311015921,44.707563636143135],[-73.286737888414166,44.707503167649534],[-73.286691090056877,44.707364359416879],[-73.286677739952907,44.707267450955584],[-73.286831092827398,44.707156680118814],[-73.286836232493016,44.707138695096951],[-73.286942394367358,44.707130281967281],[-73.286826141026083,44.707341755580941],[-73.286817623278452,44.707377631593516],[-73.286818664425084,44.707383318152289],[-73.286832983281741,44.707461548583431],[-73.28699395319569,44.707487383617135],[-73.28688106204342,44.70767610687227],[-73.286859166709917,44.70770332883378],[-73.286749267500198,44.707761413876916],[-73.286653577319967,44.70783998998283],[-73.286602838105779,44.707889775143663],[-73.286547373215029,44.707936138074139],[-73.286347938428165,44.708102842073465],[-73.286516957756348,44.708321409191015],[-73.28650539663316,44.708389767690555],[-73.28648632260861,44.708478866860858],[-73.28655606784352,44.708566649692187],[-73.286470290443532,44.708580592413995],[-73.286448821245941,44.708709025138987],[-73.286630594212312,44.709405765878977],[-73.286535877630314,44.709652593109837],[-73.28652180673339,44.709679897894404],[-73.286441432057174,44.709811767166649],[-73.286432939719006,44.709823097019367],[-73.285983436029127,44.710409166661186],[-73.285458146475378,44.710921605887357],[-73.28546120276188,44.711030281356337],[-73.284684306235889,44.711557846868487],[-73.284615600954695,44.711668418364098],[-73.284268588206103,44.711838315643242],[-73.284310407246949,44.711874913938182],[-73.284597997852458,44.712126606754694],[-73.284789946712067,44.71200271566881],[-73.285993992119657,44.710683069728837],[-73.286106872600058,44.710562282606872],[-73.286574229739031,44.709978009935732],[-73.286797947432007,44.709021112785813],[-73.286941936971743,44.70886310977253],[-73.286815568205711,44.708930584628284],[-73.28745651247587,44.707944870763924],[-73.286967307331707,44.708835271713156],[-73.287253477112714,44.708521251039144],[-73.287590602618906,44.707759216130533],[-73.287478839891406,44.707910533719755],[-73.287788789032703,44.707433847295974],[-73.287590602618906,44.707759216130533],[-73.288038462377074,44.707313494046559],[-73.288435530752437,44.707156652777691],[-73.288288371221,44.7067062835565],[-73.288540953520737,44.706228328827365],[-73.288634439008462,44.705949107015847],[-73.288703133288067,44.705182624294899],[-73.288982316225159,44.704798613603586],[-73.289155427275574,44.704655203721785],[-73.289510737441105,44.704629817274004],[-73.289950910302593,44.704443304978021],[-73.290344505515833,44.704110371195185],[-73.290888004464335,44.703795990850807],[-73.291358146985914,44.703739263062758],[-73.291553082798856,44.703736425434087],[-73.291901087131222,44.703831863708132],[-73.292132793382748,44.703975316074612],[-73.292194457043806,44.704295232258474],[-73.292335994433969,44.704500714155991],[-73.293349225580002,44.704690609932833],[-73.29531591220757,44.705311614056846],[-73.296541465691675,44.706291056297232],[-73.296843070405245,44.70689480426082],[-73.29714246869338,44.707270220851171],[-73.297457289434149,44.707645846606958],[-73.297862881616069,44.707934688938181],[-73.298167089569191,44.708431195262087],[-73.298675849492582,44.708919484138868],[-73.29918931377388,44.70921254102899],[-73.299487578482456,44.709315624923207],[-73.299575965199253,44.709327830734814],[-73.29991041961604,44.709186595572213],[-73.300118115902961,44.709174826724521],[-73.300400743675169,44.709341807901637],[-73.300410016873016,44.709597741168238],[-73.300314822402754,44.709868755637615],[-73.299894616264581,44.710347143581437],[-73.299486277719808,44.710652404128389],[-73.299431030989552,44.711025735041297],[-73.299708622968936,44.711026763900108],[-73.300258346184307,44.710935224061757],[-73.301171820404477,44.710628580607306],[-73.301368268502387,44.710636753004906],[-73.301701232933752,44.710740303018163],[-73.30237770192835,44.711151087206431],[-73.302788875920172,44.711530756304818],[-73.30321177949078,44.712064617379482],[-73.303478168640765,44.712533088323561],[-73.3036693454182,44.713083053667695],[-73.303914488290758,44.713955573869939],[-73.303981425407585,44.71566735775945],[-73.303812862365859,44.715942880653351],[-73.30361010338116,44.716036399785459],[-73.302356876664987,44.716035881394298],[-73.302236122265683,44.716086501891247],[-73.302720969160475,44.716450668063672],[-73.303434021601888,44.716625388939548],[-73.303594411409577,44.716690830288059],[-73.303713878507764,44.716854737662842],[-73.303653580570071,44.717117976742415],[-73.303240503647487,44.717458944386969],[-73.302899082731457,44.71786689809791],[-73.302676201531568,44.718477254778193],[-73.302161001710189,44.718734313292778],[-73.302382482563559,44.718825341743035],[-73.30256112468598,44.719094578213429],[-73.302720465174943,44.719204015655379],[-73.303035328447521,44.719260554350356],[-73.303051701221207,44.719381802656734],[-73.303196215851415,44.719466283036169],[-73.303332960516869,44.719231588010416],[-73.303297023013798,44.718639720879629],[-73.303436204418432,44.718303285601813],[-73.303632317911465,44.718165667666646],[-73.303837490189295,44.718132696284798],[-73.303955017911093,44.718216808631922],[-73.304271193550122,44.718861990902916],[-73.304438642280886,44.718955032810719],[-73.304546417469297,44.718802460834944],[-73.304640914593364,44.71839940460081],[-73.304546777208699,44.717982786566566],[-73.304228262728799,44.717596130980667],[-73.304146715493417,44.717297958962547],[-73.304326910125681,44.716054381256995],[-73.304568906878586,44.715127960794845],[-73.304765269817153,44.714979342195306],[-73.305278717549285,44.715115585759463],[-73.305620837168959,44.714999199337697],[-73.30659532446731,44.715367236295528],[-73.306670605226046,44.715282987835721],[-73.306363590553062,44.714899243593173],[-73.305587190287653,44.714632911845584],[-73.30484038231404,44.714097417615854],[-73.304507358424061,44.713834342241782],[-73.304234859765913,44.713459312112683],[-73.303932189481927,44.71273454507061],[-73.304004408336027,44.712617250015477],[-73.303376688420329,44.711137151724529],[-73.303206441608523,44.710518703857382],[-73.303383328572309,44.710056254085728],[-73.303702756668017,44.709920311419452],[-73.305325743624792,44.70960951390672],[-73.305627538077061,44.709404560919396],[-73.306188149166545,44.708534718584048],[-73.306518861393329,44.708409923723629],[-73.308587711500692,44.70815463482311],[-73.309234978932338,44.708174398037841],[-73.310065894048137,44.708092117322508],[-73.310652360245371,44.707913006088148],[-73.311062628739563,44.707674702680016],[-73.311242617428775,44.707590161859422],[-73.311511061845792,44.707473511564388],[-73.312277467403163,44.70669994365106],[-73.312920846377409,44.705910956128996],[-73.313617111939365,44.705328975174638],[-73.314027752983762,44.705084209598951],[-73.314486163860849,44.70412768292038],[-73.314775511522896,44.702984585176097],[-73.315152545308507,44.702081269137636],[-73.315275147406624,44.701932582672136],[-73.315685920149264,44.701662816825909],[-73.315966930688546,44.701355786290897],[-73.316087187758427,44.700837542884727],[-73.315850874491375,44.699263766558566],[-73.315903917333728,44.698816134319735],[-73.316146769370889,44.698329799361815],[-73.317555497615515,44.697122003663416],[-73.317942681776302,44.696887913367604],[-73.318299756913888,44.696785445318945],[-73.318761145083812,44.69683566238966],[-73.318931839743058,44.69744033913954],[-73.319166601276024,44.697781819640554],[-73.319515338539418,44.698031311752487],[-73.319809985465085,44.698123291714637],[-73.320109456132528,44.698011792364113],[-73.320274816132255,44.697703196737393],[-73.320421427887027,44.697372343941836],[-73.320397426124728,44.696920923566019],[-73.320501710605598,44.696586751641654],[-73.320802929148343,44.696401007758865],[-73.321530784531134,44.696267751718317],[-73.322067078635641,44.69624744571076],[-73.322505148594828,44.696305587148885],[-73.322704234392205,44.696363270114503],[-73.322822022484175,44.696598651059865],[-73.322977688034868,44.697351650919671],[-73.322929836400135,44.697582059066448],[-73.322971809014504,44.697926447054378],[-73.323846157864537,44.698119710825694],[-73.324056509224377,44.698353581217027],[-73.324280629493231,44.698494113799768],[-73.324516310082913,44.698145196888959],[-73.324558524860777,44.69782669415779],[-73.324741936882461,44.697405560047947],[-73.324929030142769,44.697155013286128],[-73.325774607461469,44.696770252563944],[-73.325839443535443,44.696636342103616],[-73.325605621020941,44.696253629111673],[-73.325659479728486,44.696094815647641],[-73.325606258065704,44.695736526134915],[-73.325633246744687,44.69459264093328],[-73.325675141598893,44.693960566409331],[-73.325867408623878,44.693490038401265],[-73.325618654452327,44.692760550287062],[-73.325675727909641,44.692301966144441],[-73.325786059349554,44.692036636417427],[-73.326550044007746,44.69085860797491],[-73.327361233612748,44.690129553283533],[-73.327553506149854,44.689821307875384],[-73.327657607404092,44.689492628812239],[-73.327672861694154,44.689008728666231],[-73.327557627411451,44.688828398688273],[-73.327178770553473,44.688385986168754],[-73.326643984421509,44.688018501234161],[-73.324881205546518,44.687587802696903],[-73.323906009513067,44.687591233783294],[-73.323468134286983,44.687527598646767],[-73.322836181485982,44.687521871304114]]],[[[-73.335715200666897,44.684308206730165],[-73.335265812626531,44.6845381628913],[-73.334481146502966,44.685060368659094],[-73.334119300417441,44.68548711979021],[-73.334048289570234,44.685700787435586],[-73.334175308230115,44.685862394871982],[-73.334476032505179,44.686018379231164],[-73.334692427500457,44.686002389295012],[-73.33555435669453,44.685627268390803],[-73.33598026558586,44.685259298592015],[-73.336222085432667,44.684698572936846],[-73.336000570615298,44.684461201074939],[-73.335715200666897,44.684308206730165]]],[[[-73.306366804551757,44.681103656007913],[-73.306030839550488,44.681120501052781],[-73.305835297578668,44.681224859100816],[-73.305796385574638,44.681386695267655],[-73.305837860578478,44.681571795739437],[-73.306010699119284,44.681599240078391],[-73.306255575977659,44.681228586298246],[-73.306403497888951,44.681324474344386],[-73.306717332447207,44.681268741756043],[-73.306366804551757,44.681103656007913]]],[[[-73.347513466230808,44.680626435943417],[-73.346248744777029,44.680823427973252],[-73.344897947248981,44.681118517044141],[-73.344695045233408,44.681211816445135],[-73.344860424500382,44.681382249902285],[-73.344835402747748,44.681443851448229],[-73.344719002978565,44.681548144116562],[-73.344267368522608,44.681805544902588],[-73.343515006092915,44.681970392893632],[-73.343116876706517,44.682005681188443],[-73.341920165988626,44.682050933059031],[-73.340999683219223,44.6820012349976],[-73.340313934200267,44.681820176219496],[-73.339794323654615,44.681779280810339],[-73.337555475889118,44.682161121871232],[-73.336067092337856,44.682149585994971],[-73.335649816976414,44.682027630356117],[-73.335394811977309,44.681894366742995],[-73.334606602275372,44.681345554218197],[-73.334141531964377,44.681132014303657],[-73.333934266285482,44.681244500029891],[-73.333984589584503,44.681994113747713],[-73.333859749557789,44.682201456635418],[-73.333337470179998,44.682567955890597],[-73.33343805402184,44.682707138694042],[-73.333650931066387,44.682828754338651],[-73.333892828441009,44.682870968858573],[-73.334154494833953,44.682894211370609],[-73.335491420326022,44.682796102735097],[-73.335977394552074,44.682946632282402],[-73.336420665686035,44.682653258831664],[-73.336689265665839,44.68255546392399],[-73.337649285079976,44.682567250739503],[-73.338217540517491,44.682515285015199],[-73.339782452356374,44.682247131713751],[-73.34085909880983,44.682222112894792],[-73.341504540749341,44.682319965983986],[-73.343184783693374,44.682370117443888],[-73.343854521144493,44.682270099163432],[-73.344344802471213,44.68209854326917],[-73.346202725815687,44.681206058803788],[-73.346720626777469,44.681024848821707],[-73.34726972256243,44.680967044258807],[-73.347529028033762,44.680993645624106],[-73.347760009478606,44.681017342962001],[-73.347858443998661,44.681019958079922],[-73.347898730395627,44.680646140598029],[-73.347745733476913,44.680638332193872],[-73.347513466230808,44.680626435943417]]]]},"properties":{"OBJECTID":3,"OBJECTID_1":152,"Jurisdiction_District_Name":"Grand Isle Flood Hazard Overlay","County":"Grand Isle","Jurisdiction":"Grand Isle ","Abbreviated_District_Name":"Fho","District_Name":"Flood Hazard Overlay","District_Mapped":"Yes","Overlay_District":"Yes","Extinct_District":null,"District_Type":"Nonresidential","Affordable_Housing_District":"No","Elderly_Housing_District":"No","F1F_Allowance":"Public Hearing","F2F_Allowance":"Public Hearing","F3F_Allowance":"Public Hearing","F4F_Allowance":"Public Hearing","F5F_Allowance":null,"ADU_Allowance":"Public Hearing","Affordable_Housing_Allowance":"Not Mentioned","PRD_Allowance":"Public Hearing","NOTES":" More Restrictive Standard Applies Between Overlay/Base District. ","F1F_Min_Lot":null,"F1F_Front_Setback":null,"F1F_Side_Setback":null,"F1F_Rear_Setback":null,"F1F_Frontage":null,"F1F_Max_Lot_Building_Coverage":null,"F1F_Max_Lot_Impervious_Coverage":null,"F1F_Min_Parking_Spaces":null,"F1F_Max_Stories":null,"F1F_Max_Height":null,"F1F_Floor_to_Area_Ratio":null,"F1F_Min_Unit_Size":null,"F2F_Affordable_Housing_Only":"No","F2F_Elderly_Housing_Only":"No","F2F_Min_Lot_Size":null,"F2F_Max_Density":null,"F2F_Front_Setback":null,"F2F_Side_Setback":null,"F2F_Rear_Setback":null,"F2F_Frontage":null,"F2F_Max_Lot_Building_Coverage":null,"F2F_Max_Lot_Impervious_Coverage":null,"F2F_Min_Parking_Spaces_per_1BR":null,"F2F_Min_Parking_Spaces_per_mult_BR":null,"F2F_Max_Stories":null,"F2F_Max_Height":null,"F2F_Floor_to_Area_Ratio":null,"F2F_Min_Unit_Size":null,"F3F_Affordable_Housing_Only":"No","F3F_Elderly_Housing_Only":"No","F3F_Min_Lot_Size":null,"F3F_Max_Density":null,"F3F_Front_Setback":null,"F3F_Side_Setback":null,"F3F_Rear_Setback":null,"F3F_Frontage":null,"F3F_Max_Lot_Building_Coverage":null,"F3F_Max_Lot_Impervious_Coverage":null,"F3F_Min_Parking_Spaces_per_1BR":null,"F3F_Min_Parking_Spaces_per_mult_BR":null,"F3F_Connection_to_Sewage_Water_Required":"No","F3F_Proximity_to_Public_Transit_Required":"No","F3F_Max_Stories":null,"F3F_Max_Height":null,"F3F_Floor_to_Area_Ratio":null,"F3F_Min_Unit_Size":null,"F3F_Max_Bedrooms":null,"F4F_Affordable_Housing_Only":"No","F4F_Elderly_Housing_Only":"No","F4F_Min_Lot_Size":null,"F4F_Max_Density":null,"F4F_Front_Setback":null,"F4F_Side_Setback":null,"F4F_Rear_Setback":null,"F4F_Frontage":null,"F4F_Max_Lot_Building_Coverage":null,"F4F_Max_Lot_Impervious_Coverage":null,"F4F_Min_Parking_Spaces_per_1BR":null,"F4F_Min_Parking_Spaces_per__mult_BR":null,"F4F_Connection_to_Sewage_Water_Required":"No","F4F_Proximity_to_Public_Transit_Required":"No","F4F_Max_Stories":null,"F4F_Max_Height":null,"F4F_Floor_to_Area_Ratio":null,"F4F_Min_Unit_Size":null,"F4F_Max_Bedrooms":null,"F4F_Max_Units_per_Building":null,"F5F_Affordable_Housing_Only":null,"F5F_Elderly_Housing_Only":null,"F5F_Min_Lot_Size":null,"F5F_Max_Density":null,"F5F_Front_Setback":null,"F5F_Side_Setback":null,"F5F_Rear_Setback":null,"F5F_Frontage":null,"F5F_Max_Lot_Building_Coverage":null,"F5F_Max__Lot_Impervious_Coverage":null,"F5F_Min_Parking_Spaces_per_1BR":null,"F5F_Min_Parking_Spaces_per_mult_BR":null,"F5F_Connection_to_Sewage_Water_Required":null,"F5F_Proximity_to_Public_Transit_Required":null,"F5F_Max_Stories":null,"F5F_Max_Height":null,"F5F_Floor_to_Area_Ratio":null,"F5F_Min_Unit_Size":null,"F5F_Max_Bedrooms":null,"F5F_Max_Units_per_Building":null,"Affordable_Housing_Definition":null,"Affordable_Housing_Elderly_Only":"No","Affordable_Housing_Min_Lot_Size":null,"Affordable_Housing_Max_Density":null,"Affordable_Housing_Min_Parking_Spaces_per_1BR":null,"Affordable_Housing_Min_Parking_Spaces_per_mult_BR":null,"Affordable_Housing_Min_Unit_Size":null,"Affordable_Housing_Max_Bedrooms":null,"Affordable_Housing_Max_Units_per_Building":null,"ADU_Employee_or_Family_Occupancy_Required":"No","ADU_Renter_Occupancy_Prohibited":"No","ADU_Owner_Occupancy_Required":"Yes","ADU_Elderly_Housing_Only":"No","ADU_Min_Lot_Size":null,"ADU_Min_Parking_Spaces":null,"ADU_Restricted_to_Primary_Structure":"No","ADU_Max_Size_as_Percent_of_Primary_Strcture":null,"ADU_Max_Size_in_sq_ft":null,"ADU_Max_Bedrooms":null,"PRD_Mobile_or_Manufactured_Home_Park":"Yes","PRD_Min_Lot_Size":null,"PRD_Max_Density":null,"PRD_Max_Units":null,"PUD_Required_with_Subdivision":null,"PUD_Threshold_Number":null,"PUD_Allowance":null,"PUD_Requires_Land_Conservation":null,"Base_Density":null,"CONDITIONAL_1F_Min_Lot":null,"CONDITIONAL_1F_Front_Setback":null,"CONDITIONAL_1F_Side_Setback":null,"CONDITIONAL_1F_Rear_Setback":null,"CONDITIONAL_1F_Frontage":null,"CONDITIONAL_1F_Max_Lot_Building_Coverage":null,"CONDITIONAL_1F_Max_Lot_Impervious_Coverage":null,"CONDITIONAL_1F_Min_Parking_Spaces":null,"CONDITIONAL_1F_Max_Stories":null,"CONDITIONAL_1F_Max_Height":null,"CONDITIONAL_1F_Floor_to_Area_Ratio":null,"CONDITIONAL_1F_Min_Unit_Size":null,"CONDITIONAL_2F_Affordable_Housing_Only":null,"CONDITIONAL_2F_Elderly_Housing_Only":null,"CONDITIONAL_2F_Min_Lot_Size":null,"CONDITIONAL_2F_Max_Density":null,"CONDITIONAL_2F_Front_Setback":null,"CONDITIONAL_2F_Side_Setback":null,"CONDITIONAL_2F_Rear_Setback":null,"CONDITIONAL_2F_Frontage":null,"CONDITIONAL_2F_Max_Lot_Building_Coverage":null,"CONDITIONAL_2F_Max_Lot_Impervious_Coverage":null,"CONDITIONAL_2F_Min_Parking_Spaces_per_1BR":null,"CONDITIONAL_2F_Min_Parking_Spaces_per_mult_BR":null,"CONDITIONAL_2F_Max_Stories":null,"CONDITIONAL_2F_Max_Height":null,"CONDITIONAL_2F_Floor_to_Area_Ratio":null,"CONDITIONAL_2F_Min_Unit_Size":null,"CONDITIONAL_3F_Affordable_Housing_Only":null,"CONDITIONAL_3F_Elderly_Housing_Only":null,"CONDITIONAL_3F_Min_Lot_Size":null,"CONDITIONAL_3F_Max_Density":null,"CONDITIONAL_3F_Front_Setback":null,"CONDITIONAL_3F_Side_Setback":null,"CONDITIONAL_3F_Rear_Setback":null,"CONDITIONAL_3F_Frontage":null,"CONDITIONAL_3F_Max_Lot_Building_Coverage":null,"CONDITIONAL_3F_Max_Lot_Impervious_Coverage":null,"CONDITIONAL_3F_Min_Parking_Spaces_per_1BR":null,"CONDITIONAL_3F_Min_Parking_Spaces_per_mult_BR":null,"CONDITIONAL_3F_Connection_to_Sewage_Water_Required":null,"CONDITIONAL_3F_Proximity_to_Public_Transit_Required":null,"CONDITIONAL_3F_Max_Stories":null,"CONDITIONAL_3F_Max_Height":null,"CONDITIONAL_3F_Floor_to_Area_Ratio":null,"CONDITIONAL_3F_Min_Unit_Size":null,"CONDITIONAL_3F_Max_Bedrooms":null,"CONDITIONAL_4F_Affordable_Housing_Only":null,"CONDITIONAL_4F_Elderly_Housing_Only":null,"CONDITIONAL_4F_Min_Lot_Size":null,"CONDITIONAL_4F_Max_Density":null,"CONDITIONAL_4F_Front_Setback":null,"CONDITIONAL_4F_Side_Setback":null,"CONDITIONAL_4F_Rear_Setback":null,"CONDITIONAL_4F_Frontage":null,"CONDITIONAL_4F_Max_Lot_Building_Coverage":null,"CONDITIONAL_4F_Max_Lot_Impervious_Coverage":null,"CONDITIONAL_4F_Min_Parking_Spaces_per_1BR":null,"CONDITIONAL_4F_Min_Parking_Spaces_per__mult_BR":null,"CONDITIONAL_4F_Connection_to_Sewage_Water_Required":null,"CONDITIONAL_4F_Proximity_to_Public_Transit_Required":null,"CONDITIONAL_4F_Max_Stories":null,"CONDITIONAL_4F_Max_Height":null,"CONDITIONAL_4F_Floor_to_Area_Ratio":null,"CONDITIONAL_4F_Min_Unit_Size":null,"CONDITIONAL_4F_Max_Bedrooms":null,"CONDITIONAL_4F_Max_Units_per_Building":null,"CONDITIONAL_5F_Affordable_Housing_Only":null,"CONDITIONAL_5F_Elderly_Housing_Only":null,"CONDITIONAL_5F_Min_Lot_Size":null,"CONDITIONAL_5F_Max_Density":null,"CONDITIONAL_5F_Front_Setback":null,"CONDITIONAL_5F_Side_Setback":null,"CONDITIONAL_5F_Rear_Setback":null,"CONDITIONAL_5F_Frontage":null,"CONDITIONAL_5F_Max_Lot_Building_Coverage":null,"CONDITIONAL_5F_Max__Lot_Impervious_Coverage":null,"CONDITIONAL_5F_Min_Parking_Spaces_per_1BR":null,"CONDITIONAL_5F_Min_Parking_Spaces_per_mult_BR":null,"CONDITIONAL_5F_Connection_to_Sewage_Water_Required":null,"CONDITIONAL_5F_Proximity_to_Public_Transit_Required":null,"CONDITIONAL_5F_Max_Stories":null,"CONDITIONAL_5F_Max_Height":null,"CONDITIONAL_5F_Floor_to_Area_Ratio":null,"CONDITIONAL_5F_Min_Unit_Size":null,"CONDITIONAL_5F_Max_Bedrooms":null,"CONDITIONAL_5F_Max_Units_per_Building":null,"CONDITIONAL_Affordable_Housing_Definition":null,"CONDITIONAL_Affordable_Housing_Elderly_Only":null,"CONDITIONAL_Affordable_Housing_Min_Lot_Size":null,"CONDITIONAL_Affordable_Housing_Max_Density":null,"CONDITIONAL_Affordable_Housing_Min_Parking_Spaces_per_1BR":null,"CONDITIONAL_Affordable_Housing_Min_Parking_Spaces_per_mult_BR":null,"CONDITIONAL_Affordable_Housing_Min_Unit_Size":null,"CONDITIONAL_Affordable_Housing_Max_Bedrooms":null,"CONDITIONAL_Affordable_Housing_Max_Units_per_Building":null,"CONDITIONAL_ADU_Employee_or_Family_Occupancy_Required":null,"CONDITIONAL_ADU_Renter_Occupancy_Prohibited":null,"CONDITIONAL_ADU_Owner_Occupancy_Required":null,"CONDITIONAL_ADU_Elderly_Housing_Only":null,"CONDITIONAL_ADU_Min_Lot_Size":null,"CONDITIONAL_ADU_Min_Parking_Spaces":null,"CONDITIONAL_ADU_Restricted_to_Primary_Structure":null,"CONDITIONAL_ADU_Max_Size_as_Percent_of_Primary_Strcture":null,"CONDITIONAL_ADU_Max_Size_in_sq_ft":null,"CONDITIONAL_ADU_Max_Bedrooms":null,"CONDITIONAL_PRD_Mobile_or_Manufactured_Home_Park":null,"CONDITIONAL_PRD_Min_Lot_Size":null,"CONDITIONAL_PRD_Max_Density":null,"CONDITIONAL_PRD_Max_Units":null,"CONDITIONAL_PUD_Required_with_Subdivision":null,"CONDITIONAL_PUD_Threshold_Number":null,"CONDITIONAL_PUD_Allowance":null,"CONDITIONAL_PUD_Requires_Land_Conservation":null,"Bylaw_Date":"2024-02-22","RPC":"NWRPC","Version":1,"Acres":539.08612555497393,"Shape_Length":50256.428980385492,"Shape_Area":2181607.517269881}},{"type":"Feature","id":4,"geometry":{"type":"MultiPolygon","coordinates":[[[[-73.277099980864392,44.764938964931915],[-73.276768099648365,44.765369199661215],[-73.276129099465663,44.766940100215315],[-73.275714910082669,44.767648131666824],[-73.276707677008062,44.76605836620444],[-73.277099980864392,44.764938964931915]]],[[[-73.271192920204257,44.75223196839827],[-73.270915399817753,44.753997799931199],[-73.271144599873949,44.754203699914818],[-73.271749399729742,44.754532500170072],[-73.272414500249994,44.75498049995457],[-73.272686200401708,44.755381800409978],[-73.272810199470371,44.755864000365705],[-73.272887900526243,44.756365499639045],[-73.272863000251945,44.756701899675178],[-73.272656099706708,44.758153499768163],[-73.272384799571043,44.759161600358119],[-73.272399799897187,44.759579399980176],[-73.272521699752957,44.759868000161525],[-73.273604699972552,44.760599500212763],[-73.274140899826776,44.760766399899481],[-73.275063200495367,44.761149199576572],[-73.275935999605352,44.761590100025998],[-73.276158600516439,44.761661599974879],[-73.276663099831865,44.76171169979979],[-73.277729192675281,44.761594093971631],[-73.277286560904628,44.760952405235265],[-73.276645828548837,44.76048567121164],[-73.275445726457392,44.759926944898879],[-73.27460167528406,44.759727159741843],[-73.274202362446985,44.759476290394019],[-73.274151756593596,44.759194973971638],[-73.274418599528332,44.758408807238908],[-73.274452395171721,44.757527581707528],[-73.274648998354252,44.756916509418971],[-73.274678041526215,44.755928973428631],[-73.27454978949072,44.755331620395417],[-73.274252257732357,44.754767050147137],[-73.273927186792235,44.754388944717384],[-73.27364558557106,44.754155019688966],[-73.272195049043845,44.753215588730107],[-73.271761784266857,44.752782448758403],[-73.271422000306174,44.752568664237451],[-73.271192920204257,44.75223196839827]]],[[[-73.287985194027726,44.748383011289071],[-73.287477954576389,44.749104423691421],[-73.287270074306093,44.749608233605599],[-73.287222470115793,44.749969627406884],[-73.287266855352826,44.750884120181077],[-73.287372108423881,44.751407068148595],[-73.287985194027726,44.748383011289071]]],[[[-73.257420305653653,44.735574702684886],[-73.257230027539521,44.735774806825063],[-73.25558659980608,44.737298799906426],[-73.254826599579189,44.737846600230014],[-73.254471900437721,44.73824120033737],[-73.253258300351263,44.739103300132101],[-73.252706299913029,44.739641900165637],[-73.252705100038838,44.739749399960814],[-73.253356699690897,44.740061899715819],[-73.253692800198891,44.740106000166698],[-73.254585200485494,44.740454700339569],[-73.255027400098612,44.740742400204041],[-73.255375700116801,44.741226600008019],[-73.255550500620018,44.741647599904333],[-73.255585101380674,44.741949071316142],[-73.255505699738634,44.742393100361824],[-73.255681099726928,44.743057099993344],[-73.255814930285183,44.743291804902491],[-73.255940000505234,44.743310000167874],[-73.256168518121939,44.74324067407089],[-73.25674970016351,44.742853099568258],[-73.257145299883149,44.742894400000495],[-73.25763479999631,44.743048300360691],[-73.260018800628259,44.743516799869106],[-73.26146599964855,44.743987900180358],[-73.261843999492783,44.744255900347092],[-73.262284700012387,44.744987600178284],[-73.262437199624685,44.745872699986855],[-73.26231150031542,44.746854999873051],[-73.262065499391923,44.747660699718161],[-73.261972400141133,44.748487400377982],[-73.262075299773841,44.749624100388992],[-73.261926300363612,44.750159399796672],[-73.261943200619612,44.750294500259869],[-73.262027900290718,44.75037859984598],[-73.26339730033321,44.75112479975494],[-73.264603699819119,44.752102799910325],[-73.265463099776014,44.752534300368119],[-73.266179600226323,44.752743100192198],[-73.267163300610108,44.752877500266777],[-73.267435700524416,44.752897100337528],[-73.267565500475158,44.752823399731042],[-73.267592499986534,44.752655000248012],[-73.267751300294265,44.752506599708717],[-73.268239899962794,44.75254679990973],[-73.269288899952542,44.752815300409118],[-73.269479299458908,44.752956700012561],[-73.269538800175056,44.753281000342305],[-73.270220800214275,44.753638700041996],[-73.27037430032567,44.753860299779859],[-73.270785700283398,44.754186000111694],[-73.271599000575563,44.754753999862466],[-73.272237199692896,44.755122499622757],[-73.272312799435113,44.755219899610971],[-73.272541700194324,44.755680699831281],[-73.27260899980476,44.756340800127568],[-73.272379400440983,44.757309400238583],[-73.272352600140607,44.758095199930381],[-73.27205029998315,44.759108999693424],[-73.272143199421649,44.759673700059544],[-73.272092899843031,44.759834000442495],[-73.272169200605944,44.759990500375928],[-73.272467599542395,44.76027969965704],[-73.273413100217667,44.760828999612976],[-73.274473900228358,44.761104700057146],[-73.275370199562275,44.761557999991453],[-73.275554799555309,44.761678800171602],[-73.275733700343963,44.761919500283511],[-73.275804729108117,44.762296288991557],[-73.275589399698987,44.762801999814378],[-73.275296499420023,44.763919899900898],[-73.275168942249039,44.764053413982225],[-73.274648000629739,44.765976000080158],[-73.273438452472121,44.767486430152736],[-73.273160099742071,44.768106699887966],[-73.272947799622855,44.768386499727718],[-73.272859500240543,44.768954400162421],[-73.273009500350966,44.769334599943811],[-73.273091500455479,44.769391900374444],[-73.273619499914716,44.769497300057921],[-73.274608900544479,44.769497599946341],[-73.275031100618918,44.769611300441355],[-73.275235199778706,44.769595499608691],[-73.27572479996617,44.76974760038383],[-73.276336100367303,44.770051299648145],[-73.276567199851669,44.770123000088979],[-73.276966284611916,44.770147905333701],[-73.277559999893768,44.769910000062623],[-73.279972999865393,44.768686400317499],[-73.280470338180152,44.768553421260073],[-73.280707299796433,44.768380300273073],[-73.28098180023305,44.768321199578629],[-73.281666800575039,44.76829499996424],[-73.282592399771502,44.768389899574828],[-73.283844000044709,44.768691499792034],[-73.284058076819136,44.768611441882257],[-73.283080850652993,44.767130400343653],[-73.282289495425246,44.767000886560972],[-73.281102609290244,44.767009010776007],[-73.280610686767389,44.767082218375414],[-73.278770086455324,44.767792088447941],[-73.277279049026987,44.768525298035271],[-73.277196899646412,44.768667800283133],[-73.276988111803604,44.768669222814978],[-73.276900738504793,44.768712446445413],[-73.276055281811011,44.76843851119505],[-73.275313675268293,44.768306957896634],[-73.275269499731536,44.768404799845548],[-73.275121099707818,44.768454100367741],[-73.274984700408339,44.768413099706351],[-73.274928900004738,44.768320499717113],[-73.274988299978332,44.768217599728985],[-73.275105599520387,44.768179899613628],[-73.275776400356051,44.767224499564826],[-73.276589399531545,44.765315999779311],[-73.277194613674922,44.764615265361392],[-73.277274637621801,44.764239802908669],[-73.276908099607354,44.764087399739104],[-73.276697000475366,44.764079599973023],[-73.276622199807221,44.7639998995665],[-73.27663359940415,44.763912200436664],[-73.276752900018536,44.763836600041365],[-73.276888100087433,44.763841899591668],[-73.277005499429634,44.763969000275104],[-73.277333738663998,44.76410552680025],[-73.277905748502135,44.762498118825661],[-73.277907533449067,44.762176896649287],[-73.277787670909333,44.761725077772049],[-73.276669499899484,44.761848200173695],[-73.276100399498972,44.761791800059285],[-73.275847600115128,44.761710500055337],[-73.274958800533142,44.761263100439791],[-73.273495199798646,44.760710900174224],[-73.272358099453868,44.759939499781872],[-73.272210899475112,44.759597099777835],[-73.272194399986901,44.759151800258259],[-73.272527500508076,44.757809199607955],[-73.272690299758139,44.756522400266498],[-73.272621300588881,44.755882699733569],[-73.272501299580796,44.755415799673983],[-73.272269299579406,44.755070199777236],[-73.271633799894587,44.754640500253657],[-73.271014399671927,44.754303699739609],[-73.270725200621598,44.754041399862615],[-73.271015237095156,44.752065463069876],[-73.270673879646537,44.751838139773383],[-73.270210368612965,44.751641221886601],[-73.269220707594769,44.751363263593852],[-73.268711304336222,44.751278234941402],[-73.267688598259113,44.751272595893475],[-73.267322004180159,44.751336109107612],[-73.26688230928869,44.751493232263499],[-73.266555633687346,44.75141209624077],[-73.265908278355965,44.751052631221533],[-73.264665818740156,44.750092954394965],[-73.26413139657997,44.749760023359229],[-73.263983598789324,44.748851004311291],[-73.264097715446738,44.748401529862413],[-73.264096423392914,44.747882602595908],[-73.264331672507979,44.747356908936666],[-73.264499673033427,44.746113091441948],[-73.264504896144913,44.745670716618051],[-73.264396451594848,44.745127692418052],[-73.263495500038559,44.745063599688187],[-73.262497000102954,44.744892400244062],[-73.262182200135754,44.744690600416824],[-73.261949200324594,44.744250400202368],[-73.261746300579986,44.744056900135668],[-73.261257800525001,44.743799899692291],[-73.259818200529793,44.743387599934898],[-73.257870300227964,44.743054099874698],[-73.257453599622011,44.742905299803297],[-73.257179500215315,44.742717600229696],[-73.256672199488847,44.742126699662968],[-73.254713699983554,44.740338199890211],[-73.254554599653247,44.740117799846445],[-73.25444680061689,44.739699599858227],[-73.254537800635234,44.739461400250427],[-73.255727499407286,44.737404300327313],[-73.256437199875435,44.736577300229605],[-73.257251800264157,44.735820099602961],[-73.257420305653653,44.735574702684886]]],[[[-73.257606966745328,44.735302867315127],[-73.257420305653653,44.735574702684886],[-73.257530487787633,44.735458831602038],[-73.257606966745328,44.735302867315127]]],[[[-73.259129105824371,44.733321523091682],[-73.258200299409026,44.733816499942002],[-73.258048999541174,44.733994499694532],[-73.257963299839531,44.734187400065501],[-73.25799830026827,44.734935599842295],[-73.257923300283565,44.735148900194574],[-73.257409699511157,44.735896500183429],[-73.256591899477257,44.736656600123041],[-73.255901200096446,44.737460100354632],[-73.254718600237396,44.739505299800044],[-73.254639300077557,44.739713000040155],[-73.254731599581319,44.740066400215589],[-73.254873099896599,44.740262199556867],[-73.256825699405724,44.7420463000878],[-73.257327699993724,44.742630799909534],[-73.257564699507384,44.742793199645533],[-73.257932399417967,44.742924500120971],[-73.259886399670563,44.743260800440382],[-73.261350499955896,44.743680900168151],[-73.261887500042732,44.743964799677819],[-73.262116700136815,44.744183500393682],[-73.262340799953151,44.744613900329412],[-73.262577500628268,44.744768400334934],[-73.263521600612975,44.744929000162735],[-73.264360260026976,44.744989317880368],[-73.264206431407217,44.744686895988444],[-73.263998230963409,44.744454510040114],[-73.263817378597039,44.743936350673309],[-73.263605186227068,44.743600778813182],[-73.26319802661807,44.743246491282527],[-73.262708906344002,44.742960246152279],[-73.261838133637781,44.742590356287479],[-73.260774883384755,44.742262452050163],[-73.259159753725271,44.741926580221538],[-73.258403504761262,44.741846509038901],[-73.257634583476289,44.741631401587142],[-73.257277314939941,44.740672198386669],[-73.257012953381491,44.740297024015121],[-73.256589266702093,44.739879818995341],[-73.255758042835311,44.739373384768584],[-73.258911906568741,44.73667965566333],[-73.259346147615972,44.736233588030245],[-73.259662713582884,44.735727639790206],[-73.259858743460896,44.735195476626721],[-73.259840821631045,44.734580672991015],[-73.259655123485274,44.734093083894109],[-73.259284652021066,44.733678738994897],[-73.259129105824371,44.733321523091682]]],[[[-73.33599639994533,44.731656099578522],[-73.335554600112459,44.731840199684797],[-73.334347614040382,44.732123643360403],[-73.333577222403633,44.733293865762313],[-73.33316792802016,44.733733209838732],[-73.332686800910622,44.734580456419856],[-73.332165041525698,44.735108939846668],[-73.331934630275839,44.735497260425824],[-73.331841508945203,44.73579131793614],[-73.33264329999335,44.736105600041725],[-73.332930799542297,44.736133699819135],[-73.333151500202021,44.736008700229412],[-73.333452199751221,44.73550289992432],[-73.3354587001526,44.732697100005687],[-73.335810700145089,44.732133500274216],[-73.33599639994533,44.731656099578522]]],[[[-73.269198152995742,44.729865574301499],[-73.266412999862709,44.731066400017482],[-73.265079599914841,44.731153600281971],[-73.264052100083205,44.731022400340166],[-73.263665200534703,44.731021799835531],[-73.263261000443279,44.731133100047529],[-73.26242125297783,44.731579001287969],[-73.263139133234773,44.732015735585613],[-73.26361512132452,44.732176973045704],[-73.264278104750332,44.732315539449885],[-73.265564576474631,44.732409465154433],[-73.266397367923929,44.732353723078958],[-73.26694186776551,44.73225322603664],[-73.26769575194642,44.731975525914493],[-73.268254779926224,44.731554678818121],[-73.269049935537879,44.730300386066261],[-73.269198152995742,44.729865574301499]]],[[[-73.276138603461291,44.725505007674393],[-73.27642864779034,44.725555968645104],[-73.276533474694048,44.725557706347907],[-73.276138603461291,44.725505007674393]]],[[[-73.28048296494066,44.725126641391881],[-73.279647881383056,44.725326477192887],[-73.278588208761946,44.725475026317234],[-73.27741624679939,44.72557233341287],[-73.276533474694048,44.725557706347907],[-73.27689009958155,44.725605300397262],[-73.277778099469501,44.725611899722566],[-73.279869299965654,44.725319199648489],[-73.28048296494066,44.725126641391881]]],[[[-73.280926505544372,44.724987464933619],[-73.28048296494066,44.725126641391881],[-73.280679534591044,44.725079602303403],[-73.280926505544372,44.724987464933619]]],[[[-73.285675011322382,44.723323411089254],[-73.283281499578194,44.723500800416538],[-73.283063099850068,44.723552500422457],[-73.282882000389847,44.723666100037285],[-73.281534200318674,44.724941799551502],[-73.279922100088001,44.72544970000947],[-73.277792300109738,44.725747699824048],[-73.276875799886199,44.725740900333413],[-73.275054799417688,44.725498900328624],[-73.274706399677768,44.72557550036921],[-73.274516300570852,44.72580539956904],[-73.274469532171395,44.726374457291733],[-73.275135905409584,44.726707871223944],[-73.276071496823249,44.726917043967156],[-73.276939268612765,44.726987099344996],[-73.277675043403718,44.726981467662377],[-73.27949335112352,44.726815493760206],[-73.280744635757117,44.726599360882986],[-73.281838317181155,44.726313189000223],[-73.28284015187721,44.7258484080225],[-73.283393816371159,44.725410479809455],[-73.284463399114031,44.724397966185862],[-73.285257585125308,44.72378452413291],[-73.285675011322382,44.723323411089254]]],[[[-73.274873864376659,44.722795796763698],[-73.274386447413491,44.722799963246423],[-73.274118652143102,44.722878585063746],[-73.273393999508443,44.723236200242738],[-73.273374599822318,44.723310099761484],[-73.273237699971958,44.723393800289578],[-73.272607700127978,44.723546600262146],[-73.272485000425803,44.723635800341292],[-73.271888599763557,44.723806500402823],[-73.271408999729616,44.723881200001117],[-73.271206300474375,44.723867699846522],[-73.270950099641325,44.723796700057719],[-73.270838099649964,44.723655400259972],[-73.270724300118388,44.723614100344271],[-73.27031280035709,44.723973799947871],[-73.270053300626088,44.724095000186125],[-73.269812991384782,44.72410283059272],[-73.269698667098069,44.724048623119785],[-73.269523400286076,44.723529699891571],[-73.269352700090465,44.72366420012743],[-73.269082899993251,44.724112099856015],[-73.268884899965371,44.725016999735331],[-73.268711567491252,44.725116169234248],[-73.268899299480765,44.725122800304092],[-73.269011900294586,44.725190399997487],[-73.26876569944622,44.725968499553773],[-73.268011516906341,44.72717897010719],[-73.267503500197904,44.728542800184023],[-73.267163299971159,44.728966300089766],[-73.267166999704827,44.72961859972925],[-73.267112700250948,44.729744299904588],[-73.266805199824702,44.730299100368612],[-73.266454973383432,44.730767718285144],[-73.266357399939196,44.730854199899575],[-73.266036000620929,44.730950799632161],[-73.264897963507593,44.730986119604331],[-73.264139600383061,44.730871100331846],[-73.263709785574946,44.730669349319683],[-73.263690262372862,44.730709750701045],[-73.263443500017218,44.73035790015085],[-73.263580000228643,44.729969999756108],[-73.263894000439734,44.72963449965917],[-73.263983500231859,44.729401899573269],[-73.263835399954445,44.72902510032862],[-73.263668400199236,44.728948299645992],[-73.263432899601312,44.72854269960348],[-73.262695900196121,44.727922400141424],[-73.262386499869748,44.727790499592743],[-73.261289599543446,44.727675000416667],[-73.260940800235076,44.72746750000568],[-73.260805399827532,44.727423099893805],[-73.260723099761634,44.727455299680727],[-73.260576799554826,44.727645099849781],[-73.259714199493487,44.728133500367129],[-73.259096500044578,44.72869219989861],[-73.25900529966404,44.728887500045388],[-73.258950299515405,44.729159000334647],[-73.259490500449928,44.729748200172956],[-73.259534599782384,44.730054900187255],[-73.259710650360205,44.730380129840647],[-73.259810000166084,44.730370000064497],[-73.259909899382194,44.730606399587082],[-73.259673700541398,44.730851400296146],[-73.259130900467994,44.731145000162883],[-73.258643900490156,44.731215000440216],[-73.258314399416221,44.731195500210248],[-73.258073200214952,44.731076599565377],[-73.257937400370324,44.730874899552596],[-73.258079499728169,44.730467300240178],[-73.258054399515316,44.730364899987279],[-73.25798090013059,44.730309899595674],[-73.257738700387222,44.730310300103909],[-73.257292000007283,44.73048500044338],[-73.256040199844634,44.730724399577319],[-73.254885900560083,44.731324200157452],[-73.254689155186526,44.731508310223987],[-73.254733500330403,44.73153650010623],[-73.254672500485384,44.731742600262699],[-73.254258800366657,44.73219360017643],[-73.254336899918414,44.732324999814324],[-73.255134499794309,44.732816400445913],[-73.255718600611544,44.733013199601828],[-73.256535900018704,44.733140899687854],[-73.256785899853071,44.733276599561854],[-73.257231200122192,44.733763300265529],[-73.257246900612969,44.73398899971864],[-73.257347199811605,44.734166300048329],[-73.257555399436995,44.734389900169298],[-73.25774539953342,44.734501299783787],[-73.257758765029223,44.734993303123488],[-73.257606966745328,44.735302867315127],[-73.257741599846398,44.735106799774876],[-73.257807500409498,44.734920000060818],[-73.257772800615086,44.734166499580994],[-73.257874400473028,44.733938099625263],[-73.258055299598766,44.733724999867164],[-73.259069587407453,44.733184105266716],[-73.258880000808276,44.732870385443924],[-73.258584135370015,44.732589777828125],[-73.259405902202474,44.732545613982424],[-73.260068809031381,44.732402549028244],[-73.260557507626402,44.732208581863247],[-73.26139104842089,44.731673596415547],[-73.261736295817727,44.731303204416186],[-73.261921164657551,44.73097839175086],[-73.262305335516103,44.731471198686748],[-73.263162699977784,44.731016400175243],[-73.263633799749456,44.730886799739245],[-73.264087400386316,44.730887800003323],[-73.265091299832292,44.731017799785491],[-73.266346599668452,44.730938500035847],[-73.269214328998117,44.72970115316609],[-73.269197767075894,44.729499969062964],[-73.269598454464131,44.728786517677527],[-73.270102543861796,44.727493969375409],[-73.270795582288272,44.726393936657196],[-73.271075885960087,44.725345634793875],[-73.271327366613392,44.725260299137993],[-73.27245600656579,44.725176853380255],[-73.273427197680675,44.724877927150075],[-73.273493850540007,44.725227041198153],[-73.273690319640508,44.725645488355916],[-73.273977100209322,44.725991279226328],[-73.27428319960309,44.726242386912709],[-73.274331399901357,44.725768699830631],[-73.274437500626149,44.725588500137775],[-73.274594399883284,44.725460700274894],[-73.274852600570554,44.725390900374165],[-73.275054300531494,44.725360299968486],[-73.276138603461291,44.725505007674393],[-73.275856991497392,44.725455528420667],[-73.275482179527884,44.725257510923861],[-73.275270332360591,44.725072825910154],[-73.275072699376935,44.724516500090672],[-73.275153299912901,44.724219099606763],[-73.275046499677686,44.723818599741421],[-73.275135900373812,44.723425099554142],[-73.275104199699001,44.723005299851188],[-73.275069825381095,44.722898821179889],[-73.274873864376659,44.722795796763698]]],[[[-73.340998301439228,44.719519611121513],[-73.339743400283339,44.721206600077778],[-73.33879259996263,44.723210200445138],[-73.338346199708553,44.724717599996502],[-73.337625900443769,44.727656599985501],[-73.337032500343838,44.729012700062526],[-73.336243900422957,44.731543200348085],[-73.335975700178111,44.732179200157098],[-73.33507370048433,44.733560499742488],[-73.334448899375587,44.734370900243917],[-73.333248199568416,44.736128699957298],[-73.332982099513814,44.736255600323197],[-73.332790899475029,44.736259300351925],[-73.332533900265645,44.736215999845001],[-73.331729538926211,44.735897572733386],[-73.331147491268609,44.736429668031626],[-73.330549635058858,44.737278326160244],[-73.330399753327796,44.73775230203271],[-73.330324475880658,44.738476915931898],[-73.330112920522453,44.739086996843156],[-73.329152250028699,44.740374916107768],[-73.328709438107623,44.74109673680865],[-73.327753555219445,44.741918624058734],[-73.326912879239543,44.741266700438885],[-73.326162425790343,44.740915261178657],[-73.325517991897613,44.740790276630207],[-73.323545772403349,44.74071070204586],[-73.322899426662389,44.740727202260231],[-73.32198407510721,44.7408393865759],[-73.32115192202987,44.741022464590799],[-73.320737102430101,44.741224354376129],[-73.320297308145726,44.741592487785226],[-73.318694843529741,44.74242039956826],[-73.318305620168886,44.742703461854042],[-73.318028477457787,44.742999429152498],[-73.317452717526749,44.743320148287637],[-73.316510507277584,44.743338767574564],[-73.315995573447864,44.743424452815404],[-73.315630894141549,44.74354671829839],[-73.314918316119517,44.743956617556698],[-73.31447747343077,44.744497150353354],[-73.314241491375626,44.745574820839153],[-73.314310032417239,44.74612751312759],[-73.313853407132157,44.746112633349121],[-73.313361707454945,44.746185984288012],[-73.312913397496985,44.746347524425076],[-73.312508389058621,44.746604688099538],[-73.312116183428643,44.746906891269035],[-73.312212599567602,44.747936199645494],[-73.312018199546159,44.747927499571453],[-73.311933698400551,44.74703987719635],[-73.311199590817864,44.747820129252588],[-73.310933251416529,44.748825187720044],[-73.310519012530051,44.749307078830661],[-73.310036549147767,44.750254097749348],[-73.308656559952453,44.75065553658979],[-73.30779908940103,44.751068053765493],[-73.30685903576709,44.751270722680751],[-73.306367286188618,44.750910793407115],[-73.305538046056654,44.750511749419751],[-73.305122909139783,44.750128430253056],[-73.304588584874807,44.749830604173042],[-73.30438946534457,44.749630799236698],[-73.30434098714349,44.749566584305526],[-73.304478645371148,44.749223221111031],[-73.304514859626195,44.748734219280529],[-73.304422434596702,44.748306924706576],[-73.303457590482381,44.746947071564165],[-73.303079750411996,44.746591598022377],[-73.302679458295813,44.746352843803862],[-73.302251696109622,44.746185243095191],[-73.301375245322049,44.746051932327525],[-73.300908855398774,44.745873654799297],[-73.300465311803492,44.745773166730181],[-73.300171480369613,44.745665355704865],[-73.299817146361704,44.745393248296573],[-73.299241409325006,44.745109774976761],[-73.298402951937291,44.744909569037297],[-73.297596401606157,44.744585003076921],[-73.297242057281352,44.744492769597898],[-73.296582253529692,44.744438697378705],[-73.295719552782344,44.744533187641238],[-73.294993262832691,44.744477856963393],[-73.294246173929082,44.744506202651451],[-73.293288201931048,44.744713339207713],[-73.292473924617923,44.745021187755938],[-73.291637440939027,44.745226716812631],[-73.290600801300627,44.745759469221269],[-73.28995672865635,44.74618168792172],[-73.289451094517645,44.746747792803319],[-73.289106896438568,44.747257910157359],[-73.288232127345651,44.748104886397805],[-73.287479206395844,44.751824124225237],[-73.287490537716153,44.752260123925005],[-73.287628275821632,44.752820421176729],[-73.287889883251225,44.75331728621358],[-73.28821621249007,44.753710449039019],[-73.288246901881735,44.754747411361024],[-73.288022392419194,44.756622426867409],[-73.288923400263428,44.756540499916646],[-73.288976600261066,44.755961299711537],[-73.289053400322018,44.755964899648113],[-73.288993500400863,44.756617100380247],[-73.288001115406473,44.756707310310809],[-73.287488555074233,44.759573673754709],[-73.287498196416664,44.760391728929712],[-73.287364750134856,44.761393621670642],[-73.287365869452628,44.762075075380338],[-73.287208645440813,44.762716575207321],[-73.287238451385704,44.763391784576768],[-73.287109444925477,44.763597940447561],[-73.288381600606073,44.764614500247404],[-73.288860800286841,44.763646700136775],[-73.288938600171747,44.762594799588612],[-73.289054599923617,44.762343599617019],[-73.289016100226377,44.761633899839033],[-73.289122599960066,44.760875399814779],[-73.289143800022302,44.759826700110757],[-73.289642099804709,44.756976299560129],[-73.289704800188673,44.756668000337847],[-73.289774177845004,44.756598668116965],[-73.289948400214939,44.754673200208003],[-73.289946799987248,44.754104299849224],[-73.28987199998123,44.753729099633546],[-73.290075699749082,44.752996299718824],[-73.289589499497268,44.752929100082689],[-73.289366899599116,44.752737300146826],[-73.289319899920869,44.75262750025297],[-73.28918259941517,44.752111100183299],[-73.289182300620425,44.751783299871555],[-73.289288900404557,44.751603000047986],[-73.289117500354976,44.751430999940247],[-73.288974900311516,44.750932400227349],[-73.288891300232777,44.74987640011603],[-73.288928200427449,44.749682199771811],[-73.289168500465365,44.749255000198197],[-73.289742299934105,44.748625700341783],[-73.290369100328917,44.748055300204044],[-73.29016449992362,44.748012600053471],[-73.290171000277212,44.74788029979684],[-73.290260099777726,44.74783360008599],[-73.290407000547631,44.747893499741153],[-73.290500500513801,44.747861699692223],[-73.290534699407658,44.747770800337818],[-73.290782499539688,44.747580300153132],[-73.29065490029096,44.747171700326135],[-73.290879699494852,44.746938400433208],[-73.291785900570233,44.746688200241415],[-73.292159899528656,44.746397199897508],[-73.292409999762128,44.746275399565498],[-73.292533599784903,44.746260100202257],[-73.292666299458261,44.74631549970956],[-73.292667400622051,44.746247499806465],[-73.292821300532012,44.746295199984267],[-73.292910500134994,44.746425000201661],[-73.292966300263615,44.746263899773574],[-73.293146300027786,44.74613270001084],[-73.293695199997046,44.745887800313966],[-73.294405600084588,44.745716200328118],[-73.294731999739838,44.745775599778533],[-73.295081499705802,44.745726399907205],[-73.295147600503,44.745619699684738],[-73.295326999923844,44.745756199673728],[-73.29550150020728,44.745703100282839],[-73.296492300430714,44.745734099975969],[-73.296828299936251,44.745878200157215],[-73.297206100140087,44.745928899862413],[-73.29747610004074,44.746066900340608],[-73.298050800108541,44.746156100451451],[-73.298550600038922,44.746372799712979],[-73.298958000161832,44.746758699794022],[-73.300211799840994,44.7471136002886],[-73.300552799966098,44.747317100291802],[-73.300991099459253,44.747301899821373],[-73.301437199552183,44.747385799746468],[-73.301759500038415,44.747633799829032],[-73.30167720024285,44.74775029962413],[-73.302244200336034,44.748239899889199],[-73.302404200407295,44.748481199983168],[-73.302515700401216,44.748707599906879],[-73.302461100452774,44.749082999571833],[-73.302529399544454,44.74926799967843],[-73.302849500519429,44.749480899617808],[-73.30291859992434,44.749901799983334],[-73.303103499747522,44.750325400098681],[-73.303065099784163,44.750384099973267],[-73.302897599446041,44.750402500083879],[-73.302830900158938,44.75029940000681],[-73.30255089990959,44.750194699814585],[-73.302559600563441,44.750019199771188],[-73.30249759992931,44.749957699611187],[-73.30239780007571,44.749966300228238],[-73.302322499522901,44.749879799608841],[-73.30238559970644,44.749759300134983],[-73.302304400492076,44.749641200333684],[-73.302202000255207,44.74960100017659],[-73.302179558581273,44.749878455017026],[-73.302259999841723,44.749999999658407],[-73.302866818532237,44.750663547216789],[-73.303224800621479,44.750787100084899],[-73.303320199680911,44.750909699628522],[-73.303721499379535,44.751135300328038],[-73.304041999838731,44.751415199946258],[-73.305184699923757,44.751902200073637],[-73.305669300013108,44.752482899576037],[-73.305854100373622,44.752618399855727],[-73.306243499956679,44.753135099758879],[-73.306501600049927,44.753290600148887],[-73.306729300579789,44.753149100122634],[-73.306975800461032,44.752705200137974],[-73.307208899914883,44.752499900151321],[-73.307794500022354,44.752330600162679],[-73.308540499438109,44.752309299902322],[-73.308690899822651,44.752223599962626],[-73.308824400401079,44.752027399812974],[-73.309138200244476,44.751858199830401],[-73.309448300149157,44.751756100397813],[-73.309674700529825,44.751797200355611],[-73.309755000120006,44.751726499741096],[-73.310009499533976,44.751711800165388],[-73.310179699626019,44.751560399860729],[-73.31034100041029,44.751502700088174],[-73.310516399805181,44.751488199773675],[-73.31084330007242,44.751559299587932],[-73.311576199525106,44.750908500111599],[-73.311801300213091,44.750925899839984],[-73.311607899779744,44.750691300008704],[-73.312008000611172,44.749800600215828],[-73.312261600299266,44.749519900407364],[-73.312752413316815,44.749487587160402],[-73.312786700336346,44.74915960002474],[-73.312659999936145,44.748889999658012],[-73.312844800303594,44.748660000005884],[-73.312837799845354,44.7485093996427],[-73.312577301917329,44.748298168867933],[-73.312645800182693,44.74811160024025],[-73.312811199814817,44.747991400051973],[-73.31294425910653,44.747966287812361],[-73.313252600243587,44.747788000141085],[-73.313557399487408,44.747727699868719],[-73.313696371699606,44.747563543669216],[-73.313786676066982,44.747541369094776],[-73.313808218152815,44.747444365222407],[-73.31398219255621,44.747601708186565],[-73.314265399833246,44.747890899916875],[-73.314900127409487,44.748192857177543],[-73.315194400519104,44.748729900094951],[-73.315477300425073,44.748731299946307],[-73.315571856901926,44.749402185025232],[-73.315843191549916,44.751166637813576],[-73.31592989548642,44.751189450050283],[-73.316010704413074,44.751114981594959],[-73.315765899870584,44.749390499679187],[-73.315704199517114,44.748256600062369],[-73.315788099924362,44.746857800225229],[-73.315995400217474,44.746162500331899],[-73.316021799803593,44.745831700403407],[-73.315919100003242,44.745691500208956],[-73.315916299846592,44.745406100288896],[-73.316061900004698,44.744828700026822],[-73.316229099507822,44.744711400350212],[-73.316718431759085,44.744533299709225],[-73.317222734519419,44.74451769086388],[-73.317562399502251,44.744642499866863],[-73.317657499904655,44.744747600055788],[-73.317699800118845,44.744995699576265],[-73.317786499756934,44.745011199636885],[-73.318347899563534,44.744686900305773],[-73.318326537227165,44.744472229111622],[-73.318365899906667,44.744346199799466],[-73.318537276789087,44.744198926978051],[-73.318678291401284,44.74411083240188],[-73.318801577131623,44.744062726934189],[-73.319099399842315,44.744118400145105],[-73.319346000353605,44.743870200392287],[-73.319498400506575,44.743529300224623],[-73.319678699488136,44.743369700445001],[-73.320274699621848,44.743132800208485],[-73.320435564345388,44.743014938705215],[-73.321350999551115,44.742460699769488],[-73.321516199799603,44.742407100140674],[-73.321624899879652,44.742333800213451],[-73.32158000051831,44.742285499587219],[-73.321677700042414,44.742282899672134],[-73.321794699775012,44.742146000290504],[-73.322896800252721,44.741948200414853],[-73.32319600058635,44.741980700285346],[-73.323802700430875,44.741931799853049],[-73.324339724282552,44.742053254393454],[-73.324622446011958,44.74205398944779],[-73.325262000211083,44.742079999565711],[-73.325613903375086,44.742298394309636],[-73.32569529961539,44.742446100216874],[-73.325986499755047,44.742555200106999],[-73.326182105554551,44.742734071154757],[-73.326487400053466,44.743114900179435],[-73.326894299643357,44.743367299852622],[-73.326912200142289,44.743577600313188],[-73.327333899505774,44.743888300433134],[-73.32762590039583,44.74421579981734],[-73.327804700329196,44.744498300427836],[-73.327782620876889,44.744646628826899],[-73.327796099860592,44.744854499913302],[-73.327915036393463,44.744680731000336],[-73.32815819026527,44.744483337734437],[-73.328194716505806,44.744447654409221],[-73.328289999989963,44.744349999559482],[-73.328299999607879,44.744097473247933],[-73.32834000024512,44.743859999796548],[-73.32849241555563,44.743715167714534],[-73.328519400068828,44.743461400451899],[-73.328702999485003,44.743100700402024],[-73.329048800245928,44.742649000442128],[-73.329375099772648,44.742438199734664],[-73.329536000529302,44.742178600044525],[-73.330024100153608,44.741782100175058],[-73.330499199906356,44.741023799588611],[-73.331569499705552,44.739555400345573],[-73.33183939973334,44.738993799862826],[-73.332163599643053,44.737586899874564],[-73.332325599687437,44.737249500201038],[-73.332784099912288,44.736756300303952],[-73.333267299823461,44.736593500428405],[-73.333375899970164,44.736511600375465],[-73.333423299553971,44.736139000405835],[-73.333709999949221,44.735650000248462],[-73.33445150030424,44.734721000426156],[-73.334789099942682,44.734101200343034],[-73.33520350033308,44.73369800016313],[-73.335337000558582,44.733345599613834],[-73.336094499628175,44.732303500207117],[-73.336589999894457,44.731829999742359],[-73.33667940458669,44.731608952298188],[-73.336729899822572,44.730538100445564],[-73.336950000487178,44.729637399912932],[-73.337182599498306,44.7290350000792],[-73.337354033828831,44.72885226979173],[-73.337580200092447,44.728160299909348],[-73.33777999965983,44.727870000217067],[-73.338049999613531,44.727749999957737],[-73.338070000021233,44.727690000373002],[-73.337975300147207,44.727064099959541],[-73.337989999386664,44.726700000385485],[-73.338220199760585,44.725726600188942],[-73.338616000399938,44.724761200266876],[-73.338983500175956,44.724240100293109],[-73.339082300563732,44.723871099851571],[-73.339225000151572,44.723633399888463],[-73.339442199719429,44.723479199909086],[-73.339765300119609,44.723399799563289],[-73.339829499466674,44.723291999975032],[-73.339810446015164,44.722734459212923],[-73.33971250017224,44.72246990015168],[-73.339706300015635,44.72151959988269],[-73.340211200251545,44.720691999819707],[-73.340656000283175,44.720163399658752],[-73.34093000057706,44.719871600223087],[-73.341309256092799,44.719618774594487],[-73.340998301439228,44.719519611121513]]],[[[-73.341759673628417,44.714985487206022],[-73.341590858117897,44.71549343139479],[-73.3415592609322,44.716077561058121],[-73.341313726368668,44.716782334748672],[-73.34132195807365,44.717163388096289],[-73.341259060611279,44.717315353756192],[-73.341034615742529,44.717654919869204],[-73.340549825539185,44.718170900592064],[-73.340277563861392,44.718684082760106],[-73.339558221454496,44.719197743280212],[-73.339097245263986,44.719666020276989],[-73.33815632309296,44.721087702427504],[-73.338048840893762,44.721521744706422],[-73.338079056622689,44.722768023064106],[-73.337781732985462,44.723034860300693],[-73.337539220339067,44.723359247932706],[-73.337329036232532,44.72413727986271],[-73.33655465840063,44.725517464639708],[-73.336276704061788,44.726586148729332],[-73.336283764560605,44.727259761159203],[-73.335868285998501,44.727944051421332],[-73.335630603620388,44.728722990910285],[-73.335444034449836,44.729027604719377],[-73.335268768476496,44.729517132052806],[-73.335061612404374,44.730472936779819],[-73.335021805445095,44.731273113311346],[-73.334444105494114,44.731956532178565],[-73.335341000058989,44.731752000258588],[-73.335781500355125,44.731602400297533],[-73.335989899573178,44.731453499952075],[-73.336146699866603,44.731197400420321],[-73.336848899591828,44.728975400030954],[-73.337440299551105,44.727625900185252],[-73.338158799971836,44.724692999726429],[-73.338645399737587,44.723083599932821],[-73.339569299893839,44.721151799690617],[-73.340785300004427,44.719526200110693],[-73.34107809999125,44.719068399784106],[-73.341218400481935,44.71869819970599],[-73.341595399879509,44.71645960025424],[-73.341759673628417,44.714985487206022]]],[[[-73.341860199639811,44.713939200435284],[-73.34153750819651,44.713977691249674],[-73.341580873795337,44.714533122194197],[-73.34176878325853,44.714902171285637],[-73.341860199639811,44.713939200435284]]],[[[-73.342021085254046,44.712327626806776],[-73.34165850798172,44.713155581169033],[-73.341553933720633,44.713836699342814],[-73.341870700198712,44.713798900094162],[-73.342021085254046,44.712327626806776]]],[[[-73.288388487347703,44.710411349102209],[-73.287078700456874,44.710613000403249],[-73.286140599403552,44.710706600241558],[-73.285993992119657,44.710683069728837],[-73.28583530039441,44.710657600086193],[-73.285286000312567,44.711195799846628],[-73.284721500049656,44.711633199903837],[-73.284310407246949,44.711874913938182],[-73.283934799806644,44.712116399997036],[-73.28350420057491,44.712593799907076],[-73.283002100247231,44.713520199618536],[-73.282992200055915,44.713671300170297],[-73.282869600347624,44.713882300085508],[-73.28263801149356,44.714025689730697],[-73.282412933261568,44.714093178252149],[-73.2816639275771,44.714060342905519],[-73.28158170000971,44.714023099607459],[-73.281439299927911,44.713626600378831],[-73.281308321661754,44.713564252719543],[-73.281029199648671,44.713685200194334],[-73.280887000014019,44.713834600051392],[-73.280677399854696,44.714280200355077],[-73.28071850031418,44.714416199828875],[-73.281084299596131,44.714698799621566],[-73.281767099659191,44.715074999649524],[-73.281675000214037,44.714860700301443],[-73.281893300148951,44.714822099938061],[-73.281958300070883,44.714613700293988],[-73.281876300348998,44.714527000245752],[-73.281638500184016,44.714472900321461],[-73.281553500579847,44.714350900037125],[-73.281613699524854,44.714182099735588],[-73.282350299695125,44.714183300398368],[-73.282913899771671,44.714045899561093],[-73.282951600310895,44.714120599932407],[-73.282859599384068,44.714272699758425],[-73.282393024057527,44.714762094731448],[-73.282528699553339,44.714927800400211],[-73.282732800565825,44.715000500188076],[-73.282894899422956,44.715166299678266],[-73.283011299569537,44.71572680007921],[-73.283018999629135,44.71647640018049],[-73.283200000470671,44.717160000378485],[-73.283303826782401,44.717242383152147],[-73.283579999777174,44.717260000369293],[-73.283919300105424,44.717359799722871],[-73.284142100342081,44.717567000334739],[-73.284367300504414,44.717984599750572],[-73.284761300545995,44.718325299862514],[-73.285322600149456,44.718547600074615],[-73.285461100236191,44.718710799876845],[-73.285418100511109,44.719227900429658],[-73.285258400551115,44.719484000292674],[-73.284909999503157,44.720472900056876],[-73.284953880991864,44.720938109242013],[-73.284277946035232,44.721882593822826],[-73.284079900378885,44.722266300327846],[-73.283540499801759,44.722969400067463],[-73.282730573807413,44.723495046859753],[-73.282617667691781,44.723663849630903],[-73.281666333227562,44.724550307451089],[-73.281112717000283,44.724917994641693],[-73.280926505544372,44.724987464933619],[-73.281415900246358,44.724833900249266],[-73.282735699968356,44.723577799636438],[-73.282961499897681,44.723436200033113],[-73.283250999820254,44.723366600283818],[-73.285788326464569,44.723178441029283],[-73.286949928344526,44.721454845377778],[-73.287068862868637,44.721010239677845],[-73.287029536366802,44.720619344936921],[-73.287577042031401,44.719001414806868],[-73.287572176653299,44.718643427883173],[-73.287412585024526,44.718203653297216],[-73.287157334542883,44.717895351260935],[-73.286811137069094,44.717651692972687],[-73.286448100569601,44.71928460014967],[-73.286359500544307,44.719304900257796],[-73.286740553124957,44.717615004928078],[-73.286207813356185,44.717348832568113],[-73.285731401945185,44.71666735193962],[-73.28548940670801,44.716461190832753],[-73.285120370302565,44.716255966565264],[-73.285071184843204,44.715497891165406],[-73.284835721996203,44.714724057992228],[-73.28497793351417,44.714006305631806],[-73.285422918265198,44.713224364728283],[-73.285635499748778,44.712980345426608],[-73.286178699940038,44.712664549260815],[-73.287080812196194,44.711959469319147],[-73.287865176588241,44.711101000447016],[-73.288388487347703,44.710411349102209]]],[[[-73.344157458462973,44.706409248616097],[-73.344073418733544,44.706465262873444],[-73.343463270143815,44.706951490180707],[-73.343074283196401,44.707444242977004],[-73.342857638443078,44.707857556377739],[-73.342748316700309,44.708264831815562],[-73.342769243440372,44.709376514211222],[-73.342945099555735,44.708734400415821],[-73.343393690936892,44.707718177607369],[-73.343551203677919,44.707403869831595],[-73.343835000500192,44.706843500443952],[-73.344157458462973,44.706409248616097]]],[[[-73.345702399669392,44.704640705317836],[-73.345401296400212,44.704921447116334],[-73.344572363892155,44.705985235294939],[-73.344552825341836,44.706023454995815],[-73.34598670004047,44.704750100303265],[-73.345702399669392,44.704640705317836]]],[[[-73.346072540312448,44.702535967647101],[-73.345972184465339,44.70306749558334],[-73.34597732378495,44.703424435892771],[-73.346042125494279,44.703882209233129],[-73.346210902072471,44.704242345733654],[-73.346166397572063,44.704275587027354],[-73.346333599989421,44.704327600224474],[-73.346611899380903,44.703960299713174],[-73.346969699729172,44.703407200091895],[-73.347249499522448,44.702781300185222],[-73.346072540312448,44.702535967647101]]],[[[-73.289422099467046,44.701583005101583],[-73.288024900305842,44.701706499819736],[-73.287791799385104,44.70227269965315],[-73.289170211038922,44.702156397428695],[-73.289422099467046,44.701583005101583]]],[[[-73.347353699657489,44.7015604000187],[-73.346845900416298,44.701822499644415],[-73.346307243542952,44.701945895638119],[-73.346106972724698,44.702390612720514],[-73.347241000392444,44.702634700278736],[-73.347441099885657,44.701623600167316],[-73.347353699657489,44.7015604000187]]],[[[-73.347750354198766,44.701459759158496],[-73.347360300487011,44.703007099927859],[-73.346870300313029,44.703898099678568],[-73.346099099614364,44.70486950013774],[-73.344425000161351,44.706342100058343],[-73.344011299615318,44.706899199726692],[-73.343759776562379,44.707395812746398],[-73.34360954997706,44.707693868606171],[-73.343132400270434,44.708766200115804],[-73.342856639604634,44.709773101972715],[-73.342906929214067,44.709887784252921],[-73.34282780492066,44.710895637969344],[-73.342649018600582,44.711300250866415],[-73.342352921898765,44.711719215753831],[-73.342202399847636,44.712387699602729],[-73.341791100182448,44.716430200411438],[-73.341521300572296,44.71822100004605],[-73.341288818087321,44.71903623097834],[-73.341746361629035,44.719174881146834],[-73.342140299674725,44.718507300045601],[-73.342530300582808,44.718104600410051],[-73.342782600077967,44.717715899599739],[-73.342907399404567,44.717362599552175],[-73.343006600366962,44.716685800184152],[-73.343188499384212,44.716373699928397],[-73.343283699861558,44.715356800206195],[-73.343605299749726,44.71501090005799],[-73.343648599781005,44.71488620017896],[-73.343279400396995,44.714297299883825],[-73.343170800425881,44.714012400441341],[-73.343439000033769,44.712906199924156],[-73.34374730016016,44.712494200132454],[-73.343824799497511,44.712178300193074],[-73.344267199626103,44.711569600202807],[-73.344482100211877,44.711038200365259],[-73.344702330602559,44.709768874337634],[-73.344531423206448,44.709409018081999],[-73.344494262484289,44.709111816008857],[-73.344394900114779,44.708978699950897],[-73.344401899955031,44.708337300422478],[-73.344520688505909,44.707970632032094],[-73.344528503816846,44.707941832911729],[-73.344528925449595,44.7079402810486],[-73.344785570228723,44.707590547809644],[-73.345171599684392,44.707288400346947],[-73.345744000374069,44.706978099662578],[-73.345876400297783,44.706978899979298],[-73.346100899821053,44.707118400398855],[-73.346162700442292,44.706740399604556],[-73.346082299856263,44.706411700163954],[-73.346615500249698,44.705667600253491],[-73.346984000241193,44.705290599586036],[-73.34744059958426,44.704979199890388],[-73.347973399979608,44.704777199820953],[-73.348461299985146,44.704464300121465],[-73.348383726990903,44.704202682097602],[-73.347919600034515,44.703923600391846],[-73.347682399379252,44.703626999558871],[-73.347618199655557,44.70330939995457],[-73.347638799654476,44.702886700271563],[-73.34779420001459,44.702290399709135],[-73.348030300328077,44.702109299877378],[-73.348128746408563,44.701955565941688],[-73.347750354198766,44.701459759158496]]],[[[-73.289195600297617,44.699274300275192],[-73.28814830021868,44.7006996996369],[-73.288043800023999,44.701621900147558],[-73.289455622961896,44.701497693965976],[-73.289597629544971,44.700979308278754],[-73.28981289960025,44.700585099312754],[-73.290560828673136,44.699564851198552],[-73.289195600297617,44.699274300275192]]],[[[-73.293089299621585,44.696784699962201],[-73.293040093769676,44.69695662516078],[-73.293197780765709,44.696796980869451],[-73.293089299621585,44.696784699962201]]],[[[-73.293960579318878,44.694187269941118],[-73.293112399697861,44.696704000125806],[-73.293257807808885,44.696720534875865],[-73.293494588209441,44.696279106576327],[-73.29368300740343,44.695542836423151],[-73.293839298062252,44.695192936099531],[-73.293989122345835,44.694522032329331],[-73.293960579318878,44.694187269941118]]],[[[-73.292724068790292,44.690922433452911],[-73.291109339848092,44.691648712937329],[-73.291407099525514,44.692073400141105],[-73.291457399436993,44.69228609955853],[-73.291380500172934,44.692290899857525],[-73.291381699401512,44.692696500121272],[-73.291324000398149,44.69282390009279],[-73.291378299799419,44.692856600111867],[-73.291320156984142,44.692860914027037],[-73.29132819986566,44.692995900059913],[-73.291391299945829,44.692994200230402],[-73.291469400292598,44.69313789965058],[-73.291335600413888,44.693797299952152],[-73.291651300285736,44.694073699589332],[-73.291902099503517,44.694166899703482],[-73.291955900379506,44.694360899568572],[-73.291818100128239,44.694898000280098],[-73.29164390040593,44.695189300039551],[-73.291442900403865,44.696000599636108],[-73.290796899567226,44.69650230039592],[-73.289366999888372,44.697283799817797],[-73.28891119949445,44.6977048000549],[-73.288734299395799,44.698066900045198],[-73.288903799582883,44.698415599610193],[-73.288861400338433,44.698593799620461],[-73.288574399718101,44.699113100407743],[-73.288108400341059,44.699687799715143],[-73.287643499916854,44.700441100284408],[-73.287383500327707,44.701453200132917],[-73.287235199569594,44.701578799923958],[-73.28723510059578,44.701687599860499],[-73.286996074025737,44.701822767125712],[-73.287035000627341,44.702036600307061],[-73.286893099830664,44.702174199944395],[-73.286913200032075,44.702245799651685],[-73.286798962538683,44.702350806351937],[-73.286841400398359,44.702369299607277],[-73.286368500580949,44.702846999847168],[-73.286173800092698,44.703126200444636],[-73.285436037302276,44.703744948600864],[-73.285296600098633,44.7039960998097],[-73.284877199826681,44.704408799659213],[-73.284550926474594,44.704654539420098],[-73.284144400448966,44.705085599854193],[-73.283993834491341,44.705162559947588],[-73.283971600217498,44.705272399983855],[-73.283400200004181,44.705841500018877],[-73.283239500326488,44.705936399945003],[-73.282458655740129,44.706798993774854],[-73.282475300088663,44.70722880017842],[-73.282681800240937,44.707530799745498],[-73.282726493518993,44.707826285810704],[-73.282782140427699,44.70793542526372],[-73.282950600589075,44.708039600426766],[-73.283916630409777,44.70829347932812],[-73.283577645155418,44.708144344567636],[-73.283504706443424,44.708112254759534],[-73.283487097676527,44.708103014702253],[-73.283385700172886,44.708049800287398],[-73.283525000477511,44.707953400175015],[-73.284043500630602,44.70775020014112],[-73.28565437259445,44.708001250734554],[-73.2860400002982,44.707739999850325],[-73.286737888414166,44.707503167649534],[-73.286691090056877,44.707364359416879],[-73.28667000022088,44.707250000116481],[-73.286831092827398,44.707156680118814],[-73.286836232493016,44.707138695096951],[-73.286859999622379,44.7070900000801],[-73.286942394367358,44.707130281967281],[-73.286826141026083,44.707341755580941],[-73.286817623278452,44.707377631593516],[-73.286818664425084,44.707383318152289],[-73.286829999664533,44.707440000092099],[-73.28699395319569,44.707487383617135],[-73.28688106204342,44.70767610687227],[-73.286859166709917,44.70770332883378],[-73.286749267500198,44.707761413876916],[-73.286653577319967,44.70783998998283],[-73.286602838105779,44.707889775143663],[-73.286547373215029,44.707936138074139],[-73.286354323494393,44.708097505736646],[-73.286516957756348,44.708321409191015],[-73.28650539663316,44.708389767690555],[-73.286731899918294,44.708552600403102],[-73.28655606784352,44.708566649692187],[-73.286470290443532,44.708580592413995],[-73.286640099886895,44.708757200084968],[-73.286537499995376,44.708872299727673],[-73.286656599733149,44.709393300276858],[-73.286535877630314,44.709652593109837],[-73.28652180673339,44.709679897894404],[-73.286441432057174,44.709811767166649],[-73.286432939719006,44.709823097019367],[-73.285923999534162,44.710533499586454],[-73.286106872600058,44.710562282606872],[-73.286935399436814,44.710488799707221],[-73.288481754229423,44.710257238183246],[-73.288740855634487,44.709518021454144],[-73.288644263965111,44.708847399811326],[-73.288666689674272,44.708490628598959],[-73.289030627471874,44.707954574188975],[-73.289126684538758,44.707513064284782],[-73.288957398403639,44.706715253994346],[-73.288540953520737,44.706228328827365],[-73.288087826619204,44.70597437928776],[-73.287618325635719,44.70583553142793],[-73.286906336682009,44.705777673570836],[-73.28629760176581,44.705883327758052],[-73.285768787568784,44.706122915941904],[-73.285304650628774,44.706500668328502],[-73.285179409442392,44.706580186146134],[-73.285278041263098,44.706493972389865],[-73.286900043811954,44.704938778029522],[-73.287248998924284,44.704527459037344],[-73.287755737480566,44.704094686595134],[-73.288206322000462,44.703503665878408],[-73.288805963078801,44.702873175969977],[-73.288299999543526,44.702836099834528],[-73.287823000042465,44.703445299633032],[-73.287388700109275,44.703394699757055],[-73.287466299854401,44.703320300017474],[-73.287761599511853,44.703354699909113],[-73.288236199373202,44.702748600015269],[-73.288852502376372,44.70279379463144],[-73.289121884529763,44.702243290213318],[-73.287781900017791,44.702356400271242],[-73.286269900489359,44.703892700222568],[-73.286680699611395,44.703935999678315],[-73.287011099740312,44.703618900233629],[-73.287107199834225,44.703664700320125],[-73.28673190026457,44.704024600447184],[-73.286194899855829,44.70396790016791],[-73.285468299777477,44.704681399682066],[-73.285179600552723,44.704708700356882],[-73.285174699487584,44.70464979980494],[-73.28548079968445,44.704529299898958],[-73.287564100231492,44.702439600007622],[-73.287761899872137,44.702115200095896],[-73.287920599632031,44.701664499799421],[-73.288076499903156,44.700679399987166],[-73.289155900384458,44.699208600306243],[-73.290591851053307,44.69951421080394],[-73.29086759555733,44.698921193790717],[-73.290938056787937,44.698249364570799],[-73.292509094376911,44.697345405164342],[-73.290828100298796,44.696996199848648],[-73.290168499714227,44.69735300006176],[-73.289694999999242,44.698099599642603],[-73.28962229956646,44.698081199693789],[-73.290105999655793,44.697317900370955],[-73.290812099980812,44.696935799675792],[-73.29257637063337,44.697302294156444],[-73.292802522816217,44.697149272844086],[-73.293871452536663,44.693868511572212],[-73.293520698138437,44.693406345259049],[-73.293545839573213,44.693206895761904],[-73.29216689964629,44.693359399594499],[-73.291962299562769,44.692578600333782],[-73.292040699648098,44.692573000010995],[-73.292219199435294,44.693284599647363],[-73.293545042093328,44.693137600848026],[-73.293439784138641,44.692665896157436],[-73.29351474663747,44.692222971115946],[-73.293444394608684,44.691868498404418],[-73.293164287849365,44.691356720935033],[-73.292724068790292,44.690922433452911]]],[[[-73.295283586102343,44.683350193009517],[-73.295015852559146,44.684769368332731],[-73.295039841475983,44.684754269062843],[-73.295283586102343,44.683350193009517]]],[[[-73.296273996163592,44.681908126725652],[-73.295151063128387,44.68200692770035],[-73.294351221048444,44.682892322844708],[-73.295319225400675,44.683247108951171],[-73.295478100033108,44.682932299599358],[-73.296273996163592,44.681908126725652]]],[[[-73.298303374516905,44.681740092383414],[-73.296475199617547,44.681929700261101],[-73.29565149956025,44.682988900319188],[-73.295504500174019,44.683278800363354],[-73.29524918717037,44.684615083268582],[-73.295675541446855,44.68426715858795],[-73.297085695182403,44.682598204941364],[-73.298043363706739,44.681977511665714],[-73.298303374516905,44.681740092383414]]]]},"properties":{"OBJECTID":4,"OBJECTID_1":153,"Jurisdiction_District_Name":"Grand Isle Residential Shoreline","County":"Grand Isle","Jurisdiction":"Grand Isle ","Abbreviated_District_Name":"Slr","District_Name":"Residential Shoreline","District_Mapped":"Yes","Overlay_District":"No","Extinct_District":null,"District_Type":"Primarily Residential","Affordable_Housing_District":"No","Elderly_Housing_District":"No","F1F_Allowance":"Permitted","F2F_Allowance":"Permitted","F3F_Allowance":"Prohibited","F4F_Allowance":"Prohibited","F5F_Allowance":null,"ADU_Allowance":"Public Hearing","Affordable_Housing_Allowance":"Not Mentioned","PRD_Allowance":"Prohibited","NOTES":"None","F1F_Min_Lot":1,"F1F_Front_Setback":40,"F1F_Side_Setback":25,"F1F_Rear_Setback":25,"F1F_Frontage":150,"F1F_Max_Lot_Building_Coverage":null,"F1F_Max_Lot_Impervious_Coverage":null,"F1F_Min_Parking_Spaces":2,"F1F_Max_Stories":null,"F1F_Max_Height":35,"F1F_Floor_to_Area_Ratio":null,"F1F_Min_Unit_Size":null,"F2F_Affordable_Housing_Only":"No","F2F_Elderly_Housing_Only":"No","F2F_Min_Lot_Size":1,"F2F_Max_Density":null,"F2F_Front_Setback":40,"F2F_Side_Setback":25,"F2F_Rear_Setback":25,"F2F_Frontage":150,"F2F_Max_Lot_Building_Coverage":null,"F2F_Max_Lot_Impervious_Coverage":null,"F2F_Min_Parking_Spaces_per_1BR":2,"F2F_Min_Parking_Spaces_per_mult_BR":2,"F2F_Max_Stories":null,"F2F_Max_Height":35,"F2F_Floor_to_Area_Ratio":null,"F2F_Min_Unit_Size":null,"F3F_Affordable_Housing_Only":"No","F3F_Elderly_Housing_Only":"No","F3F_Min_Lot_Size":null,"F3F_Max_Density":null,"F3F_Front_Setback":null,"F3F_Side_Setback":null,"F3F_Rear_Setback":null,"F3F_Frontage":null,"F3F_Max_Lot_Building_Coverage":null,"F3F_Max_Lot_Impervious_Coverage":null,"F3F_Min_Parking_Spaces_per_1BR":null,"F3F_Min_Parking_Spaces_per_mult_BR":null,"F3F_Connection_to_Sewage_Water_Required":"No","F3F_Proximity_to_Public_Transit_Required":"No","F3F_Max_Stories":null,"F3F_Max_Height":null,"F3F_Floor_to_Area_Ratio":null,"F3F_Min_Unit_Size":null,"F3F_Max_Bedrooms":null,"F4F_Affordable_Housing_Only":"No","F4F_Elderly_Housing_Only":"No","F4F_Min_Lot_Size":null,"F4F_Max_Density":null,"F4F_Front_Setback":null,"F4F_Side_Setback":null,"F4F_Rear_Setback":null,"F4F_Frontage":null,"F4F_Max_Lot_Building_Coverage":null,"F4F_Max_Lot_Impervious_Coverage":null,"F4F_Min_Parking_Spaces_per_1BR":null,"F4F_Min_Parking_Spaces_per__mult_BR":null,"F4F_Connection_to_Sewage_Water_Required":"No","F4F_Proximity_to_Public_Transit_Required":"No","F4F_Max_Stories":null,"F4F_Max_Height":null,"F4F_Floor_to_Area_Ratio":null,"F4F_Min_Unit_Size":null,"F4F_Max_Bedrooms":null,"F4F_Max_Units_per_Building":null,"F5F_Affordable_Housing_Only":null,"F5F_Elderly_Housing_Only":null,"F5F_Min_Lot_Size":null,"F5F_Max_Density":null,"F5F_Front_Setback":null,"F5F_Side_Setback":null,"F5F_Rear_Setback":null,"F5F_Frontage":null,"F5F_Max_Lot_Building_Coverage":null,"F5F_Max__Lot_Impervious_Coverage":null,"F5F_Min_Parking_Spaces_per_1BR":null,"F5F_Min_Parking_Spaces_per_mult_BR":null,"F5F_Connection_to_Sewage_Water_Required":null,"F5F_Proximity_to_Public_Transit_Required":null,"F5F_Max_Stories":null,"F5F_Max_Height":null,"F5F_Floor_to_Area_Ratio":null,"F5F_Min_Unit_Size":null,"F5F_Max_Bedrooms":null,"F5F_Max_Units_per_Building":null,"Affordable_Housing_Definition":null,"Affordable_Housing_Elderly_Only":"No","Affordable_Housing_Min_Lot_Size":null,"Affordable_Housing_Max_Density":null,"Affordable_Housing_Min_Parking_Spaces_per_1BR":null,"Affordable_Housing_Min_Parking_Spaces_per_mult_BR":null,"Affordable_Housing_Min_Unit_Size":null,"Affordable_Housing_Max_Bedrooms":null,"Affordable_Housing_Max_Units_per_Building":null,"ADU_Employee_or_Family_Occupancy_Required":"No","ADU_Renter_Occupancy_Prohibited":"No","ADU_Owner_Occupancy_Required":"Yes","ADU_Elderly_Housing_Only":"No","ADU_Min_Lot_Size":null,"ADU_Min_Parking_Spaces":2,"ADU_Restricted_to_Primary_Structure":"No","ADU_Max_Size_as_Percent_of_Primary_Strcture":30,"ADU_Max_Size_in_sq_ft":null,"ADU_Max_Bedrooms":1,"PRD_Mobile_or_Manufactured_Home_Park":"No","PRD_Min_Lot_Size":null,"PRD_Max_Density":null,"PRD_Max_Units":null,"PUD_Required_with_Subdivision":"F","PUD_Threshold_Number":null,"PUD_Allowance":"Yes","PUD_Requires_Land_Conservation":"F","Base_Density":null,"CONDITIONAL_1F_Min_Lot":null,"CONDITIONAL_1F_Front_Setback":null,"CONDITIONAL_1F_Side_Setback":null,"CONDITIONAL_1F_Rear_Setback":null,"CONDITIONAL_1F_Frontage":null,"CONDITIONAL_1F_Max_Lot_Building_Coverage":null,"CONDITIONAL_1F_Max_Lot_Impervious_Coverage":null,"CONDITIONAL_1F_Min_Parking_Spaces":null,"CONDITIONAL_1F_Max_Stories":null,"CONDITIONAL_1F_Max_Height":null,"CONDITIONAL_1F_Floor_to_Area_Ratio":null,"CONDITIONAL_1F_Min_Unit_Size":null,"CONDITIONAL_2F_Affordable_Housing_Only":null,"CONDITIONAL_2F_Elderly_Housing_Only":null,"CONDITIONAL_2F_Min_Lot_Size":null,"CONDITIONAL_2F_Max_Density":null,"CONDITIONAL_2F_Front_Setback":null,"CONDITIONAL_2F_Side_Setback":null,"CONDITIONAL_2F_Rear_Setback":null,"CONDITIONAL_2F_Frontage":null,"CONDITIONAL_2F_Max_Lot_Building_Coverage":null,"CONDITIONAL_2F_Max_Lot_Impervious_Coverage":null,"CONDITIONAL_2F_Min_Parking_Spaces_per_1BR":null,"CONDITIONAL_2F_Min_Parking_Spaces_per_mult_BR":null,"CONDITIONAL_2F_Max_Stories":null,"CONDITIONAL_2F_Max_Height":null,"CONDITIONAL_2F_Floor_to_Area_Ratio":null,"CONDITIONAL_2F_Min_Unit_Size":null,"CONDITIONAL_3F_Affordable_Housing_Only":null,"CONDITIONAL_3F_Elderly_Housing_Only":null,"CONDITIONAL_3F_Min_Lot_Size":null,"CONDITIONAL_3F_Max_Density":null,"CONDITIONAL_3F_Front_Setback":null,"CONDITIONAL_3F_Side_Setback":null,"CONDITIONAL_3F_Rear_Setback":null,"CONDITIONAL_3F_Frontage":null,"CONDITIONAL_3F_Max_Lot_Building_Coverage":null,"CONDITIONAL_3F_Max_Lot_Impervious_Coverage":null,"CONDITIONAL_3F_Min_Parking_Spaces_per_1BR":null,"CONDITIONAL_3F_Min_Parking_Spaces_per_mult_BR":null,"CONDITIONAL_3F_Connection_to_Sewage_Water_Required":null,"CONDITIONAL_3F_Proximity_to_Public_Transit_Required":null,"CONDITIONAL_3F_Max_Stories":null,"CONDITIONAL_3F_Max_Height":null,"CONDITIONAL_3F_Floor_to_Area_Ratio":null,"CONDITIONAL_3F_Min_Unit_Size":null,"CONDITIONAL_3F_Max_Bedrooms":null,"CONDITIONAL_4F_Affordable_Housing_Only":null,"CONDITIONAL_4F_Elderly_Housing_Only":null,"CONDITIONAL_4F_Min_Lot_Size":null,"CONDITIONAL_4F_Max_Density":null,"CONDITIONAL_4F_Front_Setback":null,"CONDITIONAL_4F_Side_Setback":null,"CONDITIONAL_4F_Rear_Setback":null,"CONDITIONAL_4F_Frontage":null,"CONDITIONAL_4F_Max_Lot_Building_Coverage":null,"CONDITIONAL_4F_Max_Lot_Impervious_Coverage":null,"CONDITIONAL_4F_Min_Parking_Spaces_per_1BR":null,"CONDITIONAL_4F_Min_Parking_Spaces_per__mult_BR":null,"CONDITIONAL_4F_Connection_to_Sewage_Water_Required":null,"CONDITIONAL_4F_Proximity_to_Public_Transit_Required":null,"CONDITIONAL_4F_Max_Stories":null,"CONDITIONAL_4F_Max_Height":null,"CONDITIONAL_4F_Floor_to_Area_Ratio":null,"CONDITIONAL_4F_Min_Unit_Size":null,"CONDITIONAL_4F_Max_Bedrooms":null,"CONDITIONAL_4F_Max_Units_per_Building":null,"CONDITIONAL_5F_Affordable_Housing_Only":null,"CONDITIONAL_5F_Elderly_Housing_Only":null,"CONDITIONAL_5F_Min_Lot_Size":null,"CONDITIONAL_5F_Max_Density":null,"CONDITIONAL_5F_Front_Setback":null,"CONDITIONAL_5F_Side_Setback":null,"CONDITIONAL_5F_Rear_Setback":null,"CONDITIONAL_5F_Frontage":null,"CONDITIONAL_5F_Max_Lot_Building_Coverage":null,"CONDITIONAL_5F_Max__Lot_Impervious_Coverage":null,"CONDITIONAL_5F_Min_Parking_Spaces_per_1BR":null,"CONDITIONAL_5F_Min_Parking_Spaces_per_mult_BR":null,"CONDITIONAL_5F_Connection_to_Sewage_Water_Required":null,"CONDITIONAL_5F_Proximity_to_Public_Transit_Required":null,"CONDITIONAL_5F_Max_Stories":null,"CONDITIONAL_5F_Max_Height":null,"CONDITIONAL_5F_Floor_to_Area_Ratio":null,"CONDITIONAL_5F_Min_Unit_Size":null,"CONDITIONAL_5F_Max_Bedrooms":null,"CONDITIONAL_5F_Max_Units_per_Building":null,"CONDITIONAL_Affordable_Housing_Definition":null,"CONDITIONAL_Affordable_Housing_Elderly_Only":null,"CONDITIONAL_Affordable_Housing_Min_Lot_Size":null,"CONDITIONAL_Affordable_Housing_Max_Density":null,"CONDITIONAL_Affordable_Housing_Min_Parking_Spaces_per_1BR":null,"CONDITIONAL_Affordable_Housing_Min_Parking_Spaces_per_mult_BR":null,"CONDITIONAL_Affordable_Housing_Min_Unit_Size":null,"CONDITIONAL_Affordable_Housing_Max_Bedrooms":null,"CONDITIONAL_Affordable_Housing_Max_Units_per_Building":null,"CONDITIONAL_ADU_Employee_or_Family_Occupancy_Required":null,"CONDITIONAL_ADU_Renter_Occupancy_Prohibited":null,"CONDITIONAL_ADU_Owner_Occupancy_Required":null,"CONDITIONAL_ADU_Elderly_Housing_Only":null,"CONDITIONAL_ADU_Min_Lot_Size":null,"CONDITIONAL_ADU_Min_Parking_Spaces":null,"CONDITIONAL_ADU_Restricted_to_Primary_Structure":null,"CONDITIONAL_ADU_Max_Size_as_Percent_of_Primary_Strcture":null,"CONDITIONAL_ADU_Max_Size_in_sq_ft":null,"CONDITIONAL_ADU_Max_Bedrooms":null,"CONDITIONAL_PRD_Mobile_or_Manufactured_Home_Park":null,"CONDITIONAL_PRD_Min_Lot_Size":null,"CONDITIONAL_PRD_Max_Density":null,"CONDITIONAL_PRD_Max_Units":null,"CONDITIONAL_PUD_Required_with_Subdivision":null,"CONDITIONAL_PUD_Threshold_Number":null,"CONDITIONAL_PUD_Allowance":null,"CONDITIONAL_PUD_Requires_Land_Conservation":null,"Bylaw_Date":"2024-02-22","RPC":"NWRPC","Version":1,"Acres":923.50106710206899,"Shape_Length":80583.291903663121,"Shape_Area":3737281.9977374435}},{"type":"Feature","id":5,"geometry":{"type":"MultiPolygon","coordinates":[[[[-73.275430099887942,44.768039499812453],[-73.2752798997751,44.768238299790475],[-73.275313675268293,44.768306957896634],[-73.276055281811011,44.76843851119505],[-73.276900738504793,44.768712446445413],[-73.276988111803604,44.768669222814978],[-73.2768966997631,44.768556199858494],[-73.275430099887942,44.768039499812453]]],[[[-73.277274637621801,44.764239802908669],[-73.277194613674922,44.764615265361392],[-73.277460299861715,44.764316999696952],[-73.277274637621801,44.764239802908669]]],[[[-73.279069900569141,44.761583399633125],[-73.277787670909333,44.761725077772049],[-73.277907533449067,44.762176896649287],[-73.277905748502135,44.762498118825661],[-73.277333738663998,44.76410552680025],[-73.277565199532916,44.764201800045825],[-73.278139299681271,44.763535799755907],[-73.278652199546514,44.762598799867071],[-73.279069900569141,44.761583399633125]]],[[[-73.285352199615218,44.761201199703649],[-73.283335099637313,44.761315600410008],[-73.281466300070889,44.761328400231172],[-73.280760199451791,44.761390299845189],[-73.279280100606456,44.761560300323175],[-73.278834700286126,44.762642699839716],[-73.278451300113957,44.763383299864756],[-73.278185800245041,44.763770299599521],[-73.277099980864392,44.764938964931915],[-73.276707677008062,44.76605836620444],[-73.275714910082669,44.767648131666824],[-73.27552149943179,44.767918600216234],[-73.276986599507509,44.768437800229023],[-73.277174200565511,44.768429499960476],[-73.277279049026987,44.768525298035271],[-73.278770086455324,44.767792088447941],[-73.280610686767389,44.767082218375414],[-73.281102609290244,44.767009010776007],[-73.282289495425246,44.767000886560972],[-73.283080850652993,44.767130400343653],[-73.283466439294514,44.766791170203248],[-73.283973930620277,44.766496228391546],[-73.284088663528379,44.766114875231615],[-73.284306571568749,44.765792279756575],[-73.285473317151101,44.764805356302155],[-73.285816164497888,44.764395356751741],[-73.286187509531715,44.76412798961519],[-73.286742122527357,44.763888254677653],[-73.285682899543872,44.763051299821889],[-73.285280999854294,44.762591700087484],[-73.285180600403905,44.762089999607149],[-73.285352199615218,44.761201199703649]]],[[[-73.288001115406473,44.756707310310809],[-73.28650510034042,44.756843300087525],[-73.285650000329255,44.761249799618291],[-73.285618600544211,44.761499900376776],[-73.28573790032199,44.76210579969139],[-73.286000799566864,44.762597400343175],[-73.286364899662715,44.763012600215802],[-73.287109444925477,44.763597940447561],[-73.287238451385704,44.763391784576768],[-73.287208645440813,44.762716575207321],[-73.287365869452628,44.762075075380338],[-73.287364750134856,44.761393621670642],[-73.287498196416664,44.760391728929712],[-73.287488555074233,44.759573673754709],[-73.288001115406473,44.756707310310809]]],[[[-73.287479206395844,44.751824124225237],[-73.28652149961998,44.756758899570109],[-73.288022392419194,44.756622426867409],[-73.288246901881735,44.754747411361024],[-73.28821621249007,44.753710449039019],[-73.287889883251225,44.75331728621358],[-73.287628275821632,44.752820421176729],[-73.287490537716153,44.752260123925005],[-73.287479206395844,44.751824124225237]]],[[[-73.264396451594848,44.745127692418052],[-73.264504896144913,44.745670716618051],[-73.264499673033427,44.746113091441948],[-73.264331672507979,44.747356908936666],[-73.264096423392914,44.747882602595908],[-73.264097715446738,44.748401529862413],[-73.263983598789324,44.748851004311291],[-73.26413139657997,44.749760023359229],[-73.264665818740156,44.750092954394965],[-73.265908278355965,44.751052631221533],[-73.266555633687346,44.75141209624077],[-73.26688230928869,44.751493232263499],[-73.267322004180159,44.751336109107612],[-73.267688598259113,44.751272595893475],[-73.268711304336222,44.751278234941402],[-73.269220707594769,44.751363263593852],[-73.270210368612965,44.751641221886601],[-73.270673879646537,44.751838139773383],[-73.271015237095156,44.752065463069876],[-73.270709600320174,44.749098900000263],[-73.271140700315215,44.745390800363566],[-73.264396451594848,44.745127692418052]]],[[[-73.289264600189767,44.741678800316762],[-73.284010970856968,44.74214628142547],[-73.283454302642468,44.742195824085812],[-73.279793800117687,44.742521499942178],[-73.277236000435593,44.742803700382616],[-73.276557499848408,44.742809600333487],[-73.275221500316931,44.742636199960643],[-73.274776100204974,44.742641099781082],[-73.272989900228879,44.744166200231014],[-73.271791299883787,44.745087700063678],[-73.271377299936546,44.745330900371464],[-73.271282699645809,44.7455166001495],[-73.270900599828295,44.749098100380969],[-73.271192920204257,44.75223196839827],[-73.271422000306174,44.752568664237451],[-73.271761784266857,44.752782448758403],[-73.272195049043845,44.753215588730107],[-73.27364558557106,44.754155019688966],[-73.273927186792235,44.754388944717384],[-73.274252257732357,44.754767050147137],[-73.27454978949072,44.755331620395417],[-73.274678041526215,44.755928973428631],[-73.274648998354252,44.756916509418971],[-73.274452395171721,44.757527581707528],[-73.274418599528332,44.758408807238908],[-73.274151756593596,44.759194973971638],[-73.274202362446985,44.759476290394019],[-73.27460167528406,44.759727159741843],[-73.275445726457392,44.759926944898879],[-73.276645828548837,44.76048567121164],[-73.277286560904628,44.760952405235265],[-73.277729192675281,44.761594093971631],[-73.28206480040852,44.76113319998386],[-73.28358339949321,44.76116150038709],[-73.285495000491693,44.761056600431786],[-73.287372108423881,44.751407068148595],[-73.287266855352826,44.750884120181077],[-73.287222470115793,44.749969627406884],[-73.287270074306093,44.749608233605599],[-73.287477954576389,44.749104423691421],[-73.287985194027726,44.748383011289071],[-73.289264600189767,44.741678800316762]]],[[[-73.284969999942035,44.75463999975333],[-73.284760000021436,44.754840000294898],[-73.284660000074979,44.754869999966751],[-73.284520000225115,44.754999999778839],[-73.284460000283744,44.755189999872023],[-73.284509999684076,44.755269999728725],[-73.284679999918026,44.755299999899769],[-73.284820000422414,44.755239999733384],[-73.284900000369802,44.755090000359793],[-73.285290000036639,44.754790000313847],[-73.285280000458002,44.754680000154096],[-73.284969999942035,44.75463999975333]]],[[[-73.309106599717069,44.735801400438113],[-73.306199900584431,44.736095599829042],[-73.305767300500236,44.73622489983957],[-73.305332100010745,44.736426499670408],[-73.301723800311976,44.738721299564276],[-73.300306000314677,44.740055599628192],[-73.299631199767362,44.740445399577141],[-73.298547000143003,44.740644999656645],[-73.289460800398288,44.741663099678654],[-73.288232127345651,44.748104886397805],[-73.289106896438568,44.747257910157359],[-73.289451094517645,44.746747792803319],[-73.28995672865635,44.74618168792172],[-73.290600801300627,44.745759469221269],[-73.291637440939027,44.745226716812631],[-73.292473924617923,44.745021187755938],[-73.293288201931048,44.744713339207713],[-73.294246173929082,44.744506202651451],[-73.294993262832691,44.744477856963393],[-73.295719552782344,44.744533187641238],[-73.296582253529692,44.744438697378705],[-73.297242057281352,44.744492769597898],[-73.297596401606157,44.744585003076921],[-73.298402951937291,44.744909569037297],[-73.299241409325006,44.745109774976761],[-73.299817146361704,44.745393248296573],[-73.300171480369613,44.745665355704865],[-73.300465311803492,44.745773166730181],[-73.300908855398774,44.745873654799297],[-73.301375245322049,44.746051932327525],[-73.302251696109622,44.746185243095191],[-73.302679458295813,44.746352843803862],[-73.303079750411996,44.746591598022377],[-73.303457590482381,44.746947071564165],[-73.304422434596702,44.748306924706576],[-73.304514859626195,44.748734219280529],[-73.304478645371148,44.749223221111031],[-73.30434098714349,44.749566584305526],[-73.30438946534457,44.749630799236698],[-73.304588584874807,44.749830604173042],[-73.305122909139783,44.750128430253056],[-73.305538046056654,44.750511749419751],[-73.306367286188618,44.750910793407115],[-73.30685903576709,44.751270722680751],[-73.30779908940103,44.751068053765493],[-73.308656559952453,44.75065553658979],[-73.310036549147767,44.750254097749348],[-73.310519012530051,44.749307078830661],[-73.310933251416529,44.748825187720044],[-73.311199590817864,44.747820129252588],[-73.311933698400551,44.74703987719635],[-73.311786200065086,44.745870900162274],[-73.311133600258827,44.743989399882544],[-73.310623700531039,44.742056299671148],[-73.309705900073908,44.739095499981829],[-73.309106599717069,44.735801400438113]]],[[[-73.309350000168365,44.742360000278637],[-73.309150000239384,44.74243999991161],[-73.309010000318565,44.742570000320207],[-73.309290000383271,44.742930000371423],[-73.309579999561748,44.742879999771304],[-73.309639999477255,44.742759999573799],[-73.309569999408396,44.742510000157459],[-73.309350000168365,44.742360000278637]]],[[[-73.334347614040382,44.732123643360403],[-73.330151300610225,44.733140600189259],[-73.328691499694557,44.733423299990783],[-73.329603500319649,44.734669299841364],[-73.330439799873389,44.735393399671466],[-73.330783900263228,44.735554900240331],[-73.331841508945203,44.73579131793614],[-73.331934630275839,44.735497260425824],[-73.332165041525698,44.735108939846668],[-73.332686800910622,44.734580456419856],[-73.33316792802016,44.733733209838732],[-73.333577222403633,44.733293865762313],[-73.334347614040382,44.732123643360403]]],[[[-73.261921164657551,44.73097839175086],[-73.261736295817727,44.731303204416186],[-73.26139104842089,44.731673596415547],[-73.260557507626402,44.732208581863247],[-73.260068809031381,44.732402549028244],[-73.259405902202474,44.732545613982424],[-73.258584135370015,44.732589777828125],[-73.258880000808276,44.732870385443924],[-73.259069587407453,44.733184105266716],[-73.262305335516103,44.731471198686748],[-73.261921164657551,44.73097839175086]]],[[[-73.274221999835035,44.728390000118168],[-73.271863099764843,44.7287350998402],[-73.270500499850229,44.729217300450493],[-73.269198152995742,44.729865574301499],[-73.269049935537879,44.730300386066261],[-73.268254779926224,44.731554678818121],[-73.26769575194642,44.731975525914493],[-73.26694186776551,44.73225322603664],[-73.266397367923929,44.732353723078958],[-73.265564576474631,44.732409465154433],[-73.264278104750332,44.732315539449885],[-73.26361512132452,44.732176973045704],[-73.263139133234773,44.732015735585613],[-73.26242125297783,44.731579001287969],[-73.259129105824371,44.733321523091682],[-73.259284652021066,44.733678738994897],[-73.259655123485274,44.734093083894109],[-73.259840821631045,44.734580672991015],[-73.259858743460896,44.735195476626721],[-73.259662713582884,44.735727639790206],[-73.259346147615972,44.736233588030245],[-73.258911906568741,44.73667965566333],[-73.255758042835311,44.739373384768584],[-73.256589266702093,44.739879818995341],[-73.257012953381491,44.740297024015121],[-73.257277314939941,44.740672198386669],[-73.257634583476289,44.741631401587142],[-73.258403504761262,44.741846509038901],[-73.259159753725271,44.741926580221538],[-73.260774883384755,44.742262452050163],[-73.261838133637781,44.742590356287479],[-73.262708906344002,44.742960246152279],[-73.26319802661807,44.743246491282527],[-73.263605186227068,44.743600778813182],[-73.263817378597039,44.743936350673309],[-73.263998230963409,44.744454510040114],[-73.264206431407217,44.744686895988444],[-73.264360260026976,44.744989317880368],[-73.271194999729644,44.745256899583019],[-73.271656399484826,44.74498969957596],[-73.272846900170606,44.744074399606532],[-73.274671200080107,44.742525000170836],[-73.275023999960595,44.742485100199694],[-73.276580700292612,44.742673299577653],[-73.27711540017377,44.742671599778994],[-73.275668400497466,44.735683799573238],[-73.274690899624403,44.730339899779786],[-73.274221999835035,44.728390000118168]]],[[[-73.273427197680675,44.724877927150075],[-73.27245600656579,44.725176853380255],[-73.271327366613392,44.725260299137993],[-73.271075885960087,44.725345634793875],[-73.270795582288272,44.726393936657196],[-73.270102543861796,44.727493969375409],[-73.269598454464131,44.728786517677527],[-73.269197767075894,44.729499969062964],[-73.269214328998117,44.72970115316609],[-73.270399699679871,44.72910019978049],[-73.271800100311836,44.728605800437293],[-73.273757600617657,44.728359599925057],[-73.274096600457739,44.728239899790232],[-73.274252200245527,44.728003700160954],[-73.27428319960309,44.726242386912709],[-73.273977100209322,44.725991279226328],[-73.273690319640508,44.725645488355916],[-73.273493850540007,44.725227041198153],[-73.273427197680675,44.724877927150075]]],[[[-73.290211712635141,44.722928930119629],[-73.285675011322382,44.723323411089254],[-73.285257585125308,44.72378452413291],[-73.284463399114031,44.724397966185862],[-73.283393816371159,44.725410479809455],[-73.28284015187721,44.7258484080225],[-73.281838317181155,44.726313189000223],[-73.280744635757117,44.726599360882986],[-73.27949335112352,44.726815493760206],[-73.277675043403718,44.726981467662377],[-73.276939268612765,44.726987099344996],[-73.276071496823249,44.726917043967156],[-73.275135905409584,44.726707871223944],[-73.274469532171395,44.726374457291733],[-73.274440600176845,44.728205700003976],[-73.274852500069741,44.729784499582479],[-73.275857200548273,44.735666000185752],[-73.277305400500481,44.742658599838528],[-73.283475075932813,44.742057352699369],[-73.284055740284998,44.742005690597644],[-73.289289000167486,44.741539899639989],[-73.292585507290028,44.725321748633903],[-73.290160153400393,44.725401243994845],[-73.290211712635141,44.722928930119629]]],[[[-73.309673300469839,44.721016299619762],[-73.306327700602111,44.72138330000714],[-73.300132262797973,44.721956528202561],[-73.299772724170978,44.72266903261982],[-73.299169920562974,44.725105934213076],[-73.292781076415949,44.725315339079046],[-73.289486600186066,44.741522899718781],[-73.298515400277068,44.740511099666946],[-73.299545500117588,44.740322600132366],[-73.300165800263514,44.739963500366848],[-73.301582700239351,44.738629599798593],[-73.305219600306899,44.736316600057663],[-73.305678000006523,44.736104299988384],[-73.306147700224614,44.735963899961966],[-73.309133199819357,44.735661599691966],[-73.308318599922828,44.73192420009493],[-73.308177100551063,44.730443699912527],[-73.308328200311706,44.728585899723655],[-73.308788900334662,44.725993100356838],[-73.307211599685999,44.726154800306709],[-73.307560300233035,44.72758940035326],[-73.307371899520078,44.727608999675269],[-73.3070111001214,44.726124999555672],[-73.305447999863048,44.725789699983565],[-73.305519300508067,44.725782499971899],[-73.305498900414833,44.725659000195328],[-73.307184500356854,44.726020399920387],[-73.308813800489588,44.725853299789897],[-73.309673300469839,44.721016299619762]]],[[[-73.324954300209683,44.719310700329913],[-73.319427567402727,44.719962079704722],[-73.318823660130334,44.720028039771506],[-73.30987509954349,44.720961100092502],[-73.308442400592298,44.729047899930571],[-73.308373499451761,44.729976099729988],[-73.308394399715723,44.73105049963894],[-73.308507699686899,44.73190740018228],[-73.309321999549624,44.735642800074963],[-73.31771329951296,44.734744700114454],[-73.317683999862254,44.734886300421323],[-73.3092971998812,44.735782300136577],[-73.309896000086837,44.739074000389053],[-73.310812300460285,44.742028799646221],[-73.311321299885051,44.743958400291767],[-73.31197590047519,44.74584719970342],[-73.312116183428643,44.746906891269035],[-73.312508389058621,44.746604688099538],[-73.312913397496985,44.746347524425076],[-73.313361707454945,44.746185984288012],[-73.313853407132157,44.746112633349121],[-73.314310032417239,44.74612751312759],[-73.314241491375626,44.745574820839153],[-73.31447747343077,44.744497150353354],[-73.314918316119517,44.743956617556698],[-73.315630894141549,44.74354671829839],[-73.315995573447864,44.743424452815404],[-73.316510507277584,44.743338767574564],[-73.317452717526749,44.743320148287637],[-73.318028477457787,44.742999429152498],[-73.318305620168886,44.742703461854042],[-73.318694843529741,44.74242039956826],[-73.320297308145726,44.741592487785226],[-73.320737102430101,44.741224354376129],[-73.32115192202987,44.741022464590799],[-73.32198407510721,44.7408393865759],[-73.322899426662389,44.740727202260231],[-73.323545772403349,44.74071070204586],[-73.325517991897613,44.740790276630207],[-73.326162425790343,44.740915261178657],[-73.326912879239543,44.741266700438885],[-73.327753555219445,44.741918624058734],[-73.328709438107623,44.74109673680865],[-73.329152250028699,44.740374916107768],[-73.330112920522453,44.739086996843156],[-73.330324475880658,44.738476915931898],[-73.330399753327796,44.73775230203271],[-73.330549635058858,44.737278326160244],[-73.331147491268609,44.736429668031626],[-73.331729538926211,44.735897572733386],[-73.330717599824993,44.735672100320322],[-73.330310599827129,44.735480000248529],[-73.329456899996146,44.734740399900545],[-73.328521300446823,44.733465399651735],[-73.325154500547981,44.734088599790397],[-73.318028099481182,44.734840400353633],[-73.318055099382363,44.734698900122702],[-73.325037999760497,44.733942999808207],[-73.323955470556797,44.729571368069188],[-73.323872718042466,44.729256885262025],[-73.323299399975042,44.727009999953751],[-73.323249400557756,44.726586900106788],[-73.3246199000545,44.720943599655115],[-73.324954300209683,44.719310700329913]]],[[[-73.34153750819651,44.713977691249674],[-73.333283799553413,44.714900300209337],[-73.327814799411911,44.7154706998775],[-73.326556799633522,44.715549400094751],[-73.325211300264471,44.719281599710868],[-73.323450100026008,44.726592099834328],[-73.324114859205608,44.729268083284026],[-73.32418292004742,44.729575372802792],[-73.325226800278145,44.733917199612037],[-73.328106386209555,44.733389191276544],[-73.328229947763347,44.733366524688954],[-73.330093000534632,44.733009900451982],[-73.334444105494114,44.731956532178565],[-73.335021805445095,44.731273113311346],[-73.335061612404374,44.730472936779819],[-73.335268768476496,44.729517132052806],[-73.335444034449836,44.729027604719377],[-73.335630603620388,44.728722990910285],[-73.335868285998501,44.727944051421332],[-73.336283764560605,44.727259761159203],[-73.336276704061788,44.726586148729332],[-73.33655465840063,44.725517464639708],[-73.337329036232532,44.72413727986271],[-73.337539220339067,44.723359247932706],[-73.337781732985462,44.723034860300693],[-73.338079056622689,44.722768023064106],[-73.338048840893762,44.721521744706422],[-73.33815632309296,44.721087702427504],[-73.339097245263986,44.719666020276989],[-73.339558221454496,44.719197743280212],[-73.340277563861392,44.718684082760106],[-73.340549825539185,44.718170900592064],[-73.341034615742529,44.717654919869204],[-73.341259060611279,44.717315353756192],[-73.34132195807365,44.717163388096289],[-73.341313726368668,44.716782334748672],[-73.3415592609322,44.716077561058121],[-73.341590858117897,44.71549343139479],[-73.341759673628417,44.714985487206022],[-73.34176878325853,44.714902171285637],[-73.341580873795337,44.714533122194197],[-73.34153750819651,44.713977691249674]]],[[[-73.333980000002029,44.72185000001322],[-73.333930000284823,44.72191000023453],[-73.334029999942814,44.722130000250026],[-73.333699999402029,44.722480000133217],[-73.333720000191676,44.722700000350798],[-73.333839999771016,44.722760000284843],[-73.334060000228902,44.722769999831016],[-73.334180000189889,44.722699999634841],[-73.33419999950614,44.721999999762637],[-73.334120000250948,44.721870000279907],[-73.333980000002029,44.72185000001322]]],[[[-73.290156599633832,44.710146500255071],[-73.288388487347703,44.710411349102209],[-73.287865176588241,44.711101000447016],[-73.287080812196194,44.711959469319147],[-73.286178699940038,44.712664549260815],[-73.285635499748778,44.712980345426608],[-73.285422918265198,44.713224364728283],[-73.28497793351417,44.714006305631806],[-73.284835721996203,44.714724057992228],[-73.285071184843204,44.715497891165406],[-73.285120370302565,44.716255966565264],[-73.28548940670801,44.716461190832753],[-73.285731401945185,44.71666735193962],[-73.286207813356185,44.717348832568113],[-73.286740553124957,44.717615004928078],[-73.286835800318983,44.717118799610034],[-73.289220900452037,44.716818600310631],[-73.28920930013966,44.716870400033464],[-73.286905599851508,44.717159299617848],[-73.286811137069094,44.717651692972687],[-73.287157334542883,44.717895351260935],[-73.287412585024526,44.718203653297216],[-73.287572176653299,44.718643427883173],[-73.287577042031401,44.719001414806868],[-73.287029536366802,44.720619344936921],[-73.287068862868637,44.721010239677845],[-73.286949928344526,44.721454845377778],[-73.285788326464569,44.723178441029283],[-73.290234181600582,44.72278981897766],[-73.290309065222843,44.722326209094966],[-73.291743730780141,44.717181877311049],[-73.296381189448368,44.716877952323493],[-73.297631599776722,44.714234299561532],[-73.291001799864887,44.711234899791521],[-73.290684099392266,44.711003000077383],[-73.290429299948727,44.71071459975051],[-73.290156599633832,44.710146500255071]]],[[[-73.342856639604634,44.709773101972715],[-73.342352921898765,44.711719215753831],[-73.342649018600582,44.711300250866415],[-73.34282780492066,44.710895637969344],[-73.342906929214067,44.709887784252921],[-73.342856639604634,44.709773101972715]]],[[[-73.310223000310657,44.702622700368259],[-73.306423977238694,44.703032432058876],[-73.306998675399043,44.70649215163737],[-73.300997576572783,44.707222921083464],[-73.300347041555938,44.708674872253987],[-73.300118115902961,44.709174826724521],[-73.297037800149212,44.716009700279209],[-73.296370469725616,44.717269521557611],[-73.30176196393505,44.71787667878607],[-73.300191909920187,44.721814064307416],[-73.306301200086239,44.721248799681725],[-73.309698299650989,44.72087620016908],[-73.310351500312876,44.717514199791694],[-73.310766800222453,44.716672000006547],[-73.311082899649989,44.716274300416288],[-73.311504000427448,44.71586720031388],[-73.312220399440378,44.715422599965876],[-73.31249419991758,44.714941299603538],[-73.31178360013574,44.711922900130531],[-73.311062628739563,44.707674702680016],[-73.311011461535486,44.707354540566669],[-73.310223000310657,44.702622700368259]]],[[[-73.291009399441535,44.702084999888541],[-73.289121884529763,44.702243290213318],[-73.288852502376372,44.70279379463144],[-73.291043996423284,44.702630343889233],[-73.291102599547898,44.702625199913427],[-73.291091168711972,44.702559692686663],[-73.291009399441535,44.702084999888541]]],[[[-73.29173250028235,44.702018900413677],[-73.291132100501173,44.702073099931837],[-73.291197132915627,44.702488328193063],[-73.291229799440984,44.702696900112223],[-73.290985150551705,44.70271847930384],[-73.289038300046656,44.702890200001477],[-73.288805963078801,44.702873175969977],[-73.288206322000462,44.703503665878408],[-73.287755737480566,44.704094686595134],[-73.287248998924284,44.704527459037344],[-73.286900043811954,44.704938778029522],[-73.285278041263098,44.706493972389865],[-73.285179409442392,44.706580186146134],[-73.285304650628774,44.706500668328502],[-73.285768787568784,44.706122915941904],[-73.28629760176581,44.705883327758052],[-73.286906336682009,44.705777673570836],[-73.287618325635719,44.70583553142793],[-73.288087826619204,44.70597437928776],[-73.288540953520737,44.706228328827365],[-73.288957398403639,44.706715253994346],[-73.289126684538758,44.707513064284782],[-73.289030627471874,44.707954574188975],[-73.288666689674272,44.708490628598959],[-73.288644263965111,44.708847399811326],[-73.288740855634487,44.709518021454144],[-73.288481754229423,44.710257238183246],[-73.290127700140559,44.710010700438502],[-73.290123300504632,44.70939220033474],[-73.291358146985914,44.703739263062758],[-73.291691775096211,44.702205506624992],[-73.29173250028235,44.702018900413677]]],[[[-73.344792000352371,44.701842600083253],[-73.344770699388292,44.701989800398955],[-73.345699500334462,44.702310900344202],[-73.346106972724698,44.702390612720514],[-73.346307243542952,44.701945895638119],[-73.345791900415591,44.702009699807093],[-73.345370199590718,44.701975700012902],[-73.344792000352371,44.701842600083253]]],[[[-73.29187450039764,44.701367599614059],[-73.289422099467046,44.701583005101583],[-73.289170211038922,44.702156397428695],[-73.291750999843927,44.70193440009794],[-73.29187450039764,44.701367599614059]]],[[[-73.329538300294672,44.700938900005944],[-73.327371899869448,44.701067699642913],[-73.327357100192771,44.700976699863695],[-73.315152545308507,44.702081269137636],[-73.314263788965988,44.702157715287711],[-73.310412199605778,44.702596299876475],[-73.31118097646798,44.707203850728298],[-73.311242617428775,44.707590161859422],[-73.311931100372476,44.711647299961029],[-73.312722199823,44.715022500364007],[-73.312625099551056,44.715308500283506],[-73.31237879979416,44.715530300159642],[-73.311825500522033,44.715840800437093],[-73.311234099879997,44.71635959969548],[-73.310940800243401,44.716728400113801],[-73.310535899617363,44.717549600240673],[-73.309899999759793,44.720821000398317],[-73.318898434667517,44.719877515009607],[-73.319485995095079,44.719813980114452],[-73.325063200623546,44.719161300052825],[-73.326756699805443,44.714380799976681],[-73.327150200183041,44.713084800005518],[-73.328139100286364,44.707789999835214],[-73.329538300294672,44.700938900005944]]],[[[-73.293041400261245,44.700779800244],[-73.292921400528243,44.701321599804551],[-73.293612435579931,44.701399416064255],[-73.294361313852789,44.701483755124627],[-73.296796100339193,44.701757999993767],[-73.296916099986589,44.70121610011811],[-73.29524326142365,44.701027779371827],[-73.294334893904946,44.700925454023562],[-73.293041400261245,44.700779800244]]],[[[-73.292962199407199,44.700619300289873],[-73.292217300376038,44.700688200021041],[-73.291897584753812,44.702154703360684],[-73.291688699640133,44.7031122998143],[-73.292387949660792,44.703190094404434],[-73.292580653822952,44.702349693707646],[-73.29267481285396,44.70192279642739],[-73.292962199407199,44.700619300289873]]],[[[-73.335303299917271,44.700555900119085],[-73.329733999929317,44.700925399693915],[-73.328327399431089,44.707810300438396],[-73.327440099826362,44.712673299676723],[-73.327136599451364,44.713888999759746],[-73.326647500394046,44.715409000337374],[-73.327790800083136,44.715334599740274],[-73.333254900495106,44.714764700414158],[-73.341553933720633,44.713836699342814],[-73.34165850798172,44.713155581169033],[-73.342021085254046,44.712327626806776],[-73.342769243440372,44.709376514211222],[-73.342748316700309,44.708264831815562],[-73.342857638443078,44.707857556377739],[-73.343074283196401,44.707444242977004],[-73.343463270143815,44.706951490180707],[-73.344073418733544,44.706465262873444],[-73.344572363892155,44.705985235294939],[-73.345401296400212,44.704921447116334],[-73.345702399669392,44.704640705317836],[-73.344194799631865,44.704060599683551],[-73.344158899862876,44.703012100162525],[-73.344356499795168,44.702604000262532],[-73.344424599754831,44.702617700027268],[-73.344228100012302,44.703020899996083],[-73.344264299467966,44.703857100267186],[-73.345162199396086,44.703963200402669],[-73.346166397572063,44.704275587027354],[-73.346210902072471,44.704242345733654],[-73.346042125494279,44.703882209233129],[-73.34597732378495,44.703424435892771],[-73.345972184465339,44.70306749558334],[-73.346072540312448,44.702535967647101],[-73.345631500308031,44.702444300026215],[-73.343841400452035,44.701857200004746],[-73.340430200619579,44.70158609968987],[-73.339456399371983,44.701440999756123],[-73.338685699510506,44.701266400288169],[-73.337045299781039,44.700649799984433],[-73.335326599769772,44.700618199725533],[-73.335303299917271,44.700555900119085]]],[[[-73.293179399590286,44.700156600001719],[-73.293059399931181,44.700698499654735],[-73.294449157415698,44.700855009669624],[-73.295345256986224,44.700955950895043],[-73.296933999847795,44.701134900411624],[-73.297053999524522,44.700593000333043],[-73.295985694860931,44.700472709042586],[-73.295122275411643,44.700375477916332],[-73.293179399590286,44.700156600001719]]],[[[-73.290560828673136,44.699564851198552],[-73.28981289960025,44.700585099312754],[-73.289597629544971,44.700979308278754],[-73.289455622961896,44.701497693965976],[-73.291892999570393,44.701283100168482],[-73.292192000501174,44.699912000436839],[-73.290560828673136,44.699564851198552]]],[[[-73.293317399949089,44.69953350030908],[-73.29319740026196,44.700075400165126],[-73.295208424219993,44.700301860172551],[-73.296056735402303,44.700397421339204],[-73.297071999836021,44.700511700005016],[-73.297191899980604,44.699969900308552],[-73.296637987124171,44.699907535729125],[-73.295923666779316,44.699827088722913],[-73.293317399949089,44.69953350030908]]],[[[-73.292509094376911,44.697345405164342],[-73.290938056787937,44.698249364570799],[-73.29086759555733,44.698921193790717],[-73.290591851053307,44.69951421080394],[-73.292203899875318,44.699857299571342],[-73.29274350032594,44.697394100411316],[-73.292509094376911,44.697345405164342]]],[[[-73.292802522816217,44.697149272844086],[-73.29257637063337,44.697302294156444],[-73.292756500472549,44.697339699593336],[-73.292802522816217,44.697149272844086]]],[[[-73.293197780765709,44.696796980869451],[-73.293040093769676,44.69695662516078],[-73.29223589947749,44.700603400146484],[-73.292980799922191,44.700534500283375],[-73.293790399896309,44.696864200143025],[-73.293197780765709,44.696796980869451]]],[[[-73.294119200383122,44.693143300040177],[-73.293545839573213,44.693206895761904],[-73.293520698138437,44.693406345259049],[-73.293871452536663,44.693868511572212],[-73.294119200383122,44.693143300040177]]],[[[-73.294844299581456,44.693101999964576],[-73.294312300436204,44.693157000058484],[-73.293960579318878,44.694187269941118],[-73.293989122345835,44.694522032329331],[-73.293839298062252,44.695192936099531],[-73.29368300740343,44.695542836423151],[-73.293494588209441,44.696279106576327],[-73.293257807808885,44.696720534875865],[-73.294279399698837,44.696836699617663],[-73.294652699690886,44.695152099701495],[-73.294448899628776,44.695129300096553],[-73.294844299581456,44.693101999964576]]],[[[-73.307860300163298,44.691871299875515],[-73.302897000613612,44.692267999783809],[-73.294960099985218,44.693089999921888],[-73.294936300279446,44.69322559970859],[-73.299499200307451,44.693739800299007],[-73.299484399568755,44.693816499950806],[-73.294909000335295,44.693303900331813],[-73.294806899739257,44.693856500212547],[-73.299381199666755,44.694367800389173],[-73.299365399817674,44.69445259992122],[-73.294827799494669,44.69394520039625],[-73.294720000225922,44.694431899633038],[-73.299277999862738,44.694945199933052],[-73.299260000461217,44.69502649977975],[-73.294702100577624,44.694513199875182],[-73.294582099441868,44.695054999971653],[-73.299140000472704,44.695568300103517],[-73.299122199584289,44.695649199869663],[-73.294766699794295,44.695164799674359],[-73.294656000549665,44.695668799941373],[-73.298086500132271,44.696052200363717],[-73.298068700612987,44.696133500410419],[-73.294638100454847,44.695750100159309],[-73.2945274003104,44.696254100257427],[-73.297709600410798,44.696609699563631],[-73.297689500260347,44.696701299806392],[-73.294504100360953,44.696345400039213],[-73.294393400513428,44.69684939995399],[-73.298802904905031,44.697342078345891],[-73.298809224371382,44.697342783769443],[-73.299294100121656,44.697396999904676],[-73.299371800014796,44.697486899886123],[-73.298900860536932,44.697435276426923],[-73.298713926540088,44.697414806116818],[-73.293899300453688,44.696883700160754],[-73.293746199846481,44.697594000150929],[-73.298004499940518,44.69806411855604],[-73.298605891238026,44.698129951149802],[-73.299218800060515,44.698197100234701],[-73.299201100592555,44.698280099660508],[-73.298536034666711,44.698205293382763],[-73.2979356764491,44.698137655180382],[-73.293731300430522,44.697664099740784],[-73.293611299396673,44.698206000214583],[-73.297448338038592,44.69863817488924],[-73.298061488184985,44.69870716701373],[-73.299081199860908,44.698821999715243],[-73.299063200332881,44.698903300377602],[-73.297997595307422,44.698783307751732],[-73.29737404325877,44.698713067743448],[-73.293593399628776,44.698287300231293],[-73.293473399770505,44.698829099704092],[-73.296775674680234,44.699201082418995],[-73.297481155612772,44.699280469042037],[-73.298943299519735,44.699445100340164],[-73.298925299605216,44.699526400074916],[-73.297391068837328,44.699353671452727],[-73.296678839604908,44.699273476435351],[-73.293455999380967,44.698910499710742],[-73.293335400132008,44.699452199655397],[-73.296032243276912,44.699755999374865],[-73.296715302556947,44.699832924665778],[-73.298805400196343,44.70006829971522],[-73.298787399808347,44.700149500432637],[-73.297419900428949,44.699995600114036],[-73.29729990015862,44.700537399846276],[-73.298667399485524,44.700691399676181],[-73.298649400096679,44.70077270024634],[-73.297281900159149,44.700618700207627],[-73.297221899678647,44.700889599996799],[-73.297161999601215,44.701160499940933],[-73.298529499374879,44.701314499600429],[-73.298511499611905,44.70139580014277],[-73.297144000489283,44.701241800265656],[-73.297024000398267,44.701783700381185],[-73.298391600194876,44.701937600185055],[-73.298373600045437,44.70201889979981],[-73.294249202429356,44.701554442690359],[-73.293444534456384,44.701463812283478],[-73.292903400483951,44.701402900366013],[-73.292805818176404,44.701843483187673],[-73.292783399517489,44.701944699732323],[-73.293811020139572,44.702060465828559],[-73.298253599834553,44.702560800234139],[-73.298235600461624,44.702641999922953],[-73.293391836849494,44.702096530619883],[-73.292765400360551,44.702026000257185],[-73.292707695322861,44.702286539000625],[-73.292645399434463,44.702567800320296],[-73.298115699966374,44.703183900357523],[-73.298097700330189,44.703265199907854],[-73.29262739989089,44.702649099917487],[-73.292567399713107,44.702919999867703],[-73.292507400355646,44.703190999658254],[-73.297977799754676,44.703807000250293],[-73.297959799744334,44.703888299772842],[-73.292495290117259,44.703285299864547],[-73.291670900395658,44.703193499774521],[-73.291553082798856,44.703736425434087],[-73.290297000422001,44.709558900012389],[-73.290316900117688,44.709985900009663],[-73.290502999738678,44.710497999701026],[-73.29071290008865,44.710794700156853],[-73.291119000596012,44.711127799626041],[-73.297691099485334,44.71410060022837],[-73.29991041961604,44.709186595572213],[-73.300157534073819,44.70864696663439],[-73.300784414545546,44.707248878248265],[-73.299729972573658,44.707377279922774],[-73.301807694371902,44.702116613853221],[-73.303069319826633,44.702107748985838],[-73.306857899993929,44.693660799840728],[-73.307860300163298,44.691871299875515]]],[[[-73.348171687365053,44.691782471577447],[-73.348399099375527,44.693387099807325],[-73.348341199529656,44.698440599703048],[-73.347963416583582,44.700424074218589],[-73.34864172980069,44.700130982104412],[-73.349272858993487,44.700008851017849],[-73.349734665205304,44.699974861983428],[-73.349818968571839,44.699380521823137],[-73.350079571437163,44.698450194088501],[-73.350277967605734,44.698057177319335],[-73.350672634662672,44.69760080871648],[-73.350728768391605,44.697213190999719],[-73.350669059517386,44.696759921917895],[-73.350716761343477,44.696441708759906],[-73.350555255313637,44.695217607988383],[-73.350211878949096,44.693873146866608],[-73.349713788540157,44.693107270696657],[-73.348171687365053,44.691782471577447]]],[[[-73.29481796677139,44.689980576084366],[-73.292724068790292,44.690922433452911],[-73.293164287849365,44.691356720935033],[-73.293444394608684,44.691868498404418],[-73.29351474663747,44.692222971115946],[-73.293439784138641,44.692665896157436],[-73.293545042093328,44.693137600848026],[-73.294143699499273,44.693071199678684],[-73.294729299862865,44.691354800254004],[-73.29481796677139,44.689980576084366]]],[[[-73.332264669557944,44.689710247620063],[-73.330438999942956,44.689993199589743],[-73.330855600247176,44.695459400422969],[-73.329791199774718,44.700674600014416],[-73.331068400077498,44.70062109998694],[-73.331354200004483,44.70052630013798],[-73.335901900404522,44.700272500009611],[-73.336531500533738,44.700374299849543],[-73.338987599512265,44.701035500042622],[-73.34047439984802,44.701318799609872],[-73.342923799948451,44.701523900243004],[-73.346512735783804,44.70165638220822],[-73.347122395781767,44.700948011358804],[-73.347632594848861,44.700610676283048],[-73.348152099699703,44.698166200314823],[-73.348066400441724,44.697713500030318],[-73.348052499914061,44.694862899609966],[-73.347904499735677,44.692908400361667],[-73.347680498135901,44.691361873748541],[-73.347178369341421,44.690883288067305],[-73.341100505141512,44.69134493111315],[-73.341284841295163,44.692685849440345],[-73.335395986053712,44.693161989229942],[-73.335686889373946,44.694641371889652],[-73.334618569163496,44.694732847574095],[-73.333442405831676,44.694920155367505],[-73.332264669557944,44.689710247620063]]],[[[-73.336294598413005,44.688836951945788],[-73.336164499548474,44.688889999650002],[-73.33499871004409,44.689134796215654],[-73.33611823152556,44.688925468311766],[-73.336294598413005,44.688836951945788]]],[[[-73.323184899596626,44.686851500175202],[-73.315761600249445,44.68728460025558],[-73.310744899511803,44.687794800087225],[-73.308639874225818,44.690992610760262],[-73.309432057207488,44.690937510696216],[-73.309411175269091,44.69112975406658],[-73.309383043823772,44.691388722435363],[-73.309175937891567,44.691403127222557],[-73.308336023713736,44.691461542976896],[-73.307807851943949,44.69228454175984],[-73.307649055505465,44.692551945411317],[-73.30649139979937,44.694897199796742],[-73.303270722018752,44.702104501215267],[-73.306257706988134,44.702031477834751],[-73.306401345149794,44.702896186983168],[-73.314031283635401,44.702039854762077],[-73.315275147406624,44.701932582672136],[-73.326201700396197,44.700952000090943],[-73.326636999443792,44.700906799876854],[-73.326630700403001,44.7008729998145],[-73.327610600322089,44.70079219997119],[-73.327623400059394,44.700845800408878],[-73.328089700535259,44.7008123001035],[-73.328368600111034,44.700722599967179],[-73.329591700065123,44.700668099607391],[-73.330655000064368,44.695505200155203],[-73.330194799528371,44.689325600108191],[-73.329995300557968,44.68881259967489],[-73.329785400070776,44.688552800168395],[-73.329484299644406,44.688359899921494],[-73.32815879986255,44.687953200236166],[-73.327094600384328,44.68769070018223],[-73.325177400252528,44.687365300231541],[-73.324045899404496,44.687008100279471],[-73.323184899596626,44.686851500175202]]],[[[-73.34732925957222,44.686254018750958],[-73.347313291048835,44.686761778322179],[-73.347512350641225,44.686663815222275],[-73.34732925957222,44.686254018750958]]],[[[-73.295039841475983,44.684754269062843],[-73.295015852559146,44.684769368332731],[-73.294807783149551,44.686688292155154],[-73.295039841475983,44.684754269062843]]],[[[-73.315691512462351,44.680197639733599],[-73.298303374516905,44.681740092383414],[-73.298043363706739,44.681977511665714],[-73.297085695182403,44.682598204941364],[-73.295675541446855,44.68426715858795],[-73.29524918717037,44.684615083268582],[-73.295007019277833,44.686672031590575],[-73.298963268317706,44.686356981432787],[-73.299118056494919,44.686048376382409],[-73.300928111318214,44.685871202000811],[-73.301331614896455,44.68878247965376],[-73.307772924841146,44.688151751935635],[-73.307888298100764,44.688732357976825],[-73.310047626979269,44.688506205099038],[-73.315691512462351,44.680197639733599]]],[[[-73.303280000169792,44.684589999595985],[-73.302799999860326,44.684640000282457],[-73.30236999982472,44.684839999845117],[-73.302319999679582,44.685010000156453],[-73.303199999704745,44.684939999668998],[-73.303950000598164,44.684820000417744],[-73.303899999929214,44.684709999582651],[-73.303749999893341,44.684630000153653],[-73.303379999955609,44.684630000162826],[-73.303280000169792,44.684589999595985]]],[[[-73.346794199818078,44.67749990006341],[-73.33837685987281,44.67819496975293],[-73.316012421054594,44.680169338745763],[-73.314259699406222,44.682617999644641],[-73.310850800252254,44.687644499743058],[-73.315726900086645,44.687146599842876],[-73.322840899459621,44.686692800304471],[-73.323723599706042,44.686776600083398],[-73.325207800567696,44.68722900018475],[-73.327269400290589,44.687578599861958],[-73.327582600401584,44.686606700172639],[-73.326869099663455,44.682816399935867],[-73.326110400374631,44.682890699968262],[-73.32611090031061,44.682793899810001],[-73.326981500478311,44.682704599660674],[-73.32770310059,44.686490999734588],[-73.327678300367936,44.686857200326635],[-73.327397699843672,44.687602599785826],[-73.329291800367713,44.688127499635733],[-73.329943299477392,44.688449799702141],[-73.330182499939326,44.688747200275159],[-73.330372200510467,44.689183899622584],[-73.330429300421883,44.689862400300335],[-73.332220200176593,44.689573599556049],[-73.335908199799277,44.688803100444275],[-73.33633870042334,44.68865869998217],[-73.336882000516567,44.688388500414334],[-73.339804900315997,44.687529699575649],[-73.34041389984165,44.687394300146899],[-73.347075999587119,44.686829900066513],[-73.347119500229411,44.685886801201654],[-73.346812176045248,44.685002537912929],[-73.34681899876864,44.684543812174752],[-73.346966484577621,44.684114116577703],[-73.346900190277296,44.683738774570607],[-73.346348367206346,44.682381026791958],[-73.346205680835837,44.681657385218394],[-73.346202725815687,44.681206058803788],[-73.346248744777029,44.680823427973252],[-73.346448123874907,44.680022582639872],[-73.346686282849575,44.679538266906661],[-73.34675301670832,44.678986238870579],[-73.34692513528573,44.678540013326703],[-73.346794199818078,44.67749990006341]]],[[[-73.345180000405463,44.681129999772679],[-73.345070000440259,44.681240000391043],[-73.345099999568049,44.681330000187103],[-73.344835402747748,44.681443851448229],[-73.344710000075324,44.681460000230707],[-73.344719002978565,44.681548144116562],[-73.344900000117988,44.681700000246529],[-73.345150000239954,44.681649999578013],[-73.345530000068138,44.681270000344313],[-73.345519999462709,44.681159999591507],[-73.345180000405463,44.681129999772679]]],[[[-73.347203791843029,44.677470530720001],[-73.346984800131281,44.677486200076999],[-73.347069055449609,44.677981610814889],[-73.347191259571545,44.677687498628863],[-73.347203791843029,44.677470530720001]]],[[[-73.346779881409887,44.677451894093338],[-73.338590573153425,44.678176071877616],[-73.346795899601361,44.677498399900607],[-73.346779881409887,44.677451894093338]]],[[[-73.34904833486398,44.677251385980313],[-73.346976410174136,44.67743451540678],[-73.346986500103199,44.67748479980051],[-73.347203971076937,44.677469241612407],[-73.347214260576465,44.67741359374623],[-73.34904833486398,44.677251385980313]]]]},"properties":{"OBJECTID":5,"OBJECTID_1":154,"Jurisdiction_District_Name":"Grand Isle Rural Residential/Agricultural","County":"Grand Isle","Jurisdiction":"Grand Isle ","Abbreviated_District_Name":"Rra","District_Name":"Rural Residential/Agricultural","District_Mapped":"Yes","Overlay_District":"No","Extinct_District":null,"District_Type":"Mixed with Residential","Affordable_Housing_District":"No","Elderly_Housing_District":"No","F1F_Allowance":"Permitted","F2F_Allowance":"Permitted","F3F_Allowance":"Public Hearing","F4F_Allowance":"Public Hearing","F5F_Allowance":null,"ADU_Allowance":"Public Hearing","Affordable_Housing_Allowance":"Not Mentioned","PRD_Allowance":"Public Hearing","NOTES":"None","F1F_Min_Lot":1,"F1F_Front_Setback":40,"F1F_Side_Setback":25,"F1F_Rear_Setback":25,"F1F_Frontage":150,"F1F_Max_Lot_Building_Coverage":null,"F1F_Max_Lot_Impervious_Coverage":null,"F1F_Min_Parking_Spaces":2,"F1F_Max_Stories":null,"F1F_Max_Height":35,"F1F_Floor_to_Area_Ratio":null,"F1F_Min_Unit_Size":null,"F2F_Affordable_Housing_Only":"No","F2F_Elderly_Housing_Only":"No","F2F_Min_Lot_Size":1,"F2F_Max_Density":null,"F2F_Front_Setback":40,"F2F_Side_Setback":25,"F2F_Rear_Setback":25,"F2F_Frontage":150,"F2F_Max_Lot_Building_Coverage":null,"F2F_Max_Lot_Impervious_Coverage":null,"F2F_Min_Parking_Spaces_per_1BR":2,"F2F_Min_Parking_Spaces_per_mult_BR":2,"F2F_Max_Stories":null,"F2F_Max_Height":35,"F2F_Floor_to_Area_Ratio":null,"F2F_Min_Unit_Size":null,"F3F_Affordable_Housing_Only":"No","F3F_Elderly_Housing_Only":"No","F3F_Min_Lot_Size":1,"F3F_Max_Density":null,"F3F_Front_Setback":40,"F3F_Side_Setback":25,"F3F_Rear_Setback":25,"F3F_Frontage":150,"F3F_Max_Lot_Building_Coverage":null,"F3F_Max_Lot_Impervious_Coverage":null,"F3F_Min_Parking_Spaces_per_1BR":2,"F3F_Min_Parking_Spaces_per_mult_BR":2,"F3F_Connection_to_Sewage_Water_Required":"No","F3F_Proximity_to_Public_Transit_Required":"No","F3F_Max_Stories":null,"F3F_Max_Height":35,"F3F_Floor_to_Area_Ratio":null,"F3F_Min_Unit_Size":null,"F3F_Max_Bedrooms":null,"F4F_Affordable_Housing_Only":"No","F4F_Elderly_Housing_Only":"No","F4F_Min_Lot_Size":1,"F4F_Max_Density":null,"F4F_Front_Setback":40,"F4F_Side_Setback":25,"F4F_Rear_Setback":25,"F4F_Frontage":150,"F4F_Max_Lot_Building_Coverage":null,"F4F_Max_Lot_Impervious_Coverage":null,"F4F_Min_Parking_Spaces_per_1BR":2,"F4F_Min_Parking_Spaces_per__mult_BR":2,"F4F_Connection_to_Sewage_Water_Required":"No","F4F_Proximity_to_Public_Transit_Required":"No","F4F_Max_Stories":null,"F4F_Max_Height":35,"F4F_Floor_to_Area_Ratio":null,"F4F_Min_Unit_Size":null,"F4F_Max_Bedrooms":null,"F4F_Max_Units_per_Building":null,"F5F_Affordable_Housing_Only":"F","F5F_Elderly_Housing_Only":"F","F5F_Min_Lot_Size":1,"F5F_Max_Density":null,"F5F_Front_Setback":40,"F5F_Side_Setback":25,"F5F_Rear_Setback":25,"F5F_Frontage":150,"F5F_Max_Lot_Building_Coverage":null,"F5F_Max__Lot_Impervious_Coverage":null,"F5F_Min_Parking_Spaces_per_1BR":2,"F5F_Min_Parking_Spaces_per_mult_BR":2,"F5F_Connection_to_Sewage_Water_Required":"F","F5F_Proximity_to_Public_Transit_Required":"F","F5F_Max_Stories":null,"F5F_Max_Height":35,"F5F_Floor_to_Area_Ratio":null,"F5F_Min_Unit_Size":null,"F5F_Max_Bedrooms":null,"F5F_Max_Units_per_Building":null,"Affordable_Housing_Definition":null,"Affordable_Housing_Elderly_Only":"No","Affordable_Housing_Min_Lot_Size":null,"Affordable_Housing_Max_Density":null,"Affordable_Housing_Min_Parking_Spaces_per_1BR":null,"Affordable_Housing_Min_Parking_Spaces_per_mult_BR":null,"Affordable_Housing_Min_Unit_Size":null,"Affordable_Housing_Max_Bedrooms":null,"Affordable_Housing_Max_Units_per_Building":null,"ADU_Employee_or_Family_Occupancy_Required":"No","ADU_Renter_Occupancy_Prohibited":"No","ADU_Owner_Occupancy_Required":"Yes","ADU_Elderly_Housing_Only":"No","ADU_Min_Lot_Size":null,"ADU_Min_Parking_Spaces":2,"ADU_Restricted_to_Primary_Structure":"No","ADU_Max_Size_as_Percent_of_Primary_Strcture":30,"ADU_Max_Size_in_sq_ft":null,"ADU_Max_Bedrooms":1,"PRD_Mobile_or_Manufactured_Home_Park":"Yes","PRD_Min_Lot_Size":null,"PRD_Max_Density":null,"PRD_Max_Units":null,"PUD_Required_with_Subdivision":"F","PUD_Threshold_Number":null,"PUD_Allowance":"Yes","PUD_Requires_Land_Conservation":"F","Base_Density":null,"CONDITIONAL_1F_Min_Lot":null,"CONDITIONAL_1F_Front_Setback":null,"CONDITIONAL_1F_Side_Setback":null,"CONDITIONAL_1F_Rear_Setback":null,"CONDITIONAL_1F_Frontage":null,"CONDITIONAL_1F_Max_Lot_Building_Coverage":null,"CONDITIONAL_1F_Max_Lot_Impervious_Coverage":null,"CONDITIONAL_1F_Min_Parking_Spaces":null,"CONDITIONAL_1F_Max_Stories":null,"CONDITIONAL_1F_Max_Height":null,"CONDITIONAL_1F_Floor_to_Area_Ratio":null,"CONDITIONAL_1F_Min_Unit_Size":null,"CONDITIONAL_2F_Affordable_Housing_Only":null,"CONDITIONAL_2F_Elderly_Housing_Only":null,"CONDITIONAL_2F_Min_Lot_Size":null,"CONDITIONAL_2F_Max_Density":null,"CONDITIONAL_2F_Front_Setback":null,"CONDITIONAL_2F_Side_Setback":null,"CONDITIONAL_2F_Rear_Setback":null,"CONDITIONAL_2F_Frontage":null,"CONDITIONAL_2F_Max_Lot_Building_Coverage":null,"CONDITIONAL_2F_Max_Lot_Impervious_Coverage":null,"CONDITIONAL_2F_Min_Parking_Spaces_per_1BR":null,"CONDITIONAL_2F_Min_Parking_Spaces_per_mult_BR":null,"CONDITIONAL_2F_Max_Stories":null,"CONDITIONAL_2F_Max_Height":null,"CONDITIONAL_2F_Floor_to_Area_Ratio":null,"CONDITIONAL_2F_Min_Unit_Size":null,"CONDITIONAL_3F_Affordable_Housing_Only":null,"CONDITIONAL_3F_Elderly_Housing_Only":null,"CONDITIONAL_3F_Min_Lot_Size":null,"CONDITIONAL_3F_Max_Density":null,"CONDITIONAL_3F_Front_Setback":null,"CONDITIONAL_3F_Side_Setback":null,"CONDITIONAL_3F_Rear_Setback":null,"CONDITIONAL_3F_Frontage":null,"CONDITIONAL_3F_Max_Lot_Building_Coverage":null,"CONDITIONAL_3F_Max_Lot_Impervious_Coverage":null,"CONDITIONAL_3F_Min_Parking_Spaces_per_1BR":null,"CONDITIONAL_3F_Min_Parking_Spaces_per_mult_BR":null,"CONDITIONAL_3F_Connection_to_Sewage_Water_Required":null,"CONDITIONAL_3F_Proximity_to_Public_Transit_Required":null,"CONDITIONAL_3F_Max_Stories":null,"CONDITIONAL_3F_Max_Height":null,"CONDITIONAL_3F_Floor_to_Area_Ratio":null,"CONDITIONAL_3F_Min_Unit_Size":null,"CONDITIONAL_3F_Max_Bedrooms":null,"CONDITIONAL_4F_Affordable_Housing_Only":null,"CONDITIONAL_4F_Elderly_Housing_Only":null,"CONDITIONAL_4F_Min_Lot_Size":null,"CONDITIONAL_4F_Max_Density":null,"CONDITIONAL_4F_Front_Setback":null,"CONDITIONAL_4F_Side_Setback":null,"CONDITIONAL_4F_Rear_Setback":null,"CONDITIONAL_4F_Frontage":null,"CONDITIONAL_4F_Max_Lot_Building_Coverage":null,"CONDITIONAL_4F_Max_Lot_Impervious_Coverage":null,"CONDITIONAL_4F_Min_Parking_Spaces_per_1BR":null,"CONDITIONAL_4F_Min_Parking_Spaces_per__mult_BR":null,"CONDITIONAL_4F_Connection_to_Sewage_Water_Required":null,"CONDITIONAL_4F_Proximity_to_Public_Transit_Required":null,"CONDITIONAL_4F_Max_Stories":null,"CONDITIONAL_4F_Max_Height":null,"CONDITIONAL_4F_Floor_to_Area_Ratio":null,"CONDITIONAL_4F_Min_Unit_Size":null,"CONDITIONAL_4F_Max_Bedrooms":null,"CONDITIONAL_4F_Max_Units_per_Building":null,"CONDITIONAL_5F_Affordable_Housing_Only":null,"CONDITIONAL_5F_Elderly_Housing_Only":null,"CONDITIONAL_5F_Min_Lot_Size":null,"CONDITIONAL_5F_Max_Density":null,"CONDITIONAL_5F_Front_Setback":null,"CONDITIONAL_5F_Side_Setback":null,"CONDITIONAL_5F_Rear_Setback":null,"CONDITIONAL_5F_Frontage":null,"CONDITIONAL_5F_Max_Lot_Building_Coverage":null,"CONDITIONAL_5F_Max__Lot_Impervious_Coverage":null,"CONDITIONAL_5F_Min_Parking_Spaces_per_1BR":null,"CONDITIONAL_5F_Min_Parking_Spaces_per_mult_BR":null,"CONDITIONAL_5F_Connection_to_Sewage_Water_Required":null,"CONDITIONAL_5F_Proximity_to_Public_Transit_Required":null,"CONDITIONAL_5F_Max_Stories":null,"CONDITIONAL_5F_Max_Height":null,"CONDITIONAL_5F_Floor_to_Area_Ratio":null,"CONDITIONAL_5F_Min_Unit_Size":null,"CONDITIONAL_5F_Max_Bedrooms":null,"CONDITIONAL_5F_Max_Units_per_Building":null,"CONDITIONAL_Affordable_Housing_Definition":null,"CONDITIONAL_Affordable_Housing_Elderly_Only":null,"CONDITIONAL_Affordable_Housing_Min_Lot_Size":null,"CONDITIONAL_Affordable_Housing_Max_Density":null,"CONDITIONAL_Affordable_Housing_Min_Parking_Spaces_per_1BR":null,"CONDITIONAL_Affordable_Housing_Min_Parking_Spaces_per_mult_BR":null,"CONDITIONAL_Affordable_Housing_Min_Unit_Size":null,"CONDITIONAL_Affordable_Housing_Max_Bedrooms":null,"CONDITIONAL_Affordable_Housing_Max_Units_per_Building":null,"CONDITIONAL_ADU_Employee_or_Family_Occupancy_Required":null,"CONDITIONAL_ADU_Renter_Occupancy_Prohibited":null,"CONDITIONAL_ADU_Owner_Occupancy_Required":null,"CONDITIONAL_ADU_Elderly_Housing_Only":null,"CONDITIONAL_ADU_Min_Lot_Size":null,"CONDITIONAL_ADU_Min_Parking_Spaces":null,"CONDITIONAL_ADU_Restricted_to_Primary_Structure":null,"CONDITIONAL_ADU_Max_Size_as_Percent_of_Primary_Strcture":null,"CONDITIONAL_ADU_Max_Size_in_sq_ft":null,"CONDITIONAL_ADU_Max_Bedrooms":null,"CONDITIONAL_PRD_Mobile_or_Manufactured_Home_Park":null,"CONDITIONAL_PRD_Min_Lot_Size":null,"CONDITIONAL_PRD_Max_Density":null,"CONDITIONAL_PRD_Max_Units":null,"CONDITIONAL_PUD_Required_with_Subdivision":null,"CONDITIONAL_PUD_Threshold_Number":null,"CONDITIONAL_PUD_Allowance":null,"CONDITIONAL_PUD_Requires_Land_Conservation":null,"Bylaw_Date":"2024-02-22","RPC":"NWRPC","Version":1,"Acres":8390.0544191849749,"Shape_Length":149282.07875140416,"Shape_Area":33953398.049850963}},{"type":"Feature","id":6,"geometry":{"type":"MultiPolygon","coordinates":[[[[-73.343626599594501,44.746778799687156],[-73.343341219535944,44.746802490824017],[-73.343117099497562,44.747015399946555],[-73.342720769432589,44.747238406715141],[-73.341644832128424,44.748013144985968],[-73.341561002203221,44.748246278116831],[-73.341720215237316,44.748378663940812],[-73.34226720035663,44.748268400065491],[-73.343011599999329,44.747863000033391],[-73.34319059993598,44.747831600140387],[-73.343717799733582,44.747936899764937],[-73.344924000294725,44.747910500296321],[-73.344975600121728,44.747852899929796],[-73.344757199779764,44.747569900412728],[-73.34485199955229,44.747270099866185],[-73.344800199502501,44.747161699990443],[-73.34463310029561,44.747049500413283],[-73.343970399665537,44.746818400108424],[-73.343626599594501,44.746778799687156]]],[[[-73.245723599982767,44.688899200379289],[-73.244475303173942,44.68908417318049],[-73.244054752658357,44.689393112088474],[-73.243325499632746,44.690127599623864],[-73.24310574083492,44.690593135611863],[-73.242962099407677,44.690747300160197],[-73.243019999734571,44.690850000390931],[-73.243211099393989,44.690855900412913],[-73.243400100041256,44.691119299553151],[-73.243358259623903,44.691903677630933],[-73.242924638864139,44.693387699695386],[-73.242432500568952,44.693929399685338],[-73.242407299585224,44.694023699753849],[-73.242672699542211,44.694106699984388],[-73.242952700165276,44.694302600309996],[-73.243470699773027,44.694506399867116],[-73.244375999486991,44.695018299603227],[-73.244529999686492,44.69520000040108],[-73.244579314453873,44.695682743652071],[-73.244819999732215,44.69654999969201],[-73.244751522259875,44.697554566219111],[-73.244942117188316,44.698036948337297],[-73.244906300201336,44.698899300092165],[-73.244753099793698,44.699538999830366],[-73.244415600072855,44.700465099810188],[-73.244421100243798,44.70089490032673],[-73.244272600033383,44.701308899616279],[-73.244246199639221,44.702017100220921],[-73.244149132787953,44.702432841965916],[-73.243923671929196,44.703147913327349],[-73.24353600014723,44.703685599747672],[-73.24360999970699,44.703899999557045],[-73.243530368992182,44.704367182097947],[-73.243274092617511,44.704832304384546],[-73.24293489540959,44.705043670566241],[-73.243206600584614,44.705353000000017],[-73.24313609976258,44.705748299969656],[-73.243288999432224,44.705958600319939],[-73.243701799476923,44.70622879991501],[-73.243861200019069,44.706432500398449],[-73.244203099704961,44.707292600357526],[-73.244233100570867,44.707590099685902],[-73.244322100453971,44.70773839991331],[-73.245421000428621,44.707878400160553],[-73.245759999670312,44.707829999939577],[-73.246120000155415,44.707630000306303],[-73.2464000001264,44.707549999918918],[-73.247505599724164,44.707393700249511],[-73.25006570007217,44.707384499813891],[-73.250787248537563,44.707470741209633],[-73.249853096488863,44.707058899152493],[-73.24921389942574,44.706692900013053],[-73.24859880009241,44.706182300077302],[-73.24826270052408,44.705678799798996],[-73.248157700479098,44.705399600223885],[-73.248220200157675,44.705002799910893],[-73.248330599525175,44.704759500218465],[-73.248537299858754,44.704650400173435],[-73.248877300107722,44.70460770034633],[-73.249024099537635,44.704256299760047],[-73.249397700609848,44.703890000435521],[-73.249396341612552,44.703780265222456],[-73.24922330048112,44.703567800441611],[-73.249079999521356,44.703079999741398],[-73.249144699410351,44.701870300021973],[-73.249056800016675,44.700927499627241],[-73.249362900354527,44.697865200033171],[-73.249739499442569,44.696292699635634],[-73.249736000578693,44.69601970008388],[-73.249904300025648,44.695745499647757],[-73.249479999788633,44.694780000177673],[-73.249534900281105,44.693751900354741],[-73.249280000441772,44.69219000015655],[-73.249249999568718,44.690433274690818],[-73.248941097674319,44.689359959704362],[-73.249006862964407,44.689195566021517],[-73.24869739941181,44.689122300414574],[-73.248558162954268,44.688924783192057],[-73.248364278646207,44.688926035876015],[-73.248289695764768,44.688975560860619],[-73.24810494151518,44.689390609841901],[-73.247929060783235,44.689447585258449],[-73.247247799995392,44.689506600342796],[-73.246725583010246,44.689455459781882],[-73.246220399684532,44.689028300108774],[-73.245723599982767,44.688899200379289]]]]},"properties":{"OBJECTID":6,"OBJECTID_1":155,"Jurisdiction_District_Name":"Grand Isle Small Off-Shore Islands","County":"Grand Isle","Jurisdiction":"Grand Isle ","Abbreviated_District_Name":"Osi","District_Name":"Small Off-Shore Islands","District_Mapped":"Yes","Overlay_District":"No","Extinct_District":null,"District_Type":"Primarily Residential","Affordable_Housing_District":"No","Elderly_Housing_District":"No","F1F_Allowance":"Permitted","F2F_Allowance":"Prohibited","F3F_Allowance":"Prohibited","F4F_Allowance":"Prohibited","F5F_Allowance":null,"ADU_Allowance":"Public Hearing","Affordable_Housing_Allowance":"Not Mentioned","PRD_Allowance":"Prohibited","NOTES":"None","F1F_Min_Lot":1,"F1F_Front_Setback":40,"F1F_Side_Setback":25,"F1F_Rear_Setback":25,"F1F_Frontage":150,"F1F_Max_Lot_Building_Coverage":null,"F1F_Max_Lot_Impervious_Coverage":null,"F1F_Min_Parking_Spaces":2,"F1F_Max_Stories":null,"F1F_Max_Height":35,"F1F_Floor_to_Area_Ratio":null,"F1F_Min_Unit_Size":null,"F2F_Affordable_Housing_Only":"No","F2F_Elderly_Housing_Only":"No","F2F_Min_Lot_Size":null,"F2F_Max_Density":null,"F2F_Front_Setback":null,"F2F_Side_Setback":null,"F2F_Rear_Setback":null,"F2F_Frontage":null,"F2F_Max_Lot_Building_Coverage":null,"F2F_Max_Lot_Impervious_Coverage":null,"F2F_Min_Parking_Spaces_per_1BR":null,"F2F_Min_Parking_Spaces_per_mult_BR":null,"F2F_Max_Stories":null,"F2F_Max_Height":null,"F2F_Floor_to_Area_Ratio":null,"F2F_Min_Unit_Size":null,"F3F_Affordable_Housing_Only":"No","F3F_Elderly_Housing_Only":"No","F3F_Min_Lot_Size":null,"F3F_Max_Density":null,"F3F_Front_Setback":null,"F3F_Side_Setback":null,"F3F_Rear_Setback":null,"F3F_Frontage":null,"F3F_Max_Lot_Building_Coverage":null,"F3F_Max_Lot_Impervious_Coverage":null,"F3F_Min_Parking_Spaces_per_1BR":null,"F3F_Min_Parking_Spaces_per_mult_BR":null,"F3F_Connection_to_Sewage_Water_Required":"No","F3F_Proximity_to_Public_Transit_Required":"No","F3F_Max_Stories":null,"F3F_Max_Height":null,"F3F_Floor_to_Area_Ratio":null,"F3F_Min_Unit_Size":null,"F3F_Max_Bedrooms":null,"F4F_Affordable_Housing_Only":"No","F4F_Elderly_Housing_Only":"No","F4F_Min_Lot_Size":null,"F4F_Max_Density":null,"F4F_Front_Setback":null,"F4F_Side_Setback":null,"F4F_Rear_Setback":null,"F4F_Frontage":null,"F4F_Max_Lot_Building_Coverage":null,"F4F_Max_Lot_Impervious_Coverage":null,"F4F_Min_Parking_Spaces_per_1BR":null,"F4F_Min_Parking_Spaces_per__mult_BR":null,"F4F_Connection_to_Sewage_Water_Required":"No","F4F_Proximity_to_Public_Transit_Required":"No","F4F_Max_Stories":null,"F4F_Max_Height":null,"F4F_Floor_to_Area_Ratio":null,"F4F_Min_Unit_Size":null,"F4F_Max_Bedrooms":null,"F4F_Max_Units_per_Building":null,"F5F_Affordable_Housing_Only":null,"F5F_Elderly_Housing_Only":null,"F5F_Min_Lot_Size":null,"F5F_Max_Density":null,"F5F_Front_Setback":null,"F5F_Side_Setback":null,"F5F_Rear_Setback":null,"F5F_Frontage":null,"F5F_Max_Lot_Building_Coverage":null,"F5F_Max__Lot_Impervious_Coverage":null,"F5F_Min_Parking_Spaces_per_1BR":null,"F5F_Min_Parking_Spaces_per_mult_BR":null,"F5F_Connection_to_Sewage_Water_Required":null,"F5F_Proximity_to_Public_Transit_Required":null,"F5F_Max_Stories":null,"F5F_Max_Height":null,"F5F_Floor_to_Area_Ratio":null,"F5F_Min_Unit_Size":null,"F5F_Max_Bedrooms":null,"F5F_Max_Units_per_Building":null,"Affordable_Housing_Definition":null,"Affordable_Housing_Elderly_Only":"No","Affordable_Housing_Min_Lot_Size":null,"Affordable_Housing_Max_Density":null,"Affordable_Housing_Min_Parking_Spaces_per_1BR":null,"Affordable_Housing_Min_Parking_Spaces_per_mult_BR":null,"Affordable_Housing_Min_Unit_Size":null,"Affordable_Housing_Max_Bedrooms":null,"Affordable_Housing_Max_Units_per_Building":null,"ADU_Employee_or_Family_Occupancy_Required":"No","ADU_Renter_Occupancy_Prohibited":"No","ADU_Owner_Occupancy_Required":"Yes","ADU_Elderly_Housing_Only":"No","ADU_Min_Lot_Size":null,"ADU_Min_Parking_Spaces":2,"ADU_Restricted_to_Primary_Structure":"No","ADU_Max_Size_as_Percent_of_Primary_Strcture":30,"ADU_Max_Size_in_sq_ft":null,"ADU_Max_Bedrooms":1,"PRD_Mobile_or_Manufactured_Home_Park":"No","PRD_Min_Lot_Size":null,"PRD_Max_Density":null,"PRD_Max_Units":null,"PUD_Required_with_Subdivision":"F","PUD_Threshold_Number":null,"PUD_Allowance":"Yes","PUD_Requires_Land_Conservation":"F","Base_Density":null,"CONDITIONAL_1F_Min_Lot":null,"CONDITIONAL_1F_Front_Setback":null,"CONDITIONAL_1F_Side_Setback":null,"CONDITIONAL_1F_Rear_Setback":null,"CONDITIONAL_1F_Frontage":null,"CONDITIONAL_1F_Max_Lot_Building_Coverage":null,"CONDITIONAL_1F_Max_Lot_Impervious_Coverage":null,"CONDITIONAL_1F_Min_Parking_Spaces":null,"CONDITIONAL_1F_Max_Stories":null,"CONDITIONAL_1F_Max_Height":null,"CONDITIONAL_1F_Floor_to_Area_Ratio":null,"CONDITIONAL_1F_Min_Unit_Size":null,"CONDITIONAL_2F_Affordable_Housing_Only":null,"CONDITIONAL_2F_Elderly_Housing_Only":null,"CONDITIONAL_2F_Min_Lot_Size":null,"CONDITIONAL_2F_Max_Density":null,"CONDITIONAL_2F_Front_Setback":null,"CONDITIONAL_2F_Side_Setback":null,"CONDITIONAL_2F_Rear_Setback":null,"CONDITIONAL_2F_Frontage":null,"CONDITIONAL_2F_Max_Lot_Building_Coverage":null,"CONDITIONAL_2F_Max_Lot_Impervious_Coverage":null,"CONDITIONAL_2F_Min_Parking_Spaces_per_1BR":null,"CONDITIONAL_2F_Min_Parking_Spaces_per_mult_BR":null,"CONDITIONAL_2F_Max_Stories":null,"CONDITIONAL_2F_Max_Height":null,"CONDITIONAL_2F_Floor_to_Area_Ratio":null,"CONDITIONAL_2F_Min_Unit_Size":null,"CONDITIONAL_3F_Affordable_Housing_Only":null,"CONDITIONAL_3F_Elderly_Housing_Only":null,"CONDITIONAL_3F_Min_Lot_Size":null,"CONDITIONAL_3F_Max_Density":null,"CONDITIONAL_3F_Front_Setback":null,"CONDITIONAL_3F_Side_Setback":null,"CONDITIONAL_3F_Rear_Setback":null,"CONDITIONAL_3F_Frontage":null,"CONDITIONAL_3F_Max_Lot_Building_Coverage":null,"CONDITIONAL_3F_Max_Lot_Impervious_Coverage":null,"CONDITIONAL_3F_Min_Parking_Spaces_per_1BR":null,"CONDITIONAL_3F_Min_Parking_Spaces_per_mult_BR":null,"CONDITIONAL_3F_Connection_to_Sewage_Water_Required":null,"CONDITIONAL_3F_Proximity_to_Public_Transit_Required":null,"CONDITIONAL_3F_Max_Stories":null,"CONDITIONAL_3F_Max_Height":null,"CONDITIONAL_3F_Floor_to_Area_Ratio":null,"CONDITIONAL_3F_Min_Unit_Size":null,"CONDITIONAL_3F_Max_Bedrooms":null,"CONDITIONAL_4F_Affordable_Housing_Only":null,"CONDITIONAL_4F_Elderly_Housing_Only":null,"CONDITIONAL_4F_Min_Lot_Size":null,"CONDITIONAL_4F_Max_Density":null,"CONDITIONAL_4F_Front_Setback":null,"CONDITIONAL_4F_Side_Setback":null,"CONDITIONAL_4F_Rear_Setback":null,"CONDITIONAL_4F_Frontage":null,"CONDITIONAL_4F_Max_Lot_Building_Coverage":null,"CONDITIONAL_4F_Max_Lot_Impervious_Coverage":null,"CONDITIONAL_4F_Min_Parking_Spaces_per_1BR":null,"CONDITIONAL_4F_Min_Parking_Spaces_per__mult_BR":null,"CONDITIONAL_4F_Connection_to_Sewage_Water_Required":null,"CONDITIONAL_4F_Proximity_to_Public_Transit_Required":null,"CONDITIONAL_4F_Max_Stories":null,"CONDITIONAL_4F_Max_Height":null,"CONDITIONAL_4F_Floor_to_Area_Ratio":null,"CONDITIONAL_4F_Min_Unit_Size":null,"CONDITIONAL_4F_Max_Bedrooms":null,"CONDITIONAL_4F_Max_Units_per_Building":null,"CONDITIONAL_5F_Affordable_Housing_Only":null,"CONDITIONAL_5F_Elderly_Housing_Only":null,"CONDITIONAL_5F_Min_Lot_Size":null,"CONDITIONAL_5F_Max_Density":null,"CONDITIONAL_5F_Front_Setback":null,"CONDITIONAL_5F_Side_Setback":null,"CONDITIONAL_5F_Rear_Setback":null,"CONDITIONAL_5F_Frontage":null,"CONDITIONAL_5F_Max_Lot_Building_Coverage":null,"CONDITIONAL_5F_Max__Lot_Impervious_Coverage":null,"CONDITIONAL_5F_Min_Parking_Spaces_per_1BR":null,"CONDITIONAL_5F_Min_Parking_Spaces_per_mult_BR":null,"CONDITIONAL_5F_Connection_to_Sewage_Water_Required":null,"CONDITIONAL_5F_Proximity_to_Public_Transit_Required":null,"CONDITIONAL_5F_Max_Stories":null,"CONDITIONAL_5F_Max_Height":null,"CONDITIONAL_5F_Floor_to_Area_Ratio":null,"CONDITIONAL_5F_Min_Unit_Size":null,"CONDITIONAL_5F_Max_Bedrooms":null,"CONDITIONAL_5F_Max_Units_per_Building":null,"CONDITIONAL_Affordable_Housing_Definition":null,"CONDITIONAL_Affordable_Housing_Elderly_Only":null,"CONDITIONAL_Affordable_Housing_Min_Lot_Size":null,"CONDITIONAL_Affordable_Housing_Max_Density":null,"CONDITIONAL_Affordable_Housing_Min_Parking_Spaces_per_1BR":null,"CONDITIONAL_Affordable_Housing_Min_Parking_Spaces_per_mult_BR":null,"CONDITIONAL_Affordable_Housing_Min_Unit_Size":null,"CONDITIONAL_Affordable_Housing_Max_Bedrooms":null,"CONDITIONAL_Affordable_Housing_Max_Units_per_Building":null,"CONDITIONAL_ADU_Employee_or_Family_Occupancy_Required":null,"CONDITIONAL_ADU_Renter_Occupancy_Prohibited":null,"CONDITIONAL_ADU_Owner_Occupancy_Required":null,"CONDITIONAL_ADU_Elderly_Housing_Only":null,"CONDITIONAL_ADU_Min_Lot_Size":null,"CONDITIONAL_ADU_Min_Parking_Spaces":null,"CONDITIONAL_ADU_Restricted_to_Primary_Structure":null,"CONDITIONAL_ADU_Max_Size_as_Percent_of_Primary_Strcture":null,"CONDITIONAL_ADU_Max_Size_in_sq_ft":null,"CONDITIONAL_ADU_Max_Bedrooms":null,"CONDITIONAL_PRD_Mobile_or_Manufactured_Home_Park":null,"CONDITIONAL_PRD_Min_Lot_Size":null,"CONDITIONAL_PRD_Max_Density":null,"CONDITIONAL_PRD_Max_Units":null,"CONDITIONAL_PUD_Required_with_Subdivision":null,"CONDITIONAL_PUD_Threshold_Number":null,"CONDITIONAL_PUD_Allowance":null,"CONDITIONAL_PUD_Requires_Land_Conservation":null,"Bylaw_Date":"2024-02-22","RPC":"NWRPC","Version":1,"Acres":218.40332756682341,"Shape_Length":6179.1299597211228,"Shape_Area":883848.27327178081}},{"type":"Feature","id":7,"geometry":{"type":"Polygon","coordinates":[[[-73.290211712635141,44.722928930119629],[-73.290160153400393,44.725401243994845],[-73.292585507290028,44.725321748633903],[-73.292781076415949,44.725315339079046],[-73.299169920562974,44.725105934213076],[-73.299772724170978,44.72266903261982],[-73.300132262797973,44.721956528202561],[-73.300191909920187,44.721814064307416],[-73.30176196393505,44.71787667878607],[-73.296370469725616,44.717269521557611],[-73.296222971070748,44.717252911823678],[-73.296540118544968,44.716867536161438],[-73.296381189448368,44.716877952323493],[-73.291743730780141,44.717181877311049],[-73.290309065222843,44.722326209094966],[-73.290234181600582,44.72278981897766],[-73.290211712635141,44.722928930119629]]]},"properties":{"OBJECTID":7,"OBJECTID_1":157,"Jurisdiction_District_Name":"Grand Isle Village","County":"Grand Isle","Jurisdiction":"Grand Isle ","Abbreviated_District_Name":"Vil","District_Name":"Village","District_Mapped":"Yes","Overlay_District":"No","Extinct_District":null,"District_Type":"Mixed with Residential","Affordable_Housing_District":"No","Elderly_Housing_District":"No","F1F_Allowance":"Permitted","F2F_Allowance":"Permitted","F3F_Allowance":"Public Hearing","F4F_Allowance":"Public Hearing","F5F_Allowance":null,"ADU_Allowance":"Public Hearing","Affordable_Housing_Allowance":"Not Mentioned","PRD_Allowance":"Prohibited","NOTES":"None","F1F_Min_Lot":1,"F1F_Front_Setback":40,"F1F_Side_Setback":25,"F1F_Rear_Setback":25,"F1F_Frontage":150,"F1F_Max_Lot_Building_Coverage":null,"F1F_Max_Lot_Impervious_Coverage":null,"F1F_Min_Parking_Spaces":2,"F1F_Max_Stories":null,"F1F_Max_Height":35,"F1F_Floor_to_Area_Ratio":null,"F1F_Min_Unit_Size":null,"F2F_Affordable_Housing_Only":"No","F2F_Elderly_Housing_Only":"No","F2F_Min_Lot_Size":1,"F2F_Max_Density":null,"F2F_Front_Setback":40,"F2F_Side_Setback":25,"F2F_Rear_Setback":25,"F2F_Frontage":150,"F2F_Max_Lot_Building_Coverage":null,"F2F_Max_Lot_Impervious_Coverage":null,"F2F_Min_Parking_Spaces_per_1BR":2,"F2F_Min_Parking_Spaces_per_mult_BR":2,"F2F_Max_Stories":null,"F2F_Max_Height":35,"F2F_Floor_to_Area_Ratio":null,"F2F_Min_Unit_Size":null,"F3F_Affordable_Housing_Only":"No","F3F_Elderly_Housing_Only":"No","F3F_Min_Lot_Size":1,"F3F_Max_Density":null,"F3F_Front_Setback":40,"F3F_Side_Setback":25,"F3F_Rear_Setback":25,"F3F_Frontage":150,"F3F_Max_Lot_Building_Coverage":null,"F3F_Max_Lot_Impervious_Coverage":null,"F3F_Min_Parking_Spaces_per_1BR":2,"F3F_Min_Parking_Spaces_per_mult_BR":2,"F3F_Connection_to_Sewage_Water_Required":"No","F3F_Proximity_to_Public_Transit_Required":"No","F3F_Max_Stories":null,"F3F_Max_Height":35,"F3F_Floor_to_Area_Ratio":null,"F3F_Min_Unit_Size":null,"F3F_Max_Bedrooms":null,"F4F_Affordable_Housing_Only":"No","F4F_Elderly_Housing_Only":"No","F4F_Min_Lot_Size":1,"F4F_Max_Density":null,"F4F_Front_Setback":40,"F4F_Side_Setback":25,"F4F_Rear_Setback":25,"F4F_Frontage":150,"F4F_Max_Lot_Building_Coverage":null,"F4F_Max_Lot_Impervious_Coverage":null,"F4F_Min_Parking_Spaces_per_1BR":2,"F4F_Min_Parking_Spaces_per__mult_BR":2,"F4F_Connection_to_Sewage_Water_Required":"No","F4F_Proximity_to_Public_Transit_Required":"No","F4F_Max_Stories":null,"F4F_Max_Height":35,"F4F_Floor_to_Area_Ratio":null,"F4F_Min_Unit_Size":null,"F4F_Max_Bedrooms":null,"F4F_Max_Units_per_Building":null,"F5F_Affordable_Housing_Only":"F","F5F_Elderly_Housing_Only":"F","F5F_Min_Lot_Size":1,"F5F_Max_Density":null,"F5F_Front_Setback":40,"F5F_Side_Setback":25,"F5F_Rear_Setback":25,"F5F_Frontage":150,"F5F_Max_Lot_Building_Coverage":null,"F5F_Max__Lot_Impervious_Coverage":null,"F5F_Min_Parking_Spaces_per_1BR":2,"F5F_Min_Parking_Spaces_per_mult_BR":2,"F5F_Connection_to_Sewage_Water_Required":"F","F5F_Proximity_to_Public_Transit_Required":"F","F5F_Max_Stories":null,"F5F_Max_Height":35,"F5F_Floor_to_Area_Ratio":null,"F5F_Min_Unit_Size":null,"F5F_Max_Bedrooms":null,"F5F_Max_Units_per_Building":null,"Affordable_Housing_Definition":null,"Affordable_Housing_Elderly_Only":"No","Affordable_Housing_Min_Lot_Size":null,"Affordable_Housing_Max_Density":null,"Affordable_Housing_Min_Parking_Spaces_per_1BR":null,"Affordable_Housing_Min_Parking_Spaces_per_mult_BR":null,"Affordable_Housing_Min_Unit_Size":null,"Affordable_Housing_Max_Bedrooms":null,"Affordable_Housing_Max_Units_per_Building":null,"ADU_Employee_or_Family_Occupancy_Required":"No","ADU_Renter_Occupancy_Prohibited":"No","ADU_Owner_Occupancy_Required":"Yes","ADU_Elderly_Housing_Only":"No","ADU_Min_Lot_Size":null,"ADU_Min_Parking_Spaces":2,"ADU_Restricted_to_Primary_Structure":"No","ADU_Max_Size_as_Percent_of_Primary_Strcture":30,"ADU_Max_Size_in_sq_ft":null,"ADU_Max_Bedrooms":1,"PRD_Mobile_or_Manufactured_Home_Park":"No","PRD_Min_Lot_Size":null,"PRD_Max_Density":null,"PRD_Max_Units":null,"PUD_Required_with_Subdivision":"F","PUD_Threshold_Number":null,"PUD_Allowance":"Yes","PUD_Requires_Land_Conservation":"F","Base_Density":null,"CONDITIONAL_1F_Min_Lot":null,"CONDITIONAL_1F_Front_Setback":null,"CONDITIONAL_1F_Side_Setback":null,"CONDITIONAL_1F_Rear_Setback":null,"CONDITIONAL_1F_Frontage":null,"CONDITIONAL_1F_Max_Lot_Building_Coverage":null,"CONDITIONAL_1F_Max_Lot_Impervious_Coverage":null,"CONDITIONAL_1F_Min_Parking_Spaces":null,"CONDITIONAL_1F_Max_Stories":null,"CONDITIONAL_1F_Max_Height":null,"CONDITIONAL_1F_Floor_to_Area_Ratio":null,"CONDITIONAL_1F_Min_Unit_Size":null,"CONDITIONAL_2F_Affordable_Housing_Only":null,"CONDITIONAL_2F_Elderly_Housing_Only":null,"CONDITIONAL_2F_Min_Lot_Size":null,"CONDITIONAL_2F_Max_Density":null,"CONDITIONAL_2F_Front_Setback":null,"CONDITIONAL_2F_Side_Setback":null,"CONDITIONAL_2F_Rear_Setback":null,"CONDITIONAL_2F_Frontage":null,"CONDITIONAL_2F_Max_Lot_Building_Coverage":null,"CONDITIONAL_2F_Max_Lot_Impervious_Coverage":null,"CONDITIONAL_2F_Min_Parking_Spaces_per_1BR":null,"CONDITIONAL_2F_Min_Parking_Spaces_per_mult_BR":null,"CONDITIONAL_2F_Max_Stories":null,"CONDITIONAL_2F_Max_Height":null,"CONDITIONAL_2F_Floor_to_Area_Ratio":null,"CONDITIONAL_2F_Min_Unit_Size":null,"CONDITIONAL_3F_Affordable_Housing_Only":null,"CONDITIONAL_3F_Elderly_Housing_Only":null,"CONDITIONAL_3F_Min_Lot_Size":null,"CONDITIONAL_3F_Max_Density":null,"CONDITIONAL_3F_Front_Setback":null,"CONDITIONAL_3F_Side_Setback":null,"CONDITIONAL_3F_Rear_Setback":null,"CONDITIONAL_3F_Frontage":null,"CONDITIONAL_3F_Max_Lot_Building_Coverage":null,"CONDITIONAL_3F_Max_Lot_Impervious_Coverage":null,"CONDITIONAL_3F_Min_Parking_Spaces_per_1BR":null,"CONDITIONAL_3F_Min_Parking_Spaces_per_mult_BR":null,"CONDITIONAL_3F_Connection_to_Sewage_Water_Required":null,"CONDITIONAL_3F_Proximity_to_Public_Transit_Required":null,"CONDITIONAL_3F_Max_Stories":null,"CONDITIONAL_3F_Max_Height":null,"CONDITIONAL_3F_Floor_to_Area_Ratio":null,"CONDITIONAL_3F_Min_Unit_Size":null,"CONDITIONAL_3F_Max_Bedrooms":null,"CONDITIONAL_4F_Affordable_Housing_Only":null,"CONDITIONAL_4F_Elderly_Housing_Only":null,"CONDITIONAL_4F_Min_Lot_Size":null,"CONDITIONAL_4F_Max_Density":null,"CONDITIONAL_4F_Front_Setback":null,"CONDITIONAL_4F_Side_Setback":null,"CONDITIONAL_4F_Rear_Setback":null,"CONDITIONAL_4F_Frontage":null,"CONDITIONAL_4F_Max_Lot_Building_Coverage":null,"CONDITIONAL_4F_Max_Lot_Impervious_Coverage":null,"CONDITIONAL_4F_Min_Parking_Spaces_per_1BR":null,"CONDITIONAL_4F_Min_Parking_Spaces_per__mult_BR":null,"CONDITIONAL_4F_Connection_to_Sewage_Water_Required":null,"CONDITIONAL_4F_Proximity_to_Public_Transit_Required":null,"CONDITIONAL_4F_Max_Stories":null,"CONDITIONAL_4F_Max_Height":null,"CONDITIONAL_4F_Floor_to_Area_Ratio":null,"CONDITIONAL_4F_Min_Unit_Size":null,"CONDITIONAL_4F_Max_Bedrooms":null,"CONDITIONAL_4F_Max_Units_per_Building":null,"CONDITIONAL_5F_Affordable_Housing_Only":null,"CONDITIONAL_5F_Elderly_Housing_Only":null,"CONDITIONAL_5F_Min_Lot_Size":null,"CONDITIONAL_5F_Max_Density":null,"CONDITIONAL_5F_Front_Setback":null,"CONDITIONAL_5F_Side_Setback":null,"CONDITIONAL_5F_Rear_Setback":null,"CONDITIONAL_5F_Frontage":null,"CONDITIONAL_5F_Max_Lot_Building_Coverage":null,"CONDITIONAL_5F_Max__Lot_Impervious_Coverage":null,"CONDITIONAL_5F_Min_Parking_Spaces_per_1BR":null,"CONDITIONAL_5F_Min_Parking_Spaces_per_mult_BR":null,"CONDITIONAL_5F_Connection_to_Sewage_Water_Required":null,"CONDITIONAL_5F_Proximity_to_Public_Transit_Required":null,"CONDITIONAL_5F_Max_Stories":null,"CONDITIONAL_5F_Max_Height":null,"CONDITIONAL_5F_Floor_to_Area_Ratio":null,"CONDITIONAL_5F_Min_Unit_Size":null,"CONDITIONAL_5F_Max_Bedrooms":null,"CONDITIONAL_5F_Max_Units_per_Building":null,"CONDITIONAL_Affordable_Housing_Definition":null,"CONDITIONAL_Affordable_Housing_Elderly_Only":null,"CONDITIONAL_Affordable_Housing_Min_Lot_Size":null,"CONDITIONAL_Affordable_Housing_Max_Density":null,"CONDITIONAL_Affordable_Housing_Min_Parking_Spaces_per_1BR":null,"CONDITIONAL_Affordable_Housing_Min_Parking_Spaces_per_mult_BR":null,"CONDITIONAL_Affordable_Housing_Min_Unit_Size":null,"CONDITIONAL_Affordable_Housing_Max_Bedrooms":null,"CONDITIONAL_Affordable_Housing_Max_Units_per_Building":null,"CONDITIONAL_ADU_Employee_or_Family_Occupancy_Required":null,"CONDITIONAL_ADU_Renter_Occupancy_Prohibited":null,"CONDITIONAL_ADU_Owner_Occupancy_Required":null,"CONDITIONAL_ADU_Elderly_Housing_Only":null,"CONDITIONAL_ADU_Min_Lot_Size":null,"CONDITIONAL_ADU_Min_Parking_Spaces":null,"CONDITIONAL_ADU_Restricted_to_Primary_Structure":null,"CONDITIONAL_ADU_Max_Size_as_Percent_of_Primary_Strcture":null,"CONDITIONAL_ADU_Max_Size_in_sq_ft":null,"CONDITIONAL_ADU_Max_Bedrooms":null,"CONDITIONAL_PRD_Mobile_or_Manufactured_Home_Park":null,"CONDITIONAL_PRD_Min_Lot_Size":null,"CONDITIONAL_PRD_Max_Density":null,"CONDITIONAL_PRD_Max_Units":null,"CONDITIONAL_PUD_Required_with_Subdivision":null,"CONDITIONAL_PUD_Threshold_Number":null,"CONDITIONAL_PUD_Allowance":null,"CONDITIONAL_PUD_Requires_Land_Conservation":null,"Bylaw_Date":"2024-02-22","RPC":"NWRPC","Version":1,"Acres":167.71557455743215,"Shape_Length":3345.770120638454,"Shape_Area":678721.89780632581}}]}