{
  "type": "FeatureCollection",
  "crs": {
    "type": "name",
    "properties": {
      "name": "urn:ogc:def:crs:OGC:1.3:CRS84"
    }
  },
  "features": [
    {
      "type": "Feature",
      "properties": {
        "Abbreviated_District_Name": "RL-3",
        "County": "Orleans",
        "Jurisdiction_District_Name": "Morgan"
      },
      "geometry": {
        "type": "MultiPolygon",
        "coordinates": [
          [
            [
              [
                -71.91454607439023,
                44.93092759807577
              ],
              [
                -71.91415823102285,
                44.933015327957364
              ],
              [
                -71.91700156812652,
                44.93301071108044
              ],
              [
                -71.92758563235076,
                44.9328997544041
              ],
              [
                -71.94265450671662,
                44.93276452919724
              ],
              [
                -71.94758715632858,
                44.932715502079304
              ],
              [
                -71.95589907628417,
                44.9326324048371
              ],
              [
                -71.96946194760903,
                44.93257193455465
              ],
              [
                -71.96944730480456,
                44.93244555731117
              ],
              [
                -71.96954177076854,
                44.93173087675143
              ],
              [
                -71.96968665821848,
                44.931301296613114
              ],
              [
                -71.97092686410973,
                44.92833520878709
              ],
              [
                -71.97162325514404,
                44.92163407023704
              ],
              [
                -71.97080098278407,
                44.92126440705958
              ],
              [
                -71.97005721374016,
                44.920795271660474
              ],
              [
                -71.96670899634721,
                44.92358533325464
              ],
              [
                -71.965995042985,
                44.92408536569804
              ],
              [
                -71.96516398248086,
                44.92449232713534
              ],
              [
                -71.96469135082033,
                44.924663619760345
              ],
              [
                -71.95662512810631,
                44.927258508646815
              ],
              [
                -71.95617977668614,
                44.92738630844899
              ],
              [
                -71.9552026910094,
                44.92756668857415
              ],
              [
                -71.95419826010166,
                44.927624321515054
              ],
              [
                -71.95366800219442,
                44.92760463172829
              ],
              [
                -71.94933393291038,
                44.92730035490334
              ],
              [
                -71.9488585737828,
                44.9272527872483
              ],
              [
                -71.94788581284814,
                44.92706220744353
              ],
              [
                -71.94769630933874,
                44.927009548246076
              ],
              [
                -71.9439013352029,
                44.92589778230884
              ],
              [
                -71.94318020092662,
                44.925642584795554
              ],
              [
                -71.9423561218671,
                44.92522715110233
              ],
              [
                -71.94164777025196,
                44.92471638464035
              ],
              [
                -71.94107478433853,
                44.92412613149487
              ],
              [
                -71.94065440589445,
                44.92347419310305
              ],
              [
                -71.94040068881407,
                44.922780326602904
              ],
              [
                -71.94031975014605,
                44.922066215010524
              ],
              [
                -71.94041455880311,
                44.921351558046375
              ],
              [
                -71.9406832959154,
                44.9206599690432
              ],
              [
                -71.94111624686816,
                44.92001305209049
              ],
              [
                -71.94170057612413,
                44.919427896952186
              ],
              [
                -71.94241867106064,
                44.91892466167878
              ],
              [
                -71.94324981531351,
                44.91851730336418
              ],
              [
                -71.94416776236486,
                44.91821891012363
              ],
              [
                -71.94514393680485,
                44.91803805726641
              ],
              [
                -71.94614979194859,
                44.917980510769034
              ],
              [
                -71.94715523947364,
                44.91804781147161
              ],
              [
                -71.94812784611524,
                44.91823839614698
              ],
              [
                -71.94831732395595,
                44.91829077382179
              ],
              [
                -71.95132327741268,
                44.91917166811276
              ],
              [
                -71.95326297046601,
                44.919307797619425
              ],
              [
                -71.95873595937773,
                44.917547048306616
              ],
              [
                -71.96146276955514,
                44.9152748117729
              ],
              [
                -71.96103625452743,
                44.914668756459136
              ],
              [
                -71.96081796215988,
                44.91431199247431
              ],
              [
                -71.95232218548249,
                44.91101372463966
              ],
              [
                -71.951865679375,
                44.91082846493732
              ],
              [
                -71.95164809448222,
                44.910737714177614
              ],
              [
                -71.95110499228028,
                44.910503948769346
              ],
              [
                -71.94765179976027,
                44.90901599728979
              ],
              [
                -71.94539934817583,
                44.90786139030957
              ],
              [
                -71.9449623418246,
                44.907546278424824
              ],
              [
                -71.94480348033956,
                44.90711272003931
              ],
              [
                -71.94472250721667,
                44.906398609449546
              ],
              [
                -71.944817233686,
                44.90568394737635
              ],
              [
                -71.94508584325723,
                44.904992345499345
              ],
              [
                -71.94551862565176,
                44.904345409263485
              ],
              [
                -71.94590161354562,
                44.90393810352514
              ],
              [
                -71.94923222770262,
                44.900821788485196
              ],
              [
                -71.95069987613999,
                44.89985473645529
              ],
              [
                -71.95750778720661,
                44.89672785280961
              ],
              [
                -71.95778983538827,
                44.89660630269718
              ],
              [
                -71.95823351565079,
                44.896462177646754
              ],
              [
                -71.95452450778836,
                44.89297604205889
              ],
              [
                -71.95369350846588,
                44.89207837485574
              ],
              [
                -71.9530006391582,
                44.891051442696764
              ],
              [
                -71.95156189217961,
                44.88867222819131
              ],
              [
                -71.95149017116488,
                44.88847672176164
              ],
              [
                -71.95106993317641,
                44.887824537581
              ],
              [
                -71.95074582449273,
                44.887463869455566
              ],
              [
                -71.94511515222587,
                44.881868624507426
              ],
              [
                -71.93623606028649,
                44.876765823136644
              ],
              [
                -71.93625232379141,
                44.875424231755694
              ],
              [
                -71.9380075725371,
                44.8725760308494
              ],
              [
                -71.93813069214943,
                44.87235982019829
              ],
              [
                -71.93839922270939,
                44.87166822964231
              ],
              [
                -71.93849396895129,
                44.87095328692536
              ],
              [
                -71.93841312573322,
                44.870238605581434
              ],
              [
                -71.9383680743984,
                44.870072749363736
              ],
              [
                -71.93674370353186,
                44.86462128443729
              ],
              [
                -71.93605506000013,
                44.864845669589414
              ],
              [
                -71.9350789736034,
                44.86502588448077
              ],
              [
                -71.93413176082103,
                44.865083624627054
              ],
              [
                -71.93407561040178,
                44.86508362805614
              ],
              [
                -71.93101970310833,
                44.86508981614805
              ],
              [
                -71.93102901556841,
                44.86510786026395
              ],
              [
                -71.9311003730414,
                44.86533037510232
              ],
              [
                -71.93110755423204,
                44.865484516343486
              ],
              [
                -71.93113976044894,
                44.86558703879564
              ],
              [
                -71.93125958609912,
                44.86578673535627
              ],
              [
                -71.93133076455473,
                44.86586695468066
              ],
              [
                -71.9316106861934,
                44.8661124422345
              ],
              [
                -71.93177768485403,
                44.866340775199845
              ],
              [
                -71.93189790424564,
                44.86650082225684
              ],
              [
                -71.93195015135534,
                44.866656593206486
              ],
              [
                -71.93199221189953,
                44.86680275307792
              ],
              [
                -71.93198256955344,
                44.86697902602715
              ],
              [
                -71.93195834368154,
                44.86711023304916
              ],
              [
                -71.93196496051857,
                44.867241592576036
              ],
              [
                -71.9320051411521,
                44.86741811421752
              ],
              [
                -71.93204446485478,
                44.86752095254346
              ],
              [
                -71.93209108886151,
                44.86776612246601
              ],
              [
                -71.93210601553886,
                44.86793717494981
              ],
              [
                -71.93209009623938,
                44.86802792753448
              ],
              [
                -71.93209570697412,
                44.86834207217226
              ],
              [
                -71.93207052122088,
                44.86849042803042
              ],
              [
                -71.93207731817414,
                44.86868393720308
              ],
              [
                -71.93210173259315,
                44.86877489034686
              ],
              [
                -71.93217218871384,
                44.86892906529483
              ],
              [
                -71.93223587595838,
                44.86912819991227
              ],
              [
                -71.93231459631839,
                44.86948770218839
              ],
              [
                -71.93244889686157,
                44.86974483700389
              ],
              [
                -71.93248054955494,
                44.86990416150764
              ],
              [
                -71.93249548120275,
                44.870155359478304
              ],
              [
                -71.93259058519455,
                44.87037714799842
              ],
              [
                -71.93261380961313,
                44.87050887158951
              ],
              [
                -71.93262049528668,
                44.870713909437214
              ],
              [
                -71.93266891987113,
                44.87077629877384
              ],
              [
                -71.93266863808756,
                44.870804981211734
              ],
              [
                -71.93269293468812,
                44.87082759903598
              ],
              [
                -71.93270858760107,
                44.87092497686682
              ],
              [
                -71.93270741081365,
                44.87104476822181
              ],
              [
                -71.93269086916703,
                44.87111836414083
              ],
              [
                -71.93269929083033,
                44.87122723537326
              ],
              [
                -71.9326887392657,
                44.871335169161526
              ],
              [
                -71.93265581317839,
                44.87146633301272
              ],
              [
                -71.93266479840602,
                44.87151783937291
              ],
              [
                -71.93264832562824,
                44.87158440572034
              ],
              [
                -71.9325632783609,
                44.87186829013458
              ],
              [
                -71.93255979696707,
                44.87190061290138
              ],
              [
                -71.93238728088548,
                44.872070733725145
              ],
              [
                -71.93235395772723,
                44.872081254230466
              ],
              [
                -71.9321869104055,
                44.87217772385377
              ],
              [
                -71.93213087480366,
                44.872245779791335
              ],
              [
                -71.93208049702166,
                44.87246234573733
              ],
              [
                -71.9320162752844,
                44.872558482307134
              ],
              [
                -71.93193565987193,
                44.87263260350309
              ],
              [
                -71.93156627250056,
                44.87287485926356
              ],
              [
                -71.9315241176835,
                44.87297897937497
              ],
              [
                -71.93145881463848,
                44.87318478459226
              ],
              [
                -71.93144165055111,
                44.873321369133905
              ],
              [
                -71.93137608098432,
                44.873554168605025
              ],
              [
                -71.93131100497948,
                44.873656488113184
              ],
              [
                -71.93123846538508,
                44.873713494516
              ],
              [
                -71.93114959730431,
                44.87382216290673
              ],
              [
                -71.93101226706455,
                44.87403266999569
              ],
              [
                -71.93087340281393,
                44.87415796189686
              ],
              [
                -71.93085088519172,
                44.87419553234533
              ],
              [
                -71.93079914722499,
                44.87422845773244
              ],
              [
                -71.93074903265358,
                44.874257173428894
              ],
              [
                -71.93067424092922,
                44.874301794828746
              ],
              [
                -71.93065116232513,
                44.87431602123481
              ],
              [
                -71.93060959818777,
                44.87435996504846
              ],
              [
                -71.93054808302577,
                44.8744218061571
              ],
              [
                -71.93051340700363,
                44.87448912458593
              ],
              [
                -71.93047725718398,
                44.87454546876117
              ],
              [
                -71.93045336850231,
                44.87464180554803
              ],
              [
                -71.93045107653559,
                44.87471378487716
              ],
              [
                -71.9304132201634,
                44.87486292110522
              ],
              [
                -71.93037982290747,
                44.87488075222093
              ],
              [
                -71.93041462489369,
                44.87496107130997
              ],
              [
                -71.93052256613333,
                44.875485229854384
              ],
              [
                -71.93052189268192,
                44.87563370741489
              ],
              [
                -71.93053562512564,
                44.87568495681338
              ],
              [
                -71.93058438276356,
                44.87587417563674
              ],
              [
                -71.93068201881101,
                44.87599980301806
              ],
              [
                -71.9307457123871,
                44.87603808394012
              ],
              [
                -71.93076933672802,
                44.87612903421406
              ],
              [
                -71.93075227460461,
                44.87617478657342
              ],
              [
                -71.9307275856044,
                44.876191818001395
              ],
              [
                -71.93062407750517,
                44.87618033420384
              ],
              [
                -71.93060024043878,
                44.87619118314744
              ],
              [
                -71.93057532953172,
                44.87623070964245
              ],
              [
                -71.93057493017561,
                44.876271202442375
              ],
              [
                -71.93060567303371,
                44.87636218823974
              ],
              [
                -71.93058980161068,
                44.87644759810796
              ],
              [
                -71.93062014526359,
                44.87657907579731
              ],
              [
                -71.93068343531448,
                44.876738558338985
              ],
              [
                -71.93067428335452,
                44.87686449649751
              ],
              [
                -71.93071417934652,
                44.87690968958785
              ],
              [
                -71.9307854851187,
                44.877058525896864
              ],
              [
                -71.93078497777175,
                44.87710998594103
              ],
              [
                -71.93081628139264,
                44.8771441683795
              ],
              [
                -71.9308556620894,
                44.87724166461313
              ],
              [
                -71.93082357941167,
                44.87728649892515
              ],
              [
                -71.93075120109579,
                44.877326632959424
              ],
              [
                -71.93068577234841,
                44.87738395608218
              ],
              [
                -71.93058081441302,
                44.87751925860744
              ],
              [
                -71.93055555621501,
                44.877593935527614
              ],
              [
                -71.9305469729198,
                44.877742373593044
              ],
              [
                -71.93048845198675,
                44.87790124875641
              ],
              [
                -71.93043947494866,
                44.87797468250649
              ],
              [
                -71.93038213316238,
                44.87817433993104
              ],
              [
                -71.93037309681505,
                44.878288467633986
              ],
              [
                -71.93038773448328,
                44.87832819132901
              ],
              [
                -71.93038768232903,
                44.87849382640081
              ],
              [
                -71.93041612828448,
                44.878657352995354
              ],
              [
                -71.93038242613311,
                44.87862568896631
              ],
              [
                -71.93033922096033,
                44.87859510237998
              ],
              [
                -71.93029522483712,
                44.878564511831435
              ],
              [
                -71.93025201975634,
                44.878533925212245
              ],
              [
                -71.93020802372597,
                44.87850333463027
              ],
              [
                -71.93016481873718,
                44.878472747978186
              ],
              [
                -71.93012082001947,
                44.87844243901257
              ],
              [
                -71.93007761512246,
                44.87841185232764
              ],
              [
                -71.93003441027122,
                44.87838126562647
              ],
              [
                -71.92999120824658,
                44.87835039725921
              ],
              [
                -71.92994800625924,
                44.8783195297755
              ],
              [
                -71.9299048070993,
                44.878288380625776
              ],
              [
                -71.92986239897795,
                44.87825723540863
              ],
              [
                -71.92982078467546,
                44.878225812475186
              ],
              [
                -71.92977917319116,
                44.8781941087767
              ],
              [
                -71.9297375645257,
                44.878162124313185
              ],
              [
                -71.9296975434511,
                44.87812958443497
              ],
              [
                -71.9296583189583,
                44.87809648699325
              ],
              [
                -71.92961989383853,
                44.87806254943911
              ],
              [
                -71.92958226253542,
                44.87802833417309
              ],
              [
                -71.92954542781321,
                44.877993561345896
              ],
              [
                -71.92950938968933,
                44.87795822915855
              ],
              [
                -71.92947414537115,
                44.87792262016146
              ],
              [
                -71.92943890109632,
                44.8778870111535
              ],
              [
                -71.92940445340953,
                44.877850843686936
              ],
              [
                -71.929370002982,
                44.87781495785981
              ],
              [
                -71.92933634636644,
                44.877778794324946
              ],
              [
                -71.92930189603287,
                44.87774290757737
              ],
              [
                -71.92926744573313,
                44.87770702171924
              ],
              [
                -71.92923299826055,
                44.877670854200936
              ],
              [
                -71.92919854805528,
                44.87763496742216
              ],
              [
                -71.92916488886667,
                44.877599085486494
              ],
              [
                -71.92913043874633,
                44.877563198687156
              ],
              [
                -71.9290959914449,
                44.877527031127464
              ],
              [
                -71.92906154140124,
                44.87749114520718
              ],
              [
                -71.9290270914092,
                44.87745525837664
              ],
              [
                -71.92899343521687,
                44.87741909474059
              ],
              [
                -71.92895898530101,
                44.87738320878934
              ],
              [
                -71.92892453543675,
                44.87734732192782
              ],
              [
                -71.92889008839236,
                44.87731115430598
              ],
              [
                -71.92885642958315,
                44.8772752722793
              ],
              [
                -71.92882198262419,
                44.87723910463686
              ],
              [
                -71.92878753293058,
                44.877203217734
              ],
              [
                -71.92875387424766,
                44.877167335677086
              ],
              [
                -71.92871942741697,
                44.87713116800368
              ],
              [
                -71.92868497785118,
                44.87709528106982
              ],
              [
                -71.9286505311064,
                44.877059113375644
              ],
              [
                -71.92861687259213,
                44.87702323127829
              ],
              [
                -71.92858242593276,
                44.876987063563526
              ],
              [
                -71.92854797653762,
                44.87695117658829
              ],
              [
                -71.92851432093752,
                44.876915012810905
              ],
              [
                -71.92847987161858,
                44.876879126714975
              ],
              [
                -71.92844542235122,
                44.876843239708805
              ],
              [
                -71.9284117668779,
                44.87680707590109
              ],
              [
                -71.92837731768674,
                44.8767711897742
              ],
              [
                -71.92834287132693,
                44.87673502198713
              ],
              [
                -71.92830921320063,
                44.87669913889913
              ],
              [
                -71.92827476692625,
                44.87666297109149
              ],
              [
                -71.92824031790575,
                44.876627084923236
              ],
              [
                -71.92820666268616,
                44.876590921055005
              ],
              [
                -71.9281722165402,
                44.87655475321642
              ],
              [
                -71.92813855862444,
                44.87651887007806
              ],
              [
                -71.9281041125639,
                44.87648270221886
              ],
              [
                -71.92806966375642,
                44.87644681599909
              ],
              [
                -71.92803600874818,
                44.87641065208051
              ],
              [
                -71.92800156003467,
                44.87637476494034
              ],
              [
                -71.92796711414546,
                44.8763385970398
              ],
              [
                -71.92793345647351,
                44.87630271474076
              ],
              [
                -71.92789901066968,
                44.87626654681966
              ],
              [
                -71.92786535587278,
                44.87623038285074
              ],
              [
                -71.92783090737231,
                44.876194495659
              ],
              [
                -71.92779646169691,
                44.87615832770693
              ],
              [
                -71.92776280423553,
                44.87612244535755
              ],
              [
                -71.92772835864552,
                44.876086277384935
              ],
              [
                -71.92769470405997,
                44.87605011336565
              ],
              [
                -71.92766025577252,
                44.876014226122386
              ],
              [
                -71.92762660127138,
                44.87597806208299
              ],
              [
                -71.92759215585235,
                44.875941894069264
              ],
              [
                -71.92755849864335,
                44.87590601165958
              ],
              [
                -71.92752405330972,
                44.875869843625274
              ],
              [
                -71.9274896052353,
                44.87583395633048
              ],
              [
                -71.9274559509455,
                44.875797792240746
              ],
              [
                -71.92742150574028,
                44.87576162417548
              ],
              [
                -71.9273878459575,
                44.87572602246539
              ],
              [
                -71.92735340083753,
                44.875689854379544
              ],
              [
                -71.92731974671655,
                44.87565369024962
              ],
              [
                -71.92728529888842,
                44.87561780379301
              ],
              [
                -71.92725164485181,
                44.875581639642995
              ],
              [
                -71.92721719990281,
                44.875545471516034
              ],
              [
                -71.9271835459508,
                44.875509307345915
              ],
              [
                -71.9271490983019,
                44.87547341994832
              ],
              [
                -71.92711544443428,
                44.875437255758136
              ],
              [
                -71.92708099965623,
                44.87540108759004
              ],
              [
                -71.9270473430783,
                44.87536520502952
              ],
              [
                -71.92701289838567,
                44.875329036840874
              ],
              [
                -71.92697924468699,
                44.87529287261046
              ],
              [
                -71.92694480007994,
                44.87525670440127
              ],
              [
                -71.92691114367922,
                44.87522082090071
              ],
              [
                -71.92687669915753,
                44.875184652670946
              ],
              [
                -71.92684304562783,
                44.87514848840035
              ],
              [
                -71.9268085983957,
                44.87511260179981
              ],
              [
                -71.92677494495038,
                44.87507643750912
              ],
              [
                -71.92674050059966,
                44.875040269238234
              ],
              [
                -71.92670684723892,
                44.87500410492747
              ],
              [
                -71.92667240018602,
                44.874968217385955
              ],
              [
                -71.92663874690969,
                44.87493205305508
              ],
              [
                -71.92660430272991,
                44.87489588474305
              ],
              [
                -71.92657064953812,
                44.87485972039209
              ],
              [
                -71.92653620264659,
                44.87482383370931
              ],
              [
                -71.92650254953921,
                44.87478766933826
              ],
              [
                -71.92646810553039,
                44.87475150098511
              ],
              [
                -71.92643445250758,
                44.87471533659395
              ],
              [
                -71.92640079952676,
                44.874679172192856
              ],
              [
                -71.92636635285685,
                44.874643284558964
              ],
              [
                -71.92633269996044,
                44.87460712013779
              ],
              [
                -71.92629825616508,
                44.874570951733354
              ],
              [
                -71.92626460335323,
                44.874534787292106
              ],
              [
                -71.9262301568447,
                44.87449890051691
              ],
              [
                -71.92619650411723,
                44.87446273605555
              ],
              [
                -71.92616206049284,
                44.87442656760999
              ],
              [
                -71.92612840784994,
                44.87439040312855
              ],
              [
                -71.92609475524907,
                44.87435423863714
              ],
              [
                -71.92606030896212,
                44.874318350910826
              ],
              [
                -71.92602665644564,
                44.87428218639935
              ],
              [
                -71.92599221303475,
                44.874246017902514
              ],
              [
                -71.92595856060281,
                44.87420985337095
              ],
              [
                -71.92592411727746,
                44.87417368485358
              ],
              [
                -71.9258904621297,
                44.87413780195172
              ],
              [
                -71.92585601888973,
                44.87410163341375
              ],
              [
                -71.92582236662676,
                44.87406546884202
              ],
              [
                -71.9257887144058,
                44.87402930426032
              ],
              [
                -71.92575427129391,
                44.873993135691656
              ],
              [
                -71.92572061636528,
                44.873957251839826
              ],
              [
                -71.92568617333878,
                44.873921083250615
              ],
              [
                -71.92565252128678,
                44.873884918628725
              ],
              [
                -71.92561807834583,
                44.87384875001896
              ],
              [
                -71.92558442917127,
                44.87381230462704
              ],
              [
                -71.92555157097799,
                44.87377586230377
              ],
              [
                -71.92551951214409,
                44.873738580799994
              ],
              [
                -71.92548903800265,
                44.873701026494956
              ],
              [
                -71.92546015136242,
                44.87366291684026
              ],
              [
                -71.9254328522031,
                44.87362425363681
              ],
              [
                -71.9254047621618,
                44.873585585547474
              ],
              [
                -71.92537746587857,
                44.87354664068081
              ],
              [
                -71.925350169632,
                44.87350769580755
              ],
              [
                -71.92532287342202,
                44.87346875092771
              ],
              [
                -71.92529557724866,
                44.87342980604125
              ],
              [
                -71.92526828390636,
                44.87339058039823
              ],
              [
                -71.92524178153397,
                44.87335135782931
              ],
              [
                -71.92521607291562,
                44.87331185848494
              ],
              [
                -71.9251903643322,
                44.87327235913467
              ],
              [
                -71.92516465578376,
                44.87323285977852
              ],
              [
                -71.92514053471308,
                44.8731928059792
              ],
              [
                -71.92511641087155,
                44.87315303382451
              ],
              [
                -71.92509308359224,
                44.873112702346525
              ],
              [
                -71.9250736577461,
                44.87307773402
              ],
              [
                -71.92504880188082,
                44.873032052221426
              ],
              [
                -71.92502864396452,
                44.87299117515742
              ],
              [
                -71.9250084860855,
                44.87295029718985
              ],
              [
                -71.9249899128665,
                44.87290914643313
              ],
              [
                -71.92497134246946,
                44.87286771492328
              ],
              [
                -71.92495356582053,
                44.87282600574294
              ],
              [
                -71.92493658011331,
                44.872784300542264
              ],
              [
                -71.92492038815107,
                44.87274231767181
              ],
              [
                -71.92490498711827,
                44.87270033968157
              ],
              [
                -71.92488958891268,
                44.872658080039216
              ],
              [
                -71.92487498444854,
                44.87261554272781
              ],
              [
                -71.92486116811374,
                44.87257329104728
              ],
              [
                -71.92484735459522,
                44.872530758614914
              ],
              [
                -71.92483354110573,
                44.8724882252808
              ],
              [
                -71.92482051853897,
                44.87244569682806
              ],
              [
                -71.92480749600004,
                44.872403167473784
              ],
              [
                -71.92479526438152,
                44.8723606430012
              ],
              [
                -71.92478303278966,
                44.87231811762724
              ],
              [
                -71.92477080120656,
                44.872275593151606
              ],
              [
                -71.92476015426433,
                44.87223279499222
              ],
              [
                -71.92475109195962,
                44.872189723149496
              ],
              [
                -71.92474282056668,
                44.87214665618959
              ],
              [
                -71.92473613100861,
                44.872103596296895
              ],
              [
                -71.92472944425708,
                44.872060255653544
              ],
              [
                -71.92472433932679,
                44.87201692297763
              ],
              [
                -71.92471923720076,
                44.87197330955117
              ],
              [
                -71.92471492318974,
                44.87192998085832
              ],
              [
                -71.92471060918486,
                44.871886652164996
              ],
              [
                -71.92470629518614,
                44.871843323471204
              ],
              [
                -71.92470277209632,
                44.87179999876116
              ],
              [
                -71.92469845810929,
                44.87175667006648
              ],
              [
                -71.92469493503,
                44.8717133453556
              ],
              [
                -71.92469062386067,
                44.871669735010165
              ],
              [
                -71.92468630989151,
                44.87162640631415
              ],
              [
                -71.9246827868283,
                44.87158308160196
              ],
              [
                -71.92467847287082,
                44.87153975290504
              ],
              [
                -71.92467494981814,
                44.871496428192025
              ],
              [
                -71.92467063587237,
                44.871453099494246
              ],
              [
                -71.92466711283019,
                44.87140977478037
              ],
              [
                -71.92466279889614,
                44.87136644608167
              ],
              [
                -71.92465848496823,
                44.87132311738253
              ],
              [
                -71.92465496473928,
                44.87127951191738
              ],
              [
                -71.92465065082308,
                44.871236183217334
              ],
              [
                -71.9246471278075,
                44.87119285850136
              ],
              [
                -71.92464281390302,
                44.87114952980041
              ],
              [
                -71.92463929089793,
                44.87110620508359
              ],
              [
                -71.92463497700514,
                44.871062876381785
              ],
              [
                -71.92463145401057,
                44.87101955166411
              ],
              [
                -71.92462714012947,
                44.87097622296141
              ],
              [
                -71.92462361995169,
                44.87093261659302
              ],
              [
                -71.9246193060823,
                44.87088928788942
              ],
              [
                -71.92461578310878,
                44.870845963170055
              ],
              [
                -71.92461146925112,
                44.870802634465576
              ],
              [
                -71.92460794628809,
                44.87075930974538
              ],
              [
                -71.92460363244213,
                44.870715981040014
              ],
              [
                -71.92460010948963,
                44.87067265631898
              ],
              [
                -71.92459579845274,
                44.87062904686265
              ],
              [
                -71.92459227551078,
                44.870585722140774
              ],
              [
                -71.92458796168822,
                44.870542393433595
              ],
              [
                -71.92458443875675,
                44.87049906871088
              ],
              [
                -71.9245801249459,
                44.87045574000283
              ],
              [
                -71.92457660202496,
                44.87041241527929
              ],
              [
                -71.92457228822578,
                44.870369086570335
              ],
              [
                -71.92456876531537,
                44.87032576184593
              ],
              [
                -71.92456445433439,
                44.87028215148619
              ],
              [
                -71.92456093143447,
                44.870238826760925
              ],
              [
                -71.92455740853953,
                44.87019550203529
              ],
              [
                -71.92455309476934,
                44.87015217332413
              ],
              [
                -71.9245495718849,
                44.87010884859762
              ],
              [
                -71.92454525812641,
                44.870065519885586
              ],
              [
                -71.92454173805008,
                44.87002191440817
              ],
              [
                -71.92453821518113,
                44.86997858968043
              ],
              [
                -71.92453390143991,
                44.86993526096706
              ],
              [
                -71.92453037858148,
                44.86989193623847
              ],
              [
                -71.92452606485196,
                44.8698486075242
              ],
              [
                -71.92452254200403,
                44.86980528279477
              ],
              [
                -71.92451822828622,
                44.86976195407962
              ],
              [
                -71.92451470825546,
                44.86971834769938
              ],
              [
                -71.92451118542301,
                44.869675022968714
              ],
              [
                -71.92450687172249,
                44.869631694252234
              ],
              [
                -71.92450334890053,
                44.869588369520706
              ],
              [
                -71.92449982608356,
                44.86954504478877
              ],
              [
                -71.92449551240027,
                44.86950171607098
              ],
              [
                -71.9244919895938,
                44.869458391338206
              ],
              [
                -71.92448767872001,
                44.86941478186942
              ],
              [
                -71.92448415592408,
                44.86937145713579
              ],
              [
                -71.92448063313309,
                44.86932813240175
              ],
              [
                -71.92447631947876,
                44.869284803681744
              ],
              [
                -71.9244727966983,
                44.86924147894687
              ],
              [
                -71.92446927392278,
                44.86919815421157
              ],
              [
                -71.92446496309256,
                44.869154543840274
              ],
              [
                -71.92446144032758,
                44.86911121910416
              ],
              [
                -71.92445791756754,
                44.86906789436761
              ],
              [
                -71.92445360394774,
                44.86902456564497
              ],
              [
                -71.92445008119822,
                44.86898124090759
              ],
              [
                -71.92444655845367,
                44.868937916169806
              ],
              [
                -71.9244422476491,
                44.8688943066957
              ],
              [
                -71.92443872491506,
                44.86885098195706
              ],
              [
                -71.92443520218599,
                44.86880765721802
              ],
              [
                -71.9244308886007,
                44.86876432849274
              ],
              [
                -71.92442736588214,
                44.86872100375283
              ],
              [
                -71.92442384316853,
                44.86867767901255
              ],
              [
                -71.92441953240751,
                44.86863406863594
              ],
              [
                -71.92441600970444,
                44.868590743894785
              ],
              [
                -71.92441248700631,
                44.86854741915323
              ],
              [
                -71.92440817345556,
                44.868504090425304
              ],
              [
                -71.92440465076793,
                44.868460765682904
              ],
              [
                -71.9244011280853,
                44.86841744094011
              ],
              [
                -71.92439760820572,
                44.86837383544675
              ],
              [
                -71.92439329467777,
                44.86833050671704
              ],
              [
                -71.92438977201061,
                44.868287181973
              ],
              [
                -71.92438624934839,
                44.868243857228535
              ],
              [
                -71.9243819358377,
                44.86820052849752
              ],
              [
                -71.92437841318599,
                44.868157203752205
              ],
              [
                -71.92437489334645,
                44.86811359735646
              ],
              [
                -71.92437137070466,
                44.86807027261034
              ],
              [
                -71.9243670572168,
                44.868026943877574
              ],
              [
                -71.92436353458552,
                44.8679836191306
              ],
              [
                -71.92436001195925,
                44.86794029438321
              ],
              [
                -71.9243556984886,
                44.86789696564912
              ],
              [
                -71.92435217867111,
                44.86785336015072
              ],
              [
                -71.92434865606029,
                44.86781003540209
              ],
              [
                -71.92434513345444,
                44.867766710653044
              ],
              [
                -71.92434082000662,
                44.86772338191718
              ],
              [
                -71.92433729741127,
                44.86768005716731
              ],
              [
                -71.92433377482087,
                44.86763673241701
              ],
              [
                -71.92433025504279,
                44.86759312601625
              ],
              [
                -71.9243259416178,
                44.86754979727867
              ],
              [
                -71.92432241904288,
                44.86750647252712
              ],
              [
                -71.92431889647291,
                44.86746314777516
              ],
              [
                -71.92431537390792,
                44.867419823022786
              ],
              [
                -71.92431106330422,
                44.867376213533234
              ],
              [
                -71.92430754074974,
                44.86733288878003
              ],
              [
                -71.92430401820022,
                44.8672895640264
              ],
              [
                -71.92430049565566,
                44.86724623927238
              ],
              [
                -71.92429618227628,
                44.86720291053125
              ],
              [
                -71.92429265974224,
                44.86715958577639
              ],
              [
                -71.92428914002065,
                44.867115979371036
              ],
              [
                -71.92428561749652,
                44.86707265461534
              ],
              [
                -71.92428130413995,
                44.86702932587248
              ],
              [
                -71.92427778162636,
                44.86698600111593
              ],
              [
                -71.9242742591177,
                44.866942676359
              ],
              [
                -71.924270736614,
                44.86689935160163
              ],
              [
                -71.92426642607889,
                44.866855742106786
              ],
              [
                -71.92426290358571,
                44.866812417348584
              ],
              [
                -71.92425938109751,
                44.866769092589976
              ],
              [
                -71.92425585861425,
                44.86672576783095
              ],
              [
                -71.9242515453033,
                44.86668243908457
              ],
              [
                -71.92424802283054,
                44.866639114324734
              ],
              [
                -71.92424450317043,
                44.86659550791436
              ],
              [
                -71.92424098070762,
                44.86655218315366
              ],
              [
                -71.9242366674195,
                44.86650885440554
              ],
              [
                -71.92423314496719,
                44.86646552964402
              ],
              [
                -71.92422962251982,
                44.86642220488209
              ],
              [
                -71.92422610287622,
                44.86637859936948
              ],
              [
                -71.92422178961091,
                44.866335270619594
              ],
              [
                -71.92421826717903,
                44.86629194585641
              ],
              [
                -71.92421474475213,
                44.8662486210928
              ],
              [
                -71.92421122233016,
                44.86620529632881
              ],
              [
                -71.92420690908766,
                44.86616196757717
              ],
              [
                -71.92420338948403,
                44.8661183611622
              ],
              [
                -71.92419986707755,
                44.86607503639693
              ],
              [
                -71.92419634467603,
                44.86603171163126
              ],
              [
                -71.92419203145634,
                44.86598838287788
              ],
              [
                -71.92418850906533,
                44.865945058111365
              ],
              [
                -71.92418498667928,
                44.86590173334445
              ],
              [
                -71.92418146709711,
                44.865858127826826
              ],
              [
                -71.92417794472101,
                44.86581480305909
              ],
              [
                -71.92417362873068,
                44.865771755053785
              ],
              [
                -71.92417010916405,
                44.86572814953491
              ],
              [
                -71.92416658680338,
                44.86568482476593
              ],
              [
                -71.92416306725565,
                44.86564121834638
              ],
              [
                -71.92416112654048,
                44.865597901551546
              ],
              [
                -71.92416077026131,
                44.8655543119811
              ],
              [
                -71.9241627836331,
                44.86551101512307
              ],
              [
                -71.92416638144145,
                44.86546744458943
              ],
              [
                -71.92416918562073,
                44.865424151718024
              ],
              [
                -71.92417278340925,
                44.865380582083326
              ],
              [
                -71.92417638120095,
                44.8653370115483
              ],
              [
                -71.92418076699266,
                44.86529372665028
              ],
              [
                -71.92418436476332,
                44.865250157014124
              ],
              [
                -71.92418875334961,
                44.86520659046494
              ],
              [
                -71.92419313912116,
                44.86516330556535
              ],
              [
                -71.92419831849585,
                44.86511974390217
              ],
              [
                -71.92420349506364,
                44.86507646298866
              ],
              [
                -71.92420946243338,
                44.86503318606168
              ],
              [
                -71.92421542979386,
                44.864989909134025
              ],
              [
                -71.92422297876284,
                44.86494664017973
              ],
              [
                -71.92423131572986,
                44.86490365596184
              ],
              [
                -71.92423965267517,
                44.86486067264282
              ],
              [
                -71.92424956842349,
                44.864817978046794
              ],
              [
                -71.92426027496334,
                44.86477528743627
              ],
              [
                -71.92427176949462,
                44.86473288156132
              ],
              [
                -71.92428326680707,
                44.86469019493451
              ],
              [
                -71.92429634290455,
                44.86464779792933
              ],
              [
                -71.9243094189915,
                44.86460540002236
              ],
              [
                -71.9243232858536,
                44.86456300699966
              ],
              [
                -71.92433794350711,
                44.8645206170612
              ],
              [
                -71.92435338913432,
                44.86447851275672
              ],
              [
                -71.92436962833854,
                44.86443613168535
              ],
              [
                -71.92438586192301,
                44.86439431211193
              ],
              [
                -71.92440288627552,
                44.8643524974214
              ],
              [
                -71.92442070141222,
                44.864310685813656
              ],
              [
                -71.92443930451599,
                44.864269159838365
              ],
              [
                -71.92445869839179,
                44.86422763784496
              ],
              [
                -71.92447808663582,
                44.864186678248416
              ],
              [
                -71.92449826844725,
                44.86414544188283
              ],
              [
                -71.92451844463534,
                44.864104767013984
              ],
              [
                -71.92454019958242,
                44.864064381760926
              ],
              [
                -71.92456274529516,
                44.86402400048789
              ],
              [
                -71.92458528817036,
                44.863983900860184
              ],
              [
                -71.92460940980774,
                44.863944089946536
              ],
              [
                -71.92463432220629,
                44.863904283011465
              ],
              [
                -71.92465923177389,
                44.86386475682091
              ],
              [
                -71.92468170450361,
                44.86383168673056
              ],
              [
                -71.92471220836805,
                44.86378628365689
              ],
              [
                -71.92473869661083,
                44.86374704706498
              ],
              [
                -71.92476597280458,
                44.863708096099934
              ],
              [
                -71.92479403976175,
                44.863669148211045
              ],
              [
                -71.92482210387627,
                44.86363048196506
              ],
              [
                -71.92485016795307,
                44.86359181571172
              ],
              [
                -71.92487823199211,
                44.86355314945104
              ],
              [
                -71.92490629599337,
                44.863514483182996
              ],
              [
                -71.92493595273262,
                44.863474700070206
              ],
              [
                -71.92452023165784,
                44.86329037900032
              ],
              [
                -71.9209756900559,
                44.86171847138148
              ],
              [
                -71.92084421037767,
                44.86166015615557
              ],
              [
                -71.92057830878498,
                44.86152157468573
              ],
              [
                -71.92026669399085,
                44.8613678557254
              ],
              [
                -71.92015268590592,
                44.861302316811894
              ],
              [
                -71.9158551892471,
                44.858829067823095
              ],
              [
                -71.91467600192018,
                44.85790795759198
              ],
              [
                -71.90812136568469,
                44.85089245334382
              ],
              [
                -71.90815205733523,
                44.85121530600427
              ],
              [
                -71.90824128794102,
                44.85192133735695
              ],
              [
                -71.90832822592185,
                44.85246537594683
              ],
              [
                -71.90842156233974,
                44.85323413876061
              ],
              [
                -71.90856469146352,
                44.85446871076222
              ],
              [
                -71.9086888494038,
                44.85531693529186
              ],
              [
                -71.90876601530809,
                44.855812272916225
              ],
              [
                -71.90884951910579,
                44.856151990635944
              ],
              [
                -71.90894855289213,
                44.85651962936434
              ],
              [
                -71.90908289149999,
                44.85699192217643
              ],
              [
                -71.90915967776405,
                44.85737027209382
              ],
              [
                -71.90926421313917,
                44.857818927874575
              ],
              [
                -71.90933504246789,
                44.8581613926062
              ],
              [
                -71.9094387076903,
                44.85854072447009
              ],
              [
                -71.90951041120316,
                44.858797844692376
              ],
              [
                -71.907849842164,
                44.85879430844745
              ],
              [
                -71.90781944787851,
                44.85875084378653
              ],
              [
                -71.90780462789093,
                44.85865374742454
              ],
              [
                -71.90787851155073,
                44.858465998347455
              ],
              [
                -71.90787168207508,
                44.85812934849294
              ],
              [
                -71.90781690813398,
                44.85791857549579
              ],
              [
                -71.9077882888746,
                44.85785627818796
              ],
              [
                -71.9078052814481,
                44.857818543148625
              ],
              [
                -71.90786560960541,
                44.85764169068465
              ],
              [
                -71.90781955405117,
                44.85742899392179
              ],
              [
                -71.90789296486773,
                44.85728722117991
              ],
              [
                -71.90803927512228,
                44.857207833007365
              ],
              [
                -71.90821309378089,
                44.85706756404281
              ],
              [
                -71.90829001731011,
                44.856891500137635
              ],
              [
                -71.90821193247147,
                44.856486146255776
              ],
              [
                -71.90812765707535,
                44.85622207132268
              ],
              [
                -71.90799950033727,
                44.85591910069116
              ],
              [
                -71.90772277685976,
                44.85576187287565
              ],
              [
                -71.90767879836577,
                44.85557815233633
              ],
              [
                -71.90746869369954,
                44.85547891799195
              ],
              [
                -71.90722461398404,
                44.85545431096235
              ],
              [
                -71.90678873620806,
                44.85516492687683
              ],
              [
                -71.90636855966918,
                44.85496392509733
              ],
              [
                -71.90594894098349,
                44.85501657957518
              ],
              [
                -71.90564891056725,
                44.85512750444782
              ],
              [
                -71.9052688391427,
                44.85533249991806
              ],
              [
                -71.9050234826048,
                44.85543203811134
              ],
              [
                -71.9047781440617,
                44.855529747298064
              ],
              [
                -71.9047541644731,
                44.85555479036709
              ],
              [
                -71.90473274230102,
                44.85556184991188
              ],
              [
                -71.90469188898999,
                44.85561295844338
              ],
              [
                -71.90455471429152,
                44.8557265578078
              ],
              [
                -71.90452217615118,
                44.855738057891664
              ],
              [
                -71.90446544369273,
                44.8557954115505
              ],
              [
                -71.90434337730817,
                44.855977424191565
              ],
              [
                -71.90423180018313,
                44.85606233147675
              ],
              [
                -71.90412150684226,
                44.856176069642345
              ],
              [
                -71.90400628329697,
                44.85630777971671
              ],
              [
                -71.90393175717587,
                44.85640356621925
              ],
              [
                -71.90377850558144,
                44.85654224877093
              ],
              [
                -71.90364981116676,
                44.856676559913865
              ],
              [
                -71.9035288638208,
                44.85674974693334
              ],
              [
                -71.90344006367869,
                44.85677276476142
              ],
              [
                -71.90333516353755,
                44.856823397835136
              ],
              [
                -71.90325591689317,
                44.85684013832535
              ],
              [
                -71.90309457736524,
                44.85684295050466
              ],
              [
                -71.903014010737,
                44.856834374598584
              ],
              [
                -71.90284629899739,
                44.856765162135396
              ],
              [
                -71.90272537952693,
                44.85675904588308
              ],
              [
                -71.90259704435404,
                44.85678185628234
              ],
              [
                -71.90250783522293,
                44.856844381696
              ],
              [
                -71.90241967794876,
                44.85695809363031
              ],
              [
                -71.90219352717074,
                44.857110875348226
              ],
              [
                -71.90205716470743,
                44.85714517247419
              ],
              [
                -71.90198442040503,
                44.85714479157598
              ],
              [
                -71.90177517217647,
                44.85719234626993
              ],
              [
                -71.90161403545925,
                44.85725182241656
              ],
              [
                -71.90148608018346,
                44.85731414400258
              ],
              [
                -71.90135756702514,
                44.85735396534072
              ],
              [
                -71.90130058114234,
                44.85735900924055
              ],
              [
                -71.90122868264976,
                44.857353289664815
              ],
              [
                -71.90114046945735,
                44.857319503401435
              ],
              [
                -71.90109235765802,
                44.85730758046415
              ],
              [
                -71.9009403666653,
                44.857323796550595
              ],
              [
                -71.90083466098514,
                44.857375547955655
              ],
              [
                -71.90071411989913,
                44.85740908328784
              ],
              [
                -71.90052958718896,
                44.857436939076756
              ],
              [
                -71.90043282380283,
                44.857465115010314
              ],
              [
                -71.9003845909146,
                44.85746486177599
              ],
              [
                -71.90019993671811,
                44.857504387030566
              ],
              [
                -71.90009508644833,
                44.85754981513549
              ],
              [
                -71.89986988736051,
                44.85768628678043
              ],
              [
                -71.89981277833564,
                44.85770314030882
              ],
              [
                -71.89971715985514,
                44.857697153837535
              ],
              [
                -71.89962092601002,
                44.85767429206746
              ],
              [
                -71.8995406291087,
                44.85763970209279
              ],
              [
                -71.89941419801391,
                44.85754305530571
              ],
              [
                -71.89809812520878,
                44.85887099919913
              ],
              [
                -71.8898693370645,
                44.86703711001493
              ],
              [
                -71.88563690567207,
                44.8711717881627
              ],
              [
                -71.88167483760216,
                44.87504166307025
              ],
              [
                -71.87923309906945,
                44.87746795232749
              ],
              [
                -71.87875258529387,
                44.87792361160756
              ],
              [
                -71.87839587606985,
                44.87826186180416
              ],
              [
                -71.87785847131131,
                44.878771449881704
              ],
              [
                -71.87999609493787,
                44.87991979645987
              ],
              [
                -71.88768226831442,
                44.88414403699276
              ],
              [
                -71.89795670005273,
                44.88965446743027
              ],
              [
                -71.9027692137418,
                44.89221539382778
              ],
              [
                -71.90722861220803,
                44.89458653004257
              ],
              [
                -71.91667320921493,
                44.89964020983355
              ],
              [
                -71.92014649911405,
                44.901534959428105
              ],
              [
                -71.91961335914726,
                44.90465313325866
              ],
              [
                -71.91938479548946,
                44.905818112054575
              ],
              [
                -71.91909291303425,
                44.90730573031119
              ],
              [
                -71.9182217546182,
                44.91174524840567
              ],
              [
                -71.91634210790785,
                44.921425368377115
              ],
              [
                -71.91454607439023,
                44.93092759807577
              ]
            ]
          ],
          [
            [
              [
                -71.91445525347979,
                44.84241352799296
              ],
              [
                -71.91487189350931,
                44.84262407785407
              ],
              [
                -71.91557900718333,
                44.84313501130237
              ],
              [
                -71.9161517251988,
                44.84372553965227
              ],
              [
                -71.91657046281212,
                44.84437770924813
              ],
              [
                -71.9168190418613,
                44.845049115564414
              ],
              [
                -71.91691472469425,
                44.84543866488089
              ],
              [
                -71.9238195189087,
                44.85282833021886
              ],
              [
                -71.92540525343264,
                44.853740706885766
              ],
              [
                -71.92726621532995,
                44.85481150028727
              ],
              [
                -71.93181352558882,
                44.85682802786234
              ],
              [
                -71.93867745833003,
                44.85011956170771
              ],
              [
                -71.94108712264666,
                44.84776390561709
              ],
              [
                -71.9397515466574,
                44.84707263610424
              ],
              [
                -71.9320230661266,
                44.84307188904145
              ],
              [
                -71.93175527631081,
                44.842935092944536
              ],
              [
                -71.9209625396231,
                44.837420756907946
              ],
              [
                -71.91995085461177,
                44.83690375000119
              ],
              [
                -71.91445525347979,
                44.84241352799296
              ]
            ]
          ],
          [
            [
              [
                -71.99418330959358,
                44.88396684419034
              ],
              [
                -71.99436267258153,
                44.88399182281887
              ],
              [
                -71.99900694027944,
                44.88466864306603
              ],
              [
                -71.99918945976056,
                44.88469503357474
              ],
              [
                -71.99926531405269,
                44.88470577153522
              ],
              [
                -72.0031983457632,
                44.885305340991984
              ],
              [
                -72.00324177870681,
                44.885314528751465
              ],
              [
                -72.00439556186886,
                44.8855537927981
              ],
              [
                -72.00576265224585,
                44.886013876459806
              ],
              [
                -72.00635345795658,
                44.88631170577508
              ],
              [
                -72.007615181792,
                44.886236163159296
              ],
              [
                -72.0082884390832,
                44.88623653342033
              ],
              [
                -72.00843352620396,
                44.88620031860882
              ],
              [
                -72.01063439986248,
                44.88564959354747
              ],
              [
                -72.0111003095602,
                44.88556413211164
              ],
              [
                -72.01102580976,
                44.88539311617729
              ],
              [
                -72.0106925703489,
                44.88485372808799
              ],
              [
                -72.01023225611394,
                44.88409388425731
              ],
              [
                -72.01006961350468,
                44.883782837656156
              ],
              [
                -72.00782963026198,
                44.882605235217405
              ],
              [
                -72.00542973517429,
                44.88134944323022
              ],
              [
                -72.00242480396719,
                44.87977690573628
              ],
              [
                -71.99951586089816,
                44.8782544433341
              ],
              [
                -71.99385029777528,
                44.87502672046098
              ],
              [
                -71.99118022218885,
                44.873651501540856
              ],
              [
                -71.98669380689907,
                44.8713331889723
              ],
              [
                -71.98645573286686,
                44.871697026547416
              ],
              [
                -71.98530386528036,
                44.873145717629676
              ],
              [
                -71.98672855720052,
                44.87508406939909
              ],
              [
                -71.9883552887658,
                44.87610317643625
              ],
              [
                -71.98898479157492,
                44.876565217589174
              ],
              [
                -71.9895585929792,
                44.87715523888173
              ],
              [
                -71.98997839951986,
                44.87780728073094
              ],
              [
                -71.9902333145097,
                44.87850076712272
              ],
              [
                -71.9903024050666,
                44.87891811590007
              ],
              [
                -71.9906932697375,
                44.883122034204995
              ],
              [
                -71.99105440418765,
                44.88397459616943
              ],
              [
                -71.99116851032798,
                44.883953451636074
              ],
              [
                -71.99267554856885,
                44.88386623095812
              ],
              [
                -71.99418330959358,
                44.88396684419034
              ]
            ]
          ],
          [
            [
              [
                -72.02286010181292,
                44.90235447826813
              ],
              [
                -72.0230331963514,
                44.90400732447988
              ],
              [
                -72.02430849148885,
                44.90348199601188
              ],
              [
                -72.02526027607033,
                44.90264597419415
              ],
              [
                -72.02534794803138,
                44.90257041121674
              ],
              [
                -72.02606589758975,
                44.90206664782531
              ],
              [
                -72.0268954207518,
                44.90165867366084
              ],
              [
                -72.02781267152459,
                44.90135960336494
              ],
              [
                -72.0283564948619,
                44.90124233564074
              ],
              [
                -72.03439442220159,
                44.900169257413545
              ],
              [
                -72.03482700782678,
                44.90010493479569
              ],
              [
                -72.03583167571703,
                44.90004659333918
              ],
              [
                -72.0368377131603,
                44.90011310703037
              ],
              [
                -72.03734587500088,
                44.90019587526934
              ],
              [
                -72.03936533951887,
                44.900594080006755
              ],
              [
                -72.03952092474739,
                44.90043441622367
              ],
              [
                -72.03986532295067,
                44.90011578431442
              ],
              [
                -72.04048452390187,
                44.89968066007959
              ],
              [
                -72.03669028510605,
                44.89772350465377
              ],
              [
                -72.03193961031477,
                44.895272633494876
              ],
              [
                -72.02906784943727,
                44.89379089735248
              ],
              [
                -72.02906781036182,
                44.89379087649406
              ],
              [
                -72.01801698827111,
                44.88796061715287
              ],
              [
                -72.01885036166856,
                44.88981890123489
              ],
              [
                -72.01918155325917,
                44.89023677324896
              ],
              [
                -72.01960337629929,
                44.890888150788726
              ],
              [
                -72.01985870424157,
                44.891581571224165
              ],
              [
                -72.01990953097197,
                44.891844156265535
              ],
              [
                -72.02055803099807,
                44.89626051871322
              ],
              [
                -72.02286010181292,
                44.90235447826813
              ]
            ]
          ],
          [
            [
              [
                -72.03582555952028,
                44.9217510848783
              ],
              [
                -72.03632876719516,
                44.9217843439571
              ],
              [
                -72.03636755570645,
                44.92178450143244
              ],
              [
                -72.03909087741667,
                44.92176937163077
              ],
              [
                -72.03955421414054,
                44.921740026598094
              ],
              [
                -72.04004257919772,
                44.92164947545557
              ],
              [
                -72.04030839784532,
                44.921571244050206
              ],
              [
                -72.0430777726685,
                44.92063833059685
              ],
              [
                -72.04327070095317,
                44.92056683047262
              ],
              [
                -72.04366248894563,
                44.92037436058739
              ],
              [
                -72.04369258470427,
                44.920372512808036
              ],
              [
                -72.0441809317998,
                44.92028194387403
              ],
              [
                -72.04432214689061,
                44.9202428570133
              ],
              [
                -72.04483631539209,
                44.920089959301784
              ],
              [
                -72.0451538304081,
                44.91997930206293
              ],
              [
                -72.04556865473391,
                44.9197753881328
              ],
              [
                -72.04592765098334,
                44.9195234438379
              ],
              [
                -72.04621968168146,
                44.919230457088716
              ],
              [
                -72.04643516659938,
                44.9189067947303
              ],
              [
                -72.04646733352796,
                44.91884280619528
              ],
              [
                -72.04648987997307,
                44.918794246544714
              ],
              [
                -72.04666150964884,
                44.91891331766635
              ],
              [
                -72.04680957211181,
                44.919009517307444
              ],
              [
                -72.0472219463811,
                44.91921671920238
              ],
              [
                -72.0476774920775,
                44.91937009704184
              ],
              [
                -72.04811852712112,
                44.91945620649131
              ],
              [
                -72.04816436994898,
                44.91946510588566
              ],
              [
                -72.0482205450983,
                44.91946870266256
              ],
              [
                -72.04828222159732,
                44.91947738298291
              ],
              [
                -72.04823121627611,
                44.91931914023143
              ],
              [
                -72.0480588960272,
                44.918984659641936
              ],
              [
                -72.04787150282307,
                44.918654619389294
              ],
              [
                -72.04774884473694,
                44.91844800504342
              ],
              [
                -72.04766934135806,
                44.91829021157996
              ],
              [
                -72.04760940879513,
                44.91816033600111
              ],
              [
                -72.04756370899182,
                44.91803248480647
              ],
              [
                -72.0475018745938,
                44.9178424214032
              ],
              [
                -72.04746403420185,
                44.91762095821468
              ],
              [
                -72.04749996432191,
                44.91737982083153
              ],
              [
                -72.0475478790868,
                44.91722534415669
              ],
              [
                -72.04762571154994,
                44.91699055937803
              ],
              [
                -72.04768765091306,
                44.91676358552463
              ],
              [
                -72.04774663661654,
                44.916812187566094
              ],
              [
                -72.04787440875424,
                44.916971859389626
              ],
              [
                -72.04794603738982,
                44.91702332349648
              ],
              [
                -72.0480104056243,
                44.917092193958275
              ],
              [
                -72.04810542807958,
                44.9171887444435
              ],
              [
                -72.04819363548303,
                44.91724589822915
              ],
              [
                -72.04854620816535,
                44.9174064584053
              ],
              [
                -72.04868366818633,
                44.91744130955012
              ],
              [
                -72.04882061410278,
                44.91744072580726
              ],
              [
                -72.04887583735801,
                44.91746456575446
              ],
              [
                -72.04894074399445,
                44.9174648221266
              ],
              [
                -72.04899597612169,
                44.9174875372033
              ],
              [
                -72.04912565750386,
                44.91750492196333
              ],
              [
                -72.04929306274936,
                44.91755704406419
              ],
              [
                -72.04951754532638,
                44.91759842426514
              ],
              [
                -72.04963860357887,
                44.91760508837848
              ],
              [
                -72.04980693507034,
                44.91764005990646
              ],
              [
                -72.05014391023919,
                44.91767007136844
              ],
              [
                -72.05031936616265,
                44.917705070203915
              ],
              [
                -72.05049662463996,
                44.91771195468236
              ],
              [
                -72.0505281944814,
                44.91772388983184
              ],
              [
                -72.05062480498894,
                44.917718927443914
              ],
              [
                -72.0508256829258,
                44.91774221463325
              ],
              [
                -72.05105853172493,
                44.9177259758356
              ],
              [
                -72.05110830073151,
                44.91773882645013
              ],
              [
                -72.05122659302727,
                44.91779581447357
              ],
              [
                -72.05125777128339,
                44.917858085247296
              ],
              [
                -72.0512648397649,
                44.91796694154216
              ],
              [
                -72.05124715124292,
                44.9181038226377
              ],
              [
                -72.05130374477653,
                44.918155225548865
              ],
              [
                -72.05139999929705,
                44.91819609818009
              ],
              [
                -72.0513998242528,
                44.91821859443627
              ],
              [
                -72.05136635574601,
                44.91824714656876
              ],
              [
                -72.0512048710264,
                44.91834915394262
              ],
              [
                -72.05118961472493,
                44.91837693440522
              ],
              [
                -72.05118780613678,
                44.918405891661855
              ],
              [
                -72.05122711175822,
                44.91854271504907
              ],
              [
                -72.05131474438036,
                44.91867438572247
              ],
              [
                -72.05136046614135,
                44.91880054821769
              ],
              [
                -72.05145628640211,
                44.9188973797821
              ],
              [
                -72.05156107449446,
                44.91896078272885
              ],
              [
                -72.05176089228252,
                44.91901921602511
              ],
              [
                -72.0518963290996,
                44.91911142255019
              ],
              [
                -72.05199979549747,
                44.91924315391084
              ],
              [
                -72.05205431605975,
                44.91935782139987
              ],
              [
                -72.05214209161753,
                44.91947149352952
              ],
              [
                -72.05230070297725,
                44.919637749579934
              ],
              [
                -72.05249893775574,
                44.91979853553899
              ],
              [
                -72.05261164440913,
                44.91986196853983
              ],
              [
                -72.05267562909738,
                44.91987937354207
              ],
              [
                -72.05284352414293,
                44.91997170606014
              ],
              [
                -72.05297733385703,
                44.920172170972975
              ],
              [
                -72.05303340115424,
                44.92029190584085
              ],
              [
                -72.05308128881613,
                44.92034355454049
              ],
              [
                -72.0531277699532,
                44.92037242001907
              ],
              [
                -72.05339099732832,
                44.92042125568834
              ],
              [
                -72.05356968658467,
                44.92044895065393
              ],
              [
                -72.05363367221646,
                44.92046635512135
              ],
              [
                -72.05366931536139,
                44.9204636823095
              ],
              [
                -72.05380228005265,
                44.92046701399751
              ],
              [
                -72.05423047379396,
                44.92047571599209
              ],
              [
                -72.05428509976552,
                44.92047508601305
              ],
              [
                -72.05442500188268,
                44.92050262825591
              ],
              [
                -72.05471004259343,
                44.92049474122749
              ],
              [
                -72.05472674844758,
                44.92048412031931
              ],
              [
                -72.05479878281355,
                44.92048440115208
              ],
              [
                -72.05488683129204,
                44.92046112257406
              ],
              [
                -72.05508793541236,
                44.920456562729946
              ],
              [
                -72.05540073554235,
                44.92044175227554
              ],
              [
                -72.05546551548501,
                44.92045887714724
              ],
              [
                -72.05549722663302,
                44.92045281391949
              ],
              [
                -72.05555167914282,
                44.92047467869447
              ],
              [
                -72.05565048221739,
                44.92049390479519
              ],
              [
                -72.05601988899028,
                44.92052964931886
              ],
              [
                -72.0561314962944,
                44.920530926332475
              ],
              [
                -72.05617897204053,
                44.92053364219736
              ],
              [
                -72.0562763481013,
                44.92053261406968
              ],
              [
                -72.05634474969885,
                44.92038777458227
              ],
              [
                -72.05652423883686,
                44.92010585440424
              ],
              [
                -72.05673630004459,
                44.91991151675093
              ],
              [
                -72.05710051743475,
                44.91969499027948
              ],
              [
                -72.05743084271933,
                44.91956213329981
              ],
              [
                -72.05786587400861,
                44.91940099627342
              ],
              [
                -72.05836421552243,
                44.91924179059744
              ],
              [
                -72.0588593514506,
                44.91908735050992
              ],
              [
                -72.05937833702211,
                44.918919220463685
              ],
              [
                -72.05960299877249,
                44.918835161074576
              ],
              [
                -72.05948119241172,
                44.91882231798088
              ],
              [
                -72.05421414236743,
                44.91839046766527
              ],
              [
                -72.0541086309948,
                44.91760153785498
              ],
              [
                -72.05408051605431,
                44.917449854455
              ],
              [
                -72.05395258926438,
                44.917103183555646
              ],
              [
                -72.0537421811066,
                44.91677728066338
              ],
              [
                -72.05345475289131,
                44.91648257196964
              ],
              [
                -72.05310052981325,
                44.91622753326773
              ],
              [
                -72.05268815772466,
                44.91602007173879
              ],
              [
                -72.05223183123798,
                44.91586699149848
              ],
              [
                -72.05179162853871,
                44.915778369790715
              ],
              [
                -72.05008298089055,
                44.915537120486306
              ],
              [
                -72.04943505551287,
                44.915087439115624
              ],
              [
                -72.04928620275594,
                44.914991802117804
              ],
              [
                -72.0480091272096,
                44.914226076995725
              ],
              [
                -72.04798153052919,
                44.914212469596436
              ],
              [
                -72.04760388042783,
                44.91402256220398
              ],
              [
                -72.04714758336716,
                44.91386946171178
              ],
              [
                -72.04666154587687,
                44.913774451777776
              ],
              [
                -72.04615840174317,
                44.913741239337774
              ],
              [
                -72.04587655275833,
                44.91374996090951
              ],
              [
                -72.04403927978022,
                44.913870310635915
              ],
              [
                -72.04381828375092,
                44.91389080020877
              ],
              [
                -72.04332998808667,
                44.91398164866281
              ],
              [
                -72.04287130408892,
                44.91413110565403
              ],
              [
                -72.04245650883512,
                44.914335291766754
              ],
              [
                -72.04235867440099,
                44.91439536079173
              ],
              [
                -72.04034257935758,
                44.91569574282796
              ],
              [
                -72.04008142235017,
                44.91588760277966
              ],
              [
                -72.03979017141994,
                44.91618029638293
              ],
              [
                -72.03957386583967,
                44.916504223809255
              ],
              [
                -72.03944049597972,
                44.916850139061296
              ],
              [
                -72.03939331470275,
                44.91720736949503
              ],
              [
                -72.03940665035033,
                44.917321595286744
              ],
              [
                -72.03802162772624,
                44.917788155211454
              ],
              [
                -72.03761560676665,
                44.91758375878507
              ],
              [
                -72.03716009998682,
                44.91743062168134
              ],
              [
                -72.03667325778466,
                44.91733556603386
              ],
              [
                -72.03617088024228,
                44.91730231271999
              ],
              [
                -72.03566800053848,
                44.91733148328245
              ],
              [
                -72.0353216211652,
                44.917389128933024
              ],
              [
                -72.03505678132656,
                44.917445699912214
              ],
              [
                -72.03233536450331,
                44.91598241009961
              ],
              [
                -72.02872130608264,
                44.91267118652828
              ],
              [
                -72.02866236828649,
                44.91261920027839
              ],
              [
                -72.02830748762412,
                44.91236408179194
              ],
              [
                -72.02812225106857,
                44.91227051658048
              ],
              [
                -72.02789523299528,
                44.91215653108509
              ],
              [
                -72.02743979510669,
                44.91200335535188
              ],
              [
                -72.02695301502101,
                44.911908258435034
              ],
              [
                -72.02645069069824,
                44.91187496255136
              ],
              [
                -72.02594785378766,
                44.911904090517254
              ],
              [
                -72.02545954745224,
                44.91199486254677
              ],
              [
                -72.02500083357884,
                44.912144247686875
              ],
              [
                -72.02458598993498,
                44.91234836875745
              ],
              [
                -72.02422773739438,
                44.91260024937461
              ],
              [
                -72.02393563159613,
                44.9128928982469
              ],
              [
                -72.02371924967402,
                44.91321679640742
              ],
              [
                -72.02358579261835,
                44.91356269297472
              ],
              [
                -72.02353851603168,
                44.913919915762065
              ],
              [
                -72.02356214301022,
                44.914125861513746
              ],
              [
                -72.02357989122828,
                44.91427694684231
              ],
              [
                -72.02370683748164,
                44.91462364784036
              ],
              [
                -72.02391785915343,
                44.914949608745545
              ],
              [
                -72.02414540037046,
                44.91519239934192
              ],
              [
                -72.02822998928362,
                44.91893399693695
              ],
              [
                -72.03273349533785,
                44.921356309412786
              ],
              [
                -72.03301896878565,
                44.92149133380828
              ],
              [
                -72.03347449415635,
                44.9216447681596
              ],
              [
                -72.03396057570579,
                44.92173983426933
              ],
              [
                -72.03446378214682,
                44.92177310066116
              ],
              [
                -72.03496670118126,
                44.921743935585724
              ],
              [
                -72.03531231323852,
                44.921686568696046
              ],
              [
                -72.03539954117163,
                44.92166808285699
              ],
              [
                -72.03582555952028,
                44.9217510848783
              ]
            ]
          ],
          [
            [
              [
                -72.0131948385983,
                44.922555614002064
              ],
              [
                -72.01328871783446,
                44.92287547047415
              ],
              [
                -72.0132903328965,
                44.92296546505588
              ],
              [
                -72.01339164774126,
                44.923154870952686
              ],
              [
                -72.01354241058151,
                44.92339482470516
              ],
              [
                -72.01361296042818,
                44.92357144437373
              ],
              [
                -72.0136920920881,
                44.923856929843346
              ],
              [
                -72.01374591533352,
                44.924233420014254
              ],
              [
                -72.01372036408704,
                44.92435310731542
              ],
              [
                -72.0136562147215,
                44.92444985256264
              ],
              [
                -72.0135828303212,
                44.924608986486795
              ],
              [
                -72.01355029144811,
                44.9247123337149
              ],
              [
                -72.01352471953541,
                44.924928195194326
              ],
              [
                -72.01355400390908,
                44.925304300092854
              ],
              [
                -72.01355249079612,
                44.92538978192538
              ],
              [
                -72.01368142996262,
                44.925402141944076
              ],
              [
                -72.01375486357234,
                44.9254249515399
              ],
              [
                -72.01380286719129,
                44.925459182047874
              ],
              [
                -72.01383376470811,
                44.925550426086524
              ],
              [
                -72.01383299147132,
                44.92564209772011
              ],
              [
                -72.01386462860687,
                44.925739531547336
              ],
              [
                -72.01384059910609,
                44.92577261220529
              ],
              [
                -72.01380787025671,
                44.925898455590094
              ],
              [
                -72.01379825115589,
                44.926006399820366
              ],
              [
                -72.01390077679628,
                44.926240804143355
              ],
              [
                -72.01403725472412,
                44.926486038876654
              ],
              [
                -72.01408496778517,
                44.92655485747316
              ],
              [
                -72.01421136407143,
                44.926681377890596
              ],
              [
                -72.01470794394307,
                44.9270352849755
              ],
              [
                -72.01494776857908,
                44.927230620414576
              ],
              [
                -72.01508363049837,
                44.92736167943568
              ],
              [
                -72.01520271640766,
                44.92751066460443
              ],
              [
                -72.01545888866328,
                44.92773953294605
              ],
              [
                -72.01560892518788,
                44.92797413723257
              ],
              [
                -72.01599288338481,
                44.928448200109635
              ],
              [
                -72.01607184070605,
                44.92856804995642
              ],
              [
                -72.01613386663188,
                44.92881859080332
              ],
              [
                -72.01613314890639,
                44.92890407598767
              ],
              [
                -72.01617282991397,
                44.929081407198005
              ],
              [
                -72.01629949093464,
                44.929366247852165
              ],
              [
                -72.01629955570571,
                44.92945286118854
              ],
              [
                -72.01624169371627,
                44.92955497699483
              ],
              [
                -72.0161048023805,
                44.92963988526766
              ],
              [
                -72.01604088955774,
                44.929708229983675
              ],
              [
                -72.01599904998817,
                44.92978791666132
              ],
              [
                -72.01599125859687,
                44.92986718520486
              ],
              [
                -72.01600745470888,
                44.929918434285916
              ],
              [
                -72.01605447331548,
                44.929976282288095
              ],
              [
                -72.01614276735438,
                44.93002165019815
              ],
              [
                -72.01619840533358,
                44.93009021978401
              ],
              [
                -72.01619792138077,
                44.93014786648093
              ],
              [
                -72.01617300048437,
                44.93019275469848
              ],
              [
                -72.01611738443336,
                44.930215859146664
              ],
              [
                -72.01600433967039,
                44.93028933911548
              ],
              [
                -72.01597951067589,
                44.9303232599926
              ],
              [
                -72.01597888243302,
                44.930398059507475
              ],
              [
                -72.01601151584406,
                44.93047187514189
              ],
              [
                -72.01609942336108,
                44.93056336007782
              ],
              [
                -72.01610601993384,
                44.930626379333155
              ],
              [
                -72.01600125582254,
                44.930750793152136
              ],
              [
                -72.01587291905422,
                44.9308537348981
              ],
              [
                -72.01585552740237,
                44.93094477358931
              ],
              [
                -72.01576654236568,
                44.9310757223836
              ],
              [
                -72.0157497035453,
                44.93119516527574
              ],
              [
                -72.0157079570055,
                44.93126360377453
              ],
              [
                -72.0155478594739,
                44.93137709648078
              ],
              [
                -72.0154663111148,
                44.93137675052471
              ],
              [
                -72.01541070072686,
                44.93139901146445
              ],
              [
                -72.01538670756007,
                44.931427593190904
              ],
              [
                -72.01534496041957,
                44.93149603155163
              ],
              [
                -72.01527248219837,
                44.93154690437514
              ],
              [
                -72.01507984948996,
                44.93157477013872
              ],
              [
                -72.01501463854905,
                44.931608800987206
              ],
              [
                -72.01500707273684,
                44.93166107412792
              ],
              [
                -72.01499179545146,
                44.93168884960024
              ],
              [
                -72.01490299017561,
                44.93172523684055
              ],
              [
                -72.01798474610672,
                44.93167903401523
              ],
              [
                -72.02090814931042,
                44.93164290934125
              ],
              [
                -72.01918836237336,
                44.93071391933442
              ],
              [
                -72.01870138154592,
                44.9304359994337
              ],
              [
                -72.0172832023924,
                44.92941540382936
              ],
              [
                -72.01613559402266,
                44.92823564668094
              ],
              [
                -72.01529308941346,
                44.92693175282665
              ],
              [
                -72.01478382698465,
                44.92554490535741
              ],
              [
                -72.01464221394775,
                44.92468717109914
              ],
              [
                -72.01449467973346,
                44.92302908334
              ],
              [
                -72.01319504200542,
                44.922437787667356
              ],
              [
                -72.0131948385983,
                44.922555614002064
              ]
            ]
          ],
          [
            [
              [
                -71.9960860985143,
                44.9184626092403
              ],
              [
                -71.99425071229739,
                44.91906078856958
              ],
              [
                -71.9924365164953,
                44.91940566030596
              ],
              [
                -71.98993775383526,
                44.91972916949441
              ],
              [
                -71.98897904511777,
                44.920720654669935
              ],
              [
                -71.98844965011124,
                44.923731747965626
              ],
              [
                -71.98695285043601,
                44.932245700122465
              ],
              [
                -71.99465357586767,
                44.93206790654602
              ],
              [
                -71.99462344069661,
                44.93180440931471
              ],
              [
                -71.99481253557009,
                44.93037500601348
              ],
              [
                -71.99515446723287,
                44.92939256047096
              ],
              [
                -71.99539921073601,
                44.92883881186497
              ],
              [
                -71.99559273191365,
                44.92843809705921
              ],
              [
                -71.99570378120492,
                44.9282333032384
              ],
              [
                -71.9978443011556,
                44.92444919357268
              ],
              [
                -71.99859794551737,
                44.923359436189834
              ],
              [
                -71.99976629035845,
                44.922188532972534
              ],
              [
                -72.00011066751614,
                44.92191276625156
              ],
              [
                -72.00098486558815,
                44.92124505606258
              ],
              [
                -72.00099624189815,
                44.9211196853788
              ],
              [
                -72.00079213855942,
                44.92110417037937
              ],
              [
                -71.99981930562241,
                44.92091403243888
              ],
              [
                -71.99890766121051,
                44.92060660912151
              ],
              [
                -71.99808324865576,
                44.92019157573301
              ],
              [
                -71.99737446169179,
                44.91968115256081
              ],
              [
                -71.99680095228767,
                44.91909117618129
              ],
              [
                -71.99637997801302,
                44.91843943970431
              ],
              [
                -71.99634288019065,
                44.91833663425404
              ],
              [
                -71.9960860985143,
                44.9184626092403
              ]
            ]
          ]
        ]
      }
    },
    {
      "type": "Feature",
      "properties": {
        "Abbreviated_District_Name": "IND/RES",
        "County": "Orleans",
        "Jurisdiction_District_Name": "Morgan"
      },
      "geometry": {
        "type": "MultiPolygon",
        "coordinates": [
          [
            [
              [
                -71.95725635506585,
                44.86641689671656
              ],
              [
                -71.95728485491594,
                44.86649802187929
              ],
              [
                -71.95733632956396,
                44.86665912106932
              ],
              [
                -71.95740811005467,
                44.866847594945284
              ],
              [
                -71.95747586020093,
                44.867044204388186
              ],
              [
                -71.95756678945854,
                44.86729913478571
              ],
              [
                -71.95763254045387,
                44.86745608386346
              ],
              [
                -71.9577149142503,
                44.867695787923694
              ],
              [
                -71.95784077514233,
                44.867936824126595
              ],
              [
                -71.95790947987324,
                44.86811628328863
              ],
              [
                -71.95801495165105,
                44.86833894312452
              ],
              [
                -71.95812186084238,
                44.86857707690633
              ],
              [
                -71.9582006057413,
                44.86878245521853
              ],
              [
                -71.9582990358683,
                44.86899720736202
              ],
              [
                -71.9583413883074,
                44.86928818371042
              ],
              [
                -71.95836497702946,
                44.86938728297693
              ],
              [
                -71.958392804741,
                44.869540395460035
              ],
              [
                -71.95841448990919,
                44.869758158058396
              ],
              [
                -71.95841668006925,
                44.86994630116031
              ],
              [
                -71.9584174493388,
                44.87011728300559
              ],
              [
                -71.9583879302006,
                44.87031314881366
              ],
              [
                -71.95837178772946,
                44.87043202628062
              ],
              [
                -71.95836665172104,
                44.87055798584673
              ],
              [
                -71.95835307663181,
                44.87074042897055
              ],
              [
                -71.95830667643818,
                44.870965180172846
              ],
              [
                -71.9582891597448,
                44.871146198959615
              ],
              [
                -71.95826647017665,
                44.87137274988033
              ],
              [
                -71.95824208307025,
                44.87152730193418
              ],
              [
                -71.95823017411065,
                44.871616390748265
              ],
              [
                -71.95822908453763,
                44.871732526536064
              ],
              [
                -71.95823681365974,
                44.87183604997402
              ],
              [
                -71.95823093641543,
                44.87195666336995
              ],
              [
                -71.95825583872875,
                44.8720844526766
              ],
              [
                -71.95829187988396,
                44.87220526401032
              ],
              [
                -71.95835052799553,
                44.87236133475709
              ],
              [
                -71.95838441830983,
                44.872458514776824
              ],
              [
                -71.95843213911967,
                44.87259906643025
              ],
              [
                -71.95850465275254,
                44.8727948544633
              ],
              [
                -71.95858521321905,
                44.872976056564646
              ],
              [
                -71.95864706877126,
                44.873127642920196
              ],
              [
                -71.95872094158501,
                44.873347339979
              ],
              [
                -71.95878248687272,
                44.87353210802931
              ],
              [
                -71.95890402269266,
                44.87381446032084
              ],
              [
                -71.9589494916144,
                44.87394234687781
              ],
              [
                -71.95913347813257,
                44.87380654840455
              ],
              [
                -71.95922133161082,
                44.873716132786036
              ],
              [
                -71.95933004396385,
                44.87359431898802
              ],
              [
                -71.95943466694321,
                44.87348682809001
              ],
              [
                -71.9595471909231,
                44.87338021857674
              ],
              [
                -71.95965492682653,
                44.87327808482003
              ],
              [
                -71.95976187141332,
                44.87317594811646
              ],
              [
                -71.95988467621308,
                44.87306938599776
              ],
              [
                -71.96004021080968,
                44.87293063933814
              ],
              [
                -71.9601407662331,
                44.87283493953711
              ],
              [
                -71.96024435883682,
                44.87275275227281
              ],
              [
                -71.96034495828269,
                44.87265227230876
              ],
              [
                -71.96046638924494,
                44.8725232059413
              ],
              [
                -71.96056403964403,
                44.87239965229792
              ],
              [
                -71.9606671025865,
                44.87228934073905
              ],
              [
                -71.96080519899064,
                44.87215416599665
              ],
              [
                -71.96091293036375,
                44.87205203190954
              ],
              [
                -71.96103641918884,
                44.87195643955779
              ],
              [
                -71.96117744403324,
                44.87184630667818
              ],
              [
                -71.96130633454882,
                44.87176508098355
              ],
              [
                -71.96144482571422,
                44.87167209032637
              ],
              [
                -71.96159929184353,
                44.87156230106935
              ],
              [
                -71.96173535167695,
                44.871475485303755
              ],
              [
                -71.96192787434232,
                44.87135575125384
              ],
              [
                -71.9620234348481,
                44.871286179594016
              ],
              [
                -71.96209964683212,
                44.8712558857947
              ],
              [
                -71.96250519936375,
                44.87102213783017
              ],
              [
                -71.96268275208266,
                44.87089586456708
              ],
              [
                -71.96286830189106,
                44.870760067358425
              ],
              [
                -71.96305231087693,
                44.87061976317478
              ],
              [
                -71.96323800267825,
                44.870468499699754
              ],
              [
                -71.96332332301348,
                44.87039409772141
              ],
              [
                -71.96345089198823,
                44.870284179533904
              ],
              [
                -71.96361809094978,
                44.87016516772321
              ],
              [
                -71.96377888642601,
                44.87005428125906
              ],
              [
                -71.96390538880215,
                44.86997388548442
              ],
              [
                -71.96395153409182,
                44.86994457415544
              ],
              [
                -71.96425491604332,
                44.869724401016214
              ],
              [
                -71.96446270205917,
                44.86957801936163
              ],
              [
                -71.96462664996771,
                44.86946798966754
              ],
              [
                -71.96478595103399,
                44.86934725181992
              ],
              [
                -71.96494522538109,
                44.86922932576415
              ],
              [
                -71.96509406928654,
                44.86912738028875
              ],
              [
                -71.96526620722136,
                44.86898673523084
              ],
              [
                -71.9653865188085,
                44.86889112324633
              ],
              [
                -71.96552747581866,
                44.86878660890143
              ],
              [
                -71.96565707921009,
                44.868712412393535
              ],
              [
                -71.96579389108793,
                44.86862840740928
              ],
              [
                -71.96594032555585,
                44.86853010488429
              ],
              [
                -71.9660787339217,
                44.86844441883663
              ],
              [
                -71.96625676809187,
                44.86834991986729
              ],
              [
                -71.96640777994912,
                44.86826963584153
              ],
              [
                -71.96660173930638,
                44.86816339883977
              ],
              [
                -71.96674869724772,
                44.86809378156731
              ],
              [
                -71.96692911738731,
                44.867997605399204
              ],
              [
                -71.96709152370903,
                44.8678822214191
              ],
              [
                -71.96719978557965,
                44.867806236274845
              ],
              [
                -71.96731904388581,
                44.86773845798166
              ],
              [
                -71.96751483815645,
                44.86760438821567
              ],
              [
                -71.967683429042,
                44.86750421779214
              ],
              [
                -71.9678345507174,
                44.86741155895152
              ],
              [
                -71.9679822624351,
                44.86734559983023
              ],
              [
                -71.96813945621223,
                44.86728052786955
              ],
              [
                -71.96835050740117,
                44.86720698833317
              ],
              [
                -71.968518673885,
                44.86715265307218
              ],
              [
                -71.96871061970018,
                44.8670925231399
              ],
              [
                -71.96888588501002,
                44.86704018841153
              ],
              [
                -71.96913930128291,
                44.86700368395132
              ],
              [
                -71.96934826728369,
                44.866984689347404
              ],
              [
                -71.96954702452011,
                44.86695777204368
              ],
              [
                -71.96973084593198,
                44.86692094299454
              ],
              [
                -71.96980924770679,
                44.86690949600179
              ],
              [
                -71.9699170164046,
                44.86688665593122
              ],
              [
                -71.97002488565508,
                44.86685284841782
              ],
              [
                -71.97007169234924,
                44.866837035955236
              ],
              [
                -71.97014941918725,
                44.86681293140331
              ],
              [
                -71.9703256382498,
                44.866742601172085
              ],
              [
                -71.97045823442203,
                44.866685848355715
              ],
              [
                -71.97060913817418,
                44.866616244392816
              ],
              [
                -71.97074807851024,
                44.866557552596596
              ],
              [
                -71.97093518746631,
                44.86650695689006
              ],
              [
                -71.97104006204783,
                44.86645457439713
              ],
              [
                -71.97120571745945,
                44.86641484668585
              ],
              [
                -71.97134266579923,
                44.866400857567946
              ],
              [
                -71.97147812760917,
                44.86637645692629
              ],
              [
                -71.97167003037168,
                44.866406871924376
              ],
              [
                -71.9718439884021,
                44.866410488701895
              ],
              [
                -71.97201157864421,
                44.866418575204044
              ],
              [
                -71.97214840344888,
                44.86641808283617
              ],
              [
                -71.97247505957631,
                44.8664150927521
              ],
              [
                -71.97269880694972,
                44.86642259443783
              ],
              [
                -71.97297238730444,
                44.86642919990846
              ],
              [
                -71.97314087634506,
                44.8664254778996
              ],
              [
                -71.9732611397822,
                44.86641984593643
              ],
              [
                -71.97339400015959,
                44.86642045864831
              ],
              [
                -71.97359244351368,
                44.86642756023626
              ],
              [
                -71.97374262031205,
                44.866437251217434
              ],
              [
                -71.97388965943333,
                44.86644411540338
              ],
              [
                -71.97402269913808,
                44.86642504320748
              ],
              [
                -71.97414770751092,
                44.86641943216385
              ],
              [
                -71.97428938995641,
                44.86640658616758
              ],
              [
                -71.97438363245553,
                44.866392396808045
              ],
              [
                -71.97454686176336,
                44.86635827736995
              ],
              [
                -71.97466263569872,
                44.866324501841774
              ],
              [
                -71.9748133442716,
                44.866275701281076
              ],
              [
                -71.97490858689876,
                44.8662384565122
              ],
              [
                -71.97504197851056,
                44.86618057716817
              ],
              [
                -71.97515141747728,
                44.866147616116336
              ],
              [
                -71.97527929581476,
                44.86608717977756
              ],
              [
                -71.97535093040912,
                44.86603689030674
              ],
              [
                -71.97542568477698,
                44.86599139621452
              ],
              [
                -71.9755034465805,
                44.8659630695102
              ],
              [
                -71.97555273080039,
                44.865935455174316
              ],
              [
                -71.9756354110392,
                44.865888028390586
              ],
              [
                -71.97571182067503,
                44.86583438604386
              ],
              [
                -71.97580989385419,
                44.865746534931105
              ],
              [
                -71.97583372711648,
                44.86572507135677
              ],
              [
                -71.96330644756843,
                44.85926612717856
              ],
              [
                -71.94680735102965,
                44.85072422568791
              ],
              [
                -71.94368220679605,
                44.84910698085291
              ],
              [
                -71.94108712264666,
                44.84776390561709
              ],
              [
                -71.93867745833003,
                44.85011956170771
              ],
              [
                -71.93181352558882,
                44.85682802786234
              ],
              [
                -71.93124976288003,
                44.85738694834007
              ],
              [
                -71.93123059906527,
                44.85740583512013
              ],
              [
                -71.93118689979472,
                44.85742698979578
              ],
              [
                -71.92848077124127,
                44.86008473710181
              ],
              [
                -71.92823881883909,
                44.86032171524193
              ],
              [
                -71.92840333911393,
                44.86039790431384
              ],
              [
                -71.92848048181027,
                44.86043372343402
              ],
              [
                -71.92890510195087,
                44.86059698313539
              ],
              [
                -71.9293377653525,
                44.86074678404491
              ],
              [
                -71.92966670943207,
                44.86082941707553
              ],
              [
                -71.93002416601301,
                44.86090769203083
              ],
              [
                -71.93023778650884,
                44.86097709268173
              ],
              [
                -71.93071460468565,
                44.86106046034314
              ],
              [
                -71.93103384047144,
                44.86108539249993
              ],
              [
                -71.9311942478459,
                44.86109800255808
              ],
              [
                -71.9316722935438,
                44.861137221196
              ],
              [
                -71.93227561687938,
                44.861142753402135
              ],
              [
                -71.93278191181929,
                44.861123896857926
              ],
              [
                -71.9333969760152,
                44.8610611458624
              ],
              [
                -71.93411591720404,
                44.86096937833773
              ],
              [
                -71.93500104928044,
                44.86070295160357
              ],
              [
                -71.93552951146236,
                44.860600108928736
              ],
              [
                -71.9360485074918,
                44.86049468658007
              ],
              [
                -71.93651535615446,
                44.86038450515075
              ],
              [
                -71.93717736680048,
                44.86029075103986
              ],
              [
                -71.93721774420322,
                44.86028588816004
              ],
              [
                -71.93777193754539,
                44.86021971979777
              ],
              [
                -71.9382601860691,
                44.860185283762576
              ],
              [
                -71.93861589044892,
                44.86020053114076
              ],
              [
                -71.93926567345044,
                44.86022537648138
              ],
              [
                -71.93966556471364,
                44.86025068049914
              ],
              [
                -71.93981257543808,
                44.86025843162366
              ],
              [
                -71.94028047689991,
                44.86028350464102
              ],
              [
                -71.9410326425444,
                44.86035186795262
              ],
              [
                -71.94155690840816,
                44.86043626576871
              ],
              [
                -71.9417619734007,
                44.860492105631266
              ],
              [
                -71.94196300626731,
                44.8605560801962
              ],
              [
                -71.94219470513876,
                44.86063820192745
              ],
              [
                -71.94240261964423,
                44.86072667454838
              ],
              [
                -71.94263955938324,
                44.86083947380302
              ],
              [
                -71.9428874757326,
                44.86096216817146
              ],
              [
                -71.9431383501599,
                44.861106248730515
              ],
              [
                -71.94340964473582,
                44.861265051415465
              ],
              [
                -71.94381131405906,
                44.86151728927603
              ],
              [
                -71.9441699383871,
                44.86172319703501
              ],
              [
                -71.94450448946212,
                44.86188342981391
              ],
              [
                -71.94469916082441,
                44.86195186803637
              ],
              [
                -71.94514976384833,
                44.86213291059548
              ],
              [
                -71.9455656754427,
                44.86230337756917
              ],
              [
                -71.94584934576243,
                44.86240992860832
              ],
              [
                -71.94609843588808,
                44.86249409573145
              ],
              [
                -71.94639800189036,
                44.86259256682897
              ],
              [
                -71.94668574760341,
                44.86268676210288
              ],
              [
                -71.94696499487915,
                44.86276010562401
              ],
              [
                -71.94737996432477,
                44.862864758119564
              ],
              [
                -71.94780887103892,
                44.8630006908527
              ],
              [
                -71.94789717023914,
                44.863029239207485
              ],
              [
                -71.94805396161954,
                44.86309017698861
              ],
              [
                -71.9482747211766,
                44.86316042247037
              ],
              [
                -71.94857832349769,
                44.86325103333189
              ],
              [
                -71.94898235713252,
                44.86334212889848
              ],
              [
                -71.94929870802694,
                44.863422957295555
              ],
              [
                -71.94963247601007,
                44.86350189980162
              ],
              [
                -71.94993172312482,
                44.86355199208969
              ],
              [
                -71.95013857903886,
                44.86358785883095
              ],
              [
                -71.9503801766495,
                44.86362951669102
              ],
              [
                -71.95058232045386,
                44.86366198537683
              ],
              [
                -71.95083104388704,
                44.86370283247045
              ],
              [
                -71.9511779412713,
                44.8637320590835
              ],
              [
                -71.95135502613864,
                44.863738534244526
              ],
              [
                -71.95167575833057,
                44.863774945217365
              ],
              [
                -71.95184877199348,
                44.863793773501065
              ],
              [
                -71.95208192903152,
                44.863808390659756
              ],
              [
                -71.95231653980592,
                44.86383651260727
              ],
              [
                -71.95255577566665,
                44.863877311343316
              ],
              [
                -71.9527676243055,
                44.863887325525
              ],
              [
                -71.95306865485142,
                44.863916607367166
              ],
              [
                -71.95327486433341,
                44.86393756141419
              ],
              [
                -71.95335850274327,
                44.863957646795924
              ],
              [
                -71.95348798896704,
                44.86397991957816
              ],
              [
                -71.95367728617958,
                44.86403313117446
              ],
              [
                -71.95398345483977,
                44.864104618248355
              ],
              [
                -71.95416471735254,
                44.86417128891315
              ],
              [
                -71.95440917814733,
                44.864245291138666
              ],
              [
                -71.95467317870741,
                44.864343852249355
              ],
              [
                -71.95487468260033,
                44.86444464583036
              ],
              [
                -71.95514403484594,
                44.864562916402726
              ],
              [
                -71.9554045805948,
                44.86469267368319
              ],
              [
                -71.95560287869161,
                44.864798230880695
              ],
              [
                -71.95578164830076,
                44.86487810461404
              ],
              [
                -71.95593908234736,
                44.864956188240264
              ],
              [
                -71.9559838355859,
                44.86499070958966
              ],
              [
                -71.95608728295358,
                44.865091033878265
              ],
              [
                -71.95624251689925,
                44.865234910769
              ],
              [
                -71.95641687682658,
                44.86536341214198
              ],
              [
                -71.95657751313574,
                44.865521656666914
              ],
              [
                -71.95671672138435,
                44.865687954693115
              ],
              [
                -71.95679529074755,
                44.865826966656996
              ],
              [
                -71.95693597360959,
                44.866004800759
              ],
              [
                -71.95702882908317,
                44.86613853786518
              ],
              [
                -71.95720685958032,
                44.8662977082746
              ],
              [
                -71.95725635506585,
                44.86641689671656
              ]
            ]
          ],
          [
            [
              [
                -72.06375807333295,
                44.91244931931339
              ],
              [
                -72.06372705254637,
                44.91246944808501
              ],
              [
                -72.06369928275427,
                44.91247834078488
              ],
              [
                -72.06367141082042,
                44.9125007312676
              ],
              [
                -72.06363002415392,
                44.9125309440433
              ],
              [
                -72.06360534361895,
                44.91254997215885
              ],
              [
                -72.06358699277264,
                44.912569305219115
              ],
              [
                -72.06355752927976,
                44.91259281444009
              ],
              [
                -72.06353604866666,
                44.912607355376
              ],
              [
                -72.06351374250646,
                44.91262639254581
              ],
              [
                -72.06349383631458,
                44.91264206433938
              ],
              [
                -72.06347075354496,
                44.91265913049779
              ],
              [
                -72.06344447291094,
                44.91268040215858
              ],
              [
                -72.0634150178193,
                44.91270278652616
              ],
              [
                -72.06339673711832,
                44.91271284027518
              ],
              [
                -72.06336096717824,
                44.91273295079035
              ],
              [
                -72.06332517165943,
                44.91275643574125
              ],
              [
                -72.0633052909264,
                44.91276873305415
              ],
              [
                -72.06327588684903,
                44.912784368490975
              ],
              [
                -72.06325752090532,
                44.91280567037417
              ],
              [
                -72.06322328057736,
                44.91283281654707
              ],
              [
                -72.06319856569715,
                44.91285634383536
              ],
              [
                -72.06318025934745,
                44.912869771996064
              ],
              [
                -72.06314600402901,
                44.91289888702252
              ],
              [
                -72.06312454024192,
                44.912911178248144
              ],
              [
                -72.06309506572913,
                44.91293609381645
              ],
              [
                -72.06307360191735,
                44.91294838503233
              ],
              [
                -72.06305374876862,
                44.91295702619984
              ],
              [
                -72.06302906572664,
                44.91297633584187
              ],
              [
                -72.06301782299123,
                44.91299766494045
              ],
              [
                -72.06299946328068,
                44.91301812271908
              ],
              [
                -72.06294534392345,
                44.9130572853076
              ],
              [
                -72.06292862042199,
                44.913070719484956
              ],
              [
                -72.06291344364497,
                44.91308894063431
              ],
              [
                -72.06273292378418,
                44.91330506363874
              ],
              [
                -72.06258365257305,
                44.913470969536164
              ],
              [
                -72.06252628118666,
                44.91362569806024
              ],
              [
                -72.06251739121745,
                44.91385850755694
              ],
              [
                -72.06231134095529,
                44.914100685229855
              ],
              [
                -72.06215238837156,
                44.9143945044413
              ],
              [
                -72.06204248380118,
                44.914483227675554
              ],
              [
                -72.06199931220726,
                44.91464391536213
              ],
              [
                -72.06198569851222,
                44.91466467283572
              ],
              [
                -72.06193508794937,
                44.914762621243156
              ],
              [
                -72.06193376977386,
                44.91493612441844
              ],
              [
                -72.0618806515939,
                44.915259876823356
              ],
              [
                -72.06171388133939,
                44.91595664250378
              ],
              [
                -72.06144664639852,
                44.916748634145414
              ],
              [
                -72.0613241634505,
                44.91703331256634
              ],
              [
                -72.0611288396884,
                44.91742400902399
              ],
              [
                -72.06096811096523,
                44.917741160621524
              ],
              [
                -72.06079588633048,
                44.918008492825415
              ],
              [
                -72.06053790187705,
                44.918310928369344
              ],
              [
                -72.06022981892589,
                44.91853921126189
              ],
              [
                -72.05979590930664,
                44.91876250899351
              ],
              [
                -72.05960299877249,
                44.918835161074576
              ],
              [
                -72.05937833702211,
                44.918919220463685
              ],
              [
                -72.0588593514506,
                44.91908735050992
              ],
              [
                -72.05836421552243,
                44.91924179059744
              ],
              [
                -72.05786587400861,
                44.91940099627342
              ],
              [
                -72.05743084271933,
                44.91956213329981
              ],
              [
                -72.05710051743475,
                44.91969499027948
              ],
              [
                -72.05673630004459,
                44.91991151675093
              ],
              [
                -72.05652423883686,
                44.92010585440424
              ],
              [
                -72.05634474969885,
                44.92038777458227
              ],
              [
                -72.0562763481013,
                44.92053261406968
              ],
              [
                -72.05620876155596,
                44.92067436380119
              ],
              [
                -72.05611792967221,
                44.92095634731455
              ],
              [
                -72.05606969586968,
                44.92125761872692
              ],
              [
                -72.05600318648034,
                44.92167045962106
              ],
              [
                -72.05589990249472,
                44.922129839476
              ],
              [
                -72.05558403247369,
                44.922644352795196
              ],
              [
                -72.05555436759242,
                44.92269288650642
              ],
              [
                -72.05537999045885,
                44.923028818454014
              ],
              [
                -72.05512822725824,
                44.92333913875368
              ],
              [
                -72.05475491958252,
                44.92360117962472
              ],
              [
                -72.05432052451123,
                44.923879571917816
              ],
              [
                -72.05375808175951,
                44.92423367015148
              ],
              [
                -72.05292404177494,
                44.92479817462708
              ],
              [
                -72.05437193558356,
                44.92562637656083
              ],
              [
                -72.05563716871362,
                44.926328710822645
              ],
              [
                -72.05724815665882,
                44.92716651020666
              ],
              [
                -72.05878569566023,
                44.92798684866676
              ],
              [
                -72.05980730144205,
                44.92857008621898
              ],
              [
                -72.06033074929583,
                44.92886568718548
              ],
              [
                -72.06093915718515,
                44.929129835076424
              ],
              [
                -72.06156264539575,
                44.929493868051416
              ],
              [
                -72.06256958997676,
                44.930033999588666
              ],
              [
                -72.06343406196777,
                44.930571046310504
              ],
              [
                -72.06390025055173,
                44.93090493739738
              ],
              [
                -72.06408745719764,
                44.93103681619683
              ],
              [
                -72.06578225137409,
                44.93100121775685
              ],
              [
                -72.0692713263232,
                44.930928942072654
              ],
              [
                -72.08367712699214,
                44.93062214624533
              ],
              [
                -72.0874075964823,
                44.930550447239526
              ],
              [
                -72.08843693631304,
                44.93053064127924
              ],
              [
                -72.08908068054838,
                44.93051825087009
              ],
              [
                -72.08885581615617,
                44.93042046014841
              ],
              [
                -72.08763380543805,
                44.929915498343036
              ],
              [
                -72.08746567446397,
                44.92984430757104
              ],
              [
                -72.08656976932133,
                44.92946536962747
              ],
              [
                -72.08619251168061,
                44.92929949427138
              ],
              [
                -72.0858793744959,
                44.929135256696895
              ],
              [
                -72.08548777232643,
                44.92887287196991
              ],
              [
                -72.08518985993251,
                44.92868394115753
              ],
              [
                -72.08478738234106,
                44.928503347444156
              ],
              [
                -72.084389430347,
                44.92835426354234
              ],
              [
                -72.08402768935895,
                44.92823427536308
              ],
              [
                -72.08368273441397,
                44.92798274033095
              ],
              [
                -72.08350346494251,
                44.92770143778408
              ],
              [
                -72.08350580917562,
                44.92748660086925
              ],
              [
                -72.08350659763397,
                44.92737749374149
              ],
              [
                -72.08354744109178,
                44.9269842284423
              ],
              [
                -72.08366056337617,
                44.92666799687918
              ],
              [
                -72.0837802858194,
                44.926314669335795
              ],
              [
                -72.08380469431363,
                44.92600430089216
              ],
              [
                -72.08383073052372,
                44.92568775170643
              ],
              [
                -72.08384911802304,
                44.92522438224765
              ],
              [
                -72.08376069735854,
                44.9248612972266
              ],
              [
                -72.08361926139962,
                44.92460431678065
              ],
              [
                -72.08334289692901,
                44.924285820618245
              ],
              [
                -72.08299393041759,
                44.92382645383326
              ],
              [
                -72.08272115263273,
                44.92356027456589
              ],
              [
                -72.08264593172453,
                44.92345285855362
              ],
              [
                -72.08237250104023,
                44.92305872524025
              ],
              [
                -72.08212171032105,
                44.922599713761656
              ],
              [
                -72.08191327523386,
                44.92230452281459
              ],
              [
                -72.08189558796242,
                44.92212014522789
              ],
              [
                -72.07091334387806,
                44.916261543114956
              ],
              [
                -72.06740434252532,
                44.91437037103981
              ],
              [
                -72.06551642117172,
                44.91335176331031
              ],
              [
                -72.06379939781216,
                44.912425301917914
              ],
              [
                -72.06375807333295,
                44.91244931931339
              ]
            ]
          ]
        ]
      }
    },
    {
      "type": "Feature",
      "properties": {
        "Abbreviated_District_Name": "RL-1",
        "County": "Orleans",
        "Jurisdiction_District_Name": "Morgan"
      },
      "geometry": {
        "type": "MultiPolygon",
        "coordinates": [
          [
            [
              [
                -72.00640430483475,
                44.893594503603516
              ],
              [
                -72.00853323168036,
                44.89363011911986
              ],
              [
                -72.00880854499555,
                44.89363467813068
              ],
              [
                -72.0089587868982,
                44.893645728653404
              ],
              [
                -72.00912072242181,
                44.89367735823984
              ],
              [
                -72.00927299854183,
                44.8937283502374
              ],
              [
                -72.009299801782,
                44.8937399946887
              ],
              [
                -72.01073363218458,
                44.89438168774894
              ],
              [
                -72.01086438645595,
                44.894451707894646
              ],
              [
                -72.01153648316732,
                44.89488090333147
              ],
              [
                -72.01163477527406,
                44.89495359496951
              ],
              [
                -72.01173047738283,
                44.895051866275054
              ],
              [
                -72.0118007722927,
                44.89516043421892
              ],
              [
                -72.01184023783419,
                44.89526549488802
              ],
              [
                -72.01191075026891,
                44.89553547989835
              ],
              [
                -72.01194546252009,
                44.895547719952425
              ],
              [
                -72.0120825579652,
                44.89561692169966
              ],
              [
                -72.01220052843277,
                44.89570207117958
              ],
              [
                -72.01229623273977,
                44.89580034200765
              ],
              [
                -72.01236652962467,
                44.89590890869769
              ],
              [
                -72.01240446172721,
                44.89600833925291
              ],
              [
                -72.01271074742165,
                44.897125217467604
              ],
              [
                -72.01280409065207,
                44.89722235292018
              ],
              [
                -72.01364093829086,
                44.89726247752409
              ],
              [
                -72.01374926313092,
                44.89727221926713
              ],
              [
                -72.01391121150004,
                44.89730384209577
              ],
              [
                -72.01406350145987,
                44.897354826832824
              ],
              [
                -72.0142006037427,
                44.89742402604494
              ],
              [
                -72.01431465073739,
                44.89750606283382
              ],
              [
                -72.01465957315628,
                44.8977980224659
              ],
              [
                -72.01479285231186,
                44.89794566263181
              ],
              [
                -72.01515074149296,
                44.89848429899265
              ],
              [
                -72.01505731938218,
                44.89792513300553
              ],
              [
                -72.01484897527233,
                44.89701171211414
              ],
              [
                -72.01479652374053,
                44.896474091987415
              ],
              [
                -72.01470378315447,
                44.89555244454089
              ],
              [
                -72.01466713510663,
                44.8948295715987
              ],
              [
                -72.01467352025365,
                44.89435266157091
              ],
              [
                -72.01461731281982,
                44.89379168402317
              ],
              [
                -72.01450493205434,
                44.89313626079589
              ],
              [
                -72.01444213214296,
                44.892794882853956
              ],
              [
                -72.01415299050974,
                44.8922717217313
              ],
              [
                -72.0139513871458,
                44.89197109075855
              ],
              [
                -72.01351647715788,
                44.89147092937174
              ],
              [
                -72.01306558087308,
                44.89061580714799
              ],
              [
                -72.01271751830862,
                44.88985842159282
              ],
              [
                -72.01238833838657,
                44.88911461373547
              ],
              [
                -72.01224052804959,
                44.8884427261002
              ],
              [
                -72.01215592060458,
                44.88796908324389
              ],
              [
                -72.01189684918454,
                44.88735689935014
              ],
              [
                -72.01150397181162,
                44.886476990766774
              ],
              [
                -72.0112283387438,
                44.8858602349416
              ],
              [
                -72.0111003095602,
                44.88556413211164
              ],
              [
                -72.01063439986248,
                44.88564959354747
              ],
              [
                -72.00843352620396,
                44.88620031860882
              ],
              [
                -72.0082884390832,
                44.88623653342033
              ],
              [
                -72.007615181792,
                44.886236163159296
              ],
              [
                -72.00635345795658,
                44.88631170577508
              ],
              [
                -72.00576265224585,
                44.886013876459806
              ],
              [
                -72.00439556186886,
                44.8855537927981
              ],
              [
                -72.00324177870681,
                44.885314528751465
              ],
              [
                -72.0031983457632,
                44.885305340991984
              ],
              [
                -71.99926531405269,
                44.88470577153522
              ],
              [
                -71.99918945976056,
                44.88469503357474
              ],
              [
                -71.99900694027944,
                44.88466864306603
              ],
              [
                -71.99436267258153,
                44.88399182281887
              ],
              [
                -71.99418330959358,
                44.88396684419034
              ],
              [
                -71.99267554856885,
                44.88386623095812
              ],
              [
                -71.99116851032798,
                44.883953451636074
              ],
              [
                -71.99105440418765,
                44.88397459616943
              ],
              [
                -71.9906932697375,
                44.883122034204995
              ],
              [
                -71.9903024050666,
                44.87891811590007
              ],
              [
                -71.9902333145097,
                44.87850076712272
              ],
              [
                -71.98997839951986,
                44.87780728073094
              ],
              [
                -71.9895585929792,
                44.87715523888173
              ],
              [
                -71.98898479157492,
                44.876565217589174
              ],
              [
                -71.9883552887658,
                44.87610317643625
              ],
              [
                -71.98672855720052,
                44.87508406939909
              ],
              [
                -71.98530386528036,
                44.873145717629676
              ],
              [
                -71.98645573286686,
                44.871697026547416
              ],
              [
                -71.98669380689907,
                44.8713331889723
              ],
              [
                -71.98047990070678,
                44.86812161306319
              ],
              [
                -71.98053113989336,
                44.86822929517764
              ],
              [
                -71.98053786813726,
                44.86827263277363
              ],
              [
                -71.9805506374853,
                44.8683477755046
              ],
              [
                -71.98057670918293,
                44.86852674633416
              ],
              [
                -71.9812689313248,
                44.86929845057611
              ],
              [
                -71.9812939741561,
                44.869328092260886
              ],
              [
                -71.98136418077958,
                44.86943667812216
              ],
              [
                -71.98140664122478,
                44.86955245041588
              ],
              [
                -71.98141980894525,
                44.869671463351864
              ],
              [
                -71.98140450240956,
                44.86979062865076
              ],
              [
                -71.98135917502844,
                44.869906002279365
              ],
              [
                -71.9813118233553,
                44.86998255824147
              ],
              [
                -71.98044294298211,
                44.87117573762795
              ],
              [
                -71.97969745800889,
                44.871837414527114
              ],
              [
                -71.97966002640933,
                44.87309483311306
              ],
              [
                -71.97988718405873,
                44.874658574285455
              ],
              [
                -71.9802253726104,
                44.875576308858236
              ],
              [
                -71.98072974151667,
                44.87622370786825
              ],
              [
                -71.98172449557478,
                44.87705330791806
              ],
              [
                -71.98209789226696,
                44.87766636061851
              ],
              [
                -71.98304581295902,
                44.87798898939074
              ],
              [
                -71.983116765881,
                44.878015744637175
              ],
              [
                -71.98325378499801,
                44.87808498085632
              ],
              [
                -71.98332297998094,
                44.87813141298243
              ],
              [
                -71.98427308366806,
                44.87883114857343
              ],
              [
                -71.98432099097448,
                44.87886989163456
              ],
              [
                -71.9844166199503,
                44.87896818577229
              ],
              [
                -71.9844868440221,
                44.87907676961092
              ],
              [
                -71.98452855426476,
                44.87918944336292
              ],
              [
                -71.98468348205442,
                44.87982287332827
              ],
              [
                -71.98469824574025,
                44.87994133134749
              ],
              [
                -71.98469568879771,
                44.8817343378348
              ],
              [
                -71.98494142674228,
                44.88283049192765
              ],
              [
                -71.98496230155537,
                44.883860108224454
              ],
              [
                -71.9850679362075,
                44.884079368643455
              ],
              [
                -71.9853955473014,
                44.884335343960856
              ],
              [
                -71.98542539284529,
                44.884359662798
              ],
              [
                -71.98552103272064,
                44.884457955966404
              ],
              [
                -71.98559126546171,
                44.88456653906147
              ],
              [
                -71.98563374525249,
                44.88468230956613
              ],
              [
                -71.98563979329403,
                44.884713832709934
              ],
              [
                -71.98579471840537,
                44.88561694373761
              ],
              [
                -71.98645956742537,
                44.886917172943804
              ],
              [
                -71.98682405957733,
                44.88818848892385
              ],
              [
                -71.98684285284243,
                44.88829937139244
              ],
              [
                -71.98686313913527,
                44.88868725605529
              ],
              [
                -71.9868491731923,
                44.88883426737202
              ],
              [
                -71.98619553069653,
                44.89142608278901
              ],
              [
                -71.98617722788174,
                44.89259303468234
              ],
              [
                -71.98623429424104,
                44.89284863285552
              ],
              [
                -71.9875523043584,
                44.89251259950138
              ],
              [
                -71.98830191462443,
                44.892119731000946
              ],
              [
                -71.98839804495846,
                44.892075449251976
              ],
              [
                -71.9885503993755,
                44.892025794068104
              ],
              [
                -71.98867880360862,
                44.892000216675534
              ],
              [
                -71.98924209494159,
                44.89191724852126
              ],
              [
                -71.98927615829224,
                44.89191261978686
              ],
              [
                -71.98944398195941,
                44.89190296574423
              ],
              [
                -71.98961162153225,
                44.89191411949993
              ],
              [
                -71.98977117524765,
                44.89194492269964
              ],
              [
                -71.99081791275667,
                44.892218996537764
              ],
              [
                -71.99194694918329,
                44.89231316890179
              ],
              [
                -71.99376961544205,
                44.89270961843658
              ],
              [
                -71.99382251473372,
                44.89272250704741
              ],
              [
                -71.99397398344215,
                44.89277351587451
              ],
              [
                -71.9940701128101,
                44.892819216622456
              ],
              [
                -71.99520648854333,
                44.89343307181581
              ],
              [
                -71.99566303588622,
                44.89325173801316
              ],
              [
                -71.99580982669715,
                44.89320457995168
              ],
              [
                -71.99597229398921,
                44.89317436366976
              ],
              [
                -71.99603010598419,
                44.89316843211658
              ],
              [
                -71.99750436804514,
                44.893055694050844
              ],
              [
                -71.99980823821642,
                44.893352925853485
              ],
              [
                -72.00133552000827,
                44.89333064036261
              ],
              [
                -72.00165567745157,
                44.89336465857137
              ],
              [
                -72.00218711262507,
                44.893488460342994
              ],
              [
                -72.00403550206264,
                44.89339020396857
              ],
              [
                -72.00640430483475,
                44.893594503603516
              ]
            ]
          ],
          [
            [
              [
                -71.96835050740117,
                44.86720698833317
              ],
              [
                -71.96813945621223,
                44.86728052786955
              ],
              [
                -71.9679822624351,
                44.86734559983023
              ],
              [
                -71.9678345507174,
                44.86741155895152
              ],
              [
                -71.967683429042,
                44.86750421779214
              ],
              [
                -71.96751483815645,
                44.86760438821567
              ],
              [
                -71.96731904388581,
                44.86773845798166
              ],
              [
                -71.96719978557965,
                44.867806236274845
              ],
              [
                -71.96709152370903,
                44.8678822214191
              ],
              [
                -71.96692911738731,
                44.867997605399204
              ],
              [
                -71.96674869724772,
                44.86809378156731
              ],
              [
                -71.96660173930638,
                44.86816339883977
              ],
              [
                -71.96640777994912,
                44.86826963584153
              ],
              [
                -71.96625676809187,
                44.86834991986729
              ],
              [
                -71.9660787339217,
                44.86844441883663
              ],
              [
                -71.96594032555585,
                44.86853010488429
              ],
              [
                -71.96579389108793,
                44.86862840740928
              ],
              [
                -71.96565707921009,
                44.868712412393535
              ],
              [
                -71.96552747581866,
                44.86878660890143
              ],
              [
                -71.9653865188085,
                44.86889112324633
              ],
              [
                -71.96526620722136,
                44.86898673523084
              ],
              [
                -71.96509406928654,
                44.86912738028875
              ],
              [
                -71.96494522538109,
                44.86922932576415
              ],
              [
                -71.96478595103399,
                44.86934725181992
              ],
              [
                -71.96462664996771,
                44.86946798966754
              ],
              [
                -71.96446270205917,
                44.86957801936163
              ],
              [
                -71.96425491604332,
                44.869724401016214
              ],
              [
                -71.96395153409182,
                44.86994457415544
              ],
              [
                -71.96390538880215,
                44.86997388548442
              ],
              [
                -71.96377888642601,
                44.87005428125906
              ],
              [
                -71.96361809094978,
                44.87016516772321
              ],
              [
                -71.96345089198823,
                44.870284179533904
              ],
              [
                -71.96332332301348,
                44.87039409772141
              ],
              [
                -71.96323800267825,
                44.870468499699754
              ],
              [
                -71.96305231087693,
                44.87061976317478
              ],
              [
                -71.96286830189106,
                44.870760067358425
              ],
              [
                -71.96268275208266,
                44.87089586456708
              ],
              [
                -71.96250519936375,
                44.87102213783017
              ],
              [
                -71.96209964683212,
                44.8712558857947
              ],
              [
                -71.9620234348481,
                44.871286179594016
              ],
              [
                -71.96192787434232,
                44.87135575125384
              ],
              [
                -71.96173535167695,
                44.871475485303755
              ],
              [
                -71.96159929184353,
                44.87156230106935
              ],
              [
                -71.96144482571422,
                44.87167209032637
              ],
              [
                -71.96130633454882,
                44.87176508098355
              ],
              [
                -71.96117744403324,
                44.87184630667818
              ],
              [
                -71.96103641918884,
                44.87195643955779
              ],
              [
                -71.96091293036375,
                44.87205203190954
              ],
              [
                -71.96080519899064,
                44.87215416599665
              ],
              [
                -71.9606671025865,
                44.87228934073905
              ],
              [
                -71.96056403964403,
                44.87239965229792
              ],
              [
                -71.96046638924494,
                44.8725232059413
              ],
              [
                -71.96034495828269,
                44.87265227230876
              ],
              [
                -71.96024435883682,
                44.87275275227281
              ],
              [
                -71.9601407662331,
                44.87283493953711
              ],
              [
                -71.96004021080968,
                44.87293063933814
              ],
              [
                -71.95988467621308,
                44.87306938599776
              ],
              [
                -71.95976187141332,
                44.87317594811646
              ],
              [
                -71.95965492682653,
                44.87327808482003
              ],
              [
                -71.9595471909231,
                44.87338021857674
              ],
              [
                -71.95943466694321,
                44.87348682809001
              ],
              [
                -71.95933004396385,
                44.87359431898802
              ],
              [
                -71.95922133161082,
                44.873716132786036
              ],
              [
                -71.95913347813257,
                44.87380654840455
              ],
              [
                -71.9589494916144,
                44.87394234687781
              ],
              [
                -71.95906644214709,
                44.87429216859698
              ],
              [
                -71.95912449647729,
                44.87451207208754
              ],
              [
                -71.95920539654581,
                44.874741925762265
              ],
              [
                -71.95926848459595,
                44.87493120023386
              ],
              [
                -71.95928449678323,
                44.87499511115248
              ],
              [
                -71.9594391552052,
                44.87545759650518
              ],
              [
                -71.95982052081976,
                44.87637615815075
              ],
              [
                -71.96011689089643,
                44.877164958259065
              ],
              [
                -71.96032992648745,
                44.87764571586867
              ],
              [
                -71.96044619896084,
                44.87790048249732
              ],
              [
                -71.96054231910804,
                44.878111003697605
              ],
              [
                -71.96074107375242,
                44.87859703561286
              ],
              [
                -71.96087219838812,
                44.87895592096665
              ],
              [
                -71.96099168151139,
                44.879460419890805
              ],
              [
                -71.96111573089907,
                44.88015391576472
              ],
              [
                -71.96121146037316,
                44.88100025801829
              ],
              [
                -71.96129648907674,
                44.881891543761014
              ],
              [
                -71.96135846690079,
                44.88262524101358
              ],
              [
                -71.96146012544669,
                44.88334562701753
              ],
              [
                -71.96151881505358,
                44.884008161937324
              ],
              [
                -71.96162261142877,
                44.88483907412659
              ],
              [
                -71.96169964631824,
                44.88548594731355
              ],
              [
                -71.96170546630779,
                44.885540530142215
              ],
              [
                -71.96181609986604,
                44.88606298356814
              ],
              [
                -71.96197709226544,
                44.88644534819263
              ],
              [
                -71.9622716305141,
                44.88676000705894
              ],
              [
                -71.96235093565947,
                44.886824497077825
              ],
              [
                -71.96273254797548,
                44.88713450279128
              ],
              [
                -71.96324911811932,
                44.88756550087452
              ],
              [
                -71.96375762790477,
                44.8880133315376
              ],
              [
                -71.96471078332736,
                44.88880238804666
              ],
              [
                -71.96524650520018,
                44.88930433246262
              ],
              [
                -71.96568336835831,
                44.88971751090344
              ],
              [
                -71.96612442508068,
                44.890105679726545
              ],
              [
                -71.96654695822805,
                44.89052975467848
              ],
              [
                -71.96707452333858,
                44.89097597207145
              ],
              [
                -71.96757431717715,
                44.89143161876949
              ],
              [
                -71.96795482125357,
                44.891868147502784
              ],
              [
                -71.96824737342415,
                44.89223311899621
              ],
              [
                -71.96866554783175,
                44.89261835825954
              ],
              [
                -71.96896280957134,
                44.8929023604344
              ],
              [
                -71.96927060039174,
                44.89316025749331
              ],
              [
                -71.96969820228638,
                44.89346820360193
              ],
              [
                -71.97014471515541,
                44.893785234648846
              ],
              [
                -71.97053656781853,
                44.89402355166598
              ],
              [
                -71.97093545184357,
                44.894272024469075
              ],
              [
                -71.97123285684926,
                44.894456190272656
              ],
              [
                -71.97159504675085,
                44.89473767307828
              ],
              [
                -71.97188012822552,
                44.89505844964052
              ],
              [
                -71.97210310943385,
                44.895334788460744
              ],
              [
                -71.97244865580753,
                44.895793355699446
              ],
              [
                -71.9727340807895,
                44.89625080110902
              ],
              [
                -71.97305481862969,
                44.896741029399976
              ],
              [
                -71.97325755302664,
                44.89706957804763
              ],
              [
                -71.97342000988758,
                44.89738978498715
              ],
              [
                -71.97349491791078,
                44.89767893544669
              ],
              [
                -71.97344099529856,
                44.89812497196624
              ],
              [
                -71.9734870532041,
                44.898627430296045
              ],
              [
                -71.97355346781384,
                44.898980377236185
              ],
              [
                -71.97376391660721,
                44.89941863247358
              ],
              [
                -71.97400577352296,
                44.89971052059323
              ],
              [
                -71.9742531232532,
                44.900007776963506
              ],
              [
                -71.97467243613242,
                44.90045233527388
              ],
              [
                -71.97500374621735,
                44.90091560995236
              ],
              [
                -71.97522145759812,
                44.901340397537446
              ],
              [
                -71.97544268501498,
                44.90190102695473
              ],
              [
                -71.97574265027603,
                44.90233181640192
              ],
              [
                -71.97600744729955,
                44.90262717999103
              ],
              [
                -71.97625753859973,
                44.90279930442045
              ],
              [
                -71.97640375688609,
                44.902906835653916
              ],
              [
                -71.97615946508719,
                44.9025317026913
              ],
              [
                -71.97575779088496,
                44.901014123692185
              ],
              [
                -71.97574078163697,
                44.90088300052625
              ],
              [
                -71.97575363255869,
                44.90077507386683
              ],
              [
                -71.97580878113222,
                44.90054079566629
              ],
              [
                -71.97557895238194,
                44.90023012494228
              ],
              [
                -71.97549109259046,
                44.90005846339248
              ],
              [
                -71.9753550352746,
                44.89961774013412
              ],
              [
                -71.9748783794828,
                44.899213696903814
              ],
              [
                -71.9747780166078,
                44.8991119988012
              ],
              [
                -71.97470858066825,
                44.89900313133373
              ],
              [
                -71.97466610998953,
                44.89888763875933
              ],
              [
                -71.97465217930382,
                44.898766371539864
              ],
              [
                -71.97465606093292,
                44.897905597597244
              ],
              [
                -71.97466540244223,
                44.897835618136384
              ],
              [
                -71.97416818376298,
                44.897345706871356
              ],
              [
                -71.97355605753883,
                44.89600825066458
              ],
              [
                -71.97267693215375,
                44.89237401713008
              ],
              [
                -71.9721485229493,
                44.89123547520265
              ],
              [
                -71.97198259492002,
                44.890519020313384
              ],
              [
                -71.97195518591762,
                44.89040162815478
              ],
              [
                -71.97064446880134,
                44.8882991154153
              ],
              [
                -71.97027332488392,
                44.88675690810832
              ],
              [
                -71.96994490241326,
                44.88607822254326
              ],
              [
                -71.96990634150164,
                44.88596977686976
              ],
              [
                -71.96989240302895,
                44.88585075846797
              ],
              [
                -71.96990276142272,
                44.88575660051988
              ],
              [
                -71.97023411948699,
                44.884132724578166
              ],
              [
                -71.97027883510746,
                44.8839152727797
              ],
              [
                -71.97022954397791,
                44.88282112366272
              ],
              [
                -71.96986181596868,
                44.88237622472425
              ],
              [
                -71.96975440186088,
                44.88218506327014
              ],
              [
                -71.96943349169412,
                44.88120888659827
              ],
              [
                -71.96884330868836,
                44.88078376036546
              ],
              [
                -71.96878676066233,
                44.880739346360556
              ],
              [
                -71.96869115551507,
                44.8806410392768
              ],
              [
                -71.96865132805651,
                44.880584892919266
              ],
              [
                -71.96760955973855,
                44.87894843949722
              ],
              [
                -71.9673956865257,
                44.87820841260305
              ],
              [
                -71.96636816265838,
                44.87675086560055
              ],
              [
                -71.96632141628439,
                44.87667359457662
              ],
              [
                -71.96627897843021,
                44.87655809858844
              ],
              [
                -71.96626995725985,
                44.87650715627633
              ],
              [
                -71.96620273117271,
                44.87599278318034
              ],
              [
                -71.9661986145264,
                44.875924710186574
              ],
              [
                -71.96621395416811,
                44.87580554720988
              ],
              [
                -71.96625852293009,
                44.875690457831766
              ],
              [
                -71.96633071013298,
                44.875582528294125
              ],
              [
                -71.96652906108591,
                44.87534611049848
              ],
              [
                -71.96662246807648,
                44.875252902112685
              ],
              [
                -71.96674189055352,
                44.87516909563617
              ],
              [
                -71.96679912752128,
                44.875138148590345
              ],
              [
                -71.96813896035403,
                44.874462171289736
              ],
              [
                -71.96819854540412,
                44.87443376494934
              ],
              [
                -71.96827798946123,
                44.87439617053171
              ],
              [
                -71.97022551352075,
                44.8736054489665
              ],
              [
                -71.97090739925717,
                44.86979928442605
              ],
              [
                -71.97094004693693,
                44.869688918960485
              ],
              [
                -71.97110335608626,
                44.86930188060021
              ],
              [
                -71.97112272078186,
                44.869260069816924
              ],
              [
                -71.97119489077997,
                44.86915213610291
              ],
              [
                -71.97129227570181,
                44.86905444368789
              ],
              [
                -71.97132493825526,
                44.86902872318947
              ],
              [
                -71.97155828450337,
                44.868852638221355
              ],
              [
                -71.97164502429371,
                44.868794546995794
              ],
              [
                -71.97178326286078,
                44.868726570197126
              ],
              [
                -71.97189116791414,
                44.86868910486275
              ],
              [
                -71.97321393715376,
                44.86830010852391
              ],
              [
                -71.9732132916365,
                44.868197461901815
              ],
              [
                -71.97322869411745,
                44.86806958091973
              ],
              [
                -71.97327324281112,
                44.86795448855495
              ],
              [
                -71.97334540714857,
                44.86784655343085
              ],
              [
                -71.97344278622764,
                44.867748859132355
              ],
              [
                -71.97356218325369,
                44.86766504529499
              ],
              [
                -71.97368056869827,
                44.867605411096264
              ],
              [
                -71.97402594911901,
                44.867457677070725
              ],
              [
                -71.97404658803991,
                44.86744933569499
              ],
              [
                -71.97419888944411,
                44.86739970009773
              ],
              [
                -71.97436208588141,
                44.8673695177784
              ],
              [
                -71.9744198741352,
                44.86736359702819
              ],
              [
                -71.97629160850609,
                44.86722033994801
              ],
              [
                -71.97804844885722,
                44.86727506442189
              ],
              [
                -71.97913732272936,
                44.867427904090164
              ],
              [
                -71.97583372711648,
                44.86572507135677
              ],
              [
                -71.97580989385419,
                44.865746534931105
              ],
              [
                -71.97571182067503,
                44.86583438604386
              ],
              [
                -71.9756354110392,
                44.865888028390586
              ],
              [
                -71.97555273080039,
                44.865935455174316
              ],
              [
                -71.9755034465805,
                44.8659630695102
              ],
              [
                -71.97542568477698,
                44.86599139621452
              ],
              [
                -71.97535093040912,
                44.86603689030674
              ],
              [
                -71.97527929581476,
                44.86608717977756
              ],
              [
                -71.97515141747728,
                44.866147616116336
              ],
              [
                -71.97504197851056,
                44.86618057716817
              ],
              [
                -71.97490858689876,
                44.8662384565122
              ],
              [
                -71.9748133442716,
                44.866275701281076
              ],
              [
                -71.97466263569872,
                44.866324501841774
              ],
              [
                -71.97454686176336,
                44.86635827736995
              ],
              [
                -71.97438363245553,
                44.866392396808045
              ],
              [
                -71.97428938995641,
                44.86640658616758
              ],
              [
                -71.97414770751092,
                44.86641943216385
              ],
              [
                -71.97402269913808,
                44.86642504320748
              ],
              [
                -71.97388965943333,
                44.86644411540338
              ],
              [
                -71.97374262031205,
                44.866437251217434
              ],
              [
                -71.97359244351368,
                44.86642756023626
              ],
              [
                -71.97339400015959,
                44.86642045864831
              ],
              [
                -71.9732611397822,
                44.86641984593643
              ],
              [
                -71.97314087634506,
                44.8664254778996
              ],
              [
                -71.97297238730444,
                44.86642919990846
              ],
              [
                -71.97269880694972,
                44.86642259443783
              ],
              [
                -71.97247505957631,
                44.8664150927521
              ],
              [
                -71.97214840344888,
                44.86641808283617
              ],
              [
                -71.97201157864421,
                44.866418575204044
              ],
              [
                -71.9718439884021,
                44.866410488701895
              ],
              [
                -71.97167003037168,
                44.866406871924376
              ],
              [
                -71.97147812760917,
                44.86637645692629
              ],
              [
                -71.97134266579923,
                44.866400857567946
              ],
              [
                -71.97120571745945,
                44.86641484668585
              ],
              [
                -71.97104006204783,
                44.86645457439713
              ],
              [
                -71.97093518746631,
                44.86650695689006
              ],
              [
                -71.97074807851024,
                44.866557552596596
              ],
              [
                -71.97060913817418,
                44.866616244392816
              ],
              [
                -71.97045823442203,
                44.866685848355715
              ],
              [
                -71.9703256382498,
                44.866742601172085
              ],
              [
                -71.97014941918725,
                44.86681293140331
              ],
              [
                -71.97007169234924,
                44.866837035955236
              ],
              [
                -71.97002488565508,
                44.86685284841782
              ],
              [
                -71.9699170164046,
                44.86688665593122
              ],
              [
                -71.96980924770679,
                44.86690949600179
              ],
              [
                -71.96973084593198,
                44.86692094299454
              ],
              [
                -71.96954702452011,
                44.86695777204368
              ],
              [
                -71.96934826728369,
                44.866984689347404
              ],
              [
                -71.96913930128291,
                44.86700368395132
              ],
              [
                -71.96888588501002,
                44.86704018841153
              ],
              [
                -71.96871061970018,
                44.8670925231399
              ],
              [
                -71.968518673885,
                44.86715265307218
              ],
              [
                -71.96835050740117,
                44.86720698833317
              ]
            ]
          ],
          [
            [
              [
                -72.00856359154703,
                44.910594679810764
              ],
              [
                -72.00929577984431,
                44.91086497972557
              ],
              [
                -72.01003606096835,
                44.91102198071193
              ],
              [
                -72.01086145583761,
                44.91122264903973
              ],
              [
                -72.01108402848715,
                44.91129643559891
              ],
              [
                -72.0113666070464,
                44.91138763287006
              ],
              [
                -72.0114454096537,
                44.91142846455361
              ],
              [
                -72.01148564533585,
                44.911443822125776
              ],
              [
                -72.01145921462067,
                44.911387185877004
              ],
              [
                -72.0114530063226,
                44.91127917386228
              ],
              [
                -72.0114708757246,
                44.91122525757426
              ],
              [
                -72.01148395825597,
                44.91117582020099
              ],
              [
                -72.0115247559148,
                44.91112481409997
              ],
              [
                -72.01160528092564,
                44.91105569864622
              ],
              [
                -72.01162456155231,
                44.911022035641444
              ],
              [
                -72.01167114678171,
                44.91094180817309
              ],
              [
                -72.0116560193873,
                44.91076542391987
              ],
              [
                -72.01170411726889,
                44.91059999516793
              ],
              [
                -72.01178269312443,
                44.91048053472073
              ],
              [
                -72.01185081923119,
                44.910286508774576
              ],
              [
                -72.01188285771774,
                44.910241651765425
              ],
              [
                -72.01191615059933,
                44.910235607389055
              ],
              [
                -72.01198061565775,
                44.91028706349765
              ],
              [
                -72.0120360617849,
                44.91028195693663
              ],
              [
                -72.0120918504877,
                44.910236358158215
              ],
              [
                -72.01221350526964,
                44.910076586887755
              ],
              [
                -72.01221374074558,
                44.91004874743681
              ],
              [
                -72.012173667589,
                44.91001426838266
              ],
              [
                -72.01214201007247,
                44.91001413315212
              ],
              [
                -72.012078191477,
                44.909979834287896
              ],
              [
                -72.01206265299503,
                44.90994546001296
              ],
              [
                -72.01207143577201,
                44.909842854634974
              ],
              [
                -72.01210405907632,
                44.90972882185663
              ],
              [
                -72.0121446125152,
                44.90970649812303
              ],
              [
                -72.01217627699504,
                44.90970579019594
              ],
              [
                -72.01224097715875,
                44.9097294067083
              ],
              [
                -72.01232961776924,
                44.909729785253056
              ],
              [
                -72.01243373782562,
                44.909677924345274
              ],
              [
                -72.01252290366504,
                44.90961615753388
              ],
              [
                -72.01251468281568,
                44.909558755151664
              ],
              [
                -72.01242791061927,
                44.90952463926158
              ],
              [
                -72.01234415206822,
                44.909508533755684
              ],
              [
                -72.01180920074934,
                44.90940613668836
              ],
              [
                -72.01153974962331,
                44.90935464710292
              ],
              [
                -72.01101349258488,
                44.90925397076474
              ],
              [
                -72.01093055010428,
                44.90923505559319
              ],
              [
                -72.01077902548596,
                44.909183788399
              ],
              [
                -72.01064189711983,
                44.909114866770516
              ],
              [
                -72.01052311027824,
                44.909029712379805
              ],
              [
                -72.01042817866913,
                44.908931443604295
              ],
              [
                -72.01040782129903,
                44.90890548480756
              ],
              [
                -72.00985868823817,
                44.90814470032758
              ],
              [
                -72.009310915456,
                44.907876883677815
              ],
              [
                -72.0087117155281,
                44.90779359920217
              ],
              [
                -72.00849291756195,
                44.90774316439153
              ],
              [
                -72.00785522017873,
                44.907534289939264
              ],
              [
                -72.00688966929994,
                44.90744210505621
              ],
              [
                -72.0066131597296,
                44.90738466834334
              ],
              [
                -72.00591471139357,
                44.90715499161824
              ],
              [
                -72.00583266622137,
                44.90712426570143
              ],
              [
                -72.00569554869344,
                44.907055338155956
              ],
              [
                -72.0055767734154,
                44.906970178640066
              ],
              [
                -72.00555164644378,
                44.90694701044312
              ],
              [
                -72.0054629300933,
                44.906863669118
              ],
              [
                -72.00489219754756,
                44.90687722490316
              ],
              [
                -72.00485499961155,
                44.90687734529529
              ],
              [
                -72.00468731344297,
                44.90686621284162
              ],
              [
                -72.00452455204749,
                44.90683457345672
              ],
              [
                -72.00437303948573,
                44.906783297793986
              ],
              [
                -72.0043178498391,
                44.90675887400422
              ],
              [
                -72.0040695840511,
                44.90663884380456
              ],
              [
                -72.00398686771703,
                44.906594333788945
              ],
              [
                -72.00386888730196,
                44.906509176842135
              ],
              [
                -72.00377317980303,
                44.906410899121134
              ],
              [
                -72.00373876523398,
                44.9063635059035
              ],
              [
                -72.0035575185453,
                44.906089098079015
              ],
              [
                -72.00323300791949,
                44.906092748798365
              ],
              [
                -72.00304395701941,
                44.906081521895246
              ],
              [
                -72.00288199013885,
                44.90604988362235
              ],
              [
                -72.00272968972995,
                44.905998602343004
              ],
              [
                -72.00259494305693,
                44.90593080533424
              ],
              [
                -72.0024114950384,
                44.90582061502408
              ],
              [
                -72.00168106909946,
                44.90581546127145
              ],
              [
                -72.00085538388193,
                44.90593530816916
              ],
              [
                -72.0008236921567,
                44.90593938738736
              ],
              [
                -72.00065582938174,
                44.905949058857004
              ],
              [
                -72.00060599918037,
                44.905945747182685
              ],
              [
                -72.00048814677494,
                44.90593792025124
              ],
              [
                -72.00045889978993,
                44.90593385535178
              ],
              [
                -71.99867348128011,
                44.905660286499355
              ],
              [
                -71.99836780206337,
                44.90568284683845
              ],
              [
                -71.99751863558191,
                44.90604468988824
              ],
              [
                -71.99734639602121,
                44.906102424103054
              ],
              [
                -71.9971838954067,
                44.906132361360946
              ],
              [
                -71.99705639695011,
                44.90614164192335
              ],
              [
                -71.99532123801491,
                44.90618516790527
              ],
              [
                -71.99510370359684,
                44.90617323955745
              ],
              [
                -71.99450216344734,
                44.90609043257897
              ],
              [
                -71.99434968805164,
                44.906059949066
              ],
              [
                -71.99419739530326,
                44.90600865644179
              ],
              [
                -71.99412014827988,
                44.905973163194346
              ],
              [
                -71.99378609619308,
                44.905801549034045
              ],
              [
                -71.99337507616869,
                44.90574320318586
              ],
              [
                -71.9924186706582,
                44.90560706735736
              ],
              [
                -71.99227172985631,
                44.90557744975313
              ],
              [
                -71.99212023162468,
                44.9055261578869
              ],
              [
                -71.99202644199802,
                44.90548215237966
              ],
              [
                -71.99164678204112,
                44.905278271760146
              ],
              [
                -71.99060672178372,
                44.90565467978739
              ],
              [
                -71.98986114462627,
                44.905752307488896
              ],
              [
                -71.9905186679637,
                44.90612616138901
              ],
              [
                -71.99054071488156,
                44.90613891474871
              ],
              [
                -71.99065867474249,
                44.906224085378184
              ],
              [
                -71.99075435948944,
                44.90632237399106
              ],
              [
                -71.9907833030783,
                44.90636074793171
              ],
              [
                -71.99117945231103,
                44.90693871817302
              ],
              [
                -71.9912207809614,
                44.90700864295974
              ],
              [
                -71.9912632881997,
                44.90712441014077
              ],
              [
                -71.99127727553059,
                44.9072434257125
              ],
              [
                -71.99126118727813,
                44.90736258806988
              ],
              [
                -71.99124490288257,
                44.90741425859349
              ],
              [
                -71.99114923024074,
                44.9076731100994
              ],
              [
                -71.99116681714779,
                44.90828116942461
              ],
              [
                -71.9916008047685,
                44.90914754868676
              ],
              [
                -71.99167963120051,
                44.909632709434455
              ],
              [
                -71.99193220546626,
                44.90935205872439
              ],
              [
                -71.99252092848054,
                44.908646302231936
              ],
              [
                -71.99283952024683,
                44.90823742924631
              ],
              [
                -71.9930416456512,
                44.908022355642444
              ],
              [
                -71.99334657969949,
                44.907725904590336
              ],
              [
                -71.99359447676161,
                44.907525375318556
              ],
              [
                -71.99385566054062,
                44.90734374516376
              ],
              [
                -71.99394551302032,
                44.907295774830146
              ],
              [
                -71.99422698736869,
                44.907146572695495
              ],
              [
                -71.99482043885494,
                44.90688907840549
              ],
              [
                -71.99526393739698,
                44.90676421213931
              ],
              [
                -71.99585362972122,
                44.90666417476825
              ],
              [
                -71.99629749822813,
                44.90658711221708
              ],
              [
                -71.99668502977363,
                44.90652667330872
              ],
              [
                -71.99720418823141,
                44.906437284915384
              ],
              [
                -71.99769818030343,
                44.9064203362648
              ],
              [
                -71.99789908975696,
                44.90643303066598
              ],
              [
                -71.99811834416428,
                44.9065203261602
              ],
              [
                -72.00139456306907,
                44.90783134737741
              ],
              [
                -72.00194893316375,
                44.90806407878624
              ],
              [
                -72.00250724783022,
                44.90829879361384
              ],
              [
                -72.00324773272689,
                44.90860994478103
              ],
              [
                -72.00452859434787,
                44.90903564005677
              ],
              [
                -72.00579721797304,
                44.909506261932215
              ],
              [
                -72.00729406389046,
                44.910039158773614
              ],
              [
                -72.00856359154703,
                44.910594679810764
              ]
            ]
          ],
          [
            [
              [
                -72.0837802858194,
                44.926314669335795
              ],
              [
                -72.08366056337617,
                44.92666799687918
              ],
              [
                -72.08354744109178,
                44.9269842284423
              ],
              [
                -72.08350659763397,
                44.92737749374149
              ],
              [
                -72.08350580917562,
                44.92748660086925
              ],
              [
                -72.08350346494251,
                44.92770143778408
              ],
              [
                -72.08368273441397,
                44.92798274033095
              ],
              [
                -72.08402768935895,
                44.92823427536308
              ],
              [
                -72.084389430347,
                44.92835426354234
              ],
              [
                -72.08478738234106,
                44.928503347444156
              ],
              [
                -72.08518985993251,
                44.92868394115753
              ],
              [
                -72.08548777232643,
                44.92887287196991
              ],
              [
                -72.0858793744959,
                44.929135256696895
              ],
              [
                -72.08619251168061,
                44.92929949427138
              ],
              [
                -72.08656976932133,
                44.92946536962747
              ],
              [
                -72.08746567446397,
                44.92984430757104
              ],
              [
                -72.08747540254683,
                44.92981256539162
              ],
              [
                -72.08747649620042,
                44.92977038765709
              ],
              [
                -72.08750282415096,
                44.92974236163067
              ],
              [
                -72.0875211483613,
                44.929726399223966
              ],
              [
                -72.08753792737099,
                44.929705087770195
              ],
              [
                -72.08755313300166,
                44.929682364125576
              ],
              [
                -72.08755888632341,
                44.92965285817318
              ],
              [
                -72.08756391433836,
                44.92961406918009
              ],
              [
                -72.08756965960423,
                44.92958568714279
              ],
              [
                -72.08756110771411,
                44.92956372178188
              ],
              [
                -72.08755330527873,
                44.929547665012954
              ],
              [
                -72.08753920939292,
                44.92952596038953
              ],
              [
                -72.08750146273788,
                44.92949011067968
              ],
              [
                -72.08748734474122,
                44.92947149974345
              ],
              [
                -72.08747958260248,
                44.929449817989884
              ],
              [
                -72.087451221846,
                44.92943003075681
              ],
              [
                -72.08743397729216,
                44.92940578429445
              ],
              [
                -72.08741039905664,
                44.92938151494781
              ],
              [
                -72.08740340450524,
                44.929363211396776
              ],
              [
                -72.08738779978678,
                44.92933109693636
              ],
              [
                -72.08738322065474,
                44.92930717698557
              ],
              [
                -72.08737940907058,
                44.92928663524261
              ],
              [
                -72.08738114752187,
                44.929264987806775
              ],
              [
                -72.08739788013965,
                44.92925014451315
              ],
              [
                -72.08740356706306,
                44.92922991784813
              ],
              [
                -72.08739900604817,
                44.92920346751159
              ],
              [
                -72.0873999366742,
                44.929184066846716
              ],
              [
                -72.0874032263145,
                44.92916692529439
              ],
              [
                -72.08742158056835,
                44.92914674439168
              ],
              [
                -72.08743520267892,
                44.92912401503986
              ],
              [
                -72.08746783181037,
                44.92910051116139
              ],
              [
                -72.08748141967034,
                44.92908256272166
              ],
              [
                -72.0874973605014,
                44.92906771655301
              ],
              [
                -72.08749832329572,
                44.929043816622745
              ],
              [
                -72.08749847827374,
                44.92902216436465
              ],
              [
                -72.08750259984288,
                44.92899940068851
              ],
              [
                -72.0875106316303,
                44.92898340110572
              ],
              [
                -72.08752423555002,
                44.92896320302835
              ],
              [
                -72.08753622586308,
                44.92894721684073
              ],
              [
                -72.08754899780965,
                44.928932639981014
              ],
              [
                -72.08758630256077,
                44.92891955822096
              ],
              [
                -72.08761402030869,
                44.92891853346604
              ],
              [
                -72.08764495115805,
                44.928911051996536
              ],
              [
                -72.08768220758951,
                44.92890471910128
              ],
              [
                -72.08770599094201,
                44.92890030558415
              ],
              [
                -72.08773058008069,
                44.928893926042036
              ],
              [
                -72.08774731049213,
                44.928879363449624
              ],
              [
                -72.08775379096866,
                44.92885885886905
              ],
              [
                -72.08774381864225,
                44.928814109828004
              ],
              [
                -72.0877360323484,
                44.928795803437495
              ],
              [
                -72.08772902167684,
                44.92877974863669
              ],
              [
                -72.08770929546502,
                44.92877039790251
              ],
              [
                -72.08768557855946,
                44.92876553123802
              ],
              [
                -72.08765002835365,
                44.92875471685673
              ],
              [
                -72.08762007642386,
                44.9287360487632
              ],
              [
                -72.0876027897447,
                44.92871770805824
              ],
              [
                -72.0875942943114,
                44.9286878689843
              ],
              [
                -72.08760078287557,
                44.9286662386959
              ],
              [
                -72.08762080279728,
                44.928634534561255
              ],
              [
                -72.0876313061906,
                44.92860504485169
              ],
              [
                -72.08763697887942,
                44.92858678705035
              ],
              [
                -72.08764026640507,
                44.92856992624312
              ],
              [
                -72.08765399492174,
                44.92853229349844
              ],
              [
                -72.08765492544947,
                44.928512892828856
              ],
              [
                -72.08765349696617,
                44.928491234851336
              ],
              [
                -72.08765440335002,
                44.92847520863002
              ],
              [
                -72.08764350666809,
                44.92844901708541
              ],
              [
                -72.08762778133529,
                44.928433774895176
              ],
              [
                -72.08760734405236,
                44.92841317222336
              ],
              [
                -72.08759325847852,
                44.92839006203297
              ],
              [
                -72.08758073014907,
                44.92837061366119
              ],
              [
                -72.08757532107522,
                44.92835203418168
              ],
              [
                -72.08757547602701,
                44.92833038102087
              ],
              [
                -72.08757021989656,
                44.928290430034046
              ],
              [
                -72.087565624663,
                44.92826876061843
              ],
              [
                -72.08756502011936,
                44.92824260533356
              ],
              [
                -72.08755250189648,
                44.928221750488184
              ],
              [
                -72.08753686519928,
                44.92819413530724
              ],
              [
                -72.0875267784346,
                44.92816541532354
              ],
              [
                -72.0874612851122,
                44.928134807941134
              ],
              [
                -72.08739182533436,
                44.92810531103602
              ],
              [
                -72.08737928102819,
                44.92808811227398
              ],
              [
                -72.08736043740754,
                44.928066109707984
              ],
              [
                -72.08734795151126,
                44.92804075557524
              ],
              [
                -72.08733229885293,
                44.9280153899983
              ],
              [
                -72.08732530449551,
                44.92799708553891
              ],
              [
                -72.08731439194368,
                44.92797314359395
              ],
              [
                -72.08728931352019,
                44.927937338681
              ],
              [
                -72.08728549400176,
                44.927917921746634
              ],
              [
                -72.08726351592678,
                44.927891408455395
              ],
              [
                -72.08723518017524,
                44.92786824671773
              ],
              [
                -72.08720689480177,
                44.927838054421855
              ],
              [
                -72.08719118384629,
                44.92782084419249
              ],
              [
                -72.08717545679275,
                44.927805882693455
              ],
              [
                -72.08715817254995,
                44.92778726026575
              ],
              [
                -72.08712583009564,
                44.927770833088516
              ],
              [
                -72.08711009500806,
                44.92775699729654
              ],
              [
                -72.08708644303964,
                44.92774313197888
              ],
              [
                -72.08705969886955,
                44.92771885110616
              ],
              [
                -72.08704649603753,
                44.92768308997713
              ],
              [
                -72.08702139976782,
                44.927649816290995
              ],
              [
                -72.08699931713188,
                44.927637925559246
              ],
              [
                -72.08697727279684,
                44.92762069149628
              ],
              [
                -72.08695050454561,
                44.927599785046475
              ],
              [
                -72.08693163706259,
                44.92758115685764
              ],
              [
                -72.08690644213927,
                44.927561662594606
              ],
              [
                -72.08689071724254,
                44.927546420302086
              ],
              [
                -72.08686314930773,
                44.92752663578423
              ],
              [
                -72.08685298034962,
                44.92750944465556
              ],
              [
                -72.08684523482887,
                44.927485514120725
              ],
              [
                -72.08685567390029,
                44.927465023007024
              ],
              [
                -72.08686693689455,
                44.92744003639109
              ],
              [
                -72.08687893311323,
                44.927423207105534
              ],
              [
                -72.0869004234995,
                44.927407255345194
              ],
              [
                -72.0869235597183,
                44.92738259243179
              ],
              [
                -72.08693719771931,
                44.92735761439892
              ],
              [
                -72.0869373206597,
                44.92734046050109
              ],
              [
                -72.08694773346954,
                44.92732362548102
              ],
              [
                -72.08696209058073,
                44.92730877365454
              ],
              [
                -72.08697879654059,
                44.92729758561851
              ],
              [
                -72.08699870146772,
                44.92728190976684
              ],
              [
                -72.08702016557041,
                44.92726961408612
              ],
              [
                -72.08703292921268,
                44.92725616209527
              ],
              [
                -72.08706554132654,
                44.92723490795334
              ],
              [
                -72.08710859234806,
                44.92719316266364
              ],
              [
                -72.08713322312133,
                44.9271808784101
              ],
              [
                -72.0871626523157,
                44.927161862424335
              ],
              [
                -72.08719687185979,
                44.92713723951886
              ],
              [
                -72.08720889409777,
                44.92711675499398
              ],
              [
                -72.08722090626058,
                44.9270976760382
              ],
              [
                -72.08724569203798,
                44.92706373859526
              ],
              [
                -72.08726563909693,
                44.927042157859916
              ],
              [
                -72.08727925874854,
                44.927019710170754
              ],
              [
                -72.08727153124153,
                44.926993248375595
              ],
              [
                -72.08725737969422,
                44.92697941742492
              ],
              [
                -72.08723379446303,
                44.92695627285175
              ],
              [
                -72.08723804688108,
                44.926915231360496
              ],
              [
                -72.08723902584497,
                44.92688908269075
              ],
              [
                -72.0872391486935,
                44.926871928790874
              ],
              [
                -72.08724797193047,
                44.92685593208105
              ],
              [
                -72.0872496680581,
                44.926840190373916
              ],
              [
                -72.08724349172033,
                44.92681823356419
              ],
              [
                -72.08724914623087,
                44.926802506163185
              ],
              [
                -72.08724769377861,
                44.92678422172416
              ],
              [
                -72.08722969869612,
                44.926754348279616
              ],
              [
                -72.08720685690703,
                44.926737955460176
              ],
              [
                -72.08717851368554,
                44.926715918522326
              ],
              [
                -72.08713435511024,
                44.92669129395139
              ],
              [
                -72.08710440441597,
                44.92667262572036
              ],
              [
                -72.0870950433255,
                44.926653187840344
              ],
              [
                -72.0870825316547,
                44.92663148977714
              ],
              [
                -72.08705427114062,
                44.926597922990155
              ],
              [
                -72.08704256930689,
                44.926573696498124
              ],
              [
                -72.08702382302062,
                44.92653819607588
              ],
              [
                -72.087017652842,
                44.92651539609084
              ],
              [
                -72.0870106849543,
                44.92649343640492
              ],
              [
                -72.0870013319841,
                44.92647287370038
              ],
              [
                -72.08699670486443,
                44.92645570352203
              ],
              [
                -72.08698811939617,
                44.926438518128585
              ],
              [
                -72.08695741952496,
                44.92641394215944
              ],
              [
                -72.08693698319354,
                44.926393339363855
              ],
              [
                -72.08693001535104,
                44.926371379672716
              ],
              [
                -72.08691274571932,
                44.92635078922619
              ],
              [
                -72.08689868510845,
                44.92632430449526
              ],
              [
                -72.08689811514144,
                44.926293369179106
              ],
              [
                -72.08689507947362,
                44.92627507900718
              ],
              [
                -72.086896074704,
                44.92624668070504
              ],
              [
                -72.08689147988794,
                44.92622501035616
              ],
              [
                -72.08689080310022,
                44.926208979307695
              ],
              [
                -72.08687996564133,
                44.926174632313256
              ],
              [
                -72.08708454434426,
                44.926129534254095
              ],
              [
                -72.08712335416902,
                44.9261271441142
              ],
              [
                -72.08719293831882,
                44.92613892487336
              ],
              [
                -72.08729664675661,
                44.92613929969248
              ],
              [
                -72.08730626757495,
                44.92612246177412
              ],
              [
                -72.08744184395647,
                44.926094830474284
              ],
              [
                -72.08754717992255,
                44.926089024294114
              ],
              [
                -72.08758359659579,
                44.92608915580764
              ],
              [
                -72.08760736672023,
                44.92608642952956
              ],
              [
                -72.08763034316064,
                44.92608398204209
              ],
              [
                -72.08769130150039,
                44.92608420213337
              ],
              [
                -72.08778792305988,
                44.92607920745385
              ],
              [
                -72.08791680389322,
                44.92610216947759
              ],
              [
                -72.08808558974577,
                44.926080281465886
              ],
              [
                -72.0882702489764,
                44.92605282620385
              ],
              [
                -72.08832110040889,
                44.9260271380708
              ],
              [
                -72.088415457264,
                44.92600666851854
              ],
              [
                -72.088453437142,
                44.92600961750252
              ],
              [
                -72.08850423224173,
                44.925991803004514
              ],
              [
                -72.08859289878589,
                44.92599212244752
              ],
              [
                -72.0886080247308,
                44.92598036605594
              ],
              [
                -72.08863800565817,
                44.92599481628241
              ],
              [
                -72.08866101413591,
                44.925987868420314
              ],
              [
                -72.08876064962693,
                44.926004256740946
              ],
              [
                -72.08886543835261,
                44.925964139580856
              ],
              [
                -72.08906935975538,
                44.92591141814305
              ],
              [
                -72.08727818422605,
                44.92497252944726
              ],
              [
                -72.08527080866119,
                44.92392024309707
              ],
              [
                -72.08189558796242,
                44.92212014522789
              ],
              [
                -72.08191327523386,
                44.92230452281459
              ],
              [
                -72.08212171032105,
                44.922599713761656
              ],
              [
                -72.08237250104023,
                44.92305872524025
              ],
              [
                -72.08264593172453,
                44.92345285855362
              ],
              [
                -72.08272115263273,
                44.92356027456589
              ],
              [
                -72.08299393041759,
                44.92382645383326
              ],
              [
                -72.08334289692901,
                44.924285820618245
              ],
              [
                -72.08361926139962,
                44.92460431678065
              ],
              [
                -72.08376069735854,
                44.9248612972266
              ],
              [
                -72.08384911802304,
                44.92522438224765
              ],
              [
                -72.08383073052372,
                44.92568775170643
              ],
              [
                -72.08380469431363,
                44.92600430089216
              ],
              [
                -72.0837802858194,
                44.926314669335795
              ]
            ]
          ]
        ]
      }
    },
    {
      "type": "Feature",
      "properties": {
        "Abbreviated_District_Name": "R-C",
        "County": "Orleans",
        "Jurisdiction_District_Name": "Morgan"
      },
      "geometry": {
        "type": "MultiPolygon",
        "coordinates": [
          [
            [
              [
                -71.9679857853368,
                44.91210659843348
              ],
              [
                -71.96811647612638,
                44.912353830617775
              ],
              [
                -71.96866922036479,
                44.91335442468705
              ],
              [
                -71.96937977747935,
                44.91441058604152
              ],
              [
                -71.97052615199206,
                44.91559081013403
              ],
              [
                -71.97069424684358,
                44.91573191452837
              ],
              [
                -71.9707311716813,
                44.91576217488376
              ],
              [
                -71.97140760528734,
                44.916317045493564
              ],
              [
                -71.9726565472115,
                44.917196545085844
              ],
              [
                -71.97326483253713,
                44.91750334180199
              ],
              [
                -71.97430492948229,
                44.91802697048094
              ],
              [
                -71.9743712165859,
                44.918049490872185
              ],
              [
                -71.97464385046666,
                44.91818685186581
              ],
              [
                -71.97621492035981,
                44.918733151667574
              ],
              [
                -71.97945610488476,
                44.91964981667758
              ],
              [
                -71.97970642736603,
                44.91971788576887
              ],
              [
                -71.98165192111732,
                44.920098776088594
              ],
              [
                -71.983664561617,
                44.920233032088554
              ],
              [
                -71.98567390360282,
                44.92011696025972
              ],
              [
                -71.98733331526762,
                44.919826617868246
              ],
              [
                -71.98887694858531,
                44.919468243323266
              ],
              [
                -71.98885328021433,
                44.9193699940499
              ],
              [
                -71.98879022331346,
                44.919250197270145
              ],
              [
                -71.98877435856647,
                44.919164637885956
              ],
              [
                -71.988784439676,
                44.91900973489316
              ],
              [
                -71.98873756606596,
                44.91885035921064
              ],
              [
                -71.98871422586869,
                44.918804417653746
              ],
              [
                -71.98870008759772,
                44.918791981039085
              ],
              [
                -71.98842753628715,
                44.9185520112419
              ],
              [
                -71.9882996788298,
                44.918420112988976
              ],
              [
                -71.98820452508544,
                44.91826023907575
              ],
              [
                -71.9880804815891,
                44.91787723507975
              ],
              [
                -71.98792347466451,
                44.91755173199669
              ],
              [
                -71.9879017016932,
                44.91732947702723
              ],
              [
                -71.98784091431035,
                44.91704377397317
              ],
              [
                -71.98784889987016,
                44.916946792148636
              ],
              [
                -71.98794774419551,
                44.9166907701672
              ],
              [
                -71.98802277199563,
                44.9165316589664
              ],
              [
                -71.98809571200105,
                44.91642934405195
              ],
              [
                -71.98831732384795,
                44.91598602240989
              ],
              [
                -71.988415158913,
                44.91584332340618
              ],
              [
                -71.98846439933807,
                44.915735558601064
              ],
              [
                -71.98848129235893,
                44.91561583799283
              ],
              [
                -71.98860297555103,
                44.91537229100236
              ],
              [
                -71.98862070547543,
                44.915336656929924
              ],
              [
                -71.98866222951276,
                44.91520636052286
              ],
              [
                -71.98872819524996,
                44.91508685957556
              ],
              [
                -71.98880235127942,
                44.91484703653597
              ],
              [
                -71.98881176082914,
                44.91476777688406
              ],
              [
                -71.98875909093051,
                44.91445905114403
              ],
              [
                -71.98876080628008,
                44.91426558498495
              ],
              [
                -71.9887936801364,
                44.91412878235662
              ],
              [
                -71.9887980453385,
                44.91381496931223
              ],
              [
                -71.98882285192482,
                44.91369528403599
              ],
              [
                -71.98885506224433,
                44.91363327990149
              ],
              [
                -71.9888823663655,
                44.91341040142611
              ],
              [
                -71.9889394847735,
                44.91321718317138
              ],
              [
                -71.98898837305146,
                44.913148786199784
              ],
              [
                -71.98902297817895,
                44.912995117603074
              ],
              [
                -71.9890643550607,
                44.91288113063675
              ],
              [
                -71.98913021262891,
                44.91277343983086
              ],
              [
                -71.98937263820983,
                44.91256923921936
              ],
              [
                -71.98953482016597,
                44.91239898731559
              ],
              [
                -71.98994732266155,
                44.91211568131858
              ],
              [
                -71.99013373610508,
                44.91197956388295
              ],
              [
                -71.99019834424007,
                44.911923328229314
              ],
              [
                -71.99027281019202,
                44.911826361233324
              ],
              [
                -71.99033036335034,
                44.9116727955267
              ],
              [
                -71.99036417252834,
                44.91151912293164
              ],
              [
                -71.99034820556967,
                44.91144509334135
              ],
              [
                -71.99036126779674,
                44.91131045057713
              ],
              [
                -71.99038939861863,
                44.91108279428377
              ],
              [
                -71.99034191907326,
                44.91108173921974
              ],
              [
                -71.99024587175641,
                44.91102366161014
              ],
              [
                -71.99022247877903,
                44.910983906730365
              ],
              [
                -71.99024499728081,
                44.91094351269695
              ],
              [
                -71.99015878825193,
                44.910846953312046
              ],
              [
                -71.99005917893498,
                44.91065472189426
              ],
              [
                -71.9897415588059,
                44.91077113066187
              ],
              [
                -71.98940265546626,
                44.91087760141467
              ],
              [
                -71.98905603571828,
                44.91096153966573
              ],
              [
                -71.9890321402818,
                44.91097858714626
              ],
              [
                -71.9888068654245,
                44.911034383855934
              ],
              [
                -71.98868536730781,
                44.911079677075485
              ],
              [
                -71.98850845999321,
                44.9111255661004
              ],
              [
                -71.98846317021881,
                44.91114532976047
              ],
              [
                -71.98839064677348,
                44.911201528081435
              ],
              [
                -71.98822873401227,
                44.91125226489966
              ],
              [
                -71.98816432440252,
                44.911286002465424
              ],
              [
                -71.98795492401862,
                44.91133652605581
              ],
              [
                -71.98747148282484,
                44.91140803504516
              ],
              [
                -71.98731045764607,
                44.91144780682039
              ],
              [
                -71.98710126603797,
                44.91147470706369
              ],
              [
                -71.98680307087533,
                44.91154170244729
              ],
              [
                -71.98668266446239,
                44.91155297222232
              ],
              [
                -71.98644160607691,
                44.91160306907396
              ],
              [
                -71.98624037567991,
                44.911624660959575
              ],
              [
                -71.98604684918313,
                44.91166990897767
              ],
              [
                -71.98557126982256,
                44.91174678787876
              ],
              [
                -71.98542711899366,
                44.91175794937073
              ],
              [
                -71.98517730492755,
                44.91181334758024
              ],
              [
                -71.98494356573538,
                44.911841258055965
              ],
              [
                -71.98442159156187,
                44.91188389670415
              ],
              [
                -71.98423718133637,
                44.911883064025524
              ],
              [
                -71.98418879913382,
                44.911894375658946
              ],
              [
                -71.98393152420385,
                44.911898837605264
              ],
              [
                -71.98355345801183,
                44.911869007347725
              ],
              [
                -71.98346579488086,
                44.9118475195307
              ],
              [
                -71.98336154391818,
                44.911822301299544
              ],
              [
                -71.98314545029378,
                44.911735835044865
              ],
              [
                -71.9829776361855,
                44.91164958696108
              ],
              [
                -71.9828092404478,
                44.911539995840215
              ],
              [
                -71.98278664386766,
                44.91150024214776
              ],
              [
                -71.98272215573174,
                44.91145411294652
              ],
              [
                -71.98256328202416,
                44.91125373262267
              ],
              [
                -71.98249227945993,
                44.91113980120073
              ],
              [
                -71.98250691164763,
                44.91109684159871
              ],
              [
                -71.98252425048418,
                44.91084045469448
              ],
              [
                -71.98250017745755,
                44.91078888424015
              ],
              [
                -71.98240512941237,
                44.91070858925141
              ],
              [
                -71.98227678802652,
                44.91063404826276
              ],
              [
                -71.98222904273699,
                44.91057449649229
              ],
              [
                -71.98211840398211,
                44.91046769663315
              ],
              [
                -71.98206213752624,
                44.91038757721157
              ],
              [
                -71.98199917852651,
                44.910347640295996
              ],
              [
                -71.9819342325419,
                44.91035268917893
              ],
              [
                -71.98183816018704,
                44.91038656120669
              ],
              [
                -71.98154636713699,
                44.91053371694005
              ],
              [
                -71.98139280215544,
                44.91062385077014
              ],
              [
                -71.98123146896745,
                44.91069763970071
              ],
              [
                -71.98114300140031,
                44.91076585356821
              ],
              [
                -71.98111014734074,
                44.91081069824245
              ],
              [
                -71.981052975436,
                44.91091926711438
              ],
              [
                -71.98103553766765,
                44.91101001984573
              ],
              [
                -71.98104272333809,
                44.91109104159343
              ],
              [
                -71.98099761764865,
                44.91117801237836
              ],
              [
                -71.9809965395182,
                44.91129780384416
              ],
              [
                -71.9810101927756,
                44.9114516884702
              ],
              [
                -71.98107344718458,
                44.91163476377945
              ],
              [
                -71.98107206299954,
                44.91178858095972
              ],
              [
                -71.98104209069795,
                44.91186493445539
              ],
              [
                -71.98098367780554,
                44.911759495679334
              ],
              [
                -71.98091939586783,
                44.911690587769044
              ],
              [
                -71.98086517608556,
                44.91155901481162
              ],
              [
                -71.9808419194272,
                44.91141689742438
              ],
              [
                -71.98083705708162,
                44.91116575244496
              ],
              [
                -71.98089472999271,
                44.91108952490855
              ],
              [
                -71.98090831707324,
                44.910986944687544
              ],
              [
                -71.98085225685942,
                44.91088404698113
              ],
              [
                -71.98084539965167,
                44.91085448898426
              ],
              [
                -71.98083625166097,
                44.91081564012229
              ],
              [
                -71.98090222847043,
                44.910696143654974
              ],
              [
                -71.9809669504098,
                44.910628102818606
              ],
              [
                -71.98108797081676,
                44.91054850775371
              ],
              [
                -71.98131832095761,
                44.91045703492257
              ],
              [
                -71.98148353975333,
                44.91039113834858
              ],
              [
                -71.98171023219253,
                44.91026618431872
              ],
              [
                -71.9818468698459,
                44.91020999947981
              ],
              [
                -71.98192690855358,
                44.91019883244614
              ],
              [
                -71.98212075501232,
                44.91020589831429
              ],
              [
                -71.9822008441521,
                44.91018910797367
              ],
              [
                -71.98222479681017,
                44.91016587551181
              ],
              [
                -71.98223396210479,
                44.910114736448286
              ],
              [
                -71.9821939069226,
                44.91008024695654
              ],
              [
                -71.98213860998759,
                44.91006846697397
              ],
              [
                -71.98184097484811,
                44.910073303614276
              ],
              [
                -71.98164661325262,
                44.910123602218015
              ],
              [
                -71.98157423617245,
                44.91016292415347
              ],
              [
                -71.98153346083797,
                44.91020857708193
              ],
              [
                -71.9814888774273,
                44.91023762073773
              ],
              [
                -71.98120601306772,
                44.91027204961307
              ],
              [
                -71.98102701908947,
                44.91028557862558
              ],
              [
                -71.98075397303914,
                44.91028433750179
              ],
              [
                -71.98060053034999,
                44.91027295368295
              ],
              [
                -71.98024025320801,
                44.91020269879883
              ],
              [
                -71.98003131394641,
                44.91020174768997
              ],
              [
                -71.97988757936886,
                44.91016706605294
              ],
              [
                -71.97968659280534,
                44.910074194598806
              ],
              [
                -71.97951023523773,
                44.9099710297394
              ],
              [
                -71.97944732669322,
                44.90992574906242
              ],
              [
                -71.97939992761617,
                44.90982823358391
              ],
              [
                -71.97940276308582,
                44.909514132029926
              ],
              [
                -71.97938759963597,
                44.909440385306915
              ],
              [
                -71.9792759694564,
                44.909268899342926
              ],
              [
                -71.97923811650861,
                44.90916608473002
              ],
              [
                -71.9792295462739,
                44.90906340273631
              ],
              [
                -71.97919187892252,
                44.90894006000747
              ],
              [
                -71.97898672440425,
                44.90852068042201
              ],
              [
                -71.97895594689368,
                44.908423240564204
              ],
              [
                -71.97888347626116,
                44.90829777089167
              ],
              [
                -71.97887597632958,
                44.90825189861885
              ],
              [
                -71.9787268062088,
                44.90794357160783
              ],
              [
                -71.978647107273,
                44.90782987969786
              ],
              [
                -71.97862419642469,
                44.907737818234615
              ],
              [
                -71.97857664542227,
                44.90765745608406
              ],
              [
                -71.97849954387698,
                44.90734411428375
              ],
              [
                -71.97848717139188,
                44.90731199958111
              ],
              [
                -71.97837354210395,
                44.90701227072064
              ],
              [
                -71.97835172350284,
                44.90688703202258
              ],
              [
                -71.9782569618307,
                44.906601449821736
              ],
              [
                -71.9782292214168,
                44.90616853680892
              ],
              [
                -71.97819818436936,
                44.90610006084612
              ],
              [
                -71.97816797933746,
                44.905939631776796
              ],
              [
                -71.97817546046188,
                44.90590001456384
              ],
              [
                -71.97813050178976,
                44.9056208464333
              ],
              [
                -71.97811889818234,
                44.90541635243964
              ],
              [
                -71.97811625938472,
                44.90535812896182
              ],
              [
                -71.97811698960719,
                44.90527742478556
              ],
              [
                -71.97811765368222,
                44.905204030928935
              ],
              [
                -71.97718903774552,
                44.905412099429114
              ],
              [
                -71.97533363219338,
                44.90579925591651
              ],
              [
                -71.97502036570533,
                44.90587177560664
              ],
              [
                -71.97410277314896,
                44.90617041914226
              ],
              [
                -71.97402968919339,
                44.90620045350976
              ],
              [
                -71.97102901582876,
                44.907454581215944
              ],
              [
                -71.97045242656911,
                44.9076735043922
              ],
              [
                -71.97032057370325,
                44.90772519841748
              ],
              [
                -71.96681336030652,
                44.90913434248615
              ],
              [
                -71.96759313145041,
                44.91117142606899
              ],
              [
                -71.9677198739967,
                44.911503003074486
              ],
              [
                -71.9679857853368,
                44.91210659843348
              ]
            ]
          ],
          [
            [
              [
                -72.01170411726889,
                44.91059999516793
              ],
              [
                -72.0116560193873,
                44.91076542391987
              ],
              [
                -72.01167114678171,
                44.91094180817309
              ],
              [
                -72.01162456155231,
                44.911022035641444
              ],
              [
                -72.01160528092564,
                44.91105569864622
              ],
              [
                -72.0115247559148,
                44.91112481409997
              ],
              [
                -72.01148395825597,
                44.91117582020099
              ],
              [
                -72.0114708757246,
                44.91122525757426
              ],
              [
                -72.0114530063226,
                44.91127917386228
              ],
              [
                -72.01145921462067,
                44.911387185877004
              ],
              [
                -72.01148564533585,
                44.911443822125776
              ],
              [
                -72.01149163158104,
                44.91148462393958
              ],
              [
                -72.01149081688544,
                44.91158079499879
              ],
              [
                -72.01156287681376,
                44.91176360942306
              ],
              [
                -72.01162601832907,
                44.911878051568316
              ],
              [
                -72.0117454064902,
                44.91198654749458
              ],
              [
                -72.01176159393528,
                44.91203779730041
              ],
              [
                -72.01176072491,
                44.912140436447984
              ],
              [
                -72.0116873988705,
                44.91229394550441
              ],
              [
                -72.0115898702657,
                44.912407982216024
              ],
              [
                -72.01158929150503,
                44.912476313824556
              ],
              [
                -72.01160494544855,
                44.912590552869595
              ],
              [
                -72.01166859602534,
                44.91273846183678
              ],
              [
                -72.01170736824344,
                44.91292675803234
              ],
              [
                -72.01177036606049,
                44.913058353844754
              ],
              [
                -72.01201048608016,
                44.91330431535492
              ],
              [
                -72.01212178223105,
                44.913434148397535
              ],
              [
                -72.01220921058385,
                44.91357850241145
              ],
              [
                -72.01227261879835,
                44.913755374368364
              ],
              [
                -72.01227165311442,
                44.91386954231846
              ],
              [
                -72.01224656206509,
                44.914028601151244
              ],
              [
                -72.01222139302102,
                44.914103296044246
              ],
              [
                -72.01211650336772,
                44.9142451412659
              ],
              [
                -72.0119949869802,
                44.9143874777652
              ],
              [
                -72.0119290701628,
                44.91450699237813
              ],
              [
                -72.0118891297814,
                44.9146434906953
              ],
              [
                -72.01185668286416,
                44.91482979599116
              ],
              [
                -72.01183066193657,
                44.914911516995176
              ],
              [
                -72.01182776688717,
                44.91525345834283
              ],
              [
                -72.01177901910103,
                44.9154017298565
              ],
              [
                -72.01173736227456,
                44.915647330985585
              ],
              [
                -72.01175259107518,
                44.91581190551111
              ],
              [
                -72.01178431944257,
                44.915897529571644
              ],
              [
                -72.01183973874218,
                44.91598972231416
              ],
              [
                -72.01190332814129,
                44.916051860724025
              ],
              [
                -72.01196731884433,
                44.91616011956285
              ],
              [
                -72.0120621473385,
                44.91636580943408
              ],
              [
                -72.01209367895174,
                44.916474773595375
              ],
              [
                -72.01211662438418,
                44.91666300191248
              ],
              [
                -72.01211430908444,
                44.91693661160992
              ],
              [
                -72.01209814290048,
                44.91697619296704
              ],
              [
                -72.01210932819723,
                44.917057511426286
              ],
              [
                -72.0185566437897,
                44.9199920403128
              ],
              [
                -72.01872258225106,
                44.91974330449288
              ],
              [
                -72.0189561028006,
                44.91917427262765
              ],
              [
                -72.02022115315431,
                44.91497856996651
              ],
              [
                -72.02222951885406,
                44.91275219822982
              ],
              [
                -72.02235100658883,
                44.912609850678464
              ],
              [
                -72.02269080720018,
                44.912101995834874
              ],
              [
                -72.01902033141046,
                44.91043138171009
              ],
              [
                -72.01735502503055,
                44.910531779045854
              ],
              [
                -72.01752396003171,
                44.91020600598185
              ],
              [
                -72.01767183591542,
                44.90974825473735
              ],
              [
                -72.0152445305443,
                44.90832263582961
              ],
              [
                -72.01519413054652,
                44.90829261338716
              ],
              [
                -72.0151334871308,
                44.908257204849825
              ],
              [
                -72.0144832644719,
                44.90793442282079
              ],
              [
                -72.01436439493378,
                44.90804668308671
              ],
              [
                -72.01418759546203,
                44.90817725772383
              ],
              [
                -72.01393699691887,
                44.908330858181266
              ],
              [
                -72.01363608719119,
                44.90853767416457
              ],
              [
                -72.0134366441889,
                44.908631311937
              ],
              [
                -72.01338836051072,
                44.90863194940222
              ],
              [
                -72.01332411080976,
                44.90864883002054
              ],
              [
                -72.01330058299246,
                44.90871706388388
              ],
              [
                -72.01317821766526,
                44.90877419130023
              ],
              [
                -72.01298532532908,
                44.90884170301498
              ],
              [
                -72.0128568275684,
                44.90887518210543
              ],
              [
                -72.01274430067278,
                44.9088918555578
              ],
              [
                -72.0126796249986,
                44.90886542730921
              ],
              [
                -72.01261491142833,
                44.908937141486476
              ],
              [
                -72.012550342637,
                44.909085345973274
              ],
              [
                -72.01246973119925,
                44.909165146913374
              ],
              [
                -72.01245282122052,
                44.90919938261681
              ],
              [
                -72.01246890869176,
                44.90926244283414
              ],
              [
                -72.01246843087098,
                44.90931896490201
              ],
              [
                -72.01241914094669,
                44.909438550882065
              ],
              [
                -72.01241889844633,
                44.90946723349314
              ],
              [
                -72.01251468281568,
                44.909558755151664
              ],
              [
                -72.01252290366504,
                44.90961615753388
              ],
              [
                -72.01243373782562,
                44.909677924345274
              ],
              [
                -72.01232961776924,
                44.909729785253056
              ],
              [
                -72.01224097715875,
                44.9097294067083
              ],
              [
                -72.01217627699504,
                44.90970579019594
              ],
              [
                -72.0121446125152,
                44.90970649812303
              ],
              [
                -72.01210405907632,
                44.90972882185663
              ],
              [
                -72.01207143577201,
                44.909842854634974
              ],
              [
                -72.01206265299503,
                44.90994546001296
              ],
              [
                -72.012078191477,
                44.909979834287896
              ],
              [
                -72.01214201007247,
                44.91001413315212
              ],
              [
                -72.012173667589,
                44.91001426838266
              ],
              [
                -72.01221374074558,
                44.91004874743681
              ],
              [
                -72.01221350526964,
                44.910076586887755
              ],
              [
                -72.0120918504877,
                44.910236358158215
              ],
              [
                -72.0120360617849,
                44.91028195693663
              ],
              [
                -72.01198061565775,
                44.91028706349765
              ],
              [
                -72.01191615059933,
                44.910235607389055
              ],
              [
                -72.01188285771774,
                44.910241651765425
              ],
              [
                -72.01185081923119,
                44.910286508774576
              ],
              [
                -72.01178269312443,
                44.91048053472073
              ],
              [
                -72.01170411726889,
                44.91059999516793
              ]
            ]
          ]
        ]
      }
    },
    {
      "type": "Feature",
      "properties": {
        "Abbreviated_District_Name": "LS",
        "County": "Orleans",
        "Jurisdiction_District_Name": "Morgan"
      },
      "geometry": {
        "type": "MultiPolygon",
        "coordinates": [
          [
            [
              [
                -72.01347077344319,
                44.897923727654586
              ],
              [
                -72.01357582297761,
                44.897946672158575
              ],
              [
                -72.01365703721788,
                44.89798104523874
              ],
              [
                -72.01372074162539,
                44.898027435405275
              ],
              [
                -72.01392074425387,
                44.89823863399485
              ],
              [
                -72.01417433550021,
                44.89857013760311
              ],
              [
                -72.01425464181257,
                44.89871249208818
              ],
              [
                -72.01437357473773,
                44.898872445060555
              ],
              [
                -72.01446159603287,
                44.89903845406801
              ],
              [
                -72.01462812697834,
                44.89927847353217
              ],
              [
                -72.0146920074775,
                44.899398260863556
              ],
              [
                -72.01474716400888,
                44.89961446659689
              ],
              [
                -72.014762388104,
                44.89978016511276
              ],
              [
                -72.01483341619745,
                44.89999109563404
              ],
              [
                -72.01497543918275,
                44.900322967426796
              ],
              [
                -72.01503743337193,
                44.90057322830599
              ],
              [
                -72.01510781055973,
                44.90095597633742
              ],
              [
                -72.01521066617313,
                44.90124071941879
              ],
              [
                -72.01526682350055,
                44.901338257356294
              ],
              [
                -72.0153767032614,
                44.901634840112095
              ],
              [
                -72.01539211862807,
                44.90177804318952
              ],
              [
                -72.01537560222033,
                44.901954292949014
              ],
              [
                -72.01532469211831,
                44.90226819180329
              ],
              [
                -72.01526004809293,
                44.902427083753516
              ],
              [
                -72.01524213745593,
                44.90258083055134
              ],
              [
                -72.01516055994168,
                44.90287125803005
              ],
              [
                -72.0151183077008,
                44.90319053608562
              ],
              [
                -72.015074376522,
                44.90370946785866
              ],
              [
                -72.01508262455272,
                44.90385798307975
              ],
              [
                -72.01510545742998,
                44.90396606562423
              ],
              [
                -72.01508027944186,
                44.90413693591023
              ],
              [
                -72.01508806950207,
                44.90424579866627
              ],
              [
                -72.0150629605209,
                44.90431430789408
              ],
              [
                -72.01505406986863,
                44.90452461706741
              ],
              [
                -72.0150698255882,
                44.90462732606776
              ],
              [
                -72.01510100263772,
                44.90468426336269
              ],
              [
                -72.01510898901417,
                44.90476978585721
              ],
              [
                -72.01517169749103,
                44.90493568667012
              ],
              [
                -72.0151713122177,
                44.904981522212445
              ],
              [
                -72.01515529573396,
                44.90500395121189
              ],
              [
                -72.01512208022505,
                44.905283617012515
              ],
              [
                -72.01512951645158,
                44.90534045349389
              ],
              [
                -72.01509737921884,
                44.90539768437971
              ],
              [
                -72.01506299009587,
                44.90553448835717
              ],
              [
                -72.01507024061793,
                44.90580167092992
              ],
              [
                -72.01504474552856,
                44.90591601656591
              ],
              [
                -72.01505148360648,
                44.906150013885
              ],
              [
                -72.01509894248903,
                44.906247233222516
              ],
              [
                -72.01513791793737,
                44.90641218915324
              ],
              [
                -72.01519211586778,
                44.90674340664097
              ],
              [
                -72.01523260181312,
                44.906822880383814
              ],
              [
                -72.01525648948576,
                44.90699395888422
              ],
              [
                -72.01524650821699,
                44.90705156459752
              ],
              [
                -72.01512564254854,
                44.90730751715045
              ],
              [
                -72.0150439596559,
                44.9074213425244
              ],
              [
                -72.01494673451262,
                44.907501075586666
              ],
              [
                -72.01485871974809,
                44.90761487393102
              ],
              [
                -72.01464019213859,
                44.90781388691096
              ],
              [
                -72.01452713759186,
                44.907893552335445
              ],
              [
                -72.0144832644719,
                44.90793442282079
              ],
              [
                -72.0151334871308,
                44.908257204849825
              ],
              [
                -72.01519413054652,
                44.90829261338716
              ],
              [
                -72.0152445305443,
                44.90832263582961
              ],
              [
                -72.01767183591542,
                44.90974825473735
              ],
              [
                -72.01770028634157,
                44.909658667746626
              ],
              [
                -72.01774363052922,
                44.90892376202164
              ],
              [
                -72.0176671491182,
                44.908321364031856
              ],
              [
                -72.01760968768255,
                44.90781072057924
              ],
              [
                -72.01743987474318,
                44.90710725404075
              ],
              [
                -72.01734410203277,
                44.90625730634167
              ],
              [
                -72.01731637923066,
                44.90550353995357
              ],
              [
                -72.0172995291099,
                44.904774566110774
              ],
              [
                -72.01724993893455,
                44.90398611839758
              ],
              [
                -72.01712801432362,
                44.903046915582195
              ],
              [
                -72.01687874127643,
                44.902384449425696
              ],
              [
                -72.01654512738128,
                44.901682818304614
              ],
              [
                -72.01617406797436,
                44.90101224164401
              ],
              [
                -72.01561101630784,
                44.89917578578824
              ],
              [
                -72.01515074149296,
                44.89848429899265
              ],
              [
                -72.01479285231186,
                44.89794566263181
              ],
              [
                -72.01465957315628,
                44.8977980224659
              ],
              [
                -72.01431465073739,
                44.89750606283382
              ],
              [
                -72.0142006037427,
                44.89742402604494
              ],
              [
                -72.01406350145987,
                44.897354826832824
              ],
              [
                -72.01391121150004,
                44.89730384209577
              ],
              [
                -72.01374926313092,
                44.89727221926713
              ],
              [
                -72.01364093829086,
                44.89726247752409
              ],
              [
                -72.01280409065207,
                44.89722235292018
              ],
              [
                -72.01271074742165,
                44.897125217467604
              ],
              [
                -72.01240446172721,
                44.89600833925291
              ],
              [
                -72.01236652962467,
                44.89590890869769
              ],
              [
                -72.01229623273977,
                44.89580034200765
              ],
              [
                -72.01220052843277,
                44.89570207117958
              ],
              [
                -72.0120825579652,
                44.89561692169966
              ],
              [
                -72.01194546252009,
                44.895547719952425
              ],
              [
                -72.01191075026891,
                44.89553547989835
              ],
              [
                -72.01184023783419,
                44.89526549488802
              ],
              [
                -72.0118007722927,
                44.89516043421892
              ],
              [
                -72.01173047738283,
                44.895051866275054
              ],
              [
                -72.01163477527406,
                44.89495359496951
              ],
              [
                -72.01153648316732,
                44.89488090333147
              ],
              [
                -72.01086438645595,
                44.894451707894646
              ],
              [
                -72.01073363218458,
                44.89438168774894
              ],
              [
                -72.009299801782,
                44.8937399946887
              ],
              [
                -72.00927299854183,
                44.8937283502374
              ],
              [
                -72.00912072242181,
                44.89367735823984
              ],
              [
                -72.0089587868982,
                44.893645728653404
              ],
              [
                -72.00880854499555,
                44.89363467813068
              ],
              [
                -72.00853323168036,
                44.89363011911986
              ],
              [
                -72.00640430483475,
                44.893594503603516
              ],
              [
                -72.00403550206264,
                44.89339020396857
              ],
              [
                -72.00218711262507,
                44.893488460342994
              ],
              [
                -72.00165567745157,
                44.89336465857137
              ],
              [
                -72.00133552000827,
                44.89333064036261
              ],
              [
                -71.99980823821642,
                44.893352925853485
              ],
              [
                -71.99750436804514,
                44.893055694050844
              ],
              [
                -71.99603010598419,
                44.89316843211658
              ],
              [
                -71.99597229398921,
                44.89317436366976
              ],
              [
                -71.99580982669715,
                44.89320457995168
              ],
              [
                -71.99566303588622,
                44.89325173801316
              ],
              [
                -71.99520648854333,
                44.89343307181581
              ],
              [
                -71.9940701128101,
                44.892819216622456
              ],
              [
                -71.99397398344215,
                44.89277351587451
              ],
              [
                -71.99382251473372,
                44.89272250704741
              ],
              [
                -71.99376961544205,
                44.89270961843658
              ],
              [
                -71.99194694918329,
                44.89231316890179
              ],
              [
                -71.99081791275667,
                44.892218996537764
              ],
              [
                -71.98977117524765,
                44.89194492269964
              ],
              [
                -71.98961162153225,
                44.89191411949993
              ],
              [
                -71.98944398195941,
                44.89190296574423
              ],
              [
                -71.98927615829224,
                44.89191261978686
              ],
              [
                -71.98924209494159,
                44.89191724852126
              ],
              [
                -71.98867880360862,
                44.892000216675534
              ],
              [
                -71.9885503993755,
                44.892025794068104
              ],
              [
                -71.98839804495846,
                44.892075449251976
              ],
              [
                -71.98830191462443,
                44.892119731000946
              ],
              [
                -71.9875523043584,
                44.89251259950138
              ],
              [
                -71.98623429424104,
                44.89284863285552
              ],
              [
                -71.98617722788174,
                44.89259303468234
              ],
              [
                -71.98619553069653,
                44.89142608278901
              ],
              [
                -71.9868491731923,
                44.88883426737202
              ],
              [
                -71.98686313913527,
                44.88868725605529
              ],
              [
                -71.98684285284243,
                44.88829937139244
              ],
              [
                -71.98682405957733,
                44.88818848892385
              ],
              [
                -71.98645956742537,
                44.886917172943804
              ],
              [
                -71.98579471840537,
                44.88561694373761
              ],
              [
                -71.98563979329403,
                44.884713832709934
              ],
              [
                -71.98563374525249,
                44.88468230956613
              ],
              [
                -71.98559126546171,
                44.88456653906147
              ],
              [
                -71.98552103272064,
                44.884457955966404
              ],
              [
                -71.98542539284529,
                44.884359662798
              ],
              [
                -71.9853955473014,
                44.884335343960856
              ],
              [
                -71.9850679362075,
                44.884079368643455
              ],
              [
                -71.98496230155537,
                44.883860108224454
              ],
              [
                -71.98494142674228,
                44.88283049192765
              ],
              [
                -71.98469568879771,
                44.8817343378348
              ],
              [
                -71.98469824574025,
                44.87994133134749
              ],
              [
                -71.98468348205442,
                44.87982287332827
              ],
              [
                -71.98452855426476,
                44.87918944336292
              ],
              [
                -71.9844868440221,
                44.87907676961092
              ],
              [
                -71.9844166199503,
                44.87896818577229
              ],
              [
                -71.98432099097448,
                44.87886989163456
              ],
              [
                -71.98427308366806,
                44.87883114857343
              ],
              [
                -71.98332297998094,
                44.87813141298243
              ],
              [
                -71.98325378499801,
                44.87808498085632
              ],
              [
                -71.983116765881,
                44.878015744637175
              ],
              [
                -71.98304581295902,
                44.87798898939074
              ],
              [
                -71.98209789226696,
                44.87766636061851
              ],
              [
                -71.98172449557478,
                44.87705330791806
              ],
              [
                -71.98072974151667,
                44.87622370786825
              ],
              [
                -71.9802253726104,
                44.875576308858236
              ],
              [
                -71.97988718405873,
                44.874658574285455
              ],
              [
                -71.97966002640933,
                44.87309483311306
              ],
              [
                -71.97969745800889,
                44.871837414527114
              ],
              [
                -71.98044294298211,
                44.87117573762795
              ],
              [
                -71.9813118233553,
                44.86998255824147
              ],
              [
                -71.98135917502844,
                44.869906002279365
              ],
              [
                -71.98140450240956,
                44.86979062865076
              ],
              [
                -71.98141980894525,
                44.869671463351864
              ],
              [
                -71.98140664122478,
                44.86955245041588
              ],
              [
                -71.98136418077958,
                44.86943667812216
              ],
              [
                -71.9812939741561,
                44.869328092260886
              ],
              [
                -71.9812689313248,
                44.86929845057611
              ],
              [
                -71.98057670918293,
                44.86852674633416
              ],
              [
                -71.9805506374853,
                44.8683477755046
              ],
              [
                -71.98053786813726,
                44.86827263277363
              ],
              [
                -71.98053113989336,
                44.86822929517764
              ],
              [
                -71.98047990070678,
                44.86812161306319
              ],
              [
                -71.98001434512575,
                44.867880967897776
              ],
              [
                -71.97932184693786,
                44.86752301124671
              ],
              [
                -71.97925084927658,
                44.867486417639924
              ],
              [
                -71.97918004945016,
                44.867449926578104
              ],
              [
                -71.97913732272936,
                44.867427904090164
              ],
              [
                -71.97804844885722,
                44.86727506442189
              ],
              [
                -71.97629160850609,
                44.86722033994801
              ],
              [
                -71.9744198741352,
                44.86736359702819
              ],
              [
                -71.97436208588141,
                44.8673695177784
              ],
              [
                -71.97419888944411,
                44.86739970009773
              ],
              [
                -71.97404658803991,
                44.86744933569499
              ],
              [
                -71.97402594911901,
                44.867457677070725
              ],
              [
                -71.97368056869827,
                44.867605411096264
              ],
              [
                -71.97356218325369,
                44.86766504529499
              ],
              [
                -71.97344278622764,
                44.867748859132355
              ],
              [
                -71.97334540714857,
                44.86784655343085
              ],
              [
                -71.97327324281112,
                44.86795448855495
              ],
              [
                -71.97322869411745,
                44.86806958091973
              ],
              [
                -71.9732132916365,
                44.868197461901815
              ],
              [
                -71.97321393715376,
                44.86830010852391
              ],
              [
                -71.97189116791414,
                44.86868910486275
              ],
              [
                -71.97178326286078,
                44.868726570197126
              ],
              [
                -71.97164502429371,
                44.868794546995794
              ],
              [
                -71.97155828450337,
                44.868852638221355
              ],
              [
                -71.97132493825526,
                44.86902872318947
              ],
              [
                -71.97129227570181,
                44.86905444368789
              ],
              [
                -71.97119489077997,
                44.86915213610291
              ],
              [
                -71.97112272078186,
                44.869260069816924
              ],
              [
                -71.97110335608626,
                44.86930188060021
              ],
              [
                -71.97094004693693,
                44.869688918960485
              ],
              [
                -71.97090739925717,
                44.86979928442605
              ],
              [
                -71.97022551352075,
                44.8736054489665
              ],
              [
                -71.96827798946123,
                44.87439617053171
              ],
              [
                -71.96819854540412,
                44.87443376494934
              ],
              [
                -71.96813896035403,
                44.874462171289736
              ],
              [
                -71.96679912752128,
                44.875138148590345
              ],
              [
                -71.96674189055352,
                44.87516909563617
              ],
              [
                -71.96662246807648,
                44.875252902112685
              ],
              [
                -71.96652906108591,
                44.87534611049848
              ],
              [
                -71.96633071013298,
                44.875582528294125
              ],
              [
                -71.96625852293009,
                44.875690457831766
              ],
              [
                -71.96621395416811,
                44.87580554720988
              ],
              [
                -71.9661986145264,
                44.875924710186574
              ],
              [
                -71.96620273117271,
                44.87599278318034
              ],
              [
                -71.96626995725985,
                44.87650715627633
              ],
              [
                -71.96627897843021,
                44.87655809858844
              ],
              [
                -71.96632141628439,
                44.87667359457662
              ],
              [
                -71.96636816265838,
                44.87675086560055
              ],
              [
                -71.9673956865257,
                44.87820841260305
              ],
              [
                -71.96760955973855,
                44.87894843949722
              ],
              [
                -71.96865132805651,
                44.880584892919266
              ],
              [
                -71.96869115551507,
                44.8806410392768
              ],
              [
                -71.96878676066233,
                44.880739346360556
              ],
              [
                -71.96884330868836,
                44.88078376036546
              ],
              [
                -71.96943349169412,
                44.88120888659827
              ],
              [
                -71.96975440186088,
                44.88218506327014
              ],
              [
                -71.96986181596868,
                44.88237622472425
              ],
              [
                -71.97022954397791,
                44.88282112366272
              ],
              [
                -71.97027883510746,
                44.8839152727797
              ],
              [
                -71.97023411948699,
                44.884132724578166
              ],
              [
                -71.96990276142272,
                44.88575660051988
              ],
              [
                -71.96989240302895,
                44.88585075846797
              ],
              [
                -71.96990634150164,
                44.88596977686976
              ],
              [
                -71.96994490241326,
                44.88607822254326
              ],
              [
                -71.97027332488392,
                44.88675690810832
              ],
              [
                -71.97064446880134,
                44.8882991154153
              ],
              [
                -71.97195518591762,
                44.89040162815478
              ],
              [
                -71.97198259492002,
                44.890519020313384
              ],
              [
                -71.9721485229493,
                44.89123547520265
              ],
              [
                -71.97267693215375,
                44.89237401713008
              ],
              [
                -71.97355605753883,
                44.89600825066458
              ],
              [
                -71.97416818376298,
                44.897345706871356
              ],
              [
                -71.97466540244223,
                44.897835618136384
              ],
              [
                -71.97465606093292,
                44.897905597597244
              ],
              [
                -71.97465217930382,
                44.898766371539864
              ],
              [
                -71.97466610998953,
                44.89888763875933
              ],
              [
                -71.97470858066825,
                44.89900313133373
              ],
              [
                -71.9747780166078,
                44.8991119988012
              ],
              [
                -71.9748783794828,
                44.899213696903814
              ],
              [
                -71.9753550352746,
                44.89961774013412
              ],
              [
                -71.97549109259046,
                44.90005846339248
              ],
              [
                -71.97557895238194,
                44.90023012494228
              ],
              [
                -71.97580878113222,
                44.90054079566629
              ],
              [
                -71.97575363255869,
                44.90077507386683
              ],
              [
                -71.97574078163697,
                44.90088300052625
              ],
              [
                -71.97575779088496,
                44.901014123692185
              ],
              [
                -71.97615946508719,
                44.9025317026913
              ],
              [
                -71.97640375688609,
                44.902906835653916
              ],
              [
                -71.97674796606755,
                44.90343428066559
              ],
              [
                -71.97711107356824,
                44.904496677235095
              ],
              [
                -71.97718903774552,
                44.905412099429114
              ],
              [
                -71.97811765368222,
                44.905204030928935
              ],
              [
                -71.97811873501429,
                44.90508452104023
              ],
              [
                -71.97813581675231,
                44.90503341843629
              ],
              [
                -71.97813870696737,
                44.90471397431502
              ],
              [
                -71.97806822235478,
                44.904457186453456
              ],
              [
                -71.97806879232252,
                44.904394197467504
              ],
              [
                -71.97799873329917,
                44.904177906089764
              ],
              [
                -71.97789703094791,
                44.90396034515192
              ],
              [
                -71.97784077664092,
                44.90388022361561
              ],
              [
                -71.97778667035747,
                44.90373768269963
              ],
              [
                -71.97774118350729,
                44.903429828219835
              ],
              [
                -71.97771753282015,
                44.90333242053308
              ],
              [
                -71.97766327201907,
                44.90320703235212
              ],
              [
                -71.97743392714328,
                44.90284068853594
              ],
              [
                -71.97722682404684,
                44.90264007979326
              ],
              [
                -71.97717911602749,
                44.90257771297414
              ],
              [
                -71.97708489837332,
                44.90232081575856
              ],
              [
                -71.97706363890308,
                44.902047099034434
              ],
              [
                -71.97703338806218,
                44.901892293593754
              ],
              [
                -71.97685292122078,
                44.901372911022015
              ],
              [
                -71.97673517165165,
                44.90109340865621
              ],
              [
                -71.97670538642134,
                44.90088742453752
              ],
              [
                -71.97671401882657,
                44.900808162129145
              ],
              [
                -71.97676332408903,
                44.900694215706174
              ],
              [
                -71.97681121047987,
                44.90064944107032
              ],
              [
                -71.97683621526998,
                44.90059725006741
              ],
              [
                -71.97682938860979,
                44.90047742220586
              ],
              [
                -71.97681323540041,
                44.90042616750334
              ],
              [
                -71.97666244060632,
                44.900300336503285
              ],
              [
                -71.97655157880762,
                44.90013419461574
              ],
              [
                -71.97652090672445,
                44.90002606836115
              ],
              [
                -71.9764333176576,
                44.899911494495306
              ],
              [
                -71.97636977912693,
                44.89976272288801
              ],
              [
                -71.97635598504276,
                44.89962599027287
              ],
              [
                -71.97632426193685,
                44.89954654283202
              ],
              [
                -71.97632472650365,
                44.899495364251045
              ],
              [
                -71.97628630567279,
                44.89936920477645
              ],
              [
                -71.97624652186745,
                44.899306030682645
              ],
              [
                -71.97612702256956,
                44.89921999391519
              ],
              [
                -71.97596716813277,
                44.899133771855475
              ],
              [
                -71.97577590386959,
                44.89893379545484
              ],
              [
                -71.97565571955418,
                44.89883622487231
              ],
              [
                -71.9756167280828,
                44.89877305419113
              ],
              [
                -71.97559474826897,
                44.898579478899954
              ],
              [
                -71.97562764403851,
                44.8984426797891
              ],
              [
                -71.97562190635621,
                44.89820334093737
              ],
              [
                -71.97563935624174,
                44.89811174569748
              ],
              [
                -71.9756229440371,
                44.89808917331887
              ],
              [
                -71.97562061576915,
                44.8979100305416
              ],
              [
                -71.97562501426869,
                44.897861400477055
              ],
              [
                -71.9756660461082,
                44.89778706793348
              ],
              [
                -71.97568375134419,
                44.89766735257363
              ],
              [
                -71.97551529510562,
                44.89757040428029
              ],
              [
                -71.97538794667518,
                44.89747786232155
              ],
              [
                -71.97530004401368,
                44.89739843814575
              ],
              [
                -71.9751975348352,
                44.89727198379153
              ],
              [
                -71.97503908929316,
                44.8970316622543
              ],
              [
                -71.97489657247424,
                44.8967801652147
              ],
              [
                -71.97483393236578,
                44.89662042905216
              ],
              [
                -71.974786288168,
                44.89655187567906
              ],
              [
                -71.97473937369212,
                44.89640317952946
              ],
              [
                -71.97468481340306,
                44.89631209637348
              ],
              [
                -71.97449522010531,
                44.89584328591028
              ],
              [
                -71.97435490365882,
                44.89543769360129
              ],
              [
                -71.97422483833955,
                44.89477568209879
              ],
              [
                -71.97410134438378,
                44.89434795147661
              ],
              [
                -71.97401605002635,
                44.893983106672984
              ],
              [
                -71.97397840520097,
                44.89368597238298
              ],
              [
                -71.97393195397706,
                44.893486940385586
              ],
              [
                -71.9738377165563,
                44.89323538349113
              ],
              [
                -71.9737910122934,
                44.893064190793496
              ],
              [
                -71.97378482748407,
                44.892961519094584
              ],
              [
                -71.97376066959019,
                44.892920913104724
              ],
              [
                -71.97376123633336,
                44.89285876808797
              ],
              [
                -71.9737076247073,
                44.89266420238457
              ],
              [
                -71.97366185746642,
                44.8923903716236
              ],
              [
                -71.97361525956065,
                44.892207649133844
              ],
              [
                -71.97349780826075,
                44.89189917986329
              ],
              [
                -71.9733950886455,
                44.891710574259776
              ],
              [
                -71.97338758741338,
                44.89166554557735
              ],
              [
                -71.97318205025856,
                44.891299302267264
              ],
              [
                -71.9730876039284,
                44.89107136469607
              ],
              [
                -71.97305955531472,
                44.89093709707555
              ],
              [
                -71.97298823347909,
                44.89060296753877
              ],
              [
                -71.97297307508276,
                44.89044345018661
              ],
              [
                -71.97288665044101,
                44.89020373848108
              ],
              [
                -71.97284011833452,
                44.8901008813472
              ],
              [
                -71.9726657273245,
                44.88987707374018
              ],
              [
                -71.97252386748578,
                44.88964329334115
              ],
              [
                -71.97242849840089,
                44.88951686930928
              ],
              [
                -71.97226935257332,
                44.88935668568232
              ],
              [
                -71.97214206442378,
                44.889173590499496
              ],
              [
                -71.97196902192367,
                44.888802994724735
              ],
              [
                -71.9719064549896,
                44.88863707128217
              ],
              [
                -71.97190698248315,
                44.88857942455865
              ],
              [
                -71.97183639651253,
                44.888425274945995
              ],
              [
                -71.97173342587836,
                44.88826535032482
              ],
              [
                -71.97165335570028,
                44.88819664554911
              ],
              [
                -71.9715743394725,
                44.88809926094098
              ],
              [
                -71.97146455329894,
                44.88781978934304
              ],
              [
                -71.97138690037295,
                44.88757364953307
              ],
              [
                -71.97132489761424,
                44.88726009091779
              ],
              [
                -71.97131142441208,
                44.887003562011905
              ],
              [
                -71.97121081250869,
                44.88658661971962
              ],
              [
                -71.97101536984759,
                44.88615827032596
              ],
              [
                -71.97092791307739,
                44.88603272480385
              ],
              [
                -71.97085675565438,
                44.88585523071071
              ],
              [
                -71.9708418178941,
                44.88575870576203
              ],
              [
                -71.9708665485622,
                44.88564999032195
              ],
              [
                -71.97093292912608,
                44.8854855068187
              ],
              [
                -71.97099072827056,
                44.885394099003896
              ],
              [
                -71.97104002368779,
                44.88519466582702
              ],
              [
                -71.97109298035016,
                44.88468197783086
              ],
              [
                -71.97112829294846,
                44.88445435848844
              ],
              [
                -71.97116370587807,
                44.88430210479415
              ],
              [
                -71.97124521699988,
                44.88395377753325
              ],
              [
                -71.97124632206383,
                44.883833142523486
              ],
              [
                -71.97120801498909,
                44.883610524851456
              ],
              [
                -71.97119353554655,
                44.88337761304247
              ],
              [
                -71.9712033424217,
                44.88325701831342
              ],
              [
                -71.97128496320605,
                44.883069263931766
              ],
              [
                -71.97129485998175,
                44.88293882668173
              ],
              [
                -71.971185406756,
                44.88262420486518
              ],
              [
                -71.97114578677643,
                44.882544999948244
              ],
              [
                -71.97102711296779,
                44.88237347250233
              ],
              [
                -71.97094800001092,
                44.88228761711961
              ],
              [
                -71.97078857127332,
                44.882160894780135
              ],
              [
                -71.9706932697826,
                44.88202884517717
              ],
              [
                -71.97062960030001,
                44.881898066974955
              ],
              [
                -71.97057632113541,
                44.881669474579525
              ],
              [
                -71.97043658689199,
                44.8812070740097
              ],
              [
                -71.97030999425672,
                44.88086453118503
              ],
              [
                -71.97026315931453,
                44.88079597949086
              ],
              [
                -71.97011217423497,
                44.88069797912968
              ],
              [
                -71.97002389116876,
                44.88066354217665
              ],
              [
                -71.96983978176303,
                44.88055470161273
              ],
              [
                -71.96960879014097,
                44.88038265117207
              ],
              [
                -71.9695296329043,
                44.88030213808066
              ],
              [
                -71.96944234577235,
                44.880159438498765
              ],
              [
                -71.96941887334873,
                44.8800451567083
              ],
              [
                -71.9693416090055,
                44.879844854357394
              ],
              [
                -71.9691819683247,
                44.87965626172937
              ],
              [
                -71.96907897134405,
                44.87950167785876
              ],
              [
                -71.96898440233716,
                44.87929089034173
              ],
              [
                -71.96888921572588,
                44.87914731039019
              ],
              [
                -71.96871497802331,
                44.87899801911986
              ],
              [
                -71.96861862885376,
                44.87889492740143
              ],
              [
                -71.96853229239959,
                44.878735358689674
              ],
              [
                -71.96848630007786,
                44.878575696916926
              ],
              [
                -71.96844795124557,
                44.878273213220126
              ],
              [
                -71.96839399777684,
                44.878119138617436
              ],
              [
                -71.96831457744315,
                44.877981817349834
              ],
              [
                -71.96821923663818,
                44.877855389678814
              ],
              [
                -71.9680765845324,
                44.87771271283954
              ],
              [
                -71.96801251108444,
                44.877626925402254
              ],
              [
                -71.96796509779672,
                44.87753587203127
              ],
              [
                -71.96792760926394,
                44.87739790262749
              ],
              [
                -71.96786369447862,
                44.87729496225022
              ],
              [
                -71.96777594158308,
                44.877203720824085
              ],
              [
                -71.96760265905074,
                44.876951789670514
              ],
              [
                -71.96745853767824,
                44.87679729330747
              ],
              [
                -71.96730065431356,
                44.87659127088771
              ],
              [
                -71.96723003535341,
                44.87644358542126
              ],
              [
                -71.9671610049675,
                44.87612380444933
              ],
              [
                -71.96715277718899,
                44.875986815367
              ],
              [
                -71.96716280077636,
                44.8759292128447
              ],
              [
                -71.96724300001985,
                44.8758100715618
              ],
              [
                -71.96735715322495,
                44.875697274390895
              ],
              [
                -71.96764854572125,
                44.87549250375157
              ],
              [
                -71.9679624437645,
                44.87533451781449
              ],
              [
                -71.96813317817852,
                44.87526163504622
              ],
              [
                -71.96856724686673,
                44.87510983221175
              ],
              [
                -71.96860785208533,
                44.87508105567513
              ],
              [
                -71.96875579737561,
                44.874991755525784
              ],
              [
                -71.96897817437738,
                44.87489380245421
              ],
              [
                -71.96924314559183,
                44.87480870198683
              ],
              [
                -71.96953294029636,
                44.87469053206761
              ],
              [
                -71.96964599108144,
                44.87461091160808
              ],
              [
                -71.96996769542005,
                44.87446308008724
              ],
              [
                -71.97015340623896,
                44.87439532564424
              ],
              [
                -71.9702572340817,
                44.87437246699951
              ],
              [
                -71.97066757002987,
                44.874219701976756
              ],
              [
                -71.97070816326787,
                44.87419204948899
              ],
              [
                -71.97076363743646,
                44.87418049559265
              ],
              [
                -71.9708525939708,
                44.874140412988496
              ],
              [
                -71.9709736002182,
                44.87405548455229
              ],
              [
                -71.97107889552098,
                44.87395867223822
              ],
              [
                -71.97115175946458,
                44.8738619913123
              ],
              [
                -71.97119288014541,
                44.87377669268136
              ],
              [
                -71.97124906925525,
                44.87360063123948
              ],
              [
                -71.97132291489629,
                44.873223865619
              ],
              [
                -71.97137448952122,
                44.8727741619621
              ],
              [
                -71.9714075344668,
                44.872620490400706
              ],
              [
                -71.9714397993225,
                44.872552023513926
              ],
              [
                -71.97146587422647,
                44.87229567699938
              ],
              [
                -71.97148896520628,
                44.87227891102014
              ],
              [
                -71.97147487722715,
                44.87217620314969
              ],
              [
                -71.97151488534509,
                44.87203943660872
              ],
              [
                -71.97153996288276,
                44.87180558256356
              ],
              [
                -71.97158972135203,
                44.87164045893488
              ],
              [
                -71.97159029773482,
                44.87157746965089
              ],
              [
                -71.97170424429818,
                44.87113958451578
              ],
              [
                -71.97169691155463,
                44.8710765586385
              ],
              [
                -71.97175410974268,
                44.870962650298985
              ],
              [
                -71.97174785613534,
                44.87069518630929
              ],
              [
                -71.97178083203181,
                44.87037587959619
              ],
              [
                -71.97180508340197,
                44.870318624079886
              ],
              [
                -71.97181413679338,
                44.870193526112544
              ],
              [
                -71.97182927166503,
                44.87018178511585
              ],
              [
                -71.97185472784022,
                44.870079259232504
              ],
              [
                -71.97186361511436,
                44.86988582499954
              ],
              [
                -71.97191295181274,
                44.869766537581825
              ],
              [
                -71.97192886823277,
                44.86966931108047
              ],
              [
                -71.97202691864699,
                44.8694987862054
              ],
              [
                -71.97209956968402,
                44.86942459984888
              ],
              [
                -71.9722602646806,
                44.8693226998163
              ],
              [
                -71.97237303911182,
                44.86927175825135
              ],
              [
                -71.9726696632476,
                44.869181452462655
              ],
              [
                -71.9728871504821,
                44.86909612418826
              ],
              [
                -71.97312024156847,
                44.86903420781612
              ],
              [
                -71.97349869468307,
                44.8689035008512
              ],
              [
                -71.97375630127846,
                44.86884169619738
              ],
              [
                -71.97393202784322,
                44.86882563294812
              ],
              [
                -71.97404533717211,
                44.8688025328474
              ],
              [
                -71.97418257470758,
                44.86875732733482
              ],
              [
                -71.97423038773694,
                44.8687178958128
              ],
              [
                -71.97424667098954,
                44.868666789790076
              ],
              [
                -71.97413586358503,
                44.86841515577142
              ],
              [
                -71.97412825230437,
                44.86829560422779
              ],
              [
                -71.97417742933129,
                44.86819318791718
              ],
              [
                -71.97425787959278,
                44.86813056631352
              ],
              [
                -71.9743539344221,
                44.86809135680884
              ],
              [
                -71.9745228120238,
                44.86804545241466
              ],
              [
                -71.97457969751746,
                44.86805190085713
              ],
              [
                -71.97496457861817,
                44.86799602247394
              ],
              [
                -71.97518138853572,
                44.867984363931036
              ],
              [
                -71.97529389464661,
                44.86796238375377
              ],
              [
                -71.97559157348161,
                44.867928880478345
              ],
              [
                -71.97600915595305,
                44.86792967234331
              ],
              [
                -71.97632175594416,
                44.86790776585896
              ],
              [
                -71.97654710158322,
                44.86791414157495
              ],
              [
                -71.97658654501086,
                44.867925290162944
              ],
              [
                -71.97718127685866,
                44.867927170272594
              ],
              [
                -71.97745376623384,
                44.86796778738537
              ],
              [
                -71.97758183424455,
                44.867973997582055
              ],
              [
                -71.97777417532875,
                44.86795687956182
              ],
              [
                -71.97792760162531,
                44.867957581040336
              ],
              [
                -71.97794411303565,
                44.86796834266106
              ],
              [
                -71.97805641478266,
                44.86796885596765
              ],
              [
                -71.97829632232188,
                44.86802675743985
              ],
              [
                -71.97848829773221,
                44.86805013139761
              ],
              [
                -71.97853818021392,
                44.868043891697745
              ],
              [
                -71.97878536109927,
                44.86808467083356
              ],
              [
                -71.9789298853432,
                44.86810782747629
              ],
              [
                -71.97910657625843,
                44.86815981450804
              ],
              [
                -71.97933990779553,
                44.868245524451204
              ],
              [
                -71.9794501164012,
                44.86830283211937
              ],
              [
                -71.97958024376798,
                44.868343920025794
              ],
              [
                -71.9796511912394,
                44.86845757219059
              ],
              [
                -71.97965073012257,
                44.868508751078004
              ],
              [
                -71.97960962572937,
                44.86859405290802
              ],
              [
                -71.9796090074762,
                44.86866266635927
              ],
              [
                -71.9796413573773,
                44.86875898902337
              ],
              [
                -71.97971393534107,
                44.86886730595027
              ],
              [
                -71.97981655908593,
                44.86897660378029
              ],
              [
                -71.98008034764318,
                44.86919377749949
              ],
              [
                -71.98008879664329,
                44.86922165571833
              ],
              [
                -71.98039256536332,
                44.869478662358055
              ],
              [
                -71.98045638777329,
                44.869593406438895
              ],
              [
                -71.98045572496828,
                44.86966708153512
              ],
              [
                -71.98039869701601,
                44.86976412218483
              ],
              [
                -71.98023701408954,
                44.869889370391036
              ],
              [
                -71.98004415267307,
                44.87013933549774
              ],
              [
                -71.98002712880299,
                44.87018537710772
              ],
              [
                -71.97989741703036,
                44.87036110816443
              ],
              [
                -71.97979201189696,
                44.87056029011198
              ],
              [
                -71.97963008501608,
                44.87079999002337
              ],
              [
                -71.97953341335351,
                44.87090753571381
              ],
              [
                -71.97928301252445,
                44.871134740120965
              ],
              [
                -71.97925892795254,
                44.87117428194045
              ],
              [
                -71.97915459703474,
                44.87125395173408
              ],
              [
                -71.97893654242343,
                44.87140228217796
              ],
              [
                -71.97885588959532,
                44.87148740324364
              ],
              [
                -71.97879143187114,
                44.871618435607594
              ],
              [
                -71.97879102577926,
                44.87166342800496
              ],
              [
                -71.97873462910033,
                44.8717776251783
              ],
              [
                -71.97871831990703,
                44.87191956338496
              ],
              [
                -71.97873083821715,
                44.87228519878158
              ],
              [
                -71.97875471086292,
                44.87244447488478
              ],
              [
                -71.97875361982969,
                44.872740588718365
              ],
              [
                -71.97869480266931,
                44.87312277129581
              ],
              [
                -71.9787263041623,
                44.873225557743325
              ],
              [
                -71.97877377921604,
                44.87331126348175
              ],
              [
                -71.97882143620141,
                44.87346446138445
              ],
              [
                -71.97882102248848,
                44.87351029782454
              ],
              [
                -71.97879713006215,
                44.873703663998434
              ],
              [
                -71.97882747562262,
                44.87384693994238
              ],
              [
                -71.9788338805863,
                44.87418892533514
              ],
              [
                -71.97885732116339,
                44.87430854867741
              ],
              [
                -71.97893604859954,
                44.87452488020419
              ],
              [
                -71.97893522894914,
                44.87461570811172
              ],
              [
                -71.97891937109019,
                44.87470759315905
              ],
              [
                -71.97893531617261,
                44.87478134395677
              ],
              [
                -71.97896728079772,
                44.87483295148975
              ],
              [
                -71.97906280266074,
                44.87494137339105
              ],
              [
                -71.9791350472828,
                44.87508737171137
              ],
              [
                -71.97911882885674,
                44.87530692624059
              ],
              [
                -71.97914216392418,
                44.875438359103
              ],
              [
                -71.97921228972288,
                44.875643965039245
              ],
              [
                -71.97932290233375,
                44.87583344511576
              ],
              [
                -71.97954402821743,
                44.8761359143102
              ],
              [
                -71.97971090829115,
                44.87631383942531
              ],
              [
                -71.97993361998344,
                44.87661631506485
              ],
              [
                -71.98002143941544,
                44.87670220394936
              ],
              [
                -71.98034807144064,
                44.876971968641854
              ],
              [
                -71.98077090064776,
                44.87727619710924
              ],
              [
                -71.98089696235662,
                44.87741990754964
              ],
              [
                -71.98095299322115,
                44.87752252403593
              ],
              [
                -71.98099220873053,
                44.87764784284101
              ],
              [
                -71.9810708198359,
                44.87779049423588
              ],
              [
                -71.9811972700939,
                44.87797920029874
              ],
              [
                -71.98135609648779,
                44.87817424085516
              ],
              [
                -71.98142045059859,
                44.87823105660744
              ],
              [
                -71.98148426133203,
                44.87826031180898
              ],
              [
                -71.98160418763158,
                44.878294882656995
              ],
              [
                -71.98174837506495,
                44.87835852894256
              ],
              [
                -71.98202862256379,
                44.87842194903646
              ],
              [
                -71.98212397046122,
                44.87846287622537
              ],
              [
                -71.9822203188248,
                44.878480466680614
              ],
              [
                -71.9823732639039,
                44.878537965178474
              ],
              [
                -71.98250041368958,
                44.87856103851091
              ],
              [
                -71.98262893642104,
                44.87860745911076
              ],
              [
                -71.98298083034753,
                44.87879718426565
              ],
              [
                -71.98321195393277,
                44.87895824141977
              ],
              [
                -71.9835221080189,
                44.87921611138756
              ],
              [
                -71.98357824841253,
                44.879307196838006
              ],
              [
                -71.98371127123768,
                44.87973524307752
              ],
              [
                -71.98373395708974,
                44.879940631609124
              ],
              [
                -71.98373079075172,
                44.880117781899244
              ],
              [
                -71.9837152532883,
                44.88017451681703
              ],
              [
                -71.98371316092498,
                44.88040847710975
              ],
              [
                -71.98375054577804,
                44.88056247041939
              ],
              [
                -71.9837596661913,
                44.88140024654181
              ],
              [
                -71.98373088230443,
                44.881788191165484
              ],
              [
                -71.98377505734491,
                44.882244519247905
              ],
              [
                -71.98383008209441,
                44.882460739959214
              ],
              [
                -71.98397813648747,
                44.88288969768104
              ],
              [
                -71.98398538599568,
                44.88296368914166
              ],
              [
                -71.98398237949682,
                44.88330000690876
              ],
              [
                -71.98401183280428,
                44.88354507738686
              ],
              [
                -71.98400004586819,
                44.88397865530784
              ],
              [
                -71.98407096318775,
                44.884098772641586
              ],
              [
                -71.98421984263494,
                44.8844360571742
              ],
              [
                -71.9842926496519,
                44.884521874856055
              ],
              [
                -71.984460083311,
                44.8846421469696
              ],
              [
                -71.9846034258177,
                44.88471394050613
              ],
              [
                -71.98465140096505,
                44.88474565290973
              ],
              [
                -71.98468258756962,
                44.884796974479514
              ],
              [
                -71.98469818620607,
                44.88491065508551
              ],
              [
                -71.98470316962022,
                44.88514999063457
              ],
              [
                -71.98473501487729,
                44.88530480168984
              ],
              [
                -71.98483565166426,
                44.88564102448704
              ],
              [
                -71.98485104501184,
                44.885777763626194
              ],
              [
                -71.98490514481418,
                44.88592114480254
              ],
              [
                -71.98507034346987,
                44.886292528988676
              ],
              [
                -71.98516528357966,
                44.88646955900299
              ],
              [
                -71.98541904289834,
                44.88684668535309
              ],
              [
                -71.98552909548695,
                44.887103647721666
              ],
              [
                -71.98552878967969,
                44.88713795436781
              ],
              [
                -71.98574098661408,
                44.88765184313938
              ],
              [
                -71.98581725343402,
                44.88797164482437
              ],
              [
                -71.9858789775187,
                44.88832540732665
              ],
              [
                -71.98589925483832,
                44.888713572881514
              ],
              [
                -71.98579946140298,
                44.88899180636197
              ],
              [
                -71.98572431725088,
                44.8893449525555
              ],
              [
                -71.98566538293845,
                44.889743447454784
              ],
              [
                -71.98560668768287,
                44.88993750185076
              ],
              [
                -71.98557447982218,
                44.89000034852641
              ],
              [
                -71.98555705578755,
                44.8900911014419
              ],
              [
                -71.98550787988891,
                44.89019352316689
              ],
              [
                -71.98540808204949,
                44.89064920125522
              ],
              [
                -71.9854050779447,
                44.89080863511507
              ],
              [
                -71.98525823539225,
                44.89112743146193
              ],
              [
                -71.98523162194293,
                44.89136128081106
              ],
              [
                -71.98524814138015,
                44.891372041368406
              ],
              [
                -71.98524675926618,
                44.89152698400516
              ],
              [
                -71.98521140240736,
                44.89176529333287
              ],
              [
                -71.98527393679814,
                44.892028228210144
              ],
              [
                -71.98527276542758,
                44.89215954898228
              ],
              [
                -71.98525462533732,
                44.89233044476091
              ],
              [
                -71.98527063084245,
                44.89239885212234
              ],
              [
                -71.98525305255384,
                44.892506758703924
              ],
              [
                -71.985211479932,
                44.89264352161865
              ],
              [
                -71.98523455105737,
                44.8927181475172
              ],
              [
                -71.9852985689256,
                44.89281489167574
              ],
              [
                -71.98535349638678,
                44.89286631998487
              ],
              [
                -71.98536959745239,
                44.89292404166176
              ],
              [
                -71.9853687874027,
                44.893014869367775
              ],
              [
                -71.98534019495554,
                44.89311569644258
              ],
              [
                -71.9853191521463,
                44.893168469657674
              ],
              [
                -71.98532645219763,
                44.8932371185312
              ],
              [
                -71.98535759627738,
                44.893293782246424
              ],
              [
                -71.98547862197162,
                44.89338628466957
              ],
              [
                -71.98555749443996,
                44.89341447962339
              ],
              [
                -71.98581799888485,
                44.89348230072684
              ],
              [
                -71.98617599292581,
                44.89353143651756
              ],
              [
                -71.98629625664502,
                44.893531977543546
              ],
              [
                -71.98649663264524,
                44.89351038164674
              ],
              [
                -71.98673133310393,
                44.893454913345934
              ],
              [
                -71.98691435963075,
                44.893426770391386
              ],
              [
                -71.98714916432397,
                44.89335949075315
              ],
              [
                -71.98727753965892,
                44.893337570131656
              ],
              [
                -71.98742194634723,
                44.89329238019059
              ],
              [
                -71.98752758376064,
                44.89324701700153
              ],
              [
                -71.98787425127361,
                44.89314592889599
              ],
              [
                -71.98801132910093,
                44.89312404647316
              ],
              [
                -71.9881725993613,
                44.89305081077931
              ],
              [
                -71.98837409748295,
                44.892902389091816
              ],
              [
                -71.98849097724865,
                44.89283823365005
              ],
              [
                -71.98887461859054,
                44.89267150514643
              ],
              [
                -71.98898795901286,
                44.8926495153088
              ],
              [
                -71.98906737998252,
                44.89261584342779
              ],
              [
                -71.98927655949386,
                44.89258247108719
              ],
              [
                -71.98943791621222,
                44.89258853606443
              ],
              [
                -71.9896220087451,
                44.89261832341819
              ],
              [
                -71.98985495928568,
                44.892670545012955
              ],
              [
                -71.98999059040167,
                44.89272261322877
              ],
              [
                -71.99021483851597,
                44.89277479522497
              ],
              [
                -71.9904482784903,
                44.89286132578241
              ],
              [
                -71.99059202368461,
                44.89289065078002
              ],
              [
                -71.99087280308737,
                44.892902869714966
              ],
              [
                -71.99100942779607,
                44.892932162443195
              ],
              [
                -71.99136209774191,
                44.89295707483178
              ],
              [
                -71.99142703078435,
                44.892951177324015
              ],
              [
                -71.99174795637632,
                44.892986914010265
              ],
              [
                -71.99222815345836,
                44.89308606811065
              ],
              [
                -71.99227621891974,
                44.893108778850255
              ],
              [
                -71.99277431408504,
                44.89324231910874
              ],
              [
                -71.99284626435785,
                44.89324826290692
              ],
              [
                -71.99288645768094,
                44.8932664390222
              ],
              [
                -71.99299792382011,
                44.89327762001947
              ],
              [
                -71.99309524216271,
                44.893278052018076
              ],
              [
                -71.99315834104883,
                44.893300829112
              ],
              [
                -71.9933432784131,
                44.89332498995263
              ],
              [
                -71.99348692999321,
                44.89336527864585
              ],
              [
                -71.99384789697045,
                44.89352717043568
              ],
              [
                -71.99411961929488,
                44.89367038649993
              ],
              [
                -71.99431869917908,
                44.893796408405656
              ],
              [
                -71.9945502665565,
                44.89391723025473
              ],
              [
                -71.99493418393551,
                44.89416977074423
              ],
              [
                -71.99512654002552,
                44.89425076652106
              ],
              [
                -71.99516689222695,
                44.894250944903426
              ],
              [
                -71.99524695546002,
                44.8942341452508
              ],
              [
                -71.99535184402936,
                44.89418342802521
              ],
              [
                -71.99552928396068,
                44.8940700395008
              ],
              [
                -71.99561023392555,
                44.89404227575402
              ],
              [
                -71.99581294512492,
                44.89393434099231
              ],
              [
                -71.99598112983001,
                44.89388390260832
              ],
              [
                -71.99613334263067,
                44.8938502662883
              ],
              [
                -71.99631072435966,
                44.89383389521591
              ],
              [
                -71.99639241574957,
                44.89381175844321
              ],
              [
                -71.9964881992424,
                44.89380683728542
              ],
              [
                -71.99677031767256,
                44.893756900002195
              ],
              [
                -71.99699507856388,
                44.89375142272262
              ],
              [
                -71.99705846874369,
                44.893741015810356
              ],
              [
                -71.99746906171922,
                44.89374816587709
              ],
              [
                -71.99779786126184,
                44.89378926370098
              ],
              [
                -71.99806162516998,
                44.893848071488684
              ],
              [
                -71.99892166319272,
                44.89394436773216
              ],
              [
                -71.99916060063538,
                44.89394654069095
              ],
              [
                -71.99920169017219,
                44.89395290756667
              ],
              [
                -71.9993290759569,
                44.89395346609842
              ],
              [
                -71.99944909930606,
                44.89398183185379
              ],
              [
                -71.99947446457509,
                44.893976600429355
              ],
              [
                -71.99973107111734,
                44.89403987239778
              ],
              [
                -71.99995489301574,
                44.894051538721214
              ],
              [
                -72.00039832543553,
                44.894012984774655
              ],
              [
                -72.00059064471739,
                44.8940076392564
              ],
              [
                -72.0009608880585,
                44.89401460121344
              ],
              [
                -72.00113664036702,
                44.89400355812192
              ],
              [
                -72.00135570540958,
                44.89401632577289
              ],
              [
                -72.00161093338257,
                44.894056247270896
              ],
              [
                -72.00183584778578,
                44.894124719695576
              ],
              [
                -72.001867295047,
                44.89414819709257
              ],
              [
                -72.00195571740633,
                44.89417107977505
              ],
              [
                -72.0020679783457,
                44.894182255383726
              ],
              [
                -72.00225312372031,
                44.89418306247253
              ],
              [
                -72.002341839746,
                44.894171919816806
              ],
              [
                -72.00251032342538,
                44.89417799647833
              ],
              [
                -72.00263069059864,
                44.89416670980816
              ],
              [
                -72.00290405616865,
                44.89412206275131
              ],
              [
                -72.0031129912127,
                44.89411678530762
              ],
              [
                -72.00337038661019,
                44.89408893952711
              ],
              [
                -72.00401375599185,
                44.89407908135144
              ],
              [
                -72.00437524859734,
                44.894091617593475
              ],
              [
                -72.00464404806195,
                44.8941178122236
              ],
              [
                -72.00478406968584,
                44.894121231606945
              ],
              [
                -72.00480058392623,
                44.89413311416027
              ],
              [
                -72.00490020998572,
                44.89414142006836
              ],
              [
                -72.00500146193554,
                44.89414467110326
              ],
              [
                -72.0051942252755,
                44.89417981442445
              ],
              [
                -72.00529866630013,
                44.894180266883254
              ],
              [
                -72.00538709009233,
                44.89420314691501
              ],
              [
                -72.00548361895984,
                44.8942035649371
              ],
              [
                -72.00585273351396,
                44.894250156724354
              ],
              [
                -72.0063351473387,
                44.89427923949908
              ],
              [
                -72.00698311924798,
                44.8942865380308
              ],
              [
                -72.00770071886546,
                44.894294133051424
              ],
              [
                -72.0079577220621,
                44.894312113404354
              ],
              [
                -72.00798136521125,
                44.89432318212284
              ],
              [
                -72.00831041539797,
                44.89433612945899
              ],
              [
                -72.00863492195342,
                44.89432515274637
              ],
              [
                -72.00878530206671,
                44.89432017540191
              ],
              [
                -72.00886493068697,
                44.894353981765576
              ],
              [
                -72.00900973560655,
                44.894446279832685
              ],
              [
                -72.00915410140365,
                44.89449723797338
              ],
              [
                -72.00929781254686,
                44.89453216353014
              ],
              [
                -72.009371059353,
                44.8945721288035
              ],
              [
                -72.00960999313044,
                44.894761286941204
              ],
              [
                -72.00976212680405,
                44.894829431204634
              ],
              [
                -72.01005900345068,
                44.89490438299569
              ],
              [
                -72.01021993228525,
                44.894961878287575
              ],
              [
                -72.01048419233564,
                44.89515086153316
              ],
              [
                -72.01076387387425,
                44.89529435373402
              ],
              [
                -72.01089203008048,
                44.8953910774837
              ],
              [
                -72.01094669210813,
                44.895476800298674
              ],
              [
                -72.01097143019702,
                44.89554552217987
              ],
              [
                -72.0109853864639,
                44.895859415530595
              ],
              [
                -72.0110247246756,
                44.89597938065609
              ],
              [
                -72.01105603848882,
                44.89601916529096
              ],
              [
                -72.01108917311267,
                44.89603083732407
              ],
              [
                -72.01123308698016,
                44.89604242018539
              ],
              [
                -72.01136968440292,
                44.896077031917415
              ],
              [
                -72.01145777782125,
                44.89613955639297
              ],
              [
                -72.01158458021769,
                44.89639656489261
              ],
              [
                -72.01161536144869,
                44.896499339673376
              ],
              [
                -72.0116703514358,
                44.8967335439114
              ],
              [
                -72.01171087320874,
                44.89680739493755
              ],
              [
                -72.01172587493602,
                44.89690475871961
              ],
              [
                -72.01172404010886,
                44.897121565516926
              ],
              [
                -72.01177249511328,
                44.89728656338755
              ],
              [
                -72.01180381013805,
                44.89732634871344
              ],
              [
                -72.01181979614826,
                44.897400937994355
              ],
              [
                -72.01186660111811,
                44.897480440071
              ],
              [
                -72.01199530315058,
                44.89760697343592
              ],
              [
                -72.01217856529492,
                44.89773823912381
              ],
              [
                -72.0123629998272,
                44.89782451547433
              ],
              [
                -72.01258788955852,
                44.89789915325486
              ],
              [
                -72.01272375317251,
                44.89792757354307
              ],
              [
                -72.01292533765563,
                44.89795093049197
              ],
              [
                -72.01302108162983,
                44.89795133879531
              ],
              [
                -72.01336004039956,
                44.897917913265665
              ],
              [
                -72.01347077344319,
                44.897923727654586
              ]
            ]
          ],
          [
            [
              [
                -71.99034159217265,
                44.90852158191169
              ],
              [
                -71.9903563283789,
                44.90855567390769
              ],
              [
                -71.99038831051173,
                44.90869811002743
              ],
              [
                -71.9904666895119,
                44.90878479236208
              ],
              [
                -71.99048235530458,
                44.90889284775793
              ],
              [
                -71.99046482866429,
                44.90899541157945
              ],
              [
                -71.99050533169546,
                44.90906926988769
              ],
              [
                -71.99060789529257,
                44.90919571048579
              ],
              [
                -71.9906552184777,
                44.90930390704981
              ],
              [
                -71.99067029200876,
                44.90938946279121
              ],
              [
                -71.99071766264515,
                44.90949231695522
              ],
              [
                -71.99079437160027,
                44.90985795321012
              ],
              [
                -71.99079185140407,
                44.91014337279412
              ],
              [
                -71.9907747867626,
                44.910193633235785
              ],
              [
                -71.99071061497268,
                44.910290365731704
              ],
              [
                -71.99065312965767,
                44.91034691422141
              ],
              [
                -71.99049145867585,
                44.910460365197224
              ],
              [
                -71.99030540144867,
                44.91055683437834
              ],
              [
                -71.99005917893498,
                44.91065472189426
              ],
              [
                -71.99015878825193,
                44.910846953312046
              ],
              [
                -71.99024499728081,
                44.91094351269695
              ],
              [
                -71.99022247877903,
                44.910983906730365
              ],
              [
                -71.99024587175641,
                44.91102366161014
              ],
              [
                -71.99034191907326,
                44.91108173921974
              ],
              [
                -71.99038939861863,
                44.91108279428377
              ],
              [
                -71.99036126779674,
                44.91131045057713
              ],
              [
                -71.99038508097057,
                44.91130268290241
              ],
              [
                -71.99045891220054,
                44.91127742248459
              ],
              [
                -71.99053592160088,
                44.91125076968623
              ],
              [
                -71.99057328381063,
                44.91123237635294
              ],
              [
                -71.99067737630865,
                44.91118615941584
              ],
              [
                -71.9910071341906,
                44.91103971200251
              ],
              [
                -71.9911073134182,
                44.91098841541236
              ],
              [
                -71.99122677500739,
                44.91090458402903
              ],
              [
                -71.99129221696565,
                44.91084328964189
              ],
              [
                -71.99159260732434,
                44.910526295142915
              ],
              [
                -71.9916245872851,
                44.910489879924235
              ],
              [
                -71.99169676883848,
                44.91038221574388
              ],
              [
                -71.99174131666626,
                44.910266836257755
              ],
              [
                -71.99175661335357,
                44.910147670370385
              ],
              [
                -71.99175022399241,
                44.910064403129276
              ],
              [
                -71.99167963120051,
                44.909632709434455
              ],
              [
                -71.9916008047685,
                44.90914754868676
              ],
              [
                -71.99116681714779,
                44.90828116942461
              ],
              [
                -71.99114923024074,
                44.9076731100994
              ],
              [
                -71.99124490288257,
                44.90741425859349
              ],
              [
                -71.99126118727813,
                44.90736258806988
              ],
              [
                -71.99127727553059,
                44.9072434257125
              ],
              [
                -71.9912632881997,
                44.90712441014077
              ],
              [
                -71.9912207809614,
                44.90700864295974
              ],
              [
                -71.99117945231103,
                44.90693871817302
              ],
              [
                -71.9907833030783,
                44.90636074793171
              ],
              [
                -71.99075435948944,
                44.90632237399106
              ],
              [
                -71.99065867474249,
                44.906224085378184
              ],
              [
                -71.99054071488156,
                44.90613891474871
              ],
              [
                -71.9905186679637,
                44.90612616138901
              ],
              [
                -71.98986114462627,
                44.905752307488896
              ],
              [
                -71.99060672178372,
                44.90565467978739
              ],
              [
                -71.99164678204112,
                44.905278271760146
              ],
              [
                -71.99202644199802,
                44.90548215237966
              ],
              [
                -71.99212023162468,
                44.9055261578869
              ],
              [
                -71.99227172985631,
                44.90557744975313
              ],
              [
                -71.9924186706582,
                44.90560706735736
              ],
              [
                -71.99337507616869,
                44.90574320318586
              ],
              [
                -71.99378609619308,
                44.905801549034045
              ],
              [
                -71.99412014827988,
                44.905973163194346
              ],
              [
                -71.99419739530326,
                44.90600865644179
              ],
              [
                -71.99434968805164,
                44.906059949066
              ],
              [
                -71.99450216344734,
                44.90609043257897
              ],
              [
                -71.99510370359684,
                44.90617323955745
              ],
              [
                -71.99532123801491,
                44.90618516790527
              ],
              [
                -71.99705639695011,
                44.90614164192335
              ],
              [
                -71.9971838954067,
                44.906132361360946
              ],
              [
                -71.99734639602121,
                44.906102424103054
              ],
              [
                -71.99751863558191,
                44.90604468988824
              ],
              [
                -71.99836780206337,
                44.90568284683845
              ],
              [
                -71.99867348128011,
                44.905660286499355
              ],
              [
                -72.00045889978993,
                44.90593385535178
              ],
              [
                -72.00048814677494,
                44.90593792025124
              ],
              [
                -72.00060599918037,
                44.905945747182685
              ],
              [
                -72.00065582938174,
                44.905949058857004
              ],
              [
                -72.0008236921567,
                44.90593938738736
              ],
              [
                -72.00085538388193,
                44.90593530816916
              ],
              [
                -72.00168106909946,
                44.90581546127145
              ],
              [
                -72.0024114950384,
                44.90582061502408
              ],
              [
                -72.00259494305693,
                44.90593080533424
              ],
              [
                -72.00272968972995,
                44.905998602343004
              ],
              [
                -72.00288199013885,
                44.90604988362235
              ],
              [
                -72.00304395701941,
                44.906081521895246
              ],
              [
                -72.00323300791949,
                44.906092748798365
              ],
              [
                -72.0035575185453,
                44.906089098079015
              ],
              [
                -72.00373876523398,
                44.9063635059035
              ],
              [
                -72.00377317980303,
                44.906410899121134
              ],
              [
                -72.00386888730196,
                44.906509176842135
              ],
              [
                -72.00398686771703,
                44.906594333788945
              ],
              [
                -72.0040695840511,
                44.90663884380456
              ],
              [
                -72.0043178498391,
                44.90675887400422
              ],
              [
                -72.00437303948573,
                44.906783297793986
              ],
              [
                -72.00452455204749,
                44.90683457345672
              ],
              [
                -72.00468731344297,
                44.90686621284162
              ],
              [
                -72.00485499961155,
                44.90687734529529
              ],
              [
                -72.00489219754756,
                44.90687722490316
              ],
              [
                -72.0054629300933,
                44.906863669118
              ],
              [
                -72.00555164644378,
                44.90694701044312
              ],
              [
                -72.0055767734154,
                44.906970178640066
              ],
              [
                -72.00569554869344,
                44.907055338155956
              ],
              [
                -72.00583266622137,
                44.90712426570143
              ],
              [
                -72.00591471139357,
                44.90715499161824
              ],
              [
                -72.0066131597296,
                44.90738466834334
              ],
              [
                -72.00688966929994,
                44.90744210505621
              ],
              [
                -72.00785522017873,
                44.907534289939264
              ],
              [
                -72.00849291756195,
                44.90774316439153
              ],
              [
                -72.0087117155281,
                44.90779359920217
              ],
              [
                -72.009310915456,
                44.907876883677815
              ],
              [
                -72.00985868823817,
                44.90814470032758
              ],
              [
                -72.01040782129903,
                44.90890548480756
              ],
              [
                -72.01042817866913,
                44.908931443604295
              ],
              [
                -72.01052311027824,
                44.909029712379805
              ],
              [
                -72.01064189711983,
                44.909114866770516
              ],
              [
                -72.01077902548596,
                44.909183788399
              ],
              [
                -72.01093055010428,
                44.90923505559319
              ],
              [
                -72.01101349258488,
                44.90925397076474
              ],
              [
                -72.01153974962331,
                44.90935464710292
              ],
              [
                -72.01180920074934,
                44.90940613668836
              ],
              [
                -72.01234415206822,
                44.909508533755684
              ],
              [
                -72.01242791061927,
                44.90952463926158
              ],
              [
                -72.01251468281568,
                44.909558755151664
              ],
              [
                -72.01241889844633,
                44.90946723349314
              ],
              [
                -72.01241914094669,
                44.909438550882065
              ],
              [
                -72.01246843087098,
                44.90931896490201
              ],
              [
                -72.01246890869176,
                44.90926244283414
              ],
              [
                -72.01245282122052,
                44.90919938261681
              ],
              [
                -72.01246973119925,
                44.909165146913374
              ],
              [
                -72.012550342637,
                44.909085345973274
              ],
              [
                -72.01261491142833,
                44.908937141486476
              ],
              [
                -72.0126796249986,
                44.90886542730921
              ],
              [
                -72.0126483697065,
                44.90881776861522
              ],
              [
                -72.01257579420754,
                44.90878961932218
              ],
              [
                -72.01247142645602,
                44.90877736291696
              ],
              [
                -72.01220545669001,
                44.908782413871265
              ],
              [
                -72.01210216116911,
                44.90873697866239
              ],
              [
                -72.01194970498393,
                44.90870230011047
              ],
              [
                -72.01191488250913,
                44.90870215129146
              ],
              [
                -72.01174077013907,
                44.90870140703721
              ],
              [
                -72.01160399262659,
                44.908684511876075
              ],
              [
                -72.01154799950739,
                44.90866093223905
              ],
              [
                -72.0114436226864,
                44.908649799704484
              ],
              [
                -72.01126682617725,
                44.90859223836849
              ],
              [
                -72.01121092623796,
                44.90855769123639
              ],
              [
                -72.0111630382664,
                44.908511648218486
              ],
              [
                -72.01106021139066,
                44.90831773399175
              ],
              [
                -72.01094102282543,
                44.90818674115232
              ],
              [
                -72.01070064828352,
                44.907787234170016
              ],
              [
                -72.0106058138436,
                44.90767771744501
              ],
              [
                -72.01052477875933,
                44.90762084603578
              ],
              [
                -72.01029302259514,
                44.90751186697218
              ],
              [
                -72.01013285018169,
                44.90745437515233
              ],
              [
                -72.00979646529316,
                44.907271268606
              ],
              [
                -72.00969233756123,
                44.90723117111759
              ],
              [
                -72.0093953000231,
                44.90716774709629
              ],
              [
                -72.00931457737416,
                44.907167400294256
              ],
              [
                -72.00915416758369,
                44.90713802731175
              ],
              [
                -72.00903386789051,
                44.90713835429021
              ],
              [
                -72.00889710208901,
                44.90712061184592
              ],
              [
                -72.00864062609176,
                44.907034020103104
              ],
              [
                -72.0085599946897,
                44.90702298709142
              ],
              [
                -72.00830371142274,
                44.906913898432414
              ],
              [
                -72.00812682267272,
                44.906868142739484
              ],
              [
                -72.00793470579875,
                44.906844818148286
              ],
              [
                -72.00786259057101,
                44.90685603756209
              ],
              [
                -72.0076774043631,
                44.90685523939172
              ],
              [
                -72.00756531692467,
                44.90682072899426
              ],
              [
                -72.00737216406273,
                44.90682608264896
              ],
              [
                -72.00709947212307,
                44.9067852555537
              ],
              [
                -72.00701815092943,
                44.906762407557096
              ],
              [
                -72.00691436985177,
                44.906682095212155
              ],
              [
                -72.00681029089708,
                44.90663665181771
              ],
              [
                -72.00669004758008,
                44.90663050823649
              ],
              [
                -72.0064577709092,
                44.906583666604554
              ],
              [
                -72.0063204998629,
                44.90653273673071
              ],
              [
                -72.00621657572597,
                44.90646929587196
              ],
              [
                -72.00612881908485,
                44.90636627344094
              ],
              [
                -72.00608919039027,
                44.90628061350002
              ],
              [
                -72.00605792026448,
                44.90623548427824
              ],
              [
                -72.0060178510244,
                44.906201284720545
              ],
              [
                -72.00592950979694,
                44.906166594661535
              ],
              [
                -72.00574447285344,
                44.90614863959729
              ],
              [
                -72.005687640204,
                44.90613124011564
              ],
              [
                -72.00549517962945,
                44.90614840451278
              ],
              [
                -72.00542321672746,
                44.9061419062172
              ],
              [
                -72.00518214145345,
                44.90619851003875
              ],
              [
                -72.00508549358355,
                44.90620962140349
              ],
              [
                -72.00486088512909,
                44.90619177507591
              ],
              [
                -72.00469992322694,
                44.906135115387336
              ],
              [
                -72.00461182925638,
                44.90607174171791
              ],
              [
                -72.00454602461635,
                44.90599327921152
              ],
              [
                -72.00449997184373,
                44.905826601674256
              ],
              [
                -72.00445326943158,
                44.90573556788089
              ],
              [
                -72.00431729864727,
                44.90562586739129
              ],
              [
                -72.00412557431386,
                44.90555754410558
              ],
              [
                -72.00398020783189,
                44.90552822916458
              ],
              [
                -72.00394849961121,
                44.90553427811547
              ],
              [
                -72.00381213353388,
                44.905470694139574
              ],
              [
                -72.00371577940099,
                44.90544777847079
              ],
              [
                -72.00367566612871,
                44.905418920481246
              ],
              [
                -72.00362753268303,
                44.90540240096548
              ],
              [
                -72.0034587764416,
                44.905424164356866
              ],
              [
                -72.0033131539612,
                44.905424655969185
              ],
              [
                -72.00321754546684,
                44.905407085708674
              ],
              [
                -72.00294495639062,
                44.90526360614714
              ],
              [
                -72.00286561680717,
                44.90519492663683
              ],
              [
                -72.00276876789249,
                44.90513770009783
              ],
              [
                -72.00254342150116,
                44.90511422174753
              ],
              [
                -72.00239934372962,
                44.90511921832206
              ],
              [
                -72.00214155153071,
                44.905187273055446
              ],
              [
                -72.0020694834107,
                44.90519314553355
              ],
              [
                -72.00192570165362,
                44.905163834884945
              ],
              [
                -72.00181253572512,
                44.90516334128134
              ],
              [
                -72.00158728197574,
                44.90512917537622
              ],
              [
                -72.0014261453804,
                44.90518499527237
              ],
              [
                -72.00106531942586,
                44.90517892006445
              ],
              [
                -72.00092806930189,
                44.9052179717646
              ],
              [
                -72.00066176461957,
                44.905263488962504
              ],
              [
                -72.00042133387025,
                44.90524556471874
              ],
              [
                -72.00035733512145,
                44.90523347381987
              ],
              [
                -72.0003013889732,
                44.90520538856134
              ],
              [
                -72.00024455891642,
                44.90518798637945
              ],
              [
                -72.00015573049627,
                44.90521009462626
              ],
              [
                -72.00009236723348,
                44.905216003955445
              ],
              [
                -71.99993220903511,
                44.90515877863063
              ],
              [
                -71.99981059657102,
                44.90512843754035
              ],
              [
                -71.99972294236706,
                44.90510640069213
              ],
              [
                -71.99964300433258,
                44.90510717534032
              ],
              [
                -71.99960280064215,
                44.90508900159476
              ],
              [
                -71.99952998739427,
                44.905089525719326
              ],
              [
                -71.99944155663204,
                44.905065797977336
              ],
              [
                -71.9993378336614,
                44.9050715299832
              ],
              [
                -71.99906490431975,
                44.90505964708024
              ],
              [
                -71.99895203665973,
                44.90502484403339
              ],
              [
                -71.99880815676296,
                44.90500705828816
              ],
              [
                -71.99872699047661,
                44.904967051551644
              ],
              [
                -71.9986311324035,
                44.904978441685465
              ],
              [
                -71.998534240897,
                44.90501766678216
              ],
              [
                -71.99848586721657,
                44.905028984524186
              ],
              [
                -71.99839722423377,
                44.905029720073166
              ],
              [
                -71.99834198500875,
                44.90501147984387
              ],
              [
                -71.99805545610447,
                44.9050164075353
              ],
              [
                -71.99793482310155,
                44.905055527772895
              ],
              [
                -71.99770928357879,
                44.90514536809356
              ],
              [
                -71.99763128362767,
                44.90519620566953
              ],
              [
                -71.9974912479356,
                44.905282203010024
              ],
              [
                -71.99731318919424,
                44.90537225055543
              ],
              [
                -71.99725213586584,
                44.90538547999886
              ],
              [
                -71.99702280142805,
                44.905456460570875
              ],
              [
                -71.99686274773434,
                44.905478252542075
              ],
              [
                -71.99662048672167,
                44.905488715136755
              ],
              [
                -71.99644297345789,
                44.90551605380927
              ],
              [
                -71.99641136758903,
                44.90551029019744
              ],
              [
                -71.99629879599293,
                44.90553229074335
              ],
              [
                -71.99602660985637,
                44.90552574644356
              ],
              [
                -71.99592942071212,
                44.90550816400626
              ],
              [
                -71.99580913184475,
                44.90550763301415
              ],
              [
                -71.9956705700759,
                44.9055151759127
              ],
              [
                -71.99555430938678,
                44.9055065077308
              ],
              [
                -71.9954317940043,
                44.905489093761915
              ],
              [
                -71.99528766308966,
                44.905499986139425
              ],
              [
                -71.9950859636605,
                44.905487565311745
              ],
              [
                -71.9947887618227,
                44.90544575635867
              ],
              [
                -71.99468533829997,
                44.905417177548664
              ],
              [
                -71.99451752508524,
                44.90533094633185
              ],
              [
                -71.99442477424351,
                44.90525854538603
              ],
              [
                -71.99427745858625,
                44.90518140335172
              ],
              [
                -71.99418110879506,
                44.90515847965629
              ],
              [
                -71.99407743944063,
                44.90515802044822
              ],
              [
                -71.99393215813525,
                44.905119694294534
              ],
              [
                -71.99383578390982,
                44.90509958232355
              ],
              [
                -71.99360317101909,
                44.90509292687097
              ],
              [
                -71.99341116740594,
                44.905058048182376
              ],
              [
                -71.99332991095996,
                44.905028723282875
              ],
              [
                -71.99312291870947,
                44.904988435024194
              ],
              [
                -71.99306613802457,
                44.90496568600229
              ],
              [
                -71.99300130283882,
                44.90495892985395
              ],
              [
                -71.99296647530446,
                44.90495961932178
              ],
              [
                -71.99275354832923,
                44.90496429803429
              ],
              [
                -71.99260819172581,
                44.90493468699617
              ],
              [
                -71.99249473235564,
                44.904877659605
              ],
              [
                -71.99228934447488,
                44.9047451392823
              ],
              [
                -71.99216787809773,
                44.90469876114098
              ],
              [
                -71.99196791600087,
                44.904669188120536
              ],
              [
                -71.99190401383338,
                44.904646406839646
              ],
              [
                -71.99180746769203,
                44.904645977262064
              ],
              [
                -71.99160691536265,
                44.90459362322404
              ],
              [
                -71.99141461462878,
                44.904592767009895
              ],
              [
                -71.99131791731325,
                44.90460948985489
              ],
              [
                -71.99117338848211,
                44.9046656509236
              ],
              [
                -71.99091355830454,
                44.90478400871305
              ],
              [
                -71.99055944781537,
                44.90491403706655
              ],
              [
                -71.99047941807623,
                44.90492520930143
              ],
              [
                -71.99029437638126,
                44.90499834290733
              ],
              [
                -71.99006042358398,
                44.9050538217557
              ],
              [
                -71.99000344514697,
                44.9050535673228
              ],
              [
                -71.98991455587945,
                44.90508213566795
              ],
              [
                -71.98979411876894,
                44.90509847042357
              ],
              [
                -71.98957812265877,
                44.905092161769076
              ],
              [
                -71.98944854495517,
                44.90506824237951
              ],
              [
                -71.98933740250112,
                44.90510739596194
              ],
              [
                -71.98911857899871,
                44.90515225535712
              ],
              [
                -71.98895732578674,
                44.90521986805862
              ],
              [
                -71.98881258629287,
                44.905299366271365
              ],
              [
                -71.98872991110088,
                44.90543032192678
              ],
              [
                -71.98873870466238,
                44.90550966319331
              ],
              [
                -71.9888152675357,
                44.90580049878052
              ],
              [
                -71.98883792615608,
                44.906012071916294
              ],
              [
                -71.98888564216104,
                44.906075277050974
              ],
              [
                -71.98899716373778,
                44.90617223150283
              ],
              [
                -71.98914053530403,
                44.90624739465587
              ],
              [
                -71.98932506422632,
                44.90632217835053
              ],
              [
                -71.98942141399071,
                44.90634510613831
              ],
              [
                -71.98953318586071,
                44.90641394084476
              ],
              [
                -71.98966958554335,
                44.90647219852586
              ],
              [
                -71.98991562579906,
                44.90666142923208
              ],
              [
                -71.99011571971165,
                44.906855796859595
              ],
              [
                -71.99026559923196,
                44.907090434590984
              ],
              [
                -71.99031256223431,
                44.907239124303736
              ],
              [
                -71.99030349517633,
                44.90736956635405
              ],
              [
                -71.99020578373565,
                44.9075004559222
              ],
              [
                -71.99018123882198,
                44.907591178379064
              ],
              [
                -71.99018824556896,
                44.907693851698696
              ],
              [
                -71.99027405946846,
                44.908013691909765
              ],
              [
                -71.99029583839094,
                44.90823594681492
              ],
              [
                -71.99027896277238,
                44.90826483681005
              ],
              [
                -71.99019763480167,
                44.90833280792516
              ],
              [
                -71.99020568909044,
                44.90840652149322
              ],
              [
                -71.9902366372402,
                44.90848680558385
              ],
              [
                -71.99026972503789,
                44.90850410676883
              ],
              [
                -71.99030850435119,
                44.90850427984757
              ],
              [
                -71.99034159217265,
                44.90852158191169
              ]
            ]
          ],
          [
            [
              [
                -72.08687996564133,
                44.926174632313256
              ],
              [
                -72.08689080310022,
                44.926208979307695
              ],
              [
                -72.08689147988794,
                44.92622501035616
              ],
              [
                -72.086896074704,
                44.92624668070504
              ],
              [
                -72.08689507947362,
                44.92627507900718
              ],
              [
                -72.08689811514144,
                44.926293369179106
              ],
              [
                -72.08689868510845,
                44.92632430449526
              ],
              [
                -72.08691274571932,
                44.92635078922619
              ],
              [
                -72.08693001535104,
                44.926371379672716
              ],
              [
                -72.08693698319354,
                44.926393339363855
              ],
              [
                -72.08695741952496,
                44.92641394215944
              ],
              [
                -72.08698811939617,
                44.926438518128585
              ],
              [
                -72.08699670486443,
                44.92645570352203
              ],
              [
                -72.0870013319841,
                44.92647287370038
              ],
              [
                -72.0870106849543,
                44.92649343640492
              ],
              [
                -72.087017652842,
                44.92651539609084
              ],
              [
                -72.08702382302062,
                44.92653819607588
              ],
              [
                -72.08704256930689,
                44.926573696498124
              ],
              [
                -72.08705427114062,
                44.926597922990155
              ],
              [
                -72.0870825316547,
                44.92663148977714
              ],
              [
                -72.0870950433255,
                44.926653187840344
              ],
              [
                -72.08710440441597,
                44.92667262572036
              ],
              [
                -72.08713435511024,
                44.92669129395139
              ],
              [
                -72.08717851368554,
                44.926715918522326
              ],
              [
                -72.08720685690703,
                44.926737955460176
              ],
              [
                -72.08722969869612,
                44.926754348279616
              ],
              [
                -72.08724769377861,
                44.92678422172416
              ],
              [
                -72.08724914623087,
                44.926802506163185
              ],
              [
                -72.08724349172033,
                44.92681823356419
              ],
              [
                -72.0872496680581,
                44.926840190373916
              ],
              [
                -72.08724797193047,
                44.92685593208105
              ],
              [
                -72.0872391486935,
                44.926871928790874
              ],
              [
                -72.08723902584497,
                44.92688908269075
              ],
              [
                -72.08723804688108,
                44.926915231360496
              ],
              [
                -72.08723379446303,
                44.92695627285175
              ],
              [
                -72.08725737969422,
                44.92697941742492
              ],
              [
                -72.08727153124153,
                44.926993248375595
              ],
              [
                -72.08727925874854,
                44.927019710170754
              ],
              [
                -72.08726563909693,
                44.927042157859916
              ],
              [
                -72.08724569203798,
                44.92706373859526
              ],
              [
                -72.08722090626058,
                44.9270976760382
              ],
              [
                -72.08720889409777,
                44.92711675499398
              ],
              [
                -72.08719687185979,
                44.92713723951886
              ],
              [
                -72.0871626523157,
                44.927161862424335
              ],
              [
                -72.08713322312133,
                44.9271808784101
              ],
              [
                -72.08710859234806,
                44.92719316266364
              ],
              [
                -72.08706554132654,
                44.92723490795334
              ],
              [
                -72.08703292921268,
                44.92725616209527
              ],
              [
                -72.08702016557041,
                44.92726961408612
              ],
              [
                -72.08699870146772,
                44.92728190976684
              ],
              [
                -72.08697879654059,
                44.92729758561851
              ],
              [
                -72.08696209058073,
                44.92730877365454
              ],
              [
                -72.08694773346954,
                44.92732362548102
              ],
              [
                -72.0869373206597,
                44.92734046050109
              ],
              [
                -72.08693719771931,
                44.92735761439892
              ],
              [
                -72.0869235597183,
                44.92738259243179
              ],
              [
                -72.0869004234995,
                44.927407255345194
              ],
              [
                -72.08687893311323,
                44.927423207105534
              ],
              [
                -72.08686693689455,
                44.92744003639109
              ],
              [
                -72.08685567390029,
                44.927465023007024
              ],
              [
                -72.08684523482887,
                44.927485514120725
              ],
              [
                -72.08685298034962,
                44.92750944465556
              ],
              [
                -72.08686314930773,
                44.92752663578423
              ],
              [
                -72.08689071724254,
                44.927546420302086
              ],
              [
                -72.08690644213927,
                44.927561662594606
              ],
              [
                -72.08693163706259,
                44.92758115685764
              ],
              [
                -72.08695050454561,
                44.927599785046475
              ],
              [
                -72.08697727279684,
                44.92762069149628
              ],
              [
                -72.08699931713188,
                44.927637925559246
              ],
              [
                -72.08702139976782,
                44.927649816290995
              ],
              [
                -72.08704649603753,
                44.92768308997713
              ],
              [
                -72.08705969886955,
                44.92771885110616
              ],
              [
                -72.08708644303964,
                44.92774313197888
              ],
              [
                -72.08711009500806,
                44.92775699729654
              ],
              [
                -72.08712583009564,
                44.927770833088516
              ],
              [
                -72.08715817254995,
                44.92778726026575
              ],
              [
                -72.08717545679275,
                44.927805882693455
              ],
              [
                -72.08719118384629,
                44.92782084419249
              ],
              [
                -72.08720689480177,
                44.927838054421855
              ],
              [
                -72.08723518017524,
                44.92786824671773
              ],
              [
                -72.08726351592678,
                44.927891408455395
              ],
              [
                -72.08728549400176,
                44.927917921746634
              ],
              [
                -72.08728931352019,
                44.927937338681
              ],
              [
                -72.08731439194368,
                44.92797314359395
              ],
              [
                -72.08732530449551,
                44.92799708553891
              ],
              [
                -72.08733229885293,
                44.9280153899983
              ],
              [
                -72.08734795151126,
                44.92804075557524
              ],
              [
                -72.08736043740754,
                44.928066109707984
              ],
              [
                -72.08737928102819,
                44.92808811227398
              ],
              [
                -72.08739182533436,
                44.92810531103602
              ],
              [
                -72.0874612851122,
                44.928134807941134
              ],
              [
                -72.0875267784346,
                44.92816541532354
              ],
              [
                -72.08753686519928,
                44.92819413530724
              ],
              [
                -72.08755250189648,
                44.928221750488184
              ],
              [
                -72.08756502011936,
                44.92824260533356
              ],
              [
                -72.087565624663,
                44.92826876061843
              ],
              [
                -72.08757021989656,
                44.928290430034046
              ],
              [
                -72.08757547602701,
                44.92833038102087
              ],
              [
                -72.08757532107522,
                44.92835203418168
              ],
              [
                -72.08758073014907,
                44.92837061366119
              ],
              [
                -72.08759325847852,
                44.92839006203297
              ],
              [
                -72.08760734405236,
                44.92841317222336
              ],
              [
                -72.08762778133529,
                44.928433774895176
              ],
              [
                -72.08764350666809,
                44.92844901708541
              ],
              [
                -72.08765440335002,
                44.92847520863002
              ],
              [
                -72.08765349696617,
                44.928491234851336
              ],
              [
                -72.08765492544947,
                44.928512892828856
              ],
              [
                -72.08765399492174,
                44.92853229349844
              ],
              [
                -72.08764026640507,
                44.92856992624312
              ],
              [
                -72.08763697887942,
                44.92858678705035
              ],
              [
                -72.0876313061906,
                44.92860504485169
              ],
              [
                -72.08762080279728,
                44.928634534561255
              ],
              [
                -72.08760078287557,
                44.9286662386959
              ],
              [
                -72.0875942943114,
                44.9286878689843
              ],
              [
                -72.0876027897447,
                44.92871770805824
              ],
              [
                -72.08762007642386,
                44.9287360487632
              ],
              [
                -72.08765002835365,
                44.92875471685673
              ],
              [
                -72.08768557855946,
                44.92876553123802
              ],
              [
                -72.08770929546502,
                44.92877039790251
              ],
              [
                -72.08772902167684,
                44.92877974863669
              ],
              [
                -72.0877360323484,
                44.928795803437495
              ],
              [
                -72.08774381864225,
                44.928814109828004
              ],
              [
                -72.08775379096866,
                44.92885885886905
              ],
              [
                -72.08774731049213,
                44.928879363449624
              ],
              [
                -72.08773058008069,
                44.928893926042036
              ],
              [
                -72.08770599094201,
                44.92890030558415
              ],
              [
                -72.08768220758951,
                44.92890471910128
              ],
              [
                -72.08764495115805,
                44.928911051996536
              ],
              [
                -72.08761402030869,
                44.92891853346604
              ],
              [
                -72.08758630256077,
                44.92891955822096
              ],
              [
                -72.08754899780965,
                44.928932639981014
              ],
              [
                -72.08753622586308,
                44.92894721684073
              ],
              [
                -72.08752423555002,
                44.92896320302835
              ],
              [
                -72.0875106316303,
                44.92898340110572
              ],
              [
                -72.08750259984288,
                44.92899940068851
              ],
              [
                -72.08749847827374,
                44.92902216436465
              ],
              [
                -72.08749832329572,
                44.929043816622745
              ],
              [
                -72.0874973605014,
                44.92906771655301
              ],
              [
                -72.08748141967034,
                44.92908256272166
              ],
              [
                -72.08746783181037,
                44.92910051116139
              ],
              [
                -72.08743520267892,
                44.92912401503986
              ],
              [
                -72.08742158056835,
                44.92914674439168
              ],
              [
                -72.0874032263145,
                44.92916692529439
              ],
              [
                -72.0873999366742,
                44.929184066846716
              ],
              [
                -72.08739900604817,
                44.92920346751159
              ],
              [
                -72.08740356706306,
                44.92922991784813
              ],
              [
                -72.08739788013965,
                44.92925014451315
              ],
              [
                -72.08738114752187,
                44.929264987806775
              ],
              [
                -72.08737940907058,
                44.92928663524261
              ],
              [
                -72.08738322065474,
                44.92930717698557
              ],
              [
                -72.08738779978678,
                44.92933109693636
              ],
              [
                -72.08740340450524,
                44.929363211396776
              ],
              [
                -72.08741039905664,
                44.92938151494781
              ],
              [
                -72.08743397729216,
                44.92940578429445
              ],
              [
                -72.087451221846,
                44.92943003075681
              ],
              [
                -72.08747958260248,
                44.929449817989884
              ],
              [
                -72.08748734474122,
                44.92947149974345
              ],
              [
                -72.08750146273788,
                44.92949011067968
              ],
              [
                -72.08753920939292,
                44.92952596038953
              ],
              [
                -72.08755330527873,
                44.929547665012954
              ],
              [
                -72.08756110771411,
                44.92956372178188
              ],
              [
                -72.08756965960423,
                44.92958568714279
              ],
              [
                -72.08756391433836,
                44.92961406918009
              ],
              [
                -72.08755888632341,
                44.92965285817318
              ],
              [
                -72.08755313300166,
                44.929682364125576
              ],
              [
                -72.08753792737099,
                44.929705087770195
              ],
              [
                -72.0875211483613,
                44.929726399223966
              ],
              [
                -72.08750282415096,
                44.92974236163067
              ],
              [
                -72.08747649620042,
                44.92977038765709
              ],
              [
                -72.08747540254683,
                44.92981256539162
              ],
              [
                -72.08746567446397,
                44.92984430757104
              ],
              [
                -72.08763380543805,
                44.929915498343036
              ],
              [
                -72.08885581615617,
                44.93042046014841
              ],
              [
                -72.08908068054838,
                44.93051825087009
              ],
              [
                -72.09754803818099,
                44.93035493173591
              ],
              [
                -72.09274572433155,
                44.92783829226961
              ],
              [
                -72.08906935975538,
                44.92591141814305
              ],
              [
                -72.08886543835261,
                44.925964139580856
              ],
              [
                -72.08876064962693,
                44.926004256740946
              ],
              [
                -72.08866101413591,
                44.925987868420314
              ],
              [
                -72.08863800565817,
                44.92599481628241
              ],
              [
                -72.0886080247308,
                44.92598036605594
              ],
              [
                -72.08859289878589,
                44.92599212244752
              ],
              [
                -72.08850423224173,
                44.925991803004514
              ],
              [
                -72.088453437142,
                44.92600961750252
              ],
              [
                -72.088415457264,
                44.92600666851854
              ],
              [
                -72.08832110040889,
                44.9260271380708
              ],
              [
                -72.0882702489764,
                44.92605282620385
              ],
              [
                -72.08808558974577,
                44.926080281465886
              ],
              [
                -72.08791680389322,
                44.92610216947759
              ],
              [
                -72.08778792305988,
                44.92607920745385
              ],
              [
                -72.08769130150039,
                44.92608420213337
              ],
              [
                -72.08763034316064,
                44.92608398204209
              ],
              [
                -72.08760736672023,
                44.92608642952956
              ],
              [
                -72.08758359659579,
                44.92608915580764
              ],
              [
                -72.08754717992255,
                44.926089024294114
              ],
              [
                -72.08744184395647,
                44.926094830474284
              ],
              [
                -72.08730626757495,
                44.92612246177412
              ],
              [
                -72.08729664675661,
                44.92613929969248
              ],
              [
                -72.08719293831882,
                44.92613892487336
              ],
              [
                -72.08712335416902,
                44.9261271441142
              ],
              [
                -72.08708454434426,
                44.926129534254095
              ],
              [
                -72.08687996564133,
                44.926174632313256
              ]
            ]
          ]
        ]
      }
    },
    {
      "type": "Feature",
      "properties": {
        "Abbreviated_District_Name": "RL-2",
        "County": "Orleans",
        "Jurisdiction_District_Name": "Morgan"
      },
      "geometry": {
        "type": "Polygon",
        "coordinates": [
          [
            [
              -71.98695285043601,
              44.932245700122465
            ],
            [
              -71.98844965011124,
              44.923731747965626
            ],
            [
              -71.98897904511777,
              44.920720654669935
            ],
            [
              -71.98993775383526,
              44.91972916949441
            ],
            [
              -71.9924365164953,
              44.91940566030596
            ],
            [
              -71.99425071229739,
              44.91906078856958
            ],
            [
              -71.9960860985143,
              44.9184626092403
            ],
            [
              -71.99634288019065,
              44.91833663425404
            ],
            [
              -71.99637997801302,
              44.91843943970431
            ],
            [
              -71.99680095228767,
              44.91909117618129
            ],
            [
              -71.99737446169179,
              44.91968115256081
            ],
            [
              -71.99808324865576,
              44.92019157573301
            ],
            [
              -71.99890766121051,
              44.92060660912151
            ],
            [
              -71.99981930562241,
              44.92091403243888
            ],
            [
              -72.00079213855942,
              44.92110417037937
            ],
            [
              -72.00099624189815,
              44.9211196853788
            ],
            [
              -72.00098486558815,
              44.92124505606258
            ],
            [
              -72.00011066751614,
              44.92191276625156
            ],
            [
              -71.99976629035845,
              44.922188532972534
            ],
            [
              -71.99859794551737,
              44.923359436189834
            ],
            [
              -71.9978443011556,
              44.92444919357268
            ],
            [
              -71.99570378120492,
              44.9282333032384
            ],
            [
              -71.99559273191365,
              44.92843809705921
            ],
            [
              -71.99539921073601,
              44.92883881186497
            ],
            [
              -71.99515446723287,
              44.92939256047096
            ],
            [
              -71.99481253557009,
              44.93037500601348
            ],
            [
              -71.99462344069661,
              44.93180440931471
            ],
            [
              -71.99465357586767,
              44.93206790654602
            ],
            [
              -71.99959997661543,
              44.931953430547985
            ],
            [
              -72.00267501050881,
              44.93190774100455
            ],
            [
              -72.00744206708922,
              44.93183674832684
            ],
            [
              -72.01450449477656,
              44.93173120502416
            ],
            [
              -72.01454035294083,
              44.93173066815123
            ],
            [
              -72.01490299017561,
              44.93172523684055
            ],
            [
              -72.01499179545146,
              44.93168884960024
            ],
            [
              -72.01500707273684,
              44.93166107412792
            ],
            [
              -72.01501463854905,
              44.931608800987206
            ],
            [
              -72.01507984948996,
              44.93157477013872
            ],
            [
              -72.01527248219837,
              44.93154690437514
            ],
            [
              -72.01534496041957,
              44.93149603155163
            ],
            [
              -72.01538670756007,
              44.931427593190904
            ],
            [
              -72.01541070072686,
              44.93139901146445
            ],
            [
              -72.0154663111148,
              44.93137675052471
            ],
            [
              -72.0155478594739,
              44.93137709648078
            ],
            [
              -72.0157079570055,
              44.93126360377453
            ],
            [
              -72.0157497035453,
              44.93119516527574
            ],
            [
              -72.01576654236568,
              44.9310757223836
            ],
            [
              -72.01585552740237,
              44.93094477358931
            ],
            [
              -72.01587291905422,
              44.9308537348981
            ],
            [
              -72.01600125582254,
              44.930750793152136
            ],
            [
              -72.01610601993384,
              44.930626379333155
            ],
            [
              -72.01609942336108,
              44.93056336007782
            ],
            [
              -72.01601151584406,
              44.93047187514189
            ],
            [
              -72.01597888243302,
              44.930398059507475
            ],
            [
              -72.01597951067589,
              44.9303232599926
            ],
            [
              -72.01600433967039,
              44.93028933911548
            ],
            [
              -72.01611738443336,
              44.930215859146664
            ],
            [
              -72.01617300048437,
              44.93019275469848
            ],
            [
              -72.01619792138077,
              44.93014786648093
            ],
            [
              -72.01619840533358,
              44.93009021978401
            ],
            [
              -72.01614276735438,
              44.93002165019815
            ],
            [
              -72.01605447331548,
              44.929976282288095
            ],
            [
              -72.01600745470888,
              44.929918434285916
            ],
            [
              -72.01599125859687,
              44.92986718520486
            ],
            [
              -72.01599904998817,
              44.92978791666132
            ],
            [
              -72.01604088955774,
              44.929708229983675
            ],
            [
              -72.0161048023805,
              44.92963988526766
            ],
            [
              -72.01624169371627,
              44.92955497699483
            ],
            [
              -72.01629955570571,
              44.92945286118854
            ],
            [
              -72.01629949093464,
              44.929366247852165
            ],
            [
              -72.01617282991397,
              44.929081407198005
            ],
            [
              -72.01613314890639,
              44.92890407598767
            ],
            [
              -72.01613386663188,
              44.92881859080332
            ],
            [
              -72.01607184070605,
              44.92856804995642
            ],
            [
              -72.01599288338481,
              44.928448200109635
            ],
            [
              -72.01560892518788,
              44.92797413723257
            ],
            [
              -72.01545888866328,
              44.92773953294605
            ],
            [
              -72.01520271640766,
              44.92751066460443
            ],
            [
              -72.01508363049837,
              44.92736167943568
            ],
            [
              -72.01494776857908,
              44.927230620414576
            ],
            [
              -72.01470794394307,
              44.9270352849755
            ],
            [
              -72.01421136407143,
              44.926681377890596
            ],
            [
              -72.01408496778517,
              44.92655485747316
            ],
            [
              -72.01403725472412,
              44.926486038876654
            ],
            [
              -72.01390077679628,
              44.926240804143355
            ],
            [
              -72.01379825115589,
              44.926006399820366
            ],
            [
              -72.01380787025671,
              44.925898455590094
            ],
            [
              -72.01384059910609,
              44.92577261220529
            ],
            [
              -72.01386462860687,
              44.925739531547336
            ],
            [
              -72.01383299147132,
              44.92564209772011
            ],
            [
              -72.01383376470811,
              44.925550426086524
            ],
            [
              -72.01380286719129,
              44.925459182047874
            ],
            [
              -72.01375486357234,
              44.9254249515399
            ],
            [
              -72.01368142996262,
              44.925402141944076
            ],
            [
              -72.01355249079612,
              44.92538978192538
            ],
            [
              -72.01355400390908,
              44.925304300092854
            ],
            [
              -72.01352471953541,
              44.924928195194326
            ],
            [
              -72.01355029144811,
              44.9247123337149
            ],
            [
              -72.0135828303212,
              44.924608986486795
            ],
            [
              -72.0136562147215,
              44.92444985256264
            ],
            [
              -72.01372036408704,
              44.92435310731542
            ],
            [
              -72.01374591533352,
              44.924233420014254
            ],
            [
              -72.0136920920881,
              44.923856929843346
            ],
            [
              -72.01361296042818,
              44.92357144437373
            ],
            [
              -72.01354241058151,
              44.92339482470516
            ],
            [
              -72.01339164774126,
              44.923154870952686
            ],
            [
              -72.0132903328965,
              44.92296546505588
            ],
            [
              -72.01328871783446,
              44.92287547047415
            ],
            [
              -72.0131948385983,
              44.922555614002064
            ],
            [
              -72.01319504200542,
              44.922437787667356
            ],
            [
              -72.01449467973346,
              44.92302908334
            ],
            [
              -72.01464221394775,
              44.92468717109914
            ],
            [
              -72.01478382698465,
              44.92554490535741
            ],
            [
              -72.01529308941346,
              44.92693175282665
            ],
            [
              -72.01613559402266,
              44.92823564668094
            ],
            [
              -72.0172832023924,
              44.92941540382936
            ],
            [
              -72.01870138154592,
              44.9304359994337
            ],
            [
              -72.01918836237336,
              44.93071391933442
            ],
            [
              -72.02090814931042,
              44.93164290934125
            ],
            [
              -72.0476486747448,
              44.93130899615155
            ],
            [
              -72.05635340047478,
              44.931198946766116
            ],
            [
              -72.06408745719764,
              44.93103681619683
            ],
            [
              -72.06390025055173,
              44.93090493739738
            ],
            [
              -72.06343406196777,
              44.930571046310504
            ],
            [
              -72.06256958997676,
              44.930033999588666
            ],
            [
              -72.06156264539575,
              44.929493868051416
            ],
            [
              -72.06093915718515,
              44.929129835076424
            ],
            [
              -72.06033074929583,
              44.92886568718548
            ],
            [
              -72.05980730144205,
              44.92857008621898
            ],
            [
              -72.05878569566023,
              44.92798684866676
            ],
            [
              -72.05724815665882,
              44.92716651020666
            ],
            [
              -72.05563716871362,
              44.926328710822645
            ],
            [
              -72.05437193558356,
              44.92562637656083
            ],
            [
              -72.05292404177494,
              44.92479817462708
            ],
            [
              -72.05375808175951,
              44.92423367015148
            ],
            [
              -72.05432052451123,
              44.923879571917816
            ],
            [
              -72.05475491958252,
              44.92360117962472
            ],
            [
              -72.05512822725824,
              44.92333913875368
            ],
            [
              -72.05537999045885,
              44.923028818454014
            ],
            [
              -72.05555436759242,
              44.92269288650642
            ],
            [
              -72.05558403247369,
              44.922644352795196
            ],
            [
              -72.05589990249472,
              44.922129839476
            ],
            [
              -72.05600318648034,
              44.92167045962106
            ],
            [
              -72.05606969586968,
              44.92125761872692
            ],
            [
              -72.05611792967221,
              44.92095634731455
            ],
            [
              -72.05620876155596,
              44.92067436380119
            ],
            [
              -72.0562763481013,
              44.92053261406968
            ],
            [
              -72.05617897204053,
              44.92053364219736
            ],
            [
              -72.0561314962944,
              44.920530926332475
            ],
            [
              -72.05601988899028,
              44.92052964931886
            ],
            [
              -72.05565048221739,
              44.92049390479519
            ],
            [
              -72.05555167914282,
              44.92047467869447
            ],
            [
              -72.05549722663302,
              44.92045281391949
            ],
            [
              -72.05546551548501,
              44.92045887714724
            ],
            [
              -72.05540073554235,
              44.92044175227554
            ],
            [
              -72.05508793541236,
              44.920456562729946
            ],
            [
              -72.05488683129204,
              44.92046112257406
            ],
            [
              -72.05479878281355,
              44.92048440115208
            ],
            [
              -72.05472674844758,
              44.92048412031931
            ],
            [
              -72.05471004259343,
              44.92049474122749
            ],
            [
              -72.05442500188268,
              44.92050262825591
            ],
            [
              -72.05428509976552,
              44.92047508601305
            ],
            [
              -72.05423047379396,
              44.92047571599209
            ],
            [
              -72.05380228005265,
              44.92046701399751
            ],
            [
              -72.05366931536139,
              44.9204636823095
            ],
            [
              -72.05363367221646,
              44.92046635512135
            ],
            [
              -72.05356968658467,
              44.92044895065393
            ],
            [
              -72.05339099732832,
              44.92042125568834
            ],
            [
              -72.0531277699532,
              44.92037242001907
            ],
            [
              -72.05308128881613,
              44.92034355454049
            ],
            [
              -72.05303340115424,
              44.92029190584085
            ],
            [
              -72.05297733385703,
              44.920172170972975
            ],
            [
              -72.05284352414293,
              44.91997170606014
            ],
            [
              -72.05267562909738,
              44.91987937354207
            ],
            [
              -72.05261164440913,
              44.91986196853983
            ],
            [
              -72.05249893775574,
              44.91979853553899
            ],
            [
              -72.05230070297725,
              44.919637749579934
            ],
            [
              -72.05214209161753,
              44.91947149352952
            ],
            [
              -72.05205431605975,
              44.91935782139987
            ],
            [
              -72.05199979549747,
              44.91924315391084
            ],
            [
              -72.0518963290996,
              44.91911142255019
            ],
            [
              -72.05176089228252,
              44.91901921602511
            ],
            [
              -72.05156107449446,
              44.91896078272885
            ],
            [
              -72.05145628640211,
              44.9188973797821
            ],
            [
              -72.05136046614135,
              44.91880054821769
            ],
            [
              -72.05131474438036,
              44.91867438572247
            ],
            [
              -72.05122711175822,
              44.91854271504907
            ],
            [
              -72.05118780613678,
              44.918405891661855
            ],
            [
              -72.05118961472493,
              44.91837693440522
            ],
            [
              -72.0512048710264,
              44.91834915394262
            ],
            [
              -72.05136635574601,
              44.91824714656876
            ],
            [
              -72.0513998242528,
              44.91821859443627
            ],
            [
              -72.05139999929705,
              44.91819609818009
            ],
            [
              -72.05130374477653,
              44.918155225548865
            ],
            [
              -72.05124715124292,
              44.9181038226377
            ],
            [
              -72.0512648397649,
              44.91796694154216
            ],
            [
              -72.05125777128339,
              44.917858085247296
            ],
            [
              -72.05122659302727,
              44.91779581447357
            ],
            [
              -72.05110830073151,
              44.91773882645013
            ],
            [
              -72.05105853172493,
              44.9177259758356
            ],
            [
              -72.0508256829258,
              44.91774221463325
            ],
            [
              -72.05062480498894,
              44.917718927443914
            ],
            [
              -72.0505281944814,
              44.91772388983184
            ],
            [
              -72.05049662463996,
              44.91771195468236
            ],
            [
              -72.05031936616265,
              44.917705070203915
            ],
            [
              -72.05014391023919,
              44.91767007136844
            ],
            [
              -72.04980693507034,
              44.91764005990646
            ],
            [
              -72.04963860357887,
              44.91760508837848
            ],
            [
              -72.04951754532638,
              44.91759842426514
            ],
            [
              -72.04929306274936,
              44.91755704406419
            ],
            [
              -72.04912565750386,
              44.91750492196333
            ],
            [
              -72.04899597612169,
              44.9174875372033
            ],
            [
              -72.04894074399445,
              44.9174648221266
            ],
            [
              -72.04887583735801,
              44.91746456575446
            ],
            [
              -72.04882061410278,
              44.91744072580726
            ],
            [
              -72.04868366818633,
              44.91744130955012
            ],
            [
              -72.04854620816535,
              44.9174064584053
            ],
            [
              -72.04819363548303,
              44.91724589822915
            ],
            [
              -72.04810542807958,
              44.9171887444435
            ],
            [
              -72.0480104056243,
              44.917092193958275
            ],
            [
              -72.04794603738982,
              44.91702332349648
            ],
            [
              -72.04787440875424,
              44.916971859389626
            ],
            [
              -72.04774663661654,
              44.916812187566094
            ],
            [
              -72.04768765091306,
              44.91676358552463
            ],
            [
              -72.04762571154994,
              44.91699055937803
            ],
            [
              -72.0475478790868,
              44.91722534415669
            ],
            [
              -72.04749996432191,
              44.91737982083153
            ],
            [
              -72.04746403420185,
              44.91762095821468
            ],
            [
              -72.0475018745938,
              44.9178424214032
            ],
            [
              -72.04756370899182,
              44.91803248480647
            ],
            [
              -72.04760940879513,
              44.91816033600111
            ],
            [
              -72.04766934135806,
              44.91829021157996
            ],
            [
              -72.04774884473694,
              44.91844800504342
            ],
            [
              -72.04787150282307,
              44.918654619389294
            ],
            [
              -72.0480588960272,
              44.918984659641936
            ],
            [
              -72.04823121627611,
              44.91931914023143
            ],
            [
              -72.04828222159732,
              44.91947738298291
            ],
            [
              -72.0482205450983,
              44.91946870266256
            ],
            [
              -72.04816436994898,
              44.91946510588566
            ],
            [
              -72.04811852712112,
              44.91945620649131
            ],
            [
              -72.0476774920775,
              44.91937009704184
            ],
            [
              -72.0472219463811,
              44.91921671920238
            ],
            [
              -72.04680957211181,
              44.919009517307444
            ],
            [
              -72.04666150964884,
              44.91891331766635
            ],
            [
              -72.04648987997307,
              44.918794246544714
            ],
            [
              -72.04646733352796,
              44.91884280619528
            ],
            [
              -72.04643516659938,
              44.9189067947303
            ],
            [
              -72.04621968168146,
              44.919230457088716
            ],
            [
              -72.04592765098334,
              44.9195234438379
            ],
            [
              -72.04556865473391,
              44.9197753881328
            ],
            [
              -72.0451538304081,
              44.91997930206293
            ],
            [
              -72.04483631539209,
              44.920089959301784
            ],
            [
              -72.04432214689061,
              44.9202428570133
            ],
            [
              -72.0441809317998,
              44.92028194387403
            ],
            [
              -72.04369258470427,
              44.920372512808036
            ],
            [
              -72.04366248894563,
              44.92037436058739
            ],
            [
              -72.04327070095317,
              44.92056683047262
            ],
            [
              -72.0430777726685,
              44.92063833059685
            ],
            [
              -72.04030839784532,
              44.921571244050206
            ],
            [
              -72.04004257919772,
              44.92164947545557
            ],
            [
              -72.03955421414054,
              44.921740026598094
            ],
            [
              -72.03909087741667,
              44.92176937163077
            ],
            [
              -72.03636755570645,
              44.92178450143244
            ],
            [
              -72.03632876719516,
              44.9217843439571
            ],
            [
              -72.03582555952028,
              44.9217510848783
            ],
            [
              -72.03539954117163,
              44.92166808285699
            ],
            [
              -72.03531231323852,
              44.921686568696046
            ],
            [
              -72.03496670118126,
              44.921743935585724
            ],
            [
              -72.03446378214682,
              44.92177310066116
            ],
            [
              -72.03396057570579,
              44.92173983426933
            ],
            [
              -72.03347449415635,
              44.9216447681596
            ],
            [
              -72.03301896878565,
              44.92149133380828
            ],
            [
              -72.03273349533785,
              44.921356309412786
            ],
            [
              -72.02822998928362,
              44.91893399693695
            ],
            [
              -72.02414540037046,
              44.91519239934192
            ],
            [
              -72.02391785915343,
              44.914949608745545
            ],
            [
              -72.02370683748164,
              44.91462364784036
            ],
            [
              -72.02357989122828,
              44.91427694684231
            ],
            [
              -72.02356214301022,
              44.914125861513746
            ],
            [
              -72.02353851603168,
              44.913919915762065
            ],
            [
              -72.02358579261835,
              44.91356269297472
            ],
            [
              -72.02371924967402,
              44.91321679640742
            ],
            [
              -72.02393563159613,
              44.9128928982469
            ],
            [
              -72.02422773739438,
              44.91260024937461
            ],
            [
              -72.02458598993498,
              44.91234836875745
            ],
            [
              -72.02500083357884,
              44.912144247686875
            ],
            [
              -72.02545954745224,
              44.91199486254677
            ],
            [
              -72.02594785378766,
              44.911904090517254
            ],
            [
              -72.02645069069824,
              44.91187496255136
            ],
            [
              -72.02695301502101,
              44.911908258435034
            ],
            [
              -72.02743979510669,
              44.91200335535188
            ],
            [
              -72.02789523299528,
              44.91215653108509
            ],
            [
              -72.02812225106857,
              44.91227051658048
            ],
            [
              -72.02830748762412,
              44.91236408179194
            ],
            [
              -72.02866236828649,
              44.91261920027839
            ],
            [
              -72.02872130608264,
              44.91267118652828
            ],
            [
              -72.03233536450331,
              44.91598241009961
            ],
            [
              -72.03505678132656,
              44.917445699912214
            ],
            [
              -72.0353216211652,
              44.917389128933024
            ],
            [
              -72.03566800053848,
              44.91733148328245
            ],
            [
              -72.03617088024228,
              44.91730231271999
            ],
            [
              -72.03667325778466,
              44.91733556603386
            ],
            [
              -72.03716009998682,
              44.91743062168134
            ],
            [
              -72.03761560676665,
              44.91758375878507
            ],
            [
              -72.03802162772624,
              44.917788155211454
            ],
            [
              -72.03940665035033,
              44.917321595286744
            ],
            [
              -72.03939331470275,
              44.91720736949503
            ],
            [
              -72.03944049597972,
              44.916850139061296
            ],
            [
              -72.03957386583967,
              44.916504223809255
            ],
            [
              -72.03979017141994,
              44.91618029638293
            ],
            [
              -72.04008142235017,
              44.91588760277966
            ],
            [
              -72.04034257935758,
              44.91569574282796
            ],
            [
              -72.04235867440099,
              44.91439536079173
            ],
            [
              -72.04245650883512,
              44.914335291766754
            ],
            [
              -72.04287130408892,
              44.91413110565403
            ],
            [
              -72.04332998808667,
              44.91398164866281
            ],
            [
              -72.04381828375092,
              44.91389080020877
            ],
            [
              -72.04403927978022,
              44.913870310635915
            ],
            [
              -72.04587655275833,
              44.91374996090951
            ],
            [
              -72.04615840174317,
              44.913741239337774
            ],
            [
              -72.04666154587687,
              44.913774451777776
            ],
            [
              -72.04714758336716,
              44.91386946171178
            ],
            [
              -72.04760388042783,
              44.91402256220398
            ],
            [
              -72.04798153052919,
              44.914212469596436
            ],
            [
              -72.0480091272096,
              44.914226076995725
            ],
            [
              -72.04928620275594,
              44.914991802117804
            ],
            [
              -72.04943505551287,
              44.915087439115624
            ],
            [
              -72.05008298089055,
              44.915537120486306
            ],
            [
              -72.05179162853871,
              44.915778369790715
            ],
            [
              -72.05223183123798,
              44.91586699149848
            ],
            [
              -72.05268815772466,
              44.91602007173879
            ],
            [
              -72.05310052981325,
              44.91622753326773
            ],
            [
              -72.05345475289131,
              44.91648257196964
            ],
            [
              -72.0537421811066,
              44.91677728066338
            ],
            [
              -72.05395258926438,
              44.917103183555646
            ],
            [
              -72.05408051605431,
              44.917449854455
            ],
            [
              -72.0541086309948,
              44.91760153785498
            ],
            [
              -72.05421414236743,
              44.91839046766527
            ],
            [
              -72.05948119241172,
              44.91882231798088
            ],
            [
              -72.05960299877249,
              44.918835161074576
            ],
            [
              -72.05979590930664,
              44.91876250899351
            ],
            [
              -72.06022981892589,
              44.91853921126189
            ],
            [
              -72.06053790187705,
              44.918310928369344
            ],
            [
              -72.06079588633048,
              44.918008492825415
            ],
            [
              -72.06096811096523,
              44.917741160621524
            ],
            [
              -72.0611288396884,
              44.91742400902399
            ],
            [
              -72.0613241634505,
              44.91703331256634
            ],
            [
              -72.06144664639852,
              44.916748634145414
            ],
            [
              -72.06171388133939,
              44.91595664250378
            ],
            [
              -72.0618806515939,
              44.915259876823356
            ],
            [
              -72.06193376977386,
              44.91493612441844
            ],
            [
              -72.06193508794937,
              44.914762621243156
            ],
            [
              -72.06198569851222,
              44.91466467283572
            ],
            [
              -72.06199931220726,
              44.91464391536213
            ],
            [
              -72.06204248380118,
              44.914483227675554
            ],
            [
              -72.06215238837156,
              44.9143945044413
            ],
            [
              -72.06231134095529,
              44.914100685229855
            ],
            [
              -72.06251739121745,
              44.91385850755694
            ],
            [
              -72.06252628118666,
              44.91362569806024
            ],
            [
              -72.06258365257305,
              44.913470969536164
            ],
            [
              -72.06273292378418,
              44.91330506363874
            ],
            [
              -72.06291344364497,
              44.91308894063431
            ],
            [
              -72.06292862042199,
              44.913070719484956
            ],
            [
              -72.06294534392345,
              44.9130572853076
            ],
            [
              -72.06299946328068,
              44.91301812271908
            ],
            [
              -72.06301782299123,
              44.91299766494045
            ],
            [
              -72.06302906572664,
              44.91297633584187
            ],
            [
              -72.06305374876862,
              44.91295702619984
            ],
            [
              -72.06307360191735,
              44.91294838503233
            ],
            [
              -72.06309506572913,
              44.91293609381645
            ],
            [
              -72.06312454024192,
              44.912911178248144
            ],
            [
              -72.06314600402901,
              44.91289888702252
            ],
            [
              -72.06318025934745,
              44.912869771996064
            ],
            [
              -72.06319856569715,
              44.91285634383536
            ],
            [
              -72.06322328057736,
              44.91283281654707
            ],
            [
              -72.06325752090532,
              44.91280567037417
            ],
            [
              -72.06327588684903,
              44.912784368490975
            ],
            [
              -72.0633052909264,
              44.91276873305415
            ],
            [
              -72.06332517165943,
              44.91275643574125
            ],
            [
              -72.06336096717824,
              44.91273295079035
            ],
            [
              -72.06339673711832,
              44.91271284027518
            ],
            [
              -72.0634150178193,
              44.91270278652616
            ],
            [
              -72.06344447291094,
              44.91268040215858
            ],
            [
              -72.06347075354496,
              44.91265913049779
            ],
            [
              -72.06349383631458,
              44.91264206433938
            ],
            [
              -72.06351374250646,
              44.91262639254581
            ],
            [
              -72.06353604866666,
              44.912607355376
            ],
            [
              -72.06355752927976,
              44.91259281444009
            ],
            [
              -72.06358699277264,
              44.912569305219115
            ],
            [
              -72.06360534361895,
              44.91254997215885
            ],
            [
              -72.06363002415392,
              44.9125309440433
            ],
            [
              -72.06367141082042,
              44.9125007312676
            ],
            [
              -72.06369928275427,
              44.91247834078488
            ],
            [
              -72.06372705254637,
              44.91246944808501
            ],
            [
              -72.06375807333295,
              44.91244931931339
            ],
            [
              -72.06379939781216,
              44.912425301917914
            ],
            [
              -72.06154716443552,
              44.91120997235992
            ],
            [
              -72.05901321648865,
              44.909842511864454
            ],
            [
              -72.0515939815294,
              44.9057689849161
            ],
            [
              -72.05050720810794,
              44.9051722039743
            ],
            [
              -72.05034418243977,
              44.90508267928356
            ],
            [
              -72.04161769353978,
              44.9002651239689
            ],
            [
              -72.04048452390187,
              44.89968066007959
            ],
            [
              -72.03986532295067,
              44.90011578431442
            ],
            [
              -72.03952092474739,
              44.90043441622367
            ],
            [
              -72.03936533951887,
              44.900594080006755
            ],
            [
              -72.03734587500088,
              44.90019587526934
            ],
            [
              -72.0368377131603,
              44.90011310703037
            ],
            [
              -72.03583167571703,
              44.90004659333918
            ],
            [
              -72.03482700782678,
              44.90010493479569
            ],
            [
              -72.03439442220159,
              44.900169257413545
            ],
            [
              -72.0283564948619,
              44.90124233564074
            ],
            [
              -72.02781267152459,
              44.90135960336494
            ],
            [
              -72.0268954207518,
              44.90165867366084
            ],
            [
              -72.02606589758975,
              44.90206664782531
            ],
            [
              -72.02534794803138,
              44.90257041121674
            ],
            [
              -72.02526027607033,
              44.90264597419415
            ],
            [
              -72.02430849148885,
              44.90348199601188
            ],
            [
              -72.0230331963514,
              44.90400732447988
            ],
            [
              -72.02286010181292,
              44.90235447826813
            ],
            [
              -72.02055803099807,
              44.89626051871322
            ],
            [
              -72.01990953097197,
              44.891844156265535
            ],
            [
              -72.01985870424157,
              44.891581571224165
            ],
            [
              -72.01960337629929,
              44.890888150788726
            ],
            [
              -72.01918155325917,
              44.89023677324896
            ],
            [
              -72.01885036166856,
              44.88981890123489
            ],
            [
              -72.01801698827111,
              44.88796061715287
            ],
            [
              -72.01781430963129,
              44.887853665449356
            ],
            [
              -72.01402098155927,
              44.88585992427301
            ],
            [
              -72.01006961350468,
              44.883782837656156
            ],
            [
              -72.01023225611394,
              44.88409388425731
            ],
            [
              -72.0106925703489,
              44.88485372808799
            ],
            [
              -72.01102580976,
              44.88539311617729
            ],
            [
              -72.0111003095602,
              44.88556413211164
            ],
            [
              -72.0112283387438,
              44.8858602349416
            ],
            [
              -72.01150397181162,
              44.886476990766774
            ],
            [
              -72.01189684918454,
              44.88735689935014
            ],
            [
              -72.01215592060458,
              44.88796908324389
            ],
            [
              -72.01224052804959,
              44.8884427261002
            ],
            [
              -72.01238833838657,
              44.88911461373547
            ],
            [
              -72.01271751830862,
              44.88985842159282
            ],
            [
              -72.01306558087308,
              44.89061580714799
            ],
            [
              -72.01351647715788,
              44.89147092937174
            ],
            [
              -72.0139513871458,
              44.89197109075855
            ],
            [
              -72.01415299050974,
              44.8922717217313
            ],
            [
              -72.01444213214296,
              44.892794882853956
            ],
            [
              -72.01450493205434,
              44.89313626079589
            ],
            [
              -72.01461731281982,
              44.89379168402317
            ],
            [
              -72.01467352025365,
              44.89435266157091
            ],
            [
              -72.01466713510663,
              44.8948295715987
            ],
            [
              -72.01470378315447,
              44.89555244454089
            ],
            [
              -72.01479652374053,
              44.896474091987415
            ],
            [
              -72.01484897527233,
              44.89701171211414
            ],
            [
              -72.01505731938218,
              44.89792513300553
            ],
            [
              -72.01515074149296,
              44.89848429899265
            ],
            [
              -72.01561101630784,
              44.89917578578824
            ],
            [
              -72.01617406797436,
              44.90101224164401
            ],
            [
              -72.01654512738128,
              44.901682818304614
            ],
            [
              -72.01687874127643,
              44.902384449425696
            ],
            [
              -72.01712801432362,
              44.903046915582195
            ],
            [
              -72.01724993893455,
              44.90398611839758
            ],
            [
              -72.0172995291099,
              44.904774566110774
            ],
            [
              -72.01731637923066,
              44.90550353995357
            ],
            [
              -72.01734410203277,
              44.90625730634167
            ],
            [
              -72.01743987474318,
              44.90710725404075
            ],
            [
              -72.01760968768255,
              44.90781072057924
            ],
            [
              -72.0176671491182,
              44.908321364031856
            ],
            [
              -72.01774363052922,
              44.90892376202164
            ],
            [
              -72.01770028634157,
              44.909658667746626
            ],
            [
              -72.01767183591542,
              44.90974825473735
            ],
            [
              -72.01752396003171,
              44.91020600598185
            ],
            [
              -72.01735502503055,
              44.910531779045854
            ],
            [
              -72.01902033141046,
              44.91043138171009
            ],
            [
              -72.02269080720018,
              44.912101995834874
            ],
            [
              -72.02235100658883,
              44.912609850678464
            ],
            [
              -72.02222951885406,
              44.91275219822982
            ],
            [
              -72.02022115315431,
              44.91497856996651
            ],
            [
              -72.0189561028006,
              44.91917427262765
            ],
            [
              -72.01872258225106,
              44.91974330449288
            ],
            [
              -72.0185566437897,
              44.9199920403128
            ],
            [
              -72.01210932819723,
              44.917057511426286
            ],
            [
              -72.01209814290048,
              44.91697619296704
            ],
            [
              -72.01211430908444,
              44.91693661160992
            ],
            [
              -72.01211662438418,
              44.91666300191248
            ],
            [
              -72.01209367895174,
              44.916474773595375
            ],
            [
              -72.0120621473385,
              44.91636580943408
            ],
            [
              -72.01196731884433,
              44.91616011956285
            ],
            [
              -72.01190332814129,
              44.916051860724025
            ],
            [
              -72.01183973874218,
              44.91598972231416
            ],
            [
              -72.01178431944257,
              44.915897529571644
            ],
            [
              -72.01175259107518,
              44.91581190551111
            ],
            [
              -72.01173736227456,
              44.915647330985585
            ],
            [
              -72.01177901910103,
              44.9154017298565
            ],
            [
              -72.01182776688717,
              44.91525345834283
            ],
            [
              -72.01183066193657,
              44.914911516995176
            ],
            [
              -72.01185668286416,
              44.91482979599116
            ],
            [
              -72.0118891297814,
              44.9146434906953
            ],
            [
              -72.0119290701628,
              44.91450699237813
            ],
            [
              -72.0119949869802,
              44.9143874777652
            ],
            [
              -72.01211650336772,
              44.9142451412659
            ],
            [
              -72.01222139302102,
              44.914103296044246
            ],
            [
              -72.01224656206509,
              44.914028601151244
            ],
            [
              -72.01227165311442,
              44.91386954231846
            ],
            [
              -72.01227261879835,
              44.913755374368364
            ],
            [
              -72.01220921058385,
              44.91357850241145
            ],
            [
              -72.01212178223105,
              44.913434148397535
            ],
            [
              -72.01201048608016,
              44.91330431535492
            ],
            [
              -72.01177036606049,
              44.913058353844754
            ],
            [
              -72.01170736824344,
              44.91292675803234
            ],
            [
              -72.01166859602534,
              44.91273846183678
            ],
            [
              -72.01160494544855,
              44.912590552869595
            ],
            [
              -72.01158929150503,
              44.912476313824556
            ],
            [
              -72.0115898702657,
              44.912407982216024
            ],
            [
              -72.0116873988705,
              44.91229394550441
            ],
            [
              -72.01176072491,
              44.912140436447984
            ],
            [
              -72.01176159393528,
              44.91203779730041
            ],
            [
              -72.0117454064902,
              44.91198654749458
            ],
            [
              -72.01162601832907,
              44.911878051568316
            ],
            [
              -72.01156287681376,
              44.91176360942306
            ],
            [
              -72.01149081688544,
              44.91158079499879
            ],
            [
              -72.01149163158104,
              44.91148462393958
            ],
            [
              -72.01148564533585,
              44.911443822125776
            ],
            [
              -72.0114454096537,
              44.91142846455361
            ],
            [
              -72.0113666070464,
              44.91138763287006
            ],
            [
              -72.01108402848715,
              44.91129643559891
            ],
            [
              -72.01086145583761,
              44.91122264903973
            ],
            [
              -72.01003606096835,
              44.91102198071193
            ],
            [
              -72.00929577984431,
              44.91086497972557
            ],
            [
              -72.00856359154703,
              44.910594679810764
            ],
            [
              -72.00729406389046,
              44.910039158773614
            ],
            [
              -72.00579721797304,
              44.909506261932215
            ],
            [
              -72.00452859434787,
              44.90903564005677
            ],
            [
              -72.00324773272689,
              44.90860994478103
            ],
            [
              -72.00250724783022,
              44.90829879361384
            ],
            [
              -72.00194893316375,
              44.90806407878624
            ],
            [
              -72.00139456306907,
              44.90783134737741
            ],
            [
              -71.99811834416428,
              44.9065203261602
            ],
            [
              -71.99789908975696,
              44.90643303066598
            ],
            [
              -71.99769818030343,
              44.9064203362648
            ],
            [
              -71.99720418823141,
              44.906437284915384
            ],
            [
              -71.99668502977363,
              44.90652667330872
            ],
            [
              -71.99629749822813,
              44.90658711221708
            ],
            [
              -71.99585362972122,
              44.90666417476825
            ],
            [
              -71.99526393739698,
              44.90676421213931
            ],
            [
              -71.99482043885494,
              44.90688907840549
            ],
            [
              -71.99422698736869,
              44.907146572695495
            ],
            [
              -71.99394551302032,
              44.907295774830146
            ],
            [
              -71.99385566054062,
              44.90734374516376
            ],
            [
              -71.99359447676161,
              44.907525375318556
            ],
            [
              -71.99334657969949,
              44.907725904590336
            ],
            [
              -71.9930416456512,
              44.908022355642444
            ],
            [
              -71.99283952024683,
              44.90823742924631
            ],
            [
              -71.99252092848054,
              44.908646302231936
            ],
            [
              -71.99193220546626,
              44.90935205872439
            ],
            [
              -71.99167963120051,
              44.909632709434455
            ],
            [
              -71.99175022399241,
              44.910064403129276
            ],
            [
              -71.99175661335357,
              44.910147670370385
            ],
            [
              -71.99174131666626,
              44.910266836257755
            ],
            [
              -71.99169676883848,
              44.91038221574388
            ],
            [
              -71.9916245872851,
              44.910489879924235
            ],
            [
              -71.99159260732434,
              44.910526295142915
            ],
            [
              -71.99129221696565,
              44.91084328964189
            ],
            [
              -71.99122677500739,
              44.91090458402903
            ],
            [
              -71.9911073134182,
              44.91098841541236
            ],
            [
              -71.9910071341906,
              44.91103971200251
            ],
            [
              -71.99067737630865,
              44.91118615941584
            ],
            [
              -71.99057328381063,
              44.91123237635294
            ],
            [
              -71.99053592160088,
              44.91125076968623
            ],
            [
              -71.99045891220054,
              44.91127742248459
            ],
            [
              -71.99038508097057,
              44.91130268290241
            ],
            [
              -71.99036126779674,
              44.91131045057713
            ],
            [
              -71.99034820556967,
              44.91144509334135
            ],
            [
              -71.99036417252834,
              44.91151912293164
            ],
            [
              -71.99033036335034,
              44.9116727955267
            ],
            [
              -71.99027281019202,
              44.911826361233324
            ],
            [
              -71.99019834424007,
              44.911923328229314
            ],
            [
              -71.99013373610508,
              44.91197956388295
            ],
            [
              -71.98994732266155,
              44.91211568131858
            ],
            [
              -71.98953482016597,
              44.91239898731559
            ],
            [
              -71.98937263820983,
              44.91256923921936
            ],
            [
              -71.98913021262891,
              44.91277343983086
            ],
            [
              -71.9890643550607,
              44.91288113063675
            ],
            [
              -71.98902297817895,
              44.912995117603074
            ],
            [
              -71.98898837305146,
              44.913148786199784
            ],
            [
              -71.9889394847735,
              44.91321718317138
            ],
            [
              -71.9888823663655,
              44.91341040142611
            ],
            [
              -71.98885506224433,
              44.91363327990149
            ],
            [
              -71.98882285192482,
              44.91369528403599
            ],
            [
              -71.9887980453385,
              44.91381496931223
            ],
            [
              -71.9887936801364,
              44.91412878235662
            ],
            [
              -71.98876080628008,
              44.91426558498495
            ],
            [
              -71.98875909093051,
              44.91445905114403
            ],
            [
              -71.98881176082914,
              44.91476777688406
            ],
            [
              -71.98880235127942,
              44.91484703653597
            ],
            [
              -71.98872819524996,
              44.91508685957556
            ],
            [
              -71.98866222951276,
              44.91520636052286
            ],
            [
              -71.98862070547543,
              44.915336656929924
            ],
            [
              -71.98860297555103,
              44.91537229100236
            ],
            [
              -71.98848129235893,
              44.91561583799283
            ],
            [
              -71.98846439933807,
              44.915735558601064
            ],
            [
              -71.988415158913,
              44.91584332340618
            ],
            [
              -71.98831732384795,
              44.91598602240989
            ],
            [
              -71.98809571200105,
              44.91642934405195
            ],
            [
              -71.98802277199563,
              44.9165316589664
            ],
            [
              -71.98794774419551,
              44.9166907701672
            ],
            [
              -71.98784889987016,
              44.916946792148636
            ],
            [
              -71.98784091431035,
              44.91704377397317
            ],
            [
              -71.9879017016932,
              44.91732947702723
            ],
            [
              -71.98792347466451,
              44.91755173199669
            ],
            [
              -71.9880804815891,
              44.91787723507975
            ],
            [
              -71.98820452508544,
              44.91826023907575
            ],
            [
              -71.9882996788298,
              44.918420112988976
            ],
            [
              -71.98842753628715,
              44.9185520112419
            ],
            [
              -71.98870008759772,
              44.918791981039085
            ],
            [
              -71.98871422586869,
              44.918804417653746
            ],
            [
              -71.98873756606596,
              44.91885035921064
            ],
            [
              -71.988784439676,
              44.91900973489316
            ],
            [
              -71.98877435856647,
              44.919164637885956
            ],
            [
              -71.98879022331346,
              44.919250197270145
            ],
            [
              -71.98885328021433,
              44.9193699940499
            ],
            [
              -71.98887694858531,
              44.919468243323266
            ],
            [
              -71.98733331526762,
              44.919826617868246
            ],
            [
              -71.98567390360282,
              44.92011696025972
            ],
            [
              -71.983664561617,
              44.920233032088554
            ],
            [
              -71.98165192111732,
              44.920098776088594
            ],
            [
              -71.97970642736603,
              44.91971788576887
            ],
            [
              -71.97945610488476,
              44.91964981667758
            ],
            [
              -71.97621492035981,
              44.918733151667574
            ],
            [
              -71.97464385046666,
              44.91818685186581
            ],
            [
              -71.9743712165859,
              44.918049490872185
            ],
            [
              -71.97430492948229,
              44.91802697048094
            ],
            [
              -71.97326483253713,
              44.91750334180199
            ],
            [
              -71.9726565472115,
              44.917196545085844
            ],
            [
              -71.97140760528734,
              44.916317045493564
            ],
            [
              -71.9707311716813,
              44.91576217488376
            ],
            [
              -71.97069424684358,
              44.91573191452837
            ],
            [
              -71.97052615199206,
              44.91559081013403
            ],
            [
              -71.96937977747935,
              44.91441058604152
            ],
            [
              -71.96866922036479,
              44.91335442468705
            ],
            [
              -71.96811647612638,
              44.912353830617775
            ],
            [
              -71.9679857853368,
              44.91210659843348
            ],
            [
              -71.9677198739967,
              44.911503003074486
            ],
            [
              -71.96759313145041,
              44.91117142606899
            ],
            [
              -71.96681336030652,
              44.90913434248615
            ],
            [
              -71.97032057370325,
              44.90772519841748
            ],
            [
              -71.97045242656911,
              44.9076735043922
            ],
            [
              -71.97102901582876,
              44.907454581215944
            ],
            [
              -71.97402968919339,
              44.90620045350976
            ],
            [
              -71.97410277314896,
              44.90617041914226
            ],
            [
              -71.97502036570533,
              44.90587177560664
            ],
            [
              -71.97533363219338,
              44.90579925591651
            ],
            [
              -71.97718903774552,
              44.905412099429114
            ],
            [
              -71.97711107356824,
              44.904496677235095
            ],
            [
              -71.97674796606755,
              44.90343428066559
            ],
            [
              -71.97640375688609,
              44.902906835653916
            ],
            [
              -71.97625753859973,
              44.90279930442045
            ],
            [
              -71.97600744729955,
              44.90262717999103
            ],
            [
              -71.97574265027603,
              44.90233181640192
            ],
            [
              -71.97544268501498,
              44.90190102695473
            ],
            [
              -71.97522145759812,
              44.901340397537446
            ],
            [
              -71.97500374621735,
              44.90091560995236
            ],
            [
              -71.97467243613242,
              44.90045233527388
            ],
            [
              -71.9742531232532,
              44.900007776963506
            ],
            [
              -71.97400577352296,
              44.89971052059323
            ],
            [
              -71.97376391660721,
              44.89941863247358
            ],
            [
              -71.97355346781384,
              44.898980377236185
            ],
            [
              -71.9734870532041,
              44.898627430296045
            ],
            [
              -71.97344099529856,
              44.89812497196624
            ],
            [
              -71.97349491791078,
              44.89767893544669
            ],
            [
              -71.97342000988758,
              44.89738978498715
            ],
            [
              -71.97325755302664,
              44.89706957804763
            ],
            [
              -71.97305481862969,
              44.896741029399976
            ],
            [
              -71.9727340807895,
              44.89625080110902
            ],
            [
              -71.97244865580753,
              44.895793355699446
            ],
            [
              -71.97210310943385,
              44.895334788460744
            ],
            [
              -71.97188012822552,
              44.89505844964052
            ],
            [
              -71.97159504675085,
              44.89473767307828
            ],
            [
              -71.97123285684926,
              44.894456190272656
            ],
            [
              -71.97093545184357,
              44.894272024469075
            ],
            [
              -71.97053656781853,
              44.89402355166598
            ],
            [
              -71.97014471515541,
              44.893785234648846
            ],
            [
              -71.96969820228638,
              44.89346820360193
            ],
            [
              -71.96927060039174,
              44.89316025749331
            ],
            [
              -71.96896280957134,
              44.8929023604344
            ],
            [
              -71.96866554783175,
              44.89261835825954
            ],
            [
              -71.96824737342415,
              44.89223311899621
            ],
            [
              -71.96795482125357,
              44.891868147502784
            ],
            [
              -71.96757431717715,
              44.89143161876949
            ],
            [
              -71.96707452333858,
              44.89097597207145
            ],
            [
              -71.96654695822805,
              44.89052975467848
            ],
            [
              -71.96612442508068,
              44.890105679726545
            ],
            [
              -71.96568336835831,
              44.88971751090344
            ],
            [
              -71.96524650520018,
              44.88930433246262
            ],
            [
              -71.96471078332736,
              44.88880238804666
            ],
            [
              -71.96375762790477,
              44.8880133315376
            ],
            [
              -71.96324911811932,
              44.88756550087452
            ],
            [
              -71.96273254797548,
              44.88713450279128
            ],
            [
              -71.96235093565947,
              44.886824497077825
            ],
            [
              -71.9622716305141,
              44.88676000705894
            ],
            [
              -71.96197709226544,
              44.88644534819263
            ],
            [
              -71.96181609986604,
              44.88606298356814
            ],
            [
              -71.96170546630779,
              44.885540530142215
            ],
            [
              -71.96169964631824,
              44.88548594731355
            ],
            [
              -71.96162261142877,
              44.88483907412659
            ],
            [
              -71.96151881505358,
              44.884008161937324
            ],
            [
              -71.96146012544669,
              44.88334562701753
            ],
            [
              -71.96135846690079,
              44.88262524101358
            ],
            [
              -71.96129648907674,
              44.881891543761014
            ],
            [
              -71.96121146037316,
              44.88100025801829
            ],
            [
              -71.96111573089907,
              44.88015391576472
            ],
            [
              -71.96099168151139,
              44.879460419890805
            ],
            [
              -71.96087219838812,
              44.87895592096665
            ],
            [
              -71.96074107375242,
              44.87859703561286
            ],
            [
              -71.96054231910804,
              44.878111003697605
            ],
            [
              -71.96044619896084,
              44.87790048249732
            ],
            [
              -71.96032992648745,
              44.87764571586867
            ],
            [
              -71.96011689089643,
              44.877164958259065
            ],
            [
              -71.95982052081976,
              44.87637615815075
            ],
            [
              -71.9594391552052,
              44.87545759650518
            ],
            [
              -71.95928449678323,
              44.87499511115248
            ],
            [
              -71.95926848459595,
              44.87493120023386
            ],
            [
              -71.95920539654581,
              44.874741925762265
            ],
            [
              -71.95912449647729,
              44.87451207208754
            ],
            [
              -71.95906644214709,
              44.87429216859698
            ],
            [
              -71.9589494916144,
              44.87394234687781
            ],
            [
              -71.95890402269266,
              44.87381446032084
            ],
            [
              -71.95878248687272,
              44.87353210802931
            ],
            [
              -71.95872094158501,
              44.873347339979
            ],
            [
              -71.95864706877126,
              44.873127642920196
            ],
            [
              -71.95858521321905,
              44.872976056564646
            ],
            [
              -71.95850465275254,
              44.8727948544633
            ],
            [
              -71.95843213911967,
              44.87259906643025
            ],
            [
              -71.95838441830983,
              44.872458514776824
            ],
            [
              -71.95835052799553,
              44.87236133475709
            ],
            [
              -71.95829187988396,
              44.87220526401032
            ],
            [
              -71.95825583872875,
              44.8720844526766
            ],
            [
              -71.95823093641543,
              44.87195666336995
            ],
            [
              -71.95823681365974,
              44.87183604997402
            ],
            [
              -71.95822908453763,
              44.871732526536064
            ],
            [
              -71.95823017411065,
              44.871616390748265
            ],
            [
              -71.95824208307025,
              44.87152730193418
            ],
            [
              -71.95826647017665,
              44.87137274988033
            ],
            [
              -71.9582891597448,
              44.871146198959615
            ],
            [
              -71.95830667643818,
              44.870965180172846
            ],
            [
              -71.95835307663181,
              44.87074042897055
            ],
            [
              -71.95836665172104,
              44.87055798584673
            ],
            [
              -71.95837178772946,
              44.87043202628062
            ],
            [
              -71.9583879302006,
              44.87031314881366
            ],
            [
              -71.9584174493388,
              44.87011728300559
            ],
            [
              -71.95841668006925,
              44.86994630116031
            ],
            [
              -71.95841448990919,
              44.869758158058396
            ],
            [
              -71.958392804741,
              44.869540395460035
            ],
            [
              -71.95836497702946,
              44.86938728297693
            ],
            [
              -71.9583413883074,
              44.86928818371042
            ],
            [
              -71.9582990358683,
              44.86899720736202
            ],
            [
              -71.9582006057413,
              44.86878245521853
            ],
            [
              -71.95812186084238,
              44.86857707690633
            ],
            [
              -71.95801495165105,
              44.86833894312452
            ],
            [
              -71.95790947987324,
              44.86811628328863
            ],
            [
              -71.95784077514233,
              44.867936824126595
            ],
            [
              -71.9577149142503,
              44.867695787923694
            ],
            [
              -71.95763254045387,
              44.86745608386346
            ],
            [
              -71.95756678945854,
              44.86729913478571
            ],
            [
              -71.95747586020093,
              44.867044204388186
            ],
            [
              -71.95740811005467,
              44.866847594945284
            ],
            [
              -71.95733632956396,
              44.86665912106932
            ],
            [
              -71.95728485491594,
              44.86649802187929
            ],
            [
              -71.95725635506585,
              44.86641689671656
            ],
            [
              -71.95720685958032,
              44.8662977082746
            ],
            [
              -71.95702882908317,
              44.86613853786518
            ],
            [
              -71.95693597360959,
              44.866004800759
            ],
            [
              -71.95679529074755,
              44.865826966656996
            ],
            [
              -71.95671672138435,
              44.865687954693115
            ],
            [
              -71.95657751313574,
              44.865521656666914
            ],
            [
              -71.95641687682658,
              44.86536341214198
            ],
            [
              -71.95624251689925,
              44.865234910769
            ],
            [
              -71.95608728295358,
              44.865091033878265
            ],
            [
              -71.9559838355859,
              44.86499070958966
            ],
            [
              -71.95593908234736,
              44.864956188240264
            ],
            [
              -71.95578164830076,
              44.86487810461404
            ],
            [
              -71.95560287869161,
              44.864798230880695
            ],
            [
              -71.9554045805948,
              44.86469267368319
            ],
            [
              -71.95514403484594,
              44.864562916402726
            ],
            [
              -71.95487468260033,
              44.86444464583036
            ],
            [
              -71.95467317870741,
              44.864343852249355
            ],
            [
              -71.95440917814733,
              44.864245291138666
            ],
            [
              -71.95416471735254,
              44.86417128891315
            ],
            [
              -71.95398345483977,
              44.864104618248355
            ],
            [
              -71.95367728617958,
              44.86403313117446
            ],
            [
              -71.95348798896704,
              44.86397991957816
            ],
            [
              -71.95335850274327,
              44.863957646795924
            ],
            [
              -71.95327486433341,
              44.86393756141419
            ],
            [
              -71.95306865485142,
              44.863916607367166
            ],
            [
              -71.9527676243055,
              44.863887325525
            ],
            [
              -71.95255577566665,
              44.863877311343316
            ],
            [
              -71.95231653980592,
              44.86383651260727
            ],
            [
              -71.95208192903152,
              44.863808390659756
            ],
            [
              -71.95184877199348,
              44.863793773501065
            ],
            [
              -71.95167575833057,
              44.863774945217365
            ],
            [
              -71.95135502613864,
              44.863738534244526
            ],
            [
              -71.9511779412713,
              44.8637320590835
            ],
            [
              -71.95083104388704,
              44.86370283247045
            ],
            [
              -71.95058232045386,
              44.86366198537683
            ],
            [
              -71.9503801766495,
              44.86362951669102
            ],
            [
              -71.95013857903886,
              44.86358785883095
            ],
            [
              -71.94993172312482,
              44.86355199208969
            ],
            [
              -71.94963247601007,
              44.86350189980162
            ],
            [
              -71.94929870802694,
              44.863422957295555
            ],
            [
              -71.94898235713252,
              44.86334212889848
            ],
            [
              -71.94857832349769,
              44.86325103333189
            ],
            [
              -71.9482747211766,
              44.86316042247037
            ],
            [
              -71.94805396161954,
              44.86309017698861
            ],
            [
              -71.94789717023914,
              44.863029239207485
            ],
            [
              -71.94780887103892,
              44.8630006908527
            ],
            [
              -71.94737996432477,
              44.862864758119564
            ],
            [
              -71.94696499487915,
              44.86276010562401
            ],
            [
              -71.94668574760341,
              44.86268676210288
            ],
            [
              -71.94639800189036,
              44.86259256682897
            ],
            [
              -71.94609843588808,
              44.86249409573145
            ],
            [
              -71.94584934576243,
              44.86240992860832
            ],
            [
              -71.9455656754427,
              44.86230337756917
            ],
            [
              -71.94514976384833,
              44.86213291059548
            ],
            [
              -71.94469916082441,
              44.86195186803637
            ],
            [
              -71.94450448946212,
              44.86188342981391
            ],
            [
              -71.9441699383871,
              44.86172319703501
            ],
            [
              -71.94381131405906,
              44.86151728927603
            ],
            [
              -71.94340964473582,
              44.861265051415465
            ],
            [
              -71.9431383501599,
              44.861106248730515
            ],
            [
              -71.9428874757326,
              44.86096216817146
            ],
            [
              -71.94263955938324,
              44.86083947380302
            ],
            [
              -71.94240261964423,
              44.86072667454838
            ],
            [
              -71.94219470513876,
              44.86063820192745
            ],
            [
              -71.94196300626731,
              44.8605560801962
            ],
            [
              -71.9417619734007,
              44.860492105631266
            ],
            [
              -71.94155690840816,
              44.86043626576871
            ],
            [
              -71.9410326425444,
              44.86035186795262
            ],
            [
              -71.94028047689991,
              44.86028350464102
            ],
            [
              -71.93981257543808,
              44.86025843162366
            ],
            [
              -71.93966556471364,
              44.86025068049914
            ],
            [
              -71.93926567345044,
              44.86022537648138
            ],
            [
              -71.93861589044892,
              44.86020053114076
            ],
            [
              -71.9382601860691,
              44.860185283762576
            ],
            [
              -71.93777193754539,
              44.86021971979777
            ],
            [
              -71.93721774420322,
              44.86028588816004
            ],
            [
              -71.93717736680048,
              44.86029075103986
            ],
            [
              -71.93651535615446,
              44.86038450515075
            ],
            [
              -71.9360485074918,
              44.86049468658007
            ],
            [
              -71.93552951146236,
              44.860600108928736
            ],
            [
              -71.93500104928044,
              44.86070295160357
            ],
            [
              -71.93411591720404,
              44.86096937833773
            ],
            [
              -71.9333969760152,
              44.8610611458624
            ],
            [
              -71.93278191181929,
              44.861123896857926
            ],
            [
              -71.93227561687938,
              44.861142753402135
            ],
            [
              -71.9316722935438,
              44.861137221196
            ],
            [
              -71.9311942478459,
              44.86109800255808
            ],
            [
              -71.93103384047144,
              44.86108539249993
            ],
            [
              -71.93071460468565,
              44.86106046034314
            ],
            [
              -71.93023778650884,
              44.86097709268173
            ],
            [
              -71.93002416601301,
              44.86090769203083
            ],
            [
              -71.92966670943207,
              44.86082941707553
            ],
            [
              -71.9293377653525,
              44.86074678404491
            ],
            [
              -71.92890510195087,
              44.86059698313539
            ],
            [
              -71.92848048181027,
              44.86043372343402
            ],
            [
              -71.92840333911393,
              44.86039790431384
            ],
            [
              -71.92823881883909,
              44.86032171524193
            ],
            [
              -71.92848077124127,
              44.86008473710181
            ],
            [
              -71.93118689979472,
              44.85742698979578
            ],
            [
              -71.93123059906527,
              44.85740583512013
            ],
            [
              -71.93124976288003,
              44.85738694834007
            ],
            [
              -71.93181352558882,
              44.85682802786234
            ],
            [
              -71.92726621532995,
              44.85481150028727
            ],
            [
              -71.92540525343264,
              44.853740706885766
            ],
            [
              -71.9238195189087,
              44.85282833021886
            ],
            [
              -71.91691472469425,
              44.84543866488089
            ],
            [
              -71.9168190418613,
              44.845049115564414
            ],
            [
              -71.91657046281212,
              44.84437770924813
            ],
            [
              -71.9161517251988,
              44.84372553965227
            ],
            [
              -71.91557900718333,
              44.84313501130237
            ],
            [
              -71.91487189350931,
              44.84262407785407
            ],
            [
              -71.91445525347979,
              44.84241352799296
            ],
            [
              -71.91214281150936,
              44.844731537269084
            ],
            [
              -71.90811701232286,
              44.84877532102472
            ],
            [
              -71.9070990797834,
              44.849797688220995
            ],
            [
              -71.9050476429433,
              44.851857921374915
            ],
            [
              -71.89941419801391,
              44.85754305530571
            ],
            [
              -71.8995406291087,
              44.85763970209279
            ],
            [
              -71.89962092601002,
              44.85767429206746
            ],
            [
              -71.89971715985514,
              44.857697153837535
            ],
            [
              -71.89981277833564,
              44.85770314030882
            ],
            [
              -71.89986988736051,
              44.85768628678043
            ],
            [
              -71.90009508644833,
              44.85754981513549
            ],
            [
              -71.90019993671811,
              44.857504387030566
            ],
            [
              -71.9003845909146,
              44.85746486177599
            ],
            [
              -71.90043282380283,
              44.857465115010314
            ],
            [
              -71.90052958718896,
              44.857436939076756
            ],
            [
              -71.90071411989913,
              44.85740908328784
            ],
            [
              -71.90083466098514,
              44.857375547955655
            ],
            [
              -71.9009403666653,
              44.857323796550595
            ],
            [
              -71.90109235765802,
              44.85730758046415
            ],
            [
              -71.90114046945735,
              44.857319503401435
            ],
            [
              -71.90122868264976,
              44.857353289664815
            ],
            [
              -71.90130058114234,
              44.85735900924055
            ],
            [
              -71.90135756702514,
              44.85735396534072
            ],
            [
              -71.90148608018346,
              44.85731414400258
            ],
            [
              -71.90161403545925,
              44.85725182241656
            ],
            [
              -71.90177517217647,
              44.85719234626993
            ],
            [
              -71.90198442040503,
              44.85714479157598
            ],
            [
              -71.90205716470743,
              44.85714517247419
            ],
            [
              -71.90219352717074,
              44.857110875348226
            ],
            [
              -71.90241967794876,
              44.85695809363031
            ],
            [
              -71.90250783522293,
              44.856844381696
            ],
            [
              -71.90259704435404,
              44.85678185628234
            ],
            [
              -71.90272537952693,
              44.85675904588308
            ],
            [
              -71.90284629899739,
              44.856765162135396
            ],
            [
              -71.903014010737,
              44.856834374598584
            ],
            [
              -71.90309457736524,
              44.85684295050466
            ],
            [
              -71.90325591689317,
              44.85684013832535
            ],
            [
              -71.90333516353755,
              44.856823397835136
            ],
            [
              -71.90344006367869,
              44.85677276476142
            ],
            [
              -71.9035288638208,
              44.85674974693334
            ],
            [
              -71.90364981116676,
              44.856676559913865
            ],
            [
              -71.90377850558144,
              44.85654224877093
            ],
            [
              -71.90393175717587,
              44.85640356621925
            ],
            [
              -71.90400628329697,
              44.85630777971671
            ],
            [
              -71.90412150684226,
              44.856176069642345
            ],
            [
              -71.90423180018313,
              44.85606233147675
            ],
            [
              -71.90434337730817,
              44.855977424191565
            ],
            [
              -71.90446544369273,
              44.8557954115505
            ],
            [
              -71.90452217615118,
              44.855738057891664
            ],
            [
              -71.90455471429152,
              44.8557265578078
            ],
            [
              -71.90469188898999,
              44.85561295844338
            ],
            [
              -71.90473274230102,
              44.85556184991188
            ],
            [
              -71.9047541644731,
              44.85555479036709
            ],
            [
              -71.9047781440617,
              44.855529747298064
            ],
            [
              -71.9050234826048,
              44.85543203811134
            ],
            [
              -71.9052688391427,
              44.85533249991806
            ],
            [
              -71.90564891056725,
              44.85512750444782
            ],
            [
              -71.90594894098349,
              44.85501657957518
            ],
            [
              -71.90636855966918,
              44.85496392509733
            ],
            [
              -71.90678873620806,
              44.85516492687683
            ],
            [
              -71.90722461398404,
              44.85545431096235
            ],
            [
              -71.90746869369954,
              44.85547891799195
            ],
            [
              -71.90767879836577,
              44.85557815233633
            ],
            [
              -71.90772277685976,
              44.85576187287565
            ],
            [
              -71.90799950033727,
              44.85591910069116
            ],
            [
              -71.90812765707535,
              44.85622207132268
            ],
            [
              -71.90821193247147,
              44.856486146255776
            ],
            [
              -71.90829001731011,
              44.856891500137635
            ],
            [
              -71.90821309378089,
              44.85706756404281
            ],
            [
              -71.90803927512228,
              44.857207833007365
            ],
            [
              -71.90789296486773,
              44.85728722117991
            ],
            [
              -71.90781955405117,
              44.85742899392179
            ],
            [
              -71.90786560960541,
              44.85764169068465
            ],
            [
              -71.9078052814481,
              44.857818543148625
            ],
            [
              -71.9077882888746,
              44.85785627818796
            ],
            [
              -71.90781690813398,
              44.85791857549579
            ],
            [
              -71.90787168207508,
              44.85812934849294
            ],
            [
              -71.90787851155073,
              44.858465998347455
            ],
            [
              -71.90780462789093,
              44.85865374742454
            ],
            [
              -71.90781944787851,
              44.85875084378653
            ],
            [
              -71.907849842164,
              44.85879430844745
            ],
            [
              -71.90951041120316,
              44.858797844692376
            ],
            [
              -71.9094387076903,
              44.85854072447009
            ],
            [
              -71.90933504246789,
              44.8581613926062
            ],
            [
              -71.90926421313917,
              44.857818927874575
            ],
            [
              -71.90915967776405,
              44.85737027209382
            ],
            [
              -71.90908289149999,
              44.85699192217643
            ],
            [
              -71.90894855289213,
              44.85651962936434
            ],
            [
              -71.90884951910579,
              44.856151990635944
            ],
            [
              -71.90876601530809,
              44.855812272916225
            ],
            [
              -71.9086888494038,
              44.85531693529186
            ],
            [
              -71.90856469146352,
              44.85446871076222
            ],
            [
              -71.90842156233974,
              44.85323413876061
            ],
            [
              -71.90832822592185,
              44.85246537594683
            ],
            [
              -71.90824128794102,
              44.85192133735695
            ],
            [
              -71.90815205733523,
              44.85121530600427
            ],
            [
              -71.90812136568469,
              44.85089245334382
            ],
            [
              -71.91467600192018,
              44.85790795759198
            ],
            [
              -71.9158551892471,
              44.858829067823095
            ],
            [
              -71.92015268590592,
              44.861302316811894
            ],
            [
              -71.92026669399085,
              44.8613678557254
            ],
            [
              -71.92057830878498,
              44.86152157468573
            ],
            [
              -71.92084421037767,
              44.86166015615557
            ],
            [
              -71.9209756900559,
              44.86171847138148
            ],
            [
              -71.92452023165784,
              44.86329037900032
            ],
            [
              -71.92493595273262,
              44.863474700070206
            ],
            [
              -71.92490629599337,
              44.863514483182996
            ],
            [
              -71.92487823199211,
              44.86355314945104
            ],
            [
              -71.92485016795307,
              44.86359181571172
            ],
            [
              -71.92482210387627,
              44.86363048196506
            ],
            [
              -71.92479403976175,
              44.863669148211045
            ],
            [
              -71.92476597280458,
              44.863708096099934
            ],
            [
              -71.92473869661083,
              44.86374704706498
            ],
            [
              -71.92471220836805,
              44.86378628365689
            ],
            [
              -71.92468170450361,
              44.86383168673056
            ],
            [
              -71.92465923177389,
              44.86386475682091
            ],
            [
              -71.92463432220629,
              44.863904283011465
            ],
            [
              -71.92460940980774,
              44.863944089946536
            ],
            [
              -71.92458528817036,
              44.863983900860184
            ],
            [
              -71.92456274529516,
              44.86402400048789
            ],
            [
              -71.92454019958242,
              44.864064381760926
            ],
            [
              -71.92451844463534,
              44.864104767013984
            ],
            [
              -71.92449826844725,
              44.86414544188283
            ],
            [
              -71.92447808663582,
              44.864186678248416
            ],
            [
              -71.92445869839179,
              44.86422763784496
            ],
            [
              -71.92443930451599,
              44.864269159838365
            ],
            [
              -71.92442070141222,
              44.864310685813656
            ],
            [
              -71.92440288627552,
              44.8643524974214
            ],
            [
              -71.92438586192301,
              44.86439431211193
            ],
            [
              -71.92436962833854,
              44.86443613168535
            ],
            [
              -71.92435338913432,
              44.86447851275672
            ],
            [
              -71.92433794350711,
              44.8645206170612
            ],
            [
              -71.9243232858536,
              44.86456300699966
            ],
            [
              -71.9243094189915,
              44.86460540002236
            ],
            [
              -71.92429634290455,
              44.86464779792933
            ],
            [
              -71.92428326680707,
              44.86469019493451
            ],
            [
              -71.92427176949462,
              44.86473288156132
            ],
            [
              -71.92426027496334,
              44.86477528743627
            ],
            [
              -71.92424956842349,
              44.864817978046794
            ],
            [
              -71.92423965267517,
              44.86486067264282
            ],
            [
              -71.92423131572986,
              44.86490365596184
            ],
            [
              -71.92422297876284,
              44.86494664017973
            ],
            [
              -71.92421542979386,
              44.864989909134025
            ],
            [
              -71.92420946243338,
              44.86503318606168
            ],
            [
              -71.92420349506364,
              44.86507646298866
            ],
            [
              -71.92419831849585,
              44.86511974390217
            ],
            [
              -71.92419313912116,
              44.86516330556535
            ],
            [
              -71.92418875334961,
              44.86520659046494
            ],
            [
              -71.92418436476332,
              44.865250157014124
            ],
            [
              -71.92418076699266,
              44.86529372665028
            ],
            [
              -71.92417638120095,
              44.8653370115483
            ],
            [
              -71.92417278340925,
              44.865380582083326
            ],
            [
              -71.92416918562073,
              44.865424151718024
            ],
            [
              -71.92416638144145,
              44.86546744458943
            ],
            [
              -71.9241627836331,
              44.86551101512307
            ],
            [
              -71.92416077026131,
              44.8655543119811
            ],
            [
              -71.92416112654048,
              44.865597901551546
            ],
            [
              -71.92416306725565,
              44.86564121834638
            ],
            [
              -71.92416658680338,
              44.86568482476593
            ],
            [
              -71.92417010916405,
              44.86572814953491
            ],
            [
              -71.92417362873068,
              44.865771755053785
            ],
            [
              -71.92417794472101,
              44.86581480305909
            ],
            [
              -71.92418146709711,
              44.865858127826826
            ],
            [
              -71.92418498667928,
              44.86590173334445
            ],
            [
              -71.92418850906533,
              44.865945058111365
            ],
            [
              -71.92419203145634,
              44.86598838287788
            ],
            [
              -71.92419634467603,
              44.86603171163126
            ],
            [
              -71.92419986707755,
              44.86607503639693
            ],
            [
              -71.92420338948403,
              44.8661183611622
            ],
            [
              -71.92420690908766,
              44.86616196757717
            ],
            [
              -71.92421122233016,
              44.86620529632881
            ],
            [
              -71.92421474475213,
              44.8662486210928
            ],
            [
              -71.92421826717903,
              44.86629194585641
            ],
            [
              -71.92422178961091,
              44.866335270619594
            ],
            [
              -71.92422610287622,
              44.86637859936948
            ],
            [
              -71.92422962251982,
              44.86642220488209
            ],
            [
              -71.92423314496719,
              44.86646552964402
            ],
            [
              -71.9242366674195,
              44.86650885440554
            ],
            [
              -71.92424098070762,
              44.86655218315366
            ],
            [
              -71.92424450317043,
              44.86659550791436
            ],
            [
              -71.92424802283054,
              44.866639114324734
            ],
            [
              -71.9242515453033,
              44.86668243908457
            ],
            [
              -71.92425585861425,
              44.86672576783095
            ],
            [
              -71.92425938109751,
              44.866769092589976
            ],
            [
              -71.92426290358571,
              44.866812417348584
            ],
            [
              -71.92426642607889,
              44.866855742106786
            ],
            [
              -71.924270736614,
              44.86689935160163
            ],
            [
              -71.9242742591177,
              44.866942676359
            ],
            [
              -71.92427778162636,
              44.86698600111593
            ],
            [
              -71.92428130413995,
              44.86702932587248
            ],
            [
              -71.92428561749652,
              44.86707265461534
            ],
            [
              -71.92428914002065,
              44.867115979371036
            ],
            [
              -71.92429265974224,
              44.86715958577639
            ],
            [
              -71.92429618227628,
              44.86720291053125
            ],
            [
              -71.92430049565566,
              44.86724623927238
            ],
            [
              -71.92430401820022,
              44.8672895640264
            ],
            [
              -71.92430754074974,
              44.86733288878003
            ],
            [
              -71.92431106330422,
              44.867376213533234
            ],
            [
              -71.92431537390792,
              44.867419823022786
            ],
            [
              -71.92431889647291,
              44.86746314777516
            ],
            [
              -71.92432241904288,
              44.86750647252712
            ],
            [
              -71.9243259416178,
              44.86754979727867
            ],
            [
              -71.92433025504279,
              44.86759312601625
            ],
            [
              -71.92433377482087,
              44.86763673241701
            ],
            [
              -71.92433729741127,
              44.86768005716731
            ],
            [
              -71.92434082000662,
              44.86772338191718
            ],
            [
              -71.92434513345444,
              44.867766710653044
            ],
            [
              -71.92434865606029,
              44.86781003540209
            ],
            [
              -71.92435217867111,
              44.86785336015072
            ],
            [
              -71.9243556984886,
              44.86789696564912
            ],
            [
              -71.92436001195925,
              44.86794029438321
            ],
            [
              -71.92436353458552,
              44.8679836191306
            ],
            [
              -71.9243670572168,
              44.868026943877574
            ],
            [
              -71.92437137070466,
              44.86807027261034
            ],
            [
              -71.92437489334645,
              44.86811359735646
            ],
            [
              -71.92437841318599,
              44.868157203752205
            ],
            [
              -71.9243819358377,
              44.86820052849752
            ],
            [
              -71.92438624934839,
              44.868243857228535
            ],
            [
              -71.92438977201061,
              44.868287181973
            ],
            [
              -71.92439329467777,
              44.86833050671704
            ],
            [
              -71.92439760820572,
              44.86837383544675
            ],
            [
              -71.9244011280853,
              44.86841744094011
            ],
            [
              -71.92440465076793,
              44.868460765682904
            ],
            [
              -71.92440817345556,
              44.868504090425304
            ],
            [
              -71.92441248700631,
              44.86854741915323
            ],
            [
              -71.92441600970444,
              44.868590743894785
            ],
            [
              -71.92441953240751,
              44.86863406863594
            ],
            [
              -71.92442384316853,
              44.86867767901255
            ],
            [
              -71.92442736588214,
              44.86872100375283
            ],
            [
              -71.9244308886007,
              44.86876432849274
            ],
            [
              -71.92443520218599,
              44.86880765721802
            ],
            [
              -71.92443872491506,
              44.86885098195706
            ],
            [
              -71.9244422476491,
              44.8688943066957
            ],
            [
              -71.92444655845367,
              44.868937916169806
            ],
            [
              -71.92445008119822,
              44.86898124090759
            ],
            [
              -71.92445360394774,
              44.86902456564497
            ],
            [
              -71.92445791756754,
              44.86906789436761
            ],
            [
              -71.92446144032758,
              44.86911121910416
            ],
            [
              -71.92446496309256,
              44.869154543840274
            ],
            [
              -71.92446927392278,
              44.86919815421157
            ],
            [
              -71.9244727966983,
              44.86924147894687
            ],
            [
              -71.92447631947876,
              44.869284803681744
            ],
            [
              -71.92448063313309,
              44.86932813240175
            ],
            [
              -71.92448415592408,
              44.86937145713579
            ],
            [
              -71.92448767872001,
              44.86941478186942
            ],
            [
              -71.9244919895938,
              44.869458391338206
            ],
            [
              -71.92449551240027,
              44.86950171607098
            ],
            [
              -71.92449982608356,
              44.86954504478877
            ],
            [
              -71.92450334890053,
              44.869588369520706
            ],
            [
              -71.92450687172249,
              44.869631694252234
            ],
            [
              -71.92451118542301,
              44.869675022968714
            ],
            [
              -71.92451470825546,
              44.86971834769938
            ],
            [
              -71.92451822828622,
              44.86976195407962
            ],
            [
              -71.92452254200403,
              44.86980528279477
            ],
            [
              -71.92452606485196,
              44.8698486075242
            ],
            [
              -71.92453037858148,
              44.86989193623847
            ],
            [
              -71.92453390143991,
              44.86993526096706
            ],
            [
              -71.92453821518113,
              44.86997858968043
            ],
            [
              -71.92454173805008,
              44.87002191440817
            ],
            [
              -71.92454525812641,
              44.870065519885586
            ],
            [
              -71.9245495718849,
              44.87010884859762
            ],
            [
              -71.92455309476934,
              44.87015217332413
            ],
            [
              -71.92455740853953,
              44.87019550203529
            ],
            [
              -71.92456093143447,
              44.870238826760925
            ],
            [
              -71.92456445433439,
              44.87028215148619
            ],
            [
              -71.92456876531537,
              44.87032576184593
            ],
            [
              -71.92457228822578,
              44.870369086570335
            ],
            [
              -71.92457660202496,
              44.87041241527929
            ],
            [
              -71.9245801249459,
              44.87045574000283
            ],
            [
              -71.92458443875675,
              44.87049906871088
            ],
            [
              -71.92458796168822,
              44.870542393433595
            ],
            [
              -71.92459227551078,
              44.870585722140774
            ],
            [
              -71.92459579845274,
              44.87062904686265
            ],
            [
              -71.92460010948963,
              44.87067265631898
            ],
            [
              -71.92460363244213,
              44.870715981040014
            ],
            [
              -71.92460794628809,
              44.87075930974538
            ],
            [
              -71.92461146925112,
              44.870802634465576
            ],
            [
              -71.92461578310878,
              44.870845963170055
            ],
            [
              -71.9246193060823,
              44.87088928788942
            ],
            [
              -71.92462361995169,
              44.87093261659302
            ],
            [
              -71.92462714012947,
              44.87097622296141
            ],
            [
              -71.92463145401057,
              44.87101955166411
            ],
            [
              -71.92463497700514,
              44.871062876381785
            ],
            [
              -71.92463929089793,
              44.87110620508359
            ],
            [
              -71.92464281390302,
              44.87114952980041
            ],
            [
              -71.9246471278075,
              44.87119285850136
            ],
            [
              -71.92465065082308,
              44.871236183217334
            ],
            [
              -71.92465496473928,
              44.87127951191738
            ],
            [
              -71.92465848496823,
              44.87132311738253
            ],
            [
              -71.92466279889614,
              44.87136644608167
            ],
            [
              -71.92466711283019,
              44.87140977478037
            ],
            [
              -71.92467063587237,
              44.871453099494246
            ],
            [
              -71.92467494981814,
              44.871496428192025
            ],
            [
              -71.92467847287082,
              44.87153975290504
            ],
            [
              -71.9246827868283,
              44.87158308160196
            ],
            [
              -71.92468630989151,
              44.87162640631415
            ],
            [
              -71.92469062386067,
              44.871669735010165
            ],
            [
              -71.92469493503,
              44.8717133453556
            ],
            [
              -71.92469845810929,
              44.87175667006648
            ],
            [
              -71.92470277209632,
              44.87179999876116
            ],
            [
              -71.92470629518614,
              44.871843323471204
            ],
            [
              -71.92471060918486,
              44.871886652164996
            ],
            [
              -71.92471492318974,
              44.87192998085832
            ],
            [
              -71.92471923720076,
              44.87197330955117
            ],
            [
              -71.92472433932679,
              44.87201692297763
            ],
            [
              -71.92472944425708,
              44.872060255653544
            ],
            [
              -71.92473613100861,
              44.872103596296895
            ],
            [
              -71.92474282056668,
              44.87214665618959
            ],
            [
              -71.92475109195962,
              44.872189723149496
            ],
            [
              -71.92476015426433,
              44.87223279499222
            ],
            [
              -71.92477080120656,
              44.872275593151606
            ],
            [
              -71.92478303278966,
              44.87231811762724
            ],
            [
              -71.92479526438152,
              44.8723606430012
            ],
            [
              -71.92480749600004,
              44.872403167473784
            ],
            [
              -71.92482051853897,
              44.87244569682806
            ],
            [
              -71.92483354110573,
              44.8724882252808
            ],
            [
              -71.92484735459522,
              44.872530758614914
            ],
            [
              -71.92486116811374,
              44.87257329104728
            ],
            [
              -71.92487498444854,
              44.87261554272781
            ],
            [
              -71.92488958891268,
              44.872658080039216
            ],
            [
              -71.92490498711827,
              44.87270033968157
            ],
            [
              -71.92492038815107,
              44.87274231767181
            ],
            [
              -71.92493658011331,
              44.872784300542264
            ],
            [
              -71.92495356582053,
              44.87282600574294
            ],
            [
              -71.92497134246946,
              44.87286771492328
            ],
            [
              -71.9249899128665,
              44.87290914643313
            ],
            [
              -71.9250084860855,
              44.87295029718985
            ],
            [
              -71.92502864396452,
              44.87299117515742
            ],
            [
              -71.92504880188082,
              44.873032052221426
            ],
            [
              -71.9250736577461,
              44.87307773402
            ],
            [
              -71.92509308359224,
              44.873112702346525
            ],
            [
              -71.92511641087155,
              44.87315303382451
            ],
            [
              -71.92514053471308,
              44.8731928059792
            ],
            [
              -71.92516465578376,
              44.87323285977852
            ],
            [
              -71.9251903643322,
              44.87327235913467
            ],
            [
              -71.92521607291562,
              44.87331185848494
            ],
            [
              -71.92524178153397,
              44.87335135782931
            ],
            [
              -71.92526828390636,
              44.87339058039823
            ],
            [
              -71.92529557724866,
              44.87342980604125
            ],
            [
              -71.92532287342202,
              44.87346875092771
            ],
            [
              -71.925350169632,
              44.87350769580755
            ],
            [
              -71.92537746587857,
              44.87354664068081
            ],
            [
              -71.9254047621618,
              44.873585585547474
            ],
            [
              -71.9254328522031,
              44.87362425363681
            ],
            [
              -71.92546015136242,
              44.87366291684026
            ],
            [
              -71.92548903800265,
              44.873701026494956
            ],
            [
              -71.92551951214409,
              44.873738580799994
            ],
            [
              -71.92555157097799,
              44.87377586230377
            ],
            [
              -71.92558442917127,
              44.87381230462704
            ],
            [
              -71.92561807834583,
              44.87384875001896
            ],
            [
              -71.92565252128678,
              44.873884918628725
            ],
            [
              -71.92568617333878,
              44.873921083250615
            ],
            [
              -71.92572061636528,
              44.873957251839826
            ],
            [
              -71.92575427129391,
              44.873993135691656
            ],
            [
              -71.9257887144058,
              44.87402930426032
            ],
            [
              -71.92582236662676,
              44.87406546884202
            ],
            [
              -71.92585601888973,
              44.87410163341375
            ],
            [
              -71.9258904621297,
              44.87413780195172
            ],
            [
              -71.92592411727746,
              44.87417368485358
            ],
            [
              -71.92595856060281,
              44.87420985337095
            ],
            [
              -71.92599221303475,
              44.874246017902514
            ],
            [
              -71.92602665644564,
              44.87428218639935
            ],
            [
              -71.92606030896212,
              44.874318350910826
            ],
            [
              -71.92609475524907,
              44.87435423863714
            ],
            [
              -71.92612840784994,
              44.87439040312855
            ],
            [
              -71.92616206049284,
              44.87442656760999
            ],
            [
              -71.92619650411723,
              44.87446273605555
            ],
            [
              -71.9262301568447,
              44.87449890051691
            ],
            [
              -71.92626460335323,
              44.874534787292106
            ],
            [
              -71.92629825616508,
              44.874570951733354
            ],
            [
              -71.92633269996044,
              44.87460712013779
            ],
            [
              -71.92636635285685,
              44.874643284558964
            ],
            [
              -71.92640079952676,
              44.874679172192856
            ],
            [
              -71.92643445250758,
              44.87471533659395
            ],
            [
              -71.92646810553039,
              44.87475150098511
            ],
            [
              -71.92650254953921,
              44.87478766933826
            ],
            [
              -71.92653620264659,
              44.87482383370931
            ],
            [
              -71.92657064953812,
              44.87485972039209
            ],
            [
              -71.92660430272991,
              44.87489588474305
            ],
            [
              -71.92663874690969,
              44.87493205305508
            ],
            [
              -71.92667240018602,
              44.874968217385955
            ],
            [
              -71.92670684723892,
              44.87500410492747
            ],
            [
              -71.92674050059966,
              44.875040269238234
            ],
            [
              -71.92677494495038,
              44.87507643750912
            ],
            [
              -71.9268085983957,
              44.87511260179981
            ],
            [
              -71.92684304562783,
              44.87514848840035
            ],
            [
              -71.92687669915753,
              44.875184652670946
            ],
            [
              -71.92691114367922,
              44.87522082090071
            ],
            [
              -71.92694480007994,
              44.87525670440127
            ],
            [
              -71.92697924468699,
              44.87529287261046
            ],
            [
              -71.92701289838567,
              44.875329036840874
            ],
            [
              -71.9270473430783,
              44.87536520502952
            ],
            [
              -71.92708099965623,
              44.87540108759004
            ],
            [
              -71.92711544443428,
              44.875437255758136
            ],
            [
              -71.9271490983019,
              44.87547341994832
            ],
            [
              -71.9271835459508,
              44.875509307345915
            ],
            [
              -71.92721719990281,
              44.875545471516034
            ],
            [
              -71.92725164485181,
              44.875581639642995
            ],
            [
              -71.92728529888842,
              44.87561780379301
            ],
            [
              -71.92731974671655,
              44.87565369024962
            ],
            [
              -71.92735340083753,
              44.875689854379544
            ],
            [
              -71.9273878459575,
              44.87572602246539
            ],
            [
              -71.92742150574028,
              44.87576162417548
            ],
            [
              -71.9274559509455,
              44.875797792240746
            ],
            [
              -71.9274896052353,
              44.87583395633048
            ],
            [
              -71.92752405330972,
              44.875869843625274
            ],
            [
              -71.92755849864335,
              44.87590601165958
            ],
            [
              -71.92759215585235,
              44.875941894069264
            ],
            [
              -71.92762660127138,
              44.87597806208299
            ],
            [
              -71.92766025577252,
              44.876014226122386
            ],
            [
              -71.92769470405997,
              44.87605011336565
            ],
            [
              -71.92772835864552,
              44.876086277384935
            ],
            [
              -71.92776280423553,
              44.87612244535755
            ],
            [
              -71.92779646169691,
              44.87615832770693
            ],
            [
              -71.92783090737231,
              44.876194495659
            ],
            [
              -71.92786535587278,
              44.87623038285074
            ],
            [
              -71.92789901066968,
              44.87626654681966
            ],
            [
              -71.92793345647351,
              44.87630271474076
            ],
            [
              -71.92796711414546,
              44.8763385970398
            ],
            [
              -71.92800156003467,
              44.87637476494034
            ],
            [
              -71.92803600874818,
              44.87641065208051
            ],
            [
              -71.92806966375642,
              44.87644681599909
            ],
            [
              -71.9281041125639,
              44.87648270221886
            ],
            [
              -71.92813855862444,
              44.87651887007806
            ],
            [
              -71.9281722165402,
              44.87655475321642
            ],
            [
              -71.92820666268616,
              44.876590921055005
            ],
            [
              -71.92824031790575,
              44.876627084923236
            ],
            [
              -71.92827476692625,
              44.87666297109149
            ],
            [
              -71.92830921320063,
              44.87669913889913
            ],
            [
              -71.92834287132693,
              44.87673502198713
            ],
            [
              -71.92837731768674,
              44.8767711897742
            ],
            [
              -71.9284117668779,
              44.87680707590109
            ],
            [
              -71.92844542235122,
              44.876843239708805
            ],
            [
              -71.92847987161858,
              44.876879126714975
            ],
            [
              -71.92851432093752,
              44.876915012810905
            ],
            [
              -71.92854797653762,
              44.87695117658829
            ],
            [
              -71.92858242593276,
              44.876987063563526
            ],
            [
              -71.92861687259213,
              44.87702323127829
            ],
            [
              -71.9286505311064,
              44.877059113375644
            ],
            [
              -71.92868497785118,
              44.87709528106982
            ],
            [
              -71.92871942741697,
              44.87713116800368
            ],
            [
              -71.92875387424766,
              44.877167335677086
            ],
            [
              -71.92878753293058,
              44.877203217734
            ],
            [
              -71.92882198262419,
              44.87723910463686
            ],
            [
              -71.92885642958315,
              44.8772752722793
            ],
            [
              -71.92889008839236,
              44.87731115430598
            ],
            [
              -71.92892453543675,
              44.87734732192782
            ],
            [
              -71.92895898530101,
              44.87738320878934
            ],
            [
              -71.92899343521687,
              44.87741909474059
            ],
            [
              -71.9290270914092,
              44.87745525837664
            ],
            [
              -71.92906154140124,
              44.87749114520718
            ],
            [
              -71.9290959914449,
              44.877527031127464
            ],
            [
              -71.92913043874633,
              44.877563198687156
            ],
            [
              -71.92916488886667,
              44.877599085486494
            ],
            [
              -71.92919854805528,
              44.87763496742216
            ],
            [
              -71.92923299826055,
              44.877670854200936
            ],
            [
              -71.92926744573313,
              44.87770702171924
            ],
            [
              -71.92930189603287,
              44.87774290757737
            ],
            [
              -71.92933634636644,
              44.877778794324946
            ],
            [
              -71.929370002982,
              44.87781495785981
            ],
            [
              -71.92940445340953,
              44.877850843686936
            ],
            [
              -71.92943890109632,
              44.8778870111535
            ],
            [
              -71.92947414537115,
              44.87792262016146
            ],
            [
              -71.92950938968933,
              44.87795822915855
            ],
            [
              -71.92954542781321,
              44.877993561345896
            ],
            [
              -71.92958226253542,
              44.87802833417309
            ],
            [
              -71.92961989383853,
              44.87806254943911
            ],
            [
              -71.9296583189583,
              44.87809648699325
            ],
            [
              -71.9296975434511,
              44.87812958443497
            ],
            [
              -71.9297375645257,
              44.878162124313185
            ],
            [
              -71.92977917319116,
              44.8781941087767
            ],
            [
              -71.92982078467546,
              44.878225812475186
            ],
            [
              -71.92986239897795,
              44.87825723540863
            ],
            [
              -71.9299048070993,
              44.878288380625776
            ],
            [
              -71.92994800625924,
              44.8783195297755
            ],
            [
              -71.92999120824658,
              44.87835039725921
            ],
            [
              -71.93003441027122,
              44.87838126562647
            ],
            [
              -71.93007761512246,
              44.87841185232764
            ],
            [
              -71.93012082001947,
              44.87844243901257
            ],
            [
              -71.93016481873718,
              44.878472747978186
            ],
            [
              -71.93020802372597,
              44.87850333463027
            ],
            [
              -71.93025201975634,
              44.878533925212245
            ],
            [
              -71.93029522483712,
              44.878564511831435
            ],
            [
              -71.93033922096033,
              44.87859510237998
            ],
            [
              -71.93038242613311,
              44.87862568896631
            ],
            [
              -71.93041612828448,
              44.878657352995354
            ],
            [
              -71.93038768232903,
              44.87849382640081
            ],
            [
              -71.93038773448328,
              44.87832819132901
            ],
            [
              -71.93037309681505,
              44.878288467633986
            ],
            [
              -71.93038213316238,
              44.87817433993104
            ],
            [
              -71.93043947494866,
              44.87797468250649
            ],
            [
              -71.93048845198675,
              44.87790124875641
            ],
            [
              -71.9305469729198,
              44.877742373593044
            ],
            [
              -71.93055555621501,
              44.877593935527614
            ],
            [
              -71.93058081441302,
              44.87751925860744
            ],
            [
              -71.93068577234841,
              44.87738395608218
            ],
            [
              -71.93075120109579,
              44.877326632959424
            ],
            [
              -71.93082357941167,
              44.87728649892515
            ],
            [
              -71.9308556620894,
              44.87724166461313
            ],
            [
              -71.93081628139264,
              44.8771441683795
            ],
            [
              -71.93078497777175,
              44.87710998594103
            ],
            [
              -71.9307854851187,
              44.877058525896864
            ],
            [
              -71.93071417934652,
              44.87690968958785
            ],
            [
              -71.93067428335452,
              44.87686449649751
            ],
            [
              -71.93068343531448,
              44.876738558338985
            ],
            [
              -71.93062014526359,
              44.87657907579731
            ],
            [
              -71.93058980161068,
              44.87644759810796
            ],
            [
              -71.93060567303371,
              44.87636218823974
            ],
            [
              -71.93057493017561,
              44.876271202442375
            ],
            [
              -71.93057532953172,
              44.87623070964245
            ],
            [
              -71.93060024043878,
              44.87619118314744
            ],
            [
              -71.93062407750517,
              44.87618033420384
            ],
            [
              -71.9307275856044,
              44.876191818001395
            ],
            [
              -71.93075227460461,
              44.87617478657342
            ],
            [
              -71.93076933672802,
              44.87612903421406
            ],
            [
              -71.9307457123871,
              44.87603808394012
            ],
            [
              -71.93068201881101,
              44.87599980301806
            ],
            [
              -71.93058438276356,
              44.87587417563674
            ],
            [
              -71.93053562512564,
              44.87568495681338
            ],
            [
              -71.93052189268192,
              44.87563370741489
            ],
            [
              -71.93052256613333,
              44.875485229854384
            ],
            [
              -71.93041462489369,
              44.87496107130997
            ],
            [
              -71.93037982290747,
              44.87488075222093
            ],
            [
              -71.9304132201634,
              44.87486292110522
            ],
            [
              -71.93045107653559,
              44.87471378487716
            ],
            [
              -71.93045336850231,
              44.87464180554803
            ],
            [
              -71.93047725718398,
              44.87454546876117
            ],
            [
              -71.93051340700363,
              44.87448912458593
            ],
            [
              -71.93054808302577,
              44.8744218061571
            ],
            [
              -71.93060959818777,
              44.87435996504846
            ],
            [
              -71.93065116232513,
              44.87431602123481
            ],
            [
              -71.93067424092922,
              44.874301794828746
            ],
            [
              -71.93074903265358,
              44.874257173428894
            ],
            [
              -71.93079914722499,
              44.87422845773244
            ],
            [
              -71.93085088519172,
              44.87419553234533
            ],
            [
              -71.93087340281393,
              44.87415796189686
            ],
            [
              -71.93101226706455,
              44.87403266999569
            ],
            [
              -71.93114959730431,
              44.87382216290673
            ],
            [
              -71.93123846538508,
              44.873713494516
            ],
            [
              -71.93131100497948,
              44.873656488113184
            ],
            [
              -71.93137608098432,
              44.873554168605025
            ],
            [
              -71.93144165055111,
              44.873321369133905
            ],
            [
              -71.93145881463848,
              44.87318478459226
            ],
            [
              -71.9315241176835,
              44.87297897937497
            ],
            [
              -71.93156627250056,
              44.87287485926356
            ],
            [
              -71.93193565987193,
              44.87263260350309
            ],
            [
              -71.9320162752844,
              44.872558482307134
            ],
            [
              -71.93208049702166,
              44.87246234573733
            ],
            [
              -71.93213087480366,
              44.872245779791335
            ],
            [
              -71.9321869104055,
              44.87217772385377
            ],
            [
              -71.93235395772723,
              44.872081254230466
            ],
            [
              -71.93238728088548,
              44.872070733725145
            ],
            [
              -71.93255979696707,
              44.87190061290138
            ],
            [
              -71.9325632783609,
              44.87186829013458
            ],
            [
              -71.93264832562824,
              44.87158440572034
            ],
            [
              -71.93266479840602,
              44.87151783937291
            ],
            [
              -71.93265581317839,
              44.87146633301272
            ],
            [
              -71.9326887392657,
              44.871335169161526
            ],
            [
              -71.93269929083033,
              44.87122723537326
            ],
            [
              -71.93269086916703,
              44.87111836414083
            ],
            [
              -71.93270741081365,
              44.87104476822181
            ],
            [
              -71.93270858760107,
              44.87092497686682
            ],
            [
              -71.93269293468812,
              44.87082759903598
            ],
            [
              -71.93266863808756,
              44.870804981211734
            ],
            [
              -71.93266891987113,
              44.87077629877384
            ],
            [
              -71.93262049528668,
              44.870713909437214
            ],
            [
              -71.93261380961313,
              44.87050887158951
            ],
            [
              -71.93259058519455,
              44.87037714799842
            ],
            [
              -71.93249548120275,
              44.870155359478304
            ],
            [
              -71.93248054955494,
              44.86990416150764
            ],
            [
              -71.93244889686157,
              44.86974483700389
            ],
            [
              -71.93231459631839,
              44.86948770218839
            ],
            [
              -71.93223587595838,
              44.86912819991227
            ],
            [
              -71.93217218871384,
              44.86892906529483
            ],
            [
              -71.93210173259315,
              44.86877489034686
            ],
            [
              -71.93207731817414,
              44.86868393720308
            ],
            [
              -71.93207052122088,
              44.86849042803042
            ],
            [
              -71.93209570697412,
              44.86834207217226
            ],
            [
              -71.93209009623938,
              44.86802792753448
            ],
            [
              -71.93210601553886,
              44.86793717494981
            ],
            [
              -71.93209108886151,
              44.86776612246601
            ],
            [
              -71.93204446485478,
              44.86752095254346
            ],
            [
              -71.9320051411521,
              44.86741811421752
            ],
            [
              -71.93196496051857,
              44.867241592576036
            ],
            [
              -71.93195834368154,
              44.86711023304916
            ],
            [
              -71.93198256955344,
              44.86697902602715
            ],
            [
              -71.93199221189953,
              44.86680275307792
            ],
            [
              -71.93195015135534,
              44.866656593206486
            ],
            [
              -71.93189790424564,
              44.86650082225684
            ],
            [
              -71.93177768485403,
              44.866340775199845
            ],
            [
              -71.9316106861934,
              44.8661124422345
            ],
            [
              -71.93133076455473,
              44.86586695468066
            ],
            [
              -71.93125958609912,
              44.86578673535627
            ],
            [
              -71.93113976044894,
              44.86558703879564
            ],
            [
              -71.93110755423204,
              44.865484516343486
            ],
            [
              -71.9311003730414,
              44.86533037510232
            ],
            [
              -71.93102901556841,
              44.86510786026395
            ],
            [
              -71.93101970310833,
              44.86508981614805
            ],
            [
              -71.93407561040178,
              44.86508362805614
            ],
            [
              -71.93413176082103,
              44.865083624627054
            ],
            [
              -71.9350789736034,
              44.86502588448077
            ],
            [
              -71.93605506000013,
              44.864845669589414
            ],
            [
              -71.93674370353186,
              44.86462128443729
            ],
            [
              -71.9383680743984,
              44.870072749363736
            ],
            [
              -71.93841312573322,
              44.870238605581434
            ],
            [
              -71.93849396895129,
              44.87095328692536
            ],
            [
              -71.93839922270939,
              44.87166822964231
            ],
            [
              -71.93813069214943,
              44.87235982019829
            ],
            [
              -71.9380075725371,
              44.8725760308494
            ],
            [
              -71.93625232379141,
              44.875424231755694
            ],
            [
              -71.93623606028649,
              44.876765823136644
            ],
            [
              -71.94511515222587,
              44.881868624507426
            ],
            [
              -71.95074582449273,
              44.887463869455566
            ],
            [
              -71.95106993317641,
              44.887824537581
            ],
            [
              -71.95149017116488,
              44.88847672176164
            ],
            [
              -71.95156189217961,
              44.88867222819131
            ],
            [
              -71.9530006391582,
              44.891051442696764
            ],
            [
              -71.95369350846588,
              44.89207837485574
            ],
            [
              -71.95452450778836,
              44.89297604205889
            ],
            [
              -71.95823351565079,
              44.896462177646754
            ],
            [
              -71.95778983538827,
              44.89660630269718
            ],
            [
              -71.95750778720661,
              44.89672785280961
            ],
            [
              -71.95069987613999,
              44.89985473645529
            ],
            [
              -71.94923222770262,
              44.900821788485196
            ],
            [
              -71.94590161354562,
              44.90393810352514
            ],
            [
              -71.94551862565176,
              44.904345409263485
            ],
            [
              -71.94508584325723,
              44.904992345499345
            ],
            [
              -71.944817233686,
              44.90568394737635
            ],
            [
              -71.94472250721667,
              44.906398609449546
            ],
            [
              -71.94480348033956,
              44.90711272003931
            ],
            [
              -71.9449623418246,
              44.907546278424824
            ],
            [
              -71.94539934817583,
              44.90786139030957
            ],
            [
              -71.94765179976027,
              44.90901599728979
            ],
            [
              -71.95110499228028,
              44.910503948769346
            ],
            [
              -71.95164809448222,
              44.910737714177614
            ],
            [
              -71.951865679375,
              44.91082846493732
            ],
            [
              -71.95232218548249,
              44.91101372463966
            ],
            [
              -71.96081796215988,
              44.91431199247431
            ],
            [
              -71.96103625452743,
              44.914668756459136
            ],
            [
              -71.96146276955514,
              44.9152748117729
            ],
            [
              -71.95873595937773,
              44.917547048306616
            ],
            [
              -71.95326297046601,
              44.919307797619425
            ],
            [
              -71.95132327741268,
              44.91917166811276
            ],
            [
              -71.94831732395595,
              44.91829077382179
            ],
            [
              -71.94812784611524,
              44.91823839614698
            ],
            [
              -71.94715523947364,
              44.91804781147161
            ],
            [
              -71.94614979194859,
              44.917980510769034
            ],
            [
              -71.94514393680485,
              44.91803805726641
            ],
            [
              -71.94416776236486,
              44.91821891012363
            ],
            [
              -71.94324981531351,
              44.91851730336418
            ],
            [
              -71.94241867106064,
              44.91892466167878
            ],
            [
              -71.94170057612413,
              44.919427896952186
            ],
            [
              -71.94111624686816,
              44.92001305209049
            ],
            [
              -71.9406832959154,
              44.9206599690432
            ],
            [
              -71.94041455880311,
              44.921351558046375
            ],
            [
              -71.94031975014605,
              44.922066215010524
            ],
            [
              -71.94040068881407,
              44.922780326602904
            ],
            [
              -71.94065440589445,
              44.92347419310305
            ],
            [
              -71.94107478433853,
              44.92412613149487
            ],
            [
              -71.94164777025196,
              44.92471638464035
            ],
            [
              -71.9423561218671,
              44.92522715110233
            ],
            [
              -71.94318020092662,
              44.925642584795554
            ],
            [
              -71.9439013352029,
              44.92589778230884
            ],
            [
              -71.94769630933874,
              44.927009548246076
            ],
            [
              -71.94788581284814,
              44.92706220744353
            ],
            [
              -71.9488585737828,
              44.9272527872483
            ],
            [
              -71.94933393291038,
              44.92730035490334
            ],
            [
              -71.95366800219442,
              44.92760463172829
            ],
            [
              -71.95419826010166,
              44.927624321515054
            ],
            [
              -71.9552026910094,
              44.92756668857415
            ],
            [
              -71.95617977668614,
              44.92738630844899
            ],
            [
              -71.95662512810631,
              44.927258508646815
            ],
            [
              -71.96469135082033,
              44.924663619760345
            ],
            [
              -71.96516398248086,
              44.92449232713534
            ],
            [
              -71.965995042985,
              44.92408536569804
            ],
            [
              -71.96670899634721,
              44.92358533325464
            ],
            [
              -71.97005721374016,
              44.920795271660474
            ],
            [
              -71.97080098278407,
              44.92126440705958
            ],
            [
              -71.97162325514404,
              44.92163407023704
            ],
            [
              -71.97092686410973,
              44.92833520878709
            ],
            [
              -71.96968665821848,
              44.931301296613114
            ],
            [
              -71.96954177076854,
              44.93173087675143
            ],
            [
              -71.96944730480456,
              44.93244555731117
            ],
            [
              -71.96946194760903,
              44.93257193455465
            ],
            [
              -71.96978497155557,
              44.932570475031284
            ],
            [
              -71.97962003578647,
              44.93239320616821
            ],
            [
              -71.9839490338374,
              44.93231491076769
            ],
            [
              -71.98695285043601,
              44.932245700122465
            ]
          ]
        ]
      }
    }
  ]
}