{"type":"FeatureCollection","name":"Orleans_Greensboro","features":[{"type":"Feature","properties":{"OBJECT_ID":160,"County":"Orleans","RPC":"NVDA","Municipal_Name":"Greensboro","GEO_ID":"5001930175","District_Name":"Resource District","Abbreviated_District_Name":"Re","District_Type":"Mixed with Residential","Bylaw_Date":null,"Elderly_Housing_District":"No","District_Mapped":"Yes","Overlay_District":"No","Base_Density":null,"FIPS6":null,"GIS_ID":null,"Last_Update":null,"Shape_Length":28614.137401688575,"Shape_Area":12528594.326400816,"F1F_Allowance":"Permitted","F1F_Front_Setback":50.0,"F1F_Side_Setback":50.0,"F1F_Rear_Setback":50.0,"F1F_Frontage":500.0,"F1F_Max_Height":35.0,"F1F_Max_Stories":null,"F1F_Min_Lot_Size":25.0,"F1F_Max_Lot_Building_Coverage":null,"F1F_Max_Lot_Impervious_Coverage":null,"F1F_Min_Parking_Spaces":null,"F1F_Elderly_Housing_Only":null,"F1F_Affordable_Housing_Only":null,"F2F_Allowance":"Public Hearing","F2F_Front_Setback":50.0,"F2F_Side_Setback":50.0,"F2F_Rear_Setback":50.0,"F2F_Frontage":500.0,"F2F_Max_Density":0.08,"F2F_Max_Height":35.0,"F2F_Max_Stories":null,"F2F_Min_Lot_Size":25.0,"F2F_Max_Lot_Building_Coverage":null,"F2F_Max_Lot_Impervious_Coverage":null,"F2F_Min_Parking_Spaces_per_1BR":null,"F2F_Min_Parking_Spaces_per_mult_BR":null,"F2F_Elderly_Housing_Only":"No","F2F_Affordable_Housing_Only":"No","F3F_Allowance":"Prohibited","F3F_Front_Setback":null,"F3F_Side_Setback":null,"F3F_Rear_Setback":null,"F3F_Frontage":null,"F3F_Max_Density":null,"F3F_Max_Height":null,"F3F_Max_Stories":null,"F3F_Min_Lot_Size":null,"F3F_Max_Lot_Building_Coverage":null,"F3F_Max_Lot_Impervious_Coverage":null,"F3F_Min_Parking_Spaces_per_1BR":null,"F3F_Min_Parking_Spaces_per_mult_BR":null,"F3F_Affordable_Housing_Only":null,"F3F_Proximity_to_Public_Transit_Required":null,"F3F_Connection_to_Sewage/Water_Required":null,"F4F_Allowance":"Prohibited","F4F_Front_Setback":null,"F4F_Side_Setback":null,"F4F_Rear_Setback":null,"F4F_Frontage":null,"F1F_Max_Density":null,"F4F_Max_Density":null,"F4F_Max_Height":null,"F4F_Max_Stories":null,"F4F_Min_Lot_Size":null,"F4F_Max_Lot_Building_Coverage":null,"F4F_Max_Lot_Impervious_Coverage":null,"F4F_Min_Parking_Spaces_per_1BR":null,"F4F_Min_Parking_Spaces_per_mult_BR":null,"F3F_Elderly_Housing_Only":null,"F4F_Elderly_Housing_Only":null,"F4F_Affordable_Housing_Only":null,"F4F_Proximity_to_Public_Transit_Required":null,"F4F_Connection_to_Sewage/Water_Required":null,"ADU_Allowance":"Allowed/Conditional","ADU_Elderly_Housing_Only":"No","ADU_Max_Size_as_Percent_of_Primary_Strcture":30.0,"ADU_Max_Size_in_sq_ft":1200.0,"ADU_Min_Lot_Size":25.0,"ADU_Max_Bedrooms":null,"ADU_Min_Parking_Spaces":null,"ADU_Owner_Occupancy_Required":"Yes","ADU_Renter_Occupancy_Prohibited":"No","ADU_Employee_or_Family_Occupancy_Required":"No","ADU_Restricted_to_Primary_Structure":"No","Affordable_Housing_Allowance":"Not Mentioned","Affordable_Housing_District":"No","Affordable_Housing_Elderly_Only":null,"Affordable_Housing_Min_Lot_Size":null,"Affordable_Housing_Max_Density":null,"Affordable_Housing_Min_Parking_Spaces_per_mult_BR":null,"Affordable_Housing_Max_Units_per_Building":null,"Affordable_Housing_Min_Parking_Spaces_per_1BR":null,"PRD_Allowance":"Not Mentioned","PRD_Max_Density":null,"PRD_Max_Units":null,"PRD_Min_Lot_Size":null,"PRD_Mobile_or_Manufactured_Home_Park":null,"PUD_Allowance":null,"PUD_Required_with_Subdivision":null,"PUD_Requires_Land_Conservation":null,"PUD_Threshold_Number":null,"Notes":"  This District Requires Structures to Be At A Minimum Distance Of 300 Feet From Long Pond."},"geometry":{"type":"MultiPolygon","coordinates":[[[[-72.25526266379646,44.610972410295176],[-72.25516904303558,44.61099974559119],[-72.24394073362451,44.61611662881123],[-72.24361312861173,44.61640207557944],[-72.24292318088638,44.617407542123374],[-72.24212220594086,44.618771819322525],[-72.24170427852525,44.61976895839212],[-72.24157507859609,44.620687861109246],[-72.24163430822428,44.62082506175855],[-72.2420053554204,44.62105735397564],[-72.24211259097376,44.62120330297632],[-72.2421468320062,44.6216404926124],[-72.24232558998204,44.621923817058445],[-72.2423959814864,44.62227537660327],[-72.24233253796955,44.623012361654894],[-72.24193392866347,44.623671303346775],[-72.24182439295387,44.62393680074802],[-72.24179270390151,44.624348100693965],[-72.24179797015121,44.624502419907095],[-72.24209237920388,44.62506080321151],[-72.2420419892544,44.6251577534281],[-72.2259457479812,44.61915013190078],[-72.20985283457624,44.61314024418635],[-72.20712445792117,44.6167421524504],[-72.20248915062952,44.62410595487785],[-72.21547864055191,44.62871053366948],[-72.22847018984177,44.633313636433485],[-72.24146379824123,44.637915262460595],[-72.25445946549141,44.6425154110416],[-72.26182424839797,44.6452405499145],[-72.27574998978547,44.65050056918091],[-72.27828850885228,44.65140974604729],[-72.27909195082837,44.650077883173765],[-72.28014129454164,44.64884781180258],[-72.28026028675302,44.64842158290466],[-72.28024456637117,44.64821195577649],[-72.28009883540152,44.64778322491217],[-72.28001182853271,44.64715041495881],[-72.27985109764978,44.646952129902424],[-72.27892070927855,44.64629610564938],[-72.27865331821862,44.645351645435994],[-72.27820318001002,44.64467662783624],[-72.27810517267841,44.64436678541881],[-72.27736529030288,44.64293186643135],[-72.27740227560301,44.64285992321579],[-72.27754621983094,44.64280080256234],[-72.27848600928827,44.64260466174917],[-72.28059215385811,44.64201747881676],[-72.28117548032041,44.64172981222084],[-72.28136859857798,44.64169320158751],[-72.28226293345085,44.641310552675854],[-72.28228033788207,44.64091092075993],[-72.281979116713,44.63941265402925],[-72.28144153545315,44.63873498245138],[-72.28077095828549,44.637736389200555],[-72.28024186379734,44.636544097596435],[-72.27996942225028,44.635327872327935],[-72.27993952483494,44.63374254875329],[-72.27931463407072,44.633195385936816],[-72.27869641124231,44.63249154158079],[-72.27778674388705,44.63180862898681],[-72.2771819778575,44.63127558716839],[-72.27666594310418,44.63072564679615],[-72.27587736889768,44.62970497757873],[-72.27500370310665,44.62938742897727],[-72.27348141047774,44.62866772443829],[-72.27279433883822,44.62818458918019],[-72.27210971841019,44.62747694076052],[-72.27180345552797,44.627008783739484],[-72.27158182372442,44.626516948963605],[-72.27140830247727,44.62563135556345],[-72.27087846974567,44.62412940843912],[-72.27038208206704,44.62334758138313],[-72.26970363753341,44.62257618600576],[-72.26908675306309,44.62169338960702],[-72.26827118135606,44.62007362437275],[-72.26757477660034,44.61834121690808],[-72.2671656410758,44.61686538076082],[-72.2650482686843,44.61607723472955],[-72.26586664359813,44.61499449589811],[-72.25526266379646,44.610972410295176]],[[-72.2479794328636,44.614696621842256],[-72.24800961023911,44.61482627503709],[-72.24789563689399,44.61504793800352],[-72.24780240058043,44.61510668809543],[-72.24761505270462,44.615107612440184],[-72.24743026657003,44.61503521169615],[-72.24733622426803,44.61485115426489],[-72.24723565552274,44.6147936028699],[-72.2475557849707,44.61471205858718],[-72.2479794328636,44.614696621842256]],[[-72.26127951707637,44.61526002027412],[-72.26144844231752,44.61532687593539],[-72.2615214303033,44.61547820957278],[-72.26137471648273,44.61573483910627],[-72.26140212273543,44.615964641969576],[-72.26177478292117,44.61631522543739],[-72.2618107152923,44.6164906103695],[-72.2618979860498,44.61653524595833],[-72.26196578024259,44.61690102608705],[-72.2619282332953,44.61711260218729],[-72.26176106256243,44.617231235439796],[-72.26179590703292,44.617337228434224],[-72.2616530539399,44.617764209556015],[-72.26169572449967,44.61801924472789],[-72.26182769872077,44.61822704457654],[-72.26177060755165,44.61828956390269],[-72.26169228555146,44.61818447102703],[-72.26163863175924,44.61820658811737],[-72.26162687688772,44.618681271423334],[-72.26285314683274,44.61931962397739],[-72.26334262398198,44.61988561218366],[-72.26349747779376,44.61995342462052],[-72.26372935587936,44.619883352223674],[-72.26385708542205,44.619951201650125],[-72.2639156853904,44.620078383198106],[-72.26395421555765,44.620642265780404],[-72.26379855400931,44.621085433211285],[-72.26389087712876,44.62162440544516],[-72.26385676956134,44.62176994094355],[-72.26394509194036,44.62195542430869],[-72.26390508860382,44.62228498040873],[-72.26397091824484,44.62245988542189],[-72.26396558430146,44.62290461169931],[-72.2640767160613,44.62337487275471],[-72.2643164883403,44.6236559687154],[-72.2644387091253,44.62366422298694],[-72.26461791580124,44.623845841722485],[-72.26468086802653,44.6238222152416],[-72.26483986334976,44.6239602284429],[-72.26518413494081,44.624021765354655],[-72.26525828174138,44.62410138558942],[-72.26550609026712,44.62417604840596],[-72.26558707847803,44.62430868981089],[-72.26587548731077,44.6245368722293],[-72.26601335711307,44.62484816857293],[-72.26622407544542,44.624933458427435],[-72.26626099014209,44.62502883504949],[-72.26639408854452,44.625058267604345],[-72.26641261593257,44.62512184014291],[-72.26658662935729,44.625153957825795],[-72.26650967618684,44.62539327483958],[-72.26629790619481,44.62547222041489],[-72.26617536947849,44.62558058325029],[-72.26602328817405,44.625575051336256],[-72.26595584423978,44.62570981176627],[-72.26514753588269,44.625779602886766],[-72.26492632574444,44.62595274944575],[-72.2646226533091,44.62635322013457],[-72.2644834843199,44.62677122057379],[-72.2644963276818,44.62733261594585],[-72.26465528676488,44.62785049065477],[-72.26484010824063,44.628015014729364],[-72.26512149889948,44.628113596347085],[-72.2653160747274,44.6283945943212],[-72.26537888712984,44.6286639787133],[-72.26575951328668,44.628901171702914],[-72.26598612656268,44.62896246657653],[-72.26593580730496,44.62916062741456],[-72.26583548368517,44.62928748826657],[-72.26542229411211,44.629433952445844],[-72.2650064372969,44.629706228832596],[-72.26463191706114,44.62980057504057],[-72.26446899139188,44.629792047164685],[-72.26411268310838,44.6299267475916],[-72.26379950180949,44.62986958604615],[-72.26369079123617,44.629976992907714],[-72.26364169993259,44.62993099343335],[-72.26355067522077,44.62994061958864],[-72.26341806784531,44.63010125577642],[-72.26315460983837,44.63011645119775],[-72.26221558875619,44.629875030449504],[-72.26119091309529,44.62983563659526],[-72.26078989942927,44.62977593971083],[-72.26058704198712,44.62968139256887],[-72.26054889780399,44.62957916859571],[-72.26029635233472,44.6295120418085],[-72.26009914369027,44.6293899625936],[-72.2595932799076,44.629420218049425],[-72.25933575162603,44.6292549860892],[-72.25927325572054,44.629127238032034],[-72.25932929477679,44.6289193892072],[-72.2598104545928,44.62815897225282],[-72.26007987950108,44.6273923526711],[-72.26071371823798,44.62697386973026],[-72.26093212082888,44.62659960059647],[-72.26087941586114,44.62608536101403],[-72.26067171550231,44.62578660836371],[-72.26099468720086,44.62545187758884],[-72.26102946231319,44.62504761624983],[-72.26093152470833,44.62475314058486],[-72.26057949683307,44.62415394455937],[-72.26016371098117,44.62374118403782],[-72.25923637562381,44.623472226283674],[-72.25914942169837,44.62314627390782],[-72.26011988214135,44.62245285373419],[-72.26052051011358,44.6221013703956],[-72.26092247139013,44.621060282404564],[-72.26137391005703,44.62048266662664],[-72.26165333542671,44.619725411611135],[-72.26167337218521,44.61954062142661],[-72.26160712113162,44.619380655576116],[-72.26167221372435,44.619241659410555],[-72.26145251174398,44.618863230405836],[-72.26147009267046,44.61872224615581],[-72.26135678613092,44.61839245776303],[-72.26139584147721,44.6179027991465],[-72.26148788362389,44.61782325801679],[-72.26143180912418,44.617671955250756],[-72.26162217495515,44.61733785228097],[-72.26155111648717,44.617211627104226],[-72.26170677718697,44.61707497343639],[-72.26169007454779,44.617002411797806],[-72.26176930907947,44.61697422404659],[-72.26177271223669,44.61684726066551],[-72.26149704226324,44.61626118481049],[-72.26126860346729,44.6161700013523],[-72.26111588938245,44.61623825456818],[-72.26106546423775,44.61618162926528],[-72.26130713239442,44.6154435638376],[-72.26120007131958,44.61533841590636],[-72.26127951707637,44.61526002027412]],[[-72.23084715668166,44.62865954603938],[-72.23093751463863,44.628684230563316],[-72.23083904983339,44.628778142256174],[-72.23085827977943,44.62889697567809],[-72.23080174893487,44.628938680792025],[-72.23088463322075,44.62897721376206],[-72.23088175598188,44.62908033911416],[-72.23087852722078,44.629265262178684],[-72.2307018116352,44.62940623261188],[-72.23062650704813,44.62933801991592],[-72.23053085151584,44.62934301472382],[-72.23057867884651,44.62905334320297],[-72.23071700518092,44.62876048604622],[-72.23084715668166,44.62865954603938]],[[-72.24799690701677,44.628888473018684],[-72.2484444157884,44.62891878985599],[-72.24832398548115,44.628992859123265],[-72.24831349331524,44.62926308932622],[-72.24818060611162,44.629456639920136],[-72.24801599675966,44.6295461801144],[-72.24791483063319,44.62954144735201],[-72.24777067956882,44.62936088342929],[-72.24781215640266,44.62923947815362],[-72.24774050190231,44.629052232119385],[-72.24760533365681,44.62901602114632],[-72.24762456213037,44.62891248424043],[-72.2477692400278,44.62896463944004],[-72.24799690701677,44.628888473018684]],[[-72.24889539769397,44.6300087823211],[-72.24921791392286,44.63009659812557],[-72.24922468697618,44.63016321182367],[-72.24900916074064,44.63031122303636],[-72.24846371577524,44.63031506803978],[-72.24832009041471,44.630366049061884],[-72.2481262502551,44.63037065681759],[-72.24802676939491,44.630262988344555],[-72.24810572255085,44.63019134322277],[-72.24849357702678,44.63005397065296],[-72.24889539769397,44.6300087823211]],[[-72.26516371304405,44.617956413843906],[-72.26524273649616,44.618074644694026],[-72.26545913852064,44.61821620476831],[-72.26548640470004,44.61838804928217],[-72.26533993614933,44.618502757983144],[-72.26506265251074,44.61851758206219],[-72.26492972956382,44.6184560245544],[-72.26477726169605,44.61848783437545],[-72.26483414330558,44.61825640615393],[-72.2650447904671,44.618172420400164],[-72.26516371304405,44.617956413843906]],[[-72.26665452938825,44.6186182155938],[-72.26699066152052,44.618847481932896],[-72.26666814466034,44.6189586931908],[-72.26667649590678,44.619043027834906],[-72.26660136773525,44.61901983714895],[-72.26657010248852,44.618772837398],[-72.26665452938825,44.6186182155938]],[[-72.26976627966339,44.6301087342724],[-72.27047644039051,44.63016659603068],[-72.27108722471395,44.63037668775091],[-72.27132650563881,44.63051800508279],[-72.27138805496729,44.63078837795765],[-72.2714633934669,44.63085898642428],[-72.27135447267734,44.63093158031255],[-72.2709762682823,44.63093081894506],[-72.27054265597963,44.630859486431895],[-72.26991720349794,44.630949747649524],[-72.26953889448444,44.63101234040564],[-72.26924350195613,44.63090843098463],[-72.26896151550676,44.6307340893265],[-72.26895207685818,44.630640206436404],[-72.26912324814779,44.63057008499058],[-72.2693145255215,44.63038500360025],[-72.2694207440327,44.630131434311416],[-72.26976627966339,44.6301087342724]],[[-72.22999319554907,44.631986163932275],[-72.23008334249911,44.63200248203477],[-72.23029707883806,44.632199082880625],[-72.2304696881988,44.632258439810435],[-72.23086838579378,44.632248763617746],[-72.23111710686544,44.63217941822519],[-72.231342738755,44.63219614871033],[-72.23196548861581,44.63254139056299],[-72.23237155480497,44.63251543331117],[-72.23274821608463,44.632387442742285],[-72.23351508202133,44.63255581214845],[-72.23343125197177,44.632781040012],[-72.23353592577658,44.63290484728398],[-72.23349718658427,44.633189579780506],[-72.23332366379294,44.633242818248334],[-72.23327832680063,44.633344850020684],[-72.23301451748958,44.63340866270766],[-72.2329234931184,44.63358025144851],[-72.23273502144693,44.63364442591861],[-72.23261487290405,44.633654763786],[-72.23255514808224,44.633541857323905],[-72.23217132959405,44.63357849008524],[-72.23185586639377,44.63347039089359],[-72.23175894674314,44.63324986040338],[-72.23195545266043,44.633083839629506],[-72.23177968531189,44.632849798008046],[-72.23165149929969,44.632881624144524],[-72.23133449192039,44.633111982663365],[-72.23119142855684,44.63314377058447],[-72.23072588309115,44.63297627729176],[-72.2306953547514,44.633115791445654],[-72.23048488314518,44.63306156597755],[-72.23034129206634,44.63317947960398],[-72.23013815334637,44.6331735975668],[-72.22991290882464,44.63307641071862],[-72.22968025910352,44.632963017185574],[-72.22964380018098,44.63278564698008],[-72.22946371547789,44.6326188140056],[-72.22938925425763,44.6324520681674],[-72.22960151521806,44.63211942391223],[-72.22979788216165,44.63200721468616],[-72.22999319554907,44.631986163932275]],[[-72.27391242640695,44.632334065951845],[-72.2740325059096,44.63237498191079],[-72.27407117538803,44.632438683867285],[-72.27401952253287,44.632530828284075],[-72.27389537192214,44.63246784984047],[-72.2738666681349,44.6323699749823],[-72.27391242640695,44.632334065951845]],[[-72.26624256813915,44.633262195702244],[-72.26642493305476,44.63326248241002],[-72.26652771282777,44.633344849215504],[-72.26653936292391,44.63352126960351],[-72.26642644141458,44.63358114906897],[-72.26629453695978,44.63357062371621],[-72.26618589648244,44.633662816231805],[-72.26605581729837,44.63366786030471],[-72.26602072602697,44.6336180190904],[-72.26612648896833,44.633544442041725],[-72.26624256813915,44.633262195702244]],[[-72.27347723440779,44.64366924982918],[-72.27365114231087,44.643715226023716],[-72.27373830764189,44.6437955808173],[-72.27392512916697,44.64376040298428],[-72.27385863202203,44.643849270844605],[-72.27372118272407,44.643860880268996],[-72.27347723440779,44.64366924982918]],[[-72.27571091648947,44.6440634203464],[-72.27571874175467,44.644155408554894],[-72.27551932274608,44.644190748143934],[-72.27571091648947,44.6440634203464]],[[-72.21200341379728,44.61517797808661],[-72.21202169568924,44.615253351561094],[-72.21211724742349,44.61526933844753],[-72.21221002691134,44.615364244446134],[-72.2123080687169,44.61535747472833],[-72.21236365232389,44.61550817138113],[-72.2125054183013,44.61558043417739],[-72.2125818450422,44.615715430885466],[-72.21265795659262,44.61571742944769],[-72.21276778890702,44.61587357012478],[-72.21272582140071,44.615926012125115],[-72.21282340709948,44.616017333601086],[-72.2128091956784,44.61616443118809],[-72.21299492974254,44.61628756241671],[-72.21301412467827,44.61638228011024],[-72.21288871096338,44.616444875097706],[-72.21299405189514,44.616469616032305],[-72.21301791376482,44.61656074934767],[-72.21320522719668,44.61667001634364],[-72.21338029230249,44.616940078859685],[-72.21331379627686,44.61724462309066],[-72.21339510052628,44.617237991312614],[-72.21341327809667,44.61753564042519],[-72.21358244898173,44.617697245008],[-72.21367354308822,44.61767461531326],[-72.21399391900127,44.61811880489764],[-72.21416744134575,44.61821724114764],[-72.21425969408249,44.61843993978543],[-72.21434022646736,44.618464617400264],[-72.21432306825486,44.618517220104245],[-72.2145046960794,44.61873482169316],[-72.21444816510316,44.61878363989349],[-72.21454080448395,44.61882598886604],[-72.214492308542,44.619029066225906],[-72.2145900711626,44.61908357875158],[-72.21455961256999,44.61925341027791],[-72.21465298781611,44.61948321087132],[-72.21460231762256,44.61977385361809],[-72.21455308610898,44.619870027052116],[-72.21447946517225,44.61987677065146],[-72.21435359630402,44.620309041710904],[-72.21450529202619,44.62039356217711],[-72.21458340402879,44.62067237502798],[-72.21447760580257,44.62071765758145],[-72.21454592745104,44.62084039091537],[-72.21465611165308,44.62085281703393],[-72.21438924819398,44.62100468544269],[-72.21434966593564,44.62111320736678],[-72.21426867718866,44.62110940958136],[-72.21440489906793,44.6213619946892],[-72.21410568219466,44.62163626935863],[-72.21414947527798,44.62146736862388],[-72.21404122181237,44.62131501486423],[-72.21389510439171,44.62130582336678],[-72.21365606917111,44.621455867215815],[-72.2134210679478,44.62123183189644],[-72.21312128976702,44.62117635938174],[-72.21315592440195,44.62092564814961],[-72.21330783113999,44.62063183785653],[-72.21312865888538,44.62032136656141],[-72.21316473198034,44.62018683110387],[-72.21360371321546,44.61980942072092],[-72.21350728522721,44.6196335963238],[-72.21360080059267,44.6194240664515],[-72.21358869455712,44.61898856507638],[-72.21339489006152,44.618787386615175],[-72.21287200717907,44.618603666569996],[-72.21285046233209,44.61852828507213],[-72.21263486652687,44.61845485158586],[-72.2123814078269,44.61813500293068],[-72.21219648139054,44.618027274998894],[-72.21203706629277,44.61803379360124],[-72.21183817360175,44.61820202973221],[-72.21140540229298,44.61826708421085],[-72.21111422252743,44.61839620457684],[-72.21104379549168,44.61837101479858],[-72.21086167616355,44.618427425560846],[-72.21050119234174,44.61840841759822],[-72.2102446815465,44.618275488920865],[-72.20965765336388,44.618175990872984],[-72.20919642488846,44.61788522690596],[-72.20894538690591,44.61698618842311],[-72.20896710904246,44.616523232158265],[-72.20890313804382,44.61646159792346],[-72.20897528480023,44.61589537677878],[-72.20905869474488,44.615842221901545],[-72.20937170172267,44.61583545314599],[-72.20944893534809,44.615736751432834],[-72.20961291257017,44.61572348689858],[-72.20992458652815,44.61557965997254],[-72.21010330219232,44.61543945536315],[-72.21010112567255,44.615393744416544],[-72.21000950546227,44.61542860172423],[-72.21005708825366,44.61531002773972],[-72.21022369658607,44.61522522491863],[-72.21046599688539,44.61524257263797],[-72.21078009173327,44.61534822058963],[-72.21115991021752,44.615203842884526],[-72.21200341379728,44.61517797808661]],[[-72.2298093214623,44.62391341207866],[-72.22987858964366,44.624004470078056],[-72.22982570831049,44.62410514461458],[-72.22966345097961,44.62411978040701],[-72.22955228451853,44.62407479998808],[-72.22959288380837,44.62396276195308],[-72.2298093214623,44.62391341207866]]]]}},{"type":"Feature","properties":{"OBJECT_ID":161,"County":"Orleans","RPC":"NVDA","Municipal_Name":"Greensboro","GEO_ID":"5001930175","District_Name":"Rural Lands District","Abbreviated_District_Name":"Rl","District_Type":"Mixed with Residential","Bylaw_Date":null,"Elderly_Housing_District":"No","District_Mapped":"Yes","Overlay_District":"No","Base_Density":null,"FIPS6":null,"GIS_ID":null,"Last_Update":null,"Shape_Length":90275.00965499197,"Shape_Area":93768480.01688388,"F1F_Allowance":"Permitted","F1F_Front_Setback":50.0,"F1F_Side_Setback":50.0,"F1F_Rear_Setback":50.0,"F1F_Frontage":300.0,"F1F_Max_Height":35.0,"F1F_Max_Stories":null,"F1F_Min_Lot_Size":10.0,"F1F_Max_Lot_Building_Coverage":null,"F1F_Max_Lot_Impervious_Coverage":null,"F1F_Min_Parking_Spaces":null,"F1F_Elderly_Housing_Only":null,"F1F_Affordable_Housing_Only":null,"F2F_Allowance":"Permitted","F2F_Front_Setback":50.0,"F2F_Side_Setback":50.0,"F2F_Rear_Setback":50.0,"F2F_Frontage":300.0,"F2F_Max_Density":0.2,"F2F_Max_Height":35.0,"F2F_Max_Stories":null,"F2F_Min_Lot_Size":10.0,"F2F_Max_Lot_Building_Coverage":null,"F2F_Max_Lot_Impervious_Coverage":null,"F2F_Min_Parking_Spaces_per_1BR":null,"F2F_Min_Parking_Spaces_per_mult_BR":null,"F2F_Elderly_Housing_Only":"No","F2F_Affordable_Housing_Only":"No","F3F_Allowance":"Public Hearing","F3F_Front_Setback":50.0,"F3F_Side_Setback":50.0,"F3F_Rear_Setback":50.0,"F3F_Frontage":300.0,"F3F_Max_Density":0.3,"F3F_Max_Height":35.0,"F3F_Max_Stories":null,"F3F_Min_Lot_Size":10.0,"F3F_Max_Lot_Building_Coverage":null,"F3F_Max_Lot_Impervious_Coverage":null,"F3F_Min_Parking_Spaces_per_1BR":null,"F3F_Min_Parking_Spaces_per_mult_BR":null,"F3F_Affordable_Housing_Only":"No","F3F_Proximity_to_Public_Transit_Required":"No","F3F_Connection_to_Sewage/Water_Required":"No","F4F_Allowance":"Public Hearing","F4F_Front_Setback":50.0,"F4F_Side_Setback":50.0,"F4F_Rear_Setback":50.0,"F4F_Frontage":300.0,"F1F_Max_Density":null,"F4F_Max_Density":0.4,"F4F_Max_Height":35.0,"F4F_Max_Stories":null,"F4F_Min_Lot_Size":10.0,"F4F_Max_Lot_Building_Coverage":null,"F4F_Max_Lot_Impervious_Coverage":null,"F4F_Min_Parking_Spaces_per_1BR":null,"F4F_Min_Parking_Spaces_per_mult_BR":null,"F3F_Elderly_Housing_Only":"No","F4F_Elderly_Housing_Only":"No","F4F_Affordable_Housing_Only":"No","F4F_Proximity_to_Public_Transit_Required":"No","F4F_Connection_to_Sewage/Water_Required":"No","ADU_Allowance":"Allowed/Conditional","ADU_Elderly_Housing_Only":"No","ADU_Max_Size_as_Percent_of_Primary_Strcture":30.0,"ADU_Max_Size_in_sq_ft":1200.0,"ADU_Min_Lot_Size":10.0,"ADU_Max_Bedrooms":null,"ADU_Min_Parking_Spaces":null,"ADU_Owner_Occupancy_Required":"Yes","ADU_Renter_Occupancy_Prohibited":"No","ADU_Employee_or_Family_Occupancy_Required":"No","ADU_Restricted_to_Primary_Structure":"No","Affordable_Housing_Allowance":"Not Mentioned","Affordable_Housing_District":"No","Affordable_Housing_Elderly_Only":null,"Affordable_Housing_Min_Lot_Size":null,"Affordable_Housing_Max_Density":null,"Affordable_Housing_Min_Parking_Spaces_per_mult_BR":null,"Affordable_Housing_Max_Units_per_Building":null,"Affordable_Housing_Min_Parking_Spaces_per_1BR":null,"PRD_Allowance":"Public Hearing","PRD_Max_Density":null,"PRD_Max_Units":null,"PRD_Min_Lot_Size":null,"PRD_Mobile_or_Manufactured_Home_Park":"Yes","PUD_Allowance":null,"PUD_Required_with_Subdivision":null,"PUD_Requires_Land_Conservation":null,"PUD_Threshold_Number":null,"Notes":"None"},"geometry":{"type":"MultiPolygon","coordinates":[[[[-72.36369672942212,44.57979650761771],[-72.36253641240164,44.579387934050295],[-72.36264333397655,44.57942550793258],[-72.36308160160492,44.579579862135034],[-72.36369672942212,44.57979650761771]]],[[[-72.35676134296828,44.59694901374149],[-72.35650630497607,44.596937719878994],[-72.35648174225267,44.596700046648664],[-72.35665782572339,44.596652021695306],[-72.35682955814885,44.5967185366422],[-72.35689117725286,44.59682088176316],[-72.35676134296828,44.59694901374149]]],[[[-72.35598514171257,44.59852804669478],[-72.35578856509122,44.59860260430845],[-72.35562223650116,44.59837703139987],[-72.35559290152922,44.598118625753166],[-72.35576028239288,44.597909341103616],[-72.35587860811192,44.59785587093289],[-72.35596829895567,44.59782998513871],[-72.35606900837996,44.59792343468248],[-72.35607034147418,44.59829417719936],[-72.35598514171257,44.59852804669478]]],[[[-72.36991577348677,44.590760998138144],[-72.36838585191953,44.59285547185346],[-72.35952435247611,44.60498470901062],[-72.35947734266391,44.60475071775039],[-72.35943138301822,44.60459436629594],[-72.3592735489293,44.60257586196823],[-72.35950898604527,44.6019314876133],[-72.35997113603717,44.601243055026266],[-72.36006984526549,44.60099418122149],[-72.36012076143801,44.600771590592494],[-72.36023284718124,44.599455204894625],[-72.3601745543353,44.59856734973659],[-72.36012237541706,44.59839472726969],[-72.35976290936465,44.59790159542619],[-72.35907133751152,44.597235202921226],[-72.35886942978276,44.59695705384534],[-72.35887889926707,44.59660199418017],[-72.35916750355469,44.59532740324621],[-72.35919964578721,44.594977941967414],[-72.35921417327296,44.59454315827276],[-72.35939635431868,44.593728686764976],[-72.36002804295636,44.591861914921665],[-72.36029081836874,44.59068418655604],[-72.36030084561604,44.590498609924246],[-72.36029698549895,44.589704241711345],[-72.36015331840179,44.5882958114504],[-72.35900737685553,44.58819429977571],[-72.35846000393684,44.58863952188502],[-72.3582157718256,44.58850237290723],[-72.35793560958007,44.58847523295995],[-72.35775685803561,44.58850677081287],[-72.35708508656423,44.58881714869936],[-72.35681334696594,44.58906195196748],[-72.35642854475496,44.58965146292905],[-72.3558958013882,44.590271007412326],[-72.35545955731624,44.591151029237885],[-72.35523989090011,44.59174976483253],[-72.3550921609645,44.59248183387644],[-72.35456432982433,44.59357952037331],[-72.35456075127708,44.59380946032076],[-72.35462812492912,44.59390036604364],[-72.35455597856759,44.59396523467859],[-72.35454587310451,44.59421801189835],[-72.35447800736782,44.594310065589916],[-72.35457169957942,44.594402421356136],[-72.35457198035677,44.59482161405725],[-72.3546686184807,44.59498663105277],[-72.35454797841118,44.595099824435025],[-72.35445526917923,44.59534639935252],[-72.3544044578991,44.59567913009591],[-72.35441294952653,44.59574114781866],[-72.35448699050114,44.59575179203907],[-72.35450004415699,44.596025801001275],[-72.35428634395252,44.59631135134778],[-72.35429455554726,44.59650205132629],[-72.35439835213383,44.59655817186008],[-72.35435996365949,44.59693921842043],[-72.35460629821353,44.597098384072765],[-72.35470546433542,44.59728613188643],[-72.35468497151818,44.59746763311237],[-72.35443919740955,44.59783803041879],[-72.35443723285712,44.598341900573004],[-72.35414507018194,44.59912355841227],[-72.35373507315508,44.59972516080805],[-72.35360972987687,44.59978702417555],[-72.35350972166424,44.59993363824279],[-72.3532819152524,44.600052868895226],[-72.35324142104616,44.60016775029536],[-72.35346564864288,44.60026334418434],[-72.3535510581589,44.60041785259966],[-72.3534916857827,44.6008457957498],[-72.35355288347724,44.600953331042014],[-72.35348066748723,44.6010183914122],[-72.35357470968843,44.60117264808446],[-72.35372454533356,44.601216770963426],[-72.35365471575408,44.60133619824593],[-72.3535676217804,44.60135118920863],[-72.35359730820267,44.601457174883954],[-72.35353575863503,44.60150399571669],[-72.35363815267795,44.60164036166716],[-72.35359534232944,44.601791567582225],[-72.353728545803,44.60188401055653],[-72.35375016146584,44.60199434239673],[-72.35400000531664,44.60207034597773],[-72.35397656515696,44.60218532319074],[-72.35391929834458,44.60219426813744],[-72.3540165680437,44.60225053270217],[-72.35404850130047,44.602677163584765],[-72.35412113758741,44.602743721445734],[-72.35406372985418,44.60287818640481],[-72.35406401101586,44.60323080993387],[-72.35411847063723,44.603309608777806],[-72.35407699397734,44.603563594566936],[-72.35422072412436,44.603559397261904],[-72.35420128452145,44.60373783169195],[-72.35397853057094,44.60391156791679],[-72.35403776256089,44.6040008588469],[-72.35398021457486,44.604142966639486],[-72.35401684870446,44.60428682098629],[-72.3539529146104,44.604362220669884],[-72.35403334216407,44.604442616815234],[-72.35403320189386,44.60454994558582],[-72.35410710133583,44.604575778831254],[-72.35406906395035,44.604972162667785],[-72.35415671990677,44.605025176863336],[-72.35423890209383,44.60522499185676],[-72.3543341368465,44.60526596465855],[-72.35433041697608,44.60550185336578],[-72.35427083354297,44.60555486766876],[-72.35442053007182,44.60576987031594],[-72.35474694063925,44.606060620426234],[-72.3546597058951,44.606340525399844],[-72.35442930181172,44.606503661446155],[-72.35456790932281,44.60700141042415],[-72.35451681806545,44.60711033282407],[-72.35443344318988,44.607126871643665],[-72.35442249483303,44.60722215366424],[-72.35429518606654,44.60729005640684],[-72.35428472938497,44.60770455844035],[-72.3543903522698,44.60778190237923],[-72.35460271948067,44.60835243770699],[-72.35489726875596,44.60864941918166],[-72.35496653674122,44.60894145331209],[-72.35529996613523,44.6090189954505],[-72.3563154836678,44.609028037581865],[-72.3564346525619,44.6092125023331],[-72.34552498423348,44.62404332105777],[-72.33491137697138,44.63874042239989],[-72.32429240204283,44.653436490984355],[-72.32113067721598,44.65772428401655],[-72.31568655717362,44.664910019968524],[-72.31043349028029,44.66289730520991],[-72.29435940982411,44.65715465651629],[-72.27828850885228,44.65140974604729],[-72.27909195082837,44.650077883173765],[-72.28014129454164,44.64884781180258],[-72.28026028675302,44.64842158290466],[-72.28024456637117,44.64821195577649],[-72.28009883540152,44.64778322491217],[-72.28001182853271,44.64715041495881],[-72.27985109764978,44.646952129902424],[-72.27892070927855,44.64629610564938],[-72.27865331821862,44.645351645435994],[-72.27820318001002,44.64467662783624],[-72.27810517267841,44.64436678541881],[-72.27736529030288,44.64293186643135],[-72.27740227560301,44.64285992321579],[-72.27754621983094,44.64280080256234],[-72.27848600928827,44.64260466174917],[-72.28059215385811,44.64201747881676],[-72.28117548032041,44.64172981222084],[-72.28136859857798,44.64169320158751],[-72.28226293345085,44.641310552675854],[-72.28228033788207,44.64091092075993],[-72.281979116713,44.63941265402925],[-72.28144153545315,44.63873498245138],[-72.28077095828549,44.637736389200555],[-72.28024186379734,44.636544097596435],[-72.27996942225028,44.635327872327935],[-72.27993952483494,44.63374254875329],[-72.27931463407072,44.633195385936816],[-72.27869641124231,44.63249154158079],[-72.27778674388705,44.63180862898681],[-72.2771819778575,44.63127558716839],[-72.27666594310418,44.63072564679615],[-72.27587736889768,44.62970497757873],[-72.27500370310665,44.62938742897727],[-72.27348141047774,44.62866772443829],[-72.27279433883822,44.62818458918019],[-72.27210971841019,44.62747694076052],[-72.27180345552797,44.627008783739484],[-72.27158182372442,44.626516948963605],[-72.27140830247727,44.62563135556345],[-72.27087846974567,44.62412940843912],[-72.27038208206704,44.62334758138313],[-72.26970363753341,44.62257618600576],[-72.26908675306309,44.62169338960702],[-72.26827118135606,44.62007362437275],[-72.26757477660034,44.61834121690808],[-72.2671656410758,44.61686538076082],[-72.2650482686843,44.61607723472955],[-72.26586664359813,44.61499449589811],[-72.25526266379646,44.610972410295176],[-72.25516904303558,44.61099974559119],[-72.24394073362451,44.61611662881123],[-72.24361312861173,44.61640207557944],[-72.24292318088638,44.617407542123374],[-72.24212220594086,44.618771819322525],[-72.24170427852525,44.61976895839212],[-72.24157507859609,44.620687861109246],[-72.24163430822428,44.62082506175855],[-72.2420053554204,44.62105735397564],[-72.24211259097376,44.62120330297632],[-72.2421468320062,44.6216404926124],[-72.24232558998204,44.621923817058445],[-72.2423959814864,44.62227537660327],[-72.24233253796955,44.623012361654894],[-72.24193392866347,44.623671303346775],[-72.24182435898706,44.62393678807231],[-72.24179270390151,44.624348100693965],[-72.24179797015121,44.624502419907095],[-72.24209237920388,44.62506080321151],[-72.2420419892544,44.6251577534281],[-72.2259457479812,44.61915013190078],[-72.20985283457624,44.61314024418635],[-72.21937664333713,44.60056253920859],[-72.22889633382701,44.587984002205026],[-72.23734111233898,44.57658811097991],[-72.23739489854637,44.576515549869605],[-72.24017706247793,44.572762163068155],[-72.24184950061625,44.570505511996416],[-72.2466282895999,44.56405700882896],[-72.24664016434485,44.564040984852326],[-72.25132481716717,44.55771845756151],[-72.25702884449971,44.55999589842428],[-72.25624196833178,44.56047244871073],[-72.25575673696794,44.56093413941873],[-72.25542667686689,44.56156103914917],[-72.25509865129001,44.56195001584432],[-72.25465882711836,44.562337040699674],[-72.25438147296502,44.5628024160188],[-72.25370345582472,44.563519549564944],[-72.2536023945688,44.56396551517831],[-72.2533589377515,44.56444917836059],[-72.2529290094264,44.565074041412494],[-72.25233450656155,44.565668445052275],[-72.25205806478343,44.56610384414955],[-72.25171193253833,44.567364374913126],[-72.25115631005232,44.5680639517857],[-72.25060707419608,44.56831579161793],[-72.24999088613089,44.56834124088725],[-72.24978020330886,44.56824119472309],[-72.24967991447996,44.56793660678292],[-72.24958053839912,44.567825610767635],[-72.24926788316068,44.56778576243983],[-72.24885472876254,44.567890857834],[-72.24863127261068,44.56810015057533],[-72.24854761635049,44.568405388427124],[-72.24857590023605,44.57009043834845],[-72.24852340490659,44.570286123855645],[-72.24819130848482,44.57069459068715],[-72.24836114624546,44.570890774160105],[-72.24851891330218,44.57095801814192],[-72.24852600102427,44.57123359312701],[-72.24827047248706,44.57139437824539],[-72.24741145783909,44.5717012477081],[-72.24728618513936,44.57190507709559],[-72.24691127880448,44.57217854817942],[-72.24658528962405,44.572593850624024],[-72.2466389070003,44.57321522528733],[-72.2468410982219,44.57382069539494],[-72.2470811169189,44.57427298141012],[-72.24710750473169,44.574924683375365],[-72.24684334468145,44.57512655137794],[-72.24608967139358,44.57528582490765],[-72.24508440117597,44.57563626719641],[-72.24479230784827,44.57583683337462],[-72.24462303115043,44.576398834123566],[-72.24439873404222,44.57669517758722],[-72.2439699287782,44.5771082001496],[-72.24329927958607,44.577609851098686],[-72.24265368574164,44.57802236590592],[-72.24229850096128,44.57816143601368],[-72.24211974920914,44.57838088942449],[-72.24221940635893,44.57851061093527],[-72.242178701138,44.578576447136236],[-72.24201974200514,44.578645382021286],[-72.24144074977863,44.57860024159589],[-72.24133028496999,44.57868542286367],[-72.24128045712467,44.5789861552793],[-72.24155879396781,44.57994063164653],[-72.2414246087715,44.580554329397145],[-72.24132038896697,44.58072113681888],[-72.24128712396855,44.58103575568077],[-72.2411317433465,44.581301884897854],[-72.2405771039766,44.58162754798594],[-72.24017180971167,44.58221113633329],[-72.24010906745312,44.58253694314181],[-72.23978658601231,44.58317375675527],[-72.23972251127955,44.58342438185011],[-72.2396022918562,44.58417844858379],[-72.23964650481267,44.584691234405916],[-72.2396008879515,44.584840185898415],[-72.23898827850459,44.585028223810674],[-72.23852494425529,44.58557394102956],[-72.23788945630032,44.58616578686226],[-72.23773449695891,44.58652495956719],[-72.23742184189653,44.58646378208638],[-72.23713346809647,44.586622226408004],[-72.23694629601567,44.586835348901786],[-72.23703928610155,44.586902075074036],[-72.23700910796947,44.58706406590759],[-72.23687365933824,44.5870678144246],[-72.23652668487728,44.587195617246614],[-72.23598657214933,44.5878656170337],[-72.23520995095748,44.588252869694216],[-72.23493919281503,44.58849062678766],[-72.23435255078327,44.589162211567704],[-72.23399785703258,44.589448845204345],[-72.23335991251759,44.5905760269255],[-72.23273740756744,44.59104257579175],[-72.23211349964906,44.59175781162364],[-72.23163142709896,44.592103655767126],[-72.23130234896026,44.59220935808955],[-72.23168230879077,44.592182820604485],[-72.23206107526632,44.591976813349646],[-72.23260876603356,44.59130161276847],[-72.23335977173996,44.59077374201825],[-72.2336867451165,44.5904523292146],[-72.23381868491991,44.589967232745785],[-72.23411547936246,44.58947728418637],[-72.23480704244,44.58891626042572],[-72.23503941077828,44.58853126167694],[-72.23601295980717,44.58803570269889],[-72.23661630592717,44.58731152526567],[-72.23681561950849,44.58718487139605],[-72.23710574748483,44.587099052691734],[-72.23718982384601,44.58694685831758],[-72.23713999497974,44.5868212042924],[-72.2373031660296,44.58660957955903],[-72.23744359704253,44.5865260100778],[-72.23760276847807,44.58662917310013],[-72.23785422588153,44.586559547873485],[-72.23802939688522,44.58613939619823],[-72.23831910451368,44.585915823801024],[-72.23844521897388,44.585717192081056],[-72.23867056988794,44.58556529391986],[-72.23907572443817,44.58507305926684],[-72.23928353005886,44.584983888144194],[-72.23964889087927,44.58493900330505],[-72.23977023446696,44.58483163826117],[-72.23974665343196,44.58419659265069],[-72.23987648770634,44.58323668761523],[-72.24049709796486,44.581898823209265],[-72.24079634902458,44.58159865581805],[-72.24111847966503,44.581439648673495],[-72.2413813071825,44.58110193842949],[-72.2415079830404,44.5805536298905],[-72.24164160766516,44.58027360007401],[-72.2417125600768,44.57996482586053],[-72.24139583434473,44.57894986406178],[-72.24142874917452,44.57874935826767],[-72.24155226727962,44.57866647697093],[-72.24181390169896,44.57875715724501],[-72.2421828425597,44.57869552101646],[-72.24236657645366,44.57854215442639],[-72.24231569464587,44.57829220875883],[-72.24343683431663,44.57762744696226],[-72.24399694842343,44.577232027421125],[-72.2445916603331,44.57665298660816],[-72.24498362085745,44.57581418734289],[-72.24588151536345,44.57545769713867],[-72.24694377313112,44.57520498882528],[-72.24718716051757,44.575055612646956],[-72.24728829156757,44.574414010295584],[-72.24676256634565,44.57317922956108],[-72.24670677259094,44.572607349108154],[-72.24674607365004,44.57250261213069],[-72.24721909236622,44.572156799934746],[-72.24746823494587,44.57184043443542],[-72.24785451005731,44.5716625522455],[-72.24797416851553,44.571678350083005],[-72.24860130502732,44.57132248506206],[-72.24868475049148,44.57100806395073],[-72.24837988411745,44.57074928662619],[-72.2483443027911,44.570659194262916],[-72.24866130989722,44.570135434886346],[-72.24872096299319,44.56827099325243],[-72.24877956402815,44.56810279957326],[-72.24904772508395,44.56794665583595],[-72.24943273835393,44.56788225868427],[-72.2495774513877,44.567954756107305],[-72.24956453834886,44.56806665157923],[-72.24969746017908,44.5683245911076],[-72.25007468215149,44.56843198634755],[-72.25062328689141,44.568386988327326],[-72.25119441807787,44.56815024840079],[-72.25176990112425,44.56750397076821],[-72.25209554143309,44.56634474228545],[-72.25242967225819,44.56574764483576],[-72.25318966063877,44.56493748837307],[-72.25356891852546,44.56438752718482],[-72.25377202147347,44.56386311215176],[-72.25409499483673,44.563302640721105],[-72.25454323937424,44.562894221371366],[-72.25498846656515,44.56222218327981],[-72.25542864110656,44.56195721596156],[-72.25567518741616,44.56170774913049],[-72.25590053816393,44.5612456648007],[-72.25591576746965,44.5610594001618],[-72.25615143407968,44.5607914270613],[-72.25692012530192,44.56022387515788],[-72.2572393877266,44.56007995542831],[-72.25734470233819,44.560121990175226],[-72.25743559393628,44.560077520398195],[-72.25764203193913,44.559833219667844],[-72.25764982802373,44.55981999097527],[-72.2579194403735,44.55907245258528],[-72.2579359857037,44.55873951365289],[-72.25811993820435,44.55806397773491],[-72.25871122066765,44.55750824796986],[-72.25886904872104,44.557390595330446],[-72.25895438870887,44.55749075462759],[-72.26030404090574,44.556454183719325],[-72.26072617074708,44.55605092781906],[-72.2610683806707,44.55546851957252],[-72.26144609128396,44.55452704812999],[-72.26140582166563,44.55451079757688],[-72.26192129436095,44.55339595875863],[-72.26235652310622,44.55285872621483],[-72.26244525895201,44.55264651071626],[-72.26244929296047,44.55263406489788],[-72.26311436475203,44.551853214943065],[-72.26366176490563,44.55094905585072],[-72.26389906535644,44.55047343014958],[-72.26389624568203,44.55030858215406],[-72.26396530886944,44.55057188596537],[-72.2642392980273,44.55106191617953],[-72.26482425978924,44.551581745245535],[-72.26525676712085,44.551810154935836],[-72.26583682557275,44.552027749576595],[-72.26650045998002,44.55222161076369],[-72.26727503356672,44.552377350634075],[-72.26822358457554,44.55236789257302],[-72.26871459700575,44.552293728899315],[-72.26926787450766,44.552130328903104],[-72.26962483025257,44.55251153413983],[-72.2730329706768,44.551286384287025],[-72.27191138471387,44.55005066363132],[-72.27135967513907,44.54962085800353],[-72.27092542259757,44.54938302210603],[-72.27013651008022,44.54917978932545],[-72.2691951215896,44.54914595843053],[-72.26840921913671,44.54928629471752],[-72.26767456016167,44.54960449061397],[-72.26759793581112,44.54958397817306],[-72.26731370421861,44.54882251157148],[-72.2672658379911,44.548713130292825],[-72.26715614813186,44.5484846091052],[-72.26826444371326,44.547813651385724],[-72.269168711408,44.54708302695281],[-72.26982646416137,44.54623515356655],[-72.27027800640926,44.54524647516668],[-72.2785999444075,44.54837898778308],[-72.27868675261273,44.54841166712015],[-72.28222884017305,44.549745201113566],[-72.2824684981294,44.54983542463142],[-72.28734359043165,44.551678693806544],[-72.29596676468071,44.55500101437282],[-72.30543792636564,44.55860898240334],[-72.31185814318981,44.560961973796466],[-72.31308762620147,44.56141251339585],[-72.31428714528963,44.561852045109056],[-72.31830013035078,44.56332202014311],[-72.3280440633067,44.56688984941202],[-72.32832147328361,44.5669914354384],[-72.33995864774815,44.571251123806846],[-72.34005722090042,44.5712872051998],[-72.34627521283414,44.573563021692614],[-72.35113860037349,44.575336415086014],[-72.35415449939038,44.576435689725535],[-72.35924444270434,44.57822885164889],[-72.3617654365292,44.5791164607468],[-72.36210620453892,44.579236408766825],[-72.36253641240164,44.579387934050295],[-72.36666578170012,44.58085610862962],[-72.37386153255187,44.58417129359221],[-72.37194857937249,44.58787141291175],[-72.36991577348677,44.590760998138144]],[[-72.27180128008129,44.548169517739375],[-72.27196732774817,44.548162913566514],[-72.27210467183964,44.54801897109798],[-72.27210867204818,44.54760334257144],[-72.27199862830184,44.54749145704277],[-72.27178233049763,44.54752361715398],[-72.27172169497464,44.54770562420728],[-72.27167727024529,44.54802842357228],[-72.27180128008129,44.548169517739375]],[[-72.27959191976615,44.55030122426152],[-72.28015287462088,44.550344936254966],[-72.28037450658213,44.55032523107855],[-72.28045661811494,44.55024005791175],[-72.28029702639138,44.54999919274231],[-72.2801629102956,44.54993397459834],[-72.27957128657387,44.5498359994187],[-72.2794704355406,44.54997503744258],[-72.27936972649792,44.550015397664524],[-72.27937211226882,44.55017273988519],[-72.27959191976615,44.55030122426152]],[[-72.28196066431418,44.551145843862564],[-72.28210951794604,44.551121937653605],[-72.28216369749417,44.55103301484514],[-72.28216987294766,44.5508626705616],[-72.28207239175786,44.55081415894818],[-72.28187911448155,44.55088037626142],[-72.28182142585523,44.5509679486299],[-72.2818516739676,44.55108372735958],[-72.28196066431418,44.551145843862564]],[[-72.27896478223451,44.55130308266858],[-72.2788748807093,44.55128247740893],[-72.27879908635045,44.55135554582157],[-72.27874834441192,44.55154654440453],[-72.2790624750256,44.55147982559161],[-72.27896478223451,44.55130308266858]],[[-72.28365841034744,44.55180295571298],[-72.28344688495868,44.55168897756503],[-72.28322911310315,44.55166142059926],[-72.28317289832009,44.551852016579694],[-72.28341691802602,44.55193183679853],[-72.28362044217569,44.55188722576639],[-72.28365841034744,44.55180295571298]],[[-72.27748129892811,44.55234008237094],[-72.27775942621815,44.55220199959978],[-72.2780608532705,44.5521307834503],[-72.27811390997755,44.55205736628938],[-72.27808331119861,44.55195984290451],[-72.27793515882946,44.55192708527334],[-72.27735792148229,44.55208497295469],[-72.27722148950845,44.55217874480376],[-72.27720408444193,44.55231377679813],[-72.27748129892811,44.55234008237094]],[[-72.27612624633477,44.55462181616988],[-72.27621221820992,44.554449483252284],[-72.27620070816377,44.55436936735577],[-72.27609712193116,44.554305404818486],[-72.27598090216199,44.55428865141474],[-72.27580530945765,44.55441337628969],[-72.27583829480994,44.55454755209207],[-72.2760524866031,44.55464902240282],[-72.27612624633477,44.55462181616988]],[[-72.27823469132514,44.556098931665346],[-72.27822002287658,44.556021768849305],[-72.27803937778367,44.55596265937451],[-72.27793586029098,44.556072627308204],[-72.27804260563578,44.55623895560919],[-72.27820710966803,44.55620985089913],[-72.27823469132514,44.556098931665346]],[[-72.27776707607744,44.557244562413565],[-72.27793508864744,44.55708038829972],[-72.27785704721249,44.55695341861194],[-72.27773430150557,44.55695161842491],[-72.27762910034097,44.55701822842063],[-72.27760530918455,44.5571414470816],[-72.27768594641908,44.55725401403248],[-72.27776707607744,44.557244562413565]],[[-72.26118480760772,44.558007420136875],[-72.26120249309825,44.557932409756376],[-72.26112831141894,44.5578822029643],[-72.26099265199231,44.55797896632662],[-72.26099651250668,44.558110232585534],[-72.26110585446212,44.55809188128691],[-72.26118480760772,44.558007420136875]],[[-72.3023930561902,44.56034093644998],[-72.30224869373627,44.56036443856275],[-72.30231319043871,44.560571807803385],[-72.30240168844854,44.56058420905032],[-72.3023930561902,44.56034093644998]],[[-72.3075615968604,44.561594640855425],[-72.30771564418887,44.56163334369117],[-72.30789797470568,44.561575340165426],[-72.30781256378583,44.56144953056258],[-72.30812837770162,44.561376574706834],[-72.30827456457578,44.56116515835335],[-72.30826193271577,44.56106865069314],[-72.30801580743669,44.56103914777152],[-72.30784849612216,44.56107865161206],[-72.30768841405099,44.561420278013834],[-72.30755949177293,44.56149663357151],[-72.3075615968604,44.561594640855425]],[[-72.30193171821226,44.56743190226874],[-72.30084344863837,44.568138395886514],[-72.30017006273967,44.568422845904834],[-72.29948566744227,44.56863947075186],[-72.29859947671632,44.569115575299605],[-72.29772034253413,44.57001969442079],[-72.29581100550416,44.57267254900067],[-72.29308952555469,44.57328771004495],[-72.29287568575188,44.57331346278966],[-72.29236735281577,44.573245371564006],[-72.29205867568946,44.57330517026155],[-72.29158694503138,44.573630029253295],[-72.291190141124,44.57400182876115],[-72.29043233873203,44.57434243125668],[-72.29013167599605,44.57427177357005],[-72.28971684498286,44.57385998992107],[-72.28933113467006,44.573898434283024],[-72.28937450241288,44.574213639936374],[-72.28932334126827,44.57443024564922],[-72.28939850448857,44.57450254712874],[-72.2893795467036,44.57455218122635],[-72.28941687805914,44.57468317039036],[-72.28933821481692,44.57472340978236],[-72.2893477751795,44.57485024674922],[-72.28921372708184,44.575012169001546],[-72.2892512655945,44.57510704341781],[-72.28937730924766,44.575161594923124],[-72.28937028701004,44.575387050046395],[-72.28908586088512,44.57547904087672],[-72.28933773166834,44.57566005007178],[-72.28902114139495,44.57583103412992],[-72.28902093833933,44.575889630123726],[-72.28914066079916,44.57598936298763],[-72.28915891935047,44.576133774571446],[-72.28928516216558,44.57618362259239],[-72.28930405353131,44.576282960427676],[-72.28948046994482,44.576360040922886],[-72.2895177421288,44.57646837141927],[-72.28942926749164,44.57657197227935],[-72.28959305885571,44.5766490347196],[-72.28955394576161,44.577021370633126],[-72.28975514998606,44.57722043441549],[-72.28971705580943,44.5772924146197],[-72.28945773663747,44.57740943827081],[-72.28923470176554,44.57794603143219],[-72.28915195028584,44.57809264494291],[-72.28904913859985,44.5786611758405],[-72.28878933373609,44.578890833371844],[-72.2887062575782,44.579125373735806],[-72.28893166360288,44.57970578008698],[-72.2889361407933,44.58018863030121],[-72.28858047080945,44.58072743895226],[-72.28802065569589,44.58188863441782],[-72.2877459603158,44.582286364407494],[-72.28771527544191,44.582443231032954],[-72.2876087409679,44.583267029447924],[-72.28773634086518,44.58344197381793],[-72.2880078698364,44.583579237897524],[-72.28804175434337,44.583662166405844],[-72.28797774898445,44.5839481706707],[-72.28774348548046,44.58432384626521],[-72.28773373866821,44.58449484466184],[-72.28816407883879,44.58498523824748],[-72.28827393088487,44.58518343204692],[-72.28847113386117,44.5853773625864],[-72.28853710362296,44.58553125585828],[-72.2885588463565,44.58694271620651],[-72.29049592332441,44.586126650948664],[-72.29068904690642,44.585992045180916],[-72.29086185028119,44.585700988577045],[-72.29265272196689,44.58651415780928],[-72.29368678412344,44.58461235988237],[-72.29393218924606,44.583680859936855],[-72.2944653532105,44.5825465354287],[-72.29686539315799,44.58255235008954],[-72.29804893875968,44.58611550497997],[-72.29877975864957,44.58895328277564],[-72.30046195000297,44.59316421734332],[-72.30149789892077,44.59444839900385],[-72.30258837805864,44.595994510328666],[-72.30387731960228,44.59743111010967],[-72.30442276541623,44.598158398406746],[-72.3052233637867,44.59932326858577],[-72.30655360650628,44.6016420360395],[-72.30683108604106,44.60188281071484],[-72.30766077123398,44.60237635356462],[-72.30931689154066,44.60320806832297],[-72.30993617580364,44.603427588585824],[-72.31068753198623,44.60359532395663],[-72.31093296105401,44.60326995940434],[-72.3114235193054,44.60227832113031],[-72.31188382681916,44.60102179635268],[-72.31217986696254,44.60065970796354],[-72.31224959210317,44.60052843670576],[-72.31244879202293,44.59964405183355],[-72.31327900532915,44.59803002545134],[-72.31352662167829,44.59775596440565],[-72.31397669138799,44.59757947270921],[-72.31476622671912,44.597371991391256],[-72.3168730558899,44.59664012825431],[-72.31740277667899,44.5964096451888],[-72.31770063679508,44.59617531608988],[-72.31860433940193,44.59517063268827],[-72.31896319188625,44.59483191534432],[-72.31924321403129,44.59465958868721],[-72.32090557929799,44.59429682278335],[-72.32166439144841,44.59405224219136],[-72.32477149363216,44.59284491606329],[-72.32613805559423,44.592393467993176],[-72.3270338446257,44.592284936812135],[-72.3279257191153,44.59225218835876],[-72.32950849232037,44.59188470358938],[-72.33143769512522,44.59153656578368],[-72.33113705451831,44.59097817976952],[-72.33027639420455,44.589718710563275],[-72.3293463212222,44.58869059919082],[-72.32894399283344,44.58846951000115],[-72.3281514745353,44.58817584306581],[-72.32766735860814,44.58793024266651],[-72.3263853727213,44.58706536533692],[-72.32496357835662,44.58623796279559],[-72.32424896144336,44.58598217610365],[-72.32335069060183,44.58582149995271],[-72.32187682915897,44.58544493523843],[-72.32030868170914,44.58519777427612],[-72.31814382161213,44.58443922240241],[-72.31785242211834,44.58428667067887],[-72.3176287643973,44.58403984166523],[-72.31744918022865,44.58348336969011],[-72.31739246474599,44.58309902297549],[-72.3175485118276,44.58228383957776],[-72.31752574721398,44.582033629598435],[-72.31687853003217,44.57910249056228],[-72.31655275086496,44.577107749910034],[-72.31639863396543,44.57555058769119],[-72.31577528706086,44.574831447158466],[-72.31519545952105,44.57432123162975],[-72.31181764597005,44.572234185256505],[-72.30950392277339,44.57175428626561],[-72.30896458312701,44.57148341375184],[-72.30855863944936,44.57088507434453],[-72.30823764261358,44.57014587820557],[-72.30810964854032,44.56959310982975],[-72.30807975139267,44.569110696412345],[-72.30791848215281,44.56873334795965],[-72.30734634323619,44.568186203214054],[-72.30635946844792,44.56705233188881],[-72.30585879800972,44.56572504213205],[-72.3045107637811,44.565907445172975],[-72.30373897659767,44.566161340929874],[-72.3029142980732,44.566614189281864],[-72.30193171821226,44.56743190226874]],[[-72.27194844882462,44.57644522540976],[-72.27189876080897,44.57641578120964],[-72.2717244322417,44.57648451798664],[-72.27167011213274,44.57662914094118],[-72.2719104113374,44.57651686232192],[-72.27194844882462,44.57644522540976]],[[-72.2457024843263,44.578081653558606],[-72.245744170918,44.57790808927217],[-72.24615795720048,44.577586805354926],[-72.2461563430698,44.57748897469899],[-72.24602791265356,44.57743173701256],[-72.2457485228781,44.57737719870031],[-72.2458124575032,44.57767493760042],[-72.24542330376747,44.57801401731874],[-72.24545951706757,44.57810584785211],[-72.2457024843263,44.578081653558606]],[[-72.28629896598619,44.58126934403116],[-72.28609438897611,44.58135802005337],[-72.28609951183343,44.58147568843491],[-72.28634921555545,44.58151267860868],[-72.28629896598619,44.58126934403116]],[[-72.27588798247925,44.58524085295698],[-72.27595753182625,44.58515703129411],[-72.27579232624922,44.5850234256039],[-72.27561168085639,44.58504876656053],[-72.27515311899938,44.5853018332112],[-72.27519199852873,44.58540524785624],[-72.27588798247925,44.58524085295698]],[[-72.28190725714563,44.58629414243449],[-72.28202768728367,44.58648967340187],[-72.28209842939219,44.58644159012452],[-72.28221949081266,44.586486174088634],[-72.28233479883453,44.58646018342794],[-72.28250505697265,44.586190528687155],[-72.28247494952646,44.58592651998513],[-72.2822222288467,44.58576497605272],[-72.28199933333319,44.585798813878164],[-72.28194206581142,44.58590732705162],[-72.282003474568,44.586127150569034],[-72.28190725714563,44.58629414243449]],[[-72.24481048542316,44.58678641683197],[-72.24492691437774,44.586915519913454],[-72.2449574441467,44.58675532762746],[-72.24481048542316,44.58678641683197]],[[-72.29647870293348,44.5835174044523],[-72.29618099524299,44.58338979165049],[-72.2961174820035,44.58339913926364],[-72.29608028618406,44.583604976114415],[-72.2962062601188,44.583688000886326],[-72.29647870293348,44.5835174044523]],[[-72.29464873662937,44.586583638877336],[-72.29472088161245,44.586545152560035],[-72.29489212387239,44.586562795564866],[-72.29489893145362,44.58641494924613],[-72.29466200083642,44.5864280449829],[-72.29455336046604,44.58652685994278],[-72.29456571252605,44.586586338753285],[-72.29464873662937,44.586583638877336]],[[-72.28558943741253,44.58771122563334],[-72.28576481920148,44.587853471908076],[-72.28597887120802,44.58762225911083],[-72.28600483792252,44.58744462556713],[-72.2856269129129,44.58706696491047],[-72.28542121292645,44.58700733623498],[-72.28535075174179,44.58703062811751],[-72.2853845087898,44.58734176411065],[-72.28554831061801,44.58745082294266],[-72.28558943741253,44.58771122563334]],[[-72.29219135213253,44.58730777587856],[-72.29217514113304,44.58720981238365],[-72.29186599334308,44.58730167856356],[-72.29184009707022,44.587384847909014],[-72.29193982443361,44.58743732816185],[-72.29219135213253,44.58730777587856]],[[-72.29486889319546,44.58878076292931],[-72.29518990092683,44.5888265955903],[-72.29540009308656,44.58867225636484],[-72.29546893946892,44.58836477641651],[-72.29517916273025,44.58819249288839],[-72.29506301373154,44.588196840884315],[-72.294616101714,44.588483380348634],[-72.29466368441442,44.588628722696164],[-72.29486889319546,44.58878076292931]],[[-72.26283426856479,44.588852435290235],[-72.26266695719563,44.58867510483406],[-72.26245108147867,44.58881160107647],[-72.26251206771136,44.58889056985895],[-72.26271811867328,44.58894399858984],[-72.26283426856479,44.588852435290235]],[[-72.24785556268527,44.58965196308441],[-72.24786700302802,44.58953801043952],[-72.24797473004821,44.589477233865345],[-72.24797788808469,44.5893826222189],[-72.24779352260722,44.58932339674167],[-72.2477109198562,44.58931724867383],[-72.24765582805385,44.589385870802346],[-72.24763849415291,44.58958843908777],[-72.24773141314007,44.589673404241395],[-72.24785556268527,44.58965196308441]],[[-72.29600203420085,44.59020718244056],[-72.29599782325758,44.59038815617576],[-72.29612990297454,44.59043958541036],[-72.29608084726291,44.59028220093057],[-72.29600203420085,44.59020718244056]],[[-72.2966179413228,44.59179944270841],[-72.29690027948396,44.59174821537787],[-72.29700365558703,44.591236041405715],[-72.29679479751725,44.590860404780294],[-72.296313917958,44.59060846244703],[-72.29617713575198,44.59048406593946],[-72.29617067870285,44.59128622014506],[-72.29645940306327,44.59154045756729],[-72.29645112127157,44.59179914282862],[-72.2966179413228,44.59179944270841]],[[-72.26352232202186,44.59088319535751],[-72.26350267185923,44.590844013134614],[-72.26327409192075,44.59090998319358],[-72.26326637288054,44.590984800835024],[-72.26335760686098,44.59099924478539],[-72.26352232202186,44.59088319535751]],[[-72.29602414042095,44.59085920564345],[-72.29592715068311,44.590907384703776],[-72.295988629152,44.59111699363592],[-72.29606610878132,44.59100644157051],[-72.29602414042095,44.59085920564345]],[[-72.2930076959223,44.592829422578745],[-72.29313430253761,44.59275550768741],[-72.29318728920926,44.592654404796924],[-72.29312152935583,44.59256414608461],[-72.29301962695156,44.592552901329626],[-72.29293576090764,44.59260337843835],[-72.2928617197637,44.59277400036472],[-72.29289702152309,44.592819827585906],[-72.2930076959223,44.592829422578745]],[[-72.2704673515741,44.59469977545144],[-72.27049359980577,44.59451976321206],[-72.27014009781294,44.59444849878812],[-72.2699043604245,44.594441252147185],[-72.26977964972939,44.59452071294567],[-72.27005293336047,44.594769489981715],[-72.27032986791659,44.59481556740596],[-72.2704673515741,44.59469977545144]],[[-72.23608173748396,44.595350447227126],[-72.23616749887111,44.595387478554436],[-72.23625185564434,44.595334655881494],[-72.23625115478742,44.59523565579306],[-72.23607900076715,44.59509217842702],[-72.2359404633566,44.59509997467245],[-72.23595148248089,44.59516119440963],[-72.23609093152756,44.5952442012771],[-72.23608173748396,44.595350447227126]],[[-72.26137211966223,44.59944237518258],[-72.26152658794113,44.5994923954459],[-72.26176029010186,44.59942078722174],[-72.26179208255637,44.599344181450796],[-72.26146742581085,44.599244139197744],[-72.26145233678805,44.59912021006389],[-72.26101265413793,44.5992862149772],[-72.26095229869857,44.599423586000434],[-72.2612708496269,44.599469359382255],[-72.26137211966223,44.59944237518258]],[[-72.26354028858752,44.60088642125508],[-72.26349460062144,44.600516443650996],[-72.2629408038272,44.60077573830601],[-72.26307260337377,44.600979015742254],[-72.26326693329035,44.60092869606147],[-72.26354028858752,44.60088642125508]],[[-72.32131389234341,44.56573419483998],[-72.32115872215277,44.565758444568466],[-72.32138196726689,44.56585724484462],[-72.32160535345622,44.565875945417815],[-72.32131389234341,44.56573419483998]],[[-72.32331509962175,44.56764091660285],[-72.32328330741616,44.56748917106296],[-72.3231536133301,44.56745817190639],[-72.32305339504995,44.56730882574352],[-72.3229309289888,44.56737817379698],[-72.32294103496605,44.56764306683093],[-72.32304188583937,44.56760461778957],[-72.32331509962175,44.56764091660285]],[[-72.3187972754706,44.56764521628539],[-72.31881671569806,44.56775581292631],[-72.31913323173335,44.56777161345185],[-72.319141513095,44.56767806500431],[-72.31885271798926,44.56742147282385],[-72.31866491468219,44.5674618220982],[-72.31874828980949,44.56760046767124],[-72.31894633926987,44.56757281906306],[-72.3187972754706,44.56764521628539]],[[-72.32120230417249,44.57272048644763],[-72.32136814111898,44.572546656696574],[-72.321337262653,44.572493262199764],[-72.32143888336742,44.57243836864474],[-72.32131831336844,44.572375275701795],[-72.32111275395384,44.57242057061316],[-72.32068422912316,44.57271868612839],[-72.32093849443741,44.57283507193267],[-72.32120230417249,44.57272048644763]],[[-72.3200301429536,44.57331931167308],[-72.3203715033416,44.57322022473291],[-72.32060436321504,44.57322682365069],[-72.32060738027309,44.573145584292554],[-72.32076697173684,44.57307874218331],[-72.32075840958761,44.5730015523423],[-72.3208953324658,44.572914462892534],[-72.32058036072156,44.57272703457097],[-72.32038434625218,44.57273683542676],[-72.3191826392909,44.573409350442176],[-72.31972071602902,44.57321517487479],[-72.3200301429536,44.57331931167308]],[[-72.31788885376103,44.573988372179834],[-72.31788225748708,44.5740796093938],[-72.31795538570624,44.57408655826013],[-72.31802598788897,44.57400441966073],[-72.31788885376103,44.573988372179834]],[[-72.32071342445168,44.57590017234295],[-72.3210865753197,44.57585403031102],[-72.32117346045435,44.57573520077132],[-72.32129775003388,44.575760946173055],[-72.32136329955468,44.575702205760365],[-72.32137600206126,44.57563606712553],[-72.32096382942626,44.57532226972404],[-72.32066457768957,44.57538800824553],[-72.32048716165791,44.57552478558664],[-72.32050512778942,44.57578984109876],[-72.32071342445168,44.57590017234295]],[[-72.33793630388573,44.57900060226915],[-72.33803062723365,44.57904419196042],[-72.33818628853057,44.57899700330807],[-72.33862035645774,44.57853745455814],[-72.338731944797,44.578343247648775],[-72.33871545196601,44.57814493972855],[-72.33853789484434,44.57815658775616],[-72.33825450426221,44.57836639281014],[-72.33793693496729,44.57882599125461],[-72.33793630388573,44.57900060226915]],[[-72.32799686593191,44.58529188640567],[-72.32791012278061,44.58515928057166],[-72.3277035096417,44.585117194301766],[-72.32760813476519,44.58517602463227],[-72.3272989172185,44.58591322508026],[-72.32802451779513,44.5858387995782],[-72.32799686593191,44.58529188640567]],[[-72.35308449635181,44.58607187001483],[-72.35319425915895,44.58608576478659],[-72.35328423065077,44.58617788297741],[-72.35349007132682,44.5861457938092],[-72.35361955478643,44.58581500862742],[-72.35347807064745,44.58574558296384],[-72.35335925480423,44.58543638805867],[-72.3532151734835,44.58544623540689],[-72.35321454176072,44.58567625592179],[-72.35307874111389,44.585850996293104],[-72.35308449635181,44.58607187001483]],[[-72.36703835036508,44.58636156803491],[-72.36695062392826,44.58621906809582],[-72.36688198730428,44.586283046063684],[-72.36686668838654,44.58641974745009],[-72.3669339911412,44.58645698400413],[-72.36703835036508,44.58636156803491]],[[-72.36100932131464,44.58641195077109],[-72.36093373703534,44.58631573540644],[-72.36064417051577,44.586292392848065],[-72.36052668681629,44.586534655578674],[-72.36061736150609,44.58659533517919],[-72.3607370896834,44.58654320337517],[-72.36100932131464,44.58641195077109]],[[-72.36651564366791,44.58643219322584],[-72.36639170360057,44.58645293569193],[-72.36647283295174,44.58654420340874],[-72.36653824088336,44.586518462656265],[-72.36651564366791,44.58643219322584]],[[-72.36600030430223,44.58755893330071],[-72.36614101812364,44.58747966236678],[-72.36631148676561,44.587211411951095],[-72.36634826147245,44.58684039665278],[-72.36628937973339,44.5867586266657],[-72.3659851463295,44.58713174115307],[-72.36581488648713,44.587252846444635],[-72.36599391894839,44.587428181254694],[-72.36600030430223,44.58755893330071]],[[-72.35169056403946,44.58844684442627],[-72.35197598901816,44.58854575523223],[-72.35210280566412,44.588471584400004],[-72.35216610886974,44.58834003539064],[-72.3521865319244,44.587941388308984],[-72.35225488827979,44.587802791225506],[-72.35185289169218,44.58760471604655],[-72.35154192071198,44.58777065445076],[-72.35132744794896,44.58806858980868],[-72.35137088935613,44.58817954742849],[-72.35169056403946,44.58844684442627]],[[-72.36212933766163,44.58912712582092],[-72.3621322850649,44.58903421341502],[-72.36176137999755,44.58880805277005],[-72.36150914955684,44.588746976737795],[-72.3615777162072,44.58886847930685],[-72.36185619458479,44.58896364118509],[-72.3619887657383,44.58914776692718],[-72.36212933766163,44.58912712582092]],[[-72.36720011768824,44.592561547604205],[-72.36721036381527,44.59242575927424],[-72.3671451662463,44.592421061417824],[-72.36711856722296,44.59248898144268],[-72.3668465461223,44.5925376081998],[-72.3668299134869,44.592694486091894],[-72.36720011768824,44.592561547604205]],[[-72.36347884557591,44.59531661473466],[-72.36359653989358,44.59534095264308],[-72.36364201659836,44.59540497029336],[-72.36372153190301,44.595380882306934],[-72.3637157771982,44.59530547039587],[-72.36345758091862,44.59516144336557],[-72.3634341410594,44.59494235373135],[-72.3633565206449,44.594963692703665],[-72.36326023215676,44.595193926884015],[-72.36328984938055,44.595336154709976],[-72.36347884557591,44.59531661473466]],[[-72.3227034731149,44.59406013870548],[-72.32264578425446,44.5941356017867],[-72.32266852338456,44.5945300589007],[-72.3228314133646,44.59455179659648],[-72.32297058221731,44.59448318131814],[-72.32300132064947,44.59418992587997],[-72.32309171386444,44.594274233593545],[-72.32310645132088,44.59444225157535],[-72.32322653131085,44.594541803154534],[-72.32331130975219,44.594537453591066],[-72.32340794913121,44.59445559521788],[-72.32340500081945,44.594380281897244],[-72.32321600466673,44.59404159728924],[-72.32286952094138,44.593900965801836],[-72.32277568987108,44.59394609387854],[-72.32284187044174,44.59404739357893],[-72.32284186959541,44.5940862264181],[-72.3227034731149,44.59406013870548]],[[-72.33473689825917,44.59475439743633],[-72.33474026603196,44.594632658113284],[-72.33458214915433,44.59462981042709],[-72.33444894546581,44.59468838009399],[-72.33441483761365,44.594763742900916],[-72.33448031660684,44.59485564676757],[-72.33473689825917,44.59475439743633]],[[-72.32225031543274,44.595486228573485],[-72.32233354931091,44.595584179446426],[-72.32246710413384,44.59552705715204],[-72.32252149402868,44.595276785065394],[-72.32265490798684,44.59524125342386],[-72.32256198859147,44.59502161374063],[-72.32239846712804,44.595076137358866],[-72.322357551172,44.595302772122295],[-72.32227712411601,44.59534315100204],[-72.32225031543274,44.595486228573485]],[[-72.32200412111496,44.59518767981804],[-72.3220714940234,44.595032808033295],[-72.32180775436699,44.59503960439313],[-72.32176711950069,44.595192078043],[-72.32186375917964,44.59525424741084],[-72.32200412111496,44.59518767981804]],[[-72.32228112507741,44.59519287719948],[-72.3221209012368,44.59522601063976],[-72.32210040897797,44.59538093208099],[-72.32224434987437,44.5953120668509],[-72.32228112507741,44.59519287719948]],[[-72.3275447604059,44.59528472957819],[-72.32741036481099,44.595228209920116],[-72.3273387096308,44.595266140714536],[-72.32736369470128,44.59542081056553],[-72.32748096650981,44.595455644024476],[-72.3275447604059,44.59528472957819]],[[-72.3139992896331,44.60123520973643],[-72.31380839698683,44.60121222411757],[-72.3137161802954,44.60126659138414],[-72.31366817573195,44.60139361440113],[-72.31389373721213,44.60139856009947],[-72.3139992896331,44.60123520973643]],[[-72.31338618879101,44.603024642125334],[-72.31331895627474,44.60300480493976],[-72.3131867351205,44.60308335491874],[-72.31325663569852,44.603282876098426],[-72.31339187328281,44.6032238647992],[-72.31338618879101,44.603024642125334]],[[-72.31172121858775,44.60417604422145],[-72.31177448516513,44.604151210325746],[-72.31179715315523,44.60395184264267],[-72.31163461501298,44.60385725328965],[-72.31151509670494,44.60387404224548],[-72.31151607921568,44.60409299893266],[-72.3115689958659,44.604156156766265],[-72.31172121858775,44.60417604422145]],[[-72.22799479526918,44.60461850042781],[-72.22815971987119,44.60452656144196],[-72.22823965638783,44.60460945589592],[-72.22835987559107,44.604574779707754],[-72.22833762876506,44.60451761740468],[-72.22807585337989,44.6044390697445],[-72.22798496879909,44.604345232080426],[-72.2278359753333,44.604390851722435],[-72.2278978746647,44.6044608551713],[-72.227835273623,44.60453385660773],[-72.22799479526918,44.60461850042781]],[[-72.27316012171309,44.60626058142474],[-72.27273868575269,44.60652159811881],[-72.27275791598626,44.60664396256911],[-72.27298698525496,44.606763027589324],[-72.27323149547864,44.60672165771552],[-72.27351558839152,44.60664895926256],[-72.27375490478734,44.60669822402156],[-72.27405927980612,44.60636720612215],[-72.27413753131734,44.606363757587296],[-72.27422574897268,44.60627661927931],[-72.27430491247229,44.60603923457122],[-72.27410012519591,44.605864404924674],[-72.27395014813179,44.60546577790268],[-72.27327416558389,44.605890586838385],[-72.27334715381457,44.6059816252499],[-72.27330244943062,44.60609319678914],[-72.27316012171309,44.60626058142474]],[[-72.30558025004393,44.605964436158544],[-72.30572713886642,44.60596478599721],[-72.30587451893302,44.605887988422005],[-72.30590476637228,44.605573155287175],[-72.30571871766917,44.605544874623355],[-72.30554214223847,44.605607581633336],[-72.30537504112348,44.60576827059423],[-72.30536486494532,44.605873199166496],[-72.30558025004393,44.605964436158544]],[[-72.2905489096272,44.60664366290486],[-72.29047788624642,44.606604590091116],[-72.29021435698296,44.606643063291344],[-72.29028131015188,44.60686205931206],[-72.29047886850111,44.606859810309956],[-72.2905489096272,44.60664366290486]],[[-72.23617163946803,44.60749296029169],[-72.23629214014487,44.60748321699577],[-72.23633888003398,44.60742046231103],[-72.23629782456234,44.607283209665184],[-72.23648548864193,44.6072371930744],[-72.23647917173103,44.607119726334346],[-72.23635207395266,44.60704827758837],[-72.2360550690531,44.60714026157607],[-72.2359295849815,44.60723269638652],[-72.2359240406896,44.60748741418037],[-72.23617163946803,44.60749296029169]],[[-72.262085999706,44.60778385111171],[-72.26196943008703,44.60770181027497],[-72.26171439190234,44.60779479256848],[-72.26167354751964,44.60795477733725],[-72.26189798579425,44.60796072240366],[-72.262085999706,44.60778385111171]],[[-72.35270095766099,44.60830502164279],[-72.35261449494543,44.60810601726087],[-72.35255343757933,44.60815138476246],[-72.35259091436441,44.608215687017335],[-72.35263147865612,44.60837277210296],[-72.35270095766099,44.60830502164279]],[[-72.35187247251491,44.6091700334137],[-72.35195690050965,44.60924472700666],[-72.3519538123159,44.60936243971676],[-72.35204869619781,44.60937443000078],[-72.35218821574011,44.609497287753406],[-72.35233587624562,44.60947165715863],[-72.35257456230444,44.60926166432886],[-72.35264916378289,44.609057268447444],[-72.35272734596415,44.60891782034286],[-72.35256438554626,44.60875724044581],[-72.35253238275527,44.60848559041725],[-72.3522357284665,44.60824086876543],[-72.35207992679157,44.60822473028604],[-72.3519982370891,44.608143289967494],[-72.351837662123,44.608442471247905],[-72.35185148789246,44.608739452434534],[-72.35190419406355,44.608777874768265],[-72.35187247251491,44.6091700334137]],[[-72.30231431362618,44.609221894033126],[-72.30225388738525,44.60905117142577],[-72.30203169413105,44.609009002912416],[-72.3018814377317,44.609080200151936],[-72.30185890950149,44.60921120209766],[-72.30209724393177,44.60941400072852],[-72.30231431362618,44.609221894033126]],[[-72.3521762849074,44.60998177211721],[-72.35199149886274,44.61006101162209],[-72.35222092055803,44.6100650082944],[-72.35225025591352,44.610026987451505],[-72.3521762849074,44.60998177211721]],[[-72.3520696110262,44.61015478977753],[-72.35228239838277,44.61020754979962],[-72.35219095269642,44.61008864028473],[-72.3520696110262,44.61015478977753]],[[-72.2436237960542,44.610451262582444],[-72.24374492830368,44.61058436086773],[-72.24397456078734,44.61048523690212],[-72.24402473982924,44.6104366741543],[-72.24400403681094,44.61027300042529],[-72.24389329035475,44.61022938288835],[-72.24366422065116,44.6102339796825],[-72.24350603223144,44.610387062900045],[-72.24351284046918,44.610456009855035],[-72.2436237960542,44.610451262582444]],[[-72.3516999683685,44.61047244705132],[-72.35217432065942,44.610443269016386],[-72.35227881934283,44.610363580736085],[-72.35224660677602,44.61030107876684],[-72.35204960833667,44.61025081663044],[-72.35194124929876,44.610292385109226],[-72.35163413826797,44.610288137594196],[-72.35159953873107,44.61043307710899],[-72.3516999683685,44.61047244705132]],[[-72.24473714519087,44.61118994109534],[-72.2448668406341,44.61103186545208],[-72.24472114448119,44.610793799149604],[-72.24436595926822,44.61099734109664],[-72.24439073286442,44.611092067894276],[-72.24454786853737,44.61117934964147],[-72.24473714519087,44.61118994109534]],[[-72.29753338061782,44.61230421007301],[-72.29758194616359,44.612392939784655],[-72.29754545177398,44.61256700001465],[-72.29746123492774,44.61255101290019],[-72.29741786248917,44.6123673600384],[-72.2973156099014,44.61242741158433],[-72.2974164598042,44.61273461471481],[-72.29773072984736,44.61283023720883],[-72.29795734376042,44.61281799705077],[-72.29817567629323,44.612511144688185],[-72.29826529739587,44.61218195793373],[-72.29827470135915,44.61200459908386],[-72.29816865784133,44.611890490074515],[-72.29792534077613,44.61178862104957],[-72.2976411781922,44.61188619369862],[-72.2973781412861,44.61223736363274],[-72.29740466860795,44.61228817282815],[-72.29753338061782,44.61230421007301]],[[-72.2844534185216,44.613363353186315],[-72.28453489874558,44.61347141525722],[-72.28493591247556,44.61347521192387],[-72.28528372934518,44.61283468342513],[-72.28543630197596,44.612455638691294],[-72.28531994203918,44.6123722560581],[-72.28510427666352,44.61237185587942],[-72.2852694822136,44.612073044630876],[-72.28516182475825,44.611918667712395],[-72.28501107580418,44.61191836785084],[-72.2850925564721,44.612020237159726],[-72.28472768616155,44.612642388932215],[-72.28447075343519,44.613233860447],[-72.2844534185216,44.613363353186315]],[[-72.26894632115918,44.61271767807539],[-72.26886603495888,44.6129110717304],[-72.2691319505373,44.61297486986074],[-72.2692906998129,44.61294844124148],[-72.26929126071691,44.61280835538148],[-72.2695811782919,44.61268220675131],[-72.26960525008796,44.61254881426733],[-72.26952110243143,44.61254881457629],[-72.26931484185846,44.61270838612615],[-72.26907748983433,44.61261785897307],[-72.26894632115918,44.61271767807539]],[[-72.30816641630419,44.61235801696704],[-72.30821827962004,44.612366860347194],[-72.3082145602646,44.61244234980956],[-72.30839471488372,44.61250579910062],[-72.30841134709972,44.6127013917547],[-72.30847507108535,44.61272137530022],[-72.30865550635538,44.612211634669904],[-72.3085670784684,44.61216207424104],[-72.30825168542918,44.61214039240936],[-72.30812879905795,44.61220199206723],[-72.30810753484678,44.61230845721027],[-72.30822178920553,44.61230495941714],[-72.30816641630419,44.61235801696704]],[[-72.30946897287879,44.612210035636885],[-72.30930650446979,44.612162573259795],[-72.30917807352267,44.61218215803285],[-72.3091392628481,44.61237280644538],[-72.30932131234775,44.61233213778159],[-72.30946897287879,44.612210035636885]],[[-72.30019400842035,44.61437801543311],[-72.30012389718767,44.61429428424463],[-72.29999574698071,44.614331853193555],[-72.30004508408399,44.61443266828203],[-72.3001443200607,44.61443281857503],[-72.30019400842035,44.61437801543311]],[[-72.33881742413975,44.615018425253986],[-72.33895792694477,44.61492115788602],[-72.33879609023737,44.614752350075186],[-72.33865621971043,44.614759643555566],[-72.33859516160832,44.614844772162485],[-72.33867334316433,44.61498400485189],[-72.33881742413975,44.615018425253986]],[[-72.3221014622927,44.61564074568304],[-72.32245271669277,44.61535239180527],[-72.3225053527859,44.615203019349025],[-72.32236204358168,44.615167248580356],[-72.32212763964924,44.61519052931686],[-72.32183666927189,44.61545965035228],[-72.32187779494772,44.61563140322285],[-72.3221014622927,44.61564074568304]],[[-72.29897012388683,44.61709662832254],[-72.29905132322112,44.617149681431165],[-72.29917491199201,44.61715257878687],[-72.29930214923994,44.6170553648152],[-72.29927470936651,44.616774961913066],[-72.29919371969355,44.61663922957258],[-72.29902268964872,44.616676898401074],[-72.29897714191122,44.61673909308756],[-72.29906732380948,44.61696289675844],[-72.29897012388683,44.61709662832254]],[[-72.32653106818806,44.621822864957224],[-72.32703335322437,44.621784201929934],[-72.32716037986187,44.62152699955666],[-72.32703889715236,44.62147874527027],[-72.3267308737369,44.62162605413752],[-72.32662370772454,44.621617263030714],[-72.32653570076076,44.621548028679726],[-72.32680287943705,44.62140201909191],[-72.32675150624397,44.621308608176655],[-72.32634950987533,44.62128108543518],[-72.3260584004918,44.621337331422126],[-72.32603074944701,44.62139442643201],[-72.32622816715715,44.6216252048985],[-72.32653106818806,44.621822864957224]],[[-72.29694547519159,44.621841845991376],[-72.29701109474836,44.62172855592467],[-72.2969484927239,44.621610568906966],[-72.29687073318604,44.62158524444357],[-72.29671008897859,44.621691141639815],[-72.29664945250417,44.62180982735575],[-72.29682153574073,44.621929811896074],[-72.29694547519159,44.621841845991376]],[[-72.33081743620944,44.62352120243998],[-72.33075153547772,44.62344353041524],[-72.33078606494496,44.62335236973365],[-72.33063693042165,44.62327454729638],[-72.33058576875447,44.62341595664498],[-72.33067026663682,44.62361386014662],[-72.33074472862198,44.62361086307886],[-72.33081743620944,44.62352120243998]],[[-72.33502077996052,44.624046828317034],[-72.33535771808785,44.624062861615236],[-72.33559535027344,44.624209365136785],[-72.33589986485018,44.624125399160796],[-72.336045279901,44.62394757776058],[-72.3358335447552,44.623603670776575],[-72.33552846855673,44.623598725940745],[-72.3353553313493,44.623521202672926],[-72.33520928565484,44.62352469883548],[-72.33515650871547,44.62368903526985],[-72.33500372533896,44.62383603869017],[-72.33502077996052,44.624046828317034]],[[-72.3379177758134,44.62578441029502],[-72.33811575654904,44.625942346981866],[-72.33836588067281,44.62591882174527],[-72.33844188722067,44.62577876610803],[-72.33808585865123,44.62551239015858],[-72.33803511875949,44.62537058556216],[-72.33811737055571,44.62536114587849],[-72.33803111861269,44.625257452222094],[-72.33787489491417,44.62520460570379],[-72.33774758744572,44.62524601401672],[-72.3376536852637,44.62543377124643],[-72.33794465553589,44.62571757957717],[-72.3379177758134,44.62578441029502]],[[-72.27773409120631,44.625901789139164],[-72.27757113098642,44.62597726079147],[-72.27781486867737,44.62606621843953],[-72.27788975230095,44.62596277563812],[-72.27773409120631,44.625901789139164]],[[-72.32635870415017,44.63025002816517],[-72.32636375694555,44.63016237520973],[-72.32606850571509,44.629976530940375],[-72.32593432069713,44.62976341632805],[-72.3256027151657,44.62968739968657],[-72.32570075860718,44.62993302867061],[-72.32594456666043,44.63032839126233],[-72.32618507671974,44.63035281428744],[-72.32635870415017,44.63025002816517]],[[-72.28328687266975,44.629713771425514],[-72.28320784876868,44.62968824901228],[-72.28313843996861,44.62972345993583],[-72.2831502308079,44.629825997099765],[-72.28330771608684,44.62983628605123],[-72.28328687266975,44.629713771425514]],[[-72.31629911703591,44.629853866623684],[-72.31623763888662,44.62988777943131],[-72.31629792387643,44.63003037118495],[-72.3164017209757,44.629924936573865],[-72.31629911703591,44.629853866623684]],[[-72.31321354480005,44.630361304555905],[-72.31308609638201,44.6305676248584],[-72.31350409325982,44.63065442812468],[-72.31380032612137,44.63051823020065],[-72.31382159118057,44.63025976728426],[-72.31372221557315,44.6301600782226],[-72.31373933886297,44.63000984413942],[-72.3136271898318,44.62996219742848],[-72.31357469487597,44.63010773556049],[-72.31335327460295,44.63026196456768],[-72.31337629419666,44.630342225852246],[-72.31321354480005,44.630361304555905]],[[-72.32607075213689,44.63040715400268],[-72.32596983129035,44.630443813435186],[-72.3259833771386,44.630494206384014],[-72.32610514071843,44.63049575522402],[-72.32607075213689,44.63040715400268]],[[-72.3213617556913,44.63207887077298],[-72.32142372473108,44.63200425516579],[-72.32134287593934,44.631927493074905],[-72.32124869416299,44.63195236357477],[-72.32121135790723,44.63203661893003],[-72.32126869526371,44.632091855958556],[-72.3213617556913,44.63207887077298]],[[-72.33425012340885,44.63525485971655],[-72.33445498074951,44.635226394403354],[-72.33465703151487,44.63508681031469],[-72.33464320575709,44.63498373295894],[-72.33452530246029,44.63487641110851],[-72.3341852056168,44.634795657357905],[-72.33412169184857,44.63484295055844],[-72.33418752125317,44.63497699243453],[-72.33416969603914,44.635158025587174],[-72.33425012340885,44.63525485971655]],[[-72.28754334327164,44.63732160161582],[-72.28768293215924,44.63726437236062],[-72.28785445495299,44.637297231376195],[-72.28799207944931,44.63716324642491],[-72.28801959047202,44.6369544030313],[-72.28776785134573,44.63676029023796],[-72.28753141231394,44.636792451221446],[-72.28723574066706,44.63696059483657],[-72.28735771493027,44.63734617140704],[-72.28754334327164,44.63732160161582]],[[-72.33385409286348,44.638914818162746],[-72.333678920617,44.6388982890144],[-72.33360431833833,44.63917424042276],[-72.3338517062464,44.63918048156287],[-72.33390778090815,44.63901209502672],[-72.33385409286348,44.638914818162746]],[[-72.29929534149572,44.64119425389101],[-72.29937794515557,44.64110601771635],[-72.29922873985821,44.640951967916706],[-72.29939289313369,44.640853644743196],[-72.29931330810982,44.640755570950695],[-72.29918354410827,44.640747331760416],[-72.29908823841662,44.64081194860985],[-72.29900219695713,44.6409875717227],[-72.29904121737748,44.64107455841994],[-72.29929534149572,44.64119425389101]],[[-72.28907637439428,44.64336923909782],[-72.28938678349708,44.64344468808145],[-72.2895952216337,44.64332609637089],[-72.28961059123033,44.64321903944971],[-72.2895603411757,44.6431748480294],[-72.28929070654121,44.64314633634876],[-72.28919378683224,44.64304581987293],[-72.28895994339574,44.64297061985341],[-72.28884147882037,44.64306669157662],[-72.28885404137911,44.643188280673044],[-72.28900549112745,44.64323806433204],[-72.28907637439428,44.64336923909782]],[[-72.31432015600518,44.64357815941828],[-72.31447455478519,44.64346126577482],[-72.31446192178191,44.64323067371663],[-72.31465126963158,44.64313684938496],[-72.31456214008834,44.6430751806844],[-72.31439468878509,44.643082072057325],[-72.3141078598562,44.64333748110357],[-72.31412126423612,44.64345357656813],[-72.31432015600518,44.64357815941828]],[[-72.2910848103016,44.64370364172904],[-72.29128798426639,44.64374928012953],[-72.29168597977427,44.6437066377337],[-72.29174991412854,44.643587246586925],[-72.29165671439011,44.64343669886949],[-72.29152968764119,44.643483586056504],[-72.29125591205506,44.64347939183058],[-72.29107561652303,44.64357141838234],[-72.2910848103016,44.64370364172904]],[[-72.29701649851643,44.6444067939228],[-72.29722037436015,44.64443066111951],[-72.29732929454799,44.644358059832214],[-72.29734052388189,44.644239570043474],[-72.29722823459167,44.644095015287164],[-72.29699853244036,44.6440957636419],[-72.29688048816531,44.644198076386246],[-72.29692322841723,44.64436355159565],[-72.29701649851643,44.6444067939228]],[[-72.31804935801603,44.644617757642756],[-72.31817617435428,44.64465680469688],[-72.3181401714283,44.6445192412297],[-72.3178486405258,44.644305131776285],[-72.31773508760573,44.6443244051154],[-72.31770329639289,44.64441338357576],[-72.31784751781771,44.64464981417552],[-72.31804935801603,44.644617757642756]],[[-72.29909392257643,44.645573353191935],[-72.29933113483459,44.64554698856998],[-72.29936629486538,44.645502749931886],[-72.29936664575915,44.645408628715316],[-72.29926972553133,44.645323695760375],[-72.29896282496061,44.645311611776364],[-72.29848952485509,44.645047223223386],[-72.29832516190805,44.645045026177755],[-72.29830326529591,44.645135402574994],[-72.29850496434702,44.64523766294892],[-72.29861472815855,44.64540323682173],[-72.29909392257643,44.645573353191935]],[[-72.29695670421091,44.64560980285617],[-72.29693501830327,44.645495659725725],[-72.29669212278827,44.64546455200174],[-72.29663155656583,44.64555742580413],[-72.29667148904967,44.64562747835336],[-72.29684855600289,44.64565364277257],[-72.29695670421091,44.64560980285617]],[[-72.28268893070049,44.64602218435909],[-72.28238701257902,44.64586320362837],[-72.28215099510496,44.64585995943482],[-72.2821603283257,44.64599237539483],[-72.28236960833276,44.64619579471189],[-72.28255313176027,44.6461961442684],[-72.28268893070049,44.64602218435909]],[[-72.28076997487436,44.64637849166172],[-72.28080225836509,44.64626679606044],[-72.28080022329559,44.64617587225418],[-72.28058055728144,44.64602543004706],[-72.28040931598346,44.646119400041506],[-72.28044187998039,44.646428421660005],[-72.28064751040525,44.64645842956796],[-72.28076997487436,44.64637849166172]],[[-72.302221604241,44.64699897721617],[-72.30221346334429,44.64684164707609],[-72.30189554389146,44.646611816965375],[-72.30175433936147,44.64658240822135],[-72.30167917620585,44.64688683341274],[-72.30193000280282,44.64704476290519],[-72.30205478465341,44.64705359957824],[-72.302221604241,44.64699897721617]],[[-72.283284205751,44.64800735800355],[-72.28351053826479,44.6479738557396],[-72.28359152705463,44.64788448242963],[-72.2830473447981,44.647949040725],[-72.2829880423288,44.648094384916995],[-72.2831581612758,44.64811465566939],[-72.283284205751,44.64800735800355]],[[-72.28391302671218,44.64811810128203],[-72.28377336634627,44.64817162521042],[-72.2838678998162,44.64824946458324],[-72.28409423292507,44.648202032195506],[-72.28391302671218,44.64811810128203]],[[-72.32079876365273,44.64891122056834],[-72.32092670412932,44.64890977258383],[-72.32101899220345,44.64875579327105],[-72.32093386294714,44.64862677772494],[-72.32081469501513,44.64857365300469],[-72.32066801675315,44.648627975968864],[-72.32062983933824,44.64873187842917],[-72.32070731793226,44.648877019562754],[-72.32079876365273,44.64891122056834]],[[-72.31797615988694,44.64899340310035],[-72.31808964197818,44.649217482298624],[-72.31833604637814,44.64928014178191],[-72.31898437787756,44.64895775417778],[-72.3191092297262,44.648828189761936],[-72.31898985159003,44.6487036181219],[-72.31873095525636,44.64874236305299],[-72.3184044032899,44.64886798255534],[-72.3180737106437,44.64875744100598],[-72.31797615988694,44.64899340310035]],[[-72.28058329383116,44.650754802692326],[-72.28062041967213,44.65070437679332],[-72.28051676242453,44.65055514456748],[-72.28043893252358,44.650562184435174],[-72.28037092698185,44.650644764439626],[-72.28043345870316,44.650772676926735],[-72.28058329383116,44.650754802692326]],[[-72.32111282337793,44.65246762136989],[-72.3211472824149,44.65264580457226],[-72.32124111430107,44.652600473122774],[-72.32129746898254,44.65248963809131],[-72.32111282337793,44.65246762136989]],[[-72.32179771838226,44.65276442730718],[-72.32176157608187,44.65287541111482],[-72.32198432924169,44.65281699826102],[-72.32210153191252,44.65273796723601],[-72.32211325242484,44.652661432011406],[-72.3220153495,44.652587043296776],[-72.32182382622277,44.65260202081122],[-72.32182172024564,44.65266602432429],[-72.32191099040207,44.65271664995919],[-72.32179771838226,44.65276442730718]],[[-72.32298244208388,44.652898177205145],[-72.32295689617722,44.652639864220426],[-72.3226104129694,44.652682799929224],[-72.32255855017546,44.65289573038634],[-72.32273540608875,44.65291285601362],[-72.32298244208388,44.652898177205145]],[[-72.31609783797892,44.65384679633252],[-72.31637371941672,44.653785788306294],[-72.31642572376525,44.653697671679474],[-72.316312522073,44.65361050343706],[-72.31599396989999,44.65352278664628],[-72.31590196336022,44.65361384883801],[-72.31587592643422,44.65376042717801],[-72.31595600293987,44.65384030622295],[-72.31609783797892,44.65384679633252]],[[-72.32160865209131,44.65403401156837],[-72.32200622629323,44.6538130473486],[-72.32165153246969,44.653700218247884],[-72.32152885606045,44.65373386719494],[-72.3216424791699,44.65380545871392],[-72.32156998164803,44.653934612633456],[-72.32160865209131,44.65403401156837]],[[-72.31865031683675,44.65490418232275],[-72.31861241925975,44.65504241996516],[-72.31961432186216,44.65457848200601],[-72.31960372469847,44.654544433911376],[-72.31930629752402,44.65441303444677],[-72.31905869985158,44.6545800292908],[-72.3190283110806,44.65473863605393],[-72.3187936964293,44.65478606418404],[-72.31865031683675,44.65490418232275]],[[-72.30046441568541,44.655197631211],[-72.30051768254992,44.655068230353315],[-72.3004010415408,44.65496184417272],[-72.30017842777323,44.654958848743796],[-72.30003048671419,44.65525843756946],[-72.30010059804813,44.65536447541758],[-72.30019793823857,44.65536462414823],[-72.30046441568541,44.655197631211]],[[-72.29945289787523,44.65545478524863],[-72.2994533193167,44.655374209006915],[-72.2993361176273,44.65531380214186],[-72.2991062046493,44.6554887832541],[-72.2991130122882,44.65555178508431],[-72.29930713258598,44.65560425418678],[-72.29945289787523,44.65545478524863]],[[-72.29933969662893,44.658370658323946],[-72.29924712755978,44.65823018299073],[-72.29907918527279,44.65817112566293],[-72.29903181228805,44.65844678557257],[-72.29919589584732,44.65849560860473],[-72.2993319759395,44.6584548735693],[-72.29933969662893,44.658370658323946]],[[-72.2998139781893,44.65875943664587],[-72.30005357585476,44.658742064957536],[-72.29994697154781,44.65847384374028],[-72.299664914154,44.6583279260433],[-72.29956771375838,44.658503895733624],[-72.29981783825556,44.65865739981189],[-72.29979945094703,44.65872119792762],[-72.2998139781893,44.65875943664587]],[[-72.29936011909118,44.65863124232103],[-72.2992307056943,44.658796677365515],[-72.29933429219507,44.65876632606382],[-72.29943107132547,44.65870776915569],[-72.29936011909118,44.65863124232103]],[[-72.24274141189782,44.613718410587204],[-72.24269467111982,44.61377321697552],[-72.24280787350295,44.613805790088385],[-72.24287531683191,44.61372240811945],[-72.24274141189782,44.613718410587204]],[[-72.24262413964314,44.613792950018066],[-72.24238292811874,44.61392379177842],[-72.24251472808668,44.614033600969805],[-72.24275699207861,44.613917247411145],[-72.24262413964314,44.613792950018066]],[[-72.22865779313702,44.616760425435174],[-72.2286427041526,44.61680338712282],[-72.22849188617333,44.61677361283192],[-72.22852192293982,44.61684080426931],[-72.22839721135026,44.61689425671124],[-72.22842331863518,44.616967042663966],[-72.22852122142953,44.6169940688964],[-72.22881513926994,44.616951756117636],[-72.22885710779067,44.61680923288194],[-72.22898497664464,44.61684724774897],[-72.22914702377882,44.61678839996609],[-72.22912898827741,44.61667819642212],[-72.22897080036734,44.61666695634691],[-72.22896441357682,44.61643565944842],[-72.2288135246048,44.61646218474962],[-72.22876488900886,44.61640838240442],[-72.22863673982417,44.616453792413694],[-72.22861329833837,44.61657473709323],[-72.22869962080334,44.616650370328],[-72.22865779313702,44.616760425435174]],[[-72.25018332205067,44.56726942667249],[-72.25039660205233,44.567057931686335],[-72.25026150354081,44.56691058456126],[-72.24973662076488,44.5669156847978],[-72.24967872177268,44.567040282373625],[-72.24988189534137,44.56718892759713],[-72.25018332205067,44.56726942667249]],[[-72.23135631901393,44.59046922219442],[-72.2314984351159,44.59038240899939],[-72.23150671670348,44.59030639071666],[-72.23125911864805,44.59021877800078],[-72.23116444344282,44.59027475399774],[-72.23114023190776,44.590378809861356],[-72.23122262418339,44.590457627032315],[-72.23135631901393,44.59046922219442]]],[[[-72.35761171531956,44.607238441923556],[-72.35770817028829,44.607470794598214],[-72.35764778855902,44.60755348204287],[-72.35752806911363,44.60707920531245],[-72.35732756266127,44.60687594857221],[-72.35730713890506,44.60652224809819],[-72.3573708810797,44.606385993250655],[-72.35739136674394,44.60654513315256],[-72.35743343009808,44.606690567094496],[-72.35756831794124,44.60710708035693],[-72.35761171531956,44.607238441923556]]]]}},{"type":"Feature","properties":{"OBJECT_ID":159,"County":"Orleans","RPC":"NVDA","Municipal_Name":"Greensboro","GEO_ID":"5001930175","District_Name":"Greensboro Village District","Abbreviated_District_Name":"Gv","District_Type":"Mixed with Residential","Bylaw_Date":null,"Elderly_Housing_District":"No","District_Mapped":"Yes","Overlay_District":"No","Base_Density":null,"FIPS6":null,"GIS_ID":null,"Last_Update":null,"Shape_Length":6969.69155929578,"Shape_Area":1048737.694910515,"F1F_Allowance":"Permitted","F1F_Front_Setback":50.0,"F1F_Side_Setback":15.0,"F1F_Rear_Setback":15.0,"F1F_Frontage":100.0,"F1F_Max_Height":35.0,"F1F_Max_Stories":null,"F1F_Min_Lot_Size":0.5,"F1F_Max_Lot_Building_Coverage":null,"F1F_Max_Lot_Impervious_Coverage":null,"F1F_Min_Parking_Spaces":null,"F1F_Elderly_Housing_Only":null,"F1F_Affordable_Housing_Only":null,"F2F_Allowance":"Permitted","F2F_Front_Setback":50.0,"F2F_Side_Setback":15.0,"F2F_Rear_Setback":15.0,"F2F_Frontage":100.0,"F2F_Max_Density":4.0,"F2F_Max_Height":35.0,"F2F_Max_Stories":null,"F2F_Min_Lot_Size":0.5,"F2F_Max_Lot_Building_Coverage":null,"F2F_Max_Lot_Impervious_Coverage":null,"F2F_Min_Parking_Spaces_per_1BR":null,"F2F_Min_Parking_Spaces_per_mult_BR":null,"F2F_Elderly_Housing_Only":"No","F2F_Affordable_Housing_Only":"No","F3F_Allowance":"Public Hearing","F3F_Front_Setback":50.0,"F3F_Side_Setback":15.0,"F3F_Rear_Setback":15.0,"F3F_Frontage":100.0,"F3F_Max_Density":6.0,"F3F_Max_Height":35.0,"F3F_Max_Stories":null,"F3F_Min_Lot_Size":0.5,"F3F_Max_Lot_Building_Coverage":null,"F3F_Max_Lot_Impervious_Coverage":null,"F3F_Min_Parking_Spaces_per_1BR":null,"F3F_Min_Parking_Spaces_per_mult_BR":null,"F3F_Affordable_Housing_Only":"No","F3F_Proximity_to_Public_Transit_Required":"No","F3F_Connection_to_Sewage/Water_Required":"No","F4F_Allowance":"Public Hearing","F4F_Front_Setback":50.0,"F4F_Side_Setback":15.0,"F4F_Rear_Setback":15.0,"F4F_Frontage":100.0,"F1F_Max_Density":null,"F4F_Max_Density":8.0,"F4F_Max_Height":35.0,"F4F_Max_Stories":null,"F4F_Min_Lot_Size":0.5,"F4F_Max_Lot_Building_Coverage":null,"F4F_Max_Lot_Impervious_Coverage":null,"F4F_Min_Parking_Spaces_per_1BR":null,"F4F_Min_Parking_Spaces_per_mult_BR":null,"F3F_Elderly_Housing_Only":"No","F4F_Elderly_Housing_Only":"No","F4F_Affordable_Housing_Only":"No","F4F_Proximity_to_Public_Transit_Required":"No","F4F_Connection_to_Sewage/Water_Required":"No","ADU_Allowance":"Allowed/Conditional","ADU_Elderly_Housing_Only":"No","ADU_Max_Size_as_Percent_of_Primary_Strcture":30.0,"ADU_Max_Size_in_sq_ft":1200.0,"ADU_Min_Lot_Size":0.5,"ADU_Max_Bedrooms":null,"ADU_Min_Parking_Spaces":null,"ADU_Owner_Occupancy_Required":"Yes","ADU_Renter_Occupancy_Prohibited":"No","ADU_Employee_or_Family_Occupancy_Required":"No","ADU_Restricted_to_Primary_Structure":"No","Affordable_Housing_Allowance":"Not Mentioned","Affordable_Housing_District":"No","Affordable_Housing_Elderly_Only":null,"Affordable_Housing_Min_Lot_Size":null,"Affordable_Housing_Max_Density":null,"Affordable_Housing_Min_Parking_Spaces_per_mult_BR":null,"Affordable_Housing_Max_Units_per_Building":null,"Affordable_Housing_Min_Parking_Spaces_per_1BR":null,"PRD_Allowance":"Public Hearing","PRD_Max_Density":null,"PRD_Max_Units":null,"PRD_Min_Lot_Size":null,"PRD_Mobile_or_Manufactured_Home_Park":"No","PUD_Allowance":null,"PUD_Required_with_Subdivision":null,"PUD_Requires_Land_Conservation":null,"PUD_Threshold_Number":null,"Notes":"None"},"geometry":{"type":"MultiPolygon","coordinates":[[[[-72.30585879800972,44.56572504213205],[-72.3045107637811,44.565907445172975],[-72.30373897659767,44.566161340929874],[-72.3029142980732,44.566614189281864],[-72.30193171821226,44.56743190226874],[-72.30084344863837,44.568138395886514],[-72.30017006273967,44.568422845904834],[-72.29948566744227,44.56863947075186],[-72.29859947671632,44.569115575299605],[-72.29772034253413,44.57001969442079],[-72.29581100550416,44.57267254900067],[-72.29308952555469,44.57328771004495],[-72.29287568575188,44.57331346278966],[-72.29236735281577,44.573245371564006],[-72.29205867568946,44.57330517026155],[-72.29158694503138,44.573630029253295],[-72.291190141124,44.57400182876115],[-72.29043233873203,44.57434243125668],[-72.29013167599605,44.57427177357005],[-72.28971684498286,44.57385998992107],[-72.28933113467006,44.573898434283024],[-72.28937450241288,44.574213639936374],[-72.28932334126827,44.57443024564922],[-72.28939850448857,44.57450254712874],[-72.2893795467036,44.57455218122635],[-72.28941687805914,44.57468317039036],[-72.28933821481692,44.57472340978236],[-72.2893477751795,44.57485024674922],[-72.28921372708184,44.575012169001546],[-72.2892512655945,44.57510704341781],[-72.28937730924766,44.575161594923124],[-72.28937028701004,44.575387050046395],[-72.28908586088512,44.57547904087672],[-72.28933773166834,44.57566005007178],[-72.28902114139495,44.57583103412992],[-72.28902093833933,44.575889630123726],[-72.28914066079916,44.57598936298763],[-72.28915891935047,44.576133774571446],[-72.28928516216558,44.57618362259239],[-72.28930405353131,44.576282960427676],[-72.28948046994482,44.576360040922886],[-72.2895177421288,44.57646837141927],[-72.28942926749164,44.57657197227935],[-72.28959305885571,44.5766490347196],[-72.28955394576161,44.577021370633126],[-72.28975514998606,44.57722043441549],[-72.28971705580943,44.5772924146197],[-72.28945773663747,44.57740943827081],[-72.28923470176554,44.57794603143219],[-72.28915195028584,44.57809264494291],[-72.28904913859985,44.5786611758405],[-72.28878933373609,44.578890833371844],[-72.2887062575782,44.579125373735806],[-72.28893166360288,44.57970578008698],[-72.2889361407933,44.58018863030121],[-72.28858047080945,44.58072743895226],[-72.28802065569589,44.58188863441782],[-72.2877459603158,44.582286364407494],[-72.28771527544191,44.582443231032954],[-72.2876087409679,44.583267029447924],[-72.28773634086518,44.58344197381793],[-72.2880078698364,44.583579237897524],[-72.28804175434337,44.583662166405844],[-72.28797774898445,44.5839481706707],[-72.28774348548046,44.58432384626521],[-72.28773373866821,44.58449484466184],[-72.28816407883879,44.58498523824748],[-72.28827393088487,44.58518343204692],[-72.28847113386117,44.5853773625864],[-72.28853710362296,44.58553125585828],[-72.2885588463565,44.58694271620651],[-72.29049592332441,44.586126650948664],[-72.29068904690642,44.585992045180916],[-72.29086185028119,44.585700988577045],[-72.29265272196689,44.58651415780928],[-72.29368678412344,44.58461235988237],[-72.29393218924606,44.583680859936855],[-72.2944653532105,44.5825465354287],[-72.29686539315799,44.58255235008954],[-72.29779334771712,44.58237190740081],[-72.29739336525425,44.58131709407752],[-72.29662011718158,44.57833118843142],[-72.29686306099313,44.57768551397636],[-72.2969684197311,44.57719268722883],[-72.29694022903341,44.57627863036374],[-72.29682033796287,44.57582630125017],[-72.3004632520413,44.57075337398644],[-72.29963295066543,44.57040477403481],[-72.30003599045784,44.570024717886966],[-72.30052652009762,44.56979159398367],[-72.30167979059893,44.56939763271939],[-72.30211096446367,44.569176186228034],[-72.30275850577722,44.568707538569086],[-72.30316957242974,44.56851206139568],[-72.30381230190402,44.567935410129365],[-72.30447720348971,44.567460397414145],[-72.30503580445905,44.56722656240624],[-72.30635946844792,44.56705233188881],[-72.30585879800972,44.56572504213205]],[[-72.29382586537811,44.57757733827585],[-72.29383647968469,44.57770775573473],[-72.29372546228414,44.577806459576685],[-72.2936314197581,44.57780232999551],[-72.29370959293556,44.577628604419665],[-72.29382586537811,44.57757733827585]],[[-72.29328831527116,44.58416161020873],[-72.29335709201425,44.58426144697804],[-72.29322051999777,44.58449437272214],[-72.29305934956284,44.5845608565661],[-72.29296519346188,44.58451577759358],[-72.29294448996043,44.58431640543527],[-72.29312771406158,44.584175811913404],[-72.29328831527116,44.58416161020873]]]]}},{"type":"Feature","properties":{"OBJECT_ID":158,"County":"Orleans","RPC":"NVDA","Municipal_Name":"Greensboro","GEO_ID":"5001930175","District_Name":"Greensboro Bend Village District","Abbreviated_District_Name":"Gbv","District_Type":"Mixed with Residential","Bylaw_Date":null,"Elderly_Housing_District":"No","District_Mapped":"Yes","Overlay_District":"No","Base_Density":null,"FIPS6":null,"GIS_ID":null,"Last_Update":null,"Shape_Length":10956.446096863863,"Shape_Area":1275637.0179840727,"F1F_Allowance":"Permitted","F1F_Front_Setback":25.0,"F1F_Side_Setback":15.0,"F1F_Rear_Setback":15.0,"F1F_Frontage":100.0,"F1F_Max_Height":35.0,"F1F_Max_Stories":null,"F1F_Min_Lot_Size":0.5,"F1F_Max_Lot_Building_Coverage":null,"F1F_Max_Lot_Impervious_Coverage":null,"F1F_Min_Parking_Spaces":null,"F1F_Elderly_Housing_Only":null,"F1F_Affordable_Housing_Only":null,"F2F_Allowance":"Permitted","F2F_Front_Setback":25.0,"F2F_Side_Setback":15.0,"F2F_Rear_Setback":15.0,"F2F_Frontage":100.0,"F2F_Max_Density":4.0,"F2F_Max_Height":35.0,"F2F_Max_Stories":null,"F2F_Min_Lot_Size":0.5,"F2F_Max_Lot_Building_Coverage":null,"F2F_Max_Lot_Impervious_Coverage":null,"F2F_Min_Parking_Spaces_per_1BR":null,"F2F_Min_Parking_Spaces_per_mult_BR":null,"F2F_Elderly_Housing_Only":"No","F2F_Affordable_Housing_Only":"No","F3F_Allowance":"Public Hearing","F3F_Front_Setback":25.0,"F3F_Side_Setback":15.0,"F3F_Rear_Setback":15.0,"F3F_Frontage":100.0,"F3F_Max_Density":6.0,"F3F_Max_Height":35.0,"F3F_Max_Stories":null,"F3F_Min_Lot_Size":0.5,"F3F_Max_Lot_Building_Coverage":null,"F3F_Max_Lot_Impervious_Coverage":null,"F3F_Min_Parking_Spaces_per_1BR":null,"F3F_Min_Parking_Spaces_per_mult_BR":null,"F3F_Affordable_Housing_Only":"No","F3F_Proximity_to_Public_Transit_Required":"No","F3F_Connection_to_Sewage/Water_Required":"No","F4F_Allowance":"Public Hearing","F4F_Front_Setback":25.0,"F4F_Side_Setback":15.0,"F4F_Rear_Setback":15.0,"F4F_Frontage":100.0,"F1F_Max_Density":null,"F4F_Max_Density":8.0,"F4F_Max_Height":35.0,"F4F_Max_Stories":null,"F4F_Min_Lot_Size":0.5,"F4F_Max_Lot_Building_Coverage":null,"F4F_Max_Lot_Impervious_Coverage":null,"F4F_Min_Parking_Spaces_per_1BR":null,"F4F_Min_Parking_Spaces_per_mult_BR":null,"F3F_Elderly_Housing_Only":"No","F4F_Elderly_Housing_Only":"No","F4F_Affordable_Housing_Only":"No","F4F_Proximity_to_Public_Transit_Required":"No","F4F_Connection_to_Sewage/Water_Required":"No","ADU_Allowance":"Allowed/Conditional","ADU_Elderly_Housing_Only":"No","ADU_Max_Size_as_Percent_of_Primary_Strcture":30.0,"ADU_Max_Size_in_sq_ft":1200.0,"ADU_Min_Lot_Size":0.5,"ADU_Max_Bedrooms":null,"ADU_Min_Parking_Spaces":null,"ADU_Owner_Occupancy_Required":"Yes","ADU_Renter_Occupancy_Prohibited":"No","ADU_Employee_or_Family_Occupancy_Required":"No","ADU_Restricted_to_Primary_Structure":"No","Affordable_Housing_Allowance":"Not Mentioned","Affordable_Housing_District":"No","Affordable_Housing_Elderly_Only":null,"Affordable_Housing_Min_Lot_Size":null,"Affordable_Housing_Max_Density":null,"Affordable_Housing_Min_Parking_Spaces_per_mult_BR":null,"Affordable_Housing_Max_Units_per_Building":null,"Affordable_Housing_Min_Parking_Spaces_per_1BR":null,"PRD_Allowance":"Public Hearing","PRD_Max_Density":null,"PRD_Max_Units":null,"PRD_Min_Lot_Size":null,"PRD_Mobile_or_Manufactured_Home_Park":"No","PUD_Allowance":null,"PUD_Required_with_Subdivision":null,"PUD_Requires_Land_Conservation":null,"PUD_Threshold_Number":null,"Notes":"None"},"geometry":{"type":"MultiPolygon","coordinates":[[[[-72.26895782984226,44.54474945538631],[-72.27027800640926,44.54524647516668],[-72.26982646416137,44.54623515356655],[-72.269168711408,44.54708302695281],[-72.26826444371326,44.547813651385724],[-72.26715614813186,44.5484846091052],[-72.2672658379911,44.548713130292825],[-72.26731370421861,44.54882251157148],[-72.26759793581112,44.54958397817306],[-72.26767456016167,44.54960449061397],[-72.26840921913671,44.54928629471752],[-72.2691951215896,44.54914595843053],[-72.27013651008022,44.54917978932545],[-72.27092542259757,44.54938302210603],[-72.27135967513907,44.54962085800353],[-72.27191138471387,44.55005066363132],[-72.2730329706768,44.551286384287025],[-72.26962483025257,44.55251153413983],[-72.26926787450766,44.552130328903104],[-72.26871459700575,44.552293728899315],[-72.26822358457554,44.55236789257302],[-72.26727503356672,44.552377350634075],[-72.26650045998002,44.55222161076369],[-72.26583682557275,44.552027749576595],[-72.26525676712085,44.551810154935836],[-72.26482425978924,44.551581745245535],[-72.2642392980273,44.55106191617953],[-72.26396530886944,44.55057188596537],[-72.26389624568203,44.55030858215406],[-72.26389906535644,44.55047343014958],[-72.26366176490563,44.55094905585072],[-72.26311436475203,44.551853214943065],[-72.26244929296047,44.55263406489788],[-72.26250825249332,44.55233654460523],[-72.26287836015757,44.552065624807184],[-72.2630320645759,44.55187200856606],[-72.26354962188549,44.551085815579896],[-72.26371391628778,44.550666877265485],[-72.26378041172254,44.549752768955805],[-72.26411024419042,44.54910441762338],[-72.26412128916897,44.54880143012531],[-72.26433371879534,44.548332553693164],[-72.26441128509454,44.547417478453085],[-72.26449268647866,44.54729876472631],[-72.26495109098319,44.54705978235662],[-72.26545991116323,44.54667700722557],[-72.2662539548117,44.54637265659113],[-72.26666645143953,44.546092630719016],[-72.26676721454571,44.54575527208678],[-72.26647694570755,44.54498838374453],[-72.26647410382033,44.54481693457135],[-72.26653737128225,44.54473004091865],[-72.2667509756211,44.54471724826476],[-72.26703065553859,44.5445108354004],[-72.26707937839389,44.544315737559636],[-72.26700969779013,44.54414937708944],[-72.26685916824965,44.54403045733429],[-72.2668734592139,44.54396468941379],[-72.26708760813037,44.54404530259665],[-72.26784374981028,44.54433002699302],[-72.26895782984226,44.54474945538631]],[[-72.26845347651712,44.54528524543909],[-72.2684769962547,44.54547860042933],[-72.26855728251972,44.54528887199478],[-72.26845347651712,44.54528524543909]],[[-72.26753194884267,44.546707255090126],[-72.26767174893138,44.54655202871107],[-72.26760355957698,44.54648421205646],[-72.26748004131534,44.546594836448826],[-72.26750006952015,44.546685229049196],[-72.26753194884267,44.546707255090126]]],[[[-72.26676983108284,44.543925638371405],[-72.26673686091323,44.54402975764299],[-72.26695529004151,44.544383432374545],[-72.26668843654782,44.54462217629405],[-72.26642767855692,44.54462659659204],[-72.2663445405785,44.54477365621191],[-72.26635394470328,44.544969951670005],[-72.26665096846604,44.5458429575619],[-72.26661933439138,44.545980224160836],[-72.2663525152189,44.54620915798907],[-72.26513641254797,44.54672754885693],[-72.26496669704056,44.54690403816634],[-72.26431861173121,44.54727536368733],[-72.26423531639615,44.547551744939064],[-72.26426422164064,44.54778039114079],[-72.26416896835234,44.54839997973796],[-72.26363850661429,44.549832209713784],[-72.26349293319328,44.550911558821795],[-72.26333569293735,44.55117185633406],[-72.26322386885975,44.55121941206202],[-72.26316720718958,44.55141359162314],[-72.26297369124272,44.5515247813279],[-72.26292043273567,44.551748123936285],[-72.26273388308265,44.55197101420825],[-72.26235332743033,44.552241459136425],[-72.26213533738513,44.55283145670808],[-72.26197486009329,44.55295620982701],[-72.261615771032,44.553423341885846],[-72.26155508227995,44.5537370208906],[-72.26120646750294,44.554440943747274],[-72.26091455835864,44.55484997910525],[-72.26086908966832,44.5551050200506],[-72.26077186319601,44.55521136427402],[-72.26071760416215,44.55567382177645],[-72.25997500325242,44.55635045465891],[-72.2592444906676,44.556684052022625],[-72.25801586901166,44.557848848377866],[-72.25774561076112,44.558427925218766],[-72.25758914274634,44.55946215983676],[-72.25736423889381,44.559817966336574],[-72.25702884449971,44.55999589842428],[-72.25132481716717,44.55771845756151],[-72.25272762552423,44.55582485616905],[-72.25331672080753,44.55502257164027],[-72.25372604722173,44.55446375104834],[-72.25541098290824,44.55215809230375],[-72.25745305510307,44.5494212541182],[-72.25809151306711,44.548566071420055],[-72.25846970737406,44.54805945534474],[-72.25970710432284,44.546402893935834],[-72.26155688754554,44.54392413756649],[-72.2628916347977,44.54250346688513],[-72.2648024264159,44.54319028993889],[-72.26611885756812,44.54368049539229],[-72.26625231644326,44.54373075200058],[-72.26676983108284,44.543925638371405]],[[-72.25894138738629,44.55446254831707],[-72.25882170328526,44.554581451584966],[-72.25893031652151,44.554644583657954],[-72.25902599950142,44.554514833118354],[-72.25894138738629,44.55446254831707]],[[-72.25744253472689,44.556031201825974],[-72.25747730894837,44.55599141394723],[-72.25756306102666,44.555801794294354],[-72.25750988157566,44.55572618134732],[-72.25734327309992,44.5557776646607],[-72.25726266045422,44.555942806039305],[-72.25731558629785,44.556019143907356],[-72.25744253472689,44.556031201825974]],[[-72.25371800897204,44.557181540340245],[-72.25403163861495,44.55724773144663],[-72.25408448436089,44.55722192801678],[-72.25409064350127,44.55704519496969],[-72.25399960094856,44.556906136261695],[-72.25389708382473,44.55686019781758],[-72.2535970263377,44.55685955357986],[-72.25349350907628,44.55696057018578],[-72.25359342076229,44.557058072339],[-72.25371841221452,44.55708623900725],[-72.25371800897204,44.557181540340245]]],[[[-72.26192129436095,44.55339595875863],[-72.26142009712795,44.55447992361927],[-72.26190846839846,44.55331253680206],[-72.26244525895201,44.55264651071626],[-72.26235652310622,44.55285872621483],[-72.26192129436095,44.55339595875863]]],[[[-72.26141570223776,44.55448942855484],[-72.26142009712795,44.55447992361927],[-72.26141672001036,44.554487997083896],[-72.26141570223776,44.55448942855484]]],[[[-72.26072617074708,44.55605092781906],[-72.26030404090574,44.556454183719325],[-72.25895438870887,44.55749075462759],[-72.25886904872104,44.557390595330446],[-72.25871122066765,44.55750824796986],[-72.25811993820435,44.55806397773491],[-72.2579359857037,44.55873951365289],[-72.2579194403735,44.55907245258528],[-72.25764982802373,44.55981999097527],[-72.25781480964456,44.558829799192914],[-72.25806317080522,44.55812819833397],[-72.25834368387808,44.557743171049324],[-72.25946392004224,44.55670304940968],[-72.26026346395153,44.556417203021404],[-72.26025405911952,44.55631639326063],[-72.26046650606453,44.5561972358413],[-72.26086996690357,44.55575135440837],[-72.26103656812485,44.55502302380426],[-72.26141570223776,44.55448942855484],[-72.26140582166563,44.55451079757688],[-72.26144609128396,44.55452704812999],[-72.2610683806707,44.55546851957252],[-72.26072617074708,44.55605092781906]]],[[[-72.25746411525176,44.56001759943842],[-72.25764203193913,44.559833219667844],[-72.25743559393628,44.560077520398195],[-72.25734470233819,44.560121990175226],[-72.2572393877266,44.56007995542831],[-72.25746411525176,44.56001759943842]]]]}},{"type":"Feature","properties":{"OBJECT_ID":162,"County":"Orleans","RPC":"NVDA","Municipal_Name":"Greensboro","GEO_ID":"5001930175","District_Name":"Shoreland Protection District","Abbreviated_District_Name":"Sp","District_Type":"Primarily Residential","Bylaw_Date":null,"Elderly_Housing_District":"No","District_Mapped":"Yes","Overlay_District":"No","Base_Density":null,"FIPS6":null,"GIS_ID":null,"Last_Update":null,"Shape_Length":24928.594790190076,"Shape_Area":8930272.0148372,"F1F_Allowance":"Permitted","F1F_Front_Setback":50.0,"F1F_Side_Setback":20.0,"F1F_Rear_Setback":null,"F1F_Frontage":100.0,"F1F_Max_Height":30.0,"F1F_Max_Stories":null,"F1F_Min_Lot_Size":1.0,"F1F_Max_Lot_Building_Coverage":null,"F1F_Max_Lot_Impervious_Coverage":null,"F1F_Min_Parking_Spaces":null,"F1F_Elderly_Housing_Only":null,"F1F_Affordable_Housing_Only":null,"F2F_Allowance":"Prohibited","F2F_Front_Setback":null,"F2F_Side_Setback":null,"F2F_Rear_Setback":null,"F2F_Frontage":null,"F2F_Max_Density":null,"F2F_Max_Height":null,"F2F_Max_Stories":null,"F2F_Min_Lot_Size":null,"F2F_Max_Lot_Building_Coverage":null,"F2F_Max_Lot_Impervious_Coverage":null,"F2F_Min_Parking_Spaces_per_1BR":null,"F2F_Min_Parking_Spaces_per_mult_BR":null,"F2F_Elderly_Housing_Only":null,"F2F_Affordable_Housing_Only":null,"F3F_Allowance":"Prohibited","F3F_Front_Setback":null,"F3F_Side_Setback":null,"F3F_Rear_Setback":null,"F3F_Frontage":null,"F3F_Max_Density":null,"F3F_Max_Height":null,"F3F_Max_Stories":null,"F3F_Min_Lot_Size":null,"F3F_Max_Lot_Building_Coverage":null,"F3F_Max_Lot_Impervious_Coverage":null,"F3F_Min_Parking_Spaces_per_1BR":null,"F3F_Min_Parking_Spaces_per_mult_BR":null,"F3F_Affordable_Housing_Only":null,"F3F_Proximity_to_Public_Transit_Required":null,"F3F_Connection_to_Sewage/Water_Required":null,"F4F_Allowance":"Prohibited","F4F_Front_Setback":null,"F4F_Side_Setback":null,"F4F_Rear_Setback":null,"F4F_Frontage":null,"F1F_Max_Density":null,"F4F_Max_Density":null,"F4F_Max_Height":null,"F4F_Max_Stories":null,"F4F_Min_Lot_Size":null,"F4F_Max_Lot_Building_Coverage":null,"F4F_Max_Lot_Impervious_Coverage":null,"F4F_Min_Parking_Spaces_per_1BR":null,"F4F_Min_Parking_Spaces_per_mult_BR":null,"F3F_Elderly_Housing_Only":null,"F4F_Elderly_Housing_Only":null,"F4F_Affordable_Housing_Only":null,"F4F_Proximity_to_Public_Transit_Required":null,"F4F_Connection_to_Sewage/Water_Required":null,"ADU_Allowance":"Allowed/Conditional","ADU_Elderly_Housing_Only":"No","ADU_Max_Size_as_Percent_of_Primary_Strcture":30.0,"ADU_Max_Size_in_sq_ft":800.0,"ADU_Min_Lot_Size":1.0,"ADU_Max_Bedrooms":null,"ADU_Min_Parking_Spaces":null,"ADU_Owner_Occupancy_Required":"Yes","ADU_Renter_Occupancy_Prohibited":"No","ADU_Employee_or_Family_Occupancy_Required":"No","ADU_Restricted_to_Primary_Structure":"No","Affordable_Housing_Allowance":"Not Mentioned","Affordable_Housing_District":"No","Affordable_Housing_Elderly_Only":null,"Affordable_Housing_Min_Lot_Size":null,"Affordable_Housing_Max_Density":null,"Affordable_Housing_Min_Parking_Spaces_per_mult_BR":null,"Affordable_Housing_Max_Units_per_Building":null,"Affordable_Housing_Min_Parking_Spaces_per_1BR":null,"PRD_Allowance":"Not Mentioned","PRD_Max_Density":null,"PRD_Max_Units":null,"PRD_Min_Lot_Size":null,"PRD_Mobile_or_Manufactured_Home_Park":null,"PUD_Allowance":null,"PUD_Required_with_Subdivision":null,"PUD_Requires_Land_Conservation":null,"PUD_Threshold_Number":null,"Notes":"None"},"geometry":{"type":"MultiPolygon","coordinates":[[[[-72.30791848215281,44.56873334795965],[-72.30807975139267,44.569110696412345],[-72.30810964854032,44.56959310982975],[-72.30823764261358,44.57014587820557],[-72.30855863944936,44.57088507434453],[-72.30896458312701,44.57148341375184],[-72.30950392277339,44.57175428626561],[-72.31181764597005,44.572234185256505],[-72.31519545952105,44.57432123162975],[-72.31577528706086,44.574831447158466],[-72.31639863396543,44.57555058769119],[-72.31655275086496,44.577107749910034],[-72.31687853003217,44.57910249056228],[-72.31752574721398,44.582033629598435],[-72.3175485118276,44.58228383957776],[-72.31739246474599,44.58309902297549],[-72.31744918022865,44.58348336969011],[-72.3176287643973,44.58403984166523],[-72.31785242211834,44.58428667067887],[-72.31814382161213,44.58443922240241],[-72.32030868170914,44.58519777427612],[-72.32187682915897,44.58544493523843],[-72.32335069060183,44.58582149995271],[-72.32424896144336,44.58598217610365],[-72.32496357835662,44.58623796279559],[-72.3263853727213,44.58706536533692],[-72.32766735860814,44.58793024266651],[-72.3281514745353,44.58817584306581],[-72.32894399283344,44.58846951000115],[-72.3293463212222,44.58869059919082],[-72.33027639420455,44.589718710563275],[-72.33113705451831,44.59097817976952],[-72.33143769512522,44.59153656578368],[-72.32950849232037,44.59188470358938],[-72.3279257191153,44.59225218835876],[-72.3270338446257,44.592284936812135],[-72.32613805559423,44.592393467993176],[-72.32477149363216,44.59284491606329],[-72.32166439144841,44.59405224219136],[-72.32090557929799,44.59429682278335],[-72.31924321403129,44.59465958868721],[-72.31896319188625,44.59483191534432],[-72.31860433940193,44.59517063268827],[-72.31770063679508,44.59617531608988],[-72.31740277667899,44.5964096451888],[-72.3168730558899,44.59664012825431],[-72.31476622671912,44.597371991391256],[-72.31397669138799,44.59757947270921],[-72.31352662167829,44.59775596440565],[-72.31327900532915,44.59803002545134],[-72.31244879202293,44.59964405183355],[-72.31224959210317,44.60052843670576],[-72.31217986696254,44.60065970796354],[-72.31188382681916,44.60102179635268],[-72.3114235193054,44.60227832113031],[-72.31093296105401,44.60326995940434],[-72.31068753198623,44.60359532395663],[-72.30993617580364,44.603427588585824],[-72.30931689154066,44.60320806832297],[-72.30766077123398,44.60237635356462],[-72.30683108604106,44.60188281071484],[-72.30655360650628,44.6016420360395],[-72.3052233637867,44.59932326858577],[-72.30442276541623,44.598158398406746],[-72.30387731960228,44.59743111010967],[-72.30258837805864,44.595994510328666],[-72.30149789892077,44.59444839900385],[-72.30046195000297,44.59316421734332],[-72.29877975864957,44.58895328277564],[-72.29804893875968,44.58611550497997],[-72.29686539315799,44.58255235008954],[-72.29779334771712,44.58237190740081],[-72.29739336525425,44.58131709407752],[-72.29662011718158,44.57833118843142],[-72.29686306099313,44.57768551397636],[-72.2969684197311,44.57719268722883],[-72.29694022903341,44.57627863036374],[-72.29682033796287,44.57582630125017],[-72.3004632520413,44.57075337398644],[-72.29963295066543,44.57040477403481],[-72.30003599045784,44.570024717886966],[-72.30052652009762,44.56979159398367],[-72.30167979059893,44.56939763271939],[-72.30211096446367,44.569176186228034],[-72.30275850577722,44.568707538569086],[-72.30316957242974,44.56851206139568],[-72.30381230190402,44.567935410129365],[-72.30447720348971,44.567460397414145],[-72.30503580445905,44.56722656240624],[-72.30635946844792,44.56705233188881],[-72.30734634323619,44.568186203214054],[-72.30791848215281,44.56873334795965]],[[-72.30233398182615,44.57384119239569],[-72.30137771467305,44.5742238008981],[-72.30099645679812,44.57448663739226],[-72.30070027515013,44.574576748621595],[-72.30024024047962,44.574826397869785],[-72.29991284646306,44.575058999001364],[-72.29977316831643,44.57529633628579],[-72.29901575898877,44.5759773344163],[-72.2985188251346,44.57630025168018],[-72.29849429719404,44.57647299532832],[-72.29820708157295,44.576695941316984],[-72.29810646032003,44.57688618006766],[-72.2981972572192,44.57713743229404],[-72.29817195618833,44.577750959223835],[-72.2984547328637,44.57936134427911],[-72.29848720919658,44.57998315875485],[-72.29863278132244,44.580235847125145],[-72.29870005084908,44.58070375355705],[-72.29939859536354,44.58170543870241],[-72.29991358328056,44.58229741131574],[-72.29997709649726,44.58257766925822],[-72.29977611654589,44.583463669775185],[-72.29986392966666,44.58418114764265],[-72.29981055710272,44.58469203380157],[-72.2998525257142,44.58493832835047],[-72.2996386322958,44.58580288818434],[-72.29934732793876,44.58789560638052],[-72.29932876509167,44.58860760558114],[-72.29971698884698,44.58891066167244],[-72.30008431585516,44.588991929935446],[-72.30043636078422,44.588791871129615],[-72.30160453894057,44.58842141628146],[-72.30232554203229,44.58804137597867],[-72.30382814990288,44.58756474314581],[-72.3039578795165,44.587367979287606],[-72.30413026128872,44.58737447555934],[-72.30435385694439,44.587467017036985],[-72.30478354019365,44.58784338758695],[-72.30479969855794,44.5882065369743],[-72.30500576680667,44.58834853255584],[-72.30527227985085,44.58840973342751],[-72.30589629214657,44.588710203217964],[-72.30599870417542,44.588931940862835],[-72.30600595009392,44.589362929581135],[-72.30591922441478,44.58950433580432],[-72.30557375940757,44.589848606734115],[-72.30476692458932,44.590250401627245],[-72.30452501140307,44.59043473621665],[-72.30402432249488,44.590680007157324],[-72.30393768436173,44.590790735192854],[-72.30373972140407,44.5908273814006],[-72.3035160899851,44.59070379744097],[-72.30330133703976,44.59045099213534],[-72.30305215991022,44.59035841893483],[-72.30272430919655,44.590480867211966],[-72.30239695116704,44.590455641443405],[-72.30200888639808,44.590541191648626],[-72.30177590321522,44.590651569770074],[-72.30134029011887,44.591093215596224],[-72.30116185515293,44.591160937067585],[-72.30037412793598,44.59126161858581],[-72.3001137038268,44.591772142174065],[-72.3001304940044,44.59194458993646],[-72.30081753043878,44.59256143543251],[-72.30106669047213,44.59273420524283],[-72.30129054906477,44.59279002967527],[-72.30141245299781,44.59294080886476],[-72.30183231123763,44.59310180921305],[-72.30193952937269,44.593237432740324],[-72.30225816886804,44.593311959934674],[-72.30300610360092,44.59373793167923],[-72.30358265653626,44.59397299441332],[-72.30364252075536,44.59407154599062],[-72.30384029133445,44.59413956229428],[-72.30391747218165,44.59425659290973],[-72.30455011819838,44.5944394656494],[-72.30473944874637,44.59454436393778],[-72.304876547138,44.594747800405756],[-72.30488410941156,44.595086455688474],[-72.30495250016996,44.59519736275095],[-72.30512447865857,44.5953329939222],[-72.30569957599992,44.59604807624753],[-72.30610425626584,44.59612264992294],[-72.30652556953522,44.59630802796855],[-72.30742123573434,44.5964943798427],[-72.30813927369894,44.59645941115194],[-72.3083661152427,44.59626513830031],[-72.3085197236565,44.596246135653935],[-72.30860788916549,44.59628462759352],[-72.30868400029851,44.596465819868975],[-72.30897489961527,44.59659157864879],[-72.30995093988334,44.59662245010737],[-72.31156769732523,44.59625696716929],[-72.31217437657064,44.59599437913303],[-72.3126482369194,44.595982735698975],[-72.31309693848054,44.59588502313761],[-72.31326949631993,44.595805389907625],[-72.31338182110895,44.59565159387179],[-72.31335639809008,44.595491449586994],[-72.31311592270634,44.595343201644816],[-72.31311615091441,44.595275534564855],[-72.31334880097198,44.59526987558087],[-72.31359801331512,44.59535640667239],[-72.31358044992714,44.595571821878224],[-72.31387320935376,44.59559695919361],[-72.31415749422625,44.59555440642001],[-72.31613994693447,44.594949536584764],[-72.31768550487564,44.59433484193116],[-72.31790159153257,44.59410120599695],[-72.31798068629939,44.59357819607229],[-72.31829146399845,44.593394033555676],[-72.31842163191688,44.59304946958485],[-72.31856850304678,44.59292039395053],[-72.31873030485032,44.592890769609376],[-72.31915983040457,44.59259195942964],[-72.31978086110686,44.59234661958296],[-72.32045363149054,44.59214456240645],[-72.32107410108262,44.59207795500854],[-72.32138468662916,44.59195524800511],[-72.32207489815194,44.59156223540357],[-72.32250649344158,44.591236604190044],[-72.3227223513944,44.59119401009829],[-72.32302434086354,44.59103438006191],[-72.32336915642372,44.59099802032135],[-72.32405603479786,44.59070102291693],[-72.32430493044387,44.59039902699826],[-72.32437947994835,44.5900673411702],[-72.32421122173534,44.58973185489153],[-72.32434435510804,44.589725132961455],[-72.32430075518191,44.5898201812769],[-72.32436075990331,44.58988020619065],[-72.32439795577787,44.58982366680152],[-72.3246476416734,44.58975628210291],[-72.32481214600269,44.58937181545194],[-72.32479561740512,44.58921106712603],[-72.3246214468185,44.58917453174289],[-72.32457870584025,44.58901904371453],[-72.32483521703857,44.5888985804135],[-72.3248698873187,44.58859275009316],[-72.32458484719497,44.58773080605298],[-72.32424971567893,44.58744707474424],[-72.3235617681423,44.58706435279014],[-72.32320961776198,44.58679285185453],[-72.32248275465888,44.586376225734924],[-72.3222763176956,44.586345211671805],[-72.32217343241875,44.586263602436844],[-72.32185275770122,44.58636245501939],[-72.32172532711256,44.58619667620636],[-72.32019250689531,44.585954085567074],[-72.31882373437703,44.58564405542241],[-72.31844031767827,44.585671158130246],[-72.31767289007455,44.58592237059804],[-72.31706096598427,44.58605080209725],[-72.31635463033713,44.5860126778277],[-72.31610459275838,44.586073831655575],[-72.31588111963889,44.5859378539192],[-72.3155188453469,44.58601124091915],[-72.31531230333643,44.58597401627678],[-72.31518266223,44.586152341953984],[-72.31513858822969,44.58642926917952],[-72.31500940328829,44.58646605614915],[-72.31490592103832,44.58641657411401],[-72.31482877440509,44.58631799578973],[-72.31485528537684,44.58613939629767],[-72.31461919712429,44.58589594305707],[-72.31452499698756,44.5856987989581],[-72.31455145526891,44.585532617571765],[-72.31493227444912,44.58497302944083],[-72.31502829942814,44.584597552179574],[-72.31528707393737,44.58440107785734],[-72.31536950061187,44.584219423343704],[-72.31535306160514,44.58404102871129],[-72.3157163179472,44.58357364872699],[-72.3157857792706,44.583352203225104],[-72.31568108663254,44.58312659625479],[-72.31583930901395,44.58274680798506],[-72.3156769110289,44.58241402874669],[-72.31539451999602,44.58204225845115],[-72.31531070647534,44.58174856455508],[-72.31492599339298,44.58112177066088],[-72.31445625495972,44.5805853712904],[-72.31393189774248,44.580161451577254],[-72.31382973181567,44.57997985984153],[-72.3135282876202,44.57974179341588],[-72.31348051253948,44.57956460891295],[-72.31330588526632,44.579400260709775],[-72.31312550287996,44.579071760722286],[-72.31312669495468,44.578696045775274],[-72.31303165347701,44.57829865684663],[-72.3131288714117,44.57805700882816],[-72.3130629365576,44.57788834373561],[-72.31308262163722,44.577478002607116],[-72.31303509202866,44.57722324143299],[-72.31294443556223,44.57714543068532],[-72.31278268691153,44.57677800069437],[-72.31253000026756,44.57646233469343],[-72.3114631451855,44.57565306427133],[-72.31113731251601,44.57553158498537],[-72.3105947975219,44.575176655141895],[-72.31022671587792,44.575003158197376],[-72.30936966771621,44.574656249713414],[-72.30911613888148,44.574608406154745],[-72.30898384723085,44.57448299991841],[-72.30868784213045,44.574404749446956],[-72.30824754521161,44.57417948340551],[-72.30751692692996,44.574065935710216],[-72.30729901487454,44.574130276989486],[-72.3071964636496,44.574112829721905],[-72.3065811355822,44.57386132739686],[-72.30652707895494,44.57379644881612],[-72.30608616721011,44.57376122828199],[-72.30582656724596,44.573605287035775],[-72.30568248637807,44.57339337701223],[-72.30556195107863,44.57332854863553],[-72.30485524629664,44.573223586561504],[-72.30387596087442,44.57334277189787],[-72.30233398182615,44.57384119239569]],[[-72.31720092330536,44.59527773471419],[-72.3173204946999,44.59526559069946],[-72.31734153163002,44.59522107606418],[-72.31718418536113,44.5950742375953],[-72.31708640579966,44.59512779780132],[-72.31720092330536,44.59527773471419]]],[[[-72.36029698549895,44.589704241711345],[-72.36030084561604,44.590498609924246],[-72.36029081836874,44.59068418655604],[-72.36002804295636,44.591861914921665],[-72.35939635431868,44.593728686764976],[-72.35921417327296,44.59454315827276],[-72.35919964578721,44.594977941967414],[-72.35916750355469,44.59532740324621],[-72.35887889926707,44.59660199418017],[-72.35886942978276,44.59695705384534],[-72.35907133751152,44.597235202921226],[-72.35976290936465,44.59790159542619],[-72.36012237541706,44.59839472726969],[-72.3601745543353,44.59856734973659],[-72.36023284718124,44.599455204894625],[-72.36012076143801,44.600771590592494],[-72.36006984526549,44.60099418122149],[-72.35997113603717,44.601243055026266],[-72.35950898604527,44.6019314876133],[-72.3592735489293,44.60257586196823],[-72.35943138301822,44.60459436629594],[-72.35947734266391,44.60475071775039],[-72.35952435247611,44.60498470901062],[-72.35770817028829,44.607470794598214],[-72.35761171531956,44.607238441923556],[-72.35756831794124,44.60710708035693],[-72.35743343009808,44.606690567094496],[-72.35739136674394,44.60654513315256],[-72.3573708810797,44.606385993250655],[-72.35751471715992,44.60595986376323],[-72.35736275813171,44.60545482298398],[-72.3574900481845,44.60507304461265],[-72.35739691885274,44.60488538440394],[-72.35747222299157,44.60484085100004],[-72.35749725927084,44.604695635752705],[-72.35774455992919,44.604535205294056],[-72.3576750276861,44.60432976691707],[-72.35785969112104,44.6041243526443],[-72.35789692158947,44.603731411404105],[-72.35768432654324,44.60304557911808],[-72.3574970842154,44.60286220856319],[-72.35727190827201,44.6028976482254],[-72.35718984915805,44.602607145265836],[-72.3573391770295,44.60222774683603],[-72.35767120242298,44.60202494836595],[-72.35778517704343,44.60177500397981],[-72.35801912427394,44.60155643887001],[-72.35802407174045,44.601439172709526],[-72.35820205039903,44.60123619727281],[-72.35828179427305,44.600869931951635],[-72.35810223594447,44.600838575102536],[-72.3580099658908,44.60060726441012],[-72.35809395428315,44.600413080614445],[-72.35829428633495,44.60023802244133],[-72.35826452892869,44.60004036309296],[-72.35837211716307,44.59982261583929],[-72.35831388376485,44.59963500037142],[-72.35840973318558,44.59937621257348],[-72.35851774231051,44.59930039427204],[-72.35869775564112,44.59929494757163],[-72.35874411049495,44.59944682191236],[-72.35886336556953,44.59946020188508],[-72.35899027053986,44.59922187673633],[-72.35851010992778,44.59839856930107],[-72.35805747888698,44.59791204000543],[-72.35759547705234,44.59723823284768],[-72.35751692704486,44.59680337845027],[-72.35794468043082,44.5954060446678],[-72.35793550359718,44.59529237673078],[-72.35782996891639,44.59518515657046],[-72.35782895248907,44.59493100906591],[-72.35775780641639,44.59477262567235],[-72.35776698270776,44.59467463662979],[-72.35796575148794,44.5945054210482],[-72.35789455405207,44.593700437684916],[-72.35809649882893,44.593310397565304],[-72.3580507231924,44.59292480378352],[-72.3579528916635,44.592708429138455],[-72.358034687107,44.592425408560544],[-72.35797313883953,44.59214663740409],[-72.35805914519194,44.592050804643954],[-72.35803814370585,44.59162060955346],[-72.35814936253405,44.59151599414146],[-72.3580871998933,44.591391011201],[-72.3581941208737,44.591081384643175],[-72.35830211187009,44.59089640224992],[-72.3585144262522,44.590749439666304],[-72.35845284235388,44.590542203152886],[-72.3585485691336,44.59033479165985],[-72.35850807468297,44.59015421739825],[-72.35854632328522,44.590009377884634],[-72.35868978995809,44.589893650820606],[-72.35879646563488,44.58906440020537],[-72.35886208459505,44.588952982693264],[-72.35880330773143,44.58883915260241],[-72.35846000393684,44.58863952188502],[-72.35900737685553,44.58819429977571],[-72.36015331840179,44.5882958114504],[-72.36029698549895,44.589704241711345]]]]}}]}