{"type":"FeatureCollection","name":"Washington_Warren","features":[{"type":"Feature","properties":{"OBJECT_ID":740,"County":"Washington","RPC":"CVRPC","Municipal_Name":"Warren ","GEO_ID":"5002376525","District_Name":"Alpine Village Residential","Abbreviated_District_Name":"Avr","District_Type":"Primarily Residential","Bylaw_Date":"2024-06-05","Elderly_Housing_District":"No","District_Mapped":"Yes","Overlay_District":"No","Base_Density":null,"GIS_ID":null,"Last_Update":null,"Shape_Length":5269.580783622428,"Shape_Area":1145678.12781094,"F1F_Allowance":"Permitted","F1F_Front_Setback":20.0,"F1F_Side_Setback":15.0,"F1F_Rear_Setback":15.0,"F1F_Frontage":null,"F1F_Max_Height":35.0,"F1F_Max_Stories":null,"F1F_Min_Lot_Size":1.0,"F1F_Max_Lot_Building_Coverage":25.0,"F1F_Max_Lot_Impervious_Coverage":null,"F1F_Min_Parking_Spaces":1.0,"F1F_Elderly_Housing_Only":null,"F1F_Affordable_Housing_Only":null,"F2F_Allowance":"Public Hearing","F2F_Front_Setback":20.0,"F2F_Side_Setback":15.0,"F2F_Rear_Setback":15.0,"F2F_Frontage":null,"F2F_Max_Density":1.0,"F2F_Max_Height":35.0,"F2F_Max_Stories":null,"F2F_Min_Lot_Size":2.0,"F2F_Max_Lot_Building_Coverage":25.0,"F2F_Max_Lot_Impervious_Coverage":null,"F2F_Min_Parking_Spaces_per_1BR":1.0,"F2F_Min_Parking_Spaces_per_mult_BR":1.0,"F2F_Elderly_Housing_Only":"No","F2F_Affordable_Housing_Only":"No","F3F_Allowance":"Prohibited","F3F_Front_Setback":null,"F3F_Side_Setback":null,"F3F_Rear_Setback":null,"F3F_Frontage":null,"F3F_Max_Density":null,"F3F_Max_Height":null,"F3F_Max_Stories":null,"F3F_Min_Lot_Size":null,"F3F_Max_Lot_Building_Coverage":null,"F3F_Max_Lot_Impervious_Coverage":null,"F3F_Min_Parking_Spaces_per_1BR":null,"F3F_Min_Parking_Spaces_per_mult_BR":null,"F3F_Affordable_Housing_Only":"No","F3F_Proximity_to_Public_Transit_Required":"No","F3F_Connection_to_Sewage/Water_Required":"No","F4F_Allowance":"Prohibited","F4F_Front_Setback":null,"F4F_Side_Setback":null,"F4F_Rear_Setback":null,"F4F_Frontage":null,"F1F_Max_Density":null,"F4F_Max_Density":null,"F4F_Max_Height":null,"F4F_Max_Stories":null,"F4F_Min_Lot_Size":null,"F4F_Max_Lot_Building_Coverage":null,"F4F_Max_Lot_Impervious_Coverage":null,"F4F_Min_Parking_Spaces_per_1BR":null,"F4F_Min_Parking_Spaces_per_mult_BR":null,"F3F_Elderly_Housing_Only":"No","F4F_Elderly_Housing_Only":"No","F4F_Affordable_Housing_Only":"No","F4F_Proximity_to_Public_Transit_Required":"No","F4F_Connection_to_Sewage/Water_Required":"No","ADU_Allowance":"Allowed/Conditional","ADU_Elderly_Housing_Only":"No","ADU_Max_Size_as_Percent_of_Primary_Strcture":null,"ADU_Max_Size_in_sq_ft":null,"ADU_Min_Lot_Size":1.0,"ADU_Max_Bedrooms":null,"ADU_Min_Parking_Spaces":1.0,"ADU_Owner_Occupancy_Required":"No","ADU_Renter_Occupancy_Prohibited":"No","ADU_Employee_or_Family_Occupancy_Required":"No","ADU_Restricted_to_Primary_Structure":"No","Affordable_Housing_Allowance":"Not Mentioned","Affordable_Housing_District":"No","Affordable_Housing_Elderly_Only":"No","Affordable_Housing_Min_Lot_Size":null,"Affordable_Housing_Max_Density":null,"Affordable_Housing_Min_Parking_Spaces_per_mult_BR":null,"Affordable_Housing_Max_Units_per_Building":null,"Affordable_Housing_Min_Parking_Spaces_per_1BR":null,"PRD_Allowance":"Prohibited","PRD_Max_Density":null,"PRD_Max_Units":null,"PRD_Min_Lot_Size":null,"PRD_Mobile_or_Manufactured_Home_Park":"No","PUD_Allowance":null,"PUD_Required_with_Subdivision":null,"PUD_Requires_Land_Conservation":null,"PUD_Threshold_Number":null,"Notes":"None","FIPS6":null},"geometry":{"type":"MultiPolygon","coordinates":[[[[-72.84009177786359,44.06746562466946],[-72.84000461642003,44.06635521705348],[-72.83980193207451,44.065860047451224],[-72.83979943713216,44.06570233043367],[-72.83885031594716,44.06536786338999],[-72.82986779317976,44.06300664791219],[-72.82749785323206,44.06246738843227],[-72.8267066704286,44.062231117770644],[-72.82632315493316,44.06202079267791],[-72.82264667511548,44.06098616786033],[-72.8225488993273,44.06143626681721],[-72.82235839118242,44.06345072977871],[-72.82191089379421,44.064691015332286],[-72.82205757705282,44.06470897210729],[-72.82281826306438,44.0650652651785],[-72.82307386684393,44.06506885645036],[-72.82442189519435,44.06551970759059],[-72.82509605880645,44.065643886627264],[-72.82961619643616,44.067089506936135],[-72.82771943996896,44.07090889259623],[-72.82817333547706,44.07176679459063],[-72.83111002033506,44.07272015280096],[-72.83321608445804,44.07322890371066],[-72.83414719627785,44.07330718801739],[-72.83400214742186,44.07249000156384],[-72.84066076282635,44.07442198957124],[-72.84056956589549,44.07355162060684],[-72.84009177786359,44.06746562466946]]]]}},{"type":"Feature","properties":{"OBJECT_ID":751,"County":"Washington","RPC":"CVRPC","Municipal_Name":"Warren ","GEO_ID":"5002376525","District_Name":"Sugarbush Village Residential","Abbreviated_District_Name":"Svr","District_Type":"Primarily Residential","Bylaw_Date":"2024-06-05","Elderly_Housing_District":"No","District_Mapped":"Yes","Overlay_District":"No","Base_Density":null,"GIS_ID":null,"Last_Update":null,"Shape_Length":3111.100640595281,"Shape_Area":554669.3088767251,"F1F_Allowance":"Permitted","F1F_Front_Setback":25.0,"F1F_Side_Setback":20.0,"F1F_Rear_Setback":20.0,"F1F_Frontage":null,"F1F_Max_Height":50.0,"F1F_Max_Stories":null,"F1F_Min_Lot_Size":0.16,"F1F_Max_Lot_Building_Coverage":66.0,"F1F_Max_Lot_Impervious_Coverage":null,"F1F_Min_Parking_Spaces":1.0,"F1F_Elderly_Housing_Only":null,"F1F_Affordable_Housing_Only":null,"F2F_Allowance":"Public Hearing","F2F_Front_Setback":25.0,"F2F_Side_Setback":20.0,"F2F_Rear_Setback":20.0,"F2F_Frontage":null,"F2F_Max_Density":6.0,"F2F_Max_Height":50.0,"F2F_Max_Stories":null,"F2F_Min_Lot_Size":0.16,"F2F_Max_Lot_Building_Coverage":66.0,"F2F_Max_Lot_Impervious_Coverage":null,"F2F_Min_Parking_Spaces_per_1BR":1.0,"F2F_Min_Parking_Spaces_per_mult_BR":1.0,"F2F_Elderly_Housing_Only":"No","F2F_Affordable_Housing_Only":"No","F3F_Allowance":"Public Hearing","F3F_Front_Setback":25.0,"F3F_Side_Setback":20.0,"F3F_Rear_Setback":20.0,"F3F_Frontage":null,"F3F_Max_Density":6.0,"F3F_Max_Height":50.0,"F3F_Max_Stories":null,"F3F_Min_Lot_Size":0.16,"F3F_Max_Lot_Building_Coverage":66.0,"F3F_Max_Lot_Impervious_Coverage":null,"F3F_Min_Parking_Spaces_per_1BR":1.0,"F3F_Min_Parking_Spaces_per_mult_BR":1.0,"F3F_Affordable_Housing_Only":"No","F3F_Proximity_to_Public_Transit_Required":"No","F3F_Connection_to_Sewage/Water_Required":"No","F4F_Allowance":"Public Hearing","F4F_Front_Setback":25.0,"F4F_Side_Setback":20.0,"F4F_Rear_Setback":20.0,"F4F_Frontage":null,"F1F_Max_Density":null,"F4F_Max_Density":6.0,"F4F_Max_Height":50.0,"F4F_Max_Stories":null,"F4F_Min_Lot_Size":0.16,"F4F_Max_Lot_Building_Coverage":66.0,"F4F_Max_Lot_Impervious_Coverage":null,"F4F_Min_Parking_Spaces_per_1BR":1.0,"F4F_Min_Parking_Spaces_per_mult_BR":1.0,"F3F_Elderly_Housing_Only":"No","F4F_Elderly_Housing_Only":"No","F4F_Affordable_Housing_Only":"No","F4F_Proximity_to_Public_Transit_Required":"No","F4F_Connection_to_Sewage/Water_Required":"No","ADU_Allowance":"Allowed/Conditional","ADU_Elderly_Housing_Only":"No","ADU_Max_Size_as_Percent_of_Primary_Strcture":null,"ADU_Max_Size_in_sq_ft":null,"ADU_Min_Lot_Size":0.16,"ADU_Max_Bedrooms":null,"ADU_Min_Parking_Spaces":1.0,"ADU_Owner_Occupancy_Required":"No","ADU_Renter_Occupancy_Prohibited":"No","ADU_Employee_or_Family_Occupancy_Required":"No","ADU_Restricted_to_Primary_Structure":"No","Affordable_Housing_Allowance":"Not Mentioned","Affordable_Housing_District":"No","Affordable_Housing_Elderly_Only":"No","Affordable_Housing_Min_Lot_Size":null,"Affordable_Housing_Max_Density":null,"Affordable_Housing_Min_Parking_Spaces_per_mult_BR":null,"Affordable_Housing_Max_Units_per_Building":null,"Affordable_Housing_Min_Parking_Spaces_per_1BR":null,"PRD_Allowance":"Public Hearing","PRD_Max_Density":null,"PRD_Max_Units":null,"PRD_Min_Lot_Size":null,"PRD_Mobile_or_Manufactured_Home_Park":"Yes","PUD_Allowance":null,"PUD_Required_with_Subdivision":null,"PUD_Requires_Land_Conservation":null,"PUD_Threshold_Number":null,"Notes":"None","FIPS6":null},"geometry":{"type":"MultiPolygon","coordinates":[[[[-72.88907028658515,44.14809462090176],[-72.8895731263607,44.14822193657348],[-72.89676307732437,44.147032930089104],[-72.89761930167107,44.14610598698096],[-72.89953357966866,44.1454090367373],[-72.89890914454645,44.14217615814455],[-72.89811352498918,44.14171363256389],[-72.89691064639916,44.140813929867825],[-72.89609047494274,44.14029379975911],[-72.89563642265888,44.140731156798324],[-72.89570085782103,44.14075489524124],[-72.89558912067287,44.14091215043787],[-72.89500214246439,44.14077630771258],[-72.89444470940967,44.140750091588544],[-72.89255585669045,44.14102477238184],[-72.89195278857606,44.141464008170956],[-72.8907763806301,44.141940502219725],[-72.89035918287361,44.142337122103],[-72.89018091217392,44.14242595719272],[-72.89001214985723,44.14239598834917],[-72.88988029286628,44.14217465321861],[-72.88989147590812,44.14186563244577],[-72.88999776666111,44.14152909891985],[-72.8897510291151,44.14169003926409],[-72.8894103623514,44.14218550258505],[-72.88905534903631,44.14320787273631],[-72.8882072068384,44.14325587131496],[-72.88907028658515,44.14809462090176]]]]}},{"type":"Feature","properties":{"OBJECT_ID":750,"County":"Washington","RPC":"CVRPC","Municipal_Name":"Warren ","GEO_ID":"5002376525","District_Name":"Sugarbush Village Commercial","Abbreviated_District_Name":"Svc","District_Type":"Mixed with Residential","Bylaw_Date":"2024-06-05","Elderly_Housing_District":"No","District_Mapped":"Yes","Overlay_District":"No","Base_Density":null,"GIS_ID":null,"Last_Update":null,"Shape_Length":3863.46432845529,"Shape_Area":469794.5299180364,"F1F_Allowance":"Prohibited","F1F_Front_Setback":null,"F1F_Side_Setback":null,"F1F_Rear_Setback":null,"F1F_Frontage":null,"F1F_Max_Height":null,"F1F_Max_Stories":null,"F1F_Min_Lot_Size":null,"F1F_Max_Lot_Building_Coverage":null,"F1F_Max_Lot_Impervious_Coverage":null,"F1F_Min_Parking_Spaces":null,"F1F_Elderly_Housing_Only":null,"F1F_Affordable_Housing_Only":null,"F2F_Allowance":"Public Hearing","F2F_Front_Setback":null,"F2F_Side_Setback":null,"F2F_Rear_Setback":null,"F2F_Frontage":null,"F2F_Max_Density":20.0,"F2F_Max_Height":50.0,"F2F_Max_Stories":null,"F2F_Min_Lot_Size":null,"F2F_Max_Lot_Building_Coverage":null,"F2F_Max_Lot_Impervious_Coverage":null,"F2F_Min_Parking_Spaces_per_1BR":1.0,"F2F_Min_Parking_Spaces_per_mult_BR":1.0,"F2F_Elderly_Housing_Only":"No","F2F_Affordable_Housing_Only":"No","F3F_Allowance":"Public Hearing","F3F_Front_Setback":null,"F3F_Side_Setback":null,"F3F_Rear_Setback":null,"F3F_Frontage":null,"F3F_Max_Density":20.0,"F3F_Max_Height":50.0,"F3F_Max_Stories":null,"F3F_Min_Lot_Size":null,"F3F_Max_Lot_Building_Coverage":null,"F3F_Max_Lot_Impervious_Coverage":null,"F3F_Min_Parking_Spaces_per_1BR":1.0,"F3F_Min_Parking_Spaces_per_mult_BR":1.0,"F3F_Affordable_Housing_Only":"No","F3F_Proximity_to_Public_Transit_Required":"No","F3F_Connection_to_Sewage/Water_Required":"Yes","F4F_Allowance":"Public Hearing","F4F_Front_Setback":null,"F4F_Side_Setback":null,"F4F_Rear_Setback":null,"F4F_Frontage":null,"F1F_Max_Density":null,"F4F_Max_Density":20.0,"F4F_Max_Height":50.0,"F4F_Max_Stories":null,"F4F_Min_Lot_Size":null,"F4F_Max_Lot_Building_Coverage":null,"F4F_Max_Lot_Impervious_Coverage":null,"F4F_Min_Parking_Spaces_per_1BR":1.0,"F4F_Min_Parking_Spaces_per_mult_BR":1.0,"F3F_Elderly_Housing_Only":"No","F4F_Elderly_Housing_Only":"No","F4F_Affordable_Housing_Only":"No","F4F_Proximity_to_Public_Transit_Required":"No","F4F_Connection_to_Sewage/Water_Required":"Yes","ADU_Allowance":"Not Mentioned","ADU_Elderly_Housing_Only":"No","ADU_Max_Size_as_Percent_of_Primary_Strcture":null,"ADU_Max_Size_in_sq_ft":null,"ADU_Min_Lot_Size":null,"ADU_Max_Bedrooms":null,"ADU_Min_Parking_Spaces":null,"ADU_Owner_Occupancy_Required":"No","ADU_Renter_Occupancy_Prohibited":"No","ADU_Employee_or_Family_Occupancy_Required":"No","ADU_Restricted_to_Primary_Structure":"No","Affordable_Housing_Allowance":"Not Mentioned","Affordable_Housing_District":"No","Affordable_Housing_Elderly_Only":"No","Affordable_Housing_Min_Lot_Size":null,"Affordable_Housing_Max_Density":null,"Affordable_Housing_Min_Parking_Spaces_per_mult_BR":null,"Affordable_Housing_Max_Units_per_Building":null,"Affordable_Housing_Min_Parking_Spaces_per_1BR":null,"PRD_Allowance":"Public Hearing","PRD_Max_Density":20.0,"PRD_Max_Units":null,"PRD_Min_Lot_Size":null,"PRD_Mobile_or_Manufactured_Home_Park":"Yes","PUD_Allowance":null,"PUD_Required_with_Subdivision":null,"PUD_Requires_Land_Conservation":null,"PUD_Threshold_Number":null,"Notes":" Minimum Lot Sizes Determined By The Drb During Pud Approval. ","FIPS6":null},"geometry":{"type":"MultiPolygon","coordinates":[[[[-72.89396018993463,44.13340602181368],[-72.89279444270583,44.133571904657614],[-72.89221917647328,44.133456059202814],[-72.89063767656138,44.13397155713144],[-72.89117969418895,44.13442248505072],[-72.89144232040046,44.13473309841487],[-72.89201043485832,44.13617034122169],[-72.89080375164535,44.13641544162288],[-72.88827412662656,44.1368143540565],[-72.88755672058551,44.13707801973956],[-72.88715042662419,44.137458196835716],[-72.8882072068384,44.14325587131496],[-72.88905534903631,44.14320787273631],[-72.8894103623514,44.14218550258505],[-72.8897510291151,44.14169003926409],[-72.88999776666111,44.14152909891985],[-72.88989147590812,44.14186563244577],[-72.88988029286628,44.14217465321861],[-72.89001214985723,44.14239598834917],[-72.89018091217392,44.14242595719272],[-72.89035918287361,44.142337122103],[-72.8907763806301,44.141940502219725],[-72.89195278857606,44.141464008170956],[-72.89255585669045,44.14102477238184],[-72.89444470940967,44.140750091588544],[-72.89500214246439,44.14077630771258],[-72.89558912067287,44.14091215043787],[-72.89570085782103,44.14075489524124],[-72.89563642265888,44.140731156798324],[-72.89609047494274,44.14029379975911],[-72.89586970431424,44.14011691031314],[-72.89527801291948,44.13988496528084],[-72.89500558624296,44.13968151025569],[-72.89453820715195,44.13945025018822],[-72.89430822270903,44.13928392942119],[-72.894210591624,44.13907806544423],[-72.89741142273914,44.134613560302554],[-72.89738156366373,44.13450570722591],[-72.89714683425521,44.1347822082084],[-72.89666425004499,44.134788638595616],[-72.89593480745222,44.13504552185287],[-72.8955821572498,44.1349219664262],[-72.89522335780521,44.13511357557223],[-72.89536425811099,44.135004013314465],[-72.89543452294677,44.134748366008225],[-72.89521004298858,44.13460267929049],[-72.89513575605741,44.1344213142099],[-72.89525376834865,44.133915255584924],[-72.89512160628067,44.133676163005134],[-72.89499367014466,44.133539597305145],[-72.8945221313412,44.13343790919125],[-72.89396018993463,44.13340602181368]]]]}},{"type":"Feature","properties":{"OBJECT_ID":752,"County":"Washington","RPC":"CVRPC","Municipal_Name":"Warren ","GEO_ID":"5002376525","District_Name":"Vacation Residential","Abbreviated_District_Name":"Vr","District_Type":"Mixed with Residential","Bylaw_Date":"2024-06-05","Elderly_Housing_District":"No","District_Mapped":"Yes","Overlay_District":"No","Base_Density":null,"GIS_ID":null,"Last_Update":null,"Shape_Length":10372.7247109865,"Shape_Area":2232901.661953084,"F1F_Allowance":"Permitted","F1F_Front_Setback":40.0,"F1F_Side_Setback":25.0,"F1F_Rear_Setback":25.0,"F1F_Frontage":null,"F1F_Max_Height":50.0,"F1F_Max_Stories":null,"F1F_Min_Lot_Size":1.0,"F1F_Max_Lot_Building_Coverage":50.0,"F1F_Max_Lot_Impervious_Coverage":null,"F1F_Min_Parking_Spaces":1.0,"F1F_Elderly_Housing_Only":null,"F1F_Affordable_Housing_Only":null,"F2F_Allowance":"Public Hearing","F2F_Front_Setback":40.0,"F2F_Side_Setback":25.0,"F2F_Rear_Setback":25.0,"F2F_Frontage":null,"F2F_Max_Density":3.0,"F2F_Max_Height":50.0,"F2F_Max_Stories":null,"F2F_Min_Lot_Size":1.0,"F2F_Max_Lot_Building_Coverage":50.0,"F2F_Max_Lot_Impervious_Coverage":null,"F2F_Min_Parking_Spaces_per_1BR":1.0,"F2F_Min_Parking_Spaces_per_mult_BR":1.0,"F2F_Elderly_Housing_Only":"No","F2F_Affordable_Housing_Only":"No","F3F_Allowance":"Prohibited","F3F_Front_Setback":null,"F3F_Side_Setback":null,"F3F_Rear_Setback":null,"F3F_Frontage":null,"F3F_Max_Density":null,"F3F_Max_Height":null,"F3F_Max_Stories":null,"F3F_Min_Lot_Size":null,"F3F_Max_Lot_Building_Coverage":null,"F3F_Max_Lot_Impervious_Coverage":null,"F3F_Min_Parking_Spaces_per_1BR":null,"F3F_Min_Parking_Spaces_per_mult_BR":null,"F3F_Affordable_Housing_Only":"No","F3F_Proximity_to_Public_Transit_Required":"No","F3F_Connection_to_Sewage/Water_Required":"No","F4F_Allowance":"Prohibited","F4F_Front_Setback":null,"F4F_Side_Setback":null,"F4F_Rear_Setback":null,"F4F_Frontage":null,"F1F_Max_Density":null,"F4F_Max_Density":null,"F4F_Max_Height":null,"F4F_Max_Stories":null,"F4F_Min_Lot_Size":null,"F4F_Max_Lot_Building_Coverage":null,"F4F_Max_Lot_Impervious_Coverage":null,"F4F_Min_Parking_Spaces_per_1BR":null,"F4F_Min_Parking_Spaces_per_mult_BR":null,"F3F_Elderly_Housing_Only":"No","F4F_Elderly_Housing_Only":"No","F4F_Affordable_Housing_Only":"No","F4F_Proximity_to_Public_Transit_Required":"No","F4F_Connection_to_Sewage/Water_Required":"No","ADU_Allowance":"Allowed/Conditional","ADU_Elderly_Housing_Only":"No","ADU_Max_Size_as_Percent_of_Primary_Strcture":null,"ADU_Max_Size_in_sq_ft":null,"ADU_Min_Lot_Size":null,"ADU_Max_Bedrooms":null,"ADU_Min_Parking_Spaces":1.0,"ADU_Owner_Occupancy_Required":"No","ADU_Renter_Occupancy_Prohibited":"No","ADU_Employee_or_Family_Occupancy_Required":"No","ADU_Restricted_to_Primary_Structure":"No","Affordable_Housing_Allowance":"Public Hearing","Affordable_Housing_District":"No","Affordable_Housing_Elderly_Only":"No","Affordable_Housing_Min_Lot_Size":1.0,"Affordable_Housing_Max_Density":6.0,"Affordable_Housing_Min_Parking_Spaces_per_mult_BR":1.0,"Affordable_Housing_Max_Units_per_Building":null,"Affordable_Housing_Min_Parking_Spaces_per_1BR":1.0,"PRD_Allowance":"Public Hearing","PRD_Max_Density":null,"PRD_Max_Units":null,"PRD_Min_Lot_Size":null,"PRD_Mobile_or_Manufactured_Home_Park":"Yes","PUD_Allowance":null,"PUD_Required_with_Subdivision":null,"PUD_Requires_Land_Conservation":null,"PUD_Threshold_Number":null,"Notes":"None","FIPS6":null},"geometry":{"type":"MultiPolygon","coordinates":[[[[-72.89105789873662,44.13328720657341],[-72.88641199919122,44.13364167915595],[-72.88683207078572,44.13520229610344],[-72.88671531645807,44.13521531658924],[-72.88660674788,44.1351613671727],[-72.8862548326388,44.13480164356223],[-72.88600920840292,44.13484704269786],[-72.88569921612562,44.13474615824432],[-72.88549427083407,44.1347423985664],[-72.88513667721514,44.134935193279034],[-72.88478777179888,44.134915770634585],[-72.88446805880864,44.13510397885151],[-72.88372274200242,44.13489650987033],[-72.88359774146345,44.13493758540377],[-72.88354227741644,44.13509260241859],[-72.88325431034436,44.13516764521199],[-72.88309929644062,44.13535363555777],[-72.88290818832769,44.135458980571954],[-72.88231677304537,44.13549104019524],[-72.8822069049883,44.13570704176707],[-72.8820274530605,44.13581170460475],[-72.88107488756218,44.135827296072776],[-72.88048561242825,44.13602094415837],[-72.8800673355718,44.13594422535453],[-72.87993939825495,44.13608796976254],[-72.88003372000607,44.13635726843118],[-72.87993290387132,44.13652809272799],[-72.87974582816888,44.136542419029894],[-72.87944578147412,44.136720006961156],[-72.87871894978719,44.136920963403945],[-72.87792544621843,44.13701516708907],[-72.8775209935017,44.13719026838119],[-72.87705053628613,44.13753747544581],[-72.8767968683243,44.13760514012287],[-72.8766589923903,44.13775154969888],[-72.87628991616751,44.137935965579096],[-72.8756753112852,44.13789351383135],[-72.87544410015485,44.137942999038714],[-72.87512670687624,44.13858005862415],[-72.87493180569773,44.1387554281418],[-72.87431692199827,44.138755888337116],[-72.87367139210559,44.13888199644595],[-72.87305836752626,44.138841104060326],[-72.87295305609292,44.13892903595604],[-72.87293183473979,44.13918626058763],[-72.8728529910246,44.13931985210922],[-72.87258714186301,44.139424501195066],[-72.87223336013481,44.139361731007604],[-72.87213344865783,44.139385097410596],[-72.87177578225085,44.13989314755288],[-72.87131434628631,44.13978396888228],[-72.87087437672297,44.13980395692438],[-72.87015273404919,44.139932592594576],[-72.86989549491345,44.14014779415851],[-72.87004094904448,44.14061104469898],[-72.8706444879279,44.14112561457449],[-72.87119512953636,44.141389702150136],[-72.87180494035199,44.141129591002816],[-72.87208337433479,44.14107494909257],[-72.87240975095642,44.141458669030655],[-72.87309907224858,44.14145522561941],[-72.8732846929236,44.14158274058959],[-72.87399233796891,44.14178126484419],[-72.87402711235109,44.14185069310887],[-72.87393883076881,44.14191249170934],[-72.8739865047337,44.141984332061895],[-72.87421982983625,44.14200228621755],[-72.87444816234503,44.14209324806608],[-72.87456356292353,44.142323728780084],[-72.87534415817818,44.14316684819071],[-72.8753361177655,44.14342897796914],[-72.87508059472927,44.14403641164443],[-72.87535159700649,44.14464481598005],[-72.87543259130346,44.14471839931324],[-72.87563319848883,44.144772232171306],[-72.87557060626581,44.1450569224356],[-72.8760406665837,44.145197789401024],[-72.87644087896122,44.145153337094364],[-72.8770179760433,44.1452394252185],[-72.87737196483727,44.145204786379935],[-72.8775093524422,44.145259189248776],[-72.87751520465648,44.145312573183716],[-72.87791017353128,44.145379608801036],[-72.87826722833798,44.14556316103086],[-72.8781776415,44.145798523988695],[-72.87809807991542,44.14583893900786],[-72.87821487160646,44.14591060727316],[-72.87819469528678,44.14608808825585],[-72.87839576375715,44.146392229752415],[-72.8782236492416,44.14649053782928],[-72.87806230769166,44.14648142207253],[-72.8780201552318,44.14656771219662],[-72.87807904255665,44.1465798914202],[-72.87809335900812,44.14671088304327],[-72.87790979012672,44.14669478913695],[-72.87776571056061,44.14685342163131],[-72.87761082544253,44.146880816659845],[-72.87751780164217,44.14703968056939],[-72.87730261683954,44.14721202760469],[-72.87730315167433,44.1484530778657],[-72.87723995439491,44.14900221576084],[-72.87715991916437,44.14916374272773],[-72.87401636184393,44.1496713053433],[-72.87431115608557,44.150504092439576],[-72.87263837627104,44.15046541962475],[-72.87290359158557,44.15255965374143],[-72.87294835364258,44.153495046003655],[-72.8731533224422,44.1538569805861],[-72.87335758363234,44.154557937385405],[-72.87332807640622,44.15514995083626],[-72.87343334285937,44.155972161714146],[-72.87605833510193,44.15557612804356],[-72.87703457149323,44.155325341606144],[-72.87870869124828,44.15508934176073],[-72.87920774662328,44.15518169921633],[-72.87924250566941,44.15488504529055],[-72.87938411107329,44.154585822571434],[-72.88069401384234,44.15483132161428],[-72.88198229684156,44.15308208061397],[-72.882838219802,44.15334206544114],[-72.8836123195036,44.15213594863489],[-72.88226721470087,44.15170276293382],[-72.88271693300766,44.150990159373144],[-72.88275357693226,44.15059695769206],[-72.88400860969925,44.1506098810801],[-72.8865304725038,44.150794794242366],[-72.88655037200766,44.15109807145035],[-72.88984416119152,44.151745889594665],[-72.88907028658515,44.14809462090176],[-72.8882072068384,44.14325587131496],[-72.88715042662419,44.137458196835716],[-72.88755672058551,44.13707801973956],[-72.88827412662656,44.1368143540565],[-72.89080375164535,44.13641544162288],[-72.89201043485832,44.13617034122169],[-72.89144232040046,44.13473309841487],[-72.89117969418895,44.13442248505072],[-72.89063767656138,44.13397155713144],[-72.89221917647328,44.133456059202814],[-72.89279444270583,44.133571904657614],[-72.89396018993463,44.13340602181368],[-72.89330950877465,44.13308622796294],[-72.89105789873662,44.13328720657341]],[[-72.87809962818694,44.14510948517401],[-72.87805951895007,44.145004429560714],[-72.87938855891947,44.145106754669186],[-72.87996941305315,44.14505349907398],[-72.87994866320496,44.14535056703843],[-72.8800541214713,44.14577588812171],[-72.88049285560732,44.1464000677346],[-72.87855961802542,44.14631030267518],[-72.87809962818694,44.14510948517401]]]]}},{"type":"Feature","properties":{"OBJECT_ID":744,"County":"Washington","RPC":"CVRPC","Municipal_Name":"Warren ","GEO_ID":"5002376525","District_Name":"German Flats Commercial","Abbreviated_District_Name":"Gfc","District_Type":"Mixed with Residential","Bylaw_Date":"2024-06-05","Elderly_Housing_District":"No","District_Mapped":"Yes","Overlay_District":"No","Base_Density":null,"GIS_ID":null,"Last_Update":null,"Shape_Length":618.0834051359031,"Shape_Area":20408.9791058271,"F1F_Allowance":"Prohibited","F1F_Front_Setback":null,"F1F_Side_Setback":null,"F1F_Rear_Setback":null,"F1F_Frontage":null,"F1F_Max_Height":null,"F1F_Max_Stories":null,"F1F_Min_Lot_Size":null,"F1F_Max_Lot_Building_Coverage":null,"F1F_Max_Lot_Impervious_Coverage":null,"F1F_Min_Parking_Spaces":null,"F1F_Elderly_Housing_Only":null,"F1F_Affordable_Housing_Only":null,"F2F_Allowance":"Public Hearing","F2F_Front_Setback":50.0,"F2F_Side_Setback":50.0,"F2F_Rear_Setback":50.0,"F2F_Frontage":null,"F2F_Max_Density":6.0,"F2F_Max_Height":50.0,"F2F_Max_Stories":null,"F2F_Min_Lot_Size":1.0,"F2F_Max_Lot_Building_Coverage":66.0,"F2F_Max_Lot_Impervious_Coverage":null,"F2F_Min_Parking_Spaces_per_1BR":1.0,"F2F_Min_Parking_Spaces_per_mult_BR":1.0,"F2F_Elderly_Housing_Only":"No","F2F_Affordable_Housing_Only":"No","F3F_Allowance":"Public Hearing","F3F_Front_Setback":50.0,"F3F_Side_Setback":50.0,"F3F_Rear_Setback":50.0,"F3F_Frontage":null,"F3F_Max_Density":6.0,"F3F_Max_Height":50.0,"F3F_Max_Stories":null,"F3F_Min_Lot_Size":1.0,"F3F_Max_Lot_Building_Coverage":66.0,"F3F_Max_Lot_Impervious_Coverage":null,"F3F_Min_Parking_Spaces_per_1BR":1.0,"F3F_Min_Parking_Spaces_per_mult_BR":1.0,"F3F_Affordable_Housing_Only":"No","F3F_Proximity_to_Public_Transit_Required":"No","F3F_Connection_to_Sewage/Water_Required":"Yes","F4F_Allowance":"Public Hearing","F4F_Front_Setback":50.0,"F4F_Side_Setback":50.0,"F4F_Rear_Setback":50.0,"F4F_Frontage":null,"F1F_Max_Density":null,"F4F_Max_Density":6.0,"F4F_Max_Height":50.0,"F4F_Max_Stories":null,"F4F_Min_Lot_Size":1.0,"F4F_Max_Lot_Building_Coverage":66.0,"F4F_Max_Lot_Impervious_Coverage":null,"F4F_Min_Parking_Spaces_per_1BR":1.0,"F4F_Min_Parking_Spaces_per_mult_BR":1.0,"F3F_Elderly_Housing_Only":"No","F4F_Elderly_Housing_Only":"No","F4F_Affordable_Housing_Only":"No","F4F_Proximity_to_Public_Transit_Required":"No","F4F_Connection_to_Sewage/Water_Required":"Yes","ADU_Allowance":"Allowed/Conditional","ADU_Elderly_Housing_Only":"No","ADU_Max_Size_as_Percent_of_Primary_Strcture":null,"ADU_Max_Size_in_sq_ft":null,"ADU_Min_Lot_Size":1.0,"ADU_Max_Bedrooms":null,"ADU_Min_Parking_Spaces":1.0,"ADU_Owner_Occupancy_Required":"No","ADU_Renter_Occupancy_Prohibited":"No","ADU_Employee_or_Family_Occupancy_Required":"No","ADU_Restricted_to_Primary_Structure":"No","Affordable_Housing_Allowance":"Not Mentioned","Affordable_Housing_District":"No","Affordable_Housing_Elderly_Only":"No","Affordable_Housing_Min_Lot_Size":null,"Affordable_Housing_Max_Density":null,"Affordable_Housing_Min_Parking_Spaces_per_mult_BR":null,"Affordable_Housing_Max_Units_per_Building":null,"Affordable_Housing_Min_Parking_Spaces_per_1BR":null,"PRD_Allowance":"Public Hearing","PRD_Max_Density":6.0,"PRD_Max_Units":null,"PRD_Min_Lot_Size":null,"PRD_Mobile_or_Manufactured_Home_Park":"Yes","PUD_Allowance":null,"PUD_Required_with_Subdivision":null,"PUD_Requires_Land_Conservation":null,"PUD_Threshold_Number":null,"Notes":"None","FIPS6":null},"geometry":{"type":"MultiPolygon","coordinates":[[[[-72.87809962818694,44.14510948517401],[-72.87855961802542,44.14631030267518],[-72.88049285560732,44.1464000677346],[-72.8800541214713,44.14577588812171],[-72.87994866320496,44.14535056703843],[-72.87996941305315,44.14505349907398],[-72.87938855891947,44.145106754669186],[-72.87805951895007,44.145004429560714],[-72.87809962818694,44.14510948517401]]]]}},{"type":"Feature","properties":{"OBJECT_ID":738,"County":"Washington","RPC":"CVRPC","Municipal_Name":"Warren ","GEO_ID":"5002376525","District_Name":"Access Road Commercial","Abbreviated_District_Name":"Arc","District_Type":"Mixed with Residential","Bylaw_Date":"2024-06-05","Elderly_Housing_District":"No","District_Mapped":"Yes","Overlay_District":"No","Base_Density":3.0,"GIS_ID":null,"Last_Update":null,"Shape_Length":2238.2030277859844,"Shape_Area":190144.95676538936,"F1F_Allowance":"Public Hearing","F1F_Front_Setback":25.0,"F1F_Side_Setback":25.0,"F1F_Rear_Setback":15.0,"F1F_Frontage":null,"F1F_Max_Height":35.0,"F1F_Max_Stories":null,"F1F_Min_Lot_Size":0.69,"F1F_Max_Lot_Building_Coverage":60.0,"F1F_Max_Lot_Impervious_Coverage":null,"F1F_Min_Parking_Spaces":1.0,"F1F_Elderly_Housing_Only":null,"F1F_Affordable_Housing_Only":null,"F2F_Allowance":"Public Hearing","F2F_Front_Setback":25.0,"F2F_Side_Setback":25.0,"F2F_Rear_Setback":15.0,"F2F_Frontage":null,"F2F_Max_Density":3.0,"F2F_Max_Height":35.0,"F2F_Max_Stories":null,"F2F_Min_Lot_Size":0.69,"F2F_Max_Lot_Building_Coverage":60.0,"F2F_Max_Lot_Impervious_Coverage":null,"F2F_Min_Parking_Spaces_per_1BR":1.0,"F2F_Min_Parking_Spaces_per_mult_BR":1.0,"F2F_Elderly_Housing_Only":"No","F2F_Affordable_Housing_Only":"No","F3F_Allowance":"Public Hearing","F3F_Front_Setback":25.0,"F3F_Side_Setback":25.0,"F3F_Rear_Setback":15.0,"F3F_Frontage":null,"F3F_Max_Density":3.0,"F3F_Max_Height":35.0,"F3F_Max_Stories":null,"F3F_Min_Lot_Size":0.69,"F3F_Max_Lot_Building_Coverage":60.0,"F3F_Max_Lot_Impervious_Coverage":null,"F3F_Min_Parking_Spaces_per_1BR":1.0,"F3F_Min_Parking_Spaces_per_mult_BR":1.0,"F3F_Affordable_Housing_Only":"No","F3F_Proximity_to_Public_Transit_Required":"No","F3F_Connection_to_Sewage/Water_Required":"Yes","F4F_Allowance":"Public Hearing","F4F_Front_Setback":25.0,"F4F_Side_Setback":25.0,"F4F_Rear_Setback":15.0,"F4F_Frontage":null,"F1F_Max_Density":null,"F4F_Max_Density":3.0,"F4F_Max_Height":35.0,"F4F_Max_Stories":null,"F4F_Min_Lot_Size":0.69,"F4F_Max_Lot_Building_Coverage":60.0,"F4F_Max_Lot_Impervious_Coverage":null,"F4F_Min_Parking_Spaces_per_1BR":1.0,"F4F_Min_Parking_Spaces_per_mult_BR":null,"F3F_Elderly_Housing_Only":"No","F4F_Elderly_Housing_Only":"No","F4F_Affordable_Housing_Only":"No","F4F_Proximity_to_Public_Transit_Required":"No","F4F_Connection_to_Sewage/Water_Required":"Yes","ADU_Allowance":"Allowed/Conditional","ADU_Elderly_Housing_Only":"No","ADU_Max_Size_as_Percent_of_Primary_Strcture":null,"ADU_Max_Size_in_sq_ft":null,"ADU_Min_Lot_Size":0.69,"ADU_Max_Bedrooms":null,"ADU_Min_Parking_Spaces":1.0,"ADU_Owner_Occupancy_Required":"No","ADU_Renter_Occupancy_Prohibited":"No","ADU_Employee_or_Family_Occupancy_Required":"No","ADU_Restricted_to_Primary_Structure":"No","Affordable_Housing_Allowance":"Not Mentioned","Affordable_Housing_District":"No","Affordable_Housing_Elderly_Only":"No","Affordable_Housing_Min_Lot_Size":null,"Affordable_Housing_Max_Density":null,"Affordable_Housing_Min_Parking_Spaces_per_mult_BR":null,"Affordable_Housing_Max_Units_per_Building":null,"Affordable_Housing_Min_Parking_Spaces_per_1BR":null,"PRD_Allowance":"Not Mentioned","PRD_Max_Density":null,"PRD_Max_Units":null,"PRD_Min_Lot_Size":null,"PRD_Mobile_or_Manufactured_Home_Park":"No","PUD_Allowance":null,"PUD_Required_with_Subdivision":null,"PUD_Requires_Land_Conservation":null,"PUD_Threshold_Number":null,"Notes":"None","FIPS6":null},"geometry":{"type":"MultiPolygon","coordinates":[[[[-72.84606529103819,44.137229676790646],[-72.84586833523362,44.137838844820244],[-72.84578825224922,44.13840923143137],[-72.84612122646166,44.138544199729495],[-72.84623680940966,44.138686078405335],[-72.84626948019793,44.13915052372275],[-72.84726601564255,44.13993593810703],[-72.84842005945109,44.140276321732195],[-72.84915735899959,44.13918567042877],[-72.8497364197424,44.13869365897052],[-72.84875524810832,44.138289163294104],[-72.84925048616144,44.137732799918936],[-72.84946180542713,44.13720192899877],[-72.85004373871365,44.13726204140895],[-72.84932776877756,44.13702051083625],[-72.85029835899486,44.13464433135497],[-72.85097061706918,44.134673396440945],[-72.85144483544056,44.13383240743627],[-72.85000510479351,44.13340362510906],[-72.84992555326424,44.133523432197485],[-72.847811678157,44.132958984833394],[-72.84606529103819,44.137229676790646]]]]}},{"type":"Feature","properties":{"OBJECT_ID":741,"County":"Washington","RPC":"CVRPC","Municipal_Name":"Warren ","GEO_ID":"5002376525","District_Name":"Bobbin Mill Commercial","Abbreviated_District_Name":"Bmc","District_Type":"Mixed with Residential","Bylaw_Date":"2024-06-05","Elderly_Housing_District":"No","District_Mapped":"Yes","Overlay_District":"No","Base_Density":null,"GIS_ID":null,"Last_Update":null,"Shape_Length":1480.312424700612,"Shape_Area":84839.95332112147,"F1F_Allowance":"Permitted","F1F_Front_Setback":null,"F1F_Side_Setback":50.0,"F1F_Rear_Setback":50.0,"F1F_Frontage":null,"F1F_Max_Height":50.0,"F1F_Max_Stories":null,"F1F_Min_Lot_Size":0.69,"F1F_Max_Lot_Building_Coverage":60.0,"F1F_Max_Lot_Impervious_Coverage":null,"F1F_Min_Parking_Spaces":1.0,"F1F_Elderly_Housing_Only":null,"F1F_Affordable_Housing_Only":null,"F2F_Allowance":"Public Hearing","F2F_Front_Setback":null,"F2F_Side_Setback":50.0,"F2F_Rear_Setback":50.0,"F2F_Frontage":null,"F2F_Max_Density":5.0,"F2F_Max_Height":50.0,"F2F_Max_Stories":null,"F2F_Min_Lot_Size":0.69,"F2F_Max_Lot_Building_Coverage":60.0,"F2F_Max_Lot_Impervious_Coverage":null,"F2F_Min_Parking_Spaces_per_1BR":1.0,"F2F_Min_Parking_Spaces_per_mult_BR":1.0,"F2F_Elderly_Housing_Only":"No","F2F_Affordable_Housing_Only":"No","F3F_Allowance":"Public Hearing","F3F_Front_Setback":null,"F3F_Side_Setback":50.0,"F3F_Rear_Setback":50.0,"F3F_Frontage":null,"F3F_Max_Density":5.0,"F3F_Max_Height":50.0,"F3F_Max_Stories":null,"F3F_Min_Lot_Size":0.69,"F3F_Max_Lot_Building_Coverage":60.0,"F3F_Max_Lot_Impervious_Coverage":null,"F3F_Min_Parking_Spaces_per_1BR":1.0,"F3F_Min_Parking_Spaces_per_mult_BR":1.0,"F3F_Affordable_Housing_Only":"No","F3F_Proximity_to_Public_Transit_Required":"No","F3F_Connection_to_Sewage/Water_Required":"No","F4F_Allowance":"Public Hearing","F4F_Front_Setback":null,"F4F_Side_Setback":50.0,"F4F_Rear_Setback":50.0,"F4F_Frontage":null,"F1F_Max_Density":null,"F4F_Max_Density":5.0,"F4F_Max_Height":50.0,"F4F_Max_Stories":null,"F4F_Min_Lot_Size":0.69,"F4F_Max_Lot_Building_Coverage":60.0,"F4F_Max_Lot_Impervious_Coverage":null,"F4F_Min_Parking_Spaces_per_1BR":1.0,"F4F_Min_Parking_Spaces_per_mult_BR":1.0,"F3F_Elderly_Housing_Only":"No","F4F_Elderly_Housing_Only":"No","F4F_Affordable_Housing_Only":"No","F4F_Proximity_to_Public_Transit_Required":"No","F4F_Connection_to_Sewage/Water_Required":"No","ADU_Allowance":"Allowed/Conditional","ADU_Elderly_Housing_Only":"No","ADU_Max_Size_as_Percent_of_Primary_Strcture":null,"ADU_Max_Size_in_sq_ft":null,"ADU_Min_Lot_Size":0.69,"ADU_Max_Bedrooms":null,"ADU_Min_Parking_Spaces":1.0,"ADU_Owner_Occupancy_Required":"No","ADU_Renter_Occupancy_Prohibited":"No","ADU_Employee_or_Family_Occupancy_Required":"No","ADU_Restricted_to_Primary_Structure":"No","Affordable_Housing_Allowance":"Not Mentioned","Affordable_Housing_District":"No","Affordable_Housing_Elderly_Only":"No","Affordable_Housing_Min_Lot_Size":null,"Affordable_Housing_Max_Density":null,"Affordable_Housing_Min_Parking_Spaces_per_mult_BR":null,"Affordable_Housing_Max_Units_per_Building":null,"Affordable_Housing_Min_Parking_Spaces_per_1BR":null,"PRD_Allowance":"Not Mentioned","PRD_Max_Density":null,"PRD_Max_Units":null,"PRD_Min_Lot_Size":null,"PRD_Mobile_or_Manufactured_Home_Park":"No","PUD_Allowance":null,"PUD_Required_with_Subdivision":null,"PUD_Requires_Land_Conservation":null,"PUD_Threshold_Number":null,"Notes":"None","FIPS6":null},"geometry":{"type":"MultiPolygon","coordinates":[[[[-72.86016891518555,44.10623676813623],[-72.86011420116195,44.10637170927075],[-72.86055135650588,44.106153333715774],[-72.86080566064953,44.1057760089568],[-72.86195003529879,44.10680865399838],[-72.86379291186927,44.10565227294888],[-72.8645427836705,44.10532529200298],[-72.86431372389568,44.10510639511666],[-72.86393758512646,44.104464727760025],[-72.86504907116485,44.10398362679774],[-72.86482323455527,44.10331526560209],[-72.86386115728385,44.10349117269363],[-72.86364259604981,44.10374474509534],[-72.86341113217846,44.10385626064585],[-72.86324267809549,44.10379936156481],[-72.86297489700887,44.10385107378505],[-72.86278725208102,44.103831713956765],[-72.86262981116464,44.103595622875034],[-72.86251321434598,44.10356911241564],[-72.86209382694878,44.103628627773865],[-72.86197457702363,44.103482922955465],[-72.8617763924537,44.10352753579711],[-72.86141762904779,44.10338699861277],[-72.86117052472187,44.103459308938056],[-72.8611283918465,44.10350932766702],[-72.86098084010173,44.104137909151326],[-72.86056473318179,44.105158054233115],[-72.86047115725228,44.10589544712505],[-72.86041576797817,44.10601838176511],[-72.86021243026717,44.10612944835908],[-72.86016891518555,44.10623676813623]]]]}},{"type":"Feature","properties":{"OBJECT_ID":749,"County":"Washington","RPC":"CVRPC","Municipal_Name":"Warren ","GEO_ID":"5002376525","District_Name":"Rural Residential","Abbreviated_District_Name":"Rr","District_Type":"Primarily Residential","Bylaw_Date":"2024-06-05","Elderly_Housing_District":"No","District_Mapped":"Yes","Overlay_District":"No","Base_Density":null,"GIS_ID":null,"Last_Update":null,"Shape_Length":79241.08116025469,"Shape_Area":52570555.75988073,"F1F_Allowance":"Permitted","F1F_Front_Setback":40.0,"F1F_Side_Setback":25.0,"F1F_Rear_Setback":25.0,"F1F_Frontage":null,"F1F_Max_Height":35.0,"F1F_Max_Stories":null,"F1F_Min_Lot_Size":1.0,"F1F_Max_Lot_Building_Coverage":null,"F1F_Max_Lot_Impervious_Coverage":null,"F1F_Min_Parking_Spaces":1.0,"F1F_Elderly_Housing_Only":null,"F1F_Affordable_Housing_Only":null,"F2F_Allowance":"Public Hearing","F2F_Front_Setback":40.0,"F2F_Side_Setback":25.0,"F2F_Rear_Setback":25.0,"F2F_Frontage":null,"F2F_Max_Density":1.0,"F2F_Max_Height":35.0,"F2F_Max_Stories":null,"F2F_Min_Lot_Size":2.0,"F2F_Max_Lot_Building_Coverage":null,"F2F_Max_Lot_Impervious_Coverage":null,"F2F_Min_Parking_Spaces_per_1BR":1.0,"F2F_Min_Parking_Spaces_per_mult_BR":1.0,"F2F_Elderly_Housing_Only":"No","F2F_Affordable_Housing_Only":"No","F3F_Allowance":"Prohibited","F3F_Front_Setback":null,"F3F_Side_Setback":null,"F3F_Rear_Setback":null,"F3F_Frontage":null,"F3F_Max_Density":null,"F3F_Max_Height":null,"F3F_Max_Stories":null,"F3F_Min_Lot_Size":null,"F3F_Max_Lot_Building_Coverage":null,"F3F_Max_Lot_Impervious_Coverage":null,"F3F_Min_Parking_Spaces_per_1BR":null,"F3F_Min_Parking_Spaces_per_mult_BR":null,"F3F_Affordable_Housing_Only":"No","F3F_Proximity_to_Public_Transit_Required":"No","F3F_Connection_to_Sewage/Water_Required":"No","F4F_Allowance":"Prohibited","F4F_Front_Setback":null,"F4F_Side_Setback":null,"F4F_Rear_Setback":null,"F4F_Frontage":null,"F1F_Max_Density":null,"F4F_Max_Density":null,"F4F_Max_Height":null,"F4F_Max_Stories":null,"F4F_Min_Lot_Size":null,"F4F_Max_Lot_Building_Coverage":null,"F4F_Max_Lot_Impervious_Coverage":null,"F4F_Min_Parking_Spaces_per_1BR":null,"F4F_Min_Parking_Spaces_per_mult_BR":null,"F3F_Elderly_Housing_Only":"No","F4F_Elderly_Housing_Only":"No","F4F_Affordable_Housing_Only":"No","F4F_Proximity_to_Public_Transit_Required":"No","F4F_Connection_to_Sewage/Water_Required":"No","ADU_Allowance":"Allowed/Conditional","ADU_Elderly_Housing_Only":"No","ADU_Max_Size_as_Percent_of_Primary_Strcture":null,"ADU_Max_Size_in_sq_ft":null,"ADU_Min_Lot_Size":null,"ADU_Max_Bedrooms":null,"ADU_Min_Parking_Spaces":1.0,"ADU_Owner_Occupancy_Required":"No","ADU_Renter_Occupancy_Prohibited":"No","ADU_Employee_or_Family_Occupancy_Required":"No","ADU_Restricted_to_Primary_Structure":"No","Affordable_Housing_Allowance":"Not Mentioned","Affordable_Housing_District":"No","Affordable_Housing_Elderly_Only":"No","Affordable_Housing_Min_Lot_Size":null,"Affordable_Housing_Max_Density":null,"Affordable_Housing_Min_Parking_Spaces_per_mult_BR":null,"Affordable_Housing_Max_Units_per_Building":null,"Affordable_Housing_Min_Parking_Spaces_per_1BR":null,"PRD_Allowance":"Public Hearing","PRD_Max_Density":null,"PRD_Max_Units":null,"PRD_Min_Lot_Size":null,"PRD_Mobile_or_Manufactured_Home_Park":"Yes","PUD_Allowance":null,"PUD_Required_with_Subdivision":null,"PUD_Requires_Land_Conservation":null,"PUD_Threshold_Number":null,"Notes":"None","FIPS6":null},"geometry":{"type":"MultiPolygon","coordinates":[[[[-72.82010187356391,44.05222194445387],[-72.8201896006256,44.05259028962333],[-72.82019430582525,44.053556669452625],[-72.82002289311488,44.05406253914803],[-72.81982901488436,44.054318390827895],[-72.81985943636553,44.05447020103793],[-72.81995545077248,44.054564139370214],[-72.81999081586137,44.055098093328475],[-72.81996674707078,44.05527699440335],[-72.81981423323921,44.05549853322926],[-72.81975686101674,44.05583608290254],[-72.81969152254928,44.055860097209546],[-72.81971160009402,44.05597949356293],[-72.8196370019288,44.056127987656154],[-72.81950860541754,44.056189914929014],[-72.81962572700823,44.05635017679633],[-72.81960931967377,44.056596637453644],[-72.81943210073004,44.05697913666803],[-72.81925763230245,44.057110476398805],[-72.8191940832592,44.05742467860224],[-72.81898667501373,44.05765695194804],[-72.81885781827258,44.05834526844434],[-72.81879881861587,44.058396834651866],[-72.81862487831712,44.05840845842653],[-72.81875734932117,44.05851172636631],[-72.81862164912867,44.05887802511776],[-72.81836048345973,44.05913321840798],[-72.81827670984454,44.059151278370955],[-72.81834809085706,44.05921232000759],[-72.81833197359067,44.059446489869764],[-72.8181630875163,44.059549974010885],[-72.81821264201312,44.059640527639424],[-72.81790619012908,44.05978436044238],[-72.8177418604672,44.059785879581156],[-72.81787374244668,44.059914531430394],[-72.81820320015126,44.059859789055466],[-72.81840542337574,44.05998453630825],[-72.81865517229774,44.060704303230395],[-72.81872250792637,44.061121987860574],[-72.81867583976256,44.06131558212808],[-72.81872380349405,44.06163986340263],[-72.8188243744146,44.06184282821648],[-72.81877917398083,44.06191968313763],[-72.81883974151107,44.06196913544095],[-72.81877791929969,44.062339242023796],[-72.81890914625394,44.06250947413685],[-72.81888307708151,44.06263680780507],[-72.81900873213519,44.06301834233098],[-72.81892623350682,44.063083999070315],[-72.81900410038422,44.06319641377288],[-72.81892757755418,44.06320299409499],[-72.81900256173336,44.06330060533477],[-72.81904769476387,44.0639140728055],[-72.81896554045258,44.06405081879235],[-72.8190417272474,44.06415623514289],[-72.81890087058846,44.06421622991517],[-72.81903192351605,44.064267688567455],[-72.81921341304745,44.064582767419495],[-72.81935529306512,44.06457232679111],[-72.81940932966202,44.06442588141132],[-72.81948579323104,44.06456047508863],[-72.81944737433538,44.06462504410472],[-72.81955881283487,44.064795198426374],[-72.8195862528643,44.06509305817759],[-72.81946274628282,44.06547529861773],[-72.81953916183633,44.06547724765591],[-72.81959558519625,44.0655764556968],[-72.81954394236496,44.06587214707339],[-72.81958839144632,44.066041781256374],[-72.81985524958377,44.06595106116535],[-72.81987364072266,44.065472170748144],[-72.8199601377048,44.06556906867744],[-72.8199864254168,44.066084250271736],[-72.8202222003401,44.06677802287637],[-72.82016700588285,44.0670767241664],[-72.82021563940815,44.06722762879278],[-72.82012383425852,44.06730206144923],[-72.82010795515727,44.067408565660564],[-72.82020630133457,44.06744875641568],[-72.82021011876942,44.06757106544598],[-72.82006330576732,44.0677269079838],[-72.8201890750444,44.06773278187134],[-72.8204853696967,44.06825786409021],[-72.82061611657157,44.06833211364566],[-72.82054886316958,44.068450178704495],[-72.82062130719783,44.068587928343966],[-72.8200232419927,44.06849052189941],[-72.8194099612126,44.06831327970835],[-72.81890356126904,44.06809672942584],[-72.81790492728976,44.067863200836264],[-72.8171567349629,44.067621026867975],[-72.81671532704,44.06874101111324],[-72.81658917596019,44.068853533712826],[-72.81650324727829,44.06945391941346],[-72.81589748209407,44.070236641299736],[-72.81552456594369,44.071311087570976],[-72.81476620109314,44.07209584455643],[-72.81433079485804,44.07296182175193],[-72.81387914924933,44.073350647816696],[-72.813677097493,44.073920808013156],[-72.81352936915859,44.07402440066383],[-72.81357726677592,44.07416641244565],[-72.81336496127561,44.07463532012799],[-72.81693829591667,44.075545232194344],[-72.81762595867319,44.074753408252455],[-72.81770192977297,44.07481123332297],[-72.81805978170841,44.07567742235801],[-72.81800427132193,44.075941172906745],[-72.81828134184155,44.076880300440244],[-72.81836025925878,44.07789820836951],[-72.81855071317734,44.078166150595216],[-72.81864151493872,44.078978828045535],[-72.81843581224965,44.07912211616886],[-72.81843195656246,44.08005876741332],[-72.81820923794726,44.08012552067594],[-72.81797585006605,44.08030272902331],[-72.81749259334269,44.08041106615358],[-72.81688825249397,44.080860519598346],[-72.81656932215967,44.08097052724121],[-72.81593401302595,44.08140415102688],[-72.81525669055532,44.081630557337185],[-72.81519208548532,44.08157403766984],[-72.81500526149277,44.08183060029943],[-72.81463828938327,44.08200372306283],[-72.81435721436692,44.08230721413713],[-72.81421857318057,44.08234187868757],[-72.81423904052669,44.08244396089145],[-72.814005367179,44.082635362196996],[-72.81329067902134,44.08300403580906],[-72.81251704449586,44.08347952900892],[-72.81228250364508,44.08368301355782],[-72.8119434478825,44.08380809160247],[-72.81191903786852,44.08393258995152],[-72.81178848961932,44.08402188882082],[-72.81127599662274,44.084294513986535],[-72.81111952521502,44.08432703181974],[-72.81112180962346,44.08441579082163],[-72.8105343994976,44.08486901359187],[-72.81011935244697,44.08511164942533],[-72.80963358182514,44.085197596626585],[-72.80938588945074,44.08532094879275],[-72.80919123994455,44.08550683802393],[-72.80904302026065,44.0855096447728],[-72.80885633894047,44.0856115194189],[-72.80887632776472,44.085691098191276],[-72.80880293139819,44.08577784957444],[-72.80872432654536,44.08576708729373],[-72.80857130818823,44.08591602557966],[-72.8085725886731,44.08624160761076],[-72.80844019615157,44.0862667630553],[-72.80827780412716,44.0864309732942],[-72.80812045065612,44.086484034795404],[-72.80805945866231,44.086618401412586],[-72.80795313706551,44.08668065636368],[-72.8079540206744,44.086867092643274],[-72.80780113720682,44.0872856748806],[-72.80744351899715,44.087707068822674],[-72.80726751141505,44.08808627412463],[-72.80699457551825,44.08833526805603],[-72.80685576490332,44.088599627919024],[-72.80644712410397,44.08893180101624],[-72.80610541635681,44.08932974595175],[-72.80606526798852,44.08952298095194],[-72.80595467293703,44.089577372186255],[-72.80569027000965,44.08957914194512],[-72.80543508410086,44.08972000437161],[-72.80508663786762,44.090053998819585],[-72.80475300231028,44.090272418598055],[-72.8046068020071,44.0903350413659],[-72.80441633768265,44.09031074297971],[-72.80432932451826,44.09036589330561],[-72.80426460107645,44.090708230886264],[-72.80385465223206,44.09067496858556],[-72.80358346722454,44.09084659658572],[-72.80329650499256,44.09082121889487],[-72.80313095188981,44.09094506740966],[-72.80297194911381,44.09092510758047],[-72.8028835648753,44.090977524410235],[-72.8026191187897,44.09091721540145],[-72.80252710677058,44.09094393192635],[-72.80276670929072,44.09120620225256],[-72.80302067684798,44.09125271998137],[-72.80290457980169,44.091447987635206],[-72.80311202846639,44.0917308716441],[-72.80305438117333,44.09239118326051],[-72.80332566493881,44.09260978721463],[-72.80341657959075,44.09278419777075],[-72.80364136794843,44.09290027401443],[-72.80383309645612,44.09322870732245],[-72.80411116375615,44.09345601061486],[-72.80470211173056,44.09440537000443],[-72.80484054725859,44.094872532242434],[-72.8048143766874,44.09519728344233],[-72.80465400416448,44.09554893557996],[-72.8046842971209,44.09579505457419],[-72.80436896769154,44.09611971508597],[-72.80415621065916,44.09662146705537],[-72.80364968558573,44.09740526012912],[-72.8029741186357,44.097990263757495],[-72.8025127530272,44.09814675555391],[-72.80198394490918,44.098014727556205],[-72.80185785944452,44.098065507061385],[-72.80164090053579,44.098031986909234],[-72.80119588363549,44.0981391872279],[-72.80037381971803,44.09809748333213],[-72.80007162562103,44.09817722156754],[-72.79953023899947,44.09808332065474],[-72.79913730740182,44.09811956742163],[-72.79910678037027,44.09816655932229],[-72.7985187667211,44.09828660929062],[-72.79847457786853,44.09833864975697],[-72.79799858327947,44.098306948432814],[-72.79784849962084,44.098354169875],[-72.79775183031695,44.098458736283874],[-72.7976722079072,44.09845247811362],[-72.79768961747558,44.09850175044503],[-72.79789751714304,44.09851876138825],[-72.79797348341228,44.09857560573916],[-72.79811551274364,44.09899405893606],[-72.7982219300269,44.09909548110644],[-72.79814441098965,44.09915331717887],[-72.79798320634367,44.099147594296795],[-72.79780161066482,44.09950737219634],[-72.7975236376852,44.09970594135959],[-72.79731483967062,44.10012979507893],[-72.79730764610409,44.10046481526028],[-72.79697109922164,44.10055039919863],[-72.79736495555565,44.10069592106733],[-72.79775662346857,44.10062400743203],[-72.79790159418744,44.10070302541764],[-72.79805631057529,44.10089585245305],[-72.79839411328591,44.101072292716175],[-72.7986306339448,44.10133161917395],[-72.79871558904816,44.10166121713254],[-72.79902718773022,44.10182908484558],[-72.79947816991401,44.10244455659625],[-72.79930019729666,44.10282253700404],[-72.79885155770113,44.10302683299508],[-72.79851545810115,44.103300793420075],[-72.79800815167407,44.10359016125706],[-72.79800138241563,44.103902016709114],[-72.79780639043717,44.1040023007511],[-72.79775848974354,44.10410611712607],[-72.79805552986781,44.1042921001831],[-72.79846627368248,44.10425727044687],[-72.7990147348463,44.10432893482053],[-72.79971071994058,44.10460489536488],[-72.79971633305216,44.10469858298399],[-72.79979679813466,44.10474111495899],[-72.79996266826221,44.104725341677096],[-72.8001714166127,44.104905379647434],[-72.80084400198308,44.10488287440334],[-72.80080136645886,44.104936367829616],[-72.80133227485254,44.10505638590903],[-72.80153232485102,44.10518917510305],[-72.80151639205955,44.105147392969315],[-72.80171603294501,44.10515737078763],[-72.80200148868761,44.10523742722435],[-72.80213243898272,44.1053675701796],[-72.80215504643103,44.105533038605145],[-72.80207928860024,44.105632490704],[-72.80221080679523,44.10587560981147],[-72.80214777683352,44.10641503218425],[-72.80219395912538,44.10687141101441],[-72.80196240590007,44.10747136320552],[-72.80158022568752,44.1079846784276],[-72.80129824014539,44.10816042763358],[-72.80075896301707,44.10864352975208],[-72.80039883623508,44.10878184506846],[-72.80035497011797,44.108907950373215],[-72.80014635605762,44.10894124622449],[-72.79988735935244,44.10925534606443],[-72.79963383737056,44.10926656471269],[-72.79940401814312,44.109412776401776],[-72.79906610237943,44.109924761027564],[-72.79859483362465,44.10996401622027],[-72.79814080230709,44.110146880639235],[-72.79805296644152,44.11022919210685],[-72.79823316771858,44.1102839947764],[-72.79821238662552,44.11059422234104],[-72.7983051936494,44.11068758600185],[-72.79824601288279,44.11085385627447],[-72.79850788649007,44.11106430006699],[-72.79843858624757,44.11126950859089],[-72.79829281942786,44.11136409190908],[-72.79812073263966,44.11138820942119],[-72.79805290614092,44.111522367451336],[-72.79844685848813,44.11155700531904],[-72.79855518763351,44.11164971980805],[-72.79887657871498,44.11159681059315],[-72.79912459528613,44.11175367409169],[-72.79925109666165,44.11174122424586],[-72.79939767262292,44.11183846017163],[-72.79961691641222,44.11214066060277],[-72.79960417568583,44.1123240754322],[-72.79948721915571,44.11244678905633],[-72.79949904594075,44.112519149951524],[-72.79962287412776,44.112670087299286],[-72.7996813430825,44.112901768008534],[-72.79984556194108,44.113066560924516],[-72.79989718130875,44.113275726062895],[-72.79989471962739,44.11347245467647],[-72.7996103251563,44.1143485346443],[-72.799609333919,44.11443000926493],[-72.79970135087633,44.11449642316055],[-72.79967590967641,44.11501567464715],[-72.79974773940589,44.11531975704308],[-72.79966288039346,44.115358120944904],[-72.79960841699167,44.1154919432526],[-72.79964976306061,44.1163360515551],[-72.79953389724999,44.116767473656935],[-72.79929193910557,44.11729179323372],[-72.79936325580213,44.1173916544492],[-72.79935574764048,44.117586663624856],[-72.79952638697213,44.117729575338544],[-72.79963913935505,44.11797954921667],[-72.79965028984746,44.11819494134528],[-72.79943314959958,44.118563372905506],[-72.79888605721929,44.11885589017165],[-72.79820818268308,44.11964016455889],[-72.7981839567966,44.11982649888017],[-72.797816601612,44.120464063038355],[-72.7978125637176,44.12109281791364],[-72.79766174860514,44.121614258112096],[-72.79776502540982,44.12191078493688],[-72.7977543816259,44.12214681158292],[-72.79771764956487,44.122258557234645],[-72.79757945862077,44.12232005539793],[-72.79747661078984,44.12261865276242],[-72.79734161455269,44.122626058414234],[-72.79712131323363,44.122876159291415],[-72.79634563964503,44.12304165955811],[-72.79623187768824,44.12316139132672],[-72.79659608294861,44.123257506343165],[-72.79685175736303,44.12342478740438],[-72.79684332878118,44.123519608444354],[-72.79668844924443,44.12366575457839],[-72.79673209497379,44.12426618902711],[-72.79624226369995,44.125445701857636],[-72.79596312662287,44.12593166727655],[-72.7960512408903,44.12608075394528],[-72.79606467034372,44.12622860580516],[-72.79600120072745,44.12624994643254],[-72.79608909816874,44.12651509798109],[-72.79600305596706,44.126627961685486],[-72.79589905446923,44.12664496304919],[-72.7957769309968,44.12659299812693],[-72.7956555885025,44.12669856483103],[-72.79583967718185,44.12676634088819],[-72.79592297396036,44.12690309027178],[-72.79650199853192,44.12681619314405],[-72.7965631750127,44.12712610057853],[-72.79666742452507,44.12714204436458],[-72.7967713964299,44.127073333627116],[-72.79681449442572,44.127125277818884],[-72.79662717243895,44.12725577241506],[-72.79686368930398,44.12740384481247],[-72.79694839131326,44.1276066895706],[-72.79724059403111,44.12792349470178],[-72.79719595020455,44.1283302265714],[-72.79704847300277,44.12867916936145],[-72.79692926668831,44.1293247620335],[-72.79650414398614,44.12961395778408],[-72.79588238764057,44.13060798865509],[-72.79522180814688,44.131357459767244],[-72.79480405398748,44.13168509703404],[-72.7946002792841,44.131927868997764],[-72.79421593268371,44.13215768132927],[-72.79419873332314,44.132237272285614],[-72.79403395154463,44.13231972627224],[-72.79390664304204,44.132307761630706],[-72.79396668752305,44.13238951721197],[-72.79370725802167,44.13239306716555],[-72.79374270925334,44.13245628844863],[-72.79356624116933,44.13271660225832],[-72.7932181346253,44.13284237417201],[-72.79335104448299,44.13314025934758],[-72.80344649368695,44.1359544746364],[-72.80566785683327,44.13658296820549],[-72.8061170392884,44.13671139177465],[-72.80802371070703,44.13725652312559],[-72.80825171923408,44.137321711722215],[-72.81108622375082,44.138132116844496],[-72.82671924852332,44.142601711231805],[-72.83055319067319,44.1436978634047],[-72.83081444673184,44.14377255778369],[-72.83174455151091,44.14403848098211],[-72.84079780074649,44.146626870426914],[-72.84081976034007,44.14663314811378],[-72.84158517041521,44.14685198388534],[-72.84204815310956,44.146984353853924],[-72.84369565035234,44.14745538478595],[-72.84418889364619,44.14759640661471],[-72.85438356547418,44.150511146832855],[-72.86045399597967,44.15231796965652],[-72.86196803434504,44.15277890030321],[-72.85959342290694,44.15127827989781],[-72.85787992996423,44.14988131566988],[-72.85695574297017,44.14930692613439],[-72.8565536862163,44.14892358058371],[-72.85654581648873,44.14859095108874],[-72.85668008240013,44.148334336426814],[-72.85701119869687,44.14817774811413],[-72.85833845243276,44.14802346926962],[-72.85966778272176,44.14821126265048],[-72.86099567187178,44.14816143093839],[-72.86298424532049,44.14755456321348],[-72.8633160689277,44.14751936156164],[-72.86364847626463,44.147578079208536],[-72.86500359664558,44.14854912636834],[-72.86574570275405,44.1492108253326],[-72.86604554271838,44.14975633086009],[-72.86667242781895,44.15045884862447],[-72.86759735003672,44.1507475451621],[-72.86931449360416,44.150987514089174],[-72.87021846862251,44.15141647597356],[-72.87053196031283,44.15165453976022],[-72.87069948476744,44.15189308720892],[-72.8708127805962,44.15260996341084],[-72.87071625156368,44.153088445826356],[-72.87039370462132,44.153853614873654],[-72.87015962808803,44.155273177372436],[-72.87164772415122,44.15572154814579],[-72.88847373963343,44.15992585481296],[-72.89176027968593,44.16094274534547],[-72.89044771600048,44.15495034394159],[-72.88984416119152,44.151745889594665],[-72.88655037200766,44.15109807145035],[-72.8865304725038,44.150794794242366],[-72.88400860969925,44.1506098810801],[-72.88275357693226,44.15059695769206],[-72.88271693300766,44.150990159373144],[-72.88226721470087,44.15170276293382],[-72.8836123195036,44.15213594863489],[-72.882838219802,44.15334206544114],[-72.88198229684156,44.15308208061397],[-72.88069401384234,44.15483132161428],[-72.87938411107329,44.154585822571434],[-72.87924250566941,44.15488504529055],[-72.87920774662328,44.15518169921633],[-72.87870869124828,44.15508934176073],[-72.87703457149323,44.155325341606144],[-72.87605833510193,44.15557612804356],[-72.87343334285937,44.155972161714146],[-72.87332807640622,44.15514995083626],[-72.87335758363234,44.154557937385405],[-72.8731533224422,44.1538569805861],[-72.87294835364258,44.153495046003655],[-72.87290359158557,44.15255965374143],[-72.87263837627104,44.15046541962475],[-72.87431115608557,44.150504092439576],[-72.87401636184393,44.1496713053433],[-72.87715991916437,44.14916374272773],[-72.87723995439491,44.14900221576084],[-72.87730315167433,44.1484530778657],[-72.87730261683954,44.14721202760469],[-72.87751780164217,44.14703968056939],[-72.87761082544253,44.146880816659845],[-72.87776571056061,44.14685342163131],[-72.87790979012672,44.14669478913695],[-72.87809335900812,44.14671088304327],[-72.87807904255665,44.1465798914202],[-72.8780201552318,44.14656771219662],[-72.87806230769166,44.14648142207253],[-72.8782236492416,44.14649053782928],[-72.87839576375715,44.146392229752415],[-72.87819469528678,44.14608808825585],[-72.87821487160646,44.14591060727316],[-72.87809807991542,44.14583893900786],[-72.8781776415,44.145798523988695],[-72.87826722833798,44.14556316103086],[-72.87791017353128,44.145379608801036],[-72.87751520465648,44.145312573183716],[-72.8775093524422,44.145259189248776],[-72.87737196483727,44.145204786379935],[-72.8770179760433,44.1452394252185],[-72.87644087896122,44.145153337094364],[-72.8760406665837,44.145197789401024],[-72.87557060626581,44.1450569224356],[-72.87563319848883,44.144772232171306],[-72.87543259130346,44.14471839931324],[-72.87535159700649,44.14464481598005],[-72.87508059472927,44.14403641164443],[-72.8753361177655,44.14342897796914],[-72.87534415817818,44.14316684819071],[-72.87456356292353,44.142323728780084],[-72.87444816234503,44.14209324806608],[-72.87421982983625,44.14200228621755],[-72.8739865047337,44.141984332061895],[-72.87393883076881,44.14191249170934],[-72.87402711235109,44.14185069310887],[-72.87399233796891,44.14178126484419],[-72.8732846929236,44.14158274058959],[-72.87309907224858,44.14145522561941],[-72.87240975095642,44.141458669030655],[-72.87208337433479,44.14107494909257],[-72.87180494035199,44.141129591002816],[-72.87119512953636,44.141389702150136],[-72.8706444879279,44.14112561457449],[-72.87004094904448,44.14061104469898],[-72.86989549491345,44.14014779415851],[-72.87015273404919,44.139932592594576],[-72.87087437672297,44.13980395692438],[-72.87131434628631,44.13978396888228],[-72.87177578225085,44.13989314755288],[-72.87213344865783,44.139385097410596],[-72.87223336013481,44.139361731007604],[-72.87258714186301,44.139424501195066],[-72.8728529910246,44.13931985210922],[-72.87293183473979,44.13918626058763],[-72.87295305609292,44.13892903595604],[-72.87305836752626,44.138841104060326],[-72.87367139210559,44.13888199644595],[-72.87431692199827,44.138755888337116],[-72.87493180569773,44.1387554281418],[-72.87512670687624,44.13858005862415],[-72.87544410015485,44.137942999038714],[-72.8756753112852,44.13789351383135],[-72.87628991616751,44.137935965579096],[-72.8766589923903,44.13775154969888],[-72.8767968683243,44.13760514012287],[-72.87705053628613,44.13753747544581],[-72.8775209935017,44.13719026838119],[-72.87792544621843,44.13701516708907],[-72.87871894978719,44.136920963403945],[-72.87944578147412,44.136720006961156],[-72.87974582816888,44.136542419029894],[-72.87993290387132,44.13652809272799],[-72.88003372000607,44.13635726843118],[-72.87993939825495,44.13608796976254],[-72.8800673355718,44.13594422535453],[-72.88048561242825,44.13602094415837],[-72.88107488756218,44.135827296072776],[-72.8820274530605,44.13581170460475],[-72.8822069049883,44.13570704176707],[-72.88231677304537,44.13549104019524],[-72.88290818832769,44.135458980571954],[-72.88309929644062,44.13535363555777],[-72.88325431034436,44.13516764521199],[-72.88354227741644,44.13509260241859],[-72.88359774146345,44.13493758540377],[-72.88372274200242,44.13489650987033],[-72.88446805880864,44.13510397885151],[-72.88478777179888,44.134915770634585],[-72.88513667721514,44.134935193279034],[-72.88549427083407,44.1347423985664],[-72.88569921612562,44.13474615824432],[-72.88600920840292,44.13484704269786],[-72.8862548326388,44.13480164356223],[-72.88660674788,44.1351613671727],[-72.88671531645807,44.13521531658924],[-72.88683207078572,44.13520229610344],[-72.88641199919122,44.13364167915595],[-72.89105789873662,44.13328720657341],[-72.89347349748375,44.129815371296814],[-72.8927935891688,44.129467318592404],[-72.89238860778671,44.129180892322644],[-72.8916811395237,44.128462231136155],[-72.8915950389481,44.12775861836645],[-72.89177441020666,44.12717141519642],[-72.89200868360159,44.12668178427853],[-72.89249973235258,44.12602017327651],[-72.89372116525973,44.124723622438864],[-72.8948462590531,44.123299093140126],[-72.89540550915585,44.12289233939924],[-72.8961346158608,44.122515554566],[-72.89785951818307,44.12200545540374],[-72.89841983337492,44.121759093383],[-72.89897956339613,44.121428700046906],[-72.89933690686694,44.12096154325096],[-72.89965365682902,44.12076184000813],[-72.89959877913766,44.12048706384127],[-72.89882202099642,44.1200773326037],[-72.89784435407591,44.119744678260325],[-72.89621517941806,44.117514317735505],[-72.89509394306738,44.11631523567406],[-72.89449170373521,44.115092312135054],[-72.89132223309262,44.11531902340376],[-72.89044024253306,44.10997803124279],[-72.89073489573256,44.109496221359464],[-72.89254450674612,44.10936585870865],[-72.89231593357724,44.10774855043991],[-72.89647547652649,44.10714544905876],[-72.90069055209759,44.106195285081164],[-72.90217733134577,44.10614208886109],[-72.90246523939325,44.10628750501143],[-72.9032042762145,44.106429973784934],[-72.90361684770077,44.10722079004247],[-72.90402094187824,44.107241320965976],[-72.90406406539405,44.10680441019681],[-72.90380033090923,44.106541091126545],[-72.90370291056317,44.10615542481295],[-72.90356687625008,44.10595322325024],[-72.90323983305137,44.10585465559739],[-72.90197412315041,44.10592275443811],[-72.90088757467069,44.10449916576529],[-72.90272003250456,44.10396712034531],[-72.90312912761512,44.10570349342432],[-72.90861076947768,44.10559980522151],[-72.913256855738,44.10556911227497],[-72.91263585303578,44.101178298770556],[-72.91255894643744,44.10102819264563],[-72.91269596926321,44.10058262118415],[-72.9130308274423,44.10029817905276],[-72.91350644716601,44.10005374484038],[-72.91401059223455,44.09986981081526],[-72.91451659746369,44.10000958937544],[-72.91488217838234,44.10004875638103],[-72.9158639608362,44.09996418542008],[-72.9162578202348,44.10008411157377],[-72.91690317768513,44.10006165317745],[-72.91738137554421,44.10018125596431],[-72.91822331048549,44.10013768394067],[-72.91850449131064,44.10021751627331],[-72.91892560610557,44.10021597560486],[-72.91917868507217,44.10029603891818],[-72.91957099026637,44.1001933499397],[-72.91999253108376,44.100252547012204],[-72.92044102739936,44.10014979876651],[-72.92046842353136,44.100048580412135],[-72.92038210496771,44.09976568489987],[-72.92052088648914,44.09952231008595],[-72.92043471440923,44.099259657897555],[-72.92034941163533,44.09911836203357],[-72.91947425156043,44.09843377728635],[-72.91952986996355,44.09835271105503],[-72.91947154193046,44.0980494537283],[-72.91918977413282,44.09788862527978],[-72.9185719610945,44.097830281268145],[-72.91837440500115,44.09770964975484],[-72.91781235771471,44.09759020113934],[-72.9166573314969,44.09700787034775],[-72.91592569895032,44.09674755326666],[-72.9157280249715,44.096606672822055],[-72.91457375743103,44.09612528629866],[-72.91389651593857,44.09560180368571],[-72.91336247181374,44.09552272840141],[-72.91308076221179,44.09536202499836],[-72.91214305446643,44.09467379640727],[-72.91206163741529,44.09442628294145],[-72.91211553955108,44.094289031786005],[-72.91205132710466,44.09398492766367],[-72.91162547140333,44.09346732401163],[-72.9116975719238,44.09311797556575],[-72.91158252069873,44.09264847898617],[-72.91148134163389,44.09254678616299],[-72.91144804277243,44.092568892376676],[-72.91110734802211,44.09312130242852],[-72.9108890893145,44.09255392443538],[-72.9108358158129,44.09223560777136],[-72.91069139964586,44.09211992968898],[-72.91050849446157,44.09315290128952],[-72.91032669228545,44.09373495478563],[-72.90928478870381,44.094581197152955],[-72.90902350579512,44.09482097323743],[-72.90891799635423,44.09501519541129],[-72.90864797444871,44.09523556083962],[-72.90779376336027,44.09577338113475],[-72.9076902473696,44.096051904103135],[-72.90795380171514,44.09634856329181],[-72.90796408545096,44.0965869726595],[-72.90716125829798,44.09707453271778],[-72.90709819312828,44.097472642450214],[-72.90723641415596,44.09747851739766],[-72.90726789361919,44.097530230286814],[-72.90712212723773,44.09752187844607],[-72.90673672972463,44.09761550456411],[-72.90534068661623,44.0974392028868],[-72.90502130663839,44.09752922565229],[-72.90467344822784,44.0975581974259],[-72.90404985945307,44.0974421021841],[-72.90346236015641,44.09731529381101],[-72.90321590270021,44.097282611633474],[-72.90220294679095,44.09760406192233],[-72.90219617241229,44.098486129435386],[-72.90211715293682,44.09869742408343],[-72.90195934920118,44.098807121415255],[-72.90155896705294,44.098716957283074],[-72.90145923295668,44.09881748213935],[-72.90105014745076,44.09878803966463],[-72.90086694519303,44.09867650577095],[-72.90062456970422,44.098614939570844],[-72.89998421518447,44.098793241678536],[-72.89923875248495,44.0987514265767],[-72.89874172708345,44.09888831185895],[-72.89847949183748,44.098880151123616],[-72.89786765824826,44.09875881332485],[-72.89763511983757,44.09877949414759],[-72.89735712388101,44.09872617924683],[-72.89697850396588,44.098607843154575],[-72.89649663761234,44.09830014721766],[-72.8951361484626,44.09824855892613],[-72.89428748403726,44.09808856628305],[-72.89367315868869,44.098155345748324],[-72.89293250996198,44.09836314381782],[-72.89229846336183,44.09872242384128],[-72.89194411130879,44.09885577544161],[-72.89168234566257,44.098812833829726],[-72.89116381078287,44.09847324856662],[-72.89079034704645,44.09842969907669],[-72.88956035252649,44.09862946577626],[-72.88901020899377,44.09886545458813],[-72.88907729345269,44.09894745707209],[-72.88894743020973,44.0988704041651],[-72.88858121763354,44.09879152270287],[-72.88846594352123,44.0986997378132],[-72.88844104011848,44.09853163370419],[-72.88829653193837,44.09832315683488],[-72.8881446901642,44.098197552128525],[-72.88797033185581,44.09817054564212],[-72.88756597933109,44.09835692796603],[-72.88744498208636,44.09857009458981],[-72.88727627186277,44.09864737958811],[-72.88686086942624,44.09864119989267],[-72.88610464343465,44.098475768186326],[-72.88576963033583,44.098542997281626],[-72.88551188909969,44.09875448238165],[-72.88545328717413,44.09902444455555],[-72.88549358215268,44.09920323265147],[-72.88540083505094,44.09927432209063],[-72.8847075532456,44.09925189678549],[-72.8843052359769,44.0989731605784],[-72.88368497469874,44.098818707117786],[-72.8835059122756,44.098815513899865],[-72.88326153805367,44.09893097861682],[-72.88287803927025,44.099240353898956],[-72.88267683322876,44.099311647949705],[-72.88229624481092,44.09931123458799],[-72.88171788286016,44.09920207068924],[-72.88129833986063,44.09925736226751],[-72.88125306712695,44.099333419025605],[-72.88129132638842,44.09975823042884],[-72.88102824575708,44.100029380135204],[-72.88076818574636,44.09995423439734],[-72.88054466462232,44.099674771044995],[-72.88040045028728,44.09961030592458],[-72.8801637191957,44.0996681210223],[-72.87973583313719,44.09990773259326],[-72.87902710899574,44.099985937694264],[-72.87874933937678,44.100203851382226],[-72.87850623249234,44.10062582235074],[-72.87836218978492,44.100658198407935],[-72.87796797321063,44.10058371191965],[-72.87769851037848,44.10075226259024],[-72.8773948481377,44.100845357446666],[-72.87727707038748,44.10130599086998],[-72.8769871252644,44.101570598565786],[-72.87686178289678,44.101621295450606],[-72.87622317192704,44.10168303642562],[-72.8749367197274,44.10153219799795],[-72.87430337782772,44.10159366074911],[-72.87368785626518,44.10227517330272],[-72.87329835845081,44.10246983818213],[-72.87293255656574,44.102552681400475],[-72.87202747196923,44.10240573256767],[-72.87155952072888,44.102477217392945],[-72.87135504089672,44.102442265371444],[-72.87097052862778,44.102703776572504],[-72.87054049239643,44.10288333555513],[-72.87036524939728,44.102914606598176],[-72.8703255601671,44.102873185565585],[-72.87026807020025,44.102952198946944],[-72.87025012149057,44.102874642376825],[-72.87020281982134,44.10296812540776],[-72.87012176170619,44.10289369561625],[-72.8699224791065,44.10284765141918],[-72.86925939976337,44.10296353925813],[-72.86898776701582,44.10289155056768],[-72.8687975034919,44.10291027572941],[-72.86839403701323,44.102657286048355],[-72.86804000719253,44.10263356979626],[-72.86688915035738,44.102826367196144],[-72.86674265039372,44.10280378210144],[-72.86556122123005,44.103327246441275],[-72.86482323455527,44.10331526560209],[-72.86504907116485,44.10398362679774],[-72.86393758512646,44.104464727760025],[-72.86431372389568,44.10510639511666],[-72.8645427836705,44.10532529200298],[-72.86379291186927,44.10565227294888],[-72.86195003529879,44.10680865399838],[-72.86080566064953,44.1057760089568],[-72.86055135650588,44.106153333715774],[-72.86011420116195,44.10637170927075],[-72.86016891518555,44.10623676813623],[-72.86021243026717,44.10612944835908],[-72.86041576797817,44.10601838176511],[-72.86047115725228,44.10589544712505],[-72.86056473318179,44.105158054233115],[-72.86098084010173,44.104137909151326],[-72.8611283918465,44.10350932766702],[-72.86075207398893,44.10306952070615],[-72.86109888548654,44.10225461056981],[-72.86159077048875,44.0996124310042],[-72.86167551436274,44.09947857025268],[-72.86179602087384,44.09941848945083],[-72.86200892208367,44.099476528794554],[-72.8623754375688,44.0994465054454],[-72.86251892356813,44.09925666180635],[-72.86260966346592,44.09888005037004],[-72.86228820392516,44.09805991462226],[-72.86231925548155,44.097695738993096],[-72.86246406557272,44.09749903491223],[-72.86292270002889,44.09721081055856],[-72.86342017404927,44.097277259843196],[-72.8636697437978,44.09589595715538],[-72.86386705981307,44.09573873031702],[-72.86421936383914,44.09560891117647],[-72.86423842232475,44.09550657267356],[-72.86451493135198,44.095232836438335],[-72.86456076688249,44.09512953223175],[-72.86443282647268,44.09427520322802],[-72.86458002464775,44.093724115206605],[-72.86465543937042,44.092991057598184],[-72.86459434013608,44.092725998681416],[-72.86412731712659,44.09265245984011],[-72.86407591795398,44.092759799282135],[-72.86390888463849,44.09280186140398],[-72.86362139464984,44.09260316221193],[-72.86343688102225,44.092271856092864],[-72.86340122652223,44.091621164723335],[-72.86358387061536,44.09107614443394],[-72.8636064178605,44.09079873966471],[-72.86360114706626,44.09048792960617],[-72.86351446098172,44.09030558478042],[-72.86366627174654,44.08989811340711],[-72.86369883808871,44.0896046484216],[-72.86361509969824,44.088913320589704],[-72.86339919096106,44.08853760238596],[-72.86333136189987,44.08802494642522],[-72.86367518767351,44.087174891402476],[-72.86371384850128,44.086995540587566],[-72.86364559588134,44.08674223257039],[-72.86302882240452,44.0860462839462],[-72.86241080935596,44.084920985607226],[-72.86230023604163,44.084798458055744],[-72.8617795608188,44.08449364316975],[-72.86157067451501,44.08427186085477],[-72.86122826465045,44.08338294099172],[-72.86113260927466,44.08268730391093],[-72.86090233769023,44.08240267543182],[-72.86047689991477,44.08207515865522],[-72.86011031141273,44.0818525084224],[-72.85988149013897,44.08180660442451],[-72.85959910660986,44.081671040404885],[-72.85950818217754,44.08153983964087],[-72.85939622467293,44.08106803419544],[-72.85919174762559,44.08083897044437],[-72.85891000752747,44.08075780376547],[-72.8592424147234,44.07762926742611],[-72.85938832446946,44.076879057643275],[-72.8598757583215,44.07505590202537],[-72.86056396115893,44.07365608117287],[-72.86061189080408,44.07309148444562],[-72.86043826714763,44.07254233258887],[-72.8595471354901,44.07119420925751],[-72.8592447703292,44.07062857896053],[-72.85845989529743,44.06831792356358],[-72.85796652835614,44.06750321370358],[-72.8568493240119,44.066190115260646],[-72.85616280747789,44.0648336710245],[-72.85588620059035,44.0644600513352],[-72.85525638379504,44.06399774272481],[-72.85400095865454,44.06342482683518],[-72.85345378837845,44.06308556822155],[-72.85199791424475,44.061365366676995],[-72.84865120492384,44.06048670182911],[-72.83437555101901,44.05635521947694],[-72.82010187356391,44.05222194445387]],[[-72.82264667511548,44.06098616786033],[-72.82632315493316,44.06202079267791],[-72.8267066704286,44.062231117770644],[-72.82749785323206,44.06246738843227],[-72.82986779317976,44.06300664791219],[-72.83885031594716,44.06536786338999],[-72.83979943713216,44.06570233043367],[-72.83980193207451,44.065860047451224],[-72.84000461642003,44.06635521705348],[-72.84009177786359,44.06746562466946],[-72.84031888643194,44.06765781557034],[-72.84039130232985,44.067924622569926],[-72.84050215570855,44.06800162486999],[-72.84074746360383,44.06799038228642],[-72.84075369175926,44.06808339343519],[-72.84105932458105,44.06808911457464],[-72.84126421660731,44.06801856103988],[-72.84171091788039,44.06816195410222],[-72.84197956818086,44.0681419539435],[-72.84222510167456,44.067953820086274],[-72.84263874133798,44.06799862045082],[-72.8428217866042,44.067914641160066],[-72.84301757958764,44.06790044532349],[-72.84308052923976,44.06782397130848],[-72.84347821226045,44.06781438563141],[-72.84391923607568,44.06756319492626],[-72.84409432875867,44.06751617221824],[-72.84429084024232,44.06714318857477],[-72.8447219874241,44.06682817225289],[-72.84495099702393,44.066746306272634],[-72.84496035623674,44.06665904074821],[-72.84545464974009,44.06660235763002],[-72.84560023841861,44.066632245940525],[-72.84578439850048,44.06677272871583],[-72.84576621238817,44.066922291949815],[-72.84587927885369,44.06721598812966],[-72.84595939162796,44.067808237812194],[-72.84581186764073,44.068365804337816],[-72.84578192613242,44.06897955895267],[-72.84560802773525,44.06928467426323],[-72.84560275863504,44.069489525644634],[-72.84564915299079,44.06959063209997],[-72.84594811723262,44.06976356358087],[-72.8462459724566,44.07065447368206],[-72.84625418302734,44.070894564638294],[-72.84640429348424,44.0709478951917],[-72.84664554072319,44.07076817732955],[-72.8467609182418,44.070932714695445],[-72.84675457166584,44.071326943421504],[-72.84618772798055,44.07172810898776],[-72.84603687420524,44.07199742273257],[-72.84561644493617,44.07237185885243],[-72.8451039111819,44.073353293385225],[-72.84482399501975,44.07358518126124],[-72.84477151406418,44.07383494237445],[-72.84442162541045,44.07410867667994],[-72.84425049034431,44.07454536920554],[-72.84379241383971,44.075290052987945],[-72.8435008492546,44.07550506679695],[-72.84326652171858,44.0754994385949],[-72.84293200291806,44.075293457805856],[-72.84201652884394,44.07489944935417],[-72.841455533808,44.074487062973404],[-72.8413182818522,44.074286838169854],[-72.84109360848068,44.074184990706456],[-72.84062321162902,44.073711040726444],[-72.84056956589549,44.07355162060684],[-72.84066076282635,44.07442198957124],[-72.83400214742186,44.07249000156384],[-72.83414719627785,44.07330718801739],[-72.83321608445804,44.07322890371066],[-72.83111002033506,44.07272015280096],[-72.82817333547706,44.07176679459063],[-72.82771943996896,44.07090889259623],[-72.82961619643616,44.067089506936135],[-72.82509605880645,44.065643886627264],[-72.82442189519435,44.06551970759059],[-72.82307386684393,44.06506885645036],[-72.82281826306438,44.0650652651785],[-72.82205757705282,44.06470897210729],[-72.82191089379421,44.064691015332286],[-72.82235839118242,44.06345072977871],[-72.8225488993273,44.06143626681721],[-72.82264667511548,44.06098616786033]],[[-72.84356948963867,44.08456025912307],[-72.84366570182716,44.08462511782463],[-72.84362482797887,44.08483119977138],[-72.84368924778744,44.08498435316401],[-72.84411180752448,44.08524863343048],[-72.84431161469212,44.085301466795784],[-72.84494312744754,44.08515154008744],[-72.84505623258977,44.08524482469501],[-72.845226806434,44.08577445434863],[-72.84543590046013,44.08572073981134],[-72.84581617635352,44.08573951381438],[-72.84598215853745,44.08581437085013],[-72.84617021952042,44.0860014269713],[-72.84642190388281,44.086104232642235],[-72.84653283063996,44.08663641172892],[-72.84633874873255,44.087044390144584],[-72.84625983236145,44.08707371943016],[-72.84617280348186,44.08736191127201],[-72.84600907237329,44.08746686497035],[-72.84585695348513,44.0878131422205],[-72.84579194492015,44.088076320633576],[-72.8456005230345,44.088367221923335],[-72.84527657157497,44.088553101868825],[-72.84493124404828,44.08893147085626],[-72.84473707691961,44.08900461468728],[-72.8446628605853,44.089122033211666],[-72.84383870679328,44.08967170814566],[-72.84336273798598,44.09019456485283],[-72.84256762091341,44.090791709586334],[-72.84237514566405,44.0908962545957],[-72.8419425428051,44.09101482934014],[-72.84186403974721,44.091141047416556],[-72.84177173529524,44.091158643335135],[-72.84181261288376,44.091250347079935],[-72.84165762859982,44.09125166206489],[-72.84170501921285,44.091336367706354],[-72.84162258528137,44.091449330346514],[-72.84166811053596,44.09152430439001],[-72.84162371807274,44.09164069478846],[-72.84152852475341,44.091708042595585],[-72.84123239198294,44.091771829912815],[-72.84106378580842,44.09188672979689],[-72.84094612662864,44.09205782420876],[-72.84092435605992,44.09222200564106],[-72.84074705102512,44.092353336352346],[-72.8406193649325,44.092562734058],[-72.8404192800988,44.0926571994391],[-72.84028638903715,44.09279939067797],[-72.83960871603095,44.092791608695435],[-72.8391951485409,44.09255769490289],[-72.83860211726181,44.09199412117009],[-72.83827458630253,44.09154619076156],[-72.83803786111096,44.09106795656716],[-72.83798561683726,44.09079112459744],[-72.8380145654572,44.090253809597776],[-72.83784585099961,44.089218543823726],[-72.83766972964085,44.089015653564914],[-72.83753255640661,44.0886459105769],[-72.83714908941833,44.08836934426087],[-72.83695532325508,44.087987701110436],[-72.83682692460472,44.087432389118035],[-72.83677191088185,44.087089071026504],[-72.83683169293491,44.086589592361776],[-72.83703039097055,44.086072706344346],[-72.83708951529869,44.08621806157136],[-72.83715564377229,44.086198803353334],[-72.83717518913684,44.08596784836204],[-72.83733633754169,44.085636450139965],[-72.83750515778176,44.08555489043762],[-72.83778760369816,44.085579541277134],[-72.83836083001327,44.08528873783889],[-72.83869064321227,44.0851810816145],[-72.83889272724647,44.08518045266583],[-72.83920746862958,44.08489787066973],[-72.83929644484915,44.08504118943028],[-72.83980256674633,44.08502887073846],[-72.84010191922692,44.08485378773874],[-72.84025958490508,44.08488620372495],[-72.84075281200224,44.084799041161176],[-72.84121950508786,44.084855304681575],[-72.84143851754777,44.08480316624503],[-72.84181598395742,44.08457856887254],[-72.84193704839927,44.08466000844461],[-72.8421002806237,44.084658368683094],[-72.84230857878137,44.08479183355735],[-72.84261944914283,44.084842265252654],[-72.84270850717861,44.084775799770696],[-72.84277784479883,44.084835231771876],[-72.84287883195192,44.08479753156057],[-72.84302836015152,44.084569513582736],[-72.84312366329638,44.084701641258555],[-72.84335465996772,44.08457283997063],[-72.84356948963867,44.08456025912307]],[[-72.84359700476182,44.094606348633995],[-72.8438532310716,44.09466847929756],[-72.84405130456099,44.094650986245966],[-72.84457623144502,44.09472306089561],[-72.84471307337917,44.09473941434005],[-72.84480589888528,44.09481884970347],[-72.84504264497198,44.09484712780038],[-72.84520764332879,44.095068499241556],[-72.8456038579132,44.09522729122272],[-72.84578677491876,44.095228521567584],[-72.84605707354129,44.0950920171241],[-72.84617372176626,44.09513531140758],[-72.84627390484226,44.09529211132637],[-72.84659421191215,44.09512224555547],[-72.84704967706999,44.09541098484503],[-72.8472847954833,44.09532166825511],[-72.84744690324625,44.095318370955766],[-72.84762031804361,44.095445985616145],[-72.84799056956503,44.09589545530665],[-72.84813892700387,44.09617085559914],[-72.84816369948852,44.09660978029412],[-72.84788262141828,44.09670607238294],[-72.84746364182384,44.09671365733725],[-72.8469616344315,44.09688254923533],[-72.84673044052604,44.09682221891773],[-72.84662670915706,44.09689925840177],[-72.84669699253539,44.09697317064191],[-72.84651242008772,44.09704695158145],[-72.84616747201596,44.09706480400858],[-72.84566796090135,44.09719299872291],[-72.84505735290107,44.09719364571602],[-72.8447004142135,44.09729359078572],[-72.84433041112277,44.09750759962504],[-72.8440590302407,44.09779580839341],[-72.84372399330239,44.09798549435445],[-72.84322128611126,44.098405427960415],[-72.84290270006848,44.09853443309871],[-72.84254774913492,44.09852339729022],[-72.84229362205306,44.09841236817191],[-72.84212031737165,44.098085267592],[-72.84204462183109,44.09775743444096],[-72.84215734722392,44.097067868683965],[-72.84304513267298,44.09489299893191],[-72.84328378176967,44.09463271811702],[-72.84359700476182,44.094606348633995]],[[-72.85944474374183,44.104770089815894],[-72.86027074450324,44.104996212903224],[-72.85991888773759,44.10608994163268],[-72.85978144153647,44.10642810441076],[-72.85813966983112,44.110586668013646],[-72.85790305542454,44.11145978255763],[-72.85776078641847,44.11237012497996],[-72.8577493625618,44.11354339878857],[-72.85808584177745,44.116786390562545],[-72.85803593647209,44.11735965875443],[-72.85783609903518,44.11801874574473],[-72.85820819425501,44.1183135612635],[-72.85855321099035,44.11836697601265],[-72.85826939920236,44.118657962813465],[-72.85894516814993,44.11968998912888],[-72.85917364994826,44.11978904004795],[-72.85932432214277,44.11993308433827],[-72.85866745742278,44.12068888516895],[-72.85815201266506,44.12074904293077],[-72.85783926384558,44.120722589035815],[-72.85762447041162,44.12062382111806],[-72.85749010650773,44.12064209500662],[-72.85743631973726,44.12073528585965],[-72.85743929421223,44.121226772934065],[-72.85732107278206,44.12136310896182],[-72.85719308368786,44.121358944376475],[-72.85716817513358,44.121356511241366],[-72.85689791152782,44.12133011364411],[-72.8568865845862,44.121266594388416],[-72.8568038824915,44.12048675220538],[-72.85668990492059,44.120533340393635],[-72.856345855533,44.120744122051576],[-72.85606051614039,44.120917995964504],[-72.8549852159995,44.122138524737956],[-72.85498290989821,44.122140867411936],[-72.854249076704,44.121536996567556],[-72.8549475199951,44.1208152373003],[-72.85633959694685,44.11985749587111],[-72.85571765797481,44.119680144307125],[-72.85530621341124,44.11956499926515],[-72.85309896552663,44.11901305986341],[-72.85011065329162,44.118185013706515],[-72.84943189474076,44.11486731387189],[-72.84995030074501,44.11394227209709],[-72.84988819058603,44.112594434415975],[-72.8490172837195,44.112333296982584],[-72.84791433984866,44.11178045355597],[-72.84797202055036,44.111705284077296],[-72.84810318413993,44.11147566314571],[-72.84861679869987,44.11059059720034],[-72.8516589569253,44.11149911513335],[-72.85212263073309,44.110012465312955],[-72.85249694152603,44.10985600973864],[-72.85268625418657,44.11018069185507],[-72.85276633714557,44.11014252199053],[-72.85387146835188,44.108475013402604],[-72.85451046501265,44.108335865256194],[-72.85499469288645,44.107960976401486],[-72.85510890656523,44.10760629017835],[-72.85504409976618,44.10649777643943],[-72.8558572417434,44.106300934434074],[-72.85638423365049,44.106005910569785],[-72.85769332242695,44.10563226091468],[-72.85832581426271,44.10529499433487],[-72.85936617993369,44.10496083312947],[-72.85944474374183,44.104770089815894]],[[-72.83033434390441,44.11245662642796],[-72.83224818165756,44.113053939565546],[-72.83130832998233,44.114430889649626],[-72.83013370702503,44.115944258879175],[-72.82813376447994,44.118969203917665],[-72.82733144616451,44.12050411193326],[-72.82724615389309,44.12050441567526],[-72.8237836281794,44.12590483414352],[-72.8194953328201,44.124676157717644],[-72.82113578662711,44.12221402858231],[-72.82352624871474,44.11919147297906],[-72.82428781210145,44.11822853626373],[-72.82471760701517,44.11768509276731],[-72.82691064732307,44.11491216241851],[-72.82729306831358,44.11505676203167],[-72.82799859210645,44.11532351330993],[-72.82954033208884,44.113312197825586],[-72.83033434390441,44.11245662642796]],[[-72.87319128431311,44.10914162215315],[-72.87357441042583,44.10922118779514],[-72.8737855102639,44.109652332430635],[-72.87401012756649,44.10987349629683],[-72.87436903616148,44.110084653587926],[-72.87536651649035,44.110396520141144],[-72.87702733365413,44.1106525514178],[-72.87823612932362,44.110984786039296],[-72.87840935206587,44.11122328523288],[-72.8784040785484,44.1114623997995],[-72.87790740619273,44.11256752884443],[-72.87729315494894,44.11331898388452],[-72.87622436623846,44.11374599033043],[-72.87538847102435,44.11386320971485],[-72.87470515430763,44.11385137681675],[-72.87416669409608,44.113953228379955],[-72.87403770287739,44.1141063041227],[-72.87344499471573,44.11423783741832],[-72.87313216765939,44.114440947440535],[-72.87289176480685,44.114509049077064],[-72.87214351900168,44.11450806431669],[-72.87149094610405,44.11440880081939],[-72.87103958401768,44.114422528358695],[-72.87035590970628,44.11461495901412],[-72.87007157684424,44.11444880086564],[-72.86985032620832,44.11417500067328],[-72.86958704882325,44.113642042894384],[-72.86919365023103,44.11316668501823],[-72.8691341274451,44.11289968306995],[-72.86914251139999,44.11227083257741],[-72.86895944531733,44.11168333288026],[-72.86931587199885,44.111355850276084],[-72.86955729556767,44.111245659596044],[-72.86995363863173,44.110809505250764],[-72.8701873447372,44.11075566503381],[-72.87039885854783,44.11054171699381],[-72.8708345463719,44.11062959402957],[-72.8711474485352,44.110575959160634],[-72.87136468730031,44.11061563645178],[-72.8714892329423,44.11056897758572],[-72.87157631781342,44.11045935277248],[-72.87169106831153,44.110458923702],[-72.87187619586625,44.11022838976457],[-72.87193070476343,44.110265628236206],[-72.87198134000099,44.11022796287082],[-72.87212576245471,44.10983298340591],[-72.87229549183094,44.109578331978966],[-72.87244639490991,44.10940037980893],[-72.87253713049893,44.10938211357109],[-72.87276863164642,44.10918541202006],[-72.87319128431311,44.10914162215315]],[[-72.847811678157,44.132958984833394],[-72.84992555326424,44.133523432197485],[-72.85000510479351,44.13340362510906],[-72.85144483544056,44.13383240743627],[-72.85097061706918,44.134673396440945],[-72.85029835899486,44.13464433135497],[-72.84932776877756,44.13702051083625],[-72.85004373871365,44.13726204140895],[-72.84946180542713,44.13720192899877],[-72.84925048616144,44.137732799918936],[-72.84875524810832,44.138289163294104],[-72.8497364197424,44.13869365897052],[-72.84915735899959,44.13918567042877],[-72.84842005945109,44.140276321732195],[-72.84726601564255,44.13993593810703],[-72.84626948019793,44.13915052372275],[-72.84623680940966,44.138686078405335],[-72.84612122646166,44.138544199729495],[-72.84578825224922,44.13840923143137],[-72.84586833523362,44.137838844820244],[-72.84606529103819,44.137229676790646],[-72.847811678157,44.132958984833394]]]]}},{"type":"Feature","properties":{"OBJECT_ID":742,"County":"Washington","RPC":"CVRPC","Municipal_Name":"Warren ","GEO_ID":"5002376525","District_Name":"Flood Hazard Overlay District","Abbreviated_District_Name":"Fho","District_Type":"Overlay","Bylaw_Date":"2024-06-05","Elderly_Housing_District":"No","District_Mapped":"Yes","Overlay_District":"Yes","Base_Density":null,"GIS_ID":null,"Last_Update":null,"Shape_Length":24508.276983814347,"Shape_Area":594169.0874242784,"F1F_Allowance":null,"F1F_Front_Setback":null,"F1F_Side_Setback":null,"F1F_Rear_Setback":null,"F1F_Frontage":null,"F1F_Max_Height":null,"F1F_Max_Stories":null,"F1F_Min_Lot_Size":null,"F1F_Max_Lot_Building_Coverage":null,"F1F_Max_Lot_Impervious_Coverage":null,"F1F_Min_Parking_Spaces":null,"F1F_Elderly_Housing_Only":null,"F1F_Affordable_Housing_Only":null,"F2F_Allowance":null,"F2F_Front_Setback":null,"F2F_Side_Setback":null,"F2F_Rear_Setback":null,"F2F_Frontage":null,"F2F_Max_Density":null,"F2F_Max_Height":null,"F2F_Max_Stories":null,"F2F_Min_Lot_Size":null,"F2F_Max_Lot_Building_Coverage":null,"F2F_Max_Lot_Impervious_Coverage":null,"F2F_Min_Parking_Spaces_per_1BR":null,"F2F_Min_Parking_Spaces_per_mult_BR":null,"F2F_Elderly_Housing_Only":"No","F2F_Affordable_Housing_Only":"No","F3F_Allowance":null,"F3F_Front_Setback":null,"F3F_Side_Setback":null,"F3F_Rear_Setback":null,"F3F_Frontage":null,"F3F_Max_Density":null,"F3F_Max_Height":null,"F3F_Max_Stories":null,"F3F_Min_Lot_Size":null,"F3F_Max_Lot_Building_Coverage":null,"F3F_Max_Lot_Impervious_Coverage":null,"F3F_Min_Parking_Spaces_per_1BR":null,"F3F_Min_Parking_Spaces_per_mult_BR":null,"F3F_Affordable_Housing_Only":"No","F3F_Proximity_to_Public_Transit_Required":"No","F3F_Connection_to_Sewage/Water_Required":"No","F4F_Allowance":null,"F4F_Front_Setback":null,"F4F_Side_Setback":null,"F4F_Rear_Setback":null,"F4F_Frontage":null,"F1F_Max_Density":null,"F4F_Max_Density":null,"F4F_Max_Height":null,"F4F_Max_Stories":null,"F4F_Min_Lot_Size":null,"F4F_Max_Lot_Building_Coverage":null,"F4F_Max_Lot_Impervious_Coverage":null,"F4F_Min_Parking_Spaces_per_1BR":null,"F4F_Min_Parking_Spaces_per_mult_BR":null,"F3F_Elderly_Housing_Only":"No","F4F_Elderly_Housing_Only":"No","F4F_Affordable_Housing_Only":"No","F4F_Proximity_to_Public_Transit_Required":"No","F4F_Connection_to_Sewage/Water_Required":"No","ADU_Allowance":"Not Mentioned","ADU_Elderly_Housing_Only":"No","ADU_Max_Size_as_Percent_of_Primary_Strcture":null,"ADU_Max_Size_in_sq_ft":null,"ADU_Min_Lot_Size":null,"ADU_Max_Bedrooms":null,"ADU_Min_Parking_Spaces":null,"ADU_Owner_Occupancy_Required":"No","ADU_Renter_Occupancy_Prohibited":"No","ADU_Employee_or_Family_Occupancy_Required":"No","ADU_Restricted_to_Primary_Structure":"No","Affordable_Housing_Allowance":"Not Mentioned","Affordable_Housing_District":"No","Affordable_Housing_Elderly_Only":"No","Affordable_Housing_Min_Lot_Size":null,"Affordable_Housing_Max_Density":null,"Affordable_Housing_Min_Parking_Spaces_per_mult_BR":null,"Affordable_Housing_Max_Units_per_Building":null,"Affordable_Housing_Min_Parking_Spaces_per_1BR":null,"PRD_Allowance":"Not Mentioned","PRD_Max_Density":null,"PRD_Max_Units":null,"PRD_Min_Lot_Size":null,"PRD_Mobile_or_Manufactured_Home_Park":"No","PUD_Allowance":null,"PUD_Required_with_Subdivision":null,"PUD_Requires_Land_Conservation":null,"PUD_Threshold_Number":null,"Notes":" Uses Permitted Within The Hood Hazard Overlay District Specifically Include Agriculture And Forestry, Unimproved Open Space, Recreational And Educational Uses, And Those Uses Generally Permitted Within Existing Single Family Dwellings (I.e., Day Care Facilities And Group Homes As Defined, And Home Occupations). All Other Uses And Structures Including But not Limited to New Buildings, The Cumulative Substantial Improvement Of Existing Buildings, And Any Development Within A Floodway, Shall Be Subject to Conditional Use Review. ","FIPS6":null},"geometry":{"type":"MultiPolygon","coordinates":[[[[-72.85991888773759,44.10608994163268],[-72.85866918496312,44.1064497844513],[-72.85832696697128,44.10664390592136],[-72.85781756517594,44.10727358941663],[-72.85734225078993,44.10809427922619],[-72.8569848304334,44.109164693005646],[-72.85691109327895,44.110382900437365],[-72.85694715130663,44.11094661486237],[-72.8566368832042,44.111541897610785],[-72.85646954804355,44.112061710968106],[-72.85689654167301,44.112935998835496],[-72.85684319510058,44.11310176543702],[-72.8565241505094,44.11343340701767],[-72.85646504158626,44.113598012404516],[-72.85658129817536,44.11410192757122],[-72.8558379393342,44.11422453898489],[-72.85538096437773,44.114379955751275],[-72.85516569969458,44.11454316596705],[-72.85496973693049,44.114876639840396],[-72.8548001248997,44.11478481365167],[-72.85467178420082,44.11430674457389],[-72.8545482276383,44.114223991062744],[-72.85435077234709,44.11421110359631],[-72.85416292516038,44.114259116309974],[-72.85388202837783,44.11443602761728],[-72.85385428241439,44.11451738396195],[-72.85394097971856,44.11457939211311],[-72.85386094511779,44.114685155657085],[-72.85378966134564,44.11472080509923],[-72.8530924791647,44.114472400698446],[-72.85296605345681,44.11449286056021],[-72.8525486890418,44.114724641287076],[-72.85242623245767,44.114677588869],[-72.85220252845374,44.114470164392436],[-72.8520129426946,44.11367963299425],[-72.85181596462864,44.113404621424884],[-72.85185684168164,44.11315771335791],[-72.8517363520268,44.112894679096556],[-72.85098419487406,44.11250921355399],[-72.84996986958899,44.11230894301586],[-72.84961241332311,44.112324708418676],[-72.84935599212692,44.11222503787437],[-72.84854558255127,44.11164344506652],[-72.84810318413993,44.11147566314571],[-72.84591910143695,44.11102835427291],[-72.84479813635208,44.11109852321106],[-72.84426387248818,44.110926973393646],[-72.84398233009806,44.11073630034078],[-72.84351650080804,44.11010760832743],[-72.84307214759868,44.10964841085158],[-72.84295762969839,44.10935076292356],[-72.84283459835228,44.10922243141985],[-72.84209348452335,44.108924502960534],[-72.84186306809649,44.10873741733889],[-72.84155034577911,44.10817642165505],[-72.8406799888769,44.10724436541849],[-72.8401512274551,44.10682599736982],[-72.8397731092768,44.10625516884796],[-72.83960158860219,44.106207259407405],[-72.8389236353607,44.10632303244285],[-72.83822314094921,44.10601289632837],[-72.83715710341288,44.10597464701102],[-72.83615833001974,44.10555089732025],[-72.83596066731911,44.10551763941904],[-72.83553843657033,44.10564074016398],[-72.83534226723008,44.10587162764328],[-72.83513620261417,44.105987343053066],[-72.83486395884316,44.10606266181653],[-72.83412121435626,44.10603099618343],[-72.83381979928413,44.10591667742819],[-72.83361170237623,44.10569381290651],[-72.83356329141812,44.105436551658386],[-72.83369187972303,44.10491462357304],[-72.83366289014036,44.10477925732901],[-72.83344612636361,44.104658029360245],[-72.83321380218558,44.10514632956694],[-72.83331946629127,44.105545624896706],[-72.83349091801657,44.10593797714089],[-72.83391548063669,44.106227978949136],[-72.83442389300036,44.10636878279121],[-72.83526979338845,44.10635271257493],[-72.83579580500397,44.10626989811652],[-72.83596431146375,44.10616104201843],[-72.83603869803164,44.10601862232352],[-72.83601873430987,44.10580186962344],[-72.8360842900434,44.105754335585964],[-72.83710222493276,44.10625246075419],[-72.83791787960526,44.1063432017609],[-72.83890484474821,44.10655393967075],[-72.83935971476272,44.106503179123685],[-72.83963206633133,44.10653459001916],[-72.83975547806722,44.1066442937842],[-72.8397474898907,44.10692880935258],[-72.8398991263225,44.10712473956293],[-72.84133439498241,44.10824483656262],[-72.84142027110444,44.10849442238272],[-72.84200853648015,44.1091330167338],[-72.84228747088989,44.10937203280664],[-72.8427427399621,44.10958162915096],[-72.84334878178012,44.110352013901434],[-72.84392524081427,44.11088659306261],[-72.84416114742508,44.11102700345137],[-72.84460602122468,44.111185593335414],[-72.84528094594671,44.111314416287826],[-72.84651555843357,44.11134595944283],[-72.84797202055036,44.111705284077296],[-72.84848628575581,44.111883927268345],[-72.8492357483954,44.11231571018921],[-72.84949037022915,44.11241229138958],[-72.85021465877116,44.11249856641861],[-72.85131441475876,44.11299683457778],[-72.85136617371303,44.1132990769836],[-72.85172480300388,44.11354862475572],[-72.85192664280741,44.11394378021071],[-72.85193697834782,44.11442360288902],[-72.8520846700633,44.11509536834768],[-72.85223792184918,44.11541423820382],[-72.85287151437072,44.1154556803098],[-72.85336773033951,44.11512222497792],[-72.85372440684846,44.11499926242113],[-72.8542594256914,44.114889152346045],[-72.85459326641835,44.11496212044077],[-72.85472877026135,44.115012359238946],[-72.8548263875357,44.115048672781214],[-72.85505576527763,44.11500085392375],[-72.85515532513924,44.11492784391388],[-72.85529282506747,44.114629790326184],[-72.85554073603569,44.1144457565786],[-72.85620958802815,44.11436560134184],[-72.85647256561695,44.1143729387452],[-72.85655309062385,44.1144268677334],[-72.85659809365094,44.11455659881965],[-72.85655664907317,44.114961744564745],[-72.8565429995117,44.11502755498397],[-72.85652057890199,44.115252723244375],[-72.85697520474261,44.116489001173676],[-72.85699737490776,44.1168619512077],[-72.85684888532414,44.117266807635495],[-72.85678780340055,44.11791764188504],[-72.85686274080057,44.11838573925881],[-72.85681434079908,44.118522511015115],[-72.85530621341124,44.11956499926515],[-72.85446954182733,44.12013991685556],[-72.8539359753569,44.120636152742264],[-72.85357617532928,44.120743540151565],[-72.85250538846502,44.12090732958609],[-72.85205621636779,44.12104077122432],[-72.85131480991,44.12149138660424],[-72.85036921958493,44.12180828181441],[-72.85017868606398,44.12199794677927],[-72.8501336365715,44.12213014143608],[-72.850237598323,44.12238065728447],[-72.85036475932368,44.122481607748625],[-72.85110474776647,44.12281350718007],[-72.85110641685421,44.1242766370243],[-72.85117744407223,44.12441312916348],[-72.85171506619618,44.124958317066266],[-72.85183832607377,44.125219311851836],[-72.85165276471832,44.12546234481411],[-72.85086822478755,44.125980569218235],[-72.8505802515845,44.126327047087074],[-72.85046312745959,44.126591217002606],[-72.85028293057636,44.127621460697945],[-72.85013404077328,44.127782350633645],[-72.84996074405056,44.12785448310295],[-72.849793043222,44.12780630835698],[-72.84961314157796,44.127535778304406],[-72.84953530105058,44.12752903336557],[-72.84935616855243,44.12762926465104],[-72.8485553398839,44.12788146139561],[-72.84822607855055,44.128153096184725],[-72.84810371732229,44.12851959542323],[-72.8481456273269,44.128836893113665],[-72.84865418515415,44.12977019067373],[-72.84847176890851,44.12995217234363],[-72.84793469647448,44.130027339429084],[-72.84777378469528,44.130139248725435],[-72.84769020630826,44.130291332555906],[-72.84776405366435,44.131486041226935],[-72.84696902115301,44.132631550747455],[-72.84697046353087,44.13283521673442],[-72.84681120789836,44.13321037095129],[-72.84645688866148,44.13364868203718],[-72.84627128230657,44.134209204046584],[-72.84580521641277,44.134231502052565],[-72.84529461763675,44.13419011636335],[-72.8451430935614,44.1341143441109],[-72.84507105110627,44.13391044141013],[-72.84478023893104,44.13386406934678],[-72.84444977304,44.13402571643957],[-72.84417633829749,44.134389421085224],[-72.844020997427,44.134775360436784],[-72.84407884023777,44.135245976008946],[-72.8440332595575,44.135466793577244],[-72.8443686157117,44.136101814017984],[-72.84423486376477,44.1365569831473],[-72.84441789253255,44.138215677666935],[-72.84433970740666,44.138761583787776],[-72.84442611274788,44.13962973391613],[-72.84421772445398,44.14022301230735],[-72.84426133076204,44.14071581113966],[-72.84420638643319,44.14106796683011],[-72.84425641200757,44.141267346164355],[-72.84441204430128,44.1414018771272],[-72.84432442271931,44.141510397777346],[-72.84420911818691,44.14156395415379],[-72.84379288412677,44.141874529451904],[-72.84369200466787,44.1423017957578],[-72.84320094172304,44.143335932068645],[-72.84323492203359,44.14357054996909],[-72.84370204731387,44.144032736425004],[-72.84372759950664,44.144214548616],[-72.84367140025168,44.144373027656755],[-72.84353342856048,44.144461552603076],[-72.84319132308158,44.144480220803864],[-72.84296272762658,44.14441637729627],[-72.84291867069504,44.14444891044018],[-72.84321298157238,44.14479293355561],[-72.84253427241482,44.14510569902737],[-72.8424911336389,44.14513027505251],[-72.84211489064661,44.14538758997482],[-72.84155593246528,44.145964811309845],[-72.84123695827635,44.14583159797018],[-72.84113750763981,44.1458417715733],[-72.84081976034007,44.14663314811378],[-72.84158517041521,44.14685198388534],[-72.84204815310956,44.146984353853924],[-72.84369565035234,44.14745538478595],[-72.84418889364619,44.14759640661471],[-72.84469428394647,44.146589034581496],[-72.8449060012565,44.14579411902801],[-72.84486553552503,44.145427378851],[-72.84499125837534,44.144995449425984],[-72.84491619805151,44.14480331372835],[-72.8448518582891,44.144731180381235],[-72.84502247868059,44.144432945304594],[-72.8453432918799,44.14429958601174],[-72.84566495281787,44.14429033322485],[-72.84576098458719,44.14418900684438],[-72.84577397043786,44.14388983999298],[-72.84550363379381,44.14359124771698],[-72.84548556601591,44.14347274356689],[-72.84557794898362,44.14317396656744],[-72.84582839247057,44.14278440871823],[-72.84582914345283,44.14248464702256],[-72.84588912831404,44.14223774929604],[-72.84590014929687,44.14211724910941],[-72.84564892953574,44.14154421163436],[-72.84564637183979,44.14110582923918],[-72.84555373275863,44.14101511944954],[-72.84539294391452,44.14098248566118],[-72.84511729249517,44.14099159870443],[-72.84495035840571,44.141066234095575],[-72.84498612219845,44.140898336342836],[-72.84517012722458,44.14073606308645],[-72.84534032038671,44.14027928364455],[-72.84531838733778,44.13998455209045],[-72.84500260941302,44.13902535403327],[-72.84526204696304,44.138315729726564],[-72.84526042801102,44.138037904381065],[-72.84497325472529,44.136950085827],[-72.84527360625526,44.13624605269363],[-72.84582778685912,44.1360060418005],[-72.84589364027285,44.135892546697086],[-72.8459706476646,44.135597473141864],[-72.84585556231903,44.135299471202224],[-72.84614225688537,44.135195822786265],[-72.8465179782536,44.1349299934274],[-72.84667521840602,44.13465780599906],[-72.84689290175308,44.13452844504311],[-72.84725404363643,44.13407905721711],[-72.84765836177492,44.13295984569283],[-72.84827723023481,44.13182089862754],[-72.848198928002,44.13140727507927],[-72.84829420527112,44.130903295005744],[-72.84868281745186,44.130710859193016],[-72.84867638907598,44.13044654823736],[-72.84909878649472,44.13045371831993],[-72.84928934997082,44.1302847445852],[-72.84931672671908,44.129756630581824],[-72.84920676595259,44.12928586693327],[-72.84873930995528,44.12884408243746],[-72.84857631871637,44.128587380815084],[-72.84863997104502,44.128510891593685],[-72.84953670525545,44.12819832394205],[-72.85033084421202,44.128167271423884],[-72.85062558881275,44.12804045419016],[-72.85089572001051,44.12725379401692],[-72.85149480537795,44.12613441382623],[-72.85221656829715,44.12540041043165],[-72.85262976700247,44.12471012874916],[-72.85253611691199,44.12455192726179],[-72.85223532670425,44.12462791527443],[-72.85211920767388,44.124578233064945],[-72.8514761658177,44.12372251036037],[-72.85156079085158,44.122928447253805],[-72.85154120065624,44.12201477115902],[-72.85173088106532,44.12186187888564],[-72.85225946076925,44.12158937901453],[-72.8541737639711,44.12092258623659],[-72.85437413159481,44.12080257584313],[-72.85542834673484,44.11980947435976],[-72.85571765797481,44.119680144307125],[-72.85592880354565,44.11956798973592],[-72.85612410536099,44.11937928034654],[-72.85703761890585,44.11891227020537],[-72.8574512616592,44.118407906131864],[-72.85740984308472,44.11821165037021],[-72.85718068133596,44.1178837522249],[-72.85720279431102,44.117510938348],[-72.85710523921024,44.11732780270479],[-72.8572330036279,44.11696932766488],[-72.85742986748123,44.11672434731891],[-72.8574108833586,44.11642112781614],[-72.85720778173618,44.11607782461945],[-72.8571312019501,44.11561388863671],[-72.85691591829712,44.11514688765289],[-72.85689645677782,44.11490682908096],[-72.85706155668645,44.11442817684719],[-72.85704190093007,44.113460855782115],[-72.85734257736337,44.113032472006914],[-72.85744036761947,44.112750821021685],[-72.85737095186694,44.11254907711127],[-72.85685701652166,44.11214251699023],[-72.8570080843401,44.11195950243861],[-72.85682171444127,44.111878623427216],[-72.85712088242681,44.11136737237334],[-72.85755597244602,44.1110552271957],[-72.85780813439044,44.11042885682139],[-72.8578884400873,44.10995156836064],[-72.85774571765705,44.10946002840647],[-72.85809722573758,44.10880078299968],[-72.85788145815641,44.10844134444],[-72.85848095281423,44.106911630848785],[-72.85857140452084,44.10682194043578],[-72.85917929308829,44.10670776872872],[-72.85951278386574,44.10648519869025],[-72.85978144153647,44.10642810441076],[-72.86016891518555,44.10623676813623],[-72.86047028805719,44.10604263501583],[-72.8605640536347,44.105916073718944],[-72.86072207112117,44.10522341730249],[-72.86115708526565,44.10411125557112],[-72.86117052472187,44.103459308938056],[-72.86112695131696,44.10274601442425],[-72.86142857681989,44.10140424187095],[-72.86150838474893,44.100604784427176],[-72.86165578156697,44.10011660341594],[-72.86196328232688,44.099688936403574],[-72.86212231342986,44.09957323158026],[-72.86248954114822,44.099505564623236],[-72.86263405600634,44.09940378504589],[-72.86275081748434,44.09921384503552],[-72.86255548207194,44.09814957686581],[-72.86254346598957,44.097736421757105],[-72.86267401906763,44.097559876011296],[-72.86288016720091,44.09745095056748],[-72.86347141643051,44.097313530021914],[-72.86362090767877,44.09717085320096],[-72.86375141492941,44.09698755629934],[-72.86391440164991,44.095991359202856],[-72.86408237002433,44.095787602389095],[-72.86458793333233,44.095467658448186],[-72.86473716596554,44.09528429971],[-72.86480127114797,44.09500644272738],[-72.86472792407304,44.09378068743897],[-72.86482593349004,44.09344470042952],[-72.86485469409254,44.092868414590725],[-72.8647280227612,44.09262437420748],[-72.86440425801236,44.0925031835573],[-72.8640853351795,44.09251293130883],[-72.86382641313921,44.09237477871437],[-72.86368372797702,44.092077150370635],[-72.86362533450867,44.091759003405784],[-72.86382953213791,44.08980776558829],[-72.86376930591041,44.08904222932138],[-72.86352804674814,44.08814919966397],[-72.86384507740846,44.08704261440944],[-72.86373903335709,44.086609326930244],[-72.86313421266266,44.08584285120263],[-72.8626978100686,44.08506069407983],[-72.8621989182602,44.08451494791459],[-72.86186174998407,44.08427404074313],[-72.86174059666364,44.08406701457714],[-72.86155339120172,44.0836447251951],[-72.86155590999068,44.08300866440744],[-72.86143879834647,44.082677180777004],[-72.86103320393241,44.082222163762175],[-72.86081488638388,44.082070755425136],[-72.8601159383132,44.08174110459751],[-72.8598345106375,44.08169035775318],[-72.85966922255177,44.08156699818475],[-72.85958929257951,44.08120737281332],[-72.85939541342806,44.080951349585206],[-72.85914489091394,44.08080169714096],[-72.85891000752747,44.08075780376547],[-72.85874707079272,44.08072735606582],[-72.85857638560941,44.08047732916013],[-72.8585264154505,44.07997626958888],[-72.8592424147234,44.07762926742611],[-72.85938832446946,44.076879057643275],[-72.85959813968813,44.075421279557425],[-72.8598174000069,44.074995065106904],[-72.8595688563858,44.07493113411781],[-72.85917324041905,44.07534150174959],[-72.85922360647962,44.07555078037176],[-72.85933314626872,44.07568302726914],[-72.85926711106399,44.07624115056586],[-72.8588113331094,44.07798050375327],[-72.85873538886574,44.078552878699234],[-72.85842433327763,44.07938804907859],[-72.85828138545016,44.08057104564929],[-72.85833242977874,44.08077455778286],[-72.85852184955317,44.08096368559351],[-72.85902865194488,44.08111221573442],[-72.85934891838998,44.08156895378554],[-72.85973830541988,44.08197534275044],[-72.86037400890231,44.08241839407802],[-72.86087508361966,44.08291586771949],[-72.86115610471731,44.08344418525241],[-72.8614658774637,44.08440889485801],[-72.8626260275557,44.08582517990157],[-72.8635182773975,44.087309878169656],[-72.8632650951709,44.08780123499549],[-72.86325012055964,44.08799334625037],[-72.86350647910018,44.08975164336758],[-72.8631329436043,44.09194840116387],[-72.86315547468105,44.092406073598404],[-72.863387204665,44.092970271729705],[-72.8638269206148,44.09346234657699],[-72.8643454583451,44.09387550767769],[-72.86435167476812,44.09401521944554],[-72.8643141704739,44.0945546299143],[-72.86414388351955,44.094991799755896],[-72.86427516747604,44.095363264335504],[-72.86418833077363,44.09547999673887],[-72.86393931878877,44.09562182679922],[-72.86377064822412,44.095629564032315],[-72.86356287160673,44.095715996113015],[-72.86351702439264,44.096345517141714],[-72.86334489272713,44.09697962210737],[-72.86317794851867,44.097120695340045],[-72.8629919642286,44.09711474964881],[-72.86253955695955,44.097299217900854],[-72.8623365478345,44.097476356918726],[-72.86218446300671,44.09782329238402],[-72.86220835035822,44.09816615804158],[-72.86238109104775,44.09882360535926],[-72.86239322861583,44.09919544970655],[-72.86229327999239,44.09930354521712],[-72.86168147674009,44.09938392555994],[-72.8614557605695,44.09955786600779],[-72.86095419138293,44.102102287219694],[-72.86055404771096,44.10294220633445],[-72.86056876051211,44.10381240110342],[-72.86038389421661,44.10485429230202],[-72.8600847019549,44.10582973956874],[-72.85997677213729,44.106085914438296],[-72.85991888773759,44.10608994163268]]]]}},{"type":"Feature","properties":{"OBJECT_ID":754,"County":"Washington","RPC":"CVRPC","Municipal_Name":"Warren ","GEO_ID":"5002376525","District_Name":"Warren Village Historic Residential","Abbreviated_District_Name":"Wvr","District_Type":"Mixed with Residential","Bylaw_Date":"2024-06-05","Elderly_Housing_District":"No","District_Mapped":"Yes","Overlay_District":"No","Base_Density":null,"GIS_ID":null,"Last_Update":null,"Shape_Length":6802.2808068123895,"Shape_Area":864369.5350352423,"F1F_Allowance":"Permitted","F1F_Front_Setback":20.0,"F1F_Side_Setback":15.0,"F1F_Rear_Setback":20.0,"F1F_Frontage":null,"F1F_Max_Height":35.0,"F1F_Max_Stories":null,"F1F_Min_Lot_Size":0.25,"F1F_Max_Lot_Building_Coverage":null,"F1F_Max_Lot_Impervious_Coverage":null,"F1F_Min_Parking_Spaces":1.0,"F1F_Elderly_Housing_Only":null,"F1F_Affordable_Housing_Only":null,"F2F_Allowance":"Public Hearing","F2F_Front_Setback":20.0,"F2F_Side_Setback":15.0,"F2F_Rear_Setback":20.0,"F2F_Frontage":null,"F2F_Max_Density":4.0,"F2F_Max_Height":35.0,"F2F_Max_Stories":null,"F2F_Min_Lot_Size":0.25,"F2F_Max_Lot_Building_Coverage":null,"F2F_Max_Lot_Impervious_Coverage":null,"F2F_Min_Parking_Spaces_per_1BR":1.0,"F2F_Min_Parking_Spaces_per_mult_BR":1.0,"F2F_Elderly_Housing_Only":"No","F2F_Affordable_Housing_Only":"No","F3F_Allowance":"Public Hearing","F3F_Front_Setback":20.0,"F3F_Side_Setback":15.0,"F3F_Rear_Setback":20.0,"F3F_Frontage":null,"F3F_Max_Density":4.0,"F3F_Max_Height":35.0,"F3F_Max_Stories":null,"F3F_Min_Lot_Size":0.25,"F3F_Max_Lot_Building_Coverage":null,"F3F_Max_Lot_Impervious_Coverage":null,"F3F_Min_Parking_Spaces_per_1BR":1.0,"F3F_Min_Parking_Spaces_per_mult_BR":1.0,"F3F_Affordable_Housing_Only":"No","F3F_Proximity_to_Public_Transit_Required":"No","F3F_Connection_to_Sewage/Water_Required":"No","F4F_Allowance":"Public Hearing","F4F_Front_Setback":20.0,"F4F_Side_Setback":15.0,"F4F_Rear_Setback":20.0,"F4F_Frontage":null,"F1F_Max_Density":null,"F4F_Max_Density":4.0,"F4F_Max_Height":35.0,"F4F_Max_Stories":null,"F4F_Min_Lot_Size":0.25,"F4F_Max_Lot_Building_Coverage":null,"F4F_Max_Lot_Impervious_Coverage":null,"F4F_Min_Parking_Spaces_per_1BR":1.0,"F4F_Min_Parking_Spaces_per_mult_BR":1.0,"F3F_Elderly_Housing_Only":"No","F4F_Elderly_Housing_Only":"No","F4F_Affordable_Housing_Only":"No","F4F_Proximity_to_Public_Transit_Required":"No","F4F_Connection_to_Sewage/Water_Required":"No","ADU_Allowance":"Allowed/Conditional","ADU_Elderly_Housing_Only":"No","ADU_Max_Size_as_Percent_of_Primary_Strcture":null,"ADU_Max_Size_in_sq_ft":null,"ADU_Min_Lot_Size":0.25,"ADU_Max_Bedrooms":null,"ADU_Min_Parking_Spaces":1.0,"ADU_Owner_Occupancy_Required":"No","ADU_Renter_Occupancy_Prohibited":"No","ADU_Employee_or_Family_Occupancy_Required":"No","ADU_Restricted_to_Primary_Structure":"No","Affordable_Housing_Allowance":"Not Mentioned","Affordable_Housing_District":"No","Affordable_Housing_Elderly_Only":"No","Affordable_Housing_Min_Lot_Size":null,"Affordable_Housing_Max_Density":null,"Affordable_Housing_Min_Parking_Spaces_per_mult_BR":null,"Affordable_Housing_Max_Units_per_Building":null,"Affordable_Housing_Min_Parking_Spaces_per_1BR":null,"PRD_Allowance":"Public Hearing","PRD_Max_Density":4.0,"PRD_Max_Units":null,"PRD_Min_Lot_Size":null,"PRD_Mobile_or_Manufactured_Home_Park":"Yes","PUD_Allowance":null,"PUD_Required_with_Subdivision":null,"PUD_Requires_Land_Conservation":null,"PUD_Threshold_Number":null,"Notes":"None","FIPS6":null},"geometry":{"type":"MultiPolygon","coordinates":[[[[-72.84810318413993,44.11147566314571],[-72.84797202055036,44.111705284077296],[-72.84791433984866,44.11178045355597],[-72.8490172837195,44.112333296982584],[-72.84988819058603,44.112594434415975],[-72.84995030074501,44.11394227209709],[-72.84943189474076,44.11486731387189],[-72.85011065329162,44.118185013706515],[-72.85309896552663,44.11901305986341],[-72.85530621341124,44.11956499926515],[-72.85571765797481,44.119680144307125],[-72.85633959694685,44.11985749587111],[-72.8549475199951,44.1208152373003],[-72.854249076704,44.121536996567556],[-72.85498290989821,44.122140867411936],[-72.8549852159995,44.122138524737956],[-72.85606051614039,44.120917995964504],[-72.856345855533,44.120744122051576],[-72.85668990492059,44.120533340393635],[-72.8568038824915,44.12048675220538],[-72.8568865845862,44.121266594388416],[-72.85689791152782,44.12133011364411],[-72.85716817513358,44.121356511241366],[-72.85719308368786,44.121358944376475],[-72.85732107278206,44.12136310896182],[-72.85743929421223,44.121226772934065],[-72.85743631973726,44.12073528585965],[-72.85749010650773,44.12064209500662],[-72.85762447041162,44.12062382111806],[-72.85783926384558,44.120722589035815],[-72.85815201266506,44.12074904293077],[-72.85866745742278,44.12068888516895],[-72.85932432214277,44.11993308433827],[-72.85917364994826,44.11978904004795],[-72.85894516814993,44.11968998912888],[-72.85826939920236,44.118657962813465],[-72.85855321099035,44.11836697601265],[-72.85820819425501,44.1183135612635],[-72.85783609903518,44.11801874574473],[-72.85803593647209,44.11735965875443],[-72.85808584177745,44.116786390562545],[-72.8577493625618,44.11354339878857],[-72.85776078641847,44.11237012497996],[-72.85790305542454,44.11145978255763],[-72.85813966983112,44.110586668013646],[-72.85978144153647,44.10642810441076],[-72.85991888773759,44.10608994163268],[-72.86027074450324,44.104996212903224],[-72.85944474374183,44.104770089815894],[-72.85936617993369,44.10496083312947],[-72.85832581426271,44.10529499433487],[-72.85769332242695,44.10563226091468],[-72.85638423365049,44.106005910569785],[-72.8558572417434,44.106300934434074],[-72.85504409976618,44.10649777643943],[-72.85510890656523,44.10760629017835],[-72.85499469288645,44.107960976401486],[-72.85451046501265,44.108335865256194],[-72.85387146835188,44.108475013402604],[-72.85276633714557,44.11014252199053],[-72.85268625418657,44.11018069185507],[-72.85249694152603,44.10985600973864],[-72.85212263073309,44.110012465312955],[-72.8516589569253,44.11149911513335],[-72.84861679869987,44.11059059720034],[-72.84810318413993,44.11147566314571]],[[-72.85467178420082,44.11430674457389],[-72.8549896956067,44.114185629996435],[-72.85569283382564,44.11376343881],[-72.85585098401341,44.11330569357339],[-72.8565241505094,44.11343340701767],[-72.85659398585024,44.113446384933425],[-72.85654699876402,44.113724723907666],[-72.85673403534766,44.114008760187616],[-72.85664481003573,44.114759310396046],[-72.85655664907317,44.114961744564745],[-72.8565429995117,44.11502755498397],[-72.85666372557637,44.11549779673039],[-72.85672994194009,44.1154422739274],[-72.85675491434885,44.11548812856988],[-72.85693622348127,44.11627066765552],[-72.85709030482826,44.116532425776285],[-72.85699737490776,44.1168619512077],[-72.85646401892316,44.11625267937602],[-72.85588606656768,44.11518568021556],[-72.85532334256331,44.11517577399141],[-72.8548263875357,44.115048672781214],[-72.85472877026135,44.115012359238946],[-72.85459326641835,44.11496212044077],[-72.85386094511779,44.114685155657085],[-72.85377928761567,44.114654002892955],[-72.85394097971856,44.11457939211311],[-72.85467178420082,44.11430674457389]]]]}},{"type":"Feature","properties":{"OBJECT_ID":743,"County":"Washington","RPC":"CVRPC","Municipal_Name":"Warren ","GEO_ID":"5002376525","District_Name":"Forest Reserve","Abbreviated_District_Name":"Fr","District_Type":"Mixed with Residential","Bylaw_Date":"2024-06-05","Elderly_Housing_District":"No","District_Mapped":"Yes","Overlay_District":"No","Base_Density":null,"GIS_ID":null,"Last_Update":null,"Shape_Length":80234.80701961115,"Shape_Area":45303653.55001381,"F1F_Allowance":"Public Hearing","F1F_Front_Setback":150.0,"F1F_Side_Setback":150.0,"F1F_Rear_Setback":150.0,"F1F_Frontage":null,"F1F_Max_Height":35.0,"F1F_Max_Stories":null,"F1F_Min_Lot_Size":25.0,"F1F_Max_Lot_Building_Coverage":null,"F1F_Max_Lot_Impervious_Coverage":2.0,"F1F_Min_Parking_Spaces":1.0,"F1F_Elderly_Housing_Only":null,"F1F_Affordable_Housing_Only":null,"F2F_Allowance":"Prohibited","F2F_Front_Setback":null,"F2F_Side_Setback":null,"F2F_Rear_Setback":null,"F2F_Frontage":null,"F2F_Max_Density":null,"F2F_Max_Height":null,"F2F_Max_Stories":null,"F2F_Min_Lot_Size":null,"F2F_Max_Lot_Building_Coverage":null,"F2F_Max_Lot_Impervious_Coverage":null,"F2F_Min_Parking_Spaces_per_1BR":null,"F2F_Min_Parking_Spaces_per_mult_BR":null,"F2F_Elderly_Housing_Only":"No","F2F_Affordable_Housing_Only":"No","F3F_Allowance":"Prohibited","F3F_Front_Setback":null,"F3F_Side_Setback":null,"F3F_Rear_Setback":null,"F3F_Frontage":null,"F3F_Max_Density":null,"F3F_Max_Height":null,"F3F_Max_Stories":null,"F3F_Min_Lot_Size":null,"F3F_Max_Lot_Building_Coverage":null,"F3F_Max_Lot_Impervious_Coverage":null,"F3F_Min_Parking_Spaces_per_1BR":null,"F3F_Min_Parking_Spaces_per_mult_BR":null,"F3F_Affordable_Housing_Only":"No","F3F_Proximity_to_Public_Transit_Required":"No","F3F_Connection_to_Sewage/Water_Required":"No","F4F_Allowance":"Prohibited","F4F_Front_Setback":null,"F4F_Side_Setback":null,"F4F_Rear_Setback":null,"F4F_Frontage":null,"F1F_Max_Density":null,"F4F_Max_Density":null,"F4F_Max_Height":null,"F4F_Max_Stories":null,"F4F_Min_Lot_Size":null,"F4F_Max_Lot_Building_Coverage":null,"F4F_Max_Lot_Impervious_Coverage":null,"F4F_Min_Parking_Spaces_per_1BR":null,"F4F_Min_Parking_Spaces_per_mult_BR":null,"F3F_Elderly_Housing_Only":"No","F4F_Elderly_Housing_Only":"No","F4F_Affordable_Housing_Only":"No","F4F_Proximity_to_Public_Transit_Required":"No","F4F_Connection_to_Sewage/Water_Required":"No","ADU_Allowance":"Allowed/Conditional","ADU_Elderly_Housing_Only":"No","ADU_Max_Size_as_Percent_of_Primary_Strcture":null,"ADU_Max_Size_in_sq_ft":null,"ADU_Min_Lot_Size":null,"ADU_Max_Bedrooms":null,"ADU_Min_Parking_Spaces":1.0,"ADU_Owner_Occupancy_Required":"No","ADU_Renter_Occupancy_Prohibited":"No","ADU_Employee_or_Family_Occupancy_Required":"No","ADU_Restricted_to_Primary_Structure":"No","Affordable_Housing_Allowance":"Not Mentioned","Affordable_Housing_District":"No","Affordable_Housing_Elderly_Only":"No","Affordable_Housing_Min_Lot_Size":null,"Affordable_Housing_Max_Density":null,"Affordable_Housing_Min_Parking_Spaces_per_mult_BR":null,"Affordable_Housing_Max_Units_per_Building":null,"Affordable_Housing_Min_Parking_Spaces_per_1BR":null,"PRD_Allowance":"Not Mentioned","PRD_Max_Density":null,"PRD_Max_Units":null,"PRD_Min_Lot_Size":null,"PRD_Mobile_or_Manufactured_Home_Park":"No","PUD_Allowance":null,"PUD_Required_with_Subdivision":null,"PUD_Requires_Land_Conservation":null,"PUD_Threshold_Number":null,"Notes":"None","FIPS6":null},"geometry":{"type":"MultiPolygon","coordinates":[[[[-72.8633160689277,44.14751936156164],[-72.86298424532049,44.14755456321348],[-72.86099567187178,44.14816143093839],[-72.85966778272176,44.14821126265048],[-72.85833845243276,44.14802346926962],[-72.85701119869687,44.14817774811413],[-72.85668008240013,44.148334336426814],[-72.85654581648873,44.14859095108874],[-72.8565536862163,44.14892358058371],[-72.85695574297017,44.14930692613439],[-72.85787992996423,44.14988131566988],[-72.85959342290694,44.15127827989781],[-72.86196803434504,44.15277890030321],[-72.86871322308343,44.15483735789956],[-72.87015962808803,44.155273177372436],[-72.87039370462132,44.153853614873654],[-72.87071625156368,44.153088445826356],[-72.8708127805962,44.15260996341084],[-72.87069948476744,44.15189308720892],[-72.87053196031283,44.15165453976022],[-72.87021846862251,44.15141647597356],[-72.86931449360416,44.150987514089174],[-72.86759735003672,44.1507475451621],[-72.86667242781895,44.15045884862447],[-72.86604554271838,44.14975633086009],[-72.86574570275405,44.1492108253326],[-72.86500359664558,44.14854912636834],[-72.86364847626463,44.147578079208536],[-72.8633160689277,44.14751936156164]]],[[[-72.87319128431311,44.10914162215315],[-72.87276863164642,44.10918541202006],[-72.87253713049893,44.10938211357109],[-72.87244639490991,44.10940037980893],[-72.87229549183094,44.109578331978966],[-72.87212576245471,44.10983298340591],[-72.87198134000099,44.11022796287082],[-72.87193070476343,44.110265628236206],[-72.87187619586625,44.11022838976457],[-72.87169106831153,44.110458923702],[-72.87157631781342,44.11045935277248],[-72.8714892329423,44.11056897758572],[-72.87136468730031,44.11061563645178],[-72.8711474485352,44.110575959160634],[-72.8708345463719,44.11062959402957],[-72.87039885854783,44.11054171699381],[-72.8701873447372,44.11075566503381],[-72.86995363863173,44.110809505250764],[-72.86955729556767,44.111245659596044],[-72.86931587199885,44.111355850276084],[-72.86895944531733,44.11168333288026],[-72.86914251139999,44.11227083257741],[-72.8691341274451,44.11289968306995],[-72.86919365023103,44.11316668501823],[-72.86958704882325,44.113642042894384],[-72.86985032620832,44.11417500067328],[-72.87007157684424,44.11444880086564],[-72.87035590970628,44.11461495901412],[-72.87103958401768,44.114422528358695],[-72.87149094610405,44.11440880081939],[-72.87214351900168,44.11450806431669],[-72.87289176480685,44.114509049077064],[-72.87313216765939,44.114440947440535],[-72.87344499471573,44.11423783741832],[-72.87403770287739,44.1141063041227],[-72.87416669409608,44.113953228379955],[-72.87470515430763,44.11385137681675],[-72.87538847102435,44.11386320971485],[-72.87622436623846,44.11374599033043],[-72.87729315494894,44.11331898388452],[-72.87790740619273,44.11256752884443],[-72.8784040785484,44.1114623997995],[-72.87840935206587,44.11122328523288],[-72.87823612932362,44.110984786039296],[-72.87702733365413,44.1106525514178],[-72.87536651649035,44.110396520141144],[-72.87436903616148,44.110084653587926],[-72.87401012756649,44.10987349629683],[-72.8737855102639,44.109652332430635],[-72.87357441042583,44.10922118779514],[-72.87319128431311,44.10914162215315]]],[[[-72.84359700476182,44.094606348633995],[-72.84328378176967,44.09463271811702],[-72.84304513267298,44.09489299893191],[-72.84215734722392,44.097067868683965],[-72.84204462183109,44.09775743444096],[-72.84212031737165,44.098085267592],[-72.84229362205306,44.09841236817191],[-72.84254774913492,44.09852339729022],[-72.84290270006848,44.09853443309871],[-72.84322128611126,44.098405427960415],[-72.84372399330239,44.09798549435445],[-72.8440590302407,44.09779580839341],[-72.84433041112277,44.09750759962504],[-72.8447004142135,44.09729359078572],[-72.84505735290107,44.09719364571602],[-72.84566796090135,44.09719299872291],[-72.84616747201596,44.09706480400858],[-72.84651242008772,44.09704695158145],[-72.84669699253539,44.09697317064191],[-72.84662670915706,44.09689925840177],[-72.84673044052604,44.09682221891773],[-72.8469616344315,44.09688254923533],[-72.84746364182384,44.09671365733725],[-72.84788262141828,44.09670607238294],[-72.84816369948852,44.09660978029412],[-72.84813892700387,44.09617085559914],[-72.84799056956503,44.09589545530665],[-72.84762031804361,44.095445985616145],[-72.84744690324625,44.095318370955766],[-72.8472847954833,44.09532166825511],[-72.84704967706999,44.09541098484503],[-72.84659421191215,44.09512224555547],[-72.84627390484226,44.09529211132637],[-72.84617372176626,44.09513531140758],[-72.84605707354129,44.0950920171241],[-72.84578677491876,44.095228521567584],[-72.8456038579132,44.09522729122272],[-72.84520764332879,44.095068499241556],[-72.84504264497198,44.09484712780038],[-72.84480589888528,44.09481884970347],[-72.84471307337917,44.09473941434005],[-72.84457623144502,44.09472306089561],[-72.84405130456099,44.094650986245966],[-72.8438532310716,44.09466847929756],[-72.84359700476182,44.094606348633995]]],[[[-72.84356948963867,44.08456025912307],[-72.84335465996772,44.08457283997063],[-72.84312366329638,44.084701641258555],[-72.84302836015152,44.084569513582736],[-72.84287883195192,44.08479753156057],[-72.84277784479883,44.084835231771876],[-72.84270850717861,44.084775799770696],[-72.84261944914283,44.084842265252654],[-72.84230857878137,44.08479183355735],[-72.8421002806237,44.084658368683094],[-72.84193704839927,44.08466000844461],[-72.84181598395742,44.08457856887254],[-72.84143851754777,44.08480316624503],[-72.84121950508786,44.084855304681575],[-72.84075281200224,44.084799041161176],[-72.84025958490508,44.08488620372495],[-72.84010191922692,44.08485378773874],[-72.83980256674633,44.08502887073846],[-72.83929644484915,44.08504118943028],[-72.83920746862958,44.08489787066973],[-72.83889272724647,44.08518045266583],[-72.83869064321227,44.0851810816145],[-72.83836083001327,44.08528873783889],[-72.83778760369816,44.085579541277134],[-72.83750515778176,44.08555489043762],[-72.83733633754169,44.085636450139965],[-72.83717518913684,44.08596784836204],[-72.83715564377229,44.086198803353334],[-72.83708951529869,44.08621806157136],[-72.83703039097055,44.086072706344346],[-72.83683169293491,44.086589592361776],[-72.83677191088185,44.087089071026504],[-72.83682692460472,44.087432389118035],[-72.83695532325508,44.087987701110436],[-72.83714908941833,44.08836934426087],[-72.83753255640661,44.0886459105769],[-72.83766972964085,44.089015653564914],[-72.83784585099961,44.089218543823726],[-72.8380145654572,44.090253809597776],[-72.83798561683726,44.09079112459744],[-72.83803786111096,44.09106795656716],[-72.83827458630253,44.09154619076156],[-72.83860211726181,44.09199412117009],[-72.8391951485409,44.09255769490289],[-72.83960871603095,44.092791608695435],[-72.84028638903715,44.09279939067797],[-72.8404192800988,44.0926571994391],[-72.8406193649325,44.092562734058],[-72.84074705102512,44.092353336352346],[-72.84092435605992,44.09222200564106],[-72.84094612662864,44.09205782420876],[-72.84106378580842,44.09188672979689],[-72.84123239198294,44.091771829912815],[-72.84152852475341,44.091708042595585],[-72.84162371807274,44.09164069478846],[-72.84166811053596,44.09152430439001],[-72.84162258528137,44.091449330346514],[-72.84170501921285,44.091336367706354],[-72.84165762859982,44.09125166206489],[-72.84181261288376,44.091250347079935],[-72.84177173529524,44.091158643335135],[-72.84186403974721,44.091141047416556],[-72.8419425428051,44.09101482934014],[-72.84237514566405,44.0908962545957],[-72.84256762091341,44.090791709586334],[-72.84336273798598,44.09019456485283],[-72.84383870679328,44.08967170814566],[-72.8446628605853,44.089122033211666],[-72.84473707691961,44.08900461468728],[-72.84493124404828,44.08893147085626],[-72.84527657157497,44.088553101868825],[-72.8456005230345,44.088367221923335],[-72.84579194492015,44.088076320633576],[-72.84585695348513,44.0878131422205],[-72.84600907237329,44.08746686497035],[-72.84617280348186,44.08736191127201],[-72.84625983236145,44.08707371943016],[-72.84633874873255,44.087044390144584],[-72.84653283063996,44.08663641172892],[-72.84642190388281,44.086104232642235],[-72.84617021952042,44.0860014269713],[-72.84598215853745,44.08581437085013],[-72.84581617635352,44.08573951381438],[-72.84543590046013,44.08572073981134],[-72.845226806434,44.08577445434863],[-72.84505623258977,44.08524482469501],[-72.84494312744754,44.08515154008744],[-72.84431161469212,44.085301466795784],[-72.84411180752448,44.08524863343048],[-72.84368924778744,44.08498435316401],[-72.84362482797887,44.08483119977138],[-72.84366570182716,44.08462511782463],[-72.84356948963867,44.08456025912307]]],[[[-72.84545464974009,44.06660235763002],[-72.84496035623674,44.06665904074821],[-72.84495099702393,44.066746306272634],[-72.8447219874241,44.06682817225289],[-72.84429084024232,44.06714318857477],[-72.84409432875867,44.06751617221824],[-72.84391923607568,44.06756319492626],[-72.84347821226045,44.06781438563141],[-72.84308052923976,44.06782397130848],[-72.84301757958764,44.06790044532349],[-72.8428217866042,44.067914641160066],[-72.84263874133798,44.06799862045082],[-72.84222510167456,44.067953820086274],[-72.84197956818086,44.0681419539435],[-72.84171091788039,44.06816195410222],[-72.84126421660731,44.06801856103988],[-72.84105932458105,44.06808911457464],[-72.84075369175926,44.06808339343519],[-72.84074746360383,44.06799038228642],[-72.84050215570855,44.06800162486999],[-72.84039130232985,44.067924622569926],[-72.84031888643194,44.06765781557034],[-72.84009177786359,44.06746562466946],[-72.84056956589549,44.07355162060684],[-72.84062321162902,44.073711040726444],[-72.84109360848068,44.074184990706456],[-72.8413182818522,44.074286838169854],[-72.841455533808,44.074487062973404],[-72.84201652884394,44.07489944935417],[-72.84293200291806,44.075293457805856],[-72.84326652171858,44.0754994385949],[-72.8435008492546,44.07550506679695],[-72.84379241383971,44.075290052987945],[-72.84425049034431,44.07454536920554],[-72.84442162541045,44.07410867667994],[-72.84477151406418,44.07383494237445],[-72.84482399501975,44.07358518126124],[-72.8451039111819,44.073353293385225],[-72.84561644493617,44.07237185885243],[-72.84603687420524,44.07199742273257],[-72.84618772798055,44.07172810898776],[-72.84675457166584,44.071326943421504],[-72.8467609182418,44.070932714695445],[-72.84664554072319,44.07076817732955],[-72.84640429348424,44.0709478951917],[-72.84625418302734,44.070894564638294],[-72.8462459724566,44.07065447368206],[-72.84594811723262,44.06976356358087],[-72.84564915299079,44.06959063209997],[-72.84560275863504,44.069489525644634],[-72.84560802773525,44.06928467426323],[-72.84578192613242,44.06897955895267],[-72.84581186764073,44.068365804337816],[-72.84595939162796,44.067808237812194],[-72.84587927885369,44.06721598812966],[-72.84576621238817,44.066922291949815],[-72.84578439850048,44.06677272871583],[-72.84560023841861,44.066632245940525],[-72.84545464974009,44.06660235763002]]],[[[-72.85199791424475,44.061365366676995],[-72.85345378837845,44.06308556822155],[-72.85400095865454,44.06342482683518],[-72.85525638379504,44.06399774272481],[-72.85588620059035,44.0644600513352],[-72.85616280747789,44.0648336710245],[-72.8568493240119,44.066190115260646],[-72.85796652835614,44.06750321370358],[-72.85845989529743,44.06831792356358],[-72.8592447703292,44.07062857896053],[-72.8595471354901,44.07119420925751],[-72.86043826714763,44.07254233258887],[-72.86061189080408,44.07309148444562],[-72.86056396115893,44.07365608117287],[-72.8598757583215,44.07505590202537],[-72.85938832446946,44.076879057643275],[-72.8592424147234,44.07762926742611],[-72.85891000752747,44.08075780376547],[-72.85919174762559,44.08083897044437],[-72.85939622467293,44.08106803419544],[-72.85950818217754,44.08153983964087],[-72.85959910660986,44.081671040404885],[-72.85988149013897,44.08180660442451],[-72.86011031141273,44.0818525084224],[-72.86047689991477,44.08207515865522],[-72.86090233769023,44.08240267543182],[-72.86113260927466,44.08268730391093],[-72.86122826465045,44.08338294099172],[-72.86157067451501,44.08427186085477],[-72.8617795608188,44.08449364316975],[-72.86230023604163,44.084798458055744],[-72.86241080935596,44.084920985607226],[-72.86302882240452,44.0860462839462],[-72.86364559588134,44.08674223257039],[-72.86371384850128,44.086995540587566],[-72.86367518767351,44.087174891402476],[-72.86333136189987,44.08802494642522],[-72.86339919096106,44.08853760238596],[-72.86361509969824,44.088913320589704],[-72.86369883808871,44.0896046484216],[-72.86366627174654,44.08989811340711],[-72.86351446098172,44.09030558478042],[-72.86360114706626,44.09048792960617],[-72.8636064178605,44.09079873966471],[-72.86358387061536,44.09107614443394],[-72.86340122652223,44.091621164723335],[-72.86343688102225,44.092271856092864],[-72.86362139464984,44.09260316221193],[-72.86390888463849,44.09280186140398],[-72.86407591795398,44.092759799282135],[-72.86412731712659,44.09265245984011],[-72.86459434013608,44.092725998681416],[-72.86465543937042,44.092991057598184],[-72.86458002464775,44.093724115206605],[-72.86443282647268,44.09427520322802],[-72.86456076688249,44.09512953223175],[-72.86451493135198,44.095232836438335],[-72.86423842232475,44.09550657267356],[-72.86421936383914,44.09560891117647],[-72.86386705981307,44.09573873031702],[-72.8636697437978,44.09589595715538],[-72.86342017404927,44.097277259843196],[-72.86292270002889,44.09721081055856],[-72.86246406557272,44.09749903491223],[-72.86231925548155,44.097695738993096],[-72.86228820392516,44.09805991462226],[-72.86260966346592,44.09888005037004],[-72.86251892356813,44.09925666180635],[-72.8623754375688,44.0994465054454],[-72.86200892208367,44.099476528794554],[-72.86179602087384,44.09941848945083],[-72.86167551436274,44.09947857025268],[-72.86159077048875,44.0996124310042],[-72.86109888548654,44.10225461056981],[-72.86075207398893,44.10306952070615],[-72.8611283918465,44.10350932766702],[-72.86117052472187,44.103459308938056],[-72.86141762904779,44.10338699861277],[-72.8617763924537,44.10352753579711],[-72.86197457702363,44.103482922955465],[-72.86209382694878,44.103628627773865],[-72.86251321434598,44.10356911241564],[-72.86262981116464,44.103595622875034],[-72.86278725208102,44.103831713956765],[-72.86297489700887,44.10385107378505],[-72.86324267809549,44.10379936156481],[-72.86341113217846,44.10385626064585],[-72.86364259604981,44.10374474509534],[-72.86386115728385,44.10349117269363],[-72.86482323455527,44.10331526560209],[-72.86556122123005,44.103327246441275],[-72.86674265039372,44.10280378210144],[-72.86688915035738,44.102826367196144],[-72.86804000719253,44.10263356979626],[-72.86839403701323,44.102657286048355],[-72.8687975034919,44.10291027572941],[-72.86898776701582,44.10289155056768],[-72.86925939976337,44.10296353925813],[-72.8699224791065,44.10284765141918],[-72.87012176170619,44.10289369561625],[-72.87020281982134,44.10296812540776],[-72.87025012149057,44.102874642376825],[-72.87026807020025,44.102952198946944],[-72.8703255601671,44.102873185565585],[-72.87036524939728,44.102914606598176],[-72.87054049239643,44.10288333555513],[-72.87097052862778,44.102703776572504],[-72.87135504089672,44.102442265371444],[-72.87155952072888,44.102477217392945],[-72.87202747196923,44.10240573256767],[-72.87293255656574,44.102552681400475],[-72.87329835845081,44.10246983818213],[-72.87368785626518,44.10227517330272],[-72.87430337782772,44.10159366074911],[-72.8749367197274,44.10153219799795],[-72.87622317192704,44.10168303642562],[-72.87686178289678,44.101621295450606],[-72.8769871252644,44.101570598565786],[-72.87727707038748,44.10130599086998],[-72.8773948481377,44.100845357446666],[-72.87769851037848,44.10075226259024],[-72.87796797321063,44.10058371191965],[-72.87836218978492,44.100658198407935],[-72.87850623249234,44.10062582235074],[-72.87874933937678,44.100203851382226],[-72.87902710899574,44.099985937694264],[-72.87973583313719,44.09990773259326],[-72.8801637191957,44.0996681210223],[-72.88040045028728,44.09961030592458],[-72.88054466462232,44.099674771044995],[-72.88076818574636,44.09995423439734],[-72.88102824575708,44.100029380135204],[-72.88129132638842,44.09975823042884],[-72.88125306712695,44.099333419025605],[-72.88129833986063,44.09925736226751],[-72.88171788286016,44.09920207068924],[-72.88229624481092,44.09931123458799],[-72.88267683322876,44.099311647949705],[-72.88287803927025,44.099240353898956],[-72.88326153805367,44.09893097861682],[-72.8835059122756,44.098815513899865],[-72.88368497469874,44.098818707117786],[-72.8843052359769,44.0989731605784],[-72.8847075532456,44.09925189678549],[-72.88540083505094,44.09927432209063],[-72.88549358215268,44.09920323265147],[-72.88545328717413,44.09902444455555],[-72.88551188909969,44.09875448238165],[-72.88576963033583,44.098542997281626],[-72.88610464343465,44.098475768186326],[-72.88686086942624,44.09864119989267],[-72.88727627186277,44.09864737958811],[-72.88744498208636,44.09857009458981],[-72.88756597933109,44.09835692796603],[-72.88797033185581,44.09817054564212],[-72.8881446901642,44.098197552128525],[-72.88829653193837,44.09832315683488],[-72.88844104011848,44.09853163370419],[-72.88846594352123,44.0986997378132],[-72.88858121763354,44.09879152270287],[-72.88894743020973,44.0988704041651],[-72.88907729345269,44.09894745707209],[-72.88901020899377,44.09886545458813],[-72.88956035252649,44.09862946577626],[-72.89079034704645,44.09842969907669],[-72.89116381078287,44.09847324856662],[-72.89168234566257,44.098812833829726],[-72.89194411130879,44.09885577544161],[-72.89229846336183,44.09872242384128],[-72.89293250996198,44.09836314381782],[-72.89367315868869,44.098155345748324],[-72.89428748403726,44.09808856628305],[-72.8951361484626,44.09824855892613],[-72.89649663761234,44.09830014721766],[-72.89697850396588,44.098607843154575],[-72.89735712388101,44.09872617924683],[-72.89763511983757,44.09877949414759],[-72.89786765824826,44.09875881332485],[-72.89847949183748,44.098880151123616],[-72.89874172708345,44.09888831185895],[-72.89923875248495,44.0987514265767],[-72.89998421518447,44.098793241678536],[-72.90062456970422,44.098614939570844],[-72.90086694519303,44.09867650577095],[-72.90105014745076,44.09878803966463],[-72.90145923295668,44.09881748213935],[-72.90155896705294,44.098716957283074],[-72.90195934920118,44.098807121415255],[-72.90211715293682,44.09869742408343],[-72.90219617241229,44.098486129435386],[-72.90220294679095,44.09760406192233],[-72.90321590270021,44.097282611633474],[-72.90346236015641,44.09731529381101],[-72.90404985945307,44.0974421021841],[-72.90467344822784,44.0975581974259],[-72.90502130663839,44.09752922565229],[-72.90534068661623,44.0974392028868],[-72.90673672972463,44.09761550456411],[-72.90712212723773,44.09752187844607],[-72.90726789361919,44.097530230286814],[-72.90723641415596,44.09747851739766],[-72.90709819312828,44.097472642450214],[-72.90716125829798,44.09707453271778],[-72.90796408545096,44.0965869726595],[-72.90795380171514,44.09634856329181],[-72.9076902473696,44.096051904103135],[-72.90779376336027,44.09577338113475],[-72.90864797444871,44.09523556083962],[-72.90891799635423,44.09501519541129],[-72.90902350579512,44.09482097323743],[-72.90928478870381,44.094581197152955],[-72.91032669228545,44.09373495478563],[-72.91050849446157,44.09315290128952],[-72.91069139964586,44.09211992968898],[-72.9108358158129,44.09223560777136],[-72.9108890893145,44.09255392443538],[-72.91110734802211,44.09312130242852],[-72.91144804277243,44.092568892376676],[-72.91148134163389,44.09254678616299],[-72.91158252069873,44.09264847898617],[-72.9116975719238,44.09311797556575],[-72.91162547140333,44.09346732401163],[-72.91205132710466,44.09398492766367],[-72.91211553955108,44.094289031786005],[-72.91206163741529,44.09442628294145],[-72.91214305446643,44.09467379640727],[-72.91308076221179,44.09536202499836],[-72.91336247181374,44.09552272840141],[-72.91389651593857,44.09560180368571],[-72.91457375743103,44.09612528629866],[-72.9157280249715,44.096606672822055],[-72.91592569895032,44.09674755326666],[-72.9166573314969,44.09700787034775],[-72.91781235771471,44.09759020113934],[-72.91837440500115,44.09770964975484],[-72.9185719610945,44.097830281268145],[-72.91918977413282,44.09788862527978],[-72.91947154193046,44.0980494537283],[-72.91952986996355,44.09835271105503],[-72.91947425156043,44.09843377728635],[-72.92034941163533,44.09911836203357],[-72.92043471440923,44.099259657897555],[-72.92052088648914,44.09952231008595],[-72.92038210496771,44.09976568489987],[-72.92046842353136,44.100048580412135],[-72.92044102739936,44.10014979876651],[-72.91999253108376,44.100252547012204],[-72.91957099026637,44.1001933499397],[-72.91917868507217,44.10029603891818],[-72.91892560610557,44.10021597560486],[-72.91850449131064,44.10021751627331],[-72.91822331048549,44.10013768394067],[-72.91738137554421,44.10018125596431],[-72.91690317768513,44.10006165317745],[-72.9162578202348,44.10008411157377],[-72.9158639608362,44.09996418542008],[-72.91488217838234,44.10004875638103],[-72.91451659746369,44.10000958937544],[-72.91401059223455,44.09986981081526],[-72.91350644716601,44.10005374484038],[-72.9130308274423,44.10029817905276],[-72.91269596926321,44.10058262118415],[-72.91255894643744,44.10102819264563],[-72.91263585303578,44.101178298770556],[-72.913256855738,44.10556911227497],[-72.90861076947768,44.10559980522151],[-72.90312912761512,44.10570349342432],[-72.90272003250456,44.10396712034531],[-72.90088757467069,44.10449916576529],[-72.90197412315041,44.10592275443811],[-72.90323983305137,44.10585465559739],[-72.90356687625008,44.10595322325024],[-72.90370291056317,44.10615542481295],[-72.90380033090923,44.106541091126545],[-72.90406406539405,44.10680441019681],[-72.90402094187824,44.107241320965976],[-72.90361684770077,44.10722079004247],[-72.9032042762145,44.106429973784934],[-72.90246523939325,44.10628750501143],[-72.90217733134577,44.10614208886109],[-72.90069055209759,44.106195285081164],[-72.89647547652649,44.10714544905876],[-72.89231593357724,44.10774855043991],[-72.89254450674612,44.10936585870865],[-72.89073489573256,44.109496221359464],[-72.89044024253306,44.10997803124279],[-72.89132223309262,44.11531902340376],[-72.89449170373521,44.115092312135054],[-72.89509394306738,44.11631523567406],[-72.89621517941806,44.117514317735505],[-72.89784435407591,44.119744678260325],[-72.89882202099642,44.1200773326037],[-72.89959877913766,44.12048706384127],[-72.89965365682902,44.12076184000813],[-72.89933690686694,44.12096154325096],[-72.89897956339613,44.121428700046906],[-72.89841983337492,44.121759093383],[-72.89785951818307,44.12200545540374],[-72.8961346158608,44.122515554566],[-72.89540550915585,44.12289233939924],[-72.8948462590531,44.123299093140126],[-72.89372116525973,44.124723622438864],[-72.89249973235258,44.12602017327651],[-72.89200868360159,44.12668178427853],[-72.89177441020666,44.12717141519642],[-72.8915950389481,44.12775861836645],[-72.8916811395237,44.128462231136155],[-72.89238860778671,44.129180892322644],[-72.8927935891688,44.129467318592404],[-72.89347349748375,44.129815371296814],[-72.89105789873662,44.13328720657341],[-72.89330950877465,44.13308622796294],[-72.89396018993463,44.13340602181368],[-72.8945221313412,44.13343790919125],[-72.89499367014466,44.133539597305145],[-72.89512160628067,44.133676163005134],[-72.89525376834865,44.133915255584924],[-72.89513575605741,44.1344213142099],[-72.89521004298858,44.13460267929049],[-72.89543452294677,44.134748366008225],[-72.89536425811099,44.135004013314465],[-72.89522335780521,44.13511357557223],[-72.8955821572498,44.1349219664262],[-72.89593480745222,44.13504552185287],[-72.89666425004499,44.134788638595616],[-72.89714683425521,44.1347822082084],[-72.89738156366373,44.13450570722591],[-72.89741142273914,44.134613560302554],[-72.894210591624,44.13907806544423],[-72.89430822270903,44.13928392942119],[-72.89453820715195,44.13945025018822],[-72.89500558624296,44.13968151025569],[-72.89527801291948,44.13988496528084],[-72.89586970431424,44.14011691031314],[-72.89609047494274,44.14029379975911],[-72.89691064639916,44.140813929867825],[-72.89811352498918,44.14171363256389],[-72.89890914454645,44.14217615814455],[-72.89953357966866,44.1454090367373],[-72.89761930167107,44.14610598698096],[-72.89676307732437,44.147032930089104],[-72.8895731263607,44.14822193657348],[-72.88907028658515,44.14809462090176],[-72.88984416119152,44.151745889594665],[-72.89044771600048,44.15495034394159],[-72.89176027968593,44.16094274534547],[-72.8918540340087,44.1609717520064],[-72.89327928061098,44.16509333935176],[-72.90465001219495,44.16479785043895],[-72.91915517787511,44.163830149716865],[-72.93365985511645,44.16286060902644],[-72.93407807573206,44.162832681396544],[-72.9321480945318,44.15550700138633],[-72.92882267949437,44.13752251862674],[-72.9254993239462,44.11953787436994],[-72.9243172654203,44.112407219028334],[-72.92220710544639,44.09780623218273],[-72.92214318949212,44.09736397817501],[-72.921761461951,44.094722654727164],[-72.9167821984037,44.071891945007955],[-72.89690216528162,44.07366753803067],[-72.87444772736764,44.06751866990708],[-72.85199791424475,44.061365366676995]]],[[[-72.81894046116439,44.051885400986485],[-72.81139179742915,44.06347018292195],[-72.80384019889928,44.07505445097556],[-72.79654738963475,44.08629023428651],[-72.78925182788787,44.09752553742128],[-72.78195351142827,44.10876035983457],[-72.7746524380239,44.11999470098068],[-72.77046763733398,44.12670468466842],[-72.78306592509907,44.13027317017605],[-72.79335104448299,44.13314025934758],[-72.7932181346253,44.13284237417201],[-72.79356624116933,44.13271660225832],[-72.79374270925334,44.13245628844863],[-72.79370725802167,44.13239306716555],[-72.79396668752305,44.13238951721197],[-72.79390664304204,44.132307761630706],[-72.79403395154463,44.13231972627224],[-72.79419873332314,44.132237272285614],[-72.79421593268371,44.13215768132927],[-72.7946002792841,44.131927868997764],[-72.79480405398748,44.13168509703404],[-72.79522180814688,44.131357459767244],[-72.79588238764057,44.13060798865509],[-72.79650414398614,44.12961395778408],[-72.79692926668831,44.1293247620335],[-72.79704847300277,44.12867916936145],[-72.79719595020455,44.1283302265714],[-72.79724059403111,44.12792349470178],[-72.79694839131326,44.1276066895706],[-72.79686368930398,44.12740384481247],[-72.79662717243895,44.12725577241506],[-72.79681449442572,44.127125277818884],[-72.7967713964299,44.127073333627116],[-72.79666742452507,44.12714204436458],[-72.7965631750127,44.12712610057853],[-72.79650199853192,44.12681619314405],[-72.79592297396036,44.12690309027178],[-72.79583967718185,44.12676634088819],[-72.7956555885025,44.12669856483103],[-72.7957769309968,44.12659299812693],[-72.79589905446923,44.12664496304919],[-72.79600305596706,44.126627961685486],[-72.79608909816874,44.12651509798109],[-72.79600120072745,44.12624994643254],[-72.79606467034372,44.12622860580516],[-72.7960512408903,44.12608075394528],[-72.79596312662287,44.12593166727655],[-72.79624226369995,44.125445701857636],[-72.79673209497379,44.12426618902711],[-72.79668844924443,44.12366575457839],[-72.79684332878118,44.123519608444354],[-72.79685175736303,44.12342478740438],[-72.79659608294861,44.123257506343165],[-72.79623187768824,44.12316139132672],[-72.79634563964503,44.12304165955811],[-72.79712131323363,44.122876159291415],[-72.79734161455269,44.122626058414234],[-72.79747661078984,44.12261865276242],[-72.79757945862077,44.12232005539793],[-72.79771764956487,44.122258557234645],[-72.7977543816259,44.12214681158292],[-72.79776502540982,44.12191078493688],[-72.79766174860514,44.121614258112096],[-72.7978125637176,44.12109281791364],[-72.797816601612,44.120464063038355],[-72.7981839567966,44.11982649888017],[-72.79820818268308,44.11964016455889],[-72.79888605721929,44.11885589017165],[-72.79943314959958,44.118563372905506],[-72.79965028984746,44.11819494134528],[-72.79963913935505,44.11797954921667],[-72.79952638697213,44.117729575338544],[-72.79935574764048,44.117586663624856],[-72.79936325580213,44.1173916544492],[-72.79929193910557,44.11729179323372],[-72.79953389724999,44.116767473656935],[-72.79964976306061,44.1163360515551],[-72.79960841699167,44.1154919432526],[-72.79966288039346,44.115358120944904],[-72.79974773940589,44.11531975704308],[-72.79967590967641,44.11501567464715],[-72.79970135087633,44.11449642316055],[-72.799609333919,44.11443000926493],[-72.7996103251563,44.1143485346443],[-72.79989471962739,44.11347245467647],[-72.79989718130875,44.113275726062895],[-72.79984556194108,44.113066560924516],[-72.7996813430825,44.112901768008534],[-72.79962287412776,44.112670087299286],[-72.79949904594075,44.112519149951524],[-72.79948721915571,44.11244678905633],[-72.79960417568583,44.1123240754322],[-72.79961691641222,44.11214066060277],[-72.79939767262292,44.11183846017163],[-72.79925109666165,44.11174122424586],[-72.79912459528613,44.11175367409169],[-72.79887657871498,44.11159681059315],[-72.79855518763351,44.11164971980805],[-72.79844685848813,44.11155700531904],[-72.79805290614092,44.111522367451336],[-72.79812073263966,44.11138820942119],[-72.79829281942786,44.11136409190908],[-72.79843858624757,44.11126950859089],[-72.79850788649007,44.11106430006699],[-72.79824601288279,44.11085385627447],[-72.7983051936494,44.11068758600185],[-72.79821238662552,44.11059422234104],[-72.79823316771858,44.1102839947764],[-72.79805296644152,44.11022919210685],[-72.79814080230709,44.110146880639235],[-72.79859483362465,44.10996401622027],[-72.79906610237943,44.109924761027564],[-72.79940401814312,44.109412776401776],[-72.79963383737056,44.10926656471269],[-72.79988735935244,44.10925534606443],[-72.80014635605762,44.10894124622449],[-72.80035497011797,44.108907950373215],[-72.80039883623508,44.10878184506846],[-72.80075896301707,44.10864352975208],[-72.80129824014539,44.10816042763358],[-72.80158022568752,44.1079846784276],[-72.80196240590007,44.10747136320552],[-72.80219395912538,44.10687141101441],[-72.80214777683352,44.10641503218425],[-72.80221080679523,44.10587560981147],[-72.80207928860024,44.105632490704],[-72.80215504643103,44.105533038605145],[-72.80213243898272,44.1053675701796],[-72.80200148868761,44.10523742722435],[-72.80171603294501,44.10515737078763],[-72.80151639205955,44.105147392969315],[-72.80153232485102,44.10518917510305],[-72.80133227485254,44.10505638590903],[-72.80080136645886,44.104936367829616],[-72.80084400198308,44.10488287440334],[-72.8001714166127,44.104905379647434],[-72.79996266826221,44.104725341677096],[-72.79979679813466,44.10474111495899],[-72.79971633305216,44.10469858298399],[-72.79971071994058,44.10460489536488],[-72.7990147348463,44.10432893482053],[-72.79846627368248,44.10425727044687],[-72.79805552986781,44.1042921001831],[-72.79775848974354,44.10410611712607],[-72.79780639043717,44.1040023007511],[-72.79800138241563,44.103902016709114],[-72.79800815167407,44.10359016125706],[-72.79851545810115,44.103300793420075],[-72.79885155770113,44.10302683299508],[-72.79930019729666,44.10282253700404],[-72.79947816991401,44.10244455659625],[-72.79902718773022,44.10182908484558],[-72.79871558904816,44.10166121713254],[-72.7986306339448,44.10133161917395],[-72.79839411328591,44.101072292716175],[-72.79805631057529,44.10089585245305],[-72.79790159418744,44.10070302541764],[-72.79775662346857,44.10062400743203],[-72.79736495555565,44.10069592106733],[-72.79697109922164,44.10055039919863],[-72.79730764610409,44.10046481526028],[-72.79731483967062,44.10012979507893],[-72.7975236376852,44.09970594135959],[-72.79780161066482,44.09950737219634],[-72.79798320634367,44.099147594296795],[-72.79814441098965,44.09915331717887],[-72.7982219300269,44.09909548110644],[-72.79811551274364,44.09899405893606],[-72.79797348341228,44.09857560573916],[-72.79789751714304,44.09851876138825],[-72.79768961747558,44.09850175044503],[-72.7976722079072,44.09845247811362],[-72.79775183031695,44.098458736283874],[-72.79784849962084,44.098354169875],[-72.79799858327947,44.098306948432814],[-72.79847457786853,44.09833864975697],[-72.7985187667211,44.09828660929062],[-72.79910678037027,44.09816655932229],[-72.79913730740182,44.09811956742163],[-72.79953023899947,44.09808332065474],[-72.80007162562103,44.09817722156754],[-72.80037381971803,44.09809748333213],[-72.80119588363549,44.0981391872279],[-72.80164090053579,44.098031986909234],[-72.80185785944452,44.098065507061385],[-72.80198394490918,44.098014727556205],[-72.8025127530272,44.09814675555391],[-72.8029741186357,44.097990263757495],[-72.80364968558573,44.09740526012912],[-72.80415621065916,44.09662146705537],[-72.80436896769154,44.09611971508597],[-72.8046842971209,44.09579505457419],[-72.80465400416448,44.09554893557996],[-72.8048143766874,44.09519728344233],[-72.80484054725859,44.094872532242434],[-72.80470211173056,44.09440537000443],[-72.80411116375615,44.09345601061486],[-72.80383309645612,44.09322870732245],[-72.80364136794843,44.09290027401443],[-72.80341657959075,44.09278419777075],[-72.80332566493881,44.09260978721463],[-72.80305438117333,44.09239118326051],[-72.80311202846639,44.0917308716441],[-72.80290457980169,44.091447987635206],[-72.80302067684798,44.09125271998137],[-72.80276670929072,44.09120620225256],[-72.80252710677058,44.09094393192635],[-72.8026191187897,44.09091721540145],[-72.8028835648753,44.090977524410235],[-72.80297194911381,44.09092510758047],[-72.80313095188981,44.09094506740966],[-72.80329650499256,44.09082121889487],[-72.80358346722454,44.09084659658572],[-72.80385465223206,44.09067496858556],[-72.80426460107645,44.090708230886264],[-72.80432932451826,44.09036589330561],[-72.80441633768265,44.09031074297971],[-72.8046068020071,44.0903350413659],[-72.80475300231028,44.090272418598055],[-72.80508663786762,44.090053998819585],[-72.80543508410086,44.08972000437161],[-72.80569027000965,44.08957914194512],[-72.80595467293703,44.089577372186255],[-72.80606526798852,44.08952298095194],[-72.80610541635681,44.08932974595175],[-72.80644712410397,44.08893180101624],[-72.80685576490332,44.088599627919024],[-72.80699457551825,44.08833526805603],[-72.80726751141505,44.08808627412463],[-72.80744351899715,44.087707068822674],[-72.80780113720682,44.0872856748806],[-72.8079540206744,44.086867092643274],[-72.80795313706551,44.08668065636368],[-72.80805945866231,44.086618401412586],[-72.80812045065612,44.086484034795404],[-72.80827780412716,44.0864309732942],[-72.80844019615157,44.0862667630553],[-72.8085725886731,44.08624160761076],[-72.80857130818823,44.08591602557966],[-72.80872432654536,44.08576708729373],[-72.80880293139819,44.08577784957444],[-72.80887632776472,44.085691098191276],[-72.80885633894047,44.0856115194189],[-72.80904302026065,44.0855096447728],[-72.80919123994455,44.08550683802393],[-72.80938588945074,44.08532094879275],[-72.80963358182514,44.085197596626585],[-72.81011935244697,44.08511164942533],[-72.8105343994976,44.08486901359187],[-72.81112180962346,44.08441579082163],[-72.81111952521502,44.08432703181974],[-72.81127599662274,44.084294513986535],[-72.81178848961932,44.08402188882082],[-72.81191903786852,44.08393258995152],[-72.8119434478825,44.08380809160247],[-72.81228250364508,44.08368301355782],[-72.81251704449586,44.08347952900892],[-72.81329067902134,44.08300403580906],[-72.814005367179,44.082635362196996],[-72.81423904052669,44.08244396089145],[-72.81421857318057,44.08234187868757],[-72.81435721436692,44.08230721413713],[-72.81463828938327,44.08200372306283],[-72.81500526149277,44.08183060029943],[-72.81519208548532,44.08157403766984],[-72.81525669055532,44.081630557337185],[-72.81593401302595,44.08140415102688],[-72.81656932215967,44.08097052724121],[-72.81688825249397,44.080860519598346],[-72.81749259334269,44.08041106615358],[-72.81797585006605,44.08030272902331],[-72.81820923794726,44.08012552067594],[-72.81843195656246,44.08005876741332],[-72.81843581224965,44.07912211616886],[-72.81864151493872,44.078978828045535],[-72.81855071317734,44.078166150595216],[-72.81836025925878,44.07789820836951],[-72.81828134184155,44.076880300440244],[-72.81800427132193,44.075941172906745],[-72.81805978170841,44.07567742235801],[-72.81770192977297,44.07481123332297],[-72.81762595867319,44.074753408252455],[-72.81693829591667,44.075545232194344],[-72.81336496127561,44.07463532012799],[-72.81357726677592,44.07416641244565],[-72.81352936915859,44.07402440066383],[-72.813677097493,44.073920808013156],[-72.81387914924933,44.073350647816696],[-72.81433079485804,44.07296182175193],[-72.81476620109314,44.07209584455643],[-72.81552456594369,44.071311087570976],[-72.81589748209407,44.070236641299736],[-72.81650324727829,44.06945391941346],[-72.81658917596019,44.068853533712826],[-72.81671532704,44.06874101111324],[-72.8171567349629,44.067621026867975],[-72.81790492728976,44.067863200836264],[-72.81890356126904,44.06809672942584],[-72.8194099612126,44.06831327970835],[-72.8200232419927,44.06849052189941],[-72.82062130719783,44.068587928343966],[-72.82054886316958,44.068450178704495],[-72.82061611657157,44.06833211364566],[-72.8204853696967,44.06825786409021],[-72.8201890750444,44.06773278187134],[-72.82006330576732,44.0677269079838],[-72.82021011876942,44.06757106544598],[-72.82020630133457,44.06744875641568],[-72.82010795515727,44.067408565660564],[-72.82012383425852,44.06730206144923],[-72.82021563940815,44.06722762879278],[-72.82016700588285,44.0670767241664],[-72.8202222003401,44.06677802287637],[-72.8199864254168,44.066084250271736],[-72.8199601377048,44.06556906867744],[-72.81987364072266,44.065472170748144],[-72.81985524958377,44.06595106116535],[-72.81958839144632,44.066041781256374],[-72.81954394236496,44.06587214707339],[-72.81959558519625,44.0655764556968],[-72.81953916183633,44.06547724765591],[-72.81946274628282,44.06547529861773],[-72.8195862528643,44.06509305817759],[-72.81955881283487,44.064795198426374],[-72.81944737433538,44.06462504410472],[-72.81948579323104,44.06456047508863],[-72.81940932966202,44.06442588141132],[-72.81935529306512,44.06457232679111],[-72.81921341304745,44.064582767419495],[-72.81903192351605,44.064267688567455],[-72.81890087058846,44.06421622991517],[-72.8190417272474,44.06415623514289],[-72.81896554045258,44.06405081879235],[-72.81904769476387,44.0639140728055],[-72.81900256173336,44.06330060533477],[-72.81892757755418,44.06320299409499],[-72.81900410038422,44.06319641377288],[-72.81892623350682,44.063083999070315],[-72.81900873213519,44.06301834233098],[-72.81888307708151,44.06263680780507],[-72.81890914625394,44.06250947413685],[-72.81877791929969,44.062339242023796],[-72.81883974151107,44.06196913544095],[-72.81877917398083,44.06191968313763],[-72.8188243744146,44.06184282821648],[-72.81872380349405,44.06163986340263],[-72.81867583976256,44.06131558212808],[-72.81872250792637,44.061121987860574],[-72.81865517229774,44.060704303230395],[-72.81840542337574,44.05998453630825],[-72.81820320015126,44.059859789055466],[-72.81787374244668,44.059914531430394],[-72.8177418604672,44.059785879581156],[-72.81790619012908,44.05978436044238],[-72.81821264201312,44.059640527639424],[-72.8181630875163,44.059549974010885],[-72.81833197359067,44.059446489869764],[-72.81834809085706,44.05921232000759],[-72.81827670984454,44.059151278370955],[-72.81836048345973,44.05913321840798],[-72.81862164912867,44.05887802511776],[-72.81875734932117,44.05851172636631],[-72.81862487831712,44.05840845842653],[-72.81879881861587,44.058396834651866],[-72.81885781827258,44.05834526844434],[-72.81898667501373,44.05765695194804],[-72.8191940832592,44.05742467860224],[-72.81925763230245,44.057110476398805],[-72.81943210073004,44.05697913666803],[-72.81960931967377,44.056596637453644],[-72.81962572700823,44.05635017679633],[-72.81950860541754,44.056189914929014],[-72.8196370019288,44.056127987656154],[-72.81971160009402,44.05597949356293],[-72.81969152254928,44.055860097209546],[-72.81975686101674,44.05583608290254],[-72.81981423323921,44.05549853322926],[-72.81996674707078,44.05527699440335],[-72.81999081586137,44.055098093328475],[-72.81995545077248,44.054564139370214],[-72.81985943636553,44.05447020103793],[-72.81982901488436,44.054318390827895],[-72.82002289311488,44.05406253914803],[-72.82019430582525,44.053556669452625],[-72.8201896006256,44.05259028962333],[-72.82010187356391,44.05222194445387],[-72.81894046116439,44.051885400986485]]]]}},{"type":"Feature","properties":{"OBJECT_ID":753,"County":"Washington","RPC":"CVRPC","Municipal_Name":"Warren ","GEO_ID":"5002376525","District_Name":"Warren Village Commercial","Abbreviated_District_Name":"Wvc","District_Type":"Mixed with Residential","Bylaw_Date":"2024-06-05","Elderly_Housing_District":"No","District_Mapped":"Yes","Overlay_District":"No","Base_Density":null,"GIS_ID":null,"Last_Update":null,"Shape_Length":1090.9905089982003,"Shape_Area":34713.412384854535,"F1F_Allowance":"Permitted","F1F_Front_Setback":10.0,"F1F_Side_Setback":10.0,"F1F_Rear_Setback":10.0,"F1F_Frontage":null,"F1F_Max_Height":35.0,"F1F_Max_Stories":null,"F1F_Min_Lot_Size":0.23,"F1F_Max_Lot_Building_Coverage":66.0,"F1F_Max_Lot_Impervious_Coverage":null,"F1F_Min_Parking_Spaces":1.0,"F1F_Elderly_Housing_Only":null,"F1F_Affordable_Housing_Only":null,"F2F_Allowance":"Public Hearing","F2F_Front_Setback":10.0,"F2F_Side_Setback":10.0,"F2F_Rear_Setback":10.0,"F2F_Frontage":null,"F2F_Max_Density":4.0,"F2F_Max_Height":35.0,"F2F_Max_Stories":null,"F2F_Min_Lot_Size":0.23,"F2F_Max_Lot_Building_Coverage":66.0,"F2F_Max_Lot_Impervious_Coverage":null,"F2F_Min_Parking_Spaces_per_1BR":1.0,"F2F_Min_Parking_Spaces_per_mult_BR":1.0,"F2F_Elderly_Housing_Only":"No","F2F_Affordable_Housing_Only":"No","F3F_Allowance":"Public Hearing","F3F_Front_Setback":10.0,"F3F_Side_Setback":10.0,"F3F_Rear_Setback":10.0,"F3F_Frontage":null,"F3F_Max_Density":4.0,"F3F_Max_Height":35.0,"F3F_Max_Stories":null,"F3F_Min_Lot_Size":0.23,"F3F_Max_Lot_Building_Coverage":66.0,"F3F_Max_Lot_Impervious_Coverage":null,"F3F_Min_Parking_Spaces_per_1BR":1.0,"F3F_Min_Parking_Spaces_per_mult_BR":1.0,"F3F_Affordable_Housing_Only":"No","F3F_Proximity_to_Public_Transit_Required":"No","F3F_Connection_to_Sewage/Water_Required":"No","F4F_Allowance":"Public Hearing","F4F_Front_Setback":10.0,"F4F_Side_Setback":10.0,"F4F_Rear_Setback":10.0,"F4F_Frontage":null,"F1F_Max_Density":null,"F4F_Max_Density":4.0,"F4F_Max_Height":35.0,"F4F_Max_Stories":null,"F4F_Min_Lot_Size":0.23,"F4F_Max_Lot_Building_Coverage":66.0,"F4F_Max_Lot_Impervious_Coverage":null,"F4F_Min_Parking_Spaces_per_1BR":1.0,"F4F_Min_Parking_Spaces_per_mult_BR":1.0,"F3F_Elderly_Housing_Only":"No","F4F_Elderly_Housing_Only":"No","F4F_Affordable_Housing_Only":"No","F4F_Proximity_to_Public_Transit_Required":"No","F4F_Connection_to_Sewage/Water_Required":"No","ADU_Allowance":"Allowed/Conditional","ADU_Elderly_Housing_Only":"No","ADU_Max_Size_as_Percent_of_Primary_Strcture":null,"ADU_Max_Size_in_sq_ft":null,"ADU_Min_Lot_Size":0.23,"ADU_Max_Bedrooms":null,"ADU_Min_Parking_Spaces":1.0,"ADU_Owner_Occupancy_Required":"No","ADU_Renter_Occupancy_Prohibited":"No","ADU_Employee_or_Family_Occupancy_Required":"No","ADU_Restricted_to_Primary_Structure":"No","Affordable_Housing_Allowance":"Not Mentioned","Affordable_Housing_District":"No","Affordable_Housing_Elderly_Only":"No","Affordable_Housing_Min_Lot_Size":null,"Affordable_Housing_Max_Density":null,"Affordable_Housing_Min_Parking_Spaces_per_mult_BR":null,"Affordable_Housing_Max_Units_per_Building":null,"Affordable_Housing_Min_Parking_Spaces_per_1BR":null,"PRD_Allowance":"Not Mentioned","PRD_Max_Density":null,"PRD_Max_Units":null,"PRD_Min_Lot_Size":null,"PRD_Mobile_or_Manufactured_Home_Park":"No","PUD_Allowance":null,"PUD_Required_with_Subdivision":null,"PUD_Requires_Land_Conservation":null,"PUD_Threshold_Number":null,"Notes":"None","FIPS6":null},"geometry":{"type":"MultiPolygon","coordinates":[[[[-72.85467178420082,44.11430674457389],[-72.85394097971856,44.11457939211311],[-72.85377928761567,44.114654002892955],[-72.85386094511779,44.114685155657085],[-72.85459326641835,44.11496212044077],[-72.85472877026135,44.115012359238946],[-72.8548263875357,44.115048672781214],[-72.85532334256331,44.11517577399141],[-72.85588606656768,44.11518568021556],[-72.85646401892316,44.11625267937602],[-72.85699737490776,44.1168619512077],[-72.85709030482826,44.116532425776285],[-72.85693622348127,44.11627066765552],[-72.85675491434885,44.11548812856988],[-72.85672994194009,44.1154422739274],[-72.85666372557637,44.11549779673039],[-72.8565429995117,44.11502755498397],[-72.85655664907317,44.114961744564745],[-72.85664481003573,44.114759310396046],[-72.85673403534766,44.114008760187616],[-72.85654699876402,44.113724723907666],[-72.85659398585024,44.113446384933425],[-72.8565241505094,44.11343340701767],[-72.85585098401341,44.11330569357339],[-72.85569283382564,44.11376343881],[-72.8549896956067,44.114185629996435],[-72.85467178420082,44.11430674457389]]]]}},{"type":"Feature","properties":{"OBJECT_ID":748,"County":"Washington","RPC":"CVRPC","Municipal_Name":"Warren ","GEO_ID":"5002376525","District_Name":"Meadowland Overlay District","Abbreviated_District_Name":"Mo","District_Type":"Primarily Residential","Bylaw_Date":"2024-06-05","Elderly_Housing_District":"No","District_Mapped":"Yes","Overlay_District":"Yes","Base_Density":null,"GIS_ID":null,"Last_Update":null,"Shape_Length":114266.22186138389,"Shape_Area":7675594.32577299,"F1F_Allowance":null,"F1F_Front_Setback":null,"F1F_Side_Setback":null,"F1F_Rear_Setback":null,"F1F_Frontage":null,"F1F_Max_Height":null,"F1F_Max_Stories":null,"F1F_Min_Lot_Size":null,"F1F_Max_Lot_Building_Coverage":null,"F1F_Max_Lot_Impervious_Coverage":null,"F1F_Min_Parking_Spaces":null,"F1F_Elderly_Housing_Only":null,"F1F_Affordable_Housing_Only":null,"F2F_Allowance":null,"F2F_Front_Setback":null,"F2F_Side_Setback":null,"F2F_Rear_Setback":null,"F2F_Frontage":null,"F2F_Max_Density":null,"F2F_Max_Height":null,"F2F_Max_Stories":null,"F2F_Min_Lot_Size":null,"F2F_Max_Lot_Building_Coverage":null,"F2F_Max_Lot_Impervious_Coverage":null,"F2F_Min_Parking_Spaces_per_1BR":null,"F2F_Min_Parking_Spaces_per_mult_BR":null,"F2F_Elderly_Housing_Only":"No","F2F_Affordable_Housing_Only":"No","F3F_Allowance":null,"F3F_Front_Setback":null,"F3F_Side_Setback":null,"F3F_Rear_Setback":null,"F3F_Frontage":null,"F3F_Max_Density":null,"F3F_Max_Height":null,"F3F_Max_Stories":null,"F3F_Min_Lot_Size":null,"F3F_Max_Lot_Building_Coverage":null,"F3F_Max_Lot_Impervious_Coverage":null,"F3F_Min_Parking_Spaces_per_1BR":null,"F3F_Min_Parking_Spaces_per_mult_BR":null,"F3F_Affordable_Housing_Only":"No","F3F_Proximity_to_Public_Transit_Required":"No","F3F_Connection_to_Sewage/Water_Required":"No","F4F_Allowance":null,"F4F_Front_Setback":null,"F4F_Side_Setback":null,"F4F_Rear_Setback":null,"F4F_Frontage":null,"F1F_Max_Density":null,"F4F_Max_Density":null,"F4F_Max_Height":null,"F4F_Max_Stories":null,"F4F_Min_Lot_Size":null,"F4F_Max_Lot_Building_Coverage":null,"F4F_Max_Lot_Impervious_Coverage":null,"F4F_Min_Parking_Spaces_per_1BR":null,"F4F_Min_Parking_Spaces_per_mult_BR":null,"F3F_Elderly_Housing_Only":"No","F4F_Elderly_Housing_Only":"No","F4F_Affordable_Housing_Only":"No","F4F_Proximity_to_Public_Transit_Required":"No","F4F_Connection_to_Sewage/Water_Required":"No","ADU_Allowance":"Not Mentioned","ADU_Elderly_Housing_Only":"No","ADU_Max_Size_as_Percent_of_Primary_Strcture":null,"ADU_Max_Size_in_sq_ft":null,"ADU_Min_Lot_Size":null,"ADU_Max_Bedrooms":null,"ADU_Min_Parking_Spaces":null,"ADU_Owner_Occupancy_Required":"No","ADU_Renter_Occupancy_Prohibited":"No","ADU_Employee_or_Family_Occupancy_Required":"No","ADU_Restricted_to_Primary_Structure":"No","Affordable_Housing_Allowance":"Not Mentioned","Affordable_Housing_District":"No","Affordable_Housing_Elderly_Only":"No","Affordable_Housing_Min_Lot_Size":null,"Affordable_Housing_Max_Density":null,"Affordable_Housing_Min_Parking_Spaces_per_mult_BR":null,"Affordable_Housing_Max_Units_per_Building":null,"Affordable_Housing_Min_Parking_Spaces_per_1BR":null,"PRD_Allowance":"Not Mentioned","PRD_Max_Density":null,"PRD_Max_Units":null,"PRD_Min_Lot_Size":null,"PRD_Mobile_or_Manufactured_Home_Park":"No","PUD_Allowance":null,"PUD_Required_with_Subdivision":null,"PUD_Requires_Land_Conservation":null,"PUD_Threshold_Number":null,"Notes":" All Permitted Uses For The Underlying District Require A Public Hearing In The Meadowland Overlay Except Agriculture And Forestry, Which Remain Permitted. ","FIPS6":null},"geometry":{"type":"MultiPolygon","coordinates":[[[[-72.84581280040227,44.088265141425516],[-72.84562909496299,44.08861459015595],[-72.84561988796125,44.08877577534294],[-72.8456607906594,44.0888978565605],[-72.84635821506487,44.08965147070627],[-72.84649968740999,44.090423079699875],[-72.84632644617668,44.090560012034345],[-72.84600869668854,44.090542271717496],[-72.8458806213171,44.09059553501157],[-72.8456254196997,44.09093184209873],[-72.84550500763383,44.09096103356588],[-72.84527903166584,44.09075429362443],[-72.84485467776172,44.09058991797384],[-72.84448092363182,44.09067190585483],[-72.84420742196576,44.090815043082216],[-72.84458519413631,44.09122312725097],[-72.84459714956603,44.091467641407604],[-72.8451280702136,44.09150231905183],[-72.8453293494385,44.09162236863396],[-72.84529740489813,44.09190006187878],[-72.84497710501316,44.09225034419389],[-72.845062155318,44.09231379171915],[-72.84580531186957,44.092605593590385],[-72.84704265025229,44.09291867336051],[-72.8472573633643,44.09293236437523],[-72.84762319991431,44.09269612477487],[-72.84793016835799,44.09273667532545],[-72.84805850668656,44.09272798724476],[-72.84832585729876,44.092600749240056],[-72.84901350180367,44.09260723044473],[-72.84958397594315,44.09233210799781],[-72.84999696455482,44.092351514960725],[-72.8506298505898,44.09227138620434],[-72.85147839948657,44.09203590180072],[-72.85165319971337,44.09203142637503],[-72.85211832066707,44.09215571413391],[-72.8528542419895,44.09207849008016],[-72.8531351377093,44.092196873262445],[-72.85324736100964,44.092300167654656],[-72.8532665518225,44.092442984581524],[-72.85299372684821,44.0927631902609],[-72.85216313031162,44.09293352038551],[-72.85150903283983,44.093254897093864],[-72.85134563112416,44.09340544721555],[-72.85116054931358,44.09378345700082],[-72.8510101077885,44.09381640418321],[-72.8502465809485,44.093716653246986],[-72.84819444735139,44.093083638648146],[-72.84792689436384,44.09317656415202],[-72.84789657267265,44.09359600343208],[-72.84781981379298,44.09368328499453],[-72.84765194382098,44.09373906271009],[-72.84712779481232,44.09373165457395],[-72.84660359400138,44.0935815119557],[-72.8462635990624,44.093566230266134],[-72.84610707670387,44.09362773587048],[-72.84557696097588,44.09413671994211],[-72.8449021245947,44.09412104071516],[-72.84469383293252,44.09427312442373],[-72.84457623144502,44.09472306089561],[-72.84455538512798,44.094826764143036],[-72.84448407126702,44.094844416837894],[-72.84359700476182,44.094606348633995],[-72.8432398556661,44.094493643209375],[-72.84311989346403,44.094399502744],[-72.8433132645124,44.09362393057464],[-72.8432823110685,44.093400146639325],[-72.84338659606546,44.09334808279873],[-72.84378501186374,44.09334365090317],[-72.84428670446644,44.093180700363405],[-72.84447280511665,44.093038107361295],[-72.84454108674097,44.09290163486963],[-72.84450545517139,44.092813850244724],[-72.8443805545287,44.09274278956963],[-72.84419623992476,44.092722110210175],[-72.84301085772196,44.092954896444475],[-72.84240170769364,44.092755909401035],[-72.84227192022557,44.09278414184112],[-72.84150717321376,44.093756046599864],[-72.84126457072988,44.09377913310754],[-72.84119073285196,44.093697227027704],[-72.84111840969179,44.09347145642662],[-72.84114898861792,44.093088439677715],[-72.84152729833657,44.092641946797485],[-72.84205732680178,44.09170786912749],[-72.8420380176317,44.091269172068266],[-72.84186403974721,44.091141047416556],[-72.84120671120638,44.091046374037305],[-72.84109758154491,44.0910699039124],[-72.84107785318875,44.09042097225434],[-72.8409792811291,44.09024449945059],[-72.84095509630554,44.089906365584014],[-72.84149966247209,44.0894669687431],[-72.84181292561246,44.08904584138713],[-72.84251358117149,44.08847420589615],[-72.84263490234078,44.08840043471643],[-72.84318178775926,44.08829908944681],[-72.84361756197555,44.08760885089336],[-72.84399255477074,44.08673387059541],[-72.84418676938532,44.08651348640193],[-72.84434242807298,44.086508095214626],[-72.84458218478666,44.08694092373177],[-72.84526750665277,44.08716329442597],[-72.84565072444778,44.08737026272108],[-72.84576448515159,44.08747356080429],[-72.84585695348513,44.0878131422205],[-72.84581280040227,44.088265141425516]],[[-72.8438638960353,44.090322197984676],[-72.84386327471645,44.09041712283119],[-72.84394366016271,44.09048410068261],[-72.84400579601186,44.09049966375378],[-72.84427360848458,44.090317730386396],[-72.84445245265503,44.090405786346096],[-72.84453980293407,44.09039511616382],[-72.84471596089868,44.09008787815557],[-72.84495924345964,44.0901173787421],[-72.84514748028661,44.09021004569974],[-72.84524240794454,44.09016039882778],[-72.84532099680915,44.08998578470106],[-72.84498317490123,44.089669411911096],[-72.84485047100065,44.089731829419655],[-72.84456183414247,44.090089890198996],[-72.84442231050666,44.09012040537713],[-72.84411070793504,44.0900854843894],[-72.8440301599091,44.090124820627466],[-72.8438638960353,44.090322197984676]]],[[[-72.85273498072371,44.094402003560866],[-72.8530637640302,44.09469602129625],[-72.85320710110207,44.09517398807201],[-72.85397092634538,44.09545062734026],[-72.8543416839666,44.095452290567565],[-72.85468643054878,44.09554206487627],[-72.85481764770374,44.09562237730596],[-72.85484908560365,44.09572381130589],[-72.85477874613007,44.09623056561343],[-72.85468427448428,44.096421969195966],[-72.85418173577463,44.09690053207485],[-72.85346676319223,44.098473258749365],[-72.85338711649182,44.09859936571304],[-72.8531899646299,44.09872035129308],[-72.85290187346243,44.099562888389556],[-72.8524912035611,44.10020513019704],[-72.85211540001966,44.10054196364664],[-72.85125356697398,44.10059706986307],[-72.85112257777465,44.10009501496091],[-72.85091957252709,44.099821980819684],[-72.85080287175848,44.09975526080411],[-72.84957783464081,44.09957015470305],[-72.84922538356247,44.09943384024131],[-72.8490872620285,44.09930798059061],[-72.84899344255102,44.09914964100181],[-72.84902187892415,44.09900780304412],[-72.84922899357946,44.098919841562804],[-72.84929645629684,44.09884397894252],[-72.84926695086713,44.09873789532477],[-72.84845231219222,44.09818603610525],[-72.84828501067088,44.09780882316492],[-72.84844303523019,44.09760330979529],[-72.8487261390853,44.09749669427662],[-72.8489009357847,44.09748884804663],[-72.84976290206616,44.09759604124076],[-72.85033711669222,44.09781450283723],[-72.8505419027226,44.09779615625029],[-72.85063161589385,44.09772148906563],[-72.85100368600058,44.09629341298995],[-72.85125013462522,44.095732260562215],[-72.85126527634444,44.09538936786405],[-72.8511723745827,44.09532018367863],[-72.85105855721275,44.09534359615921],[-72.8508674638917,44.09530016741301],[-72.85050138963709,44.09510005478323],[-72.85027018540471,44.09487280903743],[-72.8502399262648,44.094704993686456],[-72.8504827293059,44.0942534019692],[-72.85083783663784,44.09431545299274],[-72.85121990188308,44.09411908993896],[-72.85138954827606,44.09409986523425],[-72.85160519907738,44.0942049526707],[-72.85196145566775,44.09452631136939],[-72.8521220879271,44.09456645715001],[-72.85220109100965,44.09452951042027],[-72.85229070734616,44.09430845144561],[-72.85273498072371,44.094402003560866]],[[-72.85267646019405,44.09617772983274],[-72.85276955324036,44.09614748927992],[-72.85291411231526,44.095977587639844],[-72.85325942543835,44.09590016112216],[-72.85331913055572,44.095833741352166],[-72.85326836006863,44.09556544323088],[-72.85319821305025,44.09551658180288],[-72.85294261446283,44.09552046501861],[-72.8525231991505,44.09567138616131],[-72.85227574355018,44.09586354141416],[-72.85226508696901,44.09617210760677],[-72.85237186361539,44.09621143535627],[-72.85267646019405,44.09617772983274]]],[[[-72.90482646252198,44.097664795769],[-72.90497312648293,44.09788168256365],[-72.90512093831167,44.09798100439097],[-72.90569146008382,44.09808585573712],[-72.9057709752092,44.09818513661537],[-72.90595515504754,44.09823763942972],[-72.9061840368397,44.09826368572773],[-72.90655249699832,44.09815493594035],[-72.90681519923972,44.098446080936064],[-72.90714072060375,44.098393312267014],[-72.90718173610564,44.098284743171384],[-72.9071085242643,44.09819458128632],[-72.90712751966134,44.09806204428601],[-72.90747693006566,44.09796475078403],[-72.90739591972589,44.0978185077608],[-72.90754825315153,44.09783680790239],[-72.90774701922318,44.09802397513024],[-72.90783149918303,44.098220408796124],[-72.9077049673068,44.09854950419875],[-72.90782260595336,44.09874371080287],[-72.90783587659709,44.0991412144084],[-72.90791894789078,44.099416403583106],[-72.90789535265486,44.09961758261223],[-72.90781431545581,44.0996952157762],[-72.90732183875953,44.09976180100769],[-72.9069832237224,44.09972771128732],[-72.90656695539094,44.099524582279095],[-72.9063867944575,44.09920487668453],[-72.90620915313708,44.099252900077445],[-72.90604387514547,44.099225644094886],[-72.90579620235287,44.099305695855385],[-72.9055241339056,44.09918586478537],[-72.90522875215858,44.09919535042215],[-72.90455802779735,44.099106600870805],[-72.90416308255499,44.09916734334731],[-72.90307484954668,44.099896677848704],[-72.90251873252996,44.1001334844279],[-72.90226951704787,44.100160235578656],[-72.90220043365002,44.100102401376844],[-72.90223167217559,44.09993185265197],[-72.90278755647341,44.09966087593018],[-72.90292746385519,44.09957305494969],[-72.90294250100209,44.09948848499022],[-72.90272382412768,44.09929898921799],[-72.90256957579413,44.09928631443815],[-72.90205931960824,44.09949426858675],[-72.90175649800608,44.099557912229095],[-72.90181434128245,44.099339316785965],[-72.9017621435844,44.099123639143414],[-72.90195970930895,44.098905255087104],[-72.90254715788343,44.098628262586985],[-72.90284077161799,44.09835891404496],[-72.90303390850352,44.098064043133725],[-72.90298528623799,44.09797294764771],[-72.90288029017836,44.09797134873349],[-72.90262641542976,44.098230152377084],[-72.90239634098444,44.09837327744183],[-72.90227895788705,44.09838662841655],[-72.90226319878101,44.09778916302673],[-72.90239949087099,44.0976293539372],[-72.90266927496268,44.09747216759034],[-72.90346236015641,44.09731529381101],[-72.90386172293182,44.09732381616448],[-72.90404985945307,44.0974421021841],[-72.9042656856875,44.0976718439783],[-72.90458053494983,44.09777113693348],[-72.90464384623637,44.097669380232695],[-72.90482646252198,44.097664795769]]],[[[-72.8869486570477,44.09986693321672],[-72.88725065595312,44.10015292659603],[-72.8873099367469,44.10044508828988],[-72.88728876107825,44.10090810093976],[-72.88762747941657,44.101317299372475],[-72.88776577151485,44.10169469057533],[-72.88773446751352,44.1018617209996],[-72.88765878772581,44.10192750907799],[-72.88751286345784,44.10193503497386],[-72.88731044233984,44.101897471106724],[-72.8860511874316,44.10193646888329],[-72.88590455583537,44.10189519767068],[-72.8856950087693,44.10166218532543],[-72.88517576198923,44.10139927940334],[-72.88478212244459,44.10106479002636],[-72.88449114272768,44.100912347350786],[-72.88433508736928,44.10086196536361],[-72.88380648730173,44.10090072723542],[-72.88323889645007,44.10100613334115],[-72.88308604287361,44.10084703522066],[-72.88280144116509,44.100835191970546],[-72.88234709609567,44.10058667987788],[-72.88188345254432,44.10059076229829],[-72.88175130329455,44.10055506327588],[-72.88175829914438,44.100489929823226],[-72.88231035046512,44.10015381596721],[-72.8826057221834,44.09977833980601],[-72.88329229522435,44.09942419255655],[-72.88411098047986,44.09946349043288],[-72.88459908367021,44.099621598650494],[-72.88543015159294,44.09952359436191],[-72.8861017862777,44.09975589080206],[-72.88673101726721,44.0997689502018],[-72.8869486570477,44.09986693321672]],[[-72.88549368712472,44.10041227697745],[-72.88561788177671,44.100664985603714],[-72.88604391549933,44.10057902992001],[-72.88599075893036,44.100387395621354],[-72.88583228642602,44.10032521215439],[-72.88549368712472,44.10041227697745]]],[[[-72.90193439726785,44.10029613612894],[-72.90188300049994,44.100371832884164],[-72.9015921832591,44.10048001297801],[-72.9011887549375,44.100499851682706],[-72.90103437135778,44.10046776756768],[-72.90098229116619,44.10038470066344],[-72.90056494283233,44.100423993761275],[-72.90059069018888,44.1009425313274],[-72.90093369273012,44.10093232807229],[-72.9014230640589,44.100807984683605],[-72.90187479776375,44.10048618956733],[-72.90191698371889,44.100548761722074],[-72.90185874533324,44.100709139841754],[-72.90209611843876,44.10089266468039],[-72.90197273385137,44.1010580538458],[-72.90207337112184,44.10122194998867],[-72.90201483579413,44.1015114243275],[-72.90224425230146,44.10167219586877],[-72.90218913054606,44.1019468918523],[-72.90209716220697,44.101968028217925],[-72.90181782445391,44.101870432418195],[-72.90152261794312,44.10202320595684],[-72.90129151695079,44.10207492407741],[-72.9013179426163,44.10217312903949],[-72.90147825714159,44.102273676094114],[-72.90134873975555,44.10234092781924],[-72.90142884621328,44.102527819773],[-72.901340381916,44.102663132400515],[-72.90125224286378,44.10261576956139],[-72.90122987202845,44.10236679841077],[-72.90104237956764,44.10211433085814],[-72.90095491636762,44.10210915320634],[-72.90090041943203,44.10218837580063],[-72.90094136817875,44.10229904537188],[-72.9006967849702,44.102550780181616],[-72.90061433487789,44.10253658462529],[-72.90067018739356,44.10219565270533],[-72.90113887788307,44.10183948926409],[-72.90122064713557,44.10175313992939],[-72.90120375365666,44.10167908913413],[-72.90076869512677,44.10169791241636],[-72.90044842828993,44.101492034863945],[-72.90030187236427,44.101463298252284],[-72.90021346431404,44.101375857359486],[-72.90008261840622,44.10084081181534],[-72.90001504342416,44.100774953758595],[-72.89960693667433,44.10079592916558],[-72.89939250396431,44.10077220961063],[-72.89926905016104,44.10069642226769],[-72.89928870266729,44.10025295906809],[-72.89922446914892,44.10004533872091],[-72.89945616108214,44.10002441912455],[-72.90008927908201,44.10009223596008],[-72.90084729919667,44.100045422792235],[-72.9013380440959,44.100240574568595],[-72.90172863831721,44.10011235757373],[-72.90189365640074,44.10021640386937],[-72.90193439726785,44.10029613612894]]],[[[-72.8910594609422,44.104526641126135],[-72.89108180078013,44.10465903382702],[-72.89101899410515,44.10472337422324],[-72.89058619959107,44.104793621413236],[-72.89036790822745,44.105015571832],[-72.88942225399508,44.1050902361407],[-72.88936341642817,44.10498665520339],[-72.88953435517652,44.104804946325196],[-72.88963786082493,44.104578045684846],[-72.88954122633264,44.10383038474334],[-72.88979772723037,44.10336474135125],[-72.88970984889067,44.1028213816289],[-72.889684412652,44.10257354457913],[-72.88974487071422,44.10244860288379],[-72.88997411219681,44.102349944941295],[-72.89009632673455,44.10235726236342],[-72.89037712088387,44.10267875839287],[-72.89043562568294,44.10267265263073],[-72.89066952563365,44.10233294400283],[-72.89096717977839,44.10225106742869],[-72.89141820860645,44.10222617781594],[-72.89150800843558,44.102289713868714],[-72.8916495826059,44.1035742691431],[-72.89152013742309,44.10377285544911],[-72.89094381243633,44.10391714157504],[-72.89087661517557,44.10402607512265],[-72.8910594609422,44.104526641126135]]],[[[-72.88721589835805,44.10565081772502],[-72.88733255767815,44.105822688776044],[-72.88730562662136,44.10636095467862],[-72.88703571308608,44.106749996802385],[-72.88673219054739,44.107013714663765],[-72.88629453450716,44.10706005428175],[-72.886032799177,44.106967984588934],[-72.88598588317491,44.10689628396026],[-72.88588332577976,44.10631190755749],[-72.88576603526336,44.10622244439197],[-72.88558425599507,44.1063001210237],[-72.88523355455169,44.106332101390294],[-72.8848359264017,44.10617017503673],[-72.88467706717867,44.10617113123538],[-72.88457801438305,44.106124918213055],[-72.88482879188473,44.105852524953086],[-72.88479649037204,44.10568697689385],[-72.88451619344121,44.10562027888038],[-72.88402828184122,44.1056199516564],[-72.88362519740677,44.10551850809678],[-72.88325701026932,44.1055620719863],[-72.88320238048551,44.1055040356602],[-72.88324914190812,44.10531065925916],[-72.88315165893687,44.10526556383383],[-72.88342216949908,44.10514723434386],[-72.88369979014601,44.10486097343488],[-72.88379816203003,44.104862610425165],[-72.88388185578034,44.10506890758764],[-72.88401551845989,44.10509545856834],[-72.88440449940357,44.105068979981255],[-72.88463708430969,44.1050012592411],[-72.88484573785834,44.10503529140572],[-72.88498523796932,44.10499896157876],[-72.88501896435157,44.104782847412146],[-72.88493122328461,44.104374342372374],[-72.8849778707608,44.10428488840261],[-72.88516497166087,44.10424586622623],[-72.8852688991141,44.10432187591518],[-72.88542511650134,44.10433569240489],[-72.88570052694409,44.10377169668944],[-72.88593662472823,44.10370508643787],[-72.88642082886423,44.10367785626945],[-72.88658451549692,44.10381975637476],[-72.88679268481894,44.104318835933434],[-72.88717062502104,44.10469471496047],[-72.88722136715812,44.10481435537648],[-72.88727751667066,44.10522423112378],[-72.88721589835805,44.10565081772502]]],[[[-72.88208690682293,44.116665160560146],[-72.88234912698148,44.11628192285953],[-72.88242104358923,44.11593166514806],[-72.88255895716213,44.11576624975908],[-72.88264278186865,44.11574909396016],[-72.88301746278212,44.1159759336954],[-72.88314358913323,44.11664474842593],[-72.88309473321311,44.11669652119279],[-72.88282753130267,44.116670698448594],[-72.88245523827833,44.11675421022215],[-72.88209391202041,44.116722231587836],[-72.88208690682293,44.116665160560146]]],[[[-72.88176714985063,44.11714717004914],[-72.88189203045812,44.11695789224356],[-72.88205416619978,44.11709741417783],[-72.88228076640249,44.11706276472557],[-72.88237878308671,44.11712726489598],[-72.88232867517279,44.11783267026031],[-72.88203404164825,44.11803376633265],[-72.8817735228833,44.117773354378826],[-72.88176714985063,44.11714717004914]]],[[[-72.88129273707085,44.11731820890932],[-72.88160966897915,44.117912700400964],[-72.88157918651638,44.11815059942694],[-72.88141965273311,44.11835503971225],[-72.88147512129487,44.118602636348],[-72.88138150866664,44.11898024844245],[-72.88131946408895,44.119106455158885],[-72.88107233687414,44.11928967086548],[-72.88029988479406,44.119561964174586],[-72.87922968264864,44.11949113092136],[-72.87860151166,44.119493073046044],[-72.8783367904049,44.119000917201625],[-72.87836334021479,44.118940079027404],[-72.87855557041102,44.11896292693076],[-72.87863962749499,44.11892003860176],[-72.87891261121776,44.11813894278432],[-72.878852503334,44.117897125691066],[-72.87890549900641,44.117820308310925],[-72.87990976003015,44.11753614499177],[-72.88007489870733,44.117413954798664],[-72.88010823144421,44.11713259176732],[-72.88027158956515,44.116732812667074],[-72.88020840217807,44.116376677159835],[-72.88028447991897,44.11624704836093],[-72.88050939185445,44.11619300304823],[-72.88047905424125,44.11590636816607],[-72.88056355570552,44.115812147881606],[-72.88062564004852,44.11581405066749],[-72.88095024846379,44.11596512614249],[-72.88112089946414,44.11615482326291],[-72.88153587999012,44.11694178501513],[-72.88154452047179,44.11701038236383],[-72.88129273707085,44.11731820890932]]],[[[-72.88478611464208,44.11840660991298],[-72.8846434961858,44.1184485749411],[-72.88417431563282,44.11828252790715],[-72.88358743311039,44.1182677652274],[-72.88338341528586,44.11768991588132],[-72.88400627580809,44.117533980051704],[-72.88457782485318,44.11723210332094],[-72.88510061948503,44.117238920226605],[-72.88522101170479,44.117201669985455],[-72.8853445879113,44.117053456389655],[-72.88548357714957,44.116994206446016],[-72.88565766308065,44.11704916536907],[-72.88603217328624,44.1170066965543],[-72.88608453029437,44.11713322398937],[-72.88513087362026,44.1177495695563],[-72.8849009738069,44.11829836295408],[-72.88478611464208,44.11840660991298]]],[[[-72.85920280497378,44.1208527021716],[-72.85897610141694,44.121519698048715],[-72.8589875678882,44.12231728993559],[-72.85910675579814,44.12265680696671],[-72.85920362818287,44.12266395625566],[-72.85986388241427,44.1224101583367],[-72.86004329559154,44.12237893625306],[-72.8602809260109,44.12241910936701],[-72.86056947333505,44.12229304280709],[-72.86063105335046,44.122339394806055],[-72.86045447702425,44.122515734379],[-72.85987327145288,44.1227346924104],[-72.85965739660243,44.12312729477096],[-72.85942470869213,44.12325852840514],[-72.85951619671805,44.12366549192027],[-72.8594718809839,44.12376195958885],[-72.859163943602,44.12397597589614],[-72.85883750818532,44.12448859663347],[-72.85875312018963,44.124738331653035],[-72.85853498724448,44.12488892269451],[-72.85830069427958,44.12495026841973],[-72.85812882223185,44.1251323540847],[-72.85782611331787,44.125179568134335],[-72.85754808736343,44.125111250878525],[-72.85748662812468,44.12443756607635],[-72.85730370090633,44.12427571570122],[-72.85698486984198,44.124238602674716],[-72.85664249354645,44.12437636082989],[-72.85630769182349,44.12460550042568],[-72.85595010511722,44.12461659883122],[-72.85543398722075,44.12475714364911],[-72.85502929962995,44.12498804309212],[-72.85482308497349,44.1253703416195],[-72.85469006866013,44.12539212972759],[-72.85458697996968,44.125325652427264],[-72.85451426207658,44.124918204731465],[-72.85460699616291,44.12475521441823],[-72.85460910133273,44.12451980043164],[-72.85485789048806,44.12420557312529],[-72.85487361144449,44.12402721120761],[-72.85480495972321,44.12384264302138],[-72.85454484861468,44.12369987125116],[-72.8543948589667,44.123494321426115],[-72.8543602155028,44.122989441648215],[-72.85440288899102,44.122878215590546],[-72.85452095520701,44.12290358396656],[-72.85471466302188,44.12245508981646],[-72.85498290989821,44.122140867411936],[-72.8549852159995,44.122138524737956],[-72.856345855533,44.120744122051576],[-72.85650070146393,44.12060086691227],[-72.85668990492059,44.120533340393635],[-72.85678429244608,44.12062459222328],[-72.85680761434043,44.12112613001769],[-72.8568865845862,44.121266594388416],[-72.85716817513358,44.121356511241366],[-72.85719308368786,44.121358944376475],[-72.85732107278206,44.12136310896182],[-72.85743315891517,44.121333144630576],[-72.85747278641756,44.12123570777721],[-72.85749010650773,44.12064209500662],[-72.8576375338386,44.12058634637932],[-72.8582065207097,44.12073798559794],[-72.85866745742278,44.12068888516895],[-72.8589129618085,44.1205706754076],[-72.85910984703199,44.12020217936564],[-72.85963381164927,44.12033356341495],[-72.86010979297288,44.120535266887],[-72.86005073656492,44.12077550105013],[-72.85991128119417,44.12089223800969],[-72.85934036320079,44.120809237725446],[-72.85920280497378,44.1208527021716]],[[-72.8575953731994,44.122464249856066],[-72.85766509679198,44.12237220336885],[-72.8573144836253,44.122242659609164],[-72.85719108869097,44.122369468024885],[-72.85696074990959,44.12237271875668],[-72.85690144179057,44.122444061003335],[-72.85684339136814,44.12265939980073],[-72.85693508615559,44.12271451935444],[-72.8575953731994,44.122464249856066]]],[[[-72.87253887061219,44.12604449497066],[-72.87259963786043,44.12614568659283],[-72.87238054131161,44.12713274878577],[-72.87168999174222,44.128408360420536],[-72.87137050387938,44.12876996278766],[-72.87128714242262,44.128739858661795],[-72.87100865384025,44.12872754415272],[-72.87071943806946,44.12856099889816],[-72.87028567290992,44.128507561281154],[-72.87003838069236,44.128550972227366],[-72.86955647761748,44.12847982810482],[-72.86900464123627,44.12752465558392],[-72.8686480526955,44.1272593223719],[-72.86858046105344,44.12712735440009],[-72.86884717585244,44.12675467919096],[-72.86905576333507,44.126579207978985],[-72.869763918611,44.12555358642124],[-72.87024011597939,44.125090090789556],[-72.8708112823792,44.12482906456571],[-72.8710739423427,44.12449872700808],[-72.87172784447986,44.124669007585624],[-72.87214331676208,44.12486031228521],[-72.87228689750208,44.12515431369984],[-72.87205334256134,44.12551746692578],[-72.87203295097349,44.125690221343234],[-72.87253887061219,44.12604449497066]]],[[[-72.85520305600859,44.12720418161044],[-72.8558642683877,44.12761879623865],[-72.85604874459274,44.12803784756849],[-72.8558990949206,44.12847678417824],[-72.85574876323585,44.12860719022034],[-72.85572891920977,44.12874914276339],[-72.85559680809575,44.128922803570205],[-72.85566866309611,44.129444441644615],[-72.85560401758329,44.12966894140347],[-72.85544398939682,44.129876016874256],[-72.85526759483412,44.129958690728934],[-72.85520661877456,44.1299488966066],[-72.85519385797681,44.12983938803215],[-72.85533616586076,44.12954208521684],[-72.85531935474235,44.12940854388954],[-72.85509922911274,44.12936141568608],[-72.85489714820805,44.12919737202562],[-72.85504843628173,44.12903040065615],[-72.85503721666325,44.12885226388867],[-72.8549380333576,44.12872164965134],[-72.85462068616012,44.128675244627246],[-72.85457162851284,44.12843802129697],[-72.85442412874713,44.12832429119074],[-72.85439334838055,44.128270246138186],[-72.85420225025459,44.128309651369996],[-72.85403629291017,44.12824350890607],[-72.85424961467623,44.12780662820687],[-72.85442589849146,44.12757545584103],[-72.85466733780088,44.12740089269658],[-72.85519665312492,44.126852357241084],[-72.85523823181026,44.12642795955672],[-72.85548833591557,44.12626700994043],[-72.8557164068179,44.12594848661236],[-72.85580430338058,44.12589055693226],[-72.85594291762678,44.125890546352686],[-72.85600373161698,44.12600426390253],[-72.85597707963346,44.12611755018325],[-72.85591209615836,44.12621984714444],[-72.85558547345941,44.126447833168676],[-72.85554417036619,44.12678757228199],[-72.85520305600859,44.12720418161044]]],[[[-72.85255810934977,44.126497997427414],[-72.8526633438481,44.12640035984848],[-72.85270963200902,44.12591126171706],[-72.85303451761622,44.1255872418689],[-72.85304140692385,44.1258261434],[-72.85313956458839,44.125982637599094],[-72.85322483450162,44.12600768566872],[-72.85338078162869,44.12590243859441],[-72.85352322665669,44.12589004406454],[-72.85396180441971,44.12603577982049],[-72.85402589391158,44.12611025355742],[-72.85402631050242,44.12618000337113],[-72.85362679280821,44.12649483491291],[-72.8534598553335,44.12672161756118],[-72.85336887014307,44.12698261895328],[-72.8533351435627,44.12741669276081],[-72.85297767536014,44.12764743968593],[-72.85302502416225,44.127795512079935],[-72.85315223366113,44.12791254133481],[-72.8532490695248,44.12791224105799],[-72.85343926095906,44.12772068402024],[-72.85351267502013,44.12778711375406],[-72.85359544130608,44.12778474801301],[-72.85359840490808,44.127888801615164],[-72.85351079343323,44.12799538642404],[-72.85321050867806,44.128059313566375],[-72.85315631986415,44.12827056043311],[-72.85289086669219,44.12828249032296],[-72.85285245862184,44.12832423406098],[-72.85294137934648,44.128437444279804],[-72.85328168385794,44.12860162657913],[-72.85328870172546,44.12873083980001],[-72.85316807169,44.12906322988341],[-72.8527609600548,44.12961503517547],[-72.8526607824196,44.12984189207833],[-72.85251687577296,44.129872570878085],[-72.85200841405835,44.129667278584485],[-72.85160985050402,44.12968805307256],[-72.85137416408827,44.1297820130105],[-72.85106279283889,44.13001992368391],[-72.85097520030904,44.130131005561985],[-72.8509286916778,44.13038807110395],[-72.8504747394601,44.130419839678716],[-72.84957665232443,44.13016215226494],[-72.84949557665499,44.12998816622359],[-72.8495158348425,44.129649197667],[-72.84942445364675,44.129515460582056],[-72.84957433752992,44.12930617276122],[-72.84956070855132,44.129047885938256],[-72.84945612928304,44.129059737603136],[-72.84920676595259,44.12928586693327],[-72.84901780613244,44.12935681282674],[-72.84886619554405,44.12933955665125],[-72.84872662978894,44.12924548342464],[-72.84832526151966,44.12838987693925],[-72.848605782101,44.128084848424336],[-72.84926688688272,44.127957251006286],[-72.84939695598369,44.127831837560024],[-72.84953530105058,44.12752903336557],[-72.84964952059494,44.127157609236605],[-72.84985580136751,44.126978383929455],[-72.84999440737856,44.12671203743954],[-72.85031054925672,44.12642475517201],[-72.8505802515845,44.126327047087074],[-72.85102321820959,44.12637081665055],[-72.85115068588571,44.12633456522738],[-72.85134395397414,44.126134985844466],[-72.85149480537795,44.12613441382623],[-72.85160060779076,44.12615529142226],[-72.85211828641684,44.12574827284614],[-72.85258272187593,44.125581324560606],[-72.8526551807399,44.12561907023214],[-72.85265181921892,44.12577587818155],[-72.85249887365917,44.12599206913239],[-72.8521978035791,44.126185373237455],[-72.85217908711816,44.12625532243975],[-72.85255810934977,44.126497997427414]],[[-72.85193130882402,44.12858498271304],[-72.85207689331642,44.12850845515819],[-72.85191524879444,44.128247671726406],[-72.85194525490934,44.127908671711324],[-72.85188431568137,44.12783854673901],[-72.85157058244197,44.127741919068896],[-72.8513055393225,44.127954656144894],[-72.85078161411019,44.128695815010424],[-72.8508100444157,44.128749165347216],[-72.85165555506863,44.12890139421944],[-72.85185487991792,44.12880009276149],[-72.85193130882402,44.12858498271304]]],[[[-72.84636746958259,44.141027629453205],[-72.84638686095258,44.14120475732051],[-72.84626199114523,44.14189180813656],[-72.84604521357929,44.14215712170865],[-72.84590014929687,44.14211724910941],[-72.84588912831404,44.14223774929604],[-72.84590457843716,44.14235245343305],[-72.84582914345283,44.14248464702256],[-72.8455890558479,44.14256308044859],[-72.84526392867775,44.14253354809477],[-72.84518071983,44.14246376782786],[-72.8449329831411,44.14163904763035],[-72.84495035840571,44.141066234095575],[-72.84498612219845,44.140898336342836],[-72.84517012722458,44.14073606308645],[-72.8453235363503,44.14056475781087],[-72.84538941192666,44.140207934403776],[-72.84524742293982,44.13929936215585],[-72.84535089685698,44.13929553400782],[-72.84557899151687,44.1394318126588],[-72.84569032859659,44.13943710172361],[-72.84582200078738,44.13924587429869],[-72.84592028003,44.13935582683421],[-72.84604795845178,44.139818518347205],[-72.8460162404959,44.140205614623326],[-72.84622288196245,44.140479488703775],[-72.84615217508124,44.14067728094817],[-72.84636746958259,44.141027629453205]]],[[[-72.84523838170686,44.14391371856227],[-72.84517314318246,44.14397874358065],[-72.84402202580304,44.1444360136434],[-72.84377367255188,44.14464797858489],[-72.8434645411359,44.14468448717077],[-72.84321298157238,44.14479293355561],[-72.842875630021,44.14490253780072],[-72.84253427241482,44.14510569902737],[-72.8424911336389,44.14513027505251],[-72.84211489064661,44.14538758997482],[-72.84177465498179,44.146001022964725],[-72.84158517041521,44.14685198388534],[-72.84081976034007,44.14663314811378],[-72.84079780074649,44.146626870426914],[-72.84106328715143,44.145441633749876],[-72.84129916292322,44.145231116903695],[-72.84148921233987,44.145202002790455],[-72.84174331631782,44.1452406179447],[-72.84189567408751,44.14517772461033],[-72.84194131704164,44.145100384233366],[-72.84197040607938,44.14445595404931],[-72.84147608189795,44.14441510476779],[-72.84143318952748,44.14435968587751],[-72.84171996976029,44.1437662343325],[-72.84212034267266,44.14329816109149],[-72.8433279827102,44.142148866977614],[-72.84379288412677,44.141874529451904],[-72.84420911818691,44.14156395415379],[-72.84432442271931,44.141510397777346],[-72.84428071186899,44.14170134306016],[-72.84435920481869,44.14183399692141],[-72.84435022281366,44.14257329040958],[-72.84441285668315,44.14286630542267],[-72.84459138354849,44.143208047879064],[-72.8451791372939,44.14373375720365],[-72.84523838170686,44.14391371856227]]],[[[-72.84412771166618,44.14696300578973],[-72.84380203684923,44.147246923633354],[-72.84369565035234,44.14745538478595],[-72.84204815310956,44.146984353853924],[-72.84223100116536,44.14683525055457],[-72.84259357966,44.14611022675525],[-72.84316129443319,44.14553449235664],[-72.843428117006,44.14547561179761],[-72.84375726814287,44.1457922938217],[-72.84387066407302,44.14581346794907],[-72.84416901611307,44.14573592916378],[-72.84428103137458,44.14565416959054],[-72.84431584769915,44.14552890891883],[-72.84420134065974,44.1452491290834],[-72.84491619805151,44.14480331372835],[-72.84498904619309,44.1447604715804],[-72.84517226469268,44.14516857472226],[-72.8449060012565,44.14579411902801],[-72.84461805533074,44.14624870025079],[-72.84425610345014,44.146271165599444],[-72.84412236312674,44.146378444366874],[-72.84404074660941,44.14658329965988],[-72.84412771166618,44.14696300578973]]],[[[-72.83534679283586,44.09211631271779],[-72.83506454884554,44.091891013784426],[-72.83496646329891,44.09179778515942],[-72.83459882800167,44.091861160091895],[-72.83414337564211,44.0917145533161],[-72.83410001099733,44.091636633229946],[-72.83416430683661,44.09155080401649],[-72.8344245493847,44.09161219891026],[-72.83448919584363,44.091588666151694],[-72.83441155876922,44.0912459057082],[-72.83409566483881,44.09086460720352],[-72.83408421214536,44.09077112443421],[-72.83418150435419,44.09072401156443],[-72.83478686663719,44.090675410040795],[-72.83498202775753,44.09075288581088],[-72.83546942364802,44.09082148806351],[-72.83563255044729,44.09096135444821],[-72.83569239324986,44.091951608816814],[-72.83560646729406,44.09207659697455],[-72.83534679283586,44.09211631271779]]],[[[-72.82841610438308,44.09104996736843],[-72.8284170566079,44.091151636762376],[-72.82878059495577,44.09126393640986],[-72.82914172124134,44.09164469628575],[-72.82914494393678,44.09180359513912],[-72.82890131017749,44.092344161221504],[-72.82893617234464,44.09250845272234],[-72.82924528805245,44.09244624928255],[-72.82969933691354,44.092271266248225],[-72.83034013154492,44.092205008882786],[-72.83058608358509,44.092012903557595],[-72.83112419980662,44.092008815306755],[-72.83133176025706,44.09165116323513],[-72.83148112764637,44.09163441731453],[-72.83179823748013,44.09174698244689],[-72.83208595365252,44.091767099603196],[-72.83253505209483,44.09189488870477],[-72.83301164503554,44.09191515743484],[-72.83311541447615,44.09197855839664],[-72.83317968358715,44.09216568427114],[-72.8330246615455,44.09270459484508],[-72.83311964135981,44.09280120920805],[-72.83346658344769,44.09287346314339],[-72.83373300003691,44.092990811269864],[-72.83378555790942,44.09317670556759],[-72.83363306080791,44.09347007655704],[-72.83345969590877,44.09359208374709],[-72.83311359018649,44.093739203370745],[-72.83274694616708,44.09377317878023],[-72.83266488720498,44.093823902781914],[-72.83280555421734,44.09406410388976],[-72.83282330313409,44.09423660077185],[-72.83256346785878,44.094597922997714],[-72.83255140861215,44.094674458751996],[-72.83265181761168,44.09469455791607],[-72.83298269130336,44.09461385787615],[-72.83304768695635,44.09444337077143],[-72.83313957226501,44.094405133355195],[-72.83364909314591,44.09437833379168],[-72.8338055150051,44.09429631457769],[-72.83424962318676,44.093188005647214],[-72.83404974971214,44.09262116401741],[-72.83420307139299,44.09240555701043],[-72.83514079961645,44.092471295328984],[-72.83520675982817,44.09254183615051],[-72.83517630269475,44.09267678630368],[-72.83484549868442,44.09276761670646],[-72.8347151548758,44.092905531561804],[-72.83474845857155,44.09306757581562],[-72.83513083558485,44.093332801355785],[-72.83525637664901,44.0933116203522],[-72.83558540569776,44.09304472993592],[-72.83564651797055,44.092810126248125],[-72.83576862216438,44.09280259529745],[-72.83613651793938,44.09305998407224],[-72.83649711906077,44.09306257930161],[-72.8365745852832,44.09316613372655],[-72.83659235832174,44.09382294668894],[-72.83588931068417,44.093717155252],[-72.83533147549515,44.093963623924274],[-72.83495122129631,44.0942136473124],[-72.83475603043219,44.09454820685706],[-72.83480604927735,44.09490567292898],[-72.83551273338384,44.09551419825434],[-72.83574620285304,44.09580657733521],[-72.83603648042781,44.095930600859084],[-72.83657815050822,44.095927740973025],[-72.83664721716008,44.095994756338406],[-72.83660727251835,44.09610807786795],[-72.83625781849943,44.09642298359644],[-72.83609682887779,44.09652555234345],[-72.83584821465955,44.09659209738146],[-72.83576696381465,44.09657883518818],[-72.83571136927769,44.09627173064146],[-72.83559515925724,44.09608039837498],[-72.8355060912909,44.096064910737994],[-72.83540351697218,44.096145509676454],[-72.83536221545845,44.09629539755246],[-72.83545467444661,44.096910645644414],[-72.83531994852714,44.097103418601385],[-72.83508055568267,44.09714462129337],[-72.83435220681329,44.096918940796805],[-72.83412255813082,44.096958003348725],[-72.83399674027305,44.09693123061458],[-72.83379714821137,44.09683295442559],[-72.83367348198041,44.09684161193683],[-72.83336910404196,44.097055689721316],[-72.8331944402074,44.097087559095755],[-72.83306907731952,44.09707217540595],[-72.83278726434695,44.09685671226875],[-72.83270158060974,44.09688804087075],[-72.83249602522748,44.09739643958405],[-72.83189020387401,44.09842224092879],[-72.83177873955776,44.09852001744087],[-72.83163443038286,44.098536749951265],[-72.82936847063002,44.09783609556325],[-72.82936617097147,44.09777324299122],[-72.8297073284725,44.09743208413951],[-72.83009014699122,44.09714438312343],[-72.83025192704395,44.097111430728695],[-72.83054719856122,44.09694196585847],[-72.8306823208621,44.09681782383369],[-72.8306969542729,44.09671259311965],[-72.83062005107881,44.096638704586056],[-72.82996095208446,44.096790799645866],[-72.82992396317182,44.09673620312041],[-72.83023521078532,44.0961415807097],[-72.8306125530505,44.095923502987745],[-72.83013518258522,44.0958393826859],[-72.82970916498995,44.095655548870354],[-72.82912721029966,44.09557186742245],[-72.82893522124196,44.09543460578384],[-72.8290210642657,44.095150715812],[-72.82925025596973,44.09488905333372],[-72.82939037440738,44.09461063077896],[-72.82940481287851,44.09446996384803],[-72.82930180233632,44.09433230581901],[-72.8290810221345,44.094210176405745],[-72.82807862509645,44.09388652476297],[-72.82788571391993,44.0937927181443],[-72.82783368435413,44.09369920993801],[-72.82788568982089,44.0935058407136],[-72.82820774945844,44.09331338260123],[-72.82843911678928,44.093092778278574],[-72.82847436316231,44.092833221757],[-72.82841516587676,44.092784454003755],[-72.82792732529445,44.09277783980862],[-72.82733343172418,44.092929591328826],[-72.82728281656466,44.0932337698139],[-72.82695201121508,44.09382281630899],[-72.82682649852411,44.094558228862475],[-72.8268716467161,44.09496127433706],[-72.82678270756578,44.09525192161798],[-72.8266115328079,44.09527913141924],[-72.82443191198806,44.09463269479672],[-72.82441097846952,44.094444314224404],[-72.82464031640609,44.09342159142319],[-72.82486711867375,44.093077678320356],[-72.82531648743817,44.09275760064137],[-72.82555839550739,44.09267858207592],[-72.82585692806568,44.092678153110626],[-72.82645782672114,44.09287725195994],[-72.82687206395885,44.092840629750235],[-72.82695714647258,44.09277162028499],[-72.82700172742095,44.09264689738887],[-72.82688039062009,44.092439539859896],[-72.82688540695962,44.09228764914936],[-72.82709920709307,44.091782610595644],[-72.82562634249099,44.0914065635881],[-72.82552791492606,44.09124835982996],[-72.82555802838397,44.09111791323149],[-72.82583668505166,44.09069706788683],[-72.82594617244067,44.090382315166764],[-72.82604681732315,44.09030524557632],[-72.82632626799493,44.090314010326196],[-72.82673430126994,44.090146061798826],[-72.8272467723926,44.090094250404064],[-72.8273588701374,44.09004217968337],[-72.82799484037925,44.08917733124508],[-72.82814173970036,44.08878582779723],[-72.82866735633573,44.088503064249096],[-72.82878203142626,44.088071713842155],[-72.82877205920457,44.087680098331425],[-72.82892828546078,44.08763549242922],[-72.83004958045166,44.08795626185276],[-72.8300931905733,44.08800971428177],[-72.83004956949677,44.088234983782336],[-72.82979748443653,44.08872537224301],[-72.82892717917667,44.090111503852995],[-72.82841610438308,44.09104996736843]]],[[[-72.82225072197866,44.08686138928989],[-72.82236907586606,44.08695569674169],[-72.82280281899783,44.08742753923279],[-72.82294338676476,44.0876598788668],[-72.82295976072692,44.087872178855186],[-72.82281035002393,44.088166651065414],[-72.8221488580044,44.08901452541358],[-72.82201542162395,44.08944943741504],[-72.82191564548361,44.08947165629969],[-72.82161504672469,44.08973603617248],[-72.82135158274141,44.09022882923724],[-72.8213676677433,44.090388675884036],[-72.82108033691594,44.090582141330565],[-72.8203618138023,44.09171816966695],[-72.8203076968861,44.09174138410984],[-72.82017164066207,44.09162209228536],[-72.81998512261048,44.09155230168813],[-72.81980380334632,44.09136127682646],[-72.81938417285073,44.09119215201016],[-72.81916186615994,44.09070775337997],[-72.81907303123744,44.09073331424379],[-72.81834987895209,44.091450134320375],[-72.81822806930064,44.091512489636244],[-72.81799372310361,44.09154689244461],[-72.81758033806854,44.091377604123075],[-72.81739292174586,44.09135815644795],[-72.81713306481326,44.09143833077714],[-72.81715831605437,44.09170896604921],[-72.81735339249491,44.091847363110055],[-72.81733723654617,44.09196398784108],[-72.81764724788097,44.09199434492314],[-72.81781307686931,44.0920630727753],[-72.81784560843143,44.09216240437275],[-72.81763786248366,44.092646735575435],[-72.81898072820847,44.093017763868396],[-72.81918983812399,44.09315147813739],[-72.81915827320773,44.093304847570295],[-72.81895765979357,44.09359031791238],[-72.81837999321985,44.094226434679776],[-72.81833111433524,44.0944265418056],[-72.81793808788898,44.09434635381106],[-72.81769713363786,44.094387664844525],[-72.81761674841766,44.094753656886546],[-72.81767661679751,44.09485628841347],[-72.81812115384719,44.095008194094845],[-72.8184198859362,44.095188206737014],[-72.81906598852805,44.095302420565574],[-72.81928615460146,44.09538590040254],[-72.81972555094211,44.0956690172938],[-72.82017661667741,44.09579909940068],[-72.82071683669535,44.09581684975156],[-72.82112461714094,44.09595295456162],[-72.82120730086672,44.095943300851054],[-72.82106907460171,44.09564134265708],[-72.82114113676059,44.09539982559265],[-72.82108589619685,44.095288183710295],[-72.8206359092315,44.094923819363835],[-72.82057592475915,44.09480065874036],[-72.82067407796976,44.094620803851406],[-72.82083061000328,44.09455595713967],[-72.82128777687947,44.09466098583876],[-72.82171807351507,44.095136217422464],[-72.82185695328387,44.09519840469253],[-72.82207629567156,44.095201724096235],[-72.82229346115811,44.09530686168022],[-72.82237560518215,44.09526978631414],[-72.82248205788335,44.094966436220446],[-72.82246660168856,44.09485116636482],[-72.82222389180981,44.09456919203471],[-72.82257718754322,44.09466213427381],[-72.8229899659689,44.09464156120428],[-72.8230275684945,44.09473848742294],[-72.82281349078093,44.095057328912155],[-72.82265294525111,44.095532255629315],[-72.82230533555364,44.095840364361614],[-72.82235575500971,44.09614172462279],[-72.82260221959159,44.09632327956292],[-72.82270881439408,44.09633296410712],[-72.82284762522517,44.09652522932547],[-72.82272884561154,44.0965716902927],[-72.8221985216053,44.09643734269178],[-72.82196386177537,44.09648891044317],[-72.82208891258637,44.09687893617288],[-72.82201854312773,44.09700049512522],[-72.82152256085467,44.09679404610878],[-72.82148182100953,44.09640575176041],[-72.82128059129367,44.09628917644826],[-72.82056823903227,44.096050706239666],[-72.81883534864451,44.095739005613105],[-72.81843351380712,44.09620039644394],[-72.8181302918074,44.09620320859268],[-72.81800906178607,44.0961570004102],[-72.81772041601718,44.09560204793712],[-72.81765178560711,44.095539660347114],[-72.81753294942794,44.09557571019053],[-72.81740566840158,44.0957112054065],[-72.81729684698945,44.09608768202332],[-72.81707276255474,44.09622021193431],[-72.81675485746578,44.096689238031225],[-72.81666507429419,44.09675825378363],[-72.81650983638754,44.09677499568554],[-72.81624991964743,44.09670216864518],[-72.81608714943013,44.096770400445244],[-72.81595837612281,44.096919679962944],[-72.81592684758077,44.09708205017661],[-72.81617811661603,44.097436013760046],[-72.81587986282935,44.09807978143637],[-72.81605051819271,44.09817254481794],[-72.81631904695395,44.098175739194836],[-72.816336773613,44.09806023539396],[-72.81611384907693,44.09782600723872],[-72.81616445413222,44.09780168041523],[-72.81645084198473,44.09800704497848],[-72.81668100178038,44.09798756289202],[-72.81713836144164,44.09783301221888],[-72.8178679061203,44.09741782475697],[-72.81793549511501,44.09750426238839],[-72.81792939005456,44.097675702858616],[-72.81778838636251,44.09787297083271],[-72.81782593226903,44.09796075839419],[-72.81773775243877,44.09803778507797],[-72.8169683115936,44.098292065683076],[-72.81678584895644,44.098327305730464],[-72.81653932265296,44.09827848863131],[-72.8162569499511,44.0983142872043],[-72.8160307093,44.09841025730101],[-72.81579133158998,44.098604702437726],[-72.81549422999872,44.0987330695629],[-72.81540241938802,44.098935826446414],[-72.81516374059412,44.09904209463353],[-72.81497895666519,44.09930248124744],[-72.81381856621827,44.10017460328058],[-72.81359144990255,44.100476307083],[-72.81337761132167,44.10114922677602],[-72.81303452122397,44.10129388760549],[-72.81244005879147,44.10128679558472],[-72.8123724174648,44.10133845012782],[-72.8123709664398,44.10150762744741],[-72.81222903411398,44.10160771905656],[-72.81198276061485,44.10160909473447],[-72.81191974916766,44.101501968892634],[-72.81140701240413,44.10137553876027],[-72.81081283605876,44.10134903244909],[-72.81036708008337,44.10126783694311],[-72.8102688153906,44.101135915361276],[-72.81046262767869,44.100805761386844],[-72.8104041350447,44.100666700073056],[-72.80998992626732,44.10057177686632],[-72.80918005918387,44.100270922898694],[-72.80818767398686,44.09999502325078],[-72.80806628981016,44.09991913173665],[-72.80827336052681,44.09951019504298],[-72.80873890173368,44.09889651106463],[-72.80891275518793,44.097881001357884],[-72.80937439447112,44.09749584332415],[-72.80980703018606,44.09693821444053],[-72.81009906540731,44.09688524873424],[-72.81089291727059,44.09704228008081],[-72.81210704391215,44.097560271106005],[-72.81233446623176,44.0976139317433],[-72.81245633088565,44.097558473079445],[-72.81318779042688,44.09639152326422],[-72.81365547368338,44.09582801637926],[-72.81370221164273,44.09558896485036],[-72.81223237351888,44.09519684657805],[-72.81126836268628,44.094736957708676],[-72.81142425154444,44.09462178190369],[-72.8115329233539,44.09391286989563],[-72.81167832160001,44.093658501914284],[-72.81180031619749,44.09362919958815],[-72.81224346519942,44.09381881979419],[-72.81259077804789,44.093742776105806],[-72.81343326307531,44.09380459259206],[-72.81409105748415,44.09369942559609],[-72.81370199657343,44.09355522875349],[-72.81297681122909,44.09360938929466],[-72.81221396186432,44.09355171058257],[-72.81173568607102,44.09336106199345],[-72.81155768428647,44.093351703254484],[-72.81115801633392,44.093415512199094],[-72.81095103680596,44.09368509258249],[-72.81082292423542,44.09373831755541],[-72.81068156706384,44.09372196819219],[-72.81047078039158,44.09363732124783],[-72.81041145360284,44.09356112218126],[-72.81054201738115,44.09345417313278],[-72.810368328967,44.093373925192076],[-72.81034905519631,44.09319580387504],[-72.81048855362026,44.09300656358024],[-72.81045110508929,44.09293494640785],[-72.81021394707308,44.09288130840892],[-72.80965518664702,44.092894497308386],[-72.80940353727958,44.09283077181186],[-72.80981390222492,44.09242409362092],[-72.81012945058968,44.092543613585235],[-72.81026802473825,44.09255083071148],[-72.81024447527608,44.092450487961436],[-72.8105268309053,44.092565457415766],[-72.81073637955691,44.092563199262415],[-72.81142862297409,44.09270348777362],[-72.81190034783911,44.09253991779232],[-72.81210986601714,44.09253189265138],[-72.81271596203125,44.092615595661655],[-72.81372771565401,44.092957636556584],[-72.81432762197105,44.092902971777654],[-72.8147044762684,44.092953544400125],[-72.81528081902036,44.093238410827084],[-72.81581740939012,44.09338528971128],[-72.81633907043309,44.09329342540919],[-72.81634421850617,44.0931609398857],[-72.81612546770562,44.09304777806569],[-72.81593302673889,44.093038466994976],[-72.8158845848099,44.09295535020229],[-72.81593606904666,44.09273006544134],[-72.81609854574324,44.092609239952694],[-72.81640232329856,44.09264074266597],[-72.81660964575731,44.09244076073671],[-72.81618450378414,44.091530115555855],[-72.81581447281641,44.09122021586568],[-72.81570324022793,44.09121728865583],[-72.81541400457202,44.09135027623808],[-72.8152044604248,44.09135254205809],[-72.81448841900989,44.09106496644482],[-72.8138439195179,44.09094833090786],[-72.81344885045355,44.09099272837741],[-72.81291115355552,44.09122286110915],[-72.81159266728523,44.09087236714731],[-72.81157775436017,44.09078212618209],[-72.81177046952284,44.09054802038472],[-72.81214700051348,44.09054038170778],[-72.81272636247182,44.09036821784972],[-72.81347909506972,44.090365311673565],[-72.81450439814634,44.090471900666024],[-72.81500459600227,44.09045786672104],[-72.81597973940733,44.090597768566],[-72.81619554839644,44.09059998402779],[-72.81648609656472,44.09042142789039],[-72.81697744713348,44.090504581920285],[-72.81700721321612,44.09045176514208],[-72.81688126394069,44.09025017515808],[-72.81640145256257,44.08991568929642],[-72.81606709356888,44.09000085016538],[-72.81606090986926,44.09015865045183],[-72.81616689485867,44.09027578040438],[-72.81605493207091,44.09035512082493],[-72.81565603367069,44.09033892635822],[-72.81525224428331,44.09013655565286],[-72.81488142186734,44.09018989125875],[-72.81410728153348,44.08998150394884],[-72.81390470302152,44.09004548341387],[-72.81380908030215,44.09018988875153],[-72.81364998980504,44.0902866544142],[-72.81279281088192,44.090166800364294],[-72.812347633623,44.089957781725325],[-72.81212914206374,44.08974181430713],[-72.81231323129077,44.08957523175844],[-72.81232684616586,44.089492926559686],[-72.812459505488,44.08941564279952],[-72.81305810154174,44.08926733065096],[-72.81453412596237,44.089160055559084],[-72.8149771348245,44.08918063329077],[-72.81580962765386,44.089502900736704],[-72.81653574829147,44.08970704903916],[-72.81694034397803,44.089987180017324],[-72.81716900934123,44.08998598294375],[-72.81742349358659,44.0898508383235],[-72.8178676806076,44.0899445245574],[-72.81841022755009,44.0898970305565],[-72.81854698664625,44.08993068045231],[-72.81882952972484,44.090225067194005],[-72.81907113988257,44.090236345705264],[-72.8191930503992,44.09019339517691],[-72.81911394116025,44.08992305113022],[-72.81858490701276,44.08943458543609],[-72.81833687156494,44.08895250681188],[-72.81821332051298,44.08883444316307],[-72.81771666763368,44.08856047943067],[-72.81722694384584,44.08848660492137],[-72.81705435691036,44.08839272258407],[-72.81661141527977,44.08838354592707],[-72.81584196779083,44.0881740331861],[-72.815749083096,44.08809792958367],[-72.81583225696953,44.08766907140381],[-72.8159504713895,44.08744556936019],[-72.8160677027805,44.08740390139861],[-72.8163441497479,44.087437871229355],[-72.81647003757259,44.08748280383839],[-72.81649299117916,44.087689460583945],[-72.81659884507295,44.087782685416585],[-72.81686731406786,44.08778348556183],[-72.81749463023462,44.08812177992386],[-72.81777141721206,44.08814547895141],[-72.81785802881691,44.08806958058495],[-72.81785034466732,44.087946273762284],[-72.81768215216218,44.08765240988285],[-72.81765909057077,44.087426346785016],[-72.81772976938115,44.087363009227744],[-72.81789014018452,44.08736228232163],[-72.81832826013883,44.08749240704793],[-72.81836262475063,44.08756993795692],[-72.81827990702465,44.08771670065872],[-72.8182876531196,44.08785139869591],[-72.81857250973997,44.08821553041413],[-72.81903012273979,44.088267973221015],[-72.81932536406528,44.08824014815149],[-72.81951875549473,44.08806649618539],[-72.81940400175273,44.08755296873698],[-72.81958014693694,44.08722073829667],[-72.81946261772937,44.087061315409436],[-72.8196480900254,44.086722168287],[-72.81953122136852,44.08646796096115],[-72.81998453884832,44.08594342158446],[-72.81997809973085,44.08547276274989],[-72.8201258281305,44.08515439277249],[-72.82024758737487,44.08508570664321],[-72.82139675807048,44.08567198660875],[-72.82205661720855,44.08575070627629],[-72.82205862704885,44.086264972090596],[-72.82188067011184,44.086691993252956],[-72.82195602732608,44.08677278172773],[-72.82225072197866,44.08686138928989]],[[-72.81966526575734,44.08933172441313],[-72.81998361352744,44.08939059831759],[-72.82008263539792,44.089300882591985],[-72.8200140029612,44.089092244963744],[-72.82003685917304,44.08877197497809],[-72.81988284851514,44.08872276541164],[-72.8197770082138,44.08877818632839],[-72.81944390726566,44.088804993414115],[-72.81927034282431,44.08889280730624],[-72.81925767419186,44.08907678196626],[-72.81957006602796,44.089189394280815],[-72.81966526575734,44.08933172441313]],[[-72.8152531124227,44.09426688666767],[-72.81544368756924,44.09443848713307],[-72.81562463866193,44.094414643881336],[-72.81668176403643,44.09403540283033],[-72.8168590189257,44.093831144197246],[-72.81686245683477,44.0937443694054],[-72.81652430410179,44.09356094463247],[-72.81608820763215,44.09359871480992],[-72.81567400736243,44.093498046611685],[-72.81557949022896,44.09355680823876],[-72.8155963119383,44.09363790288377],[-72.81576775796682,44.09380829025623],[-72.81568182270088,44.09394015388248],[-72.81524906069663,44.09416522576759],[-72.8152531124227,44.09426688666767]],[[-72.81068049233838,44.09910682733057],[-72.81058855501021,44.099139281352905],[-72.81050032402985,44.099358053679005],[-72.81059490135641,44.09945693777165],[-72.81067938038144,44.099490740041155],[-72.81064326803381,44.099674917559454],[-72.81095402883601,44.09976688539215],[-72.81111905033694,44.09975349943037],[-72.81123423122465,44.09968779391155],[-72.81153495733406,44.099429065590634],[-72.8120774698953,44.09958030535696],[-72.81229131654737,44.099277796581944],[-72.81234823483939,44.098968965576354],[-72.81227119874936,44.09886651955628],[-72.8119771677101,44.09868985404234],[-72.81188514746493,44.09870627661026],[-72.81170191126833,44.098966653716616],[-72.81158519680012,44.09903700433367],[-72.81122941081183,44.09906623971691],[-72.81100662309164,44.09915304997642],[-72.81068049233838,44.09910682733057]]],[[[-72.84183765985092,44.09645620777296],[-72.8415504428673,44.096934350557966],[-72.84130447925665,44.097528669180356],[-72.84097896023275,44.097998911193564],[-72.84109967858696,44.098291895554866],[-72.84108830348005,44.0984176497019],[-72.84099023821557,44.09846730241853],[-72.84077431436152,44.09845022822759],[-72.83986933202311,44.09819121901039],[-72.83974027569498,44.098145055389075],[-72.83970112852084,44.09805615569095],[-72.83985974643453,44.097880463368526],[-72.83996832302819,44.09748568428858],[-72.8403368157569,44.09675023795667],[-72.840742266623,44.096335587664036],[-72.84063627472403,44.09609163632201],[-72.84041669059886,44.096047150033186],[-72.84020573287835,44.09621399897686],[-72.84005707418048,44.09642397316812],[-72.8397060616661,44.09748618269058],[-72.83887746781852,44.098435620113406],[-72.83859119501551,44.098537719670595],[-72.83845601164674,44.0985121037201],[-72.8388181582699,44.097617774147174],[-72.83883631208683,44.09724295100489],[-72.8387548242681,44.097051519004076],[-72.83866034687964,44.09697768979625],[-72.83824189071389,44.0968942720432],[-72.83751021780463,44.09663445003379],[-72.8373835153454,44.096520776231145],[-72.83737407857322,44.096234067145595],[-72.83795523113294,44.09548829627306],[-72.83835498055332,44.09468863806593],[-72.83853748397237,44.09466475302913],[-72.83900110377786,44.09480048907917],[-72.83894540073197,44.09509203180984],[-72.83916138735574,44.09525887684278],[-72.83936387405969,44.095317197253905],[-72.83953974532169,44.095293331218215],[-72.83968831000888,44.095203451348524],[-72.83982650286991,44.09521063375092],[-72.84020971877395,44.09554784029122],[-72.84074780106175,44.095668300247226],[-72.84106788010568,44.095611657201324],[-72.84102436031732,44.09510117323848],[-72.84124652261526,44.09478016388258],[-72.84142692599555,44.09425579164002],[-72.84152512883075,44.0942313113179],[-72.84166667030121,44.09427841932797],[-72.84186536591861,44.09442365409512],[-72.84232870329659,44.094983083979386],[-72.8423589522309,44.0958969230719],[-72.84204778406674,44.09634884340683],[-72.84183765985092,44.09645620777296]]],[[[-72.84039171822216,44.09924520283095],[-72.84018306675353,44.09947602896041],[-72.84034377016064,44.09979955281269],[-72.84025993319995,44.10028904082452],[-72.84037505563232,44.10035465129934],[-72.84054757695233,44.10028860589396],[-72.84074586478211,44.100428077324054],[-72.84095250996792,44.100730932282204],[-72.84097633005233,44.100868956417685],[-72.84083103493519,44.10112223512699],[-72.84074583107594,44.101169599225344],[-72.84013300570321,44.10088736073332],[-72.83870130076994,44.10052837683011],[-72.83860539478685,44.10047874043912],[-72.83859160335301,44.10038737302814],[-72.83888065857076,44.10008754455892],[-72.83893541074754,44.099833552319986],[-72.83931824274727,44.09968982156809],[-72.83927054043414,44.099538087074784],[-72.83877220465874,44.09913864065455],[-72.83877906528286,44.09904158876165],[-72.83910450938906,44.09855419558591],[-72.83946436632178,44.098216328978324],[-72.83965934662375,44.09832487533133],[-72.83984359252982,44.098330795774935],[-72.83999229354914,44.09839968179787],[-72.84025807396206,44.09860378255813],[-72.84011505702698,44.09905013396702],[-72.84039171822216,44.09924520283095]]],[[[-72.81513144199225,44.10273375756742],[-72.81498865665075,44.102599713757776],[-72.81432544980387,44.10265919743919],[-72.8144996990099,44.102470842452746],[-72.81449647832281,44.102157815552246],[-72.81468756634645,44.10205393082532],[-72.81493983254522,44.102004719048765],[-72.81540929863374,44.101477764288894],[-72.81599481554858,44.10149020804089],[-72.81573947674613,44.101914761296676],[-72.81568296610416,44.10215046627247],[-72.8154628852627,44.1023801537305],[-72.81531806014159,44.102669962313115],[-72.81513144199225,44.10273375756742]]],[[[-72.80896501842524,44.103345589720135],[-72.80915095049401,44.10337307064622],[-72.81037457592802,44.102924531558436],[-72.81157909325708,44.10315131708259],[-72.81178005043466,44.103215456813594],[-72.81185231624958,44.10330076018553],[-72.81163289283384,44.10373364275444],[-72.81068220579319,44.105098195140414],[-72.81029855310939,44.10577663272785],[-72.8098676098744,44.10622105528727],[-72.80989078583784,44.10632379020073],[-72.8097619508087,44.106468421328216],[-72.80927224730871,44.10687432944226],[-72.80812806024231,44.10873115102662],[-72.80802197758764,44.10874887469052],[-72.80750718657626,44.10861329140864],[-72.80791424501894,44.10799766043763],[-72.80796489051323,44.10782821036665],[-72.80789121156405,44.10777145569177],[-72.80761332049723,44.107777688887204],[-72.80758092203777,44.107702400639944],[-72.80807981666108,44.10695826997675],[-72.8082043644196,44.106513275371825],[-72.80843451115041,44.10618415122681],[-72.80840785419267,44.106087191749836],[-72.8080382804743,44.10580004559087],[-72.80798157973433,44.105554666016545],[-72.80801803983749,44.10520933080362],[-72.807914295346,44.10499965613417],[-72.8076950642031,44.10502485744763],[-72.80701959724573,44.10528654958494],[-72.80676559061546,44.10530509161522],[-72.80675701636035,44.105231989144144],[-72.80707075898661,44.10483964455692],[-72.80707252070802,44.10472756115633],[-72.80685971843484,44.1045619125807],[-72.80666549119906,44.10451602797145],[-72.80631777269707,44.10452694455676],[-72.80621894514655,44.10466347582165],[-72.80621435400671,44.104832661384116],[-72.80641262710486,44.10528396075554],[-72.80519394138662,44.10602494688646],[-72.80468559437521,44.106682324319465],[-72.80434719851752,44.1069914773748],[-72.80402621060641,44.10696589433741],[-72.80396995341043,44.106423087598046],[-72.80392784660746,44.1062803236821],[-72.80384010943554,44.10622121155981],[-72.80384228500587,44.106112644357694],[-72.80400762420906,44.10585260859877],[-72.80395454289649,44.105777233029684],[-72.80420917730947,44.10534764662297],[-72.80458813967863,44.105339183980504],[-72.8050010650362,44.10548334874473],[-72.80514379680967,44.10545849914979],[-72.80531352406877,44.10529435710022],[-72.80527581271905,44.104868360782184],[-72.80536156771487,44.10469417842041],[-72.80573371807574,44.10442486789147],[-72.80603805025669,44.10387265885078],[-72.80641574955911,44.10369698855726],[-72.80666041834206,44.1036855041148],[-72.80689454050662,44.103748156699304],[-72.80707191616564,44.10370619520371],[-72.80758593931645,44.10347615507],[-72.80716754055463,44.10340401482169],[-72.8067847120945,44.103417419436916],[-72.80664664563434,44.10343761813525],[-72.80652919315601,44.10359473062709],[-72.80632596210958,44.10361862008036],[-72.80582481678975,44.10339496107669],[-72.80544332627116,44.10336504300905],[-72.80519228105273,44.103502261968046],[-72.80495912124685,44.10385416873998],[-72.8032469946204,44.10389121085278],[-72.80317803558404,44.10383992430783],[-72.8033434534024,44.10359592101156],[-72.80387200151233,44.10345571835059],[-72.80418718267813,44.103266018675455],[-72.80437783647722,44.103225432715064],[-72.80453140581812,44.10303152299739],[-72.80469658414212,44.103350583966254],[-72.80482144781881,44.10341958018228],[-72.8049467358175,44.10341896413621],[-72.80512467803128,44.103259300414216],[-72.8056020006044,44.103177867357324],[-72.80567800753896,44.10300610119869],[-72.80560874646896,44.10274486341515],[-72.80532919875893,44.10272803192147],[-72.8046645543176,44.1028137597529],[-72.80482427006775,44.1026015514053],[-72.80507421924125,44.10247910166748],[-72.80545795964603,44.10241662208894],[-72.80597983146947,44.102498477110586],[-72.80626774693334,44.10239757992964],[-72.80660718528883,44.10252379540898],[-72.80677886867397,44.10251377196695],[-72.80742430465281,44.10226242561835],[-72.80785025335094,44.1022864500494],[-72.80812802756311,44.10241296755455],[-72.8090745014092,44.102558912971645],[-72.80907988944044,44.102769135408124],[-72.80893361497569,44.103086360300026],[-72.80896501842524,44.103345589720135]],[[-72.80900629521118,44.10602454261538],[-72.80914204221577,44.10578286218157],[-72.80953478504289,44.10564707869445],[-72.80965394387987,44.10551850493624],[-72.80968216802594,44.105317191584696],[-72.80961823032654,44.105257036570485],[-72.80935577775914,44.10522751362384],[-72.80917332592345,44.10512000678241],[-72.80902121071347,44.10514137226974],[-72.80891470916181,44.105152206558984],[-72.80881771820819,44.105265812835626],[-72.80870981808677,44.10560796633705],[-72.80868691873312,44.10600796836882],[-72.80900629521118,44.10602454261538]]],[[[-72.83849781154916,44.11055757775112],[-72.83781243229599,44.11064257514104],[-72.83724812648708,44.11060121126663],[-72.83656207505945,44.1106368441579],[-72.83645466998556,44.11069580124663],[-72.83642010004985,44.11148312668108],[-72.83649548607427,44.1123168150469],[-72.83662521358016,44.11240755837659],[-72.8369461218701,44.112411252807995],[-72.83769456535228,44.11229176156246],[-72.83779985316588,44.11247749840679],[-72.83771838477944,44.11256703593863],[-72.83679520800318,44.11285199725335],[-72.83648961331534,44.112795382015435],[-72.8363579010296,44.11297436411758],[-72.83447218504509,44.113423574766585],[-72.83431337696736,44.113436977152894],[-72.83412681169553,44.113373960100056],[-72.8337923788749,44.113464938161115],[-72.83345371146387,44.113427957733535],[-72.83333855774578,44.11335995011684],[-72.83385485043138,44.112149482301554],[-72.83381918493059,44.11205494560108],[-72.83367749781662,44.11205789122212],[-72.83359432658219,44.112123524863755],[-72.83344730078007,44.11235739284359],[-72.83329862608392,44.112436999203524],[-72.83326256372558,44.112618933283954],[-72.83297005573262,44.11273706759187],[-72.83298960762843,44.11281238600989],[-72.83288428171547,44.11289523958841],[-72.83284002369497,44.113078182905916],[-72.8326735373381,44.113114527603784],[-72.83230803363973,44.11295541836933],[-72.83119244926928,44.11262551560879],[-72.83124871468107,44.11207564660352],[-72.83088857229811,44.111826235954524],[-72.83084779919722,44.1117248217747],[-72.83095895103696,44.11156657776079],[-72.83159975917253,44.1116053602588],[-72.83172872414652,44.11149150063762],[-72.83218135007947,44.11041046017665],[-72.83229354635567,44.110369915372736],[-72.83276263449761,44.11041762823222],[-72.83296652253313,44.11030003442201],[-72.83322627755258,44.10963481941037],[-72.83370203225937,44.10878672193225],[-72.83523575775581,44.10900231196239],[-72.83673311348295,44.10940994173442],[-72.83770879497679,44.109580593674856],[-72.83853561990252,44.10979541421731],[-72.83865869259232,44.11001990857632],[-72.83868044384593,44.11027451857213],[-72.83849781154916,44.11055757775112]]],[[[-72.82623448189835,44.100591655920205],[-72.82632419534427,44.100652853971276],[-72.82622375799018,44.10091273604152],[-72.82623630881149,44.101065841741836],[-72.82649284493935,44.10129868944517],[-72.82641305433744,44.101551622197086],[-72.82556267889827,44.102563883809445],[-72.82533614665894,44.10246454379435],[-72.82511536672894,44.10263139266861],[-72.82509925357148,44.10275378269389],[-72.82519997981146,44.10282971577128],[-72.8257281453654,44.1029148358816],[-72.82668856620099,44.101473490848484],[-72.82742011055014,44.101848976451336],[-72.82789160965372,44.10199260988307],[-72.83042376387583,44.10231831698351],[-72.83062476974789,44.102388047572724],[-72.83071796325946,44.102512092131725],[-72.83105885126707,44.103517986957996],[-72.83089488325793,44.10393133983721],[-72.8306960763247,44.10418715182047],[-72.83085511956811,44.104359943438766],[-72.83125683267423,44.104513185351514],[-72.83138354106126,44.10462672537042],[-72.8314452320128,44.10490976842875],[-72.83106041179128,44.105476339959324],[-72.83079766163067,44.105395537994646],[-72.83019895709604,44.10540556708807],[-72.8298895709741,44.10529072458311],[-72.82980069390912,44.105311794718126],[-72.82966879968434,44.105458707156245],[-72.82941565295835,44.10556054761361],[-72.82860673798383,44.105391312582505],[-72.82852375106097,44.105348379756265],[-72.82875198447594,44.10497689285462],[-72.82875088974096,44.10442732978138],[-72.82819493142135,44.10426017705114],[-72.82808913333228,44.10404476113978],[-72.82813505480179,44.10387883011187],[-72.82800124096597,44.10382015235375],[-72.82784942667543,44.10389413481325],[-72.82765482462027,44.1045601351476],[-72.82745916154678,44.10468107284357],[-72.8270438733143,44.105108358565225],[-72.82684958016777,44.10519511805596],[-72.8268160622072,44.10534610624989],[-72.82673390133056,44.105381917585134],[-72.82614802908925,44.10524113864427],[-72.8258749466512,44.10526779306794],[-72.82577895607787,44.10520197308322],[-72.8256597965046,44.10489757615553],[-72.82544706198136,44.104753618870184],[-72.82541617917025,44.10467383219676],[-72.82496190011429,44.10454138971754],[-72.82469027110719,44.104690240909285],[-72.82349814382842,44.10460291826262],[-72.8231037878874,44.104865597590155],[-72.82302223850942,44.10515734735429],[-72.82306598601767,44.10523484917612],[-72.82400955269648,44.105976932044605],[-72.82473587241505,44.106175401995024],[-72.82520232515999,44.1061054497615],[-72.8252976158773,44.106256914071366],[-72.8254948964401,44.106286727383726],[-72.82564486592818,44.1063726447809],[-72.82572395147963,44.106344856654566],[-72.82599635608213,44.106407360908925],[-72.82620896938612,44.10624404918139],[-72.82631707551751,44.10624106924094],[-72.82654893173752,44.10638272019983],[-72.82650287280771,44.10652460275612],[-72.82656469449574,44.10669345795278],[-72.82636788300837,44.10667841244532],[-72.82626354723922,44.106728209867875],[-72.82579300283763,44.10761732369342],[-72.82576085498911,44.10773399399291],[-72.82600908681938,44.10808456981339],[-72.82601628202846,44.108186221110046],[-72.82592314400036,44.10821419082048],[-72.82576036382957,44.10814195173007],[-72.82566053716663,44.10816065944067],[-72.82549207338064,44.108332982977245],[-72.82537401397867,44.108727774579556],[-72.82513922672233,44.108907319089475],[-72.82520280043582,44.10939595358307],[-72.82486424123167,44.109658340433285],[-72.82470930454971,44.109878438887826],[-72.82469742078807,44.10998942531415],[-72.8249430721661,44.11022455617466],[-72.82485051681513,44.11078718222838],[-72.82518693343827,44.111058477620624],[-72.82527859056492,44.11132877982544],[-72.82523034104197,44.11142848024757],[-72.82500711941547,44.111511944742034],[-72.82458986000505,44.11123426981667],[-72.82413094066605,44.111118994175555],[-72.82396902576325,44.111134641014324],[-72.82381011351944,44.11127149809825],[-72.82401636757817,44.11201187126026],[-72.824227627242,44.11231010145173],[-72.82485353065768,44.112762686420574],[-72.82493960648765,44.11294047159253],[-72.82493699680097,44.11317687157338],[-72.8245585964363,44.11329663530353],[-72.82427042710316,44.11321251563397],[-72.82378136399704,44.11279807258496],[-72.82316025144753,44.11250662666891],[-72.82282273848105,44.111962374074395],[-72.8224780431399,44.11181906594181],[-72.82202512338289,44.11180206166561],[-72.82187150225303,44.11183596395405],[-72.821699815296,44.11199352629098],[-72.82147746962875,44.11231224810624],[-72.82120194850961,44.1125433676089],[-72.8209766195035,44.11288853444902],[-72.82068818250863,44.112970063177514],[-72.8202616468464,44.113358402110464],[-72.81954321477602,44.11376794762242],[-72.819466024943,44.11400483682167],[-72.8195212247858,44.11410621377936],[-72.81966803877808,44.114184272686984],[-72.82008181294269,44.114250613629245],[-72.8205046716535,44.114408335653934],[-72.82085253530278,44.11470239243876],[-72.82083311181466,44.1150087293243],[-72.8211328213314,44.11585375103789],[-72.821593870996,44.11650031686263],[-72.82178220619417,44.11688988259493],[-72.82178997130113,44.1170258450563],[-72.82159681393775,44.1174027031768],[-72.82169083142202,44.11760564231135],[-72.82206229080792,44.117854909400336],[-72.82226751094413,44.11790186261311],[-72.82244906736334,44.11776142760552],[-72.82285717381971,44.1171401164131],[-72.82298546354039,44.117111908571],[-72.82303836258626,44.11729105783432],[-72.8229250742898,44.1175647543538],[-72.8230163170387,44.11761568414694],[-72.82324303030387,44.11759507363299],[-72.82328154229558,44.11778452801945],[-72.82346042015163,44.11786924129609],[-72.82346107277822,44.11791719256323],[-72.82323318312567,44.118008682153935],[-72.82318809093935,44.11811624680059],[-72.82354819636738,44.11821493088792],[-72.82428781210145,44.11822853626373],[-72.82436249198469,44.11826774803574],[-72.82428759794384,44.11842236712503],[-72.82352624871474,44.11919147297906],[-72.82199884387437,44.118968140232035],[-72.82181928295279,44.118973708696316],[-72.82166398884517,44.11913445922227],[-72.82132574183233,44.11932370896394],[-72.82116230383077,44.11935074743882],[-72.82093341558583,44.11918741984744],[-72.82063216699616,44.12008208283631],[-72.8207018650646,44.120408278039136],[-72.82043328343677,44.120630798853426],[-72.82042647933694,44.1211777114047],[-72.82031491959097,44.121124445231075],[-72.82012947753186,44.121199215298674],[-72.81980006360598,44.12107469988029],[-72.81967424860628,44.121129052205966],[-72.81966668524943,44.12124705843087],[-72.81957914202364,44.12130327186543],[-72.8192975065945,44.12135074701242],[-72.81933424228725,44.121139706012954],[-72.81926549717491,44.12106185163709],[-72.81890744014984,44.12105553914871],[-72.818831360648,44.121065735230836],[-72.8187565851828,44.1211732414064],[-72.8182302344596,44.1211637404099],[-72.8180844754169,44.12135806828225],[-72.81771144037167,44.121325637844976],[-72.81753580585139,44.12140951686165],[-72.81740848437727,44.12140213603693],[-72.81722554291598,44.12128803500606],[-72.81666273747648,44.12117850171287],[-72.81665492717102,44.12095900709446],[-72.81721791267623,44.120007941448215],[-72.81711918637093,44.11987152656329],[-72.81595025163561,44.11957607739371],[-72.81496775611818,44.119244241749655],[-72.81470517132449,44.11920221518718],[-72.81448488340075,44.11925822781888],[-72.81429911044637,44.119417927219274],[-72.81404119081573,44.11988804515224],[-72.81390924994638,44.11996575137639],[-72.8133913204416,44.12066087992525],[-72.81325445878949,44.1209900373853],[-72.81326502793856,44.12114315031118],[-72.81296534544853,44.12117490837209],[-72.81284501587014,44.121308270160426],[-72.81274290154494,44.12186008357141],[-72.81259704401901,44.12181745089001],[-72.81254728340444,44.1218582275878],[-72.81216818632184,44.12245411140793],[-72.8120738999499,44.12249205573819],[-72.81190629326103,44.12247155956955],[-72.81173473491906,44.122367684126736],[-72.81174747210586,44.12219130540989],[-72.81247611160256,44.120503494833926],[-72.81247245010135,44.12032744163115],[-72.81231372161987,44.11998995306215],[-72.81222383990881,44.11989963585804],[-72.81189963107633,44.11986944339614],[-72.81142091729863,44.119635482021096],[-72.81090024754974,44.11921769542659],[-72.81074916698368,44.119219653569566],[-72.81059118588908,44.11946955343073],[-72.81082681753529,44.11950955317193],[-72.81083997090356,44.11956084460258],[-72.8107855094249,44.119673072040065],[-72.81058800373171,44.11975643739249],[-72.81063190725084,44.11986474058296],[-72.81055513820276,44.119966762213274],[-72.80961949531859,44.120004739374046],[-72.80950133469767,44.11995626313662],[-72.80945129441125,44.119868647421825],[-72.80937282862625,44.1193468577236],[-72.80924279400789,44.11934186645211],[-72.80894284280174,44.11969522566095],[-72.80883623109189,44.11969017058517],[-72.80766993268557,44.11936734773234],[-72.80740952888665,44.11921786056702],[-72.80730907579692,44.119044738768814],[-72.80727748598736,44.11875007335299],[-72.80717544808269,44.11872320632885],[-72.80678909668706,44.118829150717914],[-72.80679820176157,44.11832526534366],[-72.80665377162475,44.11817855824691],[-72.80637122889391,44.11820069137541],[-72.80629748885791,44.11783202783241],[-72.80636668014205,44.11762259225375],[-72.8066504163298,44.11737882901086],[-72.80670331490347,44.11726548358893],[-72.80663166479562,44.11647057886792],[-72.80656716836785,44.11637948521656],[-72.8060058925146,44.11632642718618],[-72.80598888568387,44.11605689443376],[-72.80577368621039,44.11581235980526],[-72.8052342915184,44.11591350556809],[-72.80511593497256,44.1156729301382],[-72.80522186559817,44.11547141158873],[-72.80516317715882,44.115294520383785],[-72.80477933021797,44.11520062334899],[-72.80466193754305,44.1152228731691],[-72.80464376905907,44.11533387507193],[-72.80494224667345,44.115604206028046],[-72.80438462748576,44.11595781886269],[-72.80425739898575,44.11596547029794],[-72.80417953536882,44.11593150626714],[-72.80403261014318,44.11537178499259],[-72.80386444910174,44.11523863840852],[-72.80358354275126,44.11527285366003],[-72.80341124754301,44.11547581237123],[-72.80338397641955,44.115639432703155],[-72.80371591959451,44.11627038172915],[-72.80368666232111,44.11642711605736],[-72.80359816688505,44.11652804014027],[-72.80308990078117,44.116610951656526],[-72.80288393856883,44.116720342593084],[-72.80263193798132,44.11706540242772],[-72.80248423468326,44.117116138023356],[-72.80222317064658,44.11706226617112],[-72.80246840085925,44.11669092703718],[-72.8024377701062,44.11657907099416],[-72.80217452225608,44.116479360386656],[-72.80186233261121,44.116198091017075],[-72.80227025624696,44.115806775974235],[-72.80234724330684,44.115669321583326],[-72.80230884000882,44.115411094027344],[-72.80256223357,44.11526389171138],[-72.80261336240285,44.11434336031218],[-72.80268585532309,44.11424374565839],[-72.80290501927695,44.114198305864456],[-72.80312191382258,44.11431993323728],[-72.80325382043848,44.11431142734328],[-72.80350786306236,44.113758374856346],[-72.80372401836763,44.11350720579146],[-72.80389042704292,44.11345177838449],[-72.80402277523962,44.1134535358818],[-72.80420441802788,44.11355233369669],[-72.8044220739711,44.113518284563455],[-72.80455473870104,44.11342961892046],[-72.80472968290594,44.1135921369946],[-72.80481192829012,44.11356772996553],[-72.80466805183426,44.112993799065535],[-72.80470205963444,44.1119390150793],[-72.8047581340486,44.11183592743757],[-72.80520127081816,44.11169763413098],[-72.80536606556817,44.11133001960242],[-72.80550853523803,44.111251591170046],[-72.80578335040992,44.11125127806141],[-72.8060559881282,44.111358408236214],[-72.80600112442755,44.11177115082551],[-72.80590186563468,44.11182654194639],[-72.80543147285424,44.111826674564576],[-72.80524642998986,44.11205273377048],[-72.80546523881463,44.11247093296158],[-72.8057900603816,44.112552610672054],[-72.80571682429445,44.1131882956117],[-72.80581821357666,44.11346997866188],[-72.80576077354803,44.113610758148525],[-72.8059248392989,44.11363155365311],[-72.80615609925854,44.113585792626324],[-72.80660504124474,44.11366235539635],[-72.80742890816484,44.113919736082046],[-72.80718486181007,44.11428545692429],[-72.80710971519295,44.11454975360948],[-72.80662116229162,44.11496816217089],[-72.80637787271962,44.11510423674368],[-72.80645080818101,44.11524213602071],[-72.80683902269713,44.11542531415247],[-72.80776438239837,44.11552548143174],[-72.80794375685916,44.115485763289485],[-72.80804995586455,44.11533781955652],[-72.80818935598604,44.11526853655715],[-72.80837818128492,44.115244685415945],[-72.80870971208243,44.11473683370761],[-72.80889451331963,44.11431544074935],[-72.80974124203058,44.114611416109966],[-72.80992228121502,44.11459222124712],[-72.81028549454182,44.11424867111132],[-72.81052530578103,44.11359959407042],[-72.81061207070539,44.11354437421946],[-72.81061876444579,44.113704247263136],[-72.81068737199513,44.113759888903665],[-72.81080169741968,44.11374903079147],[-72.8110555797358,44.11340268221683],[-72.81171281600184,44.11114384678122],[-72.81163771921418,44.11081850268496],[-72.81165811997066,44.11046660169832],[-72.81189323910597,44.109673534204845],[-72.81191551862703,44.10938209573667],[-72.8121801680439,44.10915791864644],[-72.81238742712983,44.10908028916031],[-72.81280438527683,44.10931455643433],[-72.81306143881446,44.10927897713656],[-72.81319039338695,44.109157122969904],[-72.81318549490271,44.108968697755984],[-72.81379706164786,44.108357546707325],[-72.8140907433136,44.10786820585337],[-72.81387089801223,44.10777909027772],[-72.81358090032495,44.107562339042175],[-72.81332361855019,44.107553482362995],[-72.81238795815912,44.107254401350175],[-72.81291527896258,44.10628728084056],[-72.81303031985006,44.10619302758034],[-72.81321149957051,44.10620574940639],[-72.8142150027088,44.10649296408911],[-72.81469450297296,44.10645170656036],[-72.81479516776822,44.106517382565855],[-72.8147913765465,44.106612175327484],[-72.81447594579905,44.10682524918052],[-72.81418683107061,44.107143295760686],[-72.81396580157988,44.10727243590744],[-72.81387789833497,44.107552804219345],[-72.81391474683676,44.107582375265686],[-72.81413028465333,44.10752173535806],[-72.81423427258548,44.10777260677487],[-72.81432632410558,44.10775955727361],[-72.81443574614785,44.1075623790315],[-72.81471278481798,44.10746950694134],[-72.81474487517454,44.10733793310475],[-72.81495214007707,44.10711643930852],[-72.81526067744653,44.107001680905206],[-72.8153501232046,44.10671891683054],[-72.81546311752946,44.106607509966004],[-72.81558719782919,44.10659887013303],[-72.81552764486615,44.10685061504653],[-72.81560813479128,44.10693926829485],[-72.81582755351013,44.10694836490654],[-72.81600737907576,44.10685266414277],[-72.81618547551253,44.106872280223136],[-72.81628188722476,44.10679860708692],[-72.816326599223,44.10654591916436],[-72.81641314664729,44.10645286639853],[-72.8167118891346,44.10647875800686],[-72.81706763120278,44.10628722204396],[-72.81733715268226,44.10625033309928],[-72.81749055350082,44.10617748523412],[-72.81789584102549,44.10620054589781],[-72.81820224542325,44.10634509966601],[-72.8183334653721,44.10628496832876],[-72.81869657041098,44.10637564411806],[-72.81885595856677,44.10625482360629],[-72.81894319455935,44.10607275101434],[-72.81886276082723,44.10599549042106],[-72.81861792565397,44.1059773300612],[-72.81892788232638,44.10569338455584],[-72.81922113108953,44.105786785389505],[-72.81928404246018,44.10572698419665],[-72.81946570663747,44.105756851565175],[-72.81980568184417,44.10546719468777],[-72.82040894552776,44.10557814557885],[-72.82042712566876,44.10547529770684],[-72.82029584343158,44.10523378921528],[-72.82037936621964,44.10516014783505],[-72.82050389814532,44.105236018261834],[-72.82066682124042,44.1051929512069],[-72.82111558648201,44.10538912957399],[-72.82197488204211,44.105567415238916],[-72.82247816425368,44.10537966663702],[-72.82248696960608,44.10513284302942],[-72.8226980525266,44.104974043048394],[-72.82282914396195,44.10474824997577],[-72.822813758664,44.10464662065775],[-72.82244006351127,44.104617722835094],[-72.82217303062544,44.10475164826846],[-72.82162186262677,44.10488946842147],[-72.8207938770794,44.10486887313872],[-72.82065319857134,44.10476675196326],[-72.8206139463222,44.10465393925533],[-72.82066066200147,44.104558886300815],[-72.82120396991212,44.10412296672609],[-72.82125355844731,44.10398206002631],[-72.82116390558255,44.103932250137895],[-72.82068645651731,44.10398745037147],[-72.8205730641878,44.103950363439495],[-72.82062035608482,44.10374547840865],[-72.82087651905003,44.10333399006292],[-72.82110275468747,44.10309063442312],[-72.82135711177771,44.102923557572495],[-72.82143484459101,44.10264658782538],[-72.82157486309836,44.10248363013567],[-72.82180448053113,44.10243334284496],[-72.82201667648403,44.10219339902753],[-72.8222026796069,44.102233516208884],[-72.82227842602138,44.102166785783275],[-72.8226110674892,44.10132420041143],[-72.82287938408173,44.10085543895833],[-72.82309675963498,44.100063522260605],[-72.8233669081974,44.100075835958016],[-72.82376439256613,44.10024964906438],[-72.82461261875716,44.10041430592884],[-72.82476778838767,44.10038377141634],[-72.82485634428481,44.100162736279856],[-72.82514168714418,44.09981387482682],[-72.82522751219501,44.09980659969069],[-72.82569227062612,44.1003615915614],[-72.82544519588231,44.10042923544201],[-72.82539945587217,44.100486598957204],[-72.8255109744732,44.10082294140251],[-72.82588168655934,44.1008815091341],[-72.82609948150943,44.10059921258451],[-72.82623448189835,44.100591655920205]],[[-72.8260073672555,44.10379435904495],[-72.82606561414138,44.10388194343142],[-72.82653278310765,44.10394543842183],[-72.82668971903185,44.10373812784209],[-72.82735876239909,44.10374591574206],[-72.8274368977309,44.10361758224085],[-72.82737177265417,44.10348642375437],[-72.82674389088773,44.1032979544512],[-72.82676502997737,44.10316753257507],[-72.82706452740794,44.10312027035475],[-72.82717019712403,44.10303052876827],[-72.82718770984738,44.10287958714696],[-72.82702252479272,44.10272284067023],[-72.82728320969794,44.102290653602815],[-72.8272523748889,44.10222000681998],[-72.82714566798275,44.10219204681624],[-72.82691719535448,44.10223671742656],[-72.82674005837005,44.102460396964325],[-72.8265365311152,44.10257010463369],[-72.82637034447129,44.10279839362068],[-72.82629973815463,44.10351508495184],[-72.8260795675145,44.10372187169667],[-72.8260073672555,44.10379435904495]],[[-72.82865005822705,44.10313568881914],[-72.82868096678227,44.10336060058435],[-72.82861355192125,44.10359170282419],[-72.82871891166802,44.10365749438885],[-72.8290868521696,44.10328293343628],[-72.8287975093744,44.10312007695516],[-72.82865005822705,44.10313568881914]],[[-72.81679630830895,44.108325784766954],[-72.81696721751892,44.10780274587509],[-72.81652749048915,44.1076918863942],[-72.81638164151177,44.10771788384097],[-72.81617296470034,44.10796680638532],[-72.81603130755607,44.108413263591224],[-72.81645264879835,44.1085892867946],[-72.81674200432498,44.108609437977464],[-72.81683435915264,44.10858007211622],[-72.81679630830895,44.108325784766954]],[[-72.82074457868163,44.10910607037194],[-72.8208532826337,44.10906850041499],[-72.82113866041057,44.1087138830582],[-72.82157445110204,44.108599594075315],[-72.82168258584288,44.10831339840092],[-72.8215845564677,44.10823168836954],[-72.82105135548808,44.10808932658592],[-72.82072994673821,44.10791627625104],[-72.82053178176069,44.10794017583612],[-72.82045221263037,44.10809593171357],[-72.82047885978902,44.108187263334926],[-72.82086749999362,44.1083051424278],[-72.82082615952456,44.10845615075479],[-72.82037663299342,44.108917961223135],[-72.82074457868163,44.10910607037194]],[[-72.81849922742614,44.110040764236906],[-72.81869502912834,44.11008423387251],[-72.8189260001092,44.109989369590224],[-72.81919850420522,44.110068343630175],[-72.82012049892877,44.10905058579184],[-72.82017563510557,44.10885158678318],[-72.81981637433998,44.10868088908795],[-72.81933947292806,44.10862751895776],[-72.81894264793641,44.10851190843672],[-72.81772202226776,44.10829115142074],[-72.81760796067006,44.10834884392206],[-72.81744367999724,44.10886961709046],[-72.8181478906801,44.10909195579324],[-72.81841646135561,44.10923914597592],[-72.81844130606817,44.109358889948574],[-72.81812614471484,44.109913552950886],[-72.81849922742614,44.110040764236906]],[[-72.82016622322463,44.10963883708822],[-72.82009358472588,44.10999454182614],[-72.82017035154918,44.11004214039968],[-72.82043115151082,44.11004984677998],[-72.82063670601092,44.10973089319932],[-72.82028349339149,44.109597024445435],[-72.82016622322463,44.10963883708822]],[[-72.81712440167792,44.111064828300854],[-72.81687061315574,44.11142047198751],[-72.8175508848829,44.1117596014107],[-72.81797142807068,44.11127172610408],[-72.8173123667437,44.11095644708414],[-72.81724716045183,44.11095339445154],[-72.81712440167792,44.111064828300854]],[[-72.81662764715658,44.11248765241821],[-72.81595520327053,44.112299246722536],[-72.81564136011161,44.11222895804415],[-72.81554165252233,44.112271702004676],[-72.81546825701285,44.11271093878729],[-72.81556884302148,44.11305308404149],[-72.81616475706255,44.11338359495003],[-72.81660969246546,44.11292659405199],[-72.81682507332786,44.11261437118912],[-72.81662764715658,44.11248765241821]],[[-72.81181534078222,44.11468058697507],[-72.81196580987717,44.11463869138935],[-72.81190727673936,44.1144949908723],[-72.81155210822668,44.114436334662955],[-72.81147250215714,44.11466563079022],[-72.81181534078222,44.11468058697507]],[[-72.81499318754781,44.115800530886105],[-72.81470980711806,44.11573578072904],[-72.81446109860698,44.1155097760484],[-72.814359671778,44.11552397824558],[-72.8141154464141,44.116070276750754],[-72.81410723384127,44.11621486342692],[-72.81461521238715,44.11630191810197],[-72.81487074546041,44.116268588969284],[-72.81494808080926,44.116201860083756],[-72.81499318754781,44.115800530886105]],[[-72.81109999230846,44.11576633964399],[-72.81081411780211,44.11574616383259],[-72.81073991918174,44.11581625731081],[-72.81072851190548,44.115948757282446],[-72.81089851685144,44.11628157718832],[-72.81116746923679,44.11612686143491],[-72.81130712759678,44.115958149555645],[-72.81129650889258,44.115869163556425],[-72.81109999230846,44.11576633964399]],[[-72.80946202612941,44.11781084398222],[-72.8096960469341,44.11799232027128],[-72.8100222182407,44.117727902739524],[-72.81024309393777,44.117411317107184],[-72.81042956695325,44.117011715426074],[-72.8104049782832,44.116789031189086],[-72.81016982233419,44.116390292959466],[-72.80993801800425,44.11633340637512],[-72.80947897691195,44.11634604122851],[-72.8091506140476,44.116713401190886],[-72.80911287165458,44.11688731573496],[-72.80918830291955,44.11697823704698],[-72.80957904502176,44.11711794496579],[-72.80935186549101,44.11757390664056],[-72.80946202612941,44.11781084398222]],[[-72.8168969153605,44.11773055701259],[-72.81702278908351,44.117760723334136],[-72.81714316461823,44.117712154423174],[-72.81733108902164,44.1174461313911],[-72.81763159530111,44.11684355892601],[-72.81756922940555,44.11671590379963],[-72.81694583028687,44.11658319680937],[-72.81671551281626,44.116586648040744],[-72.81651931785062,44.11683905345012],[-72.8165193792076,44.11714308459737],[-72.81670906062554,44.117352231998474],[-72.81691486003137,44.11743575589337],[-72.81695258306823,44.1175543392881],[-72.8168969153605,44.11773055701259]],[[-72.81769327804625,44.119466477900936],[-72.81791714638399,44.11913172783532],[-72.81792534965412,44.11884145465736],[-72.81840039929187,44.11868009930853],[-72.81846324454015,44.118605533419725],[-72.81845841157912,44.1181416227441],[-72.8187882004822,44.117468090360305],[-72.81866917334123,44.117331593897845],[-72.81854985827047,44.11728650433236],[-72.8184181202744,44.11732723136147],[-72.81792032285246,44.11804960555979],[-72.81783527582192,44.11857114070002],[-72.81745487767641,44.118983247222815],[-72.81732940558139,44.11946608155944],[-72.81754586435393,44.11949698115575],[-72.81769327804625,44.119466477900936]],[[-72.81457982764394,44.11794733658076],[-72.8142996388721,44.11789734121073],[-72.81411016245336,44.11802062916631],[-72.8136043937754,44.118427723313424],[-72.81358616820165,44.118524944969224],[-72.81396841695253,44.1187526932308],[-72.8145463706485,44.11826397631573],[-72.81464386793711,44.118023519270366],[-72.81457982764394,44.11794733658076]]],[[[-72.80389062601992,44.11158623592421],[-72.8036773838221,44.111794929106125],[-72.80377195270265,44.112119242908996],[-72.80411764255182,44.11200821212142],[-72.80431751803084,44.112161805751306],[-72.804293432062,44.11279299927086],[-72.80414525923483,44.11275008109134],[-72.80392939968043,44.11282968677],[-72.80354599964548,44.11281959731472],[-72.80334614430842,44.11289930066836],[-72.80310929006184,44.11291947561631],[-72.80292112870815,44.11307227259401],[-72.80280884052662,44.112946850385946],[-72.8030251666901,44.1127288698357],[-72.80302628859148,44.11264308469184],[-72.80278497141552,44.112477223586126],[-72.80277063678051,44.11219263500454],[-72.80285354985888,44.111993430437465],[-72.80325654279534,44.11163756236145],[-72.80325394300574,44.11151072524533],[-72.80319729682444,44.11134971707554],[-72.80305032192281,44.11123479477436],[-72.8026228446016,44.11107617697469],[-72.8027098240542,44.11098566432867],[-72.80304881623617,44.11101640711669],[-72.80331531113075,44.11091599643816],[-72.80403801989479,44.111020950153744],[-72.804625281618,44.11097508755821],[-72.80457631191882,44.11147345556292],[-72.80449088898703,44.111638497593994],[-72.80434684981448,44.111715803927154],[-72.80389062601992,44.11158623592421]]],[[[-72.8277856525844,44.10845776965678],[-72.82798305343304,44.10864873599746],[-72.82819031020557,44.108716063329084],[-72.82838739794032,44.10870930856392],[-72.82860302230452,44.10852531336555],[-72.82870438303296,44.108501958243025],[-72.82889638205614,44.10863345358338],[-72.82926167356769,44.108479540867044],[-72.8295409110568,44.108434439294165],[-72.8296558914007,44.108473763625106],[-72.82962028364055,44.10873908717852],[-72.8295052775802,44.10883574741194],[-72.82898392791544,44.108934423448254],[-72.82896346263205,44.10897455961915],[-72.82897576136469,44.10908083734535],[-72.82907798903597,44.109143122111306],[-72.82942196326134,44.10922692842196],[-72.82910160637445,44.11002266798815],[-72.82908961570767,44.11025361057209],[-72.82886012368164,44.11061244465868],[-72.82891474261677,44.11067725699833],[-72.8292495092303,44.11078851166856],[-72.82941707381929,44.11101724824581],[-72.8299522605281,44.111297799646714],[-72.83007465279917,44.11147533840275],[-72.83003507565341,44.1119393774108],[-72.8299546866963,44.112154625287246],[-72.82984941354123,44.11224774228154],[-72.82875311650206,44.111941807200786],[-72.8280114591797,44.1118086574043],[-72.82778348032181,44.11187849960028],[-72.82767162585034,44.11212350930905],[-72.82768206158131,44.11224582334693],[-72.82779618699486,44.11234112057892],[-72.82850109617688,44.11260473863319],[-72.82862427827753,44.112713650363375],[-72.82861732353881,44.112797203416115],[-72.82835175436033,44.11319959321948],[-72.8283594172723,44.11366687074756],[-72.82729306831358,44.11505676203167],[-72.82542212316784,44.11749537163748],[-72.82471760701517,44.11768509276731],[-72.82445698958274,44.11777177369597],[-72.82404581422836,44.117329127064586],[-72.82401414342624,44.117177341192736],[-72.82417813863944,44.11675359230573],[-72.82460446654609,44.11632755189309],[-72.82463278757876,44.11615253308844],[-72.82451434041907,44.11590986842701],[-72.8242132693028,44.11582451989436],[-72.82406582371434,44.11570428093859],[-72.82398122653214,44.11551158242852],[-72.82405091759198,44.11519132070154],[-72.82417973160146,44.115045547838534],[-72.8243618062968,44.11500228083812],[-72.82476620488575,44.11506525730414],[-72.824854469308,44.11500074064411],[-72.82491332449679,44.11455605564544],[-72.82480453450849,44.11400933139176],[-72.82488767297357,44.11393568792013],[-72.82506409608521,44.11393026395995],[-72.82556030631363,44.11336775480347],[-72.82615176188112,44.11294756563601],[-72.82699528463029,44.11172958532892],[-72.82707422439654,44.11153262366781],[-72.82694590997421,44.11141219316558],[-72.82649899326242,44.1113507525954],[-72.82642775400397,44.11124492386551],[-72.82663592047518,44.11090907700406],[-72.8267810436102,44.110821474905165],[-72.82694933562072,44.110829711767465],[-72.82725957748268,44.111166043722704],[-72.82747679005325,44.111267655592194],[-72.82768812264673,44.111294050689416],[-72.82781627149059,44.11124305777245],[-72.82781623493106,44.11060096092474],[-72.82820265069338,44.10988814357772],[-72.82817133361007,44.109801467629055],[-72.82801549196631,44.109785320873044],[-72.8279116598387,44.10971502522119],[-72.82785310338679,44.109431973295806],[-72.82767046780545,44.10944093390339],[-72.82781616940484,44.10924715517487],[-72.82789032701248,44.10889256613635],[-72.82788533676653,44.10869598506663],[-72.82775416494508,44.108622533098305],[-72.82755908518948,44.1086395455766],[-72.82745958286085,44.10885822344133],[-72.82748059382563,44.10905813272386],[-72.82739013967193,44.10936017457405],[-72.82743173871012,44.10954174484024],[-72.82732915585962,44.109768445933085],[-72.8273966669074,44.109835471184084],[-72.82736598852497,44.1099351230788],[-72.82721960203342,44.10993469823668],[-72.82626953887436,44.10959133544422],[-72.82622229571535,44.10951848531876],[-72.82653260676621,44.108947782924815],[-72.82663695936587,44.10890037564152],[-72.8267979294858,44.108926914574326],[-72.82713497511946,44.10909990482981],[-72.82724408641116,44.109066263350115],[-72.82746785047826,44.10844686844031],[-72.82744934672593,44.10834764006719],[-72.82735997868205,44.10813906608644],[-72.82697101100224,44.10817646187595],[-72.82700317608412,44.108063306617815],[-72.82729607987015,44.10780680959748],[-72.82745872278521,44.10785401594141],[-72.82790174749968,44.1078516202731],[-72.82798220172023,44.10792999942288],[-72.82795651180395,44.10808434042667],[-72.82777988402225,44.108332067136246],[-72.8277856525844,44.10845776965678]],[[-72.82869487688345,44.109110895980685],[-72.8284937055563,44.109015004800455],[-72.82832539280777,44.10900212984123],[-72.82824963082957,44.10906661332762],[-72.82813164037601,44.109329922144504],[-72.82836338165177,44.10958885206693],[-72.82845728893288,44.10948803443005],[-72.82848870700083,44.10931075644536],[-72.82869487688345,44.109110895980685]],[[-72.8276198970744,44.11342978876641],[-72.82781483681595,44.11352583968994],[-72.82802275047105,44.113497258178526],[-72.82804424160156,44.11328921167901],[-72.8276210086991,44.1132070344049],[-72.8276198970744,44.11342978876641]]],[[[-72.84200571037444,44.114031133958356],[-72.84168070709974,44.11392776167968],[-72.84147733698114,44.11393118223493],[-72.84079382092419,44.11359909555469],[-72.84047594307613,44.11358021622351],[-72.84033331096356,44.11362325102267],[-72.84031090210435,44.11373202123602],[-72.84055465287156,44.11396248359678],[-72.84056016020952,44.11417382785694],[-72.84079231811764,44.11449249589213],[-72.8411346868226,44.114560381159464],[-72.84118627948871,44.11463883708844],[-72.84118282778269,44.114921083398734],[-72.84090281240209,44.11517406092308],[-72.84045531806645,44.115223347563685],[-72.84048785236875,44.11531451735292],[-72.84040572559918,44.11535723059088],[-72.84011154643966,44.115319997850264],[-72.840113847431,44.11524461563213],[-72.84029773960813,44.115043676653144],[-72.84030767565943,44.11493845813803],[-72.83980841040918,44.11474124032177],[-72.839492556553,44.1149407437236],[-72.83944818952813,44.1151009071437],[-72.83935300152314,44.115112862081745],[-72.83677720647789,44.11428783857847],[-72.83711018754427,44.11394147977261],[-72.83721740457614,44.11371124097238],[-72.83732801571266,44.1136660546019],[-72.83758088433869,44.11323738336787],[-72.83784020378101,44.113256444833794],[-72.8394022151477,44.11375300524357],[-72.83952276742633,44.113739708580226],[-72.83967229978207,44.11360637391172],[-72.84015044831179,44.11359454455795],[-72.8403117788603,44.113544563855044],[-72.8405263822198,44.11339022070859],[-72.84069426823089,44.11305460882587],[-72.84139530598586,44.112769718429064],[-72.84171021402503,44.1128158868333],[-72.84207292880872,44.11302869292045],[-72.8418837379088,44.11345943358059],[-72.84218717816329,44.11375018244382],[-72.84211214211336,44.11400648637503],[-72.84200571037444,44.114031133958356]]],[[[-72.82981259051844,44.118471380013624],[-72.82960203880083,44.118379876747206],[-72.82960727324028,44.11826792455476],[-72.82995640644457,44.118076368815196],[-72.83111294408917,44.118381836620976],[-72.83124310263847,44.11868858565203],[-72.83148266551555,44.11894087740672],[-72.83147585530746,44.11904945922883],[-72.8316311311807,44.11916966491702],[-72.8316573906936,44.11939698094646],[-72.83175469707754,44.11941357259583],[-72.83182550180143,44.1193686475804],[-72.83199980970058,44.11870382675044],[-72.83207361536181,44.11863723696154],[-72.83225255949306,44.11873107580317],[-72.83218440578277,44.11890044681358],[-72.83219597171606,44.119222586652526],[-72.83201978901181,44.119552725186296],[-72.8320589404192,44.11999051990523],[-72.83215090070372,44.120028080639074],[-72.8323673055716,44.119978090575295],[-72.83251008591417,44.12002745791132],[-72.83255895048123,44.120177784594134],[-72.83243996258392,44.12047245997764],[-72.83265291391871,44.120572247224054],[-72.83265273038057,44.120678701981426],[-72.83235961007982,44.121391118563366],[-72.83224444917103,44.12153348666895],[-72.83215641773128,44.121570305282056],[-72.83194586315835,44.12155052677002],[-72.83106076266272,44.12134257791617],[-72.83093066605925,44.12118770423281],[-72.83079697122503,44.120737808855075],[-72.83042762674938,44.120667580299845],[-72.83010183075108,44.120494990621246],[-72.82981930641553,44.120520836592625],[-72.82959100450441,44.12081934083519],[-72.82753313767245,44.120197366146186],[-72.82768805843145,44.11983017039702],[-72.82875988017135,44.118090786587636],[-72.82927618144492,44.11791211231036],[-72.82948569010588,44.11788689767368],[-72.8295289133592,44.11793697703429],[-72.82935658794038,44.118752540025376],[-72.82944128452509,44.11881838941074],[-72.8296068648584,44.11882663106162],[-72.82974210958015,44.11871500571543],[-72.82981259051844,44.118471380013624]]],[[[-72.8109375537191,44.1229066239281],[-72.81074149947362,44.12311992442021],[-72.81054353080977,44.12304269612769],[-72.81006215098465,44.12304962861676],[-72.809188095506,44.12285287261634],[-72.80870826757149,44.12285740389204],[-72.80856040035752,44.122803522353585],[-72.80853399241096,44.12260587374539],[-72.80898590166156,44.1218146186461],[-72.80915839803427,44.121725135347496],[-72.80940880793348,44.12175244215549],[-72.81104602428651,44.122297561009056],[-72.81151936775096,44.12239709958589],[-72.81152640648367,44.12247358157775],[-72.81127727844958,44.122839886074274],[-72.8109375537191,44.1229066239281]]],[[[-72.80178193483974,44.121878594412436],[-72.80189801379615,44.12174891133158],[-72.80201242576818,44.12175170315105],[-72.80209471221488,44.12157992242915],[-72.80222932644995,44.12156311343393],[-72.80253979740111,44.121578323450606],[-72.80289005982482,44.12189253609312],[-72.80313198599961,44.12178825364354],[-72.80336043106405,44.12187258510575],[-72.80356458545286,44.12178794830513],[-72.8037300136855,44.12207016640992],[-72.80379454044234,44.12239526057423],[-72.80420240609753,44.12274799000085],[-72.80448067519968,44.12272573323902],[-72.80491112211979,44.122912882126485],[-72.80538450823458,44.12294607165582],[-72.80599971360584,44.12322328614545],[-72.80634741286497,44.12326285357734],[-72.80678501510644,44.12339738361068],[-72.80706757639656,44.123373842719644],[-72.8075627667174,44.123168744558676],[-72.80770565233927,44.123165547296544],[-72.80721052881843,44.12398616436295],[-72.80685556002419,44.12397642989278],[-72.80586025689789,44.12381555208541],[-72.80511283013854,44.12386986333501],[-72.80501579619906,44.123982200728534],[-72.80484755907403,44.124446855158766],[-72.80429952731367,44.12485866085571],[-72.80398909263295,44.12493022212436],[-72.8036676604975,44.12529417143705],[-72.80359314152689,44.12545791711367],[-72.80370273076451,44.12558517245188],[-72.80414573215377,44.12539977506205],[-72.80432390409258,44.12527189438184],[-72.80437747416009,44.12536301736732],[-72.80437338344085,44.125935092585934],[-72.80422502591861,44.12616667596185],[-72.8041386985021,44.12692093889127],[-72.80380469052271,44.12742315694099],[-72.80387380553199,44.127880568624214],[-72.80384064047729,44.12841869000949],[-72.80398949170954,44.12851026258484],[-72.80433148763359,44.12849796164672],[-72.80436686995283,44.128544555013754],[-72.80428184987663,44.1290212202419],[-72.80431226531975,44.12954524926321],[-72.80419003800121,44.130076998173976],[-72.80423505331171,44.130250269122],[-72.80412630683885,44.13059354496579],[-72.8036194462318,44.13089808041938],[-72.80341864208651,44.13110941057441],[-72.80352821770975,44.13123202737813],[-72.80364962156628,44.131681283640766],[-72.80406647080316,44.13194595630758],[-72.80408018707848,44.13203156037801],[-72.80384355986546,44.132187158567376],[-72.80394022203352,44.13268443413853],[-72.80370059880437,44.13271319643974],[-72.80357270776997,44.13267514676858],[-72.80234701331736,44.13215962977078],[-72.802196599165,44.13206918425167],[-72.80177661783833,44.132184762929775],[-72.80152824791189,44.13218274661787],[-72.80160610478222,44.13190480592877],[-72.80155565124046,44.13181254942001],[-72.80139136159399,44.131757576134184],[-72.80127303249975,44.13144893377395],[-72.80132366706897,44.13088559608365],[-72.8012722487138,44.13044965278056],[-72.80065343002342,44.13016328228119],[-72.80065741225626,44.13010167655306],[-72.80085535617812,44.12940267093004],[-72.80093855809018,44.12863941811074],[-72.80123368701292,44.127549357411645],[-72.8021487485743,44.126053639432094],[-72.80253452387139,44.12521195823161],[-72.80297917743252,44.124509201449754],[-72.80251082359396,44.12378129784079],[-72.80252106913645,44.12357005076507],[-72.80266871067822,44.123427488012354],[-72.80268956151404,44.12330522943277],[-72.80262781402722,44.12321764179634],[-72.80243142733154,44.12314236536299],[-72.80235073644063,44.12316789243008],[-72.80198956691713,44.12354923945279],[-72.80186438240506,44.12357853778986],[-72.80172073343756,44.123508605402115],[-72.80168588608521,44.1234129307853],[-72.80175976384648,44.12266221843804],[-72.80158572076303,44.122603895187915],[-72.80137321066242,44.12265873787263],[-72.8010362490554,44.12265625124177],[-72.80050006296318,44.12248019385692],[-72.8004508023139,44.122236057094675],[-72.80047553478676,44.12218564765827],[-72.80063965795054,44.122213200592256],[-72.80065033989564,44.12216409439574],[-72.8005398712435,44.12170678909202],[-72.80038612918388,44.12149301959046],[-72.80046544697396,44.12135092095607],[-72.80059665468325,44.121278293822215],[-72.80072404112904,44.12129919326597],[-72.80078056388626,44.121512373210344],[-72.80106818734141,44.12148785011965],[-72.80125566445207,44.121732184771396],[-72.8015900502754,44.121919740770366],[-72.80178193483974,44.121878594412436]],[[-72.80475798979242,44.12358112192248],[-72.80468757272368,44.12340257540589],[-72.80458001465092,44.123366298674874],[-72.80397178826775,44.12338310613795],[-72.80388485411441,44.12356165144355],[-72.80387986568964,44.12380719637829],[-72.80434415702248,44.123816928820396],[-72.80472293018855,44.12374870063136],[-72.80475798979242,44.12358112192248]]],[[[-72.8129811669044,44.12365395305782],[-72.81359841761856,44.12371947894818],[-72.81392567518091,44.123657549165806],[-72.81408905295227,44.123468661956984],[-72.81400202852973,44.12325599371732],[-72.81404668319269,44.123209605411375],[-72.81463530196609,44.123324704583155],[-72.81479510718151,44.12341960890482],[-72.81480200987613,44.12354306042069],[-72.81457515563234,44.124130795121275],[-72.8143525106791,44.12440858099413],[-72.81418587447392,44.1244247894312],[-72.81416559924764,44.12420898485709],[-72.81408345193925,44.124180382726216],[-72.81400662989752,44.124051078054954],[-72.81388086023104,44.1240425640342],[-72.81395060199021,44.12430927911426],[-72.81416836504442,44.12465729215992],[-72.81383917135815,44.12560812122442],[-72.81402284085523,44.12585835191493],[-72.81470154140254,44.1260201723931],[-72.8148188025455,44.12611688042439],[-72.81447902222618,44.12676469317371],[-72.81437439727503,44.126768497432046],[-72.81379735310043,44.12655956692048],[-72.81347752493159,44.12655271031602],[-72.81277994133109,44.126290387775875],[-72.81267488373044,44.12628617533806],[-72.81252501396311,44.126373069374516],[-72.81236347035654,44.1266900592206],[-72.81238334268392,44.12683048990152],[-72.81225987001184,44.12696259323415],[-72.81249896868576,44.127209721893195],[-72.81250965680756,44.12731136504953],[-72.8121364526218,44.12755018218423],[-72.81208698233297,44.12764706760613],[-72.8121512234317,44.12790803322704],[-72.81245980444527,44.128298409948364],[-72.81243002445284,44.12842688213645],[-72.81212779624086,44.128649755934674],[-72.81221086780054,44.12877904468625],[-72.81258462550308,44.12901385207957],[-72.81288419277531,44.129026812884035],[-72.8130701595837,44.12897145998534],[-72.81329995700385,44.12849101538048],[-72.81365182949662,44.128500878715585],[-72.81478546931311,44.128883777190985],[-72.81683082874659,44.12939885914444],[-72.81696057709202,44.12949187357855],[-72.81725027072727,44.129556321452256],[-72.81775430215345,44.12983166956146],[-72.81851644824137,44.129961454257746],[-72.81881074148488,44.13029925918616],[-72.82043324934945,44.13088084626321],[-72.82052212528714,44.1309241912477],[-72.82054524213528,44.13101075158032],[-72.82024788366195,44.13140871136689],[-72.82006265089774,44.13188960555357],[-72.81980515450748,44.13229490626051],[-72.81965912488828,44.1322981274512],[-72.81922772381061,44.13217277094886],[-72.81860152297754,44.13191295595412],[-72.8178338160023,44.13169768806786],[-72.8174043345537,44.13163756856188],[-72.81705279195764,44.13169296691429],[-72.81664534509217,44.13195622337116],[-72.81643531164933,44.13240553990971],[-72.8158013502929,44.13288598340876],[-72.81572079432839,44.13330484632762],[-72.81584421395388,44.13367477214279],[-72.81617859694299,44.13369409634754],[-72.81630547881964,44.13361443338767],[-72.81656123048866,44.1336082404037],[-72.81683101568426,44.13352424239293],[-72.81711132281754,44.13365523031675],[-72.81739701717432,44.13369803123084],[-72.8176081570954,44.133674381004845],[-72.81790815312554,44.133544172278896],[-72.81818251826363,44.13329534643718],[-72.81832409666885,44.133407732143475],[-72.81847527333322,44.13385295199176],[-72.81859716540585,44.13400786239645],[-72.81859746908252,44.1341370963644],[-72.81831735582024,44.134406612215535],[-72.81812388444685,44.13481215085032],[-72.8179655296572,44.13484873304667],[-72.81768687290396,44.134662898372824],[-72.81754032481943,44.13471646257509],[-72.81709214686545,44.13466919101603],[-72.81694398000963,44.13471249263037],[-72.81693574765056,44.13492542159578],[-72.81684492960693,44.135030862063566],[-72.81697892730871,44.13533213210266],[-72.81698719860759,44.135564280684285],[-72.81696306967643,44.1357259257554],[-72.81681998457806,44.135843464103644],[-72.81662078283621,44.135837266339934],[-72.81625659352392,44.13543060241218],[-72.81577215697327,44.13517558334463],[-72.81541103821306,44.13512370492432],[-72.81521649520485,44.13503831963023],[-72.81480776726279,44.13499290036093],[-72.81454821048582,44.13487197470204],[-72.81435877297075,44.134865464407994],[-72.81374270350985,44.13467647013837],[-72.81359866076482,44.134687694438355],[-72.81316880425311,44.134855233429334],[-72.81308240257577,44.13483704721268],[-72.8131175157951,44.134608857324444],[-72.81302856096002,44.13455060099996],[-72.81287531016048,44.134592926667054],[-72.81275059988735,44.134567252693174],[-72.81270643383866,44.13441226374171],[-72.81241157213829,44.134334179914525],[-72.81220756498779,44.13482326918298],[-72.81225284094528,44.13496686486539],[-72.81219338818902,44.13517135555325],[-72.81246030577456,44.135503908031545],[-72.81222947701029,44.135943008026],[-72.81224929150383,44.13636834573171],[-72.81210047014795,44.13673325194175],[-72.81212606338366,44.13684722925937],[-72.81216954223794,44.136871720092785],[-72.81231870092843,44.13679298443135],[-72.81244062629546,44.13665961918911],[-72.81258534459175,44.136331567105536],[-72.81320817013987,44.13602273589327],[-72.81364456557542,44.13598216360729],[-72.81384421747867,44.13585224013948],[-72.8139578100122,44.13569513071495],[-72.81441023318065,44.1357319961631],[-72.81427876822407,44.135979716925455],[-72.81438690009551,44.13619218599345],[-72.81409688980601,44.136515577406996],[-72.81394816060629,44.13660120642158],[-72.81374119643172,44.136530898989676],[-72.81331231130048,44.136663138658115],[-72.81312678582353,44.13680652157742],[-72.81294727367629,44.13675765469088],[-72.81241313334826,44.1369266013959],[-72.81216869491237,44.13722989492356],[-72.81178230606108,44.13734991759304],[-72.81143303808206,44.13754830885233],[-72.81119715794918,44.137474983241674],[-72.81104224143195,44.13749903014723],[-72.81094376016988,44.13756103289598],[-72.81093528331115,44.13765724356996],[-72.81115274857216,44.13786801041622],[-72.81108622375082,44.138132116844496],[-72.80825171923408,44.137321711722215],[-72.80802371070703,44.13725652312559],[-72.8061170392884,44.13671139177465],[-72.80598697402527,44.13641158622853],[-72.80563535574977,44.136005839401705],[-72.80556650683796,44.13575627322404],[-72.80563048288549,44.135439555437955],[-72.80558134036099,44.13537626470132],[-72.80547471790031,44.13537429984079],[-72.80529730461306,44.135579383978545],[-72.80528732484476,44.13584041011656],[-72.80518072004813,44.13606963275222],[-72.80566785683327,44.13658296820549],[-72.80344649368695,44.1359544746364],[-72.80338543674883,44.135835914028725],[-72.80364844194582,44.13564255922492],[-72.80373444416955,44.13550733041486],[-72.80373712259505,44.1353440576539],[-72.80366330883308,44.135266909559355],[-72.80340332147674,44.13521022612353],[-72.8033642161634,44.135123703938376],[-72.80351831142941,44.13486356145111],[-72.80384578383693,44.13460112715997],[-72.80391925801992,44.13461218174292],[-72.80411798934506,44.13475593392807],[-72.80446927776451,44.134797185832575],[-72.80488467412688,44.13492629742785],[-72.80511770390906,44.13513225442324],[-72.8053466799656,44.135233173613685],[-72.80558422980019,44.13525489719257],[-72.80579166017587,44.13511582655799],[-72.80595765450532,44.13519581975367],[-72.8060444221748,44.13573910444107],[-72.80634035345545,44.13602434159974],[-72.80632885126221,44.136518670191116],[-72.80642242979243,44.13679193587842],[-72.80652714934752,44.136727528977616],[-72.80665922563024,44.1362141747755],[-72.80690602085315,44.136059667649285],[-72.80689557506236,44.13562614800862],[-72.80722015528386,44.13563638524574],[-72.80743491963185,44.1358575732248],[-72.80759606066952,44.136280843848496],[-72.8076193359465,44.1364762497316],[-72.8075215313466,44.13674412207624],[-72.80760408374485,44.13684824416105],[-72.80782388551128,44.13691023010907],[-72.8081195849305,44.13684769921311],[-72.80829985907567,44.136593384657566],[-72.80830421582549,44.13645485642534],[-72.80792313534702,44.135567977180195],[-72.80797771980542,44.13525029788264],[-72.80803016322488,44.135196860215956],[-72.80833397884807,44.135194774355284],[-72.80913396871459,44.13530806644695],[-72.80933017289861,44.13526408240817],[-72.80937205077484,44.135057531202236],[-72.80927230502206,44.13457728421745],[-72.80969182581485,44.13422345968911],[-72.80967130655952,44.13410820261722],[-72.8093400807468,44.13364616165469],[-72.80932730779355,44.133293930206406],[-72.80887716046809,44.13301558510826],[-72.80875858967684,44.13281818694385],[-72.80886653725652,44.13172636126329],[-72.80898564316024,44.131502584919886],[-72.8089502798756,44.131310867643094],[-72.80915065693651,44.130796621553706],[-72.80921779814237,44.12974428066843],[-72.80957061980703,44.12933649716412],[-72.80968594621874,44.12936220007227],[-72.8099033843175,44.129574235986134],[-72.81020990741061,44.129722044864785],[-72.81039003385085,44.12974335278078],[-72.8106939414495,44.12968979197119],[-72.81132063202084,44.129979461658344],[-72.81173044500363,44.130015891367975],[-72.81179781885197,44.1299816757303],[-72.81183285144103,44.12981184510451],[-72.81167470150632,44.129514432633016],[-72.81167607562688,44.129330209224015],[-72.81180568823797,44.12925054285157],[-72.81194162078218,44.12933328158543],[-72.81199402380756,44.12927407584107],[-72.81196360196799,44.128983909076375],[-72.81187273321846,44.12885717134152],[-72.81162538566724,44.128824096205705],[-72.81123844840492,44.12897843308735],[-72.81081113896556,44.12888045574663],[-72.81058013990993,44.12898669383071],[-72.81042635571258,44.12899920512504],[-72.81032512178145,44.12890568280874],[-72.81046696754268,44.128179669598296],[-72.81050436900914,44.12741822343101],[-72.81045849089023,44.12730683059286],[-72.81003618415998,44.12734144760957],[-72.8098856308445,44.12752326329376],[-72.80994521999305,44.1277180079954],[-72.81023258971108,44.12793815072402],[-72.81018116242213,44.128482369739665],[-72.80931885492271,44.128756677599476],[-72.80898866265133,44.128711164291715],[-72.80809879830875,44.12811759764983],[-72.80789553384307,44.12807581671779],[-72.80780835348662,44.12790547326697],[-72.80797771252601,44.127659344056454],[-72.80811134906287,44.127602593169065],[-72.80821485727884,44.12760906398843],[-72.80846339379602,44.12779655043974],[-72.80856108844166,44.12781119156435],[-72.80862953722693,44.12775869492765],[-72.80870719154935,44.127524203661366],[-72.80851115991813,44.12699612207015],[-72.80878129654663,44.126533437997054],[-72.80930507482944,44.12656478663953],[-72.80948018738589,44.126525357595206],[-72.80988264916539,44.12657939272591],[-72.8102404500174,44.12667953156322],[-72.81048856645717,44.12686124756261],[-72.81065614898003,44.12687485633867],[-72.81074746386147,44.126790092350106],[-72.81114864417776,44.125334792148806],[-72.81126307986969,44.12526669940811],[-72.81152921453548,44.125236582620296],[-72.8116131919875,44.12516786877579],[-72.81163779111382,44.124796832162104],[-72.81187540043413,44.12454052711874],[-72.81196787183315,44.124157070450174],[-72.81193808521236,44.12406138515518],[-72.811611141478,44.12396088572556],[-72.81109877404029,44.124016283165446],[-72.81101011120234,44.12430818136289],[-72.81082703823417,44.12446646182579],[-72.8096234776212,44.12435554210007],[-72.80917660726585,44.12401882905154],[-72.80833309420896,44.124216296848836],[-72.80817372940257,44.124204772998006],[-72.80812789400831,44.12410027216844],[-72.80826476988716,44.1239919034526],[-72.80883609941995,44.12378687422757],[-72.80911240623637,44.12361245425796],[-72.80919086170485,44.12345797601095],[-72.80918427594577,44.12316858609907],[-72.80959907370296,44.1232713861543],[-72.80970377811353,44.123433383744164],[-72.80998758413332,44.12357352033707],[-72.81050744530641,44.12345848319889],[-72.81176887630225,44.12329164143868],[-72.81192168757427,44.12302276956177],[-72.81209848792992,44.12286127072996],[-72.8120194980813,44.12276403323109],[-72.81210876875748,44.122663241918836],[-72.81225825853384,44.12265411509903],[-72.81292863987807,44.12280120259182],[-72.81305684896147,44.122902383416516],[-72.81307056292196,44.12298573743948],[-72.8127360021297,44.12336465420726],[-72.81275696623396,44.123490176063775],[-72.8129811669044,44.12365395305782]],[[-72.80970427258325,44.13137449929941],[-72.81029791136932,44.131614200597284],[-72.81068922177114,44.13162002841753],[-72.81077571365822,44.13158210559114],[-72.81079976813302,44.13147769573207],[-72.8106435942971,44.131184776553866],[-72.81068284750098,44.131000028106335],[-72.81088874970462,44.13079795213194],[-72.81121076202557,44.13077049744718],[-72.81128178464657,44.130687053766735],[-72.81126205085825,44.130498528300464],[-72.81116750973429,44.13041623944735],[-72.81025643115255,44.13047876363406],[-72.81008593009332,44.1305806171704],[-72.80997715321834,44.13083741384576],[-72.80978039392203,44.130921479422234],[-72.8096806488265,44.131038468401215],[-72.80970427258325,44.13137449929941]],[[-72.8104193036525,44.13540611219575],[-72.81000969470281,44.13534113102836],[-72.80987513150205,44.13507430729512],[-72.80978984702921,44.135045710642835],[-72.80965458626962,44.135093467811124],[-72.80958866838915,44.13540794402488],[-72.80973709076908,44.135486995638836],[-72.81010357258039,44.135519469806404],[-72.81027417611477,44.13558341158936],[-72.8104193036525,44.13540611219575]],[[-72.81098242993684,44.136223019346644],[-72.81093095176585,44.13608759678308],[-72.8107912734166,44.136038195982074],[-72.81044403696218,44.13602718625828],[-72.81035736820601,44.13610729684202],[-72.81039526389267,44.13655747616989],[-72.81079839552214,44.13657691190426],[-72.81092449936467,44.136569817866054],[-72.81094768076015,44.13652208441442],[-72.81098242993684,44.136223019346644]]],[[[-72.83057846825709,44.13133400423957],[-72.83050125112864,44.131702385110465],[-72.83068554331038,44.13225802412847],[-72.83082830840786,44.13229937718337],[-72.83116693637879,44.13224073928011],[-72.83167132362145,44.13235458880365],[-72.83180060897404,44.132429448139526],[-72.83170477676134,44.13274992992537],[-72.83151869866728,44.13285453273335],[-72.83145638948122,44.13295497910931],[-72.83140255436226,44.13324412040483],[-72.83133573061352,44.133305626835735],[-72.83115141210848,44.133306020850476],[-72.83110600115555,44.133495574899435],[-72.83044719209062,44.13377282703311],[-72.83046395262156,44.13362723120711],[-72.8307315323242,44.13336137763887],[-72.83077280331862,44.1331993991696],[-72.83049760352928,44.13307883490415],[-72.83040006983023,44.13295550809211],[-72.83044550319354,44.13269972041751],[-72.83019878315135,44.13236349563122],[-72.83012058652052,44.132346284079645],[-72.83002622363998,44.13244147809183],[-72.82974216186604,44.13213095441882],[-72.8296318558122,44.13216811611044],[-72.82959796336856,44.13232304209676],[-72.82965901721566,44.13255785098948],[-72.82949948071027,44.13343314071578],[-72.82964525590445,44.13387484593797],[-72.82964390522851,44.13426396006862],[-72.82954315344072,44.13447476736618],[-72.82920546893065,44.13484685019412],[-72.82920275934785,44.134921249412535],[-72.82948114914092,44.13498246237036],[-72.8296755509363,44.13510888633749],[-72.83004439596209,44.13521343022125],[-72.83037676900133,44.13543043904551],[-72.8306422161692,44.13576070235868],[-72.83088203110268,44.13569658676127],[-72.83116970959533,44.13574159657076],[-72.83128674769529,44.13599958638184],[-72.83114101557531,44.13612755524471],[-72.83105423952539,44.136323276177386],[-72.83121977100703,44.13666296889433],[-72.83141738309088,44.13673341038676],[-72.83134318680705,44.13708336059517],[-72.83122188745249,44.137181306640386],[-72.83125520642139,44.137343210208414],[-72.83118313339318,44.13772409074984],[-72.83089537839626,44.1379468305724],[-72.83078172229817,44.137875300938205],[-72.83067493343961,44.137914563919814],[-72.83046745805484,44.13789702294029],[-72.8302601529806,44.138049919652396],[-72.82999663571302,44.138067415743706],[-72.8298554068816,44.13802380725612],[-72.82982750964868,44.13771296630061],[-72.82975717681161,44.13763624715514],[-72.82893476664894,44.13785869612587],[-72.82888521282649,44.13779640123044],[-72.82872364936797,44.1378182421426],[-72.82853853388015,44.1377477582678],[-72.82843753844969,44.13777546988722],[-72.82835260742976,44.137742386987654],[-72.82837632573651,44.137512114783796],[-72.82810327065421,44.13742908671937],[-72.8278852991383,44.13741972880074],[-72.82762533817902,44.13751497469777],[-72.82749516938269,44.13763473843708],[-72.82745506927866,44.13772808717486],[-72.82757333378696,44.13813935813087],[-72.82754469599867,44.13825756534795],[-72.82721546860735,44.138540322430984],[-72.82748442584044,44.13915309756592],[-72.82775205639484,44.13917215889843],[-72.8278625706136,44.13931120059608],[-72.82801314172326,44.139349159710406],[-72.82842514195607,44.13962571084269],[-72.82866605202145,44.13954444007723],[-72.82886113776308,44.13929904970559],[-72.82896369697876,44.1392711928157],[-72.82914519400397,44.13939216924223],[-72.82928893002739,44.13974584857549],[-72.8296966564061,44.1398142831944],[-72.82984723561165,44.14013363043011],[-72.82981755764473,44.14048527790045],[-72.82970021920303,44.140735226310376],[-72.82981364441505,44.14118546160717],[-72.83008095530126,44.14135554925295],[-72.83065901597571,44.141500407574725],[-72.83116310891917,44.14154788587397],[-72.83126854503797,44.1416149398153],[-72.83116618487057,44.142098143403246],[-72.83136521725552,44.14227939421976],[-72.83134336511351,44.142352863412846],[-72.83101889978957,44.14230050689214],[-72.83106346469707,44.142517221993266],[-72.83149618050433,44.142859795163055],[-72.8316585555313,44.14291121519659],[-72.83170140807471,44.14303076199207],[-72.83193790341731,44.14306621459798],[-72.83238512910938,44.143347994007115],[-72.83265467689611,44.143426381557624],[-72.83284992411016,44.143419061972104],[-72.8329899396363,44.14324413945221],[-72.83298537910733,44.14291930943235],[-72.83345007629381,44.14304296944909],[-72.83352272072572,44.14297328819156],[-72.83342589387127,44.14179977443924],[-72.8339551182874,44.14083100821953],[-72.83407708462668,44.140712526574674],[-72.83448742307162,44.14075688933279],[-72.83475801340296,44.14088336222584],[-72.83527189419318,44.14093529192174],[-72.83539802400213,44.14106964095314],[-72.83573182064579,44.14111506722405],[-72.83594108780765,44.14130879542436],[-72.83593723327063,44.141455337606594],[-72.83536899758266,44.14256541404223],[-72.83520068290308,44.14312151765434],[-72.83527985066706,44.14316951994372],[-72.83612137155582,44.14327743757634],[-72.83613968487725,44.143476226989925],[-72.8359487479119,44.143761554004676],[-72.83593181554309,44.143943714275814],[-72.8355853373046,44.144627325738135],[-72.83544261827436,44.144806760232576],[-72.83511543135909,44.14482867334356],[-72.83447942807254,44.14466741222488],[-72.83439059533303,44.1445681106952],[-72.83451728812663,44.144316863948106],[-72.83450922731369,44.14420368467024],[-72.83421335175255,44.144098097734464],[-72.83389938128386,44.1439001734281],[-72.83372244503073,44.14389942322037],[-72.8335469078702,44.14400863874102],[-72.833164565247,44.144015098588504],[-72.832758083498,44.14410445535786],[-72.83247082414883,44.14407210330055],[-72.83222934769454,44.1439154471045],[-72.83189759379142,44.143888284588535],[-72.83174455151091,44.14403848098211],[-72.83081444673184,44.14377255778369],[-72.83077511649928,44.14361746397441],[-72.83060795701199,44.14361865073525],[-72.83055319067319,44.1436978634047],[-72.82671924852332,44.142601711231805],[-72.82671294171212,44.142242028005505],[-72.8269421653671,44.14202241839804],[-72.8269689421845,44.14156671663652],[-72.82662430275836,44.141466452446416],[-72.82649100478186,44.14137458343509],[-72.82619854653217,44.14103327832414],[-72.82611763193792,44.14087882176163],[-72.8263656603294,44.14081230095026],[-72.82642319337475,44.14055057395373],[-72.82598873988152,44.14059357988462],[-72.8259147346499,44.140559197712356],[-72.82629225871823,44.13975276003257],[-72.82634230228268,44.139265913859234],[-72.82624310321168,44.13919518172858],[-72.82603243758567,44.13916625140091],[-72.82579056183486,44.13921433184792],[-72.82571210209873,44.13886650819638],[-72.82532736716358,44.13864443304742],[-72.82523693906018,44.13853486342485],[-72.82512423376444,44.138492995787544],[-72.82495310916836,44.138623560667455],[-72.82427694051285,44.13845602888936],[-72.824225599589,44.13849456413965],[-72.82423715824764,44.13867973529373],[-72.82408735380237,44.13878141043881],[-72.8238311257146,44.13927601239941],[-72.82394456730937,44.13952375256461],[-72.82429024312603,44.13981625755986],[-72.82442509454992,44.139978999797634],[-72.82443623936852,44.1400886557144],[-72.8243093948273,44.14010420337141],[-72.82406686534671,44.1399624377046],[-72.82392086659195,44.139974945960056],[-72.82384619318756,44.140031970193924],[-72.82392284005468,44.14026434723424],[-72.82347863469641,44.140309621272344],[-72.82289920002965,44.14012240074131],[-72.8227350556002,44.139886754815265],[-72.822639167619,44.139419166639556],[-72.8222071901373,44.13905490090226],[-72.82179351767833,44.13882403495989],[-72.82113635289299,44.13819855566032],[-72.82105937780048,44.13790331792482],[-72.821239135655,44.13756320356999],[-72.82117923890094,44.137464512271094],[-72.8210399328425,44.13748599804324],[-72.82070705036408,44.13702638538798],[-72.82058031063448,44.13698820935639],[-72.82044396441704,44.136834467595115],[-72.82018980393998,44.13684853891978],[-72.81931736606329,44.13721351285221],[-72.8191532124825,44.137189643621056],[-72.81903982185769,44.13723692868395],[-72.81843334353884,44.13789562141474],[-72.81826432899504,44.13798496657014],[-72.8180368845699,44.13788421036114],[-72.81799885788425,44.137711909339956],[-72.81809280125822,44.13738792916975],[-72.81828851017875,44.13732452441953],[-72.81837156841233,44.13722838618159],[-72.81853780642622,44.137204157370576],[-72.81889326052281,44.136490900402016],[-72.81904154239318,44.13639598538686],[-72.81910183262026,44.13627853605557],[-72.81911092257805,44.13615363460521],[-72.8190307864924,44.13606667170102],[-72.81883219231237,44.136028412654845],[-72.81859026218406,44.136065087619336],[-72.8185645424288,44.13600258135761],[-72.81887537243793,44.135634260807365],[-72.8187794682268,44.13522938657396],[-72.8188262253063,44.13513728766252],[-72.81896443473208,44.13513071436552],[-72.81908094627148,44.13486587321731],[-72.8190147203244,44.13460590196219],[-72.81926732355282,44.13459422710356],[-72.81929228090354,44.1345149851307],[-72.81938959206562,44.13452849484568],[-72.81965327198353,44.13418139722636],[-72.82070250886709,44.134671910371566],[-72.8211597104645,44.1353745962725],[-72.8214876338332,44.13571314273393],[-72.82187635499679,44.13653119056223],[-72.8215646412195,44.13709400742636],[-72.82161618153381,44.13716417402284],[-72.82201221707712,44.13716994884464],[-72.82309926563526,44.1374195828738],[-72.82332070572355,44.137491941074295],[-72.82373532333219,44.13775345469375],[-72.82388130925699,44.137739821706795],[-72.8240622793959,44.13755312082727],[-72.8241310895329,44.13706706639875],[-72.82420217065511,44.13699627042837],[-72.82470673042081,44.13678066513567],[-72.82484003829899,44.13666314563205],[-72.82507967772007,44.13585316587882],[-72.82540536541856,44.1352821436961],[-72.82573739163774,44.135154917417466],[-72.82572042138666,44.13483827783405],[-72.82591413827225,44.13420280137864],[-72.82587612270667,44.134107145166126],[-72.82550120988071,44.133890667403875],[-72.8255050032285,44.13379910844217],[-72.82576293240678,44.133478450615264],[-72.82604863831023,44.13295479135026],[-72.82596384398447,44.132589970134966],[-72.82589159388318,44.13251775401766],[-72.82515745058834,44.13230539343308],[-72.8248223737469,44.13215812622419],[-72.8242924998036,44.132093679402644],[-72.82417616649317,44.132029039333084],[-72.82389975100592,44.13203994836016],[-72.82382635858225,44.131972374577195],[-72.82354132386611,44.1319066684131],[-72.82336736117519,44.131943440914156],[-72.82327763766705,44.13203172671534],[-72.82327373185274,44.13217475345241],[-72.82319499908714,44.13220225706507],[-72.82284380188416,44.132105516152876],[-72.82259527648671,44.13214685866693],[-72.82228349692889,44.131974066167686],[-72.8216362445707,44.13186676499691],[-72.82166768442896,44.13161580096253],[-72.82191677763161,44.131607505131804],[-72.8219286719377,44.131568518634516],[-72.82077577060224,44.13118026071072],[-72.82088649037726,44.13093033963546],[-72.82124880187577,44.13070193141405],[-72.82141892292042,44.13002912257286],[-72.82162752962813,44.129757129040065],[-72.8219806953313,44.12993163467152],[-72.8221855452418,44.12997451015809],[-72.82229430175387,44.12993975041879],[-72.82255022711703,44.130040137088784],[-72.82288509136853,44.13007983256905],[-72.82347747382352,44.12993865559025],[-72.82381754333385,44.12993023928583],[-72.82404957997073,44.129803300264825],[-72.82441621398598,44.12972589996147],[-72.82460346677371,44.12976432107118],[-72.82476612316687,44.12973221832731],[-72.82489839723794,44.129571247646794],[-72.82568624318147,44.12975659905953],[-72.82610272191218,44.12958356730692],[-72.82622306381332,44.129454832126676],[-72.82635117001014,44.129814467122955],[-72.82682147289876,44.129630309760195],[-72.82688619755132,44.1294006240258],[-72.82721098065954,44.1295240070793],[-72.82748988436944,44.12954163007495],[-72.82826042761467,44.12935084032026],[-72.82838530312443,44.12954805983108],[-72.82863911638567,44.12968851783348],[-72.82878693894803,44.1300800164374],[-72.82915051396577,44.13050717340798],[-72.82979673169434,44.13091987229262],[-72.83039197011313,44.13115257504941],[-72.83057846825709,44.13133400423957]]],[[[-72.83738755261611,44.13743663985656],[-72.83746615561705,44.137454970217775],[-72.83755686309503,44.137404357990846],[-72.83779468168028,44.13699021712914],[-72.83794061792199,44.13696855181375],[-72.83800581368943,44.137032905213545],[-72.83797375512735,44.13757454771798],[-72.83849950700554,44.13765834994255],[-72.83868285172068,44.13796338564507],[-72.83870167803246,44.13811407996831],[-72.83835316345585,44.13849789470824],[-72.83832758825973,44.13860132923452],[-72.83849327529398,44.13889179157024],[-72.83823195895259,44.1397055198774],[-72.83802594105381,44.13973945844838],[-72.83776315146294,44.13961170390726],[-72.83658418924216,44.13949396414192],[-72.83613475204906,44.13923400640104],[-72.83590863099161,44.1391663272313],[-72.83573888047758,44.139190591632925],[-72.83565377173974,44.139265091768976],[-72.83556339277955,44.14006382697127],[-72.83522637909985,44.140069877967505],[-72.8351581628123,44.14002395398762],[-72.83511968008125,44.13950389355904],[-72.8351676220925,44.13934878541392],[-72.83540733402556,44.13933387809178],[-72.83564742941421,44.13911070359285],[-72.8354608207733,44.13891662744722],[-72.83521715506879,44.138853780124116],[-72.83502797363022,44.13896416304877],[-72.83475359603099,44.13899562316879],[-72.8346634226228,44.13907238741156],[-72.83467798629366,44.139299876611155],[-72.83461891205641,44.139351096788474],[-72.83447819657069,44.13933027423891],[-72.83402133318029,44.139136704964564],[-72.83361622458725,44.139047606912385],[-72.83329050934123,44.138839728640754],[-72.83316647637038,44.138729419132645],[-72.83318377770401,44.13861138398056],[-72.8331078679016,44.13851640236034],[-72.8328895748916,44.13838105392252],[-72.83290580716394,44.13828130363645],[-72.83304521131049,44.1382083347671],[-72.83330804741476,44.13827774040864],[-72.8335778187163,44.13826120301993],[-72.83377790138064,44.13807527426596],[-72.83377505213392,44.1379162362429],[-72.83391341763573,44.1378673155672],[-72.83397111197009,44.137709788072634],[-72.83406480806963,44.13770388912715],[-72.83416444412302,44.13785111327836],[-72.83417703366788,44.13807509206197],[-72.83441606658955,44.13814822058332],[-72.83446922531235,44.138225268833885],[-72.83450292474878,44.13852217042334],[-72.83469904110201,44.1388098770677],[-72.834820139427,44.138815006829454],[-72.834875712238,44.13876618720874],[-72.83490297066419,44.1385449042265],[-72.83506423182689,44.13840071296205],[-72.83585324158379,44.13835142693631],[-72.83590299951747,44.13796624860524],[-72.8358212465421,44.1379434273254],[-72.83543298344304,44.138000676714036],[-72.8349593925844,44.13823184814692],[-72.83487363216284,44.13819075532332],[-72.83479268594863,44.13768853919518],[-72.83487847457353,44.13745836543113],[-72.83535645525089,44.13738271327976],[-72.83561661385517,44.13718676340405],[-72.83572770949242,44.136461091068],[-72.83583573242336,44.13622719359071],[-72.83575937569138,44.136053325407794],[-72.83578460571131,44.13588815684485],[-72.83591748348607,44.135629999579656],[-72.83642927543913,44.13511563509028],[-72.83670449980937,44.134961824056525],[-72.83723080528024,44.13501005258026],[-72.83771296280241,44.135123096782635],[-72.83817223450731,44.13533141062537],[-72.83801692203417,44.13569412074287],[-72.83737700000097,44.136680529804096],[-72.83733314729672,44.136866565307315],[-72.83738755261611,44.13743663985656]]]]}},{"type":"Feature","properties":{"OBJECT_ID":739,"County":"Washington","RPC":"CVRPC","Municipal_Name":"Warren ","GEO_ID":"5002376525","District_Name":"Airport Commercial","Abbreviated_District_Name":"Ac","District_Type":"Nonresidential","Bylaw_Date":"2024-06-05","Elderly_Housing_District":"No","District_Mapped":"Yes","Overlay_District":"No","Base_Density":null,"GIS_ID":null,"Last_Update":null,"Shape_Length":3826.996333458232,"Shape_Area":473394.01279340655,"F1F_Allowance":"Prohibited","F1F_Front_Setback":null,"F1F_Side_Setback":null,"F1F_Rear_Setback":null,"F1F_Frontage":null,"F1F_Max_Height":null,"F1F_Max_Stories":null,"F1F_Min_Lot_Size":null,"F1F_Max_Lot_Building_Coverage":null,"F1F_Max_Lot_Impervious_Coverage":null,"F1F_Min_Parking_Spaces":null,"F1F_Elderly_Housing_Only":null,"F1F_Affordable_Housing_Only":null,"F2F_Allowance":"Prohibited","F2F_Front_Setback":null,"F2F_Side_Setback":null,"F2F_Rear_Setback":null,"F2F_Frontage":null,"F2F_Max_Density":null,"F2F_Max_Height":null,"F2F_Max_Stories":null,"F2F_Min_Lot_Size":null,"F2F_Max_Lot_Building_Coverage":null,"F2F_Max_Lot_Impervious_Coverage":null,"F2F_Min_Parking_Spaces_per_1BR":null,"F2F_Min_Parking_Spaces_per_mult_BR":null,"F2F_Elderly_Housing_Only":"No","F2F_Affordable_Housing_Only":"No","F3F_Allowance":"Prohibited","F3F_Front_Setback":null,"F3F_Side_Setback":null,"F3F_Rear_Setback":null,"F3F_Frontage":null,"F3F_Max_Density":null,"F3F_Max_Height":null,"F3F_Max_Stories":null,"F3F_Min_Lot_Size":null,"F3F_Max_Lot_Building_Coverage":null,"F3F_Max_Lot_Impervious_Coverage":null,"F3F_Min_Parking_Spaces_per_1BR":null,"F3F_Min_Parking_Spaces_per_mult_BR":null,"F3F_Affordable_Housing_Only":"No","F3F_Proximity_to_Public_Transit_Required":"No","F3F_Connection_to_Sewage/Water_Required":"No","F4F_Allowance":"Prohibited","F4F_Front_Setback":null,"F4F_Side_Setback":null,"F4F_Rear_Setback":null,"F4F_Frontage":null,"F1F_Max_Density":null,"F4F_Max_Density":null,"F4F_Max_Height":null,"F4F_Max_Stories":null,"F4F_Min_Lot_Size":null,"F4F_Max_Lot_Building_Coverage":null,"F4F_Max_Lot_Impervious_Coverage":null,"F4F_Min_Parking_Spaces_per_1BR":null,"F4F_Min_Parking_Spaces_per_mult_BR":null,"F3F_Elderly_Housing_Only":"No","F4F_Elderly_Housing_Only":"No","F4F_Affordable_Housing_Only":"No","F4F_Proximity_to_Public_Transit_Required":"No","F4F_Connection_to_Sewage/Water_Required":"No","ADU_Allowance":"Allowed/Conditional","ADU_Elderly_Housing_Only":"No","ADU_Max_Size_as_Percent_of_Primary_Strcture":null,"ADU_Max_Size_in_sq_ft":null,"ADU_Min_Lot_Size":0.28,"ADU_Max_Bedrooms":null,"ADU_Min_Parking_Spaces":1.0,"ADU_Owner_Occupancy_Required":"No","ADU_Renter_Occupancy_Prohibited":"No","ADU_Employee_or_Family_Occupancy_Required":"No","ADU_Restricted_to_Primary_Structure":"No","Affordable_Housing_Allowance":"Prohibited","Affordable_Housing_District":"No","Affordable_Housing_Elderly_Only":"No","Affordable_Housing_Min_Lot_Size":null,"Affordable_Housing_Max_Density":null,"Affordable_Housing_Min_Parking_Spaces_per_mult_BR":null,"Affordable_Housing_Max_Units_per_Building":null,"Affordable_Housing_Min_Parking_Spaces_per_1BR":null,"PRD_Allowance":"Prohibited","PRD_Max_Density":null,"PRD_Max_Units":null,"PRD_Min_Lot_Size":null,"PRD_Mobile_or_Manufactured_Home_Park":"No","PUD_Allowance":null,"PUD_Required_with_Subdivision":null,"PUD_Requires_Land_Conservation":null,"PUD_Threshold_Number":null,"Notes":"None","FIPS6":null},"geometry":{"type":"MultiPolygon","coordinates":[[[[-72.82352624871474,44.11919147297906],[-72.82113578662711,44.12221402858231],[-72.8194953328201,44.124676157717644],[-72.8237836281794,44.12590483414352],[-72.82724615389309,44.12050441567526],[-72.82733144616451,44.12050411193326],[-72.82813376447994,44.118969203917665],[-72.83013370702503,44.115944258879175],[-72.83130832998233,44.114430889649626],[-72.83224818165756,44.113053939565546],[-72.83033434390441,44.11245662642796],[-72.82954033208884,44.113312197825586],[-72.82799859210645,44.11532351330993],[-72.82729306831358,44.11505676203167],[-72.82691064732307,44.11491216241851],[-72.82471760701517,44.11768509276731],[-72.82428781210145,44.11822853626373],[-72.82352624871474,44.11919147297906]]]]}}]}