{"type":"FeatureCollection","name":"Windsor_LudlowTown","features":[{"type":"Feature","properties":{"OBJECT_ID":337,"County":"Windsor","RPC":"MARC","Municipal_Name":"Ludlow Town","GEO_ID":"5002741275","District_Name":"Industrial District","Abbreviated_District_Name":"Ind","District_Type":"Nonresidential","Bylaw_Date":null,"Elderly_Housing_District":"No","District_Mapped":"Yes","Overlay_District":"No","Base_Density":null,"FIPS6":null,"GIS_ID":null,"Last_Update":null,"Shape_Length":17637.52011407302,"Shape_Area":5103995.198010578,"F1F_Allowance":"Prohibited","F1F_Front_Setback":null,"F1F_Side_Setback":null,"F1F_Rear_Setback":null,"F1F_Frontage":null,"F1F_Max_Height":null,"F1F_Max_Stories":null,"F1F_Min_Lot_Size":null,"F1F_Max_Lot_Building_Coverage":null,"F1F_Max_Lot_Impervious_Coverage":null,"F1F_Min_Parking_Spaces":null,"F1F_Elderly_Housing_Only":null,"F1F_Affordable_Housing_Only":null,"F2F_Allowance":"Prohibited","F2F_Front_Setback":null,"F2F_Side_Setback":null,"F2F_Rear_Setback":null,"F2F_Frontage":null,"F2F_Max_Density":null,"F2F_Max_Height":null,"F2F_Max_Stories":null,"F2F_Min_Lot_Size":null,"F2F_Max_Lot_Building_Coverage":null,"F2F_Max_Lot_Impervious_Coverage":null,"F2F_Min_Parking_Spaces_per_1BR":null,"F2F_Min_Parking_Spaces_per_mult_BR":null,"F2F_Elderly_Housing_Only":null,"F2F_Affordable_Housing_Only":null,"F3F_Allowance":"Prohibited","F3F_Front_Setback":null,"F3F_Side_Setback":null,"F3F_Rear_Setback":null,"F3F_Frontage":null,"F3F_Max_Density":null,"F3F_Max_Height":null,"F3F_Max_Stories":null,"F3F_Min_Lot_Size":null,"F3F_Max_Lot_Building_Coverage":null,"F3F_Max_Lot_Impervious_Coverage":null,"F3F_Min_Parking_Spaces_per_1BR":null,"F3F_Min_Parking_Spaces_per_mult_BR":null,"F3F_Affordable_Housing_Only":null,"F3F_Proximity_to_Public_Transit_Required":null,"F3F_Connection_to_Sewage/Water_Required":null,"F4F_Allowance":"Prohibited","F4F_Front_Setback":null,"F4F_Side_Setback":null,"F4F_Rear_Setback":null,"F4F_Frontage":null,"F1F_Max_Density":null,"F4F_Max_Density":null,"F4F_Max_Height":null,"F4F_Max_Stories":null,"F4F_Min_Lot_Size":null,"F4F_Max_Lot_Building_Coverage":null,"F4F_Max_Lot_Impervious_Coverage":null,"F4F_Min_Parking_Spaces_per_1BR":null,"F4F_Min_Parking_Spaces_per_mult_BR":null,"F3F_Elderly_Housing_Only":null,"F4F_Elderly_Housing_Only":null,"F4F_Affordable_Housing_Only":null,"F4F_Proximity_to_Public_Transit_Required":null,"F4F_Connection_to_Sewage/Water_Required":null,"ADU_Allowance":"Prohibited","ADU_Elderly_Housing_Only":null,"ADU_Max_Size_as_Percent_of_Primary_Strcture":null,"ADU_Max_Size_in_sq_ft":null,"ADU_Min_Lot_Size":null,"ADU_Max_Bedrooms":null,"ADU_Min_Parking_Spaces":null,"ADU_Owner_Occupancy_Required":null,"ADU_Renter_Occupancy_Prohibited":null,"ADU_Employee_or_Family_Occupancy_Required":null,"ADU_Restricted_to_Primary_Structure":null,"Affordable_Housing_Allowance":"Not Mentioned","Affordable_Housing_District":"No","Affordable_Housing_Elderly_Only":null,"Affordable_Housing_Min_Lot_Size":null,"Affordable_Housing_Max_Density":null,"Affordable_Housing_Min_Parking_Spaces_per_mult_BR":null,"Affordable_Housing_Max_Units_per_Building":null,"Affordable_Housing_Min_Parking_Spaces_per_1BR":null,"PRD_Allowance":"Prohibited","PRD_Max_Density":null,"PRD_Max_Units":null,"PRD_Min_Lot_Size":null,"PRD_Mobile_or_Manufactured_Home_Park":null,"PUD_Allowance":"Yes","PUD_Required_with_Subdivision":"No","PUD_Requires_Land_Conservation":"Yes","PUD_Threshold_Number":null,"Notes":"None"},"geometry":{"type":"MultiPolygon","coordinates":[[[[-72.70829385221688,43.42153300343751],[-72.70754796188083,43.42196914357031],[-72.70695668634748,43.423292220821104],[-72.70687061497529,43.423759611305535],[-72.70601457779786,43.42470706830182],[-72.70622114954207,43.42491366632884],[-72.7062384124046,43.425396545294134],[-72.70482362002289,43.4265348486851],[-72.7069340567213,43.42655931096159],[-72.70827460297603,43.42690472344465],[-72.70770956641047,43.42730691187205],[-72.7070227738188,43.42824574675553],[-72.70760279393264,43.42827843959435],[-72.71023366990755,43.428426661446906],[-72.71164999018828,43.42587572174392],[-72.71134411282559,43.4255814138406],[-72.71100671425755,43.42497201096626],[-72.7108227666558,43.42445297919831],[-72.71055345509231,43.424027214769225],[-72.70982967356095,43.42322553907252],[-72.70950105540913,43.42247222404739],[-72.70902066051946,43.42197924919049],[-72.70857093111371,43.42180252189089],[-72.70829385221688,43.42153300343751]]],[[[-72.67928435832634,43.35103060062344],[-72.67921773206223,43.351982802786395],[-72.66252943837654,43.35113990290596],[-72.66252762739734,43.35113981006615],[-72.6624684709217,43.35113682198663],[-72.66229240111088,43.36744334697589],[-72.66211100160562,43.37492855357761],[-72.6619569149232,43.38564572120419],[-72.66175096188253,43.38831827858582],[-72.66257332007008,43.388234164697664],[-72.66537761721285,43.38815225742809],[-72.66614176006435,43.38820824896456],[-72.66777589607702,43.38812798315106],[-72.66809100859993,43.38671101186506],[-72.66896101473505,43.386811500084264],[-72.67013379096235,43.38708358957226],[-72.67096458050891,43.38738389165863],[-72.67241211864406,43.38807303118562],[-72.6736711009659,43.38880172361181],[-72.67393906147431,43.388970111289346],[-72.67455602814994,43.389838343689405],[-72.67495899599582,43.390119098024314],[-72.6755031287839,43.390373643434955],[-72.6757200234887,43.390796607656924],[-72.67609090179214,43.390654388137506],[-72.67654776187034,43.3906880638291],[-72.67691478393837,43.39063189718764],[-72.67699947274342,43.3905121015944],[-72.6770208930118,43.39028210056888],[-72.67718172977725,43.3902062990869],[-72.67913085808871,43.39170141477527],[-72.67895657259501,43.39186838157754],[-72.67928629631186,43.39211186400818],[-72.6792666043345,43.392046546238284],[-72.67950450776934,43.39181862118382],[-72.67985264609472,43.392006814772735],[-72.68071494546427,43.39119300885969],[-72.68085415362891,43.39128553167454],[-72.68140237783919,43.39085739304025],[-72.68108428743169,43.38993094713802],[-72.6811401480273,43.389559008565165],[-72.6803499462905,43.38918736405996],[-72.67977978964406,43.38899620597713],[-72.67807928507587,43.388560915174125],[-72.67615049286925,43.3879751178506],[-72.67414345908458,43.3871054202078],[-72.67413701904931,43.386250040706365],[-72.67437755503056,43.38618864156867],[-72.67489209034278,43.38630156082091],[-72.67485734806728,43.38150099604665],[-72.67138592354476,43.381464472748235],[-72.67463624385077,43.377535988571886],[-72.67489443933519,43.37715045730188],[-72.67505661955755,43.37677209157796],[-72.67503353885644,43.37337801103242],[-72.67495812166959,43.372713975902904],[-72.67485432680392,43.37239144087053],[-72.67475964982526,43.372391039207365],[-72.6749587506617,43.37324396408821],[-72.67497002457004,43.37426401718711],[-72.67290341093258,43.37425091663178],[-72.66904609341744,43.372367021102846],[-72.66775531577652,43.372361561417286],[-72.66837248861411,43.370898282554215],[-72.67202880750712,43.3706532925882],[-72.67219605857854,43.370742129604835],[-72.67333139981406,43.37078371044462],[-72.67325687414868,43.37129340512582],[-72.67311160644746,43.37137853633744],[-72.6729574165646,43.37157974442112],[-72.6728789554818,43.3718965143481],[-72.67343260729133,43.37185008491228],[-72.67381547676803,43.371902014097195],[-72.67424434492109,43.372078874595054],[-72.67462475831366,43.372169834106906],[-72.67481011815464,43.372093979379095],[-72.67479640675693,43.36789705318288],[-72.67490621877502,43.365752845428446],[-72.67496371172074,43.365576251434646],[-72.67522403269206,43.36533704840573],[-72.67604466182296,43.364967194005686],[-72.67620862318329,43.364837156329706],[-72.67662145601643,43.36386053735138],[-72.67730102618134,43.36374086039348],[-72.67727471629344,43.36396558729467],[-72.6786828016333,43.36388972995961],[-72.68162794513351,43.363731001307094],[-72.68188974605813,43.35936064617474],[-72.68188297779986,43.35703198216952],[-72.68203253453596,43.35134810043878],[-72.6819784513958,43.35130423698006],[-72.67943595158451,43.3512634863843],[-72.67928435832634,43.35103060062344]]]]}},{"type":"Feature","properties":{"OBJECT_ID":342,"County":"Windsor","RPC":"MARC","Municipal_Name":"Ludlow Town","GEO_ID":"5002741275","District_Name":"Quifer Protection District - Watershed Area","Abbreviated_District_Name":"Aquifer","District_Type":"Primarily Residential","Bylaw_Date":null,"Elderly_Housing_District":"No","District_Mapped":"Yes","Overlay_District":"No","Base_Density":0.2,"FIPS6":null,"GIS_ID":null,"Last_Update":null,"Shape_Length":15857.309562459923,"Shape_Area":7739367.8448269,"F1F_Allowance":"Permitted","F1F_Front_Setback":50.0,"F1F_Side_Setback":20.0,"F1F_Rear_Setback":20.0,"F1F_Frontage":200.0,"F1F_Max_Height":35.0,"F1F_Max_Stories":3.0,"F1F_Min_Lot_Size":5.0,"F1F_Max_Lot_Building_Coverage":5.0,"F1F_Max_Lot_Impervious_Coverage":null,"F1F_Min_Parking_Spaces":2.0,"F1F_Elderly_Housing_Only":null,"F1F_Affordable_Housing_Only":null,"F2F_Allowance":"Public Hearing","F2F_Front_Setback":50.0,"F2F_Side_Setback":20.0,"F2F_Rear_Setback":20.0,"F2F_Frontage":200.0,"F2F_Max_Density":0.2,"F2F_Max_Height":35.0,"F2F_Max_Stories":3.0,"F2F_Min_Lot_Size":5.0,"F2F_Max_Lot_Building_Coverage":5.0,"F2F_Max_Lot_Impervious_Coverage":null,"F2F_Min_Parking_Spaces_per_1BR":2.0,"F2F_Min_Parking_Spaces_per_mult_BR":2.0,"F2F_Elderly_Housing_Only":"No","F2F_Affordable_Housing_Only":"No","F3F_Allowance":"Prohibited","F3F_Front_Setback":null,"F3F_Side_Setback":null,"F3F_Rear_Setback":null,"F3F_Frontage":null,"F3F_Max_Density":null,"F3F_Max_Height":null,"F3F_Max_Stories":null,"F3F_Min_Lot_Size":null,"F3F_Max_Lot_Building_Coverage":null,"F3F_Max_Lot_Impervious_Coverage":null,"F3F_Min_Parking_Spaces_per_1BR":null,"F3F_Min_Parking_Spaces_per_mult_BR":null,"F3F_Affordable_Housing_Only":null,"F3F_Proximity_to_Public_Transit_Required":null,"F3F_Connection_to_Sewage/Water_Required":null,"F4F_Allowance":"Prohibited","F4F_Front_Setback":null,"F4F_Side_Setback":null,"F4F_Rear_Setback":null,"F4F_Frontage":null,"F1F_Max_Density":null,"F4F_Max_Density":null,"F4F_Max_Height":null,"F4F_Max_Stories":null,"F4F_Min_Lot_Size":null,"F4F_Max_Lot_Building_Coverage":null,"F4F_Max_Lot_Impervious_Coverage":null,"F4F_Min_Parking_Spaces_per_1BR":null,"F4F_Min_Parking_Spaces_per_mult_BR":null,"F3F_Elderly_Housing_Only":null,"F4F_Elderly_Housing_Only":null,"F4F_Affordable_Housing_Only":null,"F4F_Proximity_to_Public_Transit_Required":null,"F4F_Connection_to_Sewage/Water_Required":null,"ADU_Allowance":"Allowed/Conditional","ADU_Elderly_Housing_Only":"No","ADU_Max_Size_as_Percent_of_Primary_Strcture":30.0,"ADU_Max_Size_in_sq_ft":null,"ADU_Min_Lot_Size":null,"ADU_Max_Bedrooms":1.0,"ADU_Min_Parking_Spaces":null,"ADU_Owner_Occupancy_Required":"No","ADU_Renter_Occupancy_Prohibited":"No","ADU_Employee_or_Family_Occupancy_Required":"No","ADU_Restricted_to_Primary_Structure":"Yes","Affordable_Housing_Allowance":"Not Mentioned","Affordable_Housing_District":"No","Affordable_Housing_Elderly_Only":null,"Affordable_Housing_Min_Lot_Size":null,"Affordable_Housing_Max_Density":null,"Affordable_Housing_Min_Parking_Spaces_per_mult_BR":null,"Affordable_Housing_Max_Units_per_Building":null,"Affordable_Housing_Min_Parking_Spaces_per_1BR":null,"PRD_Allowance":"Prohibited","PRD_Max_Density":null,"PRD_Max_Units":null,"PRD_Min_Lot_Size":null,"PRD_Mobile_or_Manufactured_Home_Park":null,"PUD_Allowance":"No","PUD_Required_with_Subdivision":null,"PUD_Requires_Land_Conservation":null,"PUD_Threshold_Number":null,"Notes":"  Adu Height Maximum: 25ft"},"geometry":{"type":"MultiPolygon","coordinates":[[[[-72.73138636292059,43.37210990023915],[-72.73159451574274,43.37243546798434],[-72.7321525327382,43.37303281326977],[-72.7341909929526,43.37466432869889],[-72.7344608070904,43.374666838091684],[-72.73446881250841,43.37482750777823],[-72.73459436658138,43.37490045628923],[-72.7352301308248,43.375034259554205],[-72.73572104904713,43.3754000356763],[-72.73683491977233,43.37599614865944],[-72.73741932803902,43.37653554800316],[-72.73838725525071,43.37703542412454],[-72.73971265870063,43.377592449881895],[-72.74058162730346,43.3778340935609],[-72.74089800250243,43.37454920902503],[-72.73657986049186,43.374507214074356],[-72.7370998583464,43.37412369175455],[-72.73697330139498,43.37216721799606],[-72.73138636292059,43.37210990023915]]],[[[-72.72920668322703,43.36869464210351],[-72.72919203477622,43.36996492872465],[-72.72909894067497,43.370127806953164],[-72.72889540386859,43.370254659170314],[-72.72961152594955,43.37066870211021],[-72.72963224446023,43.36881222565991],[-72.72920668322703,43.36869464210351]]],[[[-72.73898129773292,43.34547653921449],[-72.73865516077265,43.34556340098535],[-72.73579210044664,43.34678560043224],[-72.72657619618526,43.350774584937426],[-72.72301714821207,43.352890839987985],[-72.72090513201378,43.353467496591286],[-72.71832798198587,43.3538390976339],[-72.71635000038869,43.35412430562503],[-72.71598289293364,43.354436091620606],[-72.7157130122951,43.35486082076605],[-72.71554295718607,43.35609143536038],[-72.71553894804376,43.357079128808685],[-72.7159058569704,43.36005040013174],[-72.7175734713345,43.36028766837828],[-72.71996088778,43.36125882873097],[-72.72166887363761,43.36189183033307],[-72.72332612948328,43.365194198586785],[-72.7235826244252,43.3648015552054],[-72.72393355350438,43.36459635344205],[-72.72411975165261,43.36419642221859],[-72.72422053361758,43.36314480321472],[-72.72655401678404,43.36322730957287],[-72.72703022657183,43.36430492541281],[-72.72675267734144,43.36478498425288],[-72.72680467174864,43.36508851608831],[-72.72671759415469,43.365309953394444],[-72.72675146941476,43.365645503413795],[-72.7273668050599,43.36564005029589],[-72.72763541409915,43.36603350161117],[-72.72782402923575,43.36615748882863],[-72.72813064291564,43.36618456542064],[-72.72803293616896,43.367092794306124],[-72.72979303213053,43.36720889322366],[-72.7296022828977,43.36789521122913],[-72.72995064285654,43.367934233754895],[-72.73064480173873,43.36812663866497],[-72.731400852558,43.36810043999026],[-72.7325011445281,43.36822990632048],[-72.73437157931338,43.36861784892686],[-72.73538491731205,43.36868578836333],[-72.73986825453055,43.36878763471573],[-72.7483026489506,43.36896710643274],[-72.74836955594601,43.37410526259478],[-72.75667885509115,43.37447363115669],[-72.75685521715518,43.37448178365758],[-72.75605860152426,43.375423597406154],[-72.75485694981452,43.376844247906725],[-72.75899229515925,43.37769979055293],[-72.762356028391,43.37143029541823],[-72.76184758491597,43.368968553596545],[-72.7604467497166,43.36218504617473],[-72.7584914379173,43.35331542836739],[-72.7533363124313,43.35126382995616],[-72.75116342669962,43.350393548431576],[-72.74236808990231,43.34684374283929],[-72.73898129773292,43.34547653921449]]]]}},{"type":"Feature","properties":{"OBJECT_ID":344,"County":"Windsor","RPC":"MARC","Municipal_Name":"Ludlow Town","GEO_ID":"5002741275","District_Name":"Ridgeline Protection Overlay District","Abbreviated_District_Name":"Rpod","District_Type":"Overlay","Bylaw_Date":null,"Elderly_Housing_District":"No","District_Mapped":"Yes","Overlay_District":"Yes","Base_Density":null,"FIPS6":null,"GIS_ID":null,"Last_Update":null,"Shape_Length":27826.23153088004,"Shape_Area":2659384.3229719647,"F1F_Allowance":null,"F1F_Front_Setback":null,"F1F_Side_Setback":null,"F1F_Rear_Setback":null,"F1F_Frontage":null,"F1F_Max_Height":null,"F1F_Max_Stories":null,"F1F_Min_Lot_Size":null,"F1F_Max_Lot_Building_Coverage":null,"F1F_Max_Lot_Impervious_Coverage":null,"F1F_Min_Parking_Spaces":null,"F1F_Elderly_Housing_Only":null,"F1F_Affordable_Housing_Only":null,"F2F_Allowance":null,"F2F_Front_Setback":null,"F2F_Side_Setback":null,"F2F_Rear_Setback":null,"F2F_Frontage":null,"F2F_Max_Density":null,"F2F_Max_Height":null,"F2F_Max_Stories":null,"F2F_Min_Lot_Size":null,"F2F_Max_Lot_Building_Coverage":null,"F2F_Max_Lot_Impervious_Coverage":null,"F2F_Min_Parking_Spaces_per_1BR":null,"F2F_Min_Parking_Spaces_per_mult_BR":null,"F2F_Elderly_Housing_Only":null,"F2F_Affordable_Housing_Only":null,"F3F_Allowance":null,"F3F_Front_Setback":null,"F3F_Side_Setback":null,"F3F_Rear_Setback":null,"F3F_Frontage":null,"F3F_Max_Density":null,"F3F_Max_Height":null,"F3F_Max_Stories":null,"F3F_Min_Lot_Size":null,"F3F_Max_Lot_Building_Coverage":null,"F3F_Max_Lot_Impervious_Coverage":null,"F3F_Min_Parking_Spaces_per_1BR":null,"F3F_Min_Parking_Spaces_per_mult_BR":null,"F3F_Affordable_Housing_Only":null,"F3F_Proximity_to_Public_Transit_Required":null,"F3F_Connection_to_Sewage/Water_Required":null,"F4F_Allowance":null,"F4F_Front_Setback":null,"F4F_Side_Setback":null,"F4F_Rear_Setback":null,"F4F_Frontage":null,"F1F_Max_Density":null,"F4F_Max_Density":null,"F4F_Max_Height":null,"F4F_Max_Stories":null,"F4F_Min_Lot_Size":null,"F4F_Max_Lot_Building_Coverage":null,"F4F_Max_Lot_Impervious_Coverage":null,"F4F_Min_Parking_Spaces_per_1BR":null,"F4F_Min_Parking_Spaces_per_mult_BR":null,"F3F_Elderly_Housing_Only":null,"F4F_Elderly_Housing_Only":null,"F4F_Affordable_Housing_Only":null,"F4F_Proximity_to_Public_Transit_Required":null,"F4F_Connection_to_Sewage/Water_Required":null,"ADU_Allowance":"Overlay","ADU_Elderly_Housing_Only":null,"ADU_Max_Size_as_Percent_of_Primary_Strcture":null,"ADU_Max_Size_in_sq_ft":null,"ADU_Min_Lot_Size":null,"ADU_Max_Bedrooms":null,"ADU_Min_Parking_Spaces":null,"ADU_Owner_Occupancy_Required":null,"ADU_Renter_Occupancy_Prohibited":null,"ADU_Employee_or_Family_Occupancy_Required":null,"ADU_Restricted_to_Primary_Structure":null,"Affordable_Housing_Allowance":"Not Mentioned","Affordable_Housing_District":"No","Affordable_Housing_Elderly_Only":null,"Affordable_Housing_Min_Lot_Size":null,"Affordable_Housing_Max_Density":null,"Affordable_Housing_Min_Parking_Spaces_per_mult_BR":null,"Affordable_Housing_Max_Units_per_Building":null,"Affordable_Housing_Min_Parking_Spaces_per_1BR":null,"PRD_Allowance":"Prohibited","PRD_Max_Density":null,"PRD_Max_Units":null,"PRD_Min_Lot_Size":null,"PRD_Mobile_or_Manufactured_Home_Park":null,"PUD_Allowance":"Yes","PUD_Required_with_Subdivision":"No","PUD_Requires_Land_Conservation":"Yes","PUD_Threshold_Number":null,"Notes":"  \"Uses Allowed As A Permitted Or Conditional Use In The Underlying Zoning District Require The Approval Of The Development Review Board As A Conditional Use In Accordance With Section 260 And The Supplemental District Standards Set Forth Below\" (Page 45)."},"geometry":{"type":"MultiPolygon","coordinates":[[[[-72.67610848409305,43.45072486788014],[-72.67577377687488,43.45075197120457],[-72.67489959226937,43.45127090619433],[-72.67442858724279,43.45130149306522],[-72.67434376694194,43.45142342705531],[-72.6743686032453,43.45154132785103],[-72.6748326180441,43.45279559435576],[-72.67502043768509,43.453164972967876],[-72.67558925744697,43.45380663227121],[-72.67605136231273,43.45417868939495],[-72.67660432686746,43.454462936406046],[-72.6774580450784,43.45477434683867],[-72.67773019640487,43.45477701514252],[-72.67786720635836,43.45466522368535],[-72.67791471553083,43.454497151607875],[-72.67784745473314,43.45393252773052],[-72.6779921369428,43.45353143985453],[-72.67799241283655,43.45315999760918],[-72.67787765628069,43.45274868936786],[-72.67730838659713,43.45180903105883],[-72.6766751702307,43.451238492847004],[-72.6763298937941,43.450843937037355],[-72.67610848409305,43.45072486788014]]],[[[-72.72803369358562,43.44275014655905],[-72.7276882015436,43.44275329409421],[-72.72736913654573,43.442931848448126],[-72.72712868987828,43.44321105638854],[-72.72656009704559,43.443180452715694],[-72.72619863642828,43.44330679044448],[-72.72554861484124,43.44379430790542],[-72.72517989288087,43.444342526877904],[-72.72444131242048,43.44449705259411],[-72.72407321086753,43.44462212655637],[-72.72389816837587,43.44474711672726],[-72.7237039023213,43.44505334728286],[-72.72360389222388,43.44550972426806],[-72.72364514036849,43.44654184244004],[-72.72321876786805,43.446995138436414],[-72.72325887733038,43.44764893974498],[-72.72296173055203,43.44807157390881],[-72.72264570961165,43.44823590705597],[-72.7224074557412,43.44843568114785],[-72.72224681961526,43.44872415736142],[-72.72216979064956,43.44908331317534],[-72.72218508234829,43.44940036065769],[-72.72236095614358,43.45005345078189],[-72.72242807242397,43.450946257819666],[-72.72287437823562,43.451628115591674],[-72.722497772538,43.45157674795406],[-72.722304363436,43.451628945217486],[-72.72203053433371,43.452504427665914],[-72.7218782092461,43.4526505527388],[-72.72142322269742,43.45283092725175],[-72.72127828369854,43.45301801828944],[-72.72101319435544,43.453879434078004],[-72.721009261697,43.45413527968635],[-72.72135590862366,43.454442077433356],[-72.72161542574447,43.45505316911803],[-72.72098648329775,43.455341621857144],[-72.72083647847087,43.45548490744519],[-72.72064449011697,43.45588953403483],[-72.72005020286161,43.45607814035486],[-72.71953580426262,43.456546331422395],[-72.71931413766399,43.45655770479823],[-72.71915960587499,43.456502858614286],[-72.71885638877708,43.45600808070271],[-72.71812856236284,43.45552782315273],[-72.71789943828715,43.455515327224454],[-72.71776699084151,43.455635872780256],[-72.7176724497397,43.45605751793487],[-72.71777024688743,43.45644817605117],[-72.71836975759622,43.457184167745105],[-72.71860607987689,43.45737069306078],[-72.71892076074124,43.457524258935905],[-72.71902572232598,43.45764849434499],[-72.71891515695629,43.458259886925525],[-72.71895841203255,43.458694466451924],[-72.7186985711505,43.45940672434648],[-72.71857507418115,43.45995638292188],[-72.71858872081935,43.46060081714173],[-72.71870388165937,43.460703487394696],[-72.7191757630524,43.460694889778175],[-72.71953136694464,43.46094382198711],[-72.71970552766419,43.46096878863041],[-72.72050266764988,43.46079626434224],[-72.72146926190948,43.46086572900553],[-72.72219583319587,43.46080609059968],[-72.72274034225737,43.46061556480882],[-72.72307127075136,43.46023959445138],[-72.72309352907665,43.460193876842254],[-72.72256418430014,43.46008526168964],[-72.72883270507927,43.443093715033164],[-72.72860360558882,43.44308045736946],[-72.72803369358562,43.44275014655905]]],[[[-72.7098308263076,43.43680506076113],[-72.70905665047532,43.436985501936874],[-72.70820850090799,43.43710590640462],[-72.70780119616178,43.43726885281994],[-72.70739451295918,43.43777752956717],[-72.70661820631085,43.43830314728834],[-72.70656374729734,43.43857951062548],[-72.70669867280907,43.438849465908355],[-72.70713432707016,43.43905136022595],[-72.70796468850054,43.439128543581795],[-72.70838802747083,43.43905839141491],[-72.70909292048144,43.438835933806175],[-72.70977311536116,43.43878640157892],[-72.70999451351038,43.43871243001028],[-72.71018974940509,43.438565523257665],[-72.71037123723248,43.43829307409252],[-72.71058313680781,43.43736154194326],[-72.71013889334442,43.436849048802394],[-72.7098308263076,43.43680506076113]]],[[[-72.68748562757482,43.43390496010964],[-72.68683014037406,43.43401925804502],[-72.68623370606677,43.43399790004534],[-72.68587891943102,43.43425020180545],[-72.68519654576116,43.434029866905746],[-72.6839667228896,43.43427789319408],[-72.68319176098264,43.43425188008081],[-72.6827664588498,43.43416979888044],[-72.68262876227708,43.43422181223464],[-72.68248165610943,43.43440414969857],[-72.68202724571175,43.43477767972705],[-72.68137801880457,43.43505422486485],[-72.68100775059229,43.435425219413496],[-72.680509378926,43.43580361682157],[-72.6802293729055,43.43643651229705],[-72.68018248215196,43.43719619515049],[-72.68023983280176,43.437453248724864],[-72.68038978035403,43.43770247557329],[-72.6812402280644,43.438571597394],[-72.68128009295138,43.43895138490968],[-72.68138278770606,43.439122488995814],[-72.6815551896993,43.439224549091456],[-72.68213742573604,43.43938903670801],[-72.68226930865949,43.43958629393607],[-72.68229877219231,43.43996975655901],[-72.68240263280602,43.44017255526217],[-72.68276832292989,43.440422613685065],[-72.68313557287514,43.44047784383205],[-72.68434170429997,43.44028702379382],[-72.68508262164532,43.43996655929418],[-72.68563800934726,43.439591988574264],[-72.68633606094683,43.438850693330664],[-72.68780954838346,43.43773295084652],[-72.68841351351988,43.43699696021561],[-72.68873196531555,43.436341879984056],[-72.68915242302145,43.43572887777061],[-72.68930060598821,43.4353731458914],[-72.68934171414685,43.43507094258677],[-72.68925306522836,43.43467795182199],[-72.68895433810941,43.43432771076882],[-72.6884220948537,43.434029691386975],[-72.68794698285038,43.433911464887636],[-72.68748562757482,43.43390496010964]]],[[[-72.68892559253116,43.42417532228587],[-72.6885179051305,43.424331881314025],[-72.68788883851171,43.424672896810904],[-72.68748195131658,43.425055479291494],[-72.68726561245428,43.42541615739579],[-72.68725772117553,43.42574595397011],[-72.68771170959513,43.42686235141807],[-72.68777762276295,43.426983320168134],[-72.68790042230769,43.42705089700302],[-72.6879630317349,43.42728540057637],[-72.68832491503431,43.42755180762356],[-72.68939115443233,43.42768675325058],[-72.6902725575052,43.42738052342629],[-72.69045339889013,43.42727632319807],[-72.69060139166479,43.427085402001545],[-72.69064018664191,43.42680863885581],[-72.6903579799988,43.42533476069752],[-72.69027218871251,43.425046091179624],[-72.6900907665713,43.424771256915754],[-72.68935730105082,43.42420491689091],[-72.68892559253116,43.42417532228587]]],[[[-72.69115304686952,43.4115694082155],[-72.69082707915753,43.41162921804104],[-72.69036403666247,43.411895784978306],[-72.69003206899261,43.41226582383363],[-72.68974063286727,43.412732716220304],[-72.68959249480031,43.41341535308861],[-72.68923348508467,43.414386343361855],[-72.68924790302172,43.41486762381372],[-72.68934230533004,43.415009073699885],[-72.68943854027178,43.41504786771556],[-72.69005240911585,43.414980184830554],[-72.69073249798268,43.41458081001912],[-72.69137962941598,43.41431458366929],[-72.69160265974637,43.41411013963106],[-72.69185934624358,43.413724952199885],[-72.69239841206213,43.41338457155314],[-72.69292077421534,43.41292424191053],[-72.69359631053426,43.412091793917355],[-72.69352049881049,43.41189026658684],[-72.69305186844655,43.411712286644025],[-72.69115304686952,43.4115694082155]]],[[[-72.66591460916155,43.374300358577415],[-72.66576091921736,43.37430106300096],[-72.66544792633256,43.37452767182643],[-72.66473731310776,43.37531145159406],[-72.66466873355024,43.3755012068935],[-72.66464967370872,43.37611505966224],[-72.66471830498476,43.376722324124586],[-72.66486359846509,43.37716693407628],[-72.66507316596883,43.37735771044963],[-72.66546663657014,43.377526966841515],[-72.66565318251436,43.3781703663189],[-72.66580474624786,43.378295144719814],[-72.66604525604978,43.37834066415854],[-72.66628407236651,43.378283847173314],[-72.66635703428334,43.37812878699778],[-72.66627143649586,43.37762467343963],[-72.66607349651514,43.37725729117879],[-72.66606850264196,43.37707420563905],[-72.66664740812116,43.37627149755352],[-72.66678442596857,43.375741368346446],[-72.66673986604434,43.37542606220411],[-72.66655815801495,43.375013096412175],[-72.66602992258709,43.3743702774178],[-72.66591460916155,43.374300358577415]]],[[[-72.76184758491597,43.368968553596545],[-72.76148436482421,43.36901696238435],[-72.76110864371675,43.369392863057186],[-72.76096235686049,43.369910451293954],[-72.7608397640669,43.37149741755748],[-72.76064371505947,43.37210415783557],[-72.76019817535362,43.37272016168108],[-72.75968335813016,43.3731912619403],[-72.7592616019539,43.373474150416065],[-72.75851620885845,43.37381831061139],[-72.75731225416983,43.374195225142486],[-72.75667885509115,43.37447363115669],[-72.75635751499834,43.374679624608575],[-72.75609802797362,43.37495214255572],[-72.7560209465978,43.375135708573545],[-72.75605860152426,43.375423597406154],[-72.7563185619273,43.37588228758096],[-72.75711367686233,43.376701379151164],[-72.7576242068123,43.37741529275893],[-72.75791337657654,43.37810013443799],[-72.75798741669425,43.37847804522301],[-72.75794911193537,43.379111305412046],[-72.75778809316,43.37936251502223],[-72.75727541535495,43.37977557101383],[-72.75722136777026,43.37985964863973],[-72.75727651129426,43.37988795941398],[-72.75776905910952,43.37997972116883],[-72.75899229515925,43.37769979055293],[-72.762356028391,43.37143029541823],[-72.76184758491597,43.368968553596545]]],[[[-72.71494004700047,43.36139476659108],[-72.71428864363168,43.36158430292829],[-72.71396690881431,43.36182728429742],[-72.71381488113892,43.362069471443554],[-72.71325939591688,43.363434124598676],[-72.71325770216444,43.363989586685655],[-72.7134813937299,43.3657763153322],[-72.71374085131761,43.36620482935778],[-72.71396506182514,43.3663454053772],[-72.7142863335272,43.36640712029097],[-72.71489602448561,43.36632397512162],[-72.71536605657235,43.36615290382875],[-72.7166180173211,43.36531910298116],[-72.71695909580095,43.365044416676184],[-72.71722313297968,43.364728021765224],[-72.71742358361772,43.36417686986441],[-72.7174109106384,43.36375813498813],[-72.71725144924332,43.36333284977087],[-72.71633215472944,43.362128300808955],[-72.71566366384961,43.36159764064703],[-72.7151141195332,43.36140968021156],[-72.71494004700047,43.36139476659108]]],[[[-72.69937801110895,43.35945874971818],[-72.69916083245262,43.35952569318869],[-72.6990007874661,43.359655858776776],[-72.69882644791404,43.3600917626076],[-72.69866933895635,43.361420730990766],[-72.69867823523816,43.36208014257729],[-72.69880824880575,43.362548229373765],[-72.69897231889935,43.36282015762522],[-72.6995482525567,43.363540082015284],[-72.69980354751505,43.36371193162429],[-72.69997928029001,43.363731856557315],[-72.70037587151951,43.36353125220262],[-72.70066314706033,43.36310164527205],[-72.70106456749203,43.36184105076219],[-72.70110003848463,43.36106977855931],[-72.70086655883841,43.36045864559602],[-72.70041947539603,43.359890089817924],[-72.69980904890019,43.35952685878315],[-72.69937801110895,43.35945874971818]]],[[[-72.66377240018184,43.35437228614022],[-72.66314203454046,43.354420989086044],[-72.66247310010006,43.35460791703733],[-72.66243375554475,43.35694353387517],[-72.66301619787156,43.357188161052015],[-72.66358862294298,43.3575452134285],[-72.66498267343054,43.35797032361941],[-72.66613352485413,43.358161152894695],[-72.66686075410531,43.358180897888786],[-72.66711775182982,43.35810657473378],[-72.66749250289025,43.35778107261764],[-72.66775796368603,43.35725738267787],[-72.66784733327871,43.35641493656569],[-72.66778933926705,43.356114994802624],[-72.66764915058822,43.3558959831073],[-72.66739873694124,43.355721855314705],[-72.66702976538993,43.35559417739027],[-72.66586913726525,43.35535819215305],[-72.66443556304533,43.35451768142848],[-72.66377240018184,43.35437228614022]]],[[[-72.71523973452939,43.35182172387636],[-72.71471183922061,43.351880269226896],[-72.71374690295971,43.35216855499414],[-72.71305228326172,43.352677335302175],[-72.71259186707586,43.35314936881196],[-72.71229868154786,43.35373741958476],[-72.71226037627413,43.354253572794136],[-72.71246863096636,43.35498230700157],[-72.71303743604011,43.35607254564622],[-72.71338960183255,43.356457850830594],[-72.71387393118232,43.3567856527172],[-72.71453603744395,43.35698191436288],[-72.71553894804376,43.357079128808685],[-72.71655853346657,43.356872381279],[-72.71715891114965,43.35667684392443],[-72.71758528354849,43.35643937373677],[-72.71791149192055,43.356147518286534],[-72.71825831274838,43.355684677194446],[-72.71848250196958,43.35512582170923],[-72.7184686323783,43.35439077301867],[-72.71832798198587,43.3538390976339],[-72.71798996695068,43.35305537078508],[-72.71759076157556,43.3526291494394],[-72.71657269671607,43.35220641982707],[-72.71523973452939,43.35182172387636]]],[[[-72.6745375844126,43.35178705704286],[-72.67461792769315,43.351847884595216],[-72.67536903556305,43.35225386385423],[-72.67583595740032,43.352366205393515],[-72.6760970728352,43.35234990834186],[-72.67637847616193,43.3522627503504],[-72.6768166660528,43.351904870724766],[-72.6745375844126,43.35178705704286]]],[[[-72.6871221092464,43.3467456078857],[-72.686752250805,43.34680592856968],[-72.68617276042444,43.34708474494274],[-72.68568499660933,43.34721371582302],[-72.68499400450824,43.347299932583475],[-72.68406834994443,43.34710973340515],[-72.68341124150345,43.347229505777236],[-72.68251752840138,43.3470613391129],[-72.6816589178505,43.347118332964016],[-72.6809145160394,43.34703117180386],[-72.68041198491927,43.34711296794967],[-72.67990978914038,43.34736848298946],[-72.67954366241963,43.34732436976736],[-72.67942763682954,43.34898278183781],[-72.67934564699887,43.350334880322116],[-72.6797117372214,43.350408611940544],[-72.68068161336156,43.350830028557326],[-72.68166081888307,43.35105361412957],[-72.6819784513958,43.35130423698006],[-72.68203253453596,43.35134810043878],[-72.68231083194765,43.351515859999914],[-72.6826114327026,43.35159698220836],[-72.68398771990397,43.35171218793458],[-72.68446853590623,43.35167859757415],[-72.68536710684356,43.35152617842638],[-72.68638507770335,43.351260672071305],[-72.68681752760887,43.35106443676857],[-72.68713078184976,43.35084100589163],[-72.68758310090723,43.35013086159298],[-72.68799518103447,43.34981396366271],[-72.68971390278635,43.34874596639008],[-72.68995183910918,43.348684989401114],[-72.69064034113839,43.34864926641917],[-72.6909190533302,43.348568748821506],[-72.69110526056986,43.348371278774536],[-72.69110711406196,43.348088115877566],[-72.69087199926643,43.3479088883659],[-72.69072550571047,43.34787860587839],[-72.6899030777781,43.347945761890024],[-72.68933871611027,43.34781858083201],[-72.68781761382745,43.34693428557073],[-72.68758606311471,43.34683725573096],[-72.6871221092464,43.3467456078857]]],[[[-72.74002507480617,43.34599086295571],[-72.74017219579581,43.34616272032035],[-72.74021244649782,43.34625211641918],[-72.74011294984362,43.34661739844448],[-72.74019960108716,43.34670883311755],[-72.74063231101253,43.34680909680205],[-72.74075480026441,43.34705776704891],[-72.74100980252607,43.34736074342671],[-72.74131911630153,43.347516769815904],[-72.74175735592246,43.34786880974499],[-72.74203889992843,43.348461157691425],[-72.74221513579153,43.34865552858451],[-72.74250097050484,43.348833374598726],[-72.74334273729698,43.34910537162304],[-72.74481293053053,43.34981375994412],[-72.74564751621986,43.35013122155691],[-72.74661534104509,43.35037347240793],[-72.74721862334576,43.35059580072456],[-72.74833439218212,43.35073067242648],[-72.74875205686024,43.35091652458575],[-72.74943860527969,43.35133974890834],[-72.75064731972826,43.35166514169565],[-72.75129848358618,43.35174961084905],[-72.75200368658086,43.35173324944115],[-72.75272292710928,43.351580662836994],[-72.75325763607678,43.35130578980973],[-72.74002507480617,43.34599086295571]]],[[[-72.7218407057631,43.344897020817484],[-72.72178923942317,43.34494404781556],[-72.72184015139865,43.34513868509762],[-72.72222912615165,43.345485764857195],[-72.72184986978407,43.34572787626935],[-72.72177882008353,43.34615416798219],[-72.72157166308016,43.34628046742589],[-72.72150684852893,43.34638874131908],[-72.72158929331589,43.34708655283248],[-72.72148604602357,43.34773600733781],[-72.7215728059919,43.347905945974055],[-72.721843589244,43.34800201537089],[-72.72212849732067,43.34794763396859],[-72.72229296318443,43.34783174727815],[-72.72250343904489,43.347314012260334],[-72.72309297499086,43.34716311529449],[-72.72348163361661,43.34689273999613],[-72.72356498522122,43.346747125739405],[-72.72358330678186,43.34636731864874],[-72.72348602946585,43.346050939825076],[-72.72296100640202,43.34554025359947],[-72.72196422727694,43.344926100080116],[-72.7218407057631,43.344897020817484]]]]}},{"type":"Feature","properties":{"OBJECT_ID":340,"County":"Windsor","RPC":"MARC","Municipal_Name":"Ludlow Town","GEO_ID":"5002741275","District_Name":"Mountain Recreation District","Abbreviated_District_Name":"Mtrec","District_Type":"Mixed with Residential","Bylaw_Date":null,"Elderly_Housing_District":"No","District_Mapped":"Yes","Overlay_District":"No","Base_Density":1.09,"FIPS6":null,"GIS_ID":null,"Last_Update":null,"Shape_Length":18216.082127124857,"Shape_Area":8731295.794805912,"F1F_Allowance":"Permitted","F1F_Front_Setback":55.0,"F1F_Side_Setback":15.0,"F1F_Rear_Setback":15.0,"F1F_Frontage":100.0,"F1F_Max_Height":35.0,"F1F_Max_Stories":3.0,"F1F_Min_Lot_Size":0.92,"F1F_Max_Lot_Building_Coverage":null,"F1F_Max_Lot_Impervious_Coverage":25.0,"F1F_Min_Parking_Spaces":null,"F1F_Elderly_Housing_Only":null,"F1F_Affordable_Housing_Only":null,"F2F_Allowance":"Public Hearing","F2F_Front_Setback":55.0,"F2F_Side_Setback":15.0,"F2F_Rear_Setback":15.0,"F2F_Frontage":100.0,"F2F_Max_Density":1.09,"F2F_Max_Height":35.0,"F2F_Max_Stories":3.0,"F2F_Min_Lot_Size":0.92,"F2F_Max_Lot_Building_Coverage":null,"F2F_Max_Lot_Impervious_Coverage":25.0,"F2F_Min_Parking_Spaces_per_1BR":null,"F2F_Min_Parking_Spaces_per_mult_BR":null,"F2F_Elderly_Housing_Only":"No","F2F_Affordable_Housing_Only":"No","F3F_Allowance":"Public Hearing","F3F_Front_Setback":55.0,"F3F_Side_Setback":15.0,"F3F_Rear_Setback":15.0,"F3F_Frontage":100.0,"F3F_Max_Density":1.09,"F3F_Max_Height":35.0,"F3F_Max_Stories":3.0,"F3F_Min_Lot_Size":0.92,"F3F_Max_Lot_Building_Coverage":null,"F3F_Max_Lot_Impervious_Coverage":25.0,"F3F_Min_Parking_Spaces_per_1BR":null,"F3F_Min_Parking_Spaces_per_mult_BR":null,"F3F_Affordable_Housing_Only":"No","F3F_Proximity_to_Public_Transit_Required":"No","F3F_Connection_to_Sewage/Water_Required":"No","F4F_Allowance":"Public Hearing","F4F_Front_Setback":55.0,"F4F_Side_Setback":15.0,"F4F_Rear_Setback":15.0,"F4F_Frontage":100.0,"F1F_Max_Density":null,"F4F_Max_Density":1.09,"F4F_Max_Height":35.0,"F4F_Max_Stories":3.0,"F4F_Min_Lot_Size":0.92,"F4F_Max_Lot_Building_Coverage":null,"F4F_Max_Lot_Impervious_Coverage":25.0,"F4F_Min_Parking_Spaces_per_1BR":null,"F4F_Min_Parking_Spaces_per_mult_BR":null,"F3F_Elderly_Housing_Only":"No","F4F_Elderly_Housing_Only":"No","F4F_Affordable_Housing_Only":"No","F4F_Proximity_to_Public_Transit_Required":"No","F4F_Connection_to_Sewage/Water_Required":"No","ADU_Allowance":"Allowed/Conditional","ADU_Elderly_Housing_Only":"No","ADU_Max_Size_as_Percent_of_Primary_Strcture":30.0,"ADU_Max_Size_in_sq_ft":null,"ADU_Min_Lot_Size":null,"ADU_Max_Bedrooms":1.0,"ADU_Min_Parking_Spaces":null,"ADU_Owner_Occupancy_Required":"No","ADU_Renter_Occupancy_Prohibited":"No","ADU_Employee_or_Family_Occupancy_Required":"No","ADU_Restricted_to_Primary_Structure":"Yes","Affordable_Housing_Allowance":"Not Mentioned","Affordable_Housing_District":"No","Affordable_Housing_Elderly_Only":null,"Affordable_Housing_Min_Lot_Size":null,"Affordable_Housing_Max_Density":null,"Affordable_Housing_Min_Parking_Spaces_per_mult_BR":null,"Affordable_Housing_Max_Units_per_Building":null,"Affordable_Housing_Min_Parking_Spaces_per_1BR":null,"PRD_Allowance":"Public Hearing","PRD_Max_Density":null,"PRD_Max_Units":null,"PRD_Min_Lot_Size":10.0,"PRD_Mobile_or_Manufactured_Home_Park":"Yes","PUD_Allowance":"Yes","PUD_Required_with_Subdivision":"No","PUD_Requires_Land_Conservation":"Yes","PUD_Threshold_Number":null,"Notes":"  Adu Height Maximum: 25ft; Parking Spaces: \"Recreation: As Required By The Development Review Board\" (Page 50)."},"geometry":{"type":"MultiPolygon","coordinates":[[[[-72.71216010614489,43.4214895079379],[-72.71389131162151,43.42135256475496],[-72.71509177329123,43.421083729886675],[-72.71579873317462,43.42076646596811],[-72.71640162828808,43.420676100144796],[-72.71715420738805,43.42074713724766],[-72.71842269972137,43.421223206025665],[-72.71893076483512,43.4212565963528],[-72.71926678189323,43.42115760158604],[-72.71953924131219,43.420971281759414],[-72.71970199945824,43.42072617139249],[-72.71972958726262,43.42046408879401],[-72.72038583150986,43.421090129168086],[-72.72096881817575,43.421846330574645],[-72.72149757658538,43.42304585009221],[-72.72167340958269,43.42327813843797],[-72.72222571367371,43.423203707211016],[-72.72273862176591,43.42290044837162],[-72.72442310998723,43.42207537787351],[-72.72502764841931,43.421892194005686],[-72.72614958538395,43.42110258699225],[-72.72719734231889,43.42066453171674],[-72.72758313784334,43.42055730987088],[-72.72795093700567,43.420553660049706],[-72.72827957687697,43.42042640430845],[-72.7287441734108,43.42006723581181],[-72.7302637041353,43.41931823799711],[-72.73064954895726,43.41920165439519],[-72.73110325161328,43.418911257968766],[-72.73197838088637,43.41855865921416],[-72.73243884673056,43.41801002873205],[-72.73312769918752,43.41747526891809],[-72.7333801402546,43.4173413804046],[-72.73389710735188,43.41719154243434],[-72.73474742208096,43.41710270230546],[-72.73506183763185,43.41691100437583],[-72.73586757766563,43.41656189108651],[-72.73613971041131,43.41656092712836],[-72.73644471960992,43.41663867711276],[-72.73767341863294,43.41638826722401],[-72.73794799963264,43.41640602886753],[-72.73861896046996,43.416630451651336],[-72.73881766608436,43.41624705324878],[-72.73743746375975,43.41594209330241],[-72.73073719036095,43.41577097979267],[-72.73075080520432,43.407710042433735],[-72.73389395048528,43.407700403212594],[-72.73383352718433,43.405358401941456],[-72.7305842008492,43.40535315325891],[-72.7305256540319,43.403225228409156],[-72.72873640018715,43.40327152989611],[-72.72898691107129,43.401429068303784],[-72.73881810456905,43.40123574744328],[-72.73916248497568,43.395787680561014],[-72.74011392338393,43.38560359372888],[-72.73987221672493,43.38561796999401],[-72.73967335203598,43.385532529897446],[-72.73942660868936,43.3855832212091],[-72.7392449291031,43.385557684267575],[-72.73901487471504,43.38570946643772],[-72.73880512225095,43.38567253884139],[-72.73844944406079,43.385825340018805],[-72.73818545059724,43.38582172438435],[-72.73803763196089,43.3857534052151],[-72.73724737368461,43.38580979620879],[-72.73693966890222,43.38561330968474],[-72.73689364007629,43.385399866006715],[-72.73656136679267,43.38511905209882],[-72.73593959281229,43.38482510620033],[-72.7350798773147,43.384497759429166],[-72.73441043056438,43.384526882433946],[-72.73408277651149,43.384491025777585],[-72.73375809052291,43.38421962320429],[-72.73354207311274,43.383868561338005],[-72.73254147804997,43.38373466681073],[-72.73229705978447,43.38360400342411],[-72.73191419272456,43.383272365172964],[-72.73178147643436,43.38322660117526],[-72.731401898277,43.383242724079246],[-72.73095541702712,43.38348086858182],[-72.73033191192306,43.38352715723656],[-72.73001793971478,43.383624144311504],[-72.72988459804526,43.38362695615819],[-72.72952804650666,43.38344506402334],[-72.7292679121439,43.38354238203574],[-72.72841322431196,43.384028301967696],[-72.72761744203024,43.384116389201516],[-72.72740857956322,43.384012141438475],[-72.72713693556783,43.38360458389284],[-72.72659033611805,43.38341634769032],[-72.72607317010542,43.383321776608724],[-72.72598044160715,43.38327083394464],[-72.72590076962825,43.383107719433305],[-72.72572693565652,43.38301422422991],[-72.7251165816725,43.38309108959006],[-72.72490859608378,43.38304165914061],[-72.72480199241289,43.38287777140637],[-72.72482694184366,43.38267022122521],[-72.72473525642481,43.38245575783051],[-72.72478099681332,43.38227894910398],[-72.72471651675922,43.382115333114996],[-72.72115560421484,43.3820160332988],[-72.72126192112565,43.379684609725864],[-72.720467865849,43.37955433492182],[-72.72020612638057,43.37957684264214],[-72.71971980861908,43.37952301643785],[-72.71927335219877,43.379359179984185],[-72.71910421456762,43.379157980579684],[-72.71821642836363,43.37903037019763],[-72.71789665988774,43.3789374384174],[-72.71713606305985,43.379322923411365],[-72.71576507235882,43.37975611528389],[-72.71534380414322,43.37999879694632],[-72.71499375879964,43.380295643863555],[-72.7133872289009,43.382941750415306],[-72.71230976938347,43.38491076583506],[-72.7114573259924,43.387163394582075],[-72.71132022428002,43.387956489553446],[-72.71023853718846,43.38813914435444],[-72.71003861828649,43.388714540422846],[-72.70768836700309,43.395459262427224],[-72.70807625621784,43.39612647574137],[-72.70823372484607,43.39652732321926],[-72.70865880099852,43.39884502023338],[-72.70941272737666,43.40081454704735],[-72.70928914825058,43.40132753329891],[-72.70932228209146,43.402365299875235],[-72.70919847510483,43.4037772053809],[-72.70936083847343,43.40521321406419],[-72.7102007642854,43.405226310119275],[-72.71048971451177,43.40600511144412],[-72.71042201613399,43.40757616358802],[-72.70941238537536,43.40905112565089],[-72.70892156470084,43.41042375533467],[-72.70844237262462,43.41204948474916],[-72.70834265349629,43.41205394381388],[-72.70828335026414,43.41256146597011],[-72.70745763106535,43.414418701768454],[-72.70721566378528,43.41584571425886],[-72.7072507076353,43.41640604172325],[-72.70732353846464,43.4168216269398],[-72.70754235698665,43.41740465213972],[-72.70794286255223,43.41798895513882],[-72.70804170695743,43.41810665799815],[-72.70937470603934,43.4194419396641],[-72.70968494985694,43.419301426807884],[-72.70978102980513,43.41945841510499],[-72.71088305299799,43.420478091073974],[-72.71159867158127,43.420995784132636],[-72.71216010614489,43.4214895079379]],[[-72.71627640113824,43.39324201288766],[-72.71470049069944,43.393250703450505],[-72.71286074224686,43.393537999449705],[-72.71223796469025,43.393220375379116],[-72.71112244851975,43.393075058303424],[-72.71049319716238,43.392695712807196],[-72.71074005240749,43.392556231235496],[-72.71093384775592,43.39236131687285],[-72.71005713515272,43.392233672569965],[-72.71059289698448,43.391805858066235],[-72.71089914060308,43.3916736846353],[-72.71138421547975,43.39099897978104],[-72.71139486597,43.39082991773126],[-72.71182604721102,43.389999311752184],[-72.7132584123743,43.389985628675504],[-72.71375544260381,43.38914320084623],[-72.71890800640381,43.38920278500261],[-72.7188389334877,43.393848610268236],[-72.71705636338694,43.39334281929752],[-72.71627640113824,43.39324201288766]]]]}},{"type":"Feature","properties":{"OBJECT_ID":341,"County":"Windsor","RPC":"MARC","Municipal_Name":"Ludlow Town","GEO_ID":"5002741275","District_Name":"Proprietary Municipal District","Abbreviated_District_Name":"Propmuni","District_Type":"Nonresidential","Bylaw_Date":null,"Elderly_Housing_District":"No","District_Mapped":"Yes","Overlay_District":"No","Base_Density":null,"FIPS6":null,"GIS_ID":null,"Last_Update":null,"Shape_Length":12295.346069628878,"Shape_Area":1288115.325512979,"F1F_Allowance":"Prohibited","F1F_Front_Setback":null,"F1F_Side_Setback":null,"F1F_Rear_Setback":null,"F1F_Frontage":null,"F1F_Max_Height":null,"F1F_Max_Stories":null,"F1F_Min_Lot_Size":null,"F1F_Max_Lot_Building_Coverage":null,"F1F_Max_Lot_Impervious_Coverage":null,"F1F_Min_Parking_Spaces":null,"F1F_Elderly_Housing_Only":null,"F1F_Affordable_Housing_Only":null,"F2F_Allowance":"Prohibited","F2F_Front_Setback":null,"F2F_Side_Setback":null,"F2F_Rear_Setback":null,"F2F_Frontage":null,"F2F_Max_Density":null,"F2F_Max_Height":null,"F2F_Max_Stories":null,"F2F_Min_Lot_Size":null,"F2F_Max_Lot_Building_Coverage":null,"F2F_Max_Lot_Impervious_Coverage":null,"F2F_Min_Parking_Spaces_per_1BR":null,"F2F_Min_Parking_Spaces_per_mult_BR":null,"F2F_Elderly_Housing_Only":null,"F2F_Affordable_Housing_Only":null,"F3F_Allowance":"Prohibited","F3F_Front_Setback":null,"F3F_Side_Setback":null,"F3F_Rear_Setback":null,"F3F_Frontage":null,"F3F_Max_Density":null,"F3F_Max_Height":null,"F3F_Max_Stories":null,"F3F_Min_Lot_Size":null,"F3F_Max_Lot_Building_Coverage":null,"F3F_Max_Lot_Impervious_Coverage":null,"F3F_Min_Parking_Spaces_per_1BR":null,"F3F_Min_Parking_Spaces_per_mult_BR":null,"F3F_Affordable_Housing_Only":null,"F3F_Proximity_to_Public_Transit_Required":null,"F3F_Connection_to_Sewage/Water_Required":null,"F4F_Allowance":"Prohibited","F4F_Front_Setback":null,"F4F_Side_Setback":null,"F4F_Rear_Setback":null,"F4F_Frontage":null,"F1F_Max_Density":null,"F4F_Max_Density":null,"F4F_Max_Height":null,"F4F_Max_Stories":null,"F4F_Min_Lot_Size":null,"F4F_Max_Lot_Building_Coverage":null,"F4F_Max_Lot_Impervious_Coverage":null,"F4F_Min_Parking_Spaces_per_1BR":null,"F4F_Min_Parking_Spaces_per_mult_BR":null,"F3F_Elderly_Housing_Only":null,"F4F_Elderly_Housing_Only":null,"F4F_Affordable_Housing_Only":null,"F4F_Proximity_to_Public_Transit_Required":null,"F4F_Connection_to_Sewage/Water_Required":null,"ADU_Allowance":"Prohibited","ADU_Elderly_Housing_Only":null,"ADU_Max_Size_as_Percent_of_Primary_Strcture":null,"ADU_Max_Size_in_sq_ft":null,"ADU_Min_Lot_Size":null,"ADU_Max_Bedrooms":null,"ADU_Min_Parking_Spaces":null,"ADU_Owner_Occupancy_Required":null,"ADU_Renter_Occupancy_Prohibited":null,"ADU_Employee_or_Family_Occupancy_Required":null,"ADU_Restricted_to_Primary_Structure":null,"Affordable_Housing_Allowance":"Prohibited","Affordable_Housing_District":"No","Affordable_Housing_Elderly_Only":null,"Affordable_Housing_Min_Lot_Size":null,"Affordable_Housing_Max_Density":null,"Affordable_Housing_Min_Parking_Spaces_per_mult_BR":null,"Affordable_Housing_Max_Units_per_Building":null,"Affordable_Housing_Min_Parking_Spaces_per_1BR":null,"PRD_Allowance":"Prohibited","PRD_Max_Density":null,"PRD_Max_Units":null,"PRD_Min_Lot_Size":null,"PRD_Mobile_or_Manufactured_Home_Park":null,"PUD_Allowance":"No","PUD_Required_with_Subdivision":null,"PUD_Requires_Land_Conservation":null,"PUD_Threshold_Number":null,"Notes":"None"},"geometry":{"type":"MultiPolygon","coordinates":[[[[-72.67718172977725,43.3902062990869],[-72.6770208930118,43.39028210056888],[-72.67699947274342,43.3905121015944],[-72.67691478393837,43.39063189718764],[-72.67654776187034,43.3906880638291],[-72.67609090179214,43.390654388137506],[-72.6757200234887,43.390796607656924],[-72.67562821253951,43.39087282676327],[-72.6759520204278,43.39119491284045],[-72.67580416374905,43.39144692785054],[-72.67665820577267,43.39172501055429],[-72.67733944927092,43.39201202759593],[-72.67811651442483,43.39246299745207],[-72.67874789195581,43.3929398017734],[-72.67896315400495,43.392769873721505],[-72.67902354716776,43.392794863711266],[-72.67912795087392,43.39270664159911],[-72.6792703374616,43.39273224740057],[-72.68094201951163,43.39323956356056],[-72.68290927000551,43.39372660278208],[-72.68360924866346,43.39322995942962],[-72.68303583815415,43.392788567404054],[-72.6827629369475,43.39295873656512],[-72.68248593861526,43.39274588043224],[-72.68143786689735,43.3922025061958],[-72.68121475033387,43.392347271439675],[-72.67974917431461,43.392343614748064],[-72.67940173237209,43.39217989939905],[-72.67928629631186,43.39211186400818],[-72.67895657259501,43.39186838157754],[-72.67913085808871,43.39170141477527],[-72.67718172977725,43.3902062990869]]],[[[-72.71375544260381,43.38914320084623],[-72.7132584123743,43.389985628675504],[-72.71182604721102,43.389999311752184],[-72.71139486597,43.39082991773126],[-72.71138421547975,43.39099897978104],[-72.71089914060308,43.3916736846353],[-72.71059289698448,43.391805858066235],[-72.71005713515272,43.392233672569965],[-72.71093384775592,43.39236131687285],[-72.71074005240749,43.392556231235496],[-72.71049319716238,43.392695712807196],[-72.71112244851975,43.393075058303424],[-72.71223796469025,43.393220375379116],[-72.71286074224686,43.393537999449705],[-72.71470049069944,43.393250703450505],[-72.71627640113824,43.39324201288766],[-72.71705636338694,43.39334281929752],[-72.7188389334877,43.393848610268236],[-72.71890800640381,43.38920278500261],[-72.71375544260381,43.38914320084623]]],[[[-72.72208630697583,43.378475433916684],[-72.721314871693,43.378523274786474],[-72.72126192112565,43.379684609725864],[-72.72115560421484,43.3820160332988],[-72.72471651675922,43.382115333114996],[-72.729445506581,43.382185054934816],[-72.729400350043,43.38005106858015],[-72.72508236822323,43.37989996955443],[-72.72517074463038,43.37860306075483],[-72.72208630697583,43.378475433916684]]],[[[-72.72422053361758,43.36314480321472],[-72.72411975165261,43.36419642221859],[-72.72393355350438,43.36459635344205],[-72.7235826244252,43.3648015552054],[-72.72332612948328,43.365194198586785],[-72.72327436929922,43.365377716826735],[-72.7230775496023,43.365571713762925],[-72.72317863614428,43.36585732540837],[-72.72309660042227,43.36596670008507],[-72.72255430934135,43.36613023513008],[-72.72200719158074,43.36613823032424],[-72.72251616939985,43.36685582639783],[-72.72260420240717,43.367106138564004],[-72.72258262855688,43.36754923807939],[-72.72320600509694,43.36772759315281],[-72.7233093963292,43.36849700788008],[-72.72510667292194,43.367695902028714],[-72.72523890619452,43.36765766100575],[-72.7253051835901,43.36779232743238],[-72.72327461542639,43.36866532219502],[-72.72316980161803,43.3696172037592],[-72.72583786565082,43.36973280329372],[-72.72604566374085,43.37029000055414],[-72.7263330276827,43.37081197028812],[-72.72664241140035,43.371064545768405],[-72.72701742368677,43.37119301182616],[-72.72743275879937,43.37118361657798],[-72.7281264883606,43.37097025975022],[-72.72847908323153,43.370766611646744],[-72.72867148568555,43.37048406759908],[-72.72868175995107,43.37046565395791],[-72.72889540386859,43.370254659170314],[-72.72909894067497,43.370127806953164],[-72.72919203477622,43.36996492872465],[-72.72920668322703,43.36869464210351],[-72.72963224446023,43.36881222565991],[-72.72961152594955,43.37066870211021],[-72.72959572144484,43.37208567994424],[-72.73138636292059,43.37210990023915],[-72.73697330139498,43.37216721799606],[-72.7370998583464,43.37412369175455],[-72.73657986049186,43.374507214074356],[-72.74089800250243,43.37454920902503],[-72.74112672603695,43.37225110238121],[-72.7396276416826,43.37223360885493],[-72.73986825453055,43.36878763471573],[-72.73538491731205,43.36868578836333],[-72.73437157931338,43.36861784892686],[-72.7325011445281,43.36822990632048],[-72.731400852558,43.36810043999026],[-72.73064480173873,43.36812663866497],[-72.72995064285654,43.367934233754895],[-72.7296022828977,43.36789521122913],[-72.72979303213053,43.36720889322366],[-72.72803293616896,43.367092794306124],[-72.72813064291564,43.36618456542064],[-72.72782402923575,43.36615748882863],[-72.72763541409915,43.36603350161117],[-72.7273668050599,43.36564005029589],[-72.72675146941476,43.365645503413795],[-72.72671759415469,43.365309953394444],[-72.72680467174864,43.36508851608831],[-72.72675267734144,43.36478498425288],[-72.72703022657183,43.36430492541281],[-72.72655401678404,43.36322730957287],[-72.72422053361758,43.36314480321472]]]]}},{"type":"Feature","properties":{"OBJECT_ID":345,"County":"Windsor","RPC":"MARC","Municipal_Name":"Ludlow Town","GEO_ID":"5002741275","District_Name":"Town Residential District","Abbreviated_District_Name":"Res","District_Type":"Primarily Residential","Bylaw_Date":null,"Elderly_Housing_District":"No","District_Mapped":"Yes","Overlay_District":"No","Base_Density":0.36,"FIPS6":null,"GIS_ID":null,"Last_Update":null,"Shape_Length":70413.74964099801,"Shape_Area":47256549.03457509,"F1F_Allowance":"Permitted","F1F_Front_Setback":55.0,"F1F_Side_Setback":15.0,"F1F_Rear_Setback":15.0,"F1F_Frontage":100.0,"F1F_Max_Height":35.0,"F1F_Max_Stories":3.0,"F1F_Min_Lot_Size":2.75,"F1F_Max_Lot_Building_Coverage":null,"F1F_Max_Lot_Impervious_Coverage":10.0,"F1F_Min_Parking_Spaces":2.0,"F1F_Elderly_Housing_Only":null,"F1F_Affordable_Housing_Only":null,"F2F_Allowance":"Public Hearing","F2F_Front_Setback":55.0,"F2F_Side_Setback":15.0,"F2F_Rear_Setback":15.0,"F2F_Frontage":100.0,"F2F_Max_Density":0.36,"F2F_Max_Height":35.0,"F2F_Max_Stories":3.0,"F2F_Min_Lot_Size":2.75,"F2F_Max_Lot_Building_Coverage":null,"F2F_Max_Lot_Impervious_Coverage":10.0,"F2F_Min_Parking_Spaces_per_1BR":2.0,"F2F_Min_Parking_Spaces_per_mult_BR":2.0,"F2F_Elderly_Housing_Only":"No","F2F_Affordable_Housing_Only":"No","F3F_Allowance":"Prohibited","F3F_Front_Setback":null,"F3F_Side_Setback":null,"F3F_Rear_Setback":null,"F3F_Frontage":null,"F3F_Max_Density":null,"F3F_Max_Height":null,"F3F_Max_Stories":null,"F3F_Min_Lot_Size":null,"F3F_Max_Lot_Building_Coverage":null,"F3F_Max_Lot_Impervious_Coverage":null,"F3F_Min_Parking_Spaces_per_1BR":null,"F3F_Min_Parking_Spaces_per_mult_BR":null,"F3F_Affordable_Housing_Only":null,"F3F_Proximity_to_Public_Transit_Required":null,"F3F_Connection_to_Sewage/Water_Required":null,"F4F_Allowance":"Prohibited","F4F_Front_Setback":null,"F4F_Side_Setback":null,"F4F_Rear_Setback":null,"F4F_Frontage":null,"F1F_Max_Density":null,"F4F_Max_Density":null,"F4F_Max_Height":null,"F4F_Max_Stories":null,"F4F_Min_Lot_Size":null,"F4F_Max_Lot_Building_Coverage":null,"F4F_Max_Lot_Impervious_Coverage":null,"F4F_Min_Parking_Spaces_per_1BR":null,"F4F_Min_Parking_Spaces_per_mult_BR":null,"F3F_Elderly_Housing_Only":null,"F4F_Elderly_Housing_Only":null,"F4F_Affordable_Housing_Only":null,"F4F_Proximity_to_Public_Transit_Required":null,"F4F_Connection_to_Sewage/Water_Required":null,"ADU_Allowance":"Allowed/Conditional","ADU_Elderly_Housing_Only":"No","ADU_Max_Size_as_Percent_of_Primary_Strcture":30.0,"ADU_Max_Size_in_sq_ft":null,"ADU_Min_Lot_Size":null,"ADU_Max_Bedrooms":1.0,"ADU_Min_Parking_Spaces":null,"ADU_Owner_Occupancy_Required":"No","ADU_Renter_Occupancy_Prohibited":"No","ADU_Employee_or_Family_Occupancy_Required":"No","ADU_Restricted_to_Primary_Structure":"Yes","Affordable_Housing_Allowance":"Not Mentioned","Affordable_Housing_District":"No","Affordable_Housing_Elderly_Only":null,"Affordable_Housing_Min_Lot_Size":null,"Affordable_Housing_Max_Density":null,"Affordable_Housing_Min_Parking_Spaces_per_mult_BR":null,"Affordable_Housing_Max_Units_per_Building":null,"Affordable_Housing_Min_Parking_Spaces_per_1BR":null,"PRD_Allowance":"Public Hearing","PRD_Max_Density":null,"PRD_Max_Units":null,"PRD_Min_Lot_Size":10.0,"PRD_Mobile_or_Manufactured_Home_Park":"Yes","PUD_Allowance":"Yes","PUD_Required_with_Subdivision":"No","PUD_Requires_Land_Conservation":"Yes","PUD_Threshold_Number":null,"Notes":"  Adu Height Maximum: 25ft"},"geometry":{"type":"MultiPolygon","coordinates":[[[[-72.72378150698624,43.460335039452765],[-72.72358403210524,43.46096446264136],[-72.72356726176504,43.46152230222389],[-72.72347103876237,43.46168481216774],[-72.72327461719198,43.46183758772529],[-72.72246721227339,43.46189075557399],[-72.72233580156396,43.461937065177366],[-72.72226260920917,43.462110911174406],[-72.7223686905178,43.46237713413753],[-72.72269958581437,43.462471980814264],[-72.7231987461413,43.46276216543317],[-72.72335794545248,43.462785206973344],[-72.72377464283267,43.46273996296071],[-72.72450930494598,43.46243190030674],[-72.72500519290331,43.4623322909103],[-72.724117242325,43.46596883162191],[-72.72508690769723,43.46623149190904],[-72.72736822235086,43.46107089244958],[-72.72378150698624,43.460335039452765]]],[[[-72.70950105540913,43.42247222404739],[-72.70982967356095,43.42322553907252],[-72.71055345509231,43.424027214769225],[-72.7108227666558,43.42445297919831],[-72.71100671425755,43.42497201096626],[-72.71134411282559,43.4255814138406],[-72.71164999018828,43.42587572174392],[-72.71023366990755,43.428426661446906],[-72.70760279393264,43.42827843959435],[-72.70750851192648,43.42877313198548],[-72.70140133083527,43.42830122663048],[-72.70137316404634,43.429054684445575],[-72.7010162958306,43.42953065211688],[-72.70073731740096,43.4303536689907],[-72.7003446192054,43.4302039757894],[-72.700310883225,43.43058410125369],[-72.70027142600601,43.43095751556036],[-72.70001561918043,43.433495300576084],[-72.70009327394602,43.43453569186172],[-72.70014551578132,43.43480387618338],[-72.7004713007384,43.43580889007081],[-72.7006903581102,43.43680553374328],[-72.7008386219995,43.43851325257053],[-72.70110272108258,43.4398591284003],[-72.70110787605483,43.44036639688847],[-72.70098547770128,43.44111588358749],[-72.70104376837178,43.44135675708473],[-72.70123533090853,43.44169583044179],[-72.7019659728548,43.44256672562696],[-72.7024788489333,43.44300059743204],[-72.70405406402975,43.44385261106542],[-72.70555309524893,43.44456312812867],[-72.70633519482116,43.44504511859137],[-72.70701404978219,43.44575753616911],[-72.70737460019328,43.44646914563583],[-72.70829998125554,43.44798546809151],[-72.70879895553543,43.449326453740696],[-72.70890812309494,43.45017889506846],[-72.70883882375904,43.450633456434794],[-72.70870927847287,43.450942261335626],[-72.70806209641265,43.45202516265051],[-72.7081484927357,43.452292935591665],[-72.7089997849994,43.45369729955536],[-72.70959127453214,43.45522867602852],[-72.70978388711312,43.45591927791092],[-72.71010952631299,43.4577051194463],[-72.71647923878771,43.457668196221626],[-72.71790082623966,43.45377146869909],[-72.71807562768126,43.449253659630585],[-72.71928970406934,43.449245368334424],[-72.72044713637938,43.44519250402438],[-72.7180035435211,43.445222681578834],[-72.71812666296985,43.44038954720803],[-72.71846178817003,43.43283802131326],[-72.72015478525073,43.433227111898],[-72.72142758619188,43.43336440677343],[-72.72224315931999,43.43352067645208],[-72.72284664564677,43.43351715631823],[-72.7234851863616,43.43365224660105],[-72.72393160781316,43.43410852679517],[-72.72475360344883,43.435258505047194],[-72.72493751298066,43.435410724130676],[-72.72579873755838,43.43566257758531],[-72.7261812868198,43.43567699656842],[-72.726604553288,43.436128463050814],[-72.7276032976861,43.43621830088721],[-72.72817678103034,43.43650684732184],[-72.72890374128997,43.43652263611028],[-72.72966556037233,43.43632511287895],[-72.73020564376554,43.43624097359402],[-72.73045352376641,43.43606027642207],[-72.73058261025552,43.43572009794139],[-72.73092000828002,43.43596824855876],[-72.7315128970076,43.43582800228926],[-72.7316796463698,43.435375805675314],[-72.73135242310795,43.43541017014866],[-72.73058489398156,43.43563353407062],[-72.73040645690388,43.43555667942881],[-72.73063924766339,43.43529548461453],[-72.73064580926042,43.43507280166653],[-72.7300871312194,43.43489314141412],[-72.72966527896645,43.43500210728674],[-72.72812638293837,43.43470678873759],[-72.72669462398794,43.434524123789544],[-72.72554158953649,43.43412902941008],[-72.72528725563447,43.43414501358051],[-72.72500148386399,43.43386145308844],[-72.72520633129594,43.43355523490397],[-72.72436870000676,43.43323236033993],[-72.72395020122431,43.433223438770064],[-72.72340714292119,43.43301571182848],[-72.7231294406936,43.43267599532081],[-72.721168162801,43.432193881422016],[-72.72016990961636,43.43170385030808],[-72.71927205468167,43.430783769134116],[-72.71883634121461,43.43066058443089],[-72.71834384085096,43.43019287670377],[-72.71736282689268,43.4290422931713],[-72.71597207691289,43.427734920621035],[-72.71290948540896,43.42531720534416],[-72.71258110665273,43.42498634128916],[-72.7123827852494,43.42492681981829],[-72.71230677700136,43.424790461410055],[-72.71209981543974,43.424812637207694],[-72.71138849569905,43.423940363251155],[-72.71035266471274,43.42292928775449],[-72.70959793262126,43.4225622379608],[-72.70950105540913,43.42247222404739]]],[[[-72.67950450776934,43.39181862118382],[-72.6792666043345,43.392046546238284],[-72.67928629631186,43.39211186400818],[-72.67940173237209,43.39217989939905],[-72.67957339628578,43.39228103468358],[-72.67985264609472,43.392006814772735],[-72.67950450776934,43.39181862118382]]],[[[-72.66431266597489,43.38958204634529],[-72.66293407083033,43.38965121355866],[-72.66163564433693,43.38981459959168],[-72.66090869413603,43.39924556573364],[-72.66097592422724,43.429852684397765],[-72.660947970446,43.44297983360904],[-72.66087437302805,43.4515916104376],[-72.66080362708186,43.45361046830993],[-72.68117115735976,43.458283425320204],[-72.70154181276696,43.46295274464848],[-72.70174813209573,43.462576035859136],[-72.70197705869207,43.46235293515356],[-72.70027531035365,43.46110133628077],[-72.6994623843883,43.460713031988526],[-72.69880765280948,43.459752681122374],[-72.69865653491789,43.459348118252585],[-72.69861971530258,43.45898143036469],[-72.69869351290912,43.458412507442475],[-72.69866455698255,43.45687952610551],[-72.69846661787865,43.45614215957606],[-72.69856651650626,43.454472073401675],[-72.69789147769706,43.453296085304075],[-72.6952438118571,43.45151181224925],[-72.69459283791974,43.45098407507409],[-72.69351531783668,43.45047641363749],[-72.69324595846233,43.45023111668803],[-72.69294408475442,43.44925745734301],[-72.69246138043071,43.44888725986251],[-72.69220382094387,43.44860135816603],[-72.6916944783542,43.44781270317045],[-72.69155747526578,43.44699684421606],[-72.69160419335948,43.44597596787443],[-72.69179957054419,43.44518369430537],[-72.69242927619347,43.44357033198932],[-72.69250454153426,43.4431743509548],[-72.69246516974559,43.44277559337886],[-72.69208502638111,43.44148140659938],[-72.69208018212245,43.44050307663013],[-72.69249914342288,43.438416387178094],[-72.69311015887878,43.43706797160399],[-72.69338050273574,43.43653747666186],[-72.6939272143362,43.435106080156984],[-72.69415600603452,43.4337371117315],[-72.69447101566675,43.43296246086181],[-72.6945203837621,43.432627733961446],[-72.69447753792497,43.43233321439125],[-72.69413727178929,43.431724141762],[-72.6940816083537,43.43105206174972],[-72.69409336014577,43.43097744135478],[-72.69417127436833,43.430684182839734],[-72.69448989138154,43.43005134358037],[-72.6952748218158,43.42907151193875],[-72.69522229792976,43.429020882043304],[-72.69468955612189,43.42888450321897],[-72.69417390148747,43.428643945301864],[-72.69277281328924,43.42872768237466],[-72.69343811972381,43.42466517482918],[-72.69326410435748,43.421187331006614],[-72.6935444810567,43.4200607902457],[-72.69361833940582,43.41627141758598],[-72.69637203605843,43.41641746266081],[-72.69673051490267,43.4140740318584],[-72.6967299853415,43.411704184855594],[-72.69817701567827,43.40952773790154],[-72.69845022016447,43.409779021222015],[-72.69946377944585,43.40758833522246],[-72.70124269111938,43.40779488278216],[-72.7014134026379,43.405103780699505],[-72.70173434825885,43.40510418622101],[-72.6928642491516,43.40506389175329],[-72.68160383616468,43.40368191290542],[-72.68390559314207,43.39675208540777],[-72.68394184178473,43.396642948080206],[-72.67958656273922,43.395335841431866],[-72.6786642782437,43.39497801089897],[-72.67786901513654,43.39452889961607],[-72.67697035580532,43.39375486223881],[-72.6762237969993,43.39327686743487],[-72.67451654329166,43.39265898218631],[-72.67350607503829,43.39235554768475],[-72.67246859786621,43.391927111237635],[-72.67132875516118,43.391132436950464],[-72.67049045317181,43.39063198490175],[-72.66866788031622,43.389763300817336],[-72.66771879227194,43.38958266278353],[-72.66431266597489,43.38958204634529]]],[[[-72.67202880750712,43.3706532925882],[-72.66837248861411,43.370898282554215],[-72.66775531577652,43.372361561417286],[-72.66904609341744,43.372367021102846],[-72.67290341093258,43.37425091663178],[-72.67497002457004,43.37426401718711],[-72.6749587506617,43.37324396408821],[-72.67475964982526,43.372391039207365],[-72.67485432680392,43.37239144087053],[-72.67481011815464,43.372093979379095],[-72.67462475831366,43.372169834106906],[-72.67424434492109,43.372078874595054],[-72.67381547676803,43.371902014097195],[-72.67343260729133,43.37185008491228],[-72.6728789554818,43.3718965143481],[-72.6729574165646,43.37157974442112],[-72.67311160644746,43.37137853633744],[-72.67325687414868,43.37129340512582],[-72.67333139981406,43.37078371044462],[-72.67219605857854,43.370742129604835],[-72.67202880750712,43.3706532925882]]],[[[-72.68144285667559,43.32243805543193],[-72.68143908618484,43.32247523318081],[-72.68099041830193,43.32689806756486],[-72.68033957086195,43.33595368420308],[-72.67954366241963,43.34732436976736],[-72.67942763682954,43.34898278183781],[-72.6792867611479,43.35099624986882],[-72.67943595158451,43.3512634863843],[-72.6819784513958,43.35130423698006],[-72.68203253453596,43.35134810043878],[-72.68188297779986,43.35703198216952],[-72.68188974605813,43.35936064617474],[-72.68162794513351,43.363731001307094],[-72.6786828016333,43.36388972995961],[-72.67824388946737,43.3650690426689],[-72.67798191262399,43.36548181781507],[-72.67772658263002,43.365771750298684],[-72.67727359654728,43.36610195960619],[-72.67685539608367,43.366284114181155],[-72.6767508524505,43.36825201110947],[-72.67681440544753,43.372212448964575],[-72.6768241739586,43.372249316366386],[-72.67688617010413,43.372402675116454],[-72.67485432680392,43.37239144087053],[-72.67495812166959,43.372713975902904],[-72.67503353885644,43.37337801103242],[-72.67505661955755,43.37677209157796],[-72.67489443933519,43.37715045730188],[-72.67463624385077,43.377535988571886],[-72.67138592354476,43.381464472748235],[-72.67485734806728,43.38150099604665],[-72.67489209034278,43.38630156082091],[-72.67437755503056,43.38618864156867],[-72.67413701904931,43.386250040706365],[-72.67414345908458,43.3871054202078],[-72.67615049286925,43.3879751178506],[-72.67807928507587,43.388560915174125],[-72.67977978964406,43.38899620597713],[-72.6803499462905,43.38918736405996],[-72.6811401480273,43.389559008565165],[-72.68108428743169,43.38993094713802],[-72.68140237783919,43.39085739304025],[-72.68085415362891,43.39128553167454],[-72.67974917431461,43.392343614748064],[-72.68121475033387,43.392347271439675],[-72.68143786689735,43.3922025061958],[-72.68248593861526,43.39274588043224],[-72.6827629369475,43.39295873656512],[-72.68303583815415,43.392788567404054],[-72.68360924866346,43.39322995942962],[-72.68290927000551,43.39372660278208],[-72.68400665194639,43.393971191376735],[-72.68472884148404,43.394273185276525],[-72.68514284885195,43.39302646342222],[-72.68529864673793,43.39255728966962],[-72.68537244990885,43.39233502971637],[-72.70734470685738,43.38812361318375],[-72.70746012300613,43.38707364657057],[-72.70756760111253,43.38665171035204],[-72.70854406768188,43.38387505034776],[-72.70978085811524,43.38162107335078],[-72.71076672950916,43.38009231311225],[-72.71130535894338,43.37912974887797],[-72.71186804142822,43.37847639378669],[-72.712577390067,43.37789551472528],[-72.71311582780486,43.377556433435416],[-72.71380125086897,43.37721527916401],[-72.7145385645446,43.37693758820157],[-72.71520352615076,43.37675327220808],[-72.71576427681876,43.37610378894937],[-72.71663085920184,43.37542527473961],[-72.71659085305244,43.37181180707557],[-72.72061313778983,43.37293471979415],[-72.72065707030616,43.375427026091884],[-72.72059072098294,43.37587419220668],[-72.72043971666554,43.37631027803475],[-72.72017233282658,43.376777042441034],[-72.719834134853,43.37718277638837],[-72.71890339383513,43.37790734455649],[-72.71840787691062,43.378522407624686],[-72.71789665988774,43.3789374384174],[-72.71821642836363,43.37903037019763],[-72.71910421456762,43.379157980579684],[-72.71927335219877,43.379359179984185],[-72.71971980861908,43.37952301643785],[-72.72020612638057,43.37957684264214],[-72.720467865849,43.37955433492182],[-72.72126192112565,43.379684609725864],[-72.721314871693,43.378523274786474],[-72.72208630697583,43.378475433916684],[-72.72517074463038,43.37860306075483],[-72.72508236822323,43.37989996955443],[-72.729400350043,43.38005106858015],[-72.729445506581,43.382185054934816],[-72.72471651675922,43.382115333114996],[-72.72478099681332,43.38227894910398],[-72.72473525642481,43.38245575783051],[-72.72482694184366,43.38267022122521],[-72.72480199241289,43.38287777140637],[-72.72490859608378,43.38304165914061],[-72.7251165816725,43.38309108959006],[-72.72572693565652,43.38301422422991],[-72.72590076962825,43.383107719433305],[-72.72598044160715,43.38327083394464],[-72.72607317010542,43.383321776608724],[-72.72659033611805,43.38341634769032],[-72.72713693556783,43.38360458389284],[-72.72740857956322,43.384012141438475],[-72.72761744203024,43.384116389201516],[-72.72841322431196,43.384028301967696],[-72.7292679121439,43.38354238203574],[-72.72952804650666,43.38344506402334],[-72.72988459804526,43.38362695615819],[-72.73001793971478,43.383624144311504],[-72.73033191192306,43.38352715723656],[-72.73095541702712,43.38348086858182],[-72.731401898277,43.383242724079246],[-72.73178147643436,43.38322660117526],[-72.73191419272456,43.383272365172964],[-72.73229705978447,43.38360400342411],[-72.73254147804997,43.38373466681073],[-72.73354207311274,43.383868561338005],[-72.73375809052291,43.38421962320429],[-72.73408277651149,43.384491025777585],[-72.73441043056438,43.384526882433946],[-72.7350798773147,43.384497759429166],[-72.73593959281229,43.38482510620033],[-72.73656136679267,43.38511905209882],[-72.73689364007629,43.385399866006715],[-72.73693966890222,43.38561330968474],[-72.73724737368461,43.38580979620879],[-72.73803763196089,43.3857534052151],[-72.73818545059724,43.38582172438435],[-72.73844944406079,43.385825340018805],[-72.73880512225095,43.38567253884139],[-72.73901487471504,43.38570946643772],[-72.7392449291031,43.385557684267575],[-72.73942660868936,43.3855832212091],[-72.73967335203598,43.385532529897446],[-72.73987221672493,43.38561796999401],[-72.74011392338393,43.38560359372888],[-72.74058356467529,43.38061403072702],[-72.74032982677555,43.380612341819386],[-72.74058162730346,43.3778340935609],[-72.73971265870063,43.377592449881895],[-72.73838725525071,43.37703542412454],[-72.73741932803902,43.37653554800316],[-72.73683491977233,43.37599614865944],[-72.73572104904713,43.3754000356763],[-72.7352301308248,43.375034259554205],[-72.73459436658138,43.37490045628923],[-72.73446881250841,43.37482750777823],[-72.7344608070904,43.374666838091684],[-72.7341909929526,43.37466432869889],[-72.7321525327382,43.37303281326977],[-72.73159451574274,43.37243546798434],[-72.73138636292059,43.37210990023915],[-72.72959572144484,43.37208567994424],[-72.72961152594955,43.37066870211021],[-72.72889540386859,43.370254659170314],[-72.72868175995107,43.37046565395791],[-72.72867148568555,43.37048406759908],[-72.72847908323153,43.370766611646744],[-72.7281264883606,43.37097025975022],[-72.72743275879937,43.37118361657798],[-72.72701742368677,43.37119301182616],[-72.72664241140035,43.371064545768405],[-72.7263330276827,43.37081197028812],[-72.72604566374085,43.37029000055414],[-72.72583786565082,43.36973280329372],[-72.72316980161803,43.3696172037592],[-72.72327461542639,43.36866532219502],[-72.7253051835901,43.36779232743238],[-72.72523890619452,43.36765766100575],[-72.72510667292194,43.367695902028714],[-72.7233093963292,43.36849700788008],[-72.72320600509694,43.36772759315281],[-72.72258262855688,43.36754923807939],[-72.72260420240717,43.367106138564004],[-72.72251616939985,43.36685582639783],[-72.72200719158074,43.36613823032424],[-72.72255430934135,43.36613023513008],[-72.72309660042227,43.36596670008507],[-72.72317863614428,43.36585732540837],[-72.7230775496023,43.365571713762925],[-72.72327436929922,43.365377716826735],[-72.72332612948328,43.365194198586785],[-72.72166887363761,43.36189183033307],[-72.71996088778,43.36125882873097],[-72.7175734713345,43.36028766837828],[-72.7159058569704,43.36005040013174],[-72.71553894804376,43.357079128808685],[-72.71554295718607,43.35609143536038],[-72.7157130122951,43.35486082076605],[-72.71598289293364,43.354436091620606],[-72.71635000038869,43.35412430562503],[-72.71832798198587,43.3538390976339],[-72.72090513201378,43.353467496591286],[-72.72301714821207,43.352890839987985],[-72.72657619618526,43.350774584937426],[-72.73579210044664,43.34678560043224],[-72.73865516077265,43.34556340098535],[-72.73898129773292,43.34547653921449],[-72.71599101432747,43.33620692541638],[-72.69300771292708,43.32693266188232],[-72.68144285667559,43.32243805543193]]]]}},{"type":"Feature","properties":{"OBJECT_ID":343,"County":"Windsor","RPC":"MARC","Municipal_Name":"Ludlow Town","GEO_ID":"5002741275","District_Name":"Residential/Commercial District 2","Abbreviated_District_Name":"R-C2","District_Type":"Mixed with Residential","Bylaw_Date":null,"Elderly_Housing_District":"No","District_Mapped":"Yes","Overlay_District":"No","Base_Density":1.09,"FIPS6":null,"GIS_ID":null,"Last_Update":null,"Shape_Length":15120.887845116422,"Shape_Area":1390819.7405930543,"F1F_Allowance":"Permitted","F1F_Front_Setback":55.0,"F1F_Side_Setback":15.0,"F1F_Rear_Setback":15.0,"F1F_Frontage":100.0,"F1F_Max_Height":35.0,"F1F_Max_Stories":3.0,"F1F_Min_Lot_Size":0.92,"F1F_Max_Lot_Building_Coverage":null,"F1F_Max_Lot_Impervious_Coverage":25.0,"F1F_Min_Parking_Spaces":2.0,"F1F_Elderly_Housing_Only":null,"F1F_Affordable_Housing_Only":null,"F2F_Allowance":"Public Hearing","F2F_Front_Setback":55.0,"F2F_Side_Setback":15.0,"F2F_Rear_Setback":15.0,"F2F_Frontage":100.0,"F2F_Max_Density":1.09,"F2F_Max_Height":35.0,"F2F_Max_Stories":3.0,"F2F_Min_Lot_Size":0.92,"F2F_Max_Lot_Building_Coverage":null,"F2F_Max_Lot_Impervious_Coverage":25.0,"F2F_Min_Parking_Spaces_per_1BR":2.0,"F2F_Min_Parking_Spaces_per_mult_BR":2.0,"F2F_Elderly_Housing_Only":"No","F2F_Affordable_Housing_Only":"No","F3F_Allowance":"Prohibited","F3F_Front_Setback":null,"F3F_Side_Setback":null,"F3F_Rear_Setback":null,"F3F_Frontage":null,"F3F_Max_Density":null,"F3F_Max_Height":null,"F3F_Max_Stories":null,"F3F_Min_Lot_Size":null,"F3F_Max_Lot_Building_Coverage":null,"F3F_Max_Lot_Impervious_Coverage":null,"F3F_Min_Parking_Spaces_per_1BR":null,"F3F_Min_Parking_Spaces_per_mult_BR":null,"F3F_Affordable_Housing_Only":null,"F3F_Proximity_to_Public_Transit_Required":null,"F3F_Connection_to_Sewage/Water_Required":null,"F4F_Allowance":"Prohibited","F4F_Front_Setback":null,"F4F_Side_Setback":null,"F4F_Rear_Setback":null,"F4F_Frontage":null,"F1F_Max_Density":null,"F4F_Max_Density":null,"F4F_Max_Height":null,"F4F_Max_Stories":null,"F4F_Min_Lot_Size":null,"F4F_Max_Lot_Building_Coverage":null,"F4F_Max_Lot_Impervious_Coverage":null,"F4F_Min_Parking_Spaces_per_1BR":null,"F4F_Min_Parking_Spaces_per_mult_BR":null,"F3F_Elderly_Housing_Only":null,"F4F_Elderly_Housing_Only":null,"F4F_Affordable_Housing_Only":null,"F4F_Proximity_to_Public_Transit_Required":null,"F4F_Connection_to_Sewage/Water_Required":null,"ADU_Allowance":"Allowed/Conditional","ADU_Elderly_Housing_Only":"No","ADU_Max_Size_as_Percent_of_Primary_Strcture":30.0,"ADU_Max_Size_in_sq_ft":null,"ADU_Min_Lot_Size":null,"ADU_Max_Bedrooms":1.0,"ADU_Min_Parking_Spaces":null,"ADU_Owner_Occupancy_Required":"No","ADU_Renter_Occupancy_Prohibited":"No","ADU_Employee_or_Family_Occupancy_Required":"No","ADU_Restricted_to_Primary_Structure":"Yes","Affordable_Housing_Allowance":"Not Mentioned","Affordable_Housing_District":"No","Affordable_Housing_Elderly_Only":null,"Affordable_Housing_Min_Lot_Size":null,"Affordable_Housing_Max_Density":null,"Affordable_Housing_Min_Parking_Spaces_per_mult_BR":null,"Affordable_Housing_Max_Units_per_Building":null,"Affordable_Housing_Min_Parking_Spaces_per_1BR":null,"PRD_Allowance":"Public Hearing","PRD_Max_Density":null,"PRD_Max_Units":null,"PRD_Min_Lot_Size":10.0,"PRD_Mobile_or_Manufactured_Home_Park":"Yes","PUD_Allowance":"Yes","PUD_Required_with_Subdivision":"No","PUD_Requires_Land_Conservation":"Yes","PUD_Threshold_Number":null,"Notes":"  Adu Height Maximum: 25ft"},"geometry":{"type":"MultiPolygon","coordinates":[[[[-72.69920990843742,43.42755429774653],[-72.69872777258496,43.4284393493884],[-72.69851307321032,43.42909104956788],[-72.6984601749131,43.4290850404168],[-72.69800147288618,43.43380993679101],[-72.69820886639906,43.43507625687625],[-72.69865889366966,43.436544615427614],[-72.69875764247095,43.43714144303595],[-72.69885904073341,43.43854291981468],[-72.69910484250211,43.43970534436782],[-72.69911693474114,43.44043729657358],[-72.69900278751913,43.441044880450285],[-72.6991406227039,43.44175065708467],[-72.69976342464008,43.44275668071959],[-72.70085124433392,43.44387609011285],[-72.70131686780807,43.44417636467405],[-72.70323688928657,43.445200834389524],[-72.704730003005,43.44591456167774],[-72.70496300807689,43.44611660341366],[-72.70520586948994,43.44637053994496],[-72.70647186073492,43.44859013085238],[-72.70687229229206,43.44962247318463],[-72.70690341455811,43.45022979835746],[-72.70624916051293,43.451409409218954],[-72.70612433788601,43.45171073082545],[-72.70606793630208,43.452204006055226],[-72.70642910989093,43.45307549038339],[-72.7071493001059,43.45417992895197],[-72.70783357708956,43.45609427129668],[-72.70810056042139,43.457713467395926],[-72.70740301531742,43.45782162529346],[-72.70782992800675,43.45884936090306],[-72.70789844745994,43.45918183808364],[-72.7084377830299,43.45914763864926],[-72.70821166621694,43.4577160491806],[-72.71010952631299,43.4577051194463],[-72.70978388711312,43.45591927791092],[-72.70959127453214,43.45522867602852],[-72.7089997849994,43.45369729955536],[-72.7081484927357,43.452292935591665],[-72.70806209641265,43.45202516265051],[-72.70870927847287,43.450942261335626],[-72.70883882375904,43.450633456434794],[-72.70890812309494,43.45017889506846],[-72.70879895553543,43.449326453740696],[-72.70829998125554,43.44798546809151],[-72.70737460019328,43.44646914563583],[-72.70701404978219,43.44575753616911],[-72.70633519482116,43.44504511859137],[-72.70555309524893,43.44456312812867],[-72.70405406402975,43.44385261106542],[-72.7024788489333,43.44300059743204],[-72.7019659728548,43.44256672562696],[-72.70123533090853,43.44169583044179],[-72.70104376837178,43.44135675708473],[-72.70098547770128,43.44111588358749],[-72.70110787605483,43.44036639688847],[-72.70110272108258,43.4398591284003],[-72.7008386219995,43.43851325257053],[-72.7006903581102,43.43680553374328],[-72.7004713007384,43.43580889007081],[-72.70014551578132,43.43480387618338],[-72.70009327394602,43.43453569186172],[-72.70001561918043,43.433495300576084],[-72.70027142600601,43.43095751556036],[-72.700310883225,43.43058410125369],[-72.7003446192054,43.4302039757894],[-72.70073731740096,43.4303536689907],[-72.7010162958306,43.42953065211688],[-72.70137316404634,43.429054684445575],[-72.70093747385546,43.42885064270266],[-72.70019797862777,43.42838159366556],[-72.69920990843742,43.42755429774653]]],[[[-72.71659085305244,43.37181180707557],[-72.71663085920184,43.37542527473961],[-72.71576427681876,43.37610378894937],[-72.71520352615076,43.37675327220808],[-72.7145385645446,43.37693758820157],[-72.71380125086897,43.37721527916401],[-72.71311582780486,43.377556433435416],[-72.712577390067,43.37789551472528],[-72.71186804142822,43.37847639378669],[-72.71130535894338,43.37912974887797],[-72.71076672950916,43.38009231311225],[-72.70978085811524,43.38162107335078],[-72.70854406768188,43.38387505034776],[-72.70756760111253,43.38665171035204],[-72.70746012300613,43.38707364657057],[-72.70734470685738,43.38812361318375],[-72.71045092319004,43.387527844370226],[-72.71023853718846,43.38813914435444],[-72.71132022428002,43.387956489553446],[-72.7114573259924,43.387163394582075],[-72.71230976938347,43.38491076583506],[-72.7133872289009,43.382941750415306],[-72.71499375879964,43.380295643863555],[-72.71534380414322,43.37999879694632],[-72.71576507235882,43.37975611528389],[-72.71713606305985,43.379322923411365],[-72.71789665988774,43.3789374384174],[-72.71840787691062,43.378522407624686],[-72.71890339383513,43.37790734455649],[-72.719834134853,43.37718277638837],[-72.72017233282658,43.376777042441034],[-72.72043971666554,43.37631027803475],[-72.72059072098294,43.37587419220668],[-72.72065707030616,43.375427026091884],[-72.72061313778983,43.37293471979415],[-72.71659085305244,43.37181180707557]]],[[[-72.67730102618134,43.36374086039348],[-72.67662145601643,43.36386053735138],[-72.67620862318329,43.364837156329706],[-72.67604466182296,43.364967194005686],[-72.67522403269206,43.36533704840573],[-72.67496371172074,43.365576251434646],[-72.67490621877502,43.365752845428446],[-72.67479640675693,43.36789705318288],[-72.67481011815464,43.372093979379095],[-72.67485432680392,43.37239144087053],[-72.67688617010413,43.372402675116454],[-72.6768241739586,43.372249316366386],[-72.67681440544753,43.372212448964575],[-72.6767508524505,43.36825201110947],[-72.67685539608367,43.366284114181155],[-72.67727359654728,43.36610195960619],[-72.67772658263002,43.365771750298684],[-72.67798191262399,43.36548181781507],[-72.67824388946737,43.3650690426689],[-72.6786828016333,43.36388972995961],[-72.67727471629344,43.36396558729467],[-72.67730102618134,43.36374086039348]]]]}},{"type":"Feature","properties":{"OBJECT_ID":336,"County":"Windsor","RPC":"MARC","Municipal_Name":"Ludlow Town","GEO_ID":"5002741275","District_Name":"Esidential/Commercial District 1","Abbreviated_District_Name":"R-C1","District_Type":"Mixed with Residential","Bylaw_Date":null,"Elderly_Housing_District":"No","District_Mapped":"Yes","Overlay_District":"No","Base_Density":1.09,"FIPS6":null,"GIS_ID":null,"Last_Update":null,"Shape_Length":21383.093011769048,"Shape_Area":3526934.238003529,"F1F_Allowance":"Permitted","F1F_Front_Setback":55.0,"F1F_Side_Setback":15.0,"F1F_Rear_Setback":15.0,"F1F_Frontage":100.0,"F1F_Max_Height":35.0,"F1F_Max_Stories":3.0,"F1F_Min_Lot_Size":0.92,"F1F_Max_Lot_Building_Coverage":null,"F1F_Max_Lot_Impervious_Coverage":25.0,"F1F_Min_Parking_Spaces":2.0,"F1F_Elderly_Housing_Only":null,"F1F_Affordable_Housing_Only":null,"F2F_Allowance":"Public Hearing","F2F_Front_Setback":55.0,"F2F_Side_Setback":15.0,"F2F_Rear_Setback":15.0,"F2F_Frontage":100.0,"F2F_Max_Density":1.09,"F2F_Max_Height":35.0,"F2F_Max_Stories":3.0,"F2F_Min_Lot_Size":0.92,"F2F_Max_Lot_Building_Coverage":null,"F2F_Max_Lot_Impervious_Coverage":25.0,"F2F_Min_Parking_Spaces_per_1BR":2.0,"F2F_Min_Parking_Spaces_per_mult_BR":2.0,"F2F_Elderly_Housing_Only":"No","F2F_Affordable_Housing_Only":"No","F3F_Allowance":"Public Hearing","F3F_Front_Setback":55.0,"F3F_Side_Setback":15.0,"F3F_Rear_Setback":15.0,"F3F_Frontage":100.0,"F3F_Max_Density":2.18,"F3F_Max_Height":35.0,"F3F_Max_Stories":3.0,"F3F_Min_Lot_Size":1.38,"F3F_Max_Lot_Building_Coverage":null,"F3F_Max_Lot_Impervious_Coverage":25.0,"F3F_Min_Parking_Spaces_per_1BR":2.0,"F3F_Min_Parking_Spaces_per_mult_BR":2.0,"F3F_Affordable_Housing_Only":"No","F3F_Proximity_to_Public_Transit_Required":"No","F3F_Connection_to_Sewage/Water_Required":"No","F4F_Allowance":"Public Hearing","F4F_Front_Setback":55.0,"F4F_Side_Setback":15.0,"F4F_Rear_Setback":15.0,"F4F_Frontage":100.0,"F1F_Max_Density":null,"F4F_Max_Density":2.18,"F4F_Max_Height":35.0,"F4F_Max_Stories":3.0,"F4F_Min_Lot_Size":1.38,"F4F_Max_Lot_Building_Coverage":null,"F4F_Max_Lot_Impervious_Coverage":25.0,"F4F_Min_Parking_Spaces_per_1BR":2.0,"F4F_Min_Parking_Spaces_per_mult_BR":2.0,"F3F_Elderly_Housing_Only":"No","F4F_Elderly_Housing_Only":"No","F4F_Affordable_Housing_Only":"No","F4F_Proximity_to_Public_Transit_Required":"No","F4F_Connection_to_Sewage/Water_Required":"No","ADU_Allowance":"Allowed/Conditional","ADU_Elderly_Housing_Only":"No","ADU_Max_Size_as_Percent_of_Primary_Strcture":30.0,"ADU_Max_Size_in_sq_ft":null,"ADU_Min_Lot_Size":null,"ADU_Max_Bedrooms":1.0,"ADU_Min_Parking_Spaces":null,"ADU_Owner_Occupancy_Required":"No","ADU_Renter_Occupancy_Prohibited":"No","ADU_Employee_or_Family_Occupancy_Required":"No","ADU_Restricted_to_Primary_Structure":"Yes","Affordable_Housing_Allowance":"Not Mentioned","Affordable_Housing_District":"No","Affordable_Housing_Elderly_Only":null,"Affordable_Housing_Min_Lot_Size":null,"Affordable_Housing_Max_Density":null,"Affordable_Housing_Min_Parking_Spaces_per_mult_BR":null,"Affordable_Housing_Max_Units_per_Building":null,"Affordable_Housing_Min_Parking_Spaces_per_1BR":null,"PRD_Allowance":"Public Hearing","PRD_Max_Density":null,"PRD_Max_Units":null,"PRD_Min_Lot_Size":10.0,"PRD_Mobile_or_Manufactured_Home_Park":"Yes","PUD_Allowance":"Yes","PUD_Required_with_Subdivision":"No","PUD_Requires_Land_Conservation":"Yes","PUD_Threshold_Number":null,"Notes":"  Adu Height Maximum: 25ft"},"geometry":{"type":"MultiPolygon","coordinates":[[[[-72.7084377830299,43.45914763864926],[-72.70789844745994,43.45918183808364],[-72.70789257909426,43.459775763593754],[-72.70764872072296,43.460257997688906],[-72.70729061674045,43.460569699581136],[-72.70649680310572,43.46096984141223],[-72.70610740776101,43.46173278328034],[-72.70543011275997,43.46259514604797],[-72.70458663464558,43.462794202218184],[-72.70388595622958,43.46334425026448],[-72.7038501861212,43.46348211242018],[-72.7071250615723,43.46423354639177],[-72.70728477752841,43.464270289202204],[-72.70724845507324,43.46417744324079],[-72.70764220730018,43.46389821043439],[-72.70734272969136,43.463726030409646],[-72.70766862116614,43.46360060399687],[-72.70754500263402,43.46315230658799],[-72.70743379142195,43.46311059306935],[-72.70765324508555,43.46283062310115],[-72.7102303893761,43.4629696189534],[-72.71000685349063,43.462198357409186],[-72.71151901225261,43.46248405211397],[-72.71089542650728,43.46021074988394],[-72.7092401299777,43.460231149369434],[-72.70906865562452,43.459419307070476],[-72.70850206932589,43.459459339666175],[-72.7084377830299,43.45914763864926]]],[[[-72.7014134026379,43.405103780699505],[-72.70124269111938,43.40779488278216],[-72.69946377944585,43.40758833522246],[-72.69845022016447,43.409779021222015],[-72.69817701567827,43.40952773790154],[-72.6967299853415,43.411704184855594],[-72.69673051490267,43.4140740318584],[-72.69637203605843,43.41641746266081],[-72.69361833940582,43.41627141758598],[-72.6935444810567,43.4200607902457],[-72.69326410435748,43.421187331006614],[-72.69343811972381,43.42466517482918],[-72.69277281328924,43.42872768237466],[-72.69417390148747,43.428643945301864],[-72.69468955612189,43.42888450321897],[-72.69522229792976,43.429020882043304],[-72.6952748218158,43.42907151193875],[-72.6961041004368,43.428413044442976],[-72.69714956748477,43.4278050601589],[-72.69745989374728,43.42800698361617],[-72.6978761590783,43.42805298356539],[-72.69809905391644,43.428151231171],[-72.6982161839176,43.42845731603315],[-72.69805736470398,43.429091117846966],[-72.6984601749131,43.4290850404168],[-72.69851307321032,43.42909104956788],[-72.69872777258496,43.4284393493884],[-72.69920990843742,43.42755429774653],[-72.70019797862777,43.42838159366556],[-72.70093747385546,43.42885064270266],[-72.70137316404634,43.429054684445575],[-72.70140133083527,43.42830122663048],[-72.70750851192648,43.42877313198548],[-72.70760279393264,43.42827843959435],[-72.7070227738188,43.42824574675553],[-72.70770956641047,43.42730691187205],[-72.70827460297603,43.42690472344465],[-72.7069340567213,43.42655931096159],[-72.70482362002289,43.4265348486851],[-72.7062384124046,43.425396545294134],[-72.70622114954207,43.42491366632884],[-72.70601457779786,43.42470706830182],[-72.70687061497529,43.423759611305535],[-72.70695668634748,43.423292220821104],[-72.70754796188083,43.42196914357031],[-72.70829385221688,43.42153300343751],[-72.70857093111371,43.42180252189089],[-72.70902066051946,43.42197924919049],[-72.70950105540913,43.42247222404739],[-72.70959793262126,43.4225622379608],[-72.71035266471274,43.42292928775449],[-72.71138849569905,43.423940363251155],[-72.71209981543974,43.424812637207694],[-72.71230677700136,43.424790461410055],[-72.7123827852494,43.42492681981829],[-72.71258110665273,43.42498634128916],[-72.71290948540896,43.42531720534416],[-72.71597207691289,43.427734920621035],[-72.71736282689268,43.4290422931713],[-72.71834384085096,43.43019287670377],[-72.71883634121461,43.43066058443089],[-72.71927205468167,43.430783769134116],[-72.72016990961636,43.43170385030808],[-72.721168162801,43.432193881422016],[-72.7231294406936,43.43267599532081],[-72.72340714292119,43.43301571182848],[-72.72395020122431,43.433223438770064],[-72.72436870000676,43.43323236033993],[-72.72520633129594,43.43355523490397],[-72.72500148386399,43.43386145308844],[-72.72528725563447,43.43414501358051],[-72.72554158953649,43.43412902941008],[-72.72669462398794,43.434524123789544],[-72.72812638293837,43.43470678873759],[-72.72966527896645,43.43500210728674],[-72.7300871312194,43.43489314141412],[-72.73064580926042,43.43507280166653],[-72.73063924766339,43.43529548461453],[-72.73040645690388,43.43555667942881],[-72.73058489398156,43.43563353407062],[-72.73135242310795,43.43541017014866],[-72.7316796463698,43.435375805675314],[-72.73205402632789,43.434360520355575],[-72.73089192548295,43.434330705337466],[-72.73012975857901,43.43424951957169],[-72.72946908360987,43.433959082151254],[-72.72889217136469,43.43382237716377],[-72.7280475638696,43.433783939407],[-72.72672817922974,43.433302223302825],[-72.72386229670953,43.432128365760455],[-72.72274387644832,43.43159941939055],[-72.72194330007368,43.43131886896754],[-72.72089814442737,43.4306846155737],[-72.71984245117197,43.43034221910158],[-72.71614095221743,43.427080886169],[-72.71597001278212,43.42709773701049],[-72.71515368812877,43.42640397958196],[-72.7133620480752,43.42461622462357],[-72.7120680022808,43.42350810812367],[-72.71178511482557,43.423374742223146],[-72.7113049923552,43.422991270012325],[-72.71108873115124,43.42269669213533],[-72.71055962177333,43.42223153359168],[-72.71144692751368,43.42168945344191],[-72.71216010614489,43.4214895079379],[-72.71159867158127,43.420995784132636],[-72.71088305299799,43.420478091073974],[-72.70978102980513,43.41945841510499],[-72.70968494985694,43.419301426807884],[-72.70937470603934,43.4194419396641],[-72.70804170695743,43.41810665799815],[-72.70794286255223,43.41798895513882],[-72.70754235698665,43.41740465213972],[-72.70732353846464,43.4168216269398],[-72.7072507076353,43.41640604172325],[-72.70721566378528,43.41584571425886],[-72.70745763106535,43.414418701768454],[-72.70828335026414,43.41256146597011],[-72.70834265349629,43.41205394381388],[-72.70844237262462,43.41204948474916],[-72.70892156470084,43.41042375533467],[-72.70941238537536,43.40905112565089],[-72.71042201613399,43.40757616358802],[-72.71048971451177,43.40600511144412],[-72.7102007642854,43.405226310119275],[-72.70936083847343,43.40521321406419],[-72.70782476421712,43.40518924187857],[-72.70266150615619,43.40511165881936],[-72.70173434825885,43.40510418622101],[-72.7014134026379,43.405103780699505]]],[[[-72.67940173237209,43.39217989939905],[-72.67957339628578,43.39228103468358],[-72.67958732942148,43.39226735259945],[-72.67940173237209,43.39217989939905]]],[[[-72.68071494546427,43.39119300885969],[-72.67985264609472,43.392006814772735],[-72.67958732942148,43.39226735259945],[-72.67974917431461,43.392343614748064],[-72.68085415362891,43.39128553167454],[-72.68071494546427,43.39119300885969]]],[[[-72.66809100859993,43.38671101186506],[-72.66777589607702,43.38812798315106],[-72.66614176006435,43.38820824896456],[-72.66537761721285,43.38815225742809],[-72.66257332007008,43.388234164697664],[-72.66175096188253,43.38831827858582],[-72.66163564433693,43.38981459959168],[-72.66293407083033,43.38965121355866],[-72.66431266597489,43.38958204634529],[-72.66771879227194,43.38958266278353],[-72.66866788031622,43.389763300817336],[-72.67049045317181,43.39063198490175],[-72.67132875516118,43.391132436950464],[-72.67246859786621,43.391927111237635],[-72.67350607503829,43.39235554768475],[-72.67451654329166,43.39265898218631],[-72.6762237969993,43.39327686743487],[-72.67697035580532,43.39375486223881],[-72.67786901513654,43.39452889961607],[-72.6786642782437,43.39497801089897],[-72.67958656273922,43.395335841431866],[-72.68394184178473,43.396642948080206],[-72.68467957143918,43.39442153959191],[-72.68472884148404,43.394273185276525],[-72.68400665194639,43.393971191376735],[-72.68290927000551,43.39372660278208],[-72.68094201951163,43.39323956356056],[-72.6792703374616,43.39273224740057],[-72.67912795087392,43.39270664159911],[-72.67902354716776,43.392794863711266],[-72.67896315400495,43.392769873721505],[-72.67874789195581,43.3929398017734],[-72.67811651442483,43.39246299745207],[-72.67733944927092,43.39201202759593],[-72.67665820577267,43.39172501055429],[-72.67580416374905,43.39144692785054],[-72.6759520204278,43.39119491284045],[-72.67562821253951,43.39087282676327],[-72.6757200234887,43.390796607656924],[-72.6755031287839,43.390373643434955],[-72.67495899599582,43.390119098024314],[-72.67455602814994,43.389838343689405],[-72.67393906147431,43.388970111289346],[-72.6736711009659,43.38880172361181],[-72.67241211864406,43.38807303118562],[-72.67096458050891,43.38738389165863],[-72.67013379096235,43.38708358957226],[-72.66896101473505,43.386811500084264],[-72.66809100859993,43.38671101186506]]]]}},{"type":"Feature","properties":{"OBJECT_ID":338,"County":"Windsor","RPC":"MARC","Municipal_Name":"Ludlow Town","GEO_ID":"5002741275","District_Name":"Jackson Gore Recreational District","Abbreviated_District_Name":"Jacg","District_Type":"Mixed with Residential","Bylaw_Date":null,"Elderly_Housing_District":"No","District_Mapped":"Yes","Overlay_District":"No","Base_Density":null,"FIPS6":null,"GIS_ID":null,"Last_Update":null,"Shape_Length":3985.69932299083,"Shape_Area":635247.0138005841,"F1F_Allowance":"Permitted","F1F_Front_Setback":10.0,"F1F_Side_Setback":10.0,"F1F_Rear_Setback":10.0,"F1F_Frontage":null,"F1F_Max_Height":45.0,"F1F_Max_Stories":null,"F1F_Min_Lot_Size":null,"F1F_Max_Lot_Building_Coverage":null,"F1F_Max_Lot_Impervious_Coverage":25.0,"F1F_Min_Parking_Spaces":null,"F1F_Elderly_Housing_Only":null,"F1F_Affordable_Housing_Only":null,"F2F_Allowance":"Public Hearing","F2F_Front_Setback":10.0,"F2F_Side_Setback":10.0,"F2F_Rear_Setback":10.0,"F2F_Frontage":null,"F2F_Max_Density":null,"F2F_Max_Height":45.0,"F2F_Max_Stories":null,"F2F_Min_Lot_Size":null,"F2F_Max_Lot_Building_Coverage":null,"F2F_Max_Lot_Impervious_Coverage":25.0,"F2F_Min_Parking_Spaces_per_1BR":null,"F2F_Min_Parking_Spaces_per_mult_BR":null,"F2F_Elderly_Housing_Only":"No","F2F_Affordable_Housing_Only":"No","F3F_Allowance":"Public Hearing","F3F_Front_Setback":10.0,"F3F_Side_Setback":10.0,"F3F_Rear_Setback":10.0,"F3F_Frontage":null,"F3F_Max_Density":null,"F3F_Max_Height":45.0,"F3F_Max_Stories":null,"F3F_Min_Lot_Size":null,"F3F_Max_Lot_Building_Coverage":null,"F3F_Max_Lot_Impervious_Coverage":25.0,"F3F_Min_Parking_Spaces_per_1BR":null,"F3F_Min_Parking_Spaces_per_mult_BR":null,"F3F_Affordable_Housing_Only":"No","F3F_Proximity_to_Public_Transit_Required":"No","F3F_Connection_to_Sewage/Water_Required":"No","F4F_Allowance":"Public Hearing","F4F_Front_Setback":10.0,"F4F_Side_Setback":10.0,"F4F_Rear_Setback":10.0,"F4F_Frontage":null,"F1F_Max_Density":null,"F4F_Max_Density":null,"F4F_Max_Height":45.0,"F4F_Max_Stories":null,"F4F_Min_Lot_Size":null,"F4F_Max_Lot_Building_Coverage":null,"F4F_Max_Lot_Impervious_Coverage":25.0,"F4F_Min_Parking_Spaces_per_1BR":null,"F4F_Min_Parking_Spaces_per_mult_BR":null,"F3F_Elderly_Housing_Only":"No","F4F_Elderly_Housing_Only":"No","F4F_Affordable_Housing_Only":"No","F4F_Proximity_to_Public_Transit_Required":"No","F4F_Connection_to_Sewage/Water_Required":"No","ADU_Allowance":"Allowed/Conditional","ADU_Elderly_Housing_Only":"No","ADU_Max_Size_as_Percent_of_Primary_Strcture":30.0,"ADU_Max_Size_in_sq_ft":null,"ADU_Min_Lot_Size":null,"ADU_Max_Bedrooms":1.0,"ADU_Min_Parking_Spaces":null,"ADU_Owner_Occupancy_Required":"No","ADU_Renter_Occupancy_Prohibited":"No","ADU_Employee_or_Family_Occupancy_Required":"No","ADU_Restricted_to_Primary_Structure":"Yes","Affordable_Housing_Allowance":"Not Mentioned","Affordable_Housing_District":"No","Affordable_Housing_Elderly_Only":null,"Affordable_Housing_Min_Lot_Size":null,"Affordable_Housing_Max_Density":null,"Affordable_Housing_Min_Parking_Spaces_per_mult_BR":null,"Affordable_Housing_Max_Units_per_Building":null,"Affordable_Housing_Min_Parking_Spaces_per_1BR":null,"PRD_Allowance":"Public Hearing","PRD_Max_Density":null,"PRD_Max_Units":null,"PRD_Min_Lot_Size":10.0,"PRD_Mobile_or_Manufactured_Home_Park":"Yes","PUD_Allowance":"Yes","PUD_Required_with_Subdivision":"No","PUD_Requires_Land_Conservation":"Yes","PUD_Threshold_Number":null,"Notes":"  Parking Spaces: \"Recreation: As Required By The Development Review Board\" (Page 50). \"The Jackson Gore Recreational District Shall Include 165.84 Acres. This District Provides For 326\nResidential Dwelling Units, 8 Non-Residential Buildings Including A Recreation/Health Center\" (Page 42)."},"geometry":{"type":"MultiPolygon","coordinates":[[[[-72.71216010614489,43.4214895079379],[-72.71144692751368,43.42168945344191],[-72.71055962177333,43.42223153359168],[-72.71108873115124,43.42269669213533],[-72.7113049923552,43.422991270012325],[-72.71178511482557,43.423374742223146],[-72.7120680022808,43.42350810812367],[-72.7133620480752,43.42461622462357],[-72.71515368812877,43.42640397958196],[-72.71597001278212,43.42709773701049],[-72.71614095221743,43.427080886169],[-72.71984245117197,43.43034221910158],[-72.72089814442737,43.4306846155737],[-72.72194330007368,43.43131886896754],[-72.72274387644832,43.43159941939055],[-72.72518871417213,43.42794666256346],[-72.72085529490451,43.42787022322264],[-72.72121836724988,43.4264807383944],[-72.72146138264958,43.425834084659904],[-72.72144744586168,43.42560947120922],[-72.72163383499685,43.42459021567061],[-72.72161023892455,43.423879008586],[-72.72153499930367,43.42360552515237],[-72.72167340958269,43.42327813843797],[-72.72149757658538,43.42304585009221],[-72.72096881817575,43.421846330574645],[-72.72038583150986,43.421090129168086],[-72.71972958726262,43.42046408879401],[-72.71970199945824,43.42072617139249],[-72.71953924131219,43.420971281759414],[-72.71926678189323,43.42115760158604],[-72.71893076483512,43.4212565963528],[-72.71842269972137,43.421223206025665],[-72.71715420738805,43.42074713724766],[-72.71640162828808,43.420676100144796],[-72.71579873317462,43.42076646596811],[-72.71509177329123,43.421083729886675],[-72.71389131162151,43.42135256475496],[-72.71216010614489,43.4214895079379]]]]}},{"type":"Feature","properties":{"OBJECT_ID":339,"County":"Windsor","RPC":"MARC","Municipal_Name":"Ludlow Town","GEO_ID":"5002741275","District_Name":"Lakes District","Abbreviated_District_Name":"Lakes","District_Type":"Primarily Residential","Bylaw_Date":null,"Elderly_Housing_District":"No","District_Mapped":"Yes","Overlay_District":"No","Base_Density":1.09,"FIPS6":null,"GIS_ID":null,"Last_Update":null,"Shape_Length":9092.577672460173,"Shape_Area":2478072.2820504415,"F1F_Allowance":"Permitted","F1F_Front_Setback":55.0,"F1F_Side_Setback":15.0,"F1F_Rear_Setback":15.0,"F1F_Frontage":100.0,"F1F_Max_Height":35.0,"F1F_Max_Stories":3.0,"F1F_Min_Lot_Size":0.92,"F1F_Max_Lot_Building_Coverage":null,"F1F_Max_Lot_Impervious_Coverage":20.0,"F1F_Min_Parking_Spaces":2.0,"F1F_Elderly_Housing_Only":null,"F1F_Affordable_Housing_Only":null,"F2F_Allowance":"Public Hearing","F2F_Front_Setback":55.0,"F2F_Side_Setback":15.0,"F2F_Rear_Setback":15.0,"F2F_Frontage":100.0,"F2F_Max_Density":1.09,"F2F_Max_Height":35.0,"F2F_Max_Stories":3.0,"F2F_Min_Lot_Size":0.92,"F2F_Max_Lot_Building_Coverage":null,"F2F_Max_Lot_Impervious_Coverage":20.0,"F2F_Min_Parking_Spaces_per_1BR":2.0,"F2F_Min_Parking_Spaces_per_mult_BR":2.0,"F2F_Elderly_Housing_Only":"No","F2F_Affordable_Housing_Only":"No","F3F_Allowance":"Prohibited","F3F_Front_Setback":null,"F3F_Side_Setback":null,"F3F_Rear_Setback":null,"F3F_Frontage":null,"F3F_Max_Density":null,"F3F_Max_Height":null,"F3F_Max_Stories":null,"F3F_Min_Lot_Size":null,"F3F_Max_Lot_Building_Coverage":null,"F3F_Max_Lot_Impervious_Coverage":null,"F3F_Min_Parking_Spaces_per_1BR":null,"F3F_Min_Parking_Spaces_per_mult_BR":null,"F3F_Affordable_Housing_Only":null,"F3F_Proximity_to_Public_Transit_Required":null,"F3F_Connection_to_Sewage/Water_Required":null,"F4F_Allowance":"Prohibited","F4F_Front_Setback":null,"F4F_Side_Setback":null,"F4F_Rear_Setback":null,"F4F_Frontage":null,"F1F_Max_Density":null,"F4F_Max_Density":null,"F4F_Max_Height":null,"F4F_Max_Stories":null,"F4F_Min_Lot_Size":null,"F4F_Max_Lot_Building_Coverage":null,"F4F_Max_Lot_Impervious_Coverage":null,"F4F_Min_Parking_Spaces_per_1BR":null,"F4F_Min_Parking_Spaces_per_mult_BR":null,"F3F_Elderly_Housing_Only":null,"F4F_Elderly_Housing_Only":null,"F4F_Affordable_Housing_Only":null,"F4F_Proximity_to_Public_Transit_Required":null,"F4F_Connection_to_Sewage/Water_Required":null,"ADU_Allowance":"Allowed/Conditional","ADU_Elderly_Housing_Only":"No","ADU_Max_Size_as_Percent_of_Primary_Strcture":30.0,"ADU_Max_Size_in_sq_ft":null,"ADU_Min_Lot_Size":null,"ADU_Max_Bedrooms":1.0,"ADU_Min_Parking_Spaces":null,"ADU_Owner_Occupancy_Required":"No","ADU_Renter_Occupancy_Prohibited":"No","ADU_Employee_or_Family_Occupancy_Required":"No","ADU_Restricted_to_Primary_Structure":"Yes","Affordable_Housing_Allowance":"Not Mentioned","Affordable_Housing_District":"No","Affordable_Housing_Elderly_Only":null,"Affordable_Housing_Min_Lot_Size":null,"Affordable_Housing_Max_Density":null,"Affordable_Housing_Min_Parking_Spaces_per_mult_BR":null,"Affordable_Housing_Max_Units_per_Building":null,"Affordable_Housing_Min_Parking_Spaces_per_1BR":null,"PRD_Allowance":"Prohibited","PRD_Max_Density":null,"PRD_Max_Units":null,"PRD_Min_Lot_Size":null,"PRD_Mobile_or_Manufactured_Home_Park":null,"PUD_Allowance":"No","PUD_Required_with_Subdivision":null,"PUD_Requires_Land_Conservation":null,"PUD_Threshold_Number":null,"Notes":"  Adu Height Maximum: 15ft"},"geometry":{"type":"MultiPolygon","coordinates":[[[[-72.70154181276696,43.46295274464848],[-72.7038501861212,43.46348211242018],[-72.70388595622958,43.46334425026448],[-72.70458663464558,43.462794202218184],[-72.70543011275997,43.46259514604797],[-72.70610740776101,43.46173278328034],[-72.70649680310572,43.46096984141223],[-72.70729061674045,43.460569699581136],[-72.70764872072296,43.460257997688906],[-72.70789257909426,43.459775763593754],[-72.70789844745994,43.45918183808364],[-72.70782992800675,43.45884936090306],[-72.70740301531742,43.45782162529346],[-72.70810056042139,43.457713467395926],[-72.70783357708956,43.45609427129668],[-72.7071493001059,43.45417992895197],[-72.70642910989093,43.45307549038339],[-72.70606793630208,43.452204006055226],[-72.70612433788601,43.45171073082545],[-72.70624916051293,43.451409409218954],[-72.70690341455811,43.45022979835746],[-72.70687229229206,43.44962247318463],[-72.70647186073492,43.44859013085238],[-72.70520586948994,43.44637053994496],[-72.70496300807689,43.44611660341366],[-72.704730003005,43.44591456167774],[-72.70323688928657,43.445200834389524],[-72.70131686780807,43.44417636467405],[-72.70085124433392,43.44387609011285],[-72.69976342464008,43.44275668071959],[-72.6991406227039,43.44175065708467],[-72.69900278751913,43.441044880450285],[-72.69911693474114,43.44043729657358],[-72.69910484250211,43.43970534436782],[-72.69885904073341,43.43854291981468],[-72.69875764247095,43.43714144303595],[-72.69865889366966,43.436544615427614],[-72.69820886639906,43.43507625687625],[-72.69800147288618,43.43380993679101],[-72.6984601749131,43.4290850404168],[-72.69805736470398,43.429091117846966],[-72.6982161839176,43.42845731603315],[-72.69809905391644,43.428151231171],[-72.6978761590783,43.42805298356539],[-72.69745989374728,43.42800698361617],[-72.69714956748477,43.4278050601589],[-72.6961041004368,43.428413044442976],[-72.6952748218158,43.42907151193875],[-72.69448989138154,43.43005134358037],[-72.69417127436833,43.430684182839734],[-72.69409336014577,43.43097744135478],[-72.6940816083537,43.43105206174972],[-72.69413727178929,43.431724141762],[-72.69447753792497,43.43233321439125],[-72.6945203837621,43.432627733961446],[-72.69447101566675,43.43296246086181],[-72.69415600603452,43.4337371117315],[-72.6939272143362,43.435106080156984],[-72.69338050273574,43.43653747666186],[-72.69311015887878,43.43706797160399],[-72.69249914342288,43.438416387178094],[-72.69208018212245,43.44050307663013],[-72.69208502638111,43.44148140659938],[-72.69246516974559,43.44277559337886],[-72.69250454153426,43.4431743509548],[-72.69242927619347,43.44357033198932],[-72.69179957054419,43.44518369430537],[-72.69160419335948,43.44597596787443],[-72.69155747526578,43.44699684421606],[-72.6916944783542,43.44781270317045],[-72.69220382094387,43.44860135816603],[-72.69246138043071,43.44888725986251],[-72.69294408475442,43.44925745734301],[-72.69324595846233,43.45023111668803],[-72.69351531783668,43.45047641363749],[-72.69459283791974,43.45098407507409],[-72.6952438118571,43.45151181224925],[-72.69789147769706,43.453296085304075],[-72.69856651650626,43.454472073401675],[-72.69846661787865,43.45614215957606],[-72.69866455698255,43.45687952610551],[-72.69869351290912,43.458412507442475],[-72.69861971530258,43.45898143036469],[-72.69865653491789,43.459348118252585],[-72.69880765280948,43.459752681122374],[-72.6994623843883,43.460713031988526],[-72.70027531035365,43.46110133628077],[-72.70197705869207,43.46235293515356],[-72.70174813209573,43.462576035859136],[-72.70154181276696,43.46295274464848]]]]}}]}