{"type": "FeatureCollection", "name": "Windham_Dummerston", "features": [{"type": "Feature", "properties": {"OBJECT_ID": 1197, "County": "Windham", "RPC": "WRC", "Municipal_Name": "Dummerston ", "GEO_ID": "5002518325", "District_Name": "Rural Residential", "Abbreviated_District_Name": "Rr", "District_Type": "Primarily Residential", "Bylaw_Date": "2024-05-27T00:00:00", "Elderly_Housing_District": "No", "District_Mapped": "Yes", "Overlay_District": "No", "Base_Density": null, "GIS_ID": null, "Last_Update": null, "Shape_Length": 71586.719861882, "Shape_Area": 13507967.98484187, "F1F_Allowance": "Permitted", "F1F_Front_Setback": 50.0, "F1F_Side_Setback": 40.0, "F1F_Rear_Setback": 40.0, "F1F_Frontage": null, "F1F_Max_Height": 35.0, "F1F_Max_Stories": null, "F1F_Min_Lot_Size": 2.0, "F1F_Max_Lot_Building_Coverage": 15.0, "F1F_Max_Lot_Impervious_Coverage": null, "F1F_Min_Parking_Spaces": 2.0, "F1F_Elderly_Housing_Only": null, "F1F_Affordable_Housing_Only": null, "F2F_Allowance": "Permitted", "F2F_Front_Setback": 50.0, "F2F_Side_Setback": 40.0, "F2F_Rear_Setback": 40.0, "F2F_Frontage": null, "F2F_Max_Density": null, "F2F_Max_Height": 35.0, "F2F_Max_Stories": null, "F2F_Min_Lot_Size": 2.0, "F2F_Max_Lot_Building_Coverage": 15.0, "F2F_Max_Lot_Impervious_Coverage": null, "F2F_Min_Parking_Spaces_per_1BR": 2.0, "F2F_Min_Parking_Spaces_per_mult_BR": 2.0, "F2F_Elderly_Housing_Only": "No", "F2F_Affordable_Housing_Only": "No", "F3F_Allowance": "Public Hearing", "F3F_Front_Setback": 50.0, "F3F_Side_Setback": 40.0, "F3F_Rear_Setback": 40.0, "F3F_Frontage": null, "F3F_Max_Density": null, "F3F_Max_Height": 35.0, "F3F_Max_Stories": null, "F3F_Min_Lot_Size": 2.0, "F3F_Max_Lot_Building_Coverage": 15.0, "F3F_Max_Lot_Impervious_Coverage": null, "F3F_Min_Parking_Spaces_per_1BR": 2.0, "F3F_Min_Parking_Spaces_per_mult_BR": 2.0, "F3F_Affordable_Housing_Only": "No", "F3F_Proximity_to_Public_Transit_Required": "No", "F3F_Connection_to_Sewage/Water_Required": "No", "F4F_Allowance": "Public Hearing", "F4F_Front_Setback": 50.0, "F4F_Side_Setback": 40.0, "F4F_Rear_Setback": 40.0, "F4F_Frontage": null, "F1F_Max_Density": null, "F4F_Max_Density": null, "F4F_Max_Height": 35.0, "F4F_Max_Stories": null, "F4F_Min_Lot_Size": 2.0, "F4F_Max_Lot_Building_Coverage": 15.0, "F4F_Max_Lot_Impervious_Coverage": null, "F4F_Min_Parking_Spaces_per_1BR": 2.0, "F4F_Min_Parking_Spaces_per_mult_BR": 2.0, "F3F_Elderly_Housing_Only": "No", "F4F_Elderly_Housing_Only": "No", "F4F_Affordable_Housing_Only": "No", "F4F_Proximity_to_Public_Transit_Required": "No", "F4F_Connection_to_Sewage/Water_Required": "No", "ADU_Allowance": "Allowed/Conditional", "ADU_Elderly_Housing_Only": "No", "ADU_Max_Size_as_Percent_of_Primary_Strcture": 30.0, "ADU_Max_Size_in_sq_ft": 1000.0, "ADU_Min_Lot_Size": null, "ADU_Max_Bedrooms": 1.0, "ADU_Min_Parking_Spaces": null, "ADU_Owner_Occupancy_Required": "No", "ADU_Renter_Occupancy_Prohibited": "No", "ADU_Employee_or_Family_Occupancy_Required": "No", "ADU_Restricted_to_Primary_Structure": "No", "Affordable_Housing_Allowance": "Not Mentioned", "Affordable_Housing_District": "No", "Affordable_Housing_Elderly_Only": "No", "Affordable_Housing_Min_Lot_Size": null, "Affordable_Housing_Max_Density": null, "Affordable_Housing_Min_Parking_Spaces_per_mult_BR": null, "Affordable_Housing_Max_Units_per_Building": null, "Affordable_Housing_Min_Parking_Spaces_per_1BR": null, "PRD_Allowance": "Public Hearing", "PRD_Max_Density": null, "PRD_Max_Units": null, "PRD_Min_Lot_Size": null, "PRD_Mobile_or_Manufactured_Home_Park": "Yes", "PUD_Allowance": "Yes", "PUD_Required_with_Subdivision": "T", "PUD_Requires_Land_Conservation": null, "PUD_Threshold_Number": null, "Notes": "  Prd Must Be More Than Or Equal to 5 Dwelling Units. Adu Is Public Hearing If It Is Greater Than 30% Of The Primary Building's Area But Less Than 50%", "FIPS6": null}, "geometry": {"type": "MultiPolygon", "coordinates": [[[[-72.55804086591765, 42.954143464131825], [-72.55765408875926, 42.955204247051434], [-72.55690397419554, 42.956364224054255], [-72.55628919083718, 42.957119992786794], [-72.55593655886297, 42.958145469697925], [-72.55488598445206, 42.958463964188624], [-72.55440363538821, 42.95871185139688], [-72.5537161842079, 42.958839484211346], [-72.55298756949932, 42.95909003007227], [-72.55197758819048, 42.95964602861157], [-72.55107392914475, 42.960501130077475], [-72.5507119125987, 42.96105146934091], [-72.54961557896968, 42.96323498912424], [-72.55342290380143, 42.96336589819736], [-72.55355246946787, 42.96314270201102], [-72.55397088148322, 42.96315506489657], [-72.55397074921846, 42.963441225386674], [-72.5559450635238, 42.96343086058715], [-72.55781500150783, 42.963429221111085], [-72.55933203209389, 42.96345907276902], [-72.56133684232016, 42.96349163169728], [-72.56310165605721, 42.95845128345094], [-72.56441364560361, 42.95423914269325], [-72.55804086591765, 42.954143464131825]]], [[[-72.54074095346519, 42.94894628660985], [-72.54047224139899, 42.94914477103476], [-72.53999644161718, 42.94937825200935], [-72.53946573337048, 42.94931844401445], [-72.53896478600487, 42.949133454825855], [-72.53890306401078, 42.94935837458296], [-72.53926091001657, 42.950239699554025], [-72.53969622869792, 42.95009597736409], [-72.53984217148351, 42.9514602899139], [-72.53944175264392, 42.951365167007026], [-72.53917973089682, 42.952470506946746], [-72.53881724278085, 42.953276909577596], [-72.53703441466837, 42.9558516635651], [-72.53591067003269, 42.95827293218721], [-72.53499925930352, 42.9598770409912], [-72.53626969527718, 42.96065818640553], [-72.53643295976936, 42.96082969676322], [-72.5357331124197, 42.960687434830916], [-72.53564759866862, 42.961174265702276], [-72.5375789626099, 42.96201706122199], [-72.53769045799163, 42.96217794291706], [-72.53723356916883, 42.962682757143966], [-72.53673762684764, 42.96291903735884], [-72.53724962154395, 42.963496800920396], [-72.53771628465022, 42.963713747976655], [-72.53735114663324, 42.964166493367614], [-72.5386222062219, 42.965193445655984], [-72.53924447803853, 42.964914937677776], [-72.53981040151092, 42.964573519261236], [-72.54047918577255, 42.96395432975339], [-72.54095602088515, 42.96336347278593], [-72.54140719303943, 42.962593041142036], [-72.54166187894106, 42.962015116815735], [-72.54207668619655, 42.96030469294165], [-72.54283276707324, 42.95876269459668], [-72.54298242253186, 42.95831142841044], [-72.54655961460425, 42.958421190707064], [-72.54862391814238, 42.95842616742221], [-72.54870781627343, 42.953747558096254], [-72.54676037609717, 42.95262240358262], [-72.54562334707428, 42.95217081288151], [-72.54527553152295, 42.95208577692978], [-72.54483970282435, 42.95206182163057], [-72.54438298307848, 42.9518303738668], [-72.54413256902887, 42.951602028882235], [-72.5437237717607, 42.950980933035105], [-72.5437235447645, 42.95066026692316], [-72.54362146907849, 42.950252356425835], [-72.54361412022999, 42.9502160167952], [-72.54361983943646, 42.95024741140844], [-72.54303631885234, 42.949747974251004], [-72.54252845162716, 42.94964598990809], [-72.5421081985407, 42.94941981342642], [-72.54195258643688, 42.94927170303109], [-72.54163503014851, 42.949296994569075], [-72.54112403372046, 42.94917199268876], [-72.54074095346519, 42.94894628660985]]], [[[-72.61273806647299, 42.936586266608714], [-72.61050968820572, 42.936777660586195], [-72.61017990785157, 42.93681201739792], [-72.61023493516109, 42.93697489899533], [-72.61059570009685, 42.93787252208074], [-72.61205594792584, 42.940724125663316], [-72.61228634339653, 42.94128540624119], [-72.61246274594086, 42.94237061404098], [-72.61277651992016, 42.94330247286964], [-72.61276780986267, 42.944176180593665], [-72.61212759229433, 42.944209758245584], [-72.60978935861529, 42.94369658679793], [-72.60883274336345, 42.94332495577102], [-72.60813590356554, 42.942891225861565], [-72.60554848041997, 42.94795248631853], [-72.60247396177849, 42.947846500163195], [-72.60219543635151, 42.947766364957175], [-72.5984035185072, 42.94768898910539], [-72.59796123481624, 42.94841205391928], [-72.59667293010965, 42.95291823261953], [-72.59595024166009, 42.95300360242877], [-72.5954953680094, 42.95377746343357], [-72.59592382734189, 42.95495878055584], [-72.59613341254253, 42.954769394171045], [-72.5967707957137, 42.955084475687805], [-72.60095962288227, 42.95521321697625], [-72.604844924362, 42.95542042316034], [-72.60627395969964, 42.955951418043384], [-72.60649969498726, 42.95692970803566], [-72.60634476394327, 42.9579197012692], [-72.60572328700991, 42.960012962751755], [-72.6060872122368, 42.960024296974304], [-72.60880657188964, 42.960108991434986], [-72.61166406171454, 42.960197927250405], [-72.61276071214552, 42.9573020236255], [-72.61421495554417, 42.952439571092825], [-72.61384851623384, 42.95189318228215], [-72.61340173454123, 42.9510860916864], [-72.61297358126842, 42.95045987110335], [-72.61269996700864, 42.94984404161637], [-72.61260492964337, 42.94889309802232], [-72.61504150226807, 42.948856032329616], [-72.61633927084924, 42.948783455448535], [-72.61635308949083, 42.9493122475802], [-72.61645393084389, 42.949522611030254], [-72.6166214135731, 42.94945958032246], [-72.61739763279716, 42.94945734837707], [-72.61752555969144, 42.95016747880093], [-72.6180523671742, 42.95098149599417], [-72.61844560642105, 42.9513415379471], [-72.61932202032997, 42.95183029616617], [-72.62029525267558, 42.952096034028145], [-72.62098263923859, 42.952095309589936], [-72.62160493389793, 42.95197079864363], [-72.62235667502891, 42.95172229536523], [-72.62299200370187, 42.95137582681918], [-72.62312473309942, 42.951231520708056], [-72.62396505249674, 42.95031788443739], [-72.62383850003951, 42.95000156091274], [-72.62335105445511, 42.950134259253595], [-72.62269867296516, 42.9502149925879], [-72.62211622270156, 42.95022127671708], [-72.62140460816738, 42.95012910895803], [-72.62081133458226, 42.949930627451565], [-72.62050842849312, 42.94973642130714], [-72.61946094175818, 42.94858751063339], [-72.61928807007023, 42.94839290167877], [-72.61905509314684, 42.9485132276605], [-72.61915638930105, 42.9486173128554], [-72.61849523600935, 42.948910840593335], [-72.61830912094655, 42.94810768538566], [-72.61752424814262, 42.948482361371724], [-72.61717238320327, 42.94858159166149], [-72.61667798512875, 42.946716637965615], [-72.6161410890374, 42.945681119812434], [-72.61589601375917, 42.94465721337877], [-72.6157804687683, 42.943549813206495], [-72.61565977924403, 42.943048477174486], [-72.614688715495, 42.94047843886211], [-72.61382681928208, 42.938943070834576], [-72.61273806647299, 42.936586266608714]]], [[[-72.52894690589048, 42.91752619798543], [-72.52795259477912, 42.91937588657008], [-72.52973876296436, 42.91971286243506], [-72.53034275430385, 42.919918629566595], [-72.53069093040325, 42.92016386565929], [-72.53181460403887, 42.92132982639905], [-72.53217176056775, 42.921477412335534], [-72.5330437747286, 42.92165620523044], [-72.53340158900957, 42.920330174662745], [-72.53326418944329, 42.91948196834487], [-72.52894690589048, 42.91752619798543]]], [[[-72.61859763118598, 42.914479322859485], [-72.61722345345676, 42.914573346639585], [-72.61684010403852, 42.91463017983328], [-72.61700764144246, 42.914853977109075], [-72.61696562707871, 42.91495373188488], [-72.61671400151089, 42.915102133700806], [-72.61648530532455, 42.91533821037109], [-72.61607959522665, 42.91540350398451], [-72.61601124054158, 42.9154841505746], [-72.61514623063951, 42.91560837573054], [-72.6141701139099, 42.91572383739514], [-72.61359677212812, 42.915723079068826], [-72.61346529561186, 42.91581934661213], [-72.61433048712793, 42.91708577745296], [-72.61490953550543, 42.91812400992071], [-72.61540935933692, 42.919491899910724], [-72.61553141257845, 42.92070775298868], [-72.61539027758894, 42.921872387407674], [-72.61516418882528, 42.92260644907006], [-72.61491238388955, 42.9231525828788], [-72.61441698053942, 42.92405192191228], [-72.61339155575223, 42.92530989511489], [-72.61387346862945, 42.92539368290375], [-72.61425721202183, 42.92546075378534], [-72.61418791932442, 42.92571332610301], [-72.61479391102978, 42.92576918912438], [-72.61491880981798, 42.92578470736035], [-72.61496738730595, 42.92567257918367], [-72.6166908321164, 42.92572709831579], [-72.6176906999826, 42.923588869084305], [-72.61792349683556, 42.92222160241056], [-72.61879447456786, 42.922306648753576], [-72.62183470050259, 42.922418609821705], [-72.62182627904183, 42.92245073227893], [-72.6221511153927, 42.92252643175394], [-72.6229141435894, 42.92283047177131], [-72.62411496835244, 42.92338305779518], [-72.62434333683976, 42.92372560620089], [-72.62477024534319, 42.924162113400705], [-72.62584784265329, 42.92494425741571], [-72.62619985947082, 42.92528917756168], [-72.62689715581915, 42.925823453406146], [-72.62714127046779, 42.9261573700813], [-72.62721107261764, 42.92662731731698], [-72.62742700231139, 42.92716468835906], [-72.62745585492061, 42.92748174184058], [-72.62821072148513, 42.92701505017565], [-72.62974130458065, 42.92606877702566], [-72.63376286571487, 42.92358246986485], [-72.63314606425993, 42.922798243918564], [-72.63270031024227, 42.922363996978845], [-72.63193356281789, 42.9217569466667], [-72.63133763495492, 42.92118888882406], [-72.63067409801468, 42.92069328687636], [-72.62987136488185, 42.919655715415615], [-72.62937025700067, 42.91926370472586], [-72.62847165820315, 42.91880882345138], [-72.62769867523949, 42.918557039006316], [-72.62666480343997, 42.918083750308384], [-72.62526164580791, 42.91752616394257], [-72.62424280656845, 42.917248825289356], [-72.62224266659697, 42.91562165222758], [-72.62157340015305, 42.9151880391407], [-72.62116700232362, 42.914989072434174], [-72.62014924051013, 42.91464087057273], [-72.61943633240043, 42.91451947817901], [-72.61859763118598, 42.914479322859485]]], [[[-72.60873400403524, 42.91331271414422], [-72.60863684030762, 42.913621810830314], [-72.60981624075502, 42.915054522670374], [-72.61047606306407, 42.91568789744654], [-72.61041014442513, 42.91573646441376], [-72.61185800418576, 42.91694691116623], [-72.61237040073438, 42.917532950631056], [-72.6130354330836, 42.918660702566065], [-72.6140803880251, 42.91831675514097], [-72.61340833489943, 42.91711102244677], [-72.61296994225808, 42.9164942305599], [-72.61253753181144, 42.91601963114123], [-72.61146814175721, 42.91530382472498], [-72.61099323490241, 42.914866223628216], [-72.61066402493299, 42.914681625285496], [-72.61004393402176, 42.914190126274455], [-72.60873400403524, 42.91331271414422]]], [[[-72.56373621743663, 42.91125331496271], [-72.5631886644476, 42.91317970542638], [-72.56164272260611, 42.91612497326727], [-72.56030235066959, 42.91609299481932], [-72.55979610828554, 42.9176682465579], [-72.5593715753507, 42.91900430326097], [-72.55879512397101, 42.92090420139839], [-72.55957135975925, 42.9209318177122], [-72.55926004348491, 42.921589423968165], [-72.55922168845004, 42.922112866717235], [-72.56032509365565, 42.922143728024075], [-72.56061024284128, 42.92095468821184], [-72.56426308217063, 42.9210500293231], [-72.56421701011554, 42.921284352161706], [-72.56577452234193, 42.92130962927491], [-72.56609158700654, 42.92138410781143], [-72.5662810533338, 42.92142861275942], [-72.56627287986821, 42.92130294237055], [-72.5664355934467, 42.92106772559515], [-72.56656866319666, 42.92116699725592], [-72.56637513909621, 42.92160360807744], [-72.56630565727151, 42.9218856231512], [-72.56654039608586, 42.92340132792248], [-72.56670986572658, 42.92578955394249], [-72.56654581099448, 42.927364634721386], [-72.56572349868655, 42.92840317940191], [-72.56667115408314, 42.93035812358973], [-72.56622514776741, 42.93034294598911], [-72.56539263703111, 42.93261218016876], [-72.56090349828594, 42.93222115214311], [-72.5608125514744, 42.932536529585946], [-72.5607248819367, 42.932840546581275], [-72.56089622437014, 42.93305731084606], [-72.56052186846432, 42.93403734186928], [-72.56013515066115, 42.935039294955686], [-72.55973122916453, 42.935028606018086], [-72.55956172678945, 42.93613269256629], [-72.55973032946856, 42.93626785304306], [-72.56031069470734, 42.93659457829207], [-72.56097431476928, 42.93680302426251], [-72.56169150895911, 42.9369074429418], [-72.56229135152455, 42.93689046186159], [-72.56359553943393, 42.9367261746071], [-72.5642855901096, 42.936928541905964], [-72.565637928908, 42.93718090098656], [-72.56667247489789, 42.93863830545117], [-72.56703159114294, 42.93955494990255], [-72.56773239641564, 42.93992462195703], [-72.5681231231159, 42.940358178434465], [-72.56849430864797, 42.940904194332035], [-72.56918070343814, 42.94135282445231], [-72.56931883333178, 42.94150951894537], [-72.56976006651463, 42.94159740204068], [-72.57047755491291, 42.94250271239389], [-72.5704346910189, 42.94351093821545], [-72.57118877343119, 42.94408201406762], [-72.57124909004051, 42.9442005459596], [-72.57179666843392, 42.94439932943182], [-72.57194042334217, 42.94461881169339], [-72.57283594735306, 42.945303973973715], [-72.5749016420528, 42.94581265873416], [-72.57595980146849, 42.94638998761188], [-72.57620418202225, 42.94672304385145], [-72.57641520445507, 42.94671428115975], [-72.57764193489236, 42.94736160559447], [-72.5781137640386, 42.94834376834981], [-72.57815824319852, 42.94863606724565], [-72.57838766960309, 42.94868971467476], [-72.57858512934573, 42.94941379856749], [-72.57870434060389, 42.94979680472656], [-72.57892405740526, 42.949864490791576], [-72.57942653049884, 42.94986705985349], [-72.5831407323136, 42.94988491340953], [-72.58272567023268, 42.9492742026923], [-72.58229729938125, 42.94882404511653], [-72.58152049745078, 42.946517905302755], [-72.58121671074976, 42.945895775161446], [-72.58072053383405, 42.945157004658576], [-72.5795834712333, 42.94388636095498], [-72.57931094819688, 42.943242957439566], [-72.5783158975855, 42.941390619868606], [-72.57765730880314, 42.9403401322063], [-72.57760976875527, 42.94027213164738], [-72.5768801605922, 42.94037834236513], [-72.57553646122209, 42.940575836736386], [-72.57572813251426, 42.94131718256193], [-72.57445697426348, 42.941530280431806], [-72.57429519275487, 42.94160008998733], [-72.5721937830902, 42.94200777779653], [-72.57201006644166, 42.94193548220867], [-72.57112495340014, 42.942016294754474], [-72.57083761750981, 42.941873884585746], [-72.57093048655486, 42.94105518135329], [-72.57053418953555, 42.94105029244368], [-72.56999074513791, 42.94128035010718], [-72.5685307379916, 42.9409000244507], [-72.56886429207741, 42.939920479980366], [-72.56856138033388, 42.93987540562544], [-72.56909744727682, 42.93579324487294], [-72.56882535723837, 42.935559184417706], [-72.56877840055922, 42.935282269679256], [-72.56995966095342, 42.93514795014228], [-72.57018521491032, 42.93521547135507], [-72.57212112638088, 42.93525404658906], [-72.5722921243885, 42.93531033211358], [-72.57532689136168, 42.935404819144765], [-72.57567650100754, 42.93486084506605], [-72.57593128209793, 42.93408588155482], [-72.57624095261042, 42.93227440187018], [-72.57618628661004, 42.93142312770592], [-72.57566641905593, 42.92998512223867], [-72.5755410038737, 42.928976566654384], [-72.5754158503558, 42.92858377372002], [-72.57519295051452, 42.92822170362335], [-72.57459349920282, 42.92749437388027], [-72.57392429186334, 42.926054340365525], [-72.57320805249805, 42.92530601123156], [-72.57315264915187, 42.92499079638085], [-72.57321857904618, 42.92412124517602], [-72.57317864910735, 42.92304586031756], [-72.5731603452478, 42.92274543340435], [-72.57335625115944, 42.92229203097358], [-72.57349288925101, 42.921673036938664], [-72.57379473198473, 42.91991297862018], [-72.57450483231983, 42.91798390540865], [-72.57523514984096, 42.9164335940346], [-72.57240641941021, 42.91640976170988], [-72.57225990987331, 42.91623489791324], [-72.57095366948933, 42.915556441788524], [-72.56797294280724, 42.91311728173284], [-72.56713907794047, 42.913063908857566], [-72.56760156223471, 42.91129335281393], [-72.56373621743663, 42.91125331496271]]], [[[-72.60027987988272, 42.90690476358218], [-72.60010661149228, 42.90719931524391], [-72.60008990732669, 42.90736451936358], [-72.60007617275976, 42.90749115739754], [-72.60028562807628, 42.90804091442157], [-72.60063513976006, 42.90836132218852], [-72.6005109579297, 42.90847604327944], [-72.60091483953796, 42.90903120490023], [-72.60085293910258, 42.90908843896258], [-72.60147509615717, 42.9097289516074], [-72.60249366187762, 42.91008253932608], [-72.60321690898553, 42.91073776275005], [-72.60424201261006, 42.91110214839717], [-72.6043273549254, 42.91133064458978], [-72.60464565501208, 42.91126156656873], [-72.6049486277424, 42.911409724185425], [-72.6057499205994, 42.91065289402393], [-72.60445213111541, 42.90973242059006], [-72.60204672502549, 42.908295320652314], [-72.60107432799474, 42.90758502157657], [-72.60027987988272, 42.90690476358218]]], [[[-72.5499807259694, 42.90436146573039], [-72.54975679368461, 42.90443312167918], [-72.54879340138781, 42.90519461261641], [-72.54811481177185, 42.90572109775333], [-72.54879585841083, 42.90589710567432], [-72.54880120951465, 42.90593876716506], [-72.54707420130737, 42.90760791698507], [-72.54542678581089, 42.90913334021428], [-72.54506947122862, 42.90929927945241], [-72.54640243889241, 42.91034576056119], [-72.54564923318206, 42.91070524761137], [-72.54503307758178, 42.911049863140484], [-72.54331550520823, 42.912766447152656], [-72.54302424771936, 42.91329048481826], [-72.54399026471546, 42.913886304988104], [-72.54513285556965, 42.914388439820826], [-72.54726906677386, 42.915015169952454], [-72.54820090151921, 42.91515521983953], [-72.54817591966867, 42.91534904673976], [-72.54851542765418, 42.91538009419681], [-72.54849699917939, 42.915795809116005], [-72.54899461552012, 42.91581473985557], [-72.54902737690068, 42.915253060280385], [-72.55018002021816, 42.91544087611584], [-72.55098728728369, 42.91547603928008], [-72.553366605149, 42.91525657482061], [-72.5551211459404, 42.915063822862756], [-72.55498821215161, 42.91319488364599], [-72.55480680438336, 42.91270922997899], [-72.55453222255706, 42.91239069479552], [-72.55475628523868, 42.912390250268345], [-72.55461779327148, 42.911641417169946], [-72.5545355554202, 42.91119675277987], [-72.55169692607282, 42.91107766877414], [-72.55189903952659, 42.91067600743622], [-72.552459530193, 42.90641554033301], [-72.55219704548668, 42.90640621996097], [-72.55030846193925, 42.90791910819225], [-72.54942053180856, 42.908714577444954], [-72.5494029134266, 42.90602204816947], [-72.5495031984757, 42.9055996418756], [-72.5499807259694, 42.90436146573039]]], [[[-72.65481946582753, 42.898970292096905], [-72.65629950164535, 42.899881091403905], [-72.65706912277706, 42.90024147066447], [-72.65776056506196, 42.9004738599068], [-72.65845386185563, 42.900925877757935], [-72.65879525501141, 42.901423615798166], [-72.6592793147721, 42.90192893837235], [-72.65971306328197, 42.902892916044536], [-72.66023852756867, 42.90374941878781], [-72.66165868935924, 42.905506966855], [-72.66226707550636, 42.90600642506093], [-72.66326991095605, 42.90653257064205], [-72.66423558666243, 42.90750665479211], [-72.66589330273948, 42.90865390958466], [-72.66225208236122, 42.908489102821896], [-72.6610450520775, 42.90852323579477], [-72.65966477884754, 42.90871007557837], [-72.65825926914593, 42.9091463552144], [-72.66191280288793, 42.91398958960735], [-72.66922797468986, 42.914254351370644], [-72.66977891055522, 42.914755647855074], [-72.67105039896737, 42.91554836470365], [-72.6702675596071, 42.91593512899048], [-72.6685845731467, 42.91708804167298], [-72.66743271666347, 42.91775423188212], [-72.66737455247141, 42.91999956115686], [-72.6673492327957, 42.921008377449816], [-72.66696408350415, 42.921078562585855], [-72.66557013678906, 42.920981220201526], [-72.66287556303335, 42.92004206010566], [-72.66208571549916, 42.91973979881575], [-72.66181058610509, 42.91988117904866], [-72.66127739341707, 42.92024962090369], [-72.66060229857189, 42.92084540072393], [-72.65951551377582, 42.922001551393045], [-72.66425491706768, 42.92225109920108], [-72.67618170336365, 42.922347238638835], [-72.67623142365494, 42.9214185336115], [-72.67468198238745, 42.92139586141365], [-72.67480229839929, 42.91940941355354], [-72.67375666331806, 42.91930432706224], [-72.6740656419182, 42.91880768713917], [-72.67429038515357, 42.91853495107984], [-72.67449290168784, 42.91801974074146], [-72.67494032599191, 42.91725027611913], [-72.67540660246279, 42.915957255786246], [-72.67554963658507, 42.915098228767995], [-72.67549183467312, 42.91481793297483], [-72.67509718454119, 42.914344992736815], [-72.67663024215557, 42.91441855645047], [-72.67676777312454, 42.91182883906092], [-72.67580722569943, 42.91131403756386], [-72.6757732744263, 42.909689297152454], [-72.67558935221668, 42.90908311341202], [-72.67532507065778, 42.9086369784032], [-72.67487233659995, 42.9080906725655], [-72.67327633926374, 42.90663375462551], [-72.67389230017571, 42.90612987416009], [-72.67450981946814, 42.905466582195125], [-72.67513272403987, 42.90514011207568], [-72.6758383149506, 42.904560380990425], [-72.67622338494719, 42.90410301956555], [-72.67674444228874, 42.9030949203123], [-72.67726000938531, 42.90256043467797], [-72.67736443445283, 42.89966401234288], [-72.66148258992982, 42.899100856559656], [-72.65481946582753, 42.898970292096905]]], [[[-72.60058535456345, 42.897793616818724], [-72.60121844180416, 42.89869247640232], [-72.6023542784994, 42.89960979169398], [-72.60257601705844, 42.899833133727384], [-72.60275767522864, 42.900176665077716], [-72.60306977503262, 42.900893137389865], [-72.6036935345422, 42.902693477667896], [-72.60370832179352, 42.902933272996115], [-72.60319282083137, 42.90431390266179], [-72.6032093542373, 42.90472637473351], [-72.60391217868035, 42.904784681093886], [-72.60440725580754, 42.90507057132246], [-72.60539880253577, 42.905476972628406], [-72.60599543786628, 42.90579065227703], [-72.60650719512715, 42.90650681244566], [-72.60771698541329, 42.90730133835155], [-72.60691447466009, 42.901817824865326], [-72.60648010354045, 42.901780006451716], [-72.60545211796794, 42.89919612845004], [-72.60464538273261, 42.89933551884112], [-72.60411311992203, 42.897882532432035], [-72.60235709058837, 42.89784776866464], [-72.60082742193879, 42.89780101865003], [-72.60058535456345, 42.897793616818724]]], [[[-72.57147103189237, 42.89712833817841], [-72.57002203354291, 42.90197689790244], [-72.57355716656006, 42.90216354680764], [-72.57453057763108, 42.902121353350175], [-72.57565178771253, 42.90215898159593], [-72.57476606302423, 42.90540514295778], [-72.57528745979009, 42.905462829688204], [-72.57561209951862, 42.90560745727146], [-72.57563993764843, 42.90561985888597], [-72.57588275366982, 42.90577580208343], [-72.57606560150971, 42.905884527934894], [-72.57615273301192, 42.90595183887387], [-72.57620694680031, 42.90599779020869], [-72.57631051532204, 42.90608948989432], [-72.57641955098858, 42.9061240179924], [-72.57657483677471, 42.906181976865966], [-72.57673485679344, 42.906230879984875], [-72.5767843106829, 42.90624173199479], [-72.57708777841547, 42.90627274234341], [-72.57747109986008, 42.90634458387438], [-72.57777744341004, 42.90644937590444], [-72.57811212765698, 42.906539223431466], [-72.57817591601311, 42.90655719100848], [-72.57846855299303, 42.906650585062756], [-72.57851695444276, 42.906667265812835], [-72.57909239766221, 42.90688058158629], [-72.5794313453833, 42.90708786094644], [-72.57936411002663, 42.90748883406018], [-72.57991145433522, 42.90828402641596], [-72.58019817312724, 42.907953723282354], [-72.58077334713093, 42.907272918587985], [-72.58087399401433, 42.906987033572406], [-72.5818628724279, 42.90700767525452], [-72.58360532282155, 42.90244945386343], [-72.58390394670302, 42.902787998229435], [-72.58442450147314, 42.9032005464286], [-72.5851645583028, 42.90361623196946], [-72.58564253682646, 42.90382232641507], [-72.58600632147389, 42.90435536235412], [-72.58653684031371, 42.90482640429393], [-72.587410665624, 42.905307251714994], [-72.58865684305957, 42.90567958310988], [-72.59177820765267, 42.90608921679548], [-72.59246376394907, 42.90607510908803], [-72.59325722411138, 42.90593254958892], [-72.59593160864436, 42.90493399562283], [-72.59597273767153, 42.90499987890923], [-72.59644280334818, 42.90449190289158], [-72.59634297082917, 42.902787478768474], [-72.59638562017228, 42.90278843398496], [-72.59592543257517, 42.90267076514368], [-72.59612909803826, 42.902344254183284], [-72.59582674684002, 42.90161028214614], [-72.59643357356774, 42.901187929644536], [-72.59574374025836, 42.90070354476404], [-72.594976359537, 42.90079776302022], [-72.59423098085095, 42.90096655282543], [-72.59165312680271, 42.90191018473147], [-72.5906638765278, 42.901766220830154], [-72.59039349192027, 42.90139054043445], [-72.5898991471888, 42.900944689589615], [-72.58931787397049, 42.90060073468976], [-72.58858175942432, 42.90030647057175], [-72.58819200484628, 42.89839700897766], [-72.58784082283546, 42.89773859388618], [-72.58760187264525, 42.897448739721675], [-72.58398587523831, 42.89737715267784], [-72.57969160013062, 42.89729191401094], [-72.57147103189237, 42.89712833817841]]], [[[-72.55278524352812, 42.89673730220761], [-72.5525083732121, 42.8972332303619], [-72.55243028668284, 42.8976461965733], [-72.55211173547637, 42.89830608758894], [-72.55218150431709, 42.89846126960898], [-72.55270182241614, 42.89884674503294], [-72.5526163818574, 42.89916248615558], [-72.55291388262125, 42.89958431909503], [-72.55326617492861, 42.899438640672976], [-72.55364735200853, 42.89934360802001], [-72.55382248165837, 42.89943674392053], [-72.55419461584678, 42.899989396427216], [-72.55429605496586, 42.90037940097981], [-72.55424055596544, 42.90052489640119], [-72.5540006090966, 42.900777017239115], [-72.55391466510758, 42.901000870975516], [-72.5540330220084, 42.901809486186494], [-72.55387415681285, 42.90326265290424], [-72.55393482070947, 42.90347852384413], [-72.55408878758506, 42.90367448516497], [-72.55400336167516, 42.904675668881225], [-72.55524482526008, 42.90489856011429], [-72.55661362919456, 42.901702546995445], [-72.55826559921861, 42.89914122427623], [-72.55661640631713, 42.89903418294868], [-72.55674002543255, 42.89877044321159], [-72.55670801136297, 42.89849058868111], [-72.55681638350293, 42.898170332104755], [-72.55702629117395, 42.89800421876338], [-72.5575125649277, 42.896849234766506], [-72.55360389200092, 42.89677076293776], [-72.55278524352812, 42.89673730220761]]]]}}, {"type": "Feature", "properties": {"OBJECT_ID": 1191, "County": "Windham", "RPC": "WRC", "Municipal_Name": "Dummerston ", "GEO_ID": "5002518325", "District_Name": "Conservation", "Abbreviated_District_Name": "Cn", "District_Type": "Mixed with Residential", "Bylaw_Date": "2024-05-27T00:00:00", "Elderly_Housing_District": "No", "District_Mapped": "Yes", "Overlay_District": "No", "Base_Density": null, "GIS_ID": null, "Last_Update": null, "Shape_Length": 107956.01798941281, "Shape_Area": 33962852.34109611, "F1F_Allowance": "Permitted", "F1F_Front_Setback": 50.0, "F1F_Side_Setback": 40.0, "F1F_Rear_Setback": 40.0, "F1F_Frontage": null, "F1F_Max_Height": 35.0, "F1F_Max_Stories": null, "F1F_Min_Lot_Size": 10.0, "F1F_Max_Lot_Building_Coverage": 10.0, "F1F_Max_Lot_Impervious_Coverage": null, "F1F_Min_Parking_Spaces": 2.0, "F1F_Elderly_Housing_Only": null, "F1F_Affordable_Housing_Only": null, "F2F_Allowance": "Permitted", "F2F_Front_Setback": 50.0, "F2F_Side_Setback": 40.0, "F2F_Rear_Setback": 40.0, "F2F_Frontage": null, "F2F_Max_Density": null, "F2F_Max_Height": 35.0, "F2F_Max_Stories": null, "F2F_Min_Lot_Size": 10.0, "F2F_Max_Lot_Building_Coverage": 10.0, "F2F_Max_Lot_Impervious_Coverage": null, "F2F_Min_Parking_Spaces_per_1BR": 2.0, "F2F_Min_Parking_Spaces_per_mult_BR": 2.0, "F2F_Elderly_Housing_Only": "No", "F2F_Affordable_Housing_Only": "No", "F3F_Allowance": "Prohibited", "F3F_Front_Setback": null, "F3F_Side_Setback": null, "F3F_Rear_Setback": null, "F3F_Frontage": null, "F3F_Max_Density": null, "F3F_Max_Height": null, "F3F_Max_Stories": null, "F3F_Min_Lot_Size": null, "F3F_Max_Lot_Building_Coverage": null, "F3F_Max_Lot_Impervious_Coverage": null, "F3F_Min_Parking_Spaces_per_1BR": null, "F3F_Min_Parking_Spaces_per_mult_BR": null, "F3F_Affordable_Housing_Only": "No", "F3F_Proximity_to_Public_Transit_Required": "No", "F3F_Connection_to_Sewage/Water_Required": "No", "F4F_Allowance": "Prohibited", "F4F_Front_Setback": null, "F4F_Side_Setback": null, "F4F_Rear_Setback": null, "F4F_Frontage": null, "F1F_Max_Density": null, "F4F_Max_Density": null, "F4F_Max_Height": null, "F4F_Max_Stories": null, "F4F_Min_Lot_Size": null, "F4F_Max_Lot_Building_Coverage": null, "F4F_Max_Lot_Impervious_Coverage": null, "F4F_Min_Parking_Spaces_per_1BR": null, "F4F_Min_Parking_Spaces_per_mult_BR": null, "F3F_Elderly_Housing_Only": "No", "F4F_Elderly_Housing_Only": "No", "F4F_Affordable_Housing_Only": "No", "F4F_Proximity_to_Public_Transit_Required": "No", "F4F_Connection_to_Sewage/Water_Required": "No", "ADU_Allowance": "Allowed/Conditional", "ADU_Elderly_Housing_Only": "No", "ADU_Max_Size_as_Percent_of_Primary_Strcture": 30.0, "ADU_Max_Size_in_sq_ft": 1000.0, "ADU_Min_Lot_Size": null, "ADU_Max_Bedrooms": 1.0, "ADU_Min_Parking_Spaces": null, "ADU_Owner_Occupancy_Required": "No", "ADU_Renter_Occupancy_Prohibited": "No", "ADU_Employee_or_Family_Occupancy_Required": "No", "ADU_Restricted_to_Primary_Structure": "No", "Affordable_Housing_Allowance": "Not Mentioned", "Affordable_Housing_District": "No", "Affordable_Housing_Elderly_Only": "No", "Affordable_Housing_Min_Lot_Size": null, "Affordable_Housing_Max_Density": null, "Affordable_Housing_Min_Parking_Spaces_per_mult_BR": null, "Affordable_Housing_Max_Units_per_Building": null, "Affordable_Housing_Min_Parking_Spaces_per_1BR": null, "PRD_Allowance": "Public Hearing", "PRD_Max_Density": null, "PRD_Max_Units": null, "PRD_Min_Lot_Size": null, "PRD_Mobile_or_Manufactured_Home_Park": "No", "PUD_Allowance": "Yes", "PUD_Required_with_Subdivision": "T", "PUD_Requires_Land_Conservation": null, "PUD_Threshold_Number": null, "Notes": "  Prd Must Be More Than Or Equal to 5 Dwelling Units. Adu Is Public Hearing If It Is Greater Than 30% Of The Primary Building's Area But Less Than 50%", "FIPS6": null}, "geometry": {"type": "MultiPolygon", "coordinates": [[[[-72.6757732744263, 42.909689297152454], [-72.67558935221668, 42.90908311341202], [-72.67532507065778, 42.9086369784032], [-72.67487233659995, 42.9080906725655], [-72.67327633926374, 42.90663375462551], [-72.67389230017571, 42.90612987416009], [-72.67450981946814, 42.905466582195125], [-72.67513272403987, 42.90514011207568], [-72.6758383149506, 42.904560380990425], [-72.67622338494719, 42.90410301956555], [-72.67674444228874, 42.9030949203123], [-72.67726000938531, 42.90256043467797], [-72.67676777312454, 42.91182883906092], [-72.67580722569943, 42.91131403756386], [-72.6757732744263, 42.909689297152454]]], [[[-72.65629950164535, 42.899881091403905], [-72.65706912277706, 42.90024147066447], [-72.65776056506196, 42.9004738599068], [-72.65845386185563, 42.900925877757935], [-72.65879525501141, 42.901423615798166], [-72.6592793147721, 42.90192893837235], [-72.65971306328197, 42.902892916044536], [-72.66023852756867, 42.90374941878781], [-72.66165868935924, 42.905506966855], [-72.66226707550636, 42.90600642506093], [-72.66326991095605, 42.90653257064205], [-72.66423558666243, 42.90750665479211], [-72.66589330273948, 42.90865390958466], [-72.66225208236122, 42.908489102821896], [-72.6610450520775, 42.90852323579477], [-72.65966477884754, 42.90871007557837], [-72.65825926914593, 42.9091463552144], [-72.66191280288793, 42.91398958960735], [-72.66922797468986, 42.914254351370644], [-72.66977891055522, 42.914755647855074], [-72.67105039896737, 42.91554836470365], [-72.6702675596071, 42.91593512899048], [-72.6685845731467, 42.91708804167298], [-72.66743271666347, 42.91775423188212], [-72.66737455247141, 42.91999956115686], [-72.6673492327957, 42.921008377449816], [-72.66696408350415, 42.921078562585855], [-72.66557013678906, 42.920981220201526], [-72.66287556303335, 42.92004206010566], [-72.66208571549916, 42.91973979881575], [-72.66181058610509, 42.91988117904866], [-72.66127739341707, 42.92024962090369], [-72.66060229857189, 42.92084540072393], [-72.65951551377582, 42.922001551393045], [-72.65142156463564, 42.92157537366922], [-72.6507700830523, 42.92271035279446], [-72.64948260262923, 42.92234433929605], [-72.64862274548723, 42.92167162278459], [-72.64794258939975, 42.92063084679374], [-72.64682782462667, 42.919531277747026], [-72.64614414105071, 42.91822359221851], [-72.64583103551438, 42.9177522619891], [-72.64509781725636, 42.917015841155475], [-72.64454099545067, 42.91545568624647], [-72.64427764749696, 42.91551607040766], [-72.64412900826441, 42.91562093403346], [-72.64384478608869, 42.91600527117633], [-72.64362658163134, 42.9160037735634], [-72.64343956819165, 42.91585133509626], [-72.64350810262374, 42.91544853468808], [-72.64326536741937, 42.91359552825926], [-72.64312524976783, 42.913246666555786], [-72.64285283325516, 42.912949521274385], [-72.64261147185185, 42.91284116599725], [-72.64220716666654, 42.912772888660484], [-72.64186515088242, 42.91283045376311], [-72.64134445473206, 42.913076858191594], [-72.64079265543904, 42.91311175274957], [-72.64049563602723, 42.91401652968613], [-72.63909878138008, 42.91045281307073], [-72.63855053344233, 42.90968826519048], [-72.63760738279677, 42.908731446405085], [-72.63660317747069, 42.90777682061476], [-72.636208133139, 42.907517752329284], [-72.63561622428259, 42.907285821092685], [-72.63489463956114, 42.907198197889386], [-72.63424255327605, 42.90730148407213], [-72.63347031211006, 42.90755565614315], [-72.63250764330178, 42.908181007839524], [-72.63204975160083, 42.90830294538118], [-72.6311753362753, 42.90839616577153], [-72.63067245180378, 42.90861250423074], [-72.63034049423598, 42.908880122768146], [-72.63003773000324, 42.909366817418274], [-72.6297891998307, 42.91016978195185], [-72.6297684380471, 42.9106890875591], [-72.6288879092021, 42.91044747340201], [-72.62855563145978, 42.910045042079695], [-72.62811898837656, 42.90974159325576], [-72.62736273214198, 42.90950460641603], [-72.62623025043415, 42.90924141935203], [-72.62552312389232, 42.909168922768096], [-72.6243609895685, 42.90917847469653], [-72.62269021228987, 42.9093896008022], [-72.6218733172205, 42.909722600420984], [-72.62203853351257, 42.908626506775775], [-72.62216825776076, 42.90753094837151], [-72.62236777129192, 42.907261141995335], [-72.62303999428464, 42.906268098815495], [-72.6237287846729, 42.90504547733544], [-72.62417461802993, 42.90363435759439], [-72.62512380585144, 42.90183157567032], [-72.62562770028042, 42.90071718357], [-72.62587264925509, 42.899673374009964], [-72.62593639281472, 42.899116704964236], [-72.62585749656834, 42.898393911931755], [-72.63787220336005, 42.89870395232689], [-72.65136337933805, 42.89890241722256], [-72.65481946582753, 42.898970292096905], [-72.65629950164535, 42.899881091403905]]], [[[-72.56023181751499, 42.90099623357751], [-72.56061861536968, 42.901452798242], [-72.56168955642525, 42.902382026646805], [-72.56241249618053, 42.904042905876075], [-72.56285683240229, 42.904698986841424], [-72.56326612603699, 42.90513406833158], [-72.56376669953956, 42.90552636971152], [-72.5649317160894, 42.90611647388056], [-72.56419660976579, 42.90867352813046], [-72.56373621743663, 42.91125331496271], [-72.5631886644476, 42.91317970542638], [-72.56164272260611, 42.91612497326727], [-72.56030235066959, 42.91609299481932], [-72.55979610828554, 42.9176682465579], [-72.5593715753507, 42.91900430326097], [-72.55879512397101, 42.92090420139839], [-72.55957135975925, 42.9209318177122], [-72.55926004348491, 42.921589423968165], [-72.55922168845004, 42.922112866717235], [-72.56032509365565, 42.922143728024075], [-72.56061024284128, 42.92095468821184], [-72.56426308217063, 42.9210500293231], [-72.56421701011554, 42.921284352161706], [-72.56577452234193, 42.92130962927491], [-72.56609158700654, 42.92138410781143], [-72.5662810533338, 42.92142861275942], [-72.56627287986821, 42.92130294237055], [-72.5664355934467, 42.92106772559515], [-72.56656866319666, 42.92116699725592], [-72.56637513909621, 42.92160360807744], [-72.56630565727151, 42.9218856231512], [-72.56654039608586, 42.92340132792248], [-72.56670986572658, 42.92578955394249], [-72.56654581099448, 42.927364634721386], [-72.56572349868655, 42.92840317940191], [-72.56667115408314, 42.93035812358973], [-72.56622514776741, 42.93034294598911], [-72.56539263703111, 42.93261218016876], [-72.56090349828594, 42.93222115214311], [-72.5596745641589, 42.932143038902844], [-72.55817042179893, 42.93193344909853], [-72.5576967989233, 42.93185754966644], [-72.55750463050698, 42.93182672657174], [-72.5574472127108, 42.93182794725517], [-72.55419952757299, 42.93189693289777], [-72.55398533455215, 42.931259368741394], [-72.55357395611033, 42.930167365251684], [-72.5528444106585, 42.929236964990224], [-72.55286248843989, 42.92861839125635], [-72.55307354871115, 42.927409183815854], [-72.55327575762693, 42.926810994682924], [-72.54843666131165, 42.926716624070124], [-72.54611611067988, 42.92675163493908], [-72.54598631860144, 42.92700103603095], [-72.54159961689325, 42.92698082425669], [-72.54181633445356, 42.92644001392402], [-72.54206907934598, 42.925482218747405], [-72.5420862639362, 42.92454457680419], [-72.54193586869157, 42.92375310387784], [-72.54150524713138, 42.922400645666265], [-72.54113542348772, 42.920942245998404], [-72.54097272753455, 42.919095585597255], [-72.54081056351349, 42.915787115690364], [-72.5422492330804, 42.91432736935585], [-72.54302424771936, 42.91329048481826], [-72.54399026471546, 42.913886304988104], [-72.54513285556965, 42.914388439820826], [-72.54726906677386, 42.915015169952454], [-72.54820090151921, 42.91515521983953], [-72.54817591966867, 42.91534904673976], [-72.54851542765418, 42.91538009419681], [-72.54849699917939, 42.915795809116005], [-72.54899461552012, 42.91581473985557], [-72.54902737690068, 42.915253060280385], [-72.55018002021816, 42.91544087611584], [-72.55098728728369, 42.91547603928008], [-72.553366605149, 42.91525657482061], [-72.5551211459404, 42.915063822862756], [-72.55498821215161, 42.91319488364599], [-72.55480680438336, 42.91270922997899], [-72.55453222255706, 42.91239069479552], [-72.55475628523868, 42.912390250268345], [-72.55461779327148, 42.911641417169946], [-72.5545355554202, 42.91119675277987], [-72.55169692607282, 42.91107766877414], [-72.55189903952659, 42.91067600743622], [-72.552459530193, 42.90641554033301], [-72.55219704548668, 42.90640621996097], [-72.55030846193925, 42.90791910819225], [-72.54942053180856, 42.908714577444954], [-72.5494029134266, 42.90602204816947], [-72.5495031984757, 42.9055996418756], [-72.5499807259694, 42.90436146573039], [-72.55058773120447, 42.903449637804535], [-72.5509608263263, 42.90252547016473], [-72.55124123175209, 42.90104424063657], [-72.55109356121184, 42.899689339296806], [-72.55142214090417, 42.899845325040445], [-72.55174908230977, 42.900125253291], [-72.55205418975902, 42.900159022681734], [-72.5522444259555, 42.900077498808464], [-72.55258692459505, 42.89977464626735], [-72.55291388262125, 42.89958431909503], [-72.55326617492861, 42.899438640672976], [-72.55364735200853, 42.89934360802001], [-72.55382248165837, 42.89943674392053], [-72.55419461584678, 42.899989396427216], [-72.55429605496586, 42.90037940097981], [-72.55424055596544, 42.90052489640119], [-72.5540006090966, 42.900777017239115], [-72.55391466510758, 42.901000870975516], [-72.5540330220084, 42.901809486186494], [-72.55387415681285, 42.90326265290424], [-72.55393482070947, 42.90347852384413], [-72.55408878758506, 42.90367448516497], [-72.55400336167516, 42.904675668881225], [-72.55524482526008, 42.90489856011429], [-72.55661362919456, 42.901702546995445], [-72.55826559921861, 42.89914122427623], [-72.55661640631713, 42.89903418294868], [-72.55674002543255, 42.89877044321159], [-72.55670801136297, 42.89849058868111], [-72.55681638350293, 42.898170332104755], [-72.55702629117395, 42.89800421876338], [-72.5575125649277, 42.896849234766506], [-72.55850369711534, 42.896869109424834], [-72.55859663897185, 42.897939236292146], [-72.55883462424697, 42.89881159704809], [-72.56023181751499, 42.90099623357751]]], [[[-72.67623142365494, 42.9214185336115], [-72.67468198238745, 42.92139586141365], [-72.67480229839929, 42.91940941355354], [-72.67375666331806, 42.91930432706224], [-72.6740656419182, 42.91880768713917], [-72.67429038515357, 42.91853495107984], [-72.67449290168784, 42.91801974074146], [-72.67494032599191, 42.91725027611913], [-72.67540660246279, 42.915957255786246], [-72.67554963658507, 42.915098228767995], [-72.67549183467312, 42.91481793297483], [-72.67509718454119, 42.914344992736815], [-72.67663024215557, 42.91441855645047], [-72.6765127400998, 42.916481008796985], [-72.67623142365494, 42.9214185336115]]], [[[-72.60257601705844, 42.899833133727384], [-72.60275767522864, 42.900176665077716], [-72.60119447375207, 42.900202549162536], [-72.60136757972853, 42.90064313236801], [-72.60137855348763, 42.9012822614128], [-72.60094073448008, 42.904016541274565], [-72.60091729799642, 42.90466488412212], [-72.60099371013125, 42.90503635827292], [-72.60107903143856, 42.905399397747765], [-72.60144972391484, 42.90623255767306], [-72.60182003875917, 42.906761003044124], [-72.60238656034478, 42.90736588031149], [-72.60376934652881, 42.90838807034809], [-72.60645540458894, 42.91016807557468], [-72.60850086243782, 42.91160286844538], [-72.60939079313674, 42.91227698771296], [-72.61231432282754, 42.914718760658765], [-72.61247951889649, 42.914634444682704], [-72.61282614897523, 42.9147118992925], [-72.61315221549494, 42.91471706685539], [-72.61386980558929, 42.91457109544391], [-72.6142880212984, 42.91455120658193], [-72.61479991190178, 42.91466967041069], [-72.61507452888685, 42.91467885213808], [-72.61571882180128, 42.914465595637175], [-72.61616041551586, 42.91424712488775], [-72.61636457135354, 42.91402971139823], [-72.61684010403852, 42.91463017983328], [-72.61700764144246, 42.914853977109075], [-72.61696562707871, 42.91495373188488], [-72.61671400151089, 42.915102133700806], [-72.61648530532455, 42.91533821037109], [-72.61607959522665, 42.91540350398451], [-72.61601124054158, 42.9154841505746], [-72.61514623063951, 42.91560837573054], [-72.6141701139099, 42.91572383739514], [-72.61359677212812, 42.915723079068826], [-72.61346529561186, 42.91581934661213], [-72.61433048712793, 42.91708577745296], [-72.61490953550543, 42.91812400992071], [-72.61540935933692, 42.919491899910724], [-72.61553141257845, 42.92070775298868], [-72.61539027758894, 42.921872387407674], [-72.61516418882528, 42.92260644907006], [-72.61491238388955, 42.9231525828788], [-72.61441698053942, 42.92405192191228], [-72.61339155575223, 42.92530989511489], [-72.61184344197862, 42.92716535505067], [-72.61130034405419, 42.92794292782988], [-72.61092852814555, 42.92881503771228], [-72.61081735504656, 42.929527101125124], [-72.61085012823467, 42.9300409035682], [-72.61107212537507, 42.930810168037226], [-72.61239895150786, 42.93321608120716], [-72.6150814480432, 42.939946480430926], [-72.61641828263939, 42.94286431436443], [-72.61565977924403, 42.943048477174486], [-72.614688715495, 42.94047843886211], [-72.61382681928208, 42.938943070834576], [-72.61273806647299, 42.936586266608714], [-72.6124229964269, 42.93491870042642], [-72.61182270311325, 42.93435618358387], [-72.61113465342835, 42.93388050742291], [-72.6106928995843, 42.93336647597802], [-72.61028978599178, 42.93270949743181], [-72.61020986749404, 42.93150916867141], [-72.61010516947535, 42.93096622144937], [-72.60979300626985, 42.93040442788531], [-72.60969140427427, 42.92999110757514], [-72.60904017087861, 42.930024797401714], [-72.60845851186365, 42.92991010737534], [-72.60751579155405, 42.930345434774786], [-72.60701706122865, 42.93059447663053], [-72.60629317660751, 42.93150254635488], [-72.60325263666324, 42.931453293629794], [-72.60275789450831, 42.933218678162696], [-72.59725424134203, 42.93205907926377], [-72.59740828382523, 42.93166226705252], [-72.5958153551796, 42.93143985793055], [-72.5960172745004, 42.93056921840569], [-72.59555913122475, 42.93087871510297], [-72.59525931849699, 42.93133634441873], [-72.59370202812417, 42.93112042420979], [-72.59022509773979, 42.9312136786237], [-72.59143765473713, 42.92893420688175], [-72.59173774514558, 42.92817203676229], [-72.59195745051598, 42.927032314871674], [-72.59193466286493, 42.926459356047275], [-72.59204443542457, 42.92561610317975], [-72.59199412108799, 42.924962656699535], [-72.59173931244412, 42.92417789738779], [-72.59126012225632, 42.9230995717496], [-72.59097684558412, 42.92263663698666], [-72.58946897207882, 42.92258329708866], [-72.58971025592054, 42.92162676080081], [-72.58934507192646, 42.92160974737963], [-72.58933720008574, 42.920922474669325], [-72.589205406838, 42.92084237289651], [-72.58919010884024, 42.92032125101847], [-72.5893457695255, 42.91917564296996], [-72.58679897548636, 42.919101542254985], [-72.58730978835644, 42.917362965592105], [-72.5871834239494, 42.91684948941175], [-72.58727557897006, 42.91635450768707], [-72.58729701581947, 42.915537942132566], [-72.58811223115714, 42.91393161803294], [-72.58688879366983, 42.91270130183582], [-72.58366336080911, 42.915222592359164], [-72.58438310515683, 42.91601400563525], [-72.58434355893773, 42.916885900859995], [-72.58422263728252, 42.91771690240599], [-72.58369582715936, 42.9191218920593], [-72.58301306692847, 42.92134257923465], [-72.58320700723974, 42.92134959407171], [-72.5818533558628, 42.92612682828745], [-72.58211787267331, 42.92613240457802], [-72.58155754708905, 42.92794258842368], [-72.58150318669104, 42.927936858706566], [-72.58147195604666, 42.92805713585064], [-72.58151866401734, 42.92806286743135], [-72.5808260875843, 42.930646171272805], [-72.58097332667809, 42.93082368140949], [-72.58119993901003, 42.931880627098316], [-72.5813382746838, 42.931939025155756], [-72.58132732636975, 42.932075994423265], [-72.58179413041225, 42.932176801083166], [-72.58235546852518, 42.93263396969876], [-72.5828293382337, 42.93290634358423], [-72.58327919339213, 42.93303359686537], [-72.5836585186526, 42.9330635442129], [-72.58434997806202, 42.93295593288966], [-72.58503627206323, 42.93307414331241], [-72.58578067504173, 42.93329746917696], [-72.58657460822202, 42.93339229900139], [-72.58688515922478, 42.933351836850996], [-72.58771992549705, 42.933079351344055], [-72.58816036830999, 42.9329934362673], [-72.58923929871993, 42.93290192574732], [-72.59106099235892, 42.93362341971973], [-72.591665097907, 42.93423530906001], [-72.592247714784, 42.93443703214583], [-72.59285039703727, 42.934410539258664], [-72.5939641979527, 42.93426462308209], [-72.59528380803117, 42.93387732942972], [-72.59590424706259, 42.933934977189814], [-72.596598261552, 42.93415584165739], [-72.59622739244291, 42.935422566653045], [-72.59698931193611, 42.93547135944165], [-72.59781730736727, 42.935630340739024], [-72.59809584552754, 42.93584685943391], [-72.59822169096269, 42.93696043467125], [-72.59834320936146, 42.93737614836655], [-72.59867473171465, 42.93809987762225], [-72.59808977608016, 42.93827514970932], [-72.59765552750066, 42.938513906817526], [-72.59649523741706, 42.939414868150855], [-72.59614927553376, 42.93976797277159], [-72.59585802481644, 42.94035006959865], [-72.59566103020995, 42.94111390915394], [-72.59526345316132, 42.9422376529926], [-72.59520926931127, 42.94271011787274], [-72.59530490157907, 42.943061291570515], [-72.59559229153783, 42.943455228054226], [-72.59606411830656, 42.94377670319928], [-72.59660095331668, 42.94397629433641], [-72.59606744473392, 42.94534861820385], [-72.59918600998597, 42.94541101432031], [-72.5984035185072, 42.94768898910539], [-72.59796123481624, 42.94841205391928], [-72.59667293010965, 42.95291823261953], [-72.59595024166009, 42.95300360242877], [-72.5954953680094, 42.95377746343357], [-72.59592382734189, 42.95495878055584], [-72.59613341254253, 42.954769394171045], [-72.5967707957137, 42.955084475687805], [-72.60095962288227, 42.95521321697625], [-72.604844924362, 42.95542042316034], [-72.60627395969964, 42.955951418043384], [-72.60649969498726, 42.95692970803566], [-72.60634476394327, 42.9579197012692], [-72.60572328700991, 42.960012962751755], [-72.6060872122368, 42.960024296974304], [-72.60880657188964, 42.960108991434986], [-72.61166406171454, 42.960197927250405], [-72.61276071214552, 42.9573020236255], [-72.61421495554417, 42.952439571092825], [-72.61501270620626, 42.95348190263017], [-72.61553235807035, 42.95395852506331], [-72.61695071637972, 42.954869683866036], [-72.61770681296147, 42.95520948605341], [-72.61804135638981, 42.955534734184276], [-72.61857652205387, 42.95590187636376], [-72.61919405251388, 42.95621000577805], [-72.61987837704571, 42.956435392254896], [-72.62002183634364, 42.95774042422922], [-72.6203583098917, 42.95850502338893], [-72.6210205125188, 42.959228785308376], [-72.62162171669755, 42.95967133378243], [-72.6222176130216, 42.959983994899304], [-72.6230474963927, 42.960304870569566], [-72.62413721048699, 42.96056911419627], [-72.62532809350337, 42.96069986857422], [-72.62745093354316, 42.96080986078031], [-72.62891798642794, 42.9610032047589], [-72.63073360115727, 42.961162881248846], [-72.63136386451319, 42.961170968013576], [-72.63208623622813, 42.961082509810645], [-72.63272990395852, 42.96092814561523], [-72.63337521924929, 42.960673840694774], [-72.63408243353285, 42.9602411496434], [-72.63481090055929, 42.95954934623889], [-72.63511300181136, 42.95907603787854], [-72.63611946357351, 42.95700477941757], [-72.62910453337672, 42.95511690342415], [-72.62895213422145, 42.955425215887146], [-72.6273385108373, 42.95531417473954], [-72.62713444876071, 42.95429329743872], [-72.62639934597718, 42.95300547931586], [-72.62582519339269, 42.952353101636575], [-72.62517388501782, 42.951870950951765], [-72.6242894983463, 42.95149016172447], [-72.62312473309942, 42.951231520708056], [-72.62396505249674, 42.95031788443739], [-72.62383850003951, 42.95000156091274], [-72.62337437842038, 42.949928280795994], [-72.62325761796944, 42.94955644580103], [-72.62352080460043, 42.948846626799856], [-72.6237653438959, 42.94827531867749], [-72.62441357228602, 42.94834222288325], [-72.6244077846824, 42.947944863151534], [-72.62440557326003, 42.947792942415035], [-72.62487063751976, 42.94778157075615], [-72.62496672972853, 42.94774767008714], [-72.62643973919975, 42.947064268941396], [-72.62799966870722, 42.945334701628546], [-72.6295121509319, 42.94276411604303], [-72.62928566991911, 42.94120792435191], [-72.62853999504433, 42.94111712292223], [-72.62547271105615, 42.94152645787275], [-72.62545378239695, 42.93691473278363], [-72.6241335549691, 42.9368644677698], [-72.62393164063357, 42.93679024705171], [-72.6222644310571, 42.93997323568945], [-72.62118510763459, 42.93978548381565], [-72.62044049348884, 42.94121088493629], [-72.61966891934539, 42.941365247702606], [-72.61864302188326, 42.93911981644556], [-72.61590207718108, 42.932263588823844], [-72.613884027597, 42.932274427135425], [-72.61341240881124, 42.93025282039312], [-72.61395511672058, 42.928737500151826], [-72.61434103745097, 42.928178969076875], [-72.6166908321164, 42.92572709831579], [-72.6176906999826, 42.923588869084305], [-72.61792349683556, 42.92222160241056], [-72.61879447456786, 42.922306648753576], [-72.62183470050259, 42.922418609821705], [-72.62182627904183, 42.92245073227893], [-72.62124469764694, 42.924689978714], [-72.62323621538765, 42.92634708296264], [-72.62417173585114, 42.9277989728782], [-72.6245102474023, 42.92855355871816], [-72.62397993209329, 42.93039234558033], [-72.62390925962167, 42.93092770595051], [-72.62403792665337, 42.931637710870326], [-72.62441227875588, 42.93229904999925], [-72.6248395367172, 42.932735803447294], [-72.62557338128326, 42.93320726922267], [-72.62644829323649, 42.93352309974197], [-72.62716143549636, 42.93364445676659], [-72.62789309970552, 42.93366123681492], [-72.62884886877112, 42.93352042559072], [-72.62972247692576, 42.933202644445466], [-72.63039547313547, 42.93277588306214], [-72.63099467329371, 42.93213336229717], [-72.63133323808509, 42.9313577634195], [-72.6316073248903, 42.930359882061964], [-72.63222825487416, 42.92988436023184], [-72.63298216598693, 42.92967935756207], [-72.63371292297934, 42.92994841362386], [-72.63441371473849, 42.93010372942683], [-72.64705116896597, 42.930687247648045], [-72.64660832538425, 42.932107770983876], [-72.64449089908474, 42.93755346872459], [-72.64190292312128, 42.94652069493036], [-72.64149229116903, 42.947943517640816], [-72.64144867854442, 42.94813676924209], [-72.6409843445125, 42.950194104708], [-72.63949273760336, 42.956803016439295], [-72.6355455878674, 42.96920711196881], [-72.620890563954, 42.968714562779084], [-72.60803733644475, 42.9683734628343], [-72.60235365848416, 42.96812846785995], [-72.601350286195, 42.968085218250756], [-72.60033517259119, 42.96805121144929], [-72.58341413888041, 42.96748434680846], [-72.58079101944182, 42.96739647075332], [-72.57488418536822, 42.9671985892523], [-72.57435678299942, 42.966474761954565], [-72.57519600275003, 42.96616712500885], [-72.575895494536, 42.96574613582239], [-72.5763596030194, 42.96533004808354], [-72.57695017191882, 42.96451676603164], [-72.57750659558631, 42.96410569031076], [-72.57870206653432, 42.963778640583115], [-72.57944433845189, 42.963441828804505], [-72.57993927671954, 42.96309740307657], [-72.58037225681811, 42.96270544472693], [-72.58136800801238, 42.96145725473783], [-72.58255110762065, 42.95994282635871], [-72.58283424496784, 42.95939060074652], [-72.58303976635028, 42.95875485099476], [-72.58390221796238, 42.95936406134868], [-72.58523575749331, 42.9599290878904], [-72.58497188683904, 42.96108982719999], [-72.58496508576407, 42.962207682865284], [-72.58510940794643, 42.96283951323848], [-72.58529770345443, 42.963309701848154], [-72.58525442421451, 42.96402954329416], [-72.58558869513487, 42.96553164597109], [-72.59327786537122, 42.96483451281113], [-72.5928978757848, 42.96436878888979], [-72.59282203126406, 42.96410149315699], [-72.59274603436748, 42.96375517008481], [-72.59276027191368, 42.962709970444834], [-72.59260883034557, 42.96208389956697], [-72.59242309070619, 42.96165683078807], [-72.59274553951846, 42.96033239903316], [-72.59280224695516, 42.95970680294251], [-72.59277094173017, 42.959126499041965], [-72.5925466726898, 42.95841277690453], [-72.59194287711561, 42.957168137279986], [-72.59140821035506, 42.95656740290455], [-72.59090704759318, 42.95617523543555], [-72.58924821009282, 42.95529190799028], [-72.58850507730888, 42.9549942220361], [-72.58804497094684, 42.95462161357271], [-72.5881864419345, 42.954035008580085], [-72.58812162936195, 42.953320145058676], [-72.587807129901, 42.952641953357826], [-72.58726441562483, 42.95204664695454], [-72.58653045738805, 42.951574812103395], [-72.58588416453651, 42.95132167605014], [-72.58518306472816, 42.95116602707574], [-72.58445411822018, 42.951113835050066], [-72.58391200822616, 42.951144350450626], [-72.58373063870644, 42.95106002664582], [-72.5831407323136, 42.94988491340953], [-72.58272567023268, 42.9492742026923], [-72.58229729938125, 42.94882404511653], [-72.58152049745078, 42.946517905302755], [-72.58121671074976, 42.945895775161446], [-72.58072053383405, 42.945157004658576], [-72.5795834712333, 42.94388636095498], [-72.57931094819688, 42.943242957439566], [-72.5783158975855, 42.941390619868606], [-72.57765730880314, 42.9403401322063], [-72.57760976875527, 42.94027213164738], [-72.5768801605922, 42.94037834236513], [-72.57578454061907, 42.93836594500532], [-72.5756615132906, 42.93795138586453], [-72.57566078150347, 42.93735669859309], [-72.57660295508158, 42.93739217593921], [-72.57659950286967, 42.93543929815094], [-72.57532689136168, 42.935404819144765], [-72.57567650100754, 42.93486084506605], [-72.57593128209793, 42.93408588155482], [-72.57624095261042, 42.93227440187018], [-72.57618628661004, 42.93142312770592], [-72.57566641905593, 42.92998512223867], [-72.5755410038737, 42.928976566654384], [-72.5754158503558, 42.92858377372002], [-72.57519295051452, 42.92822170362335], [-72.57459349920282, 42.92749437388027], [-72.57392429186334, 42.926054340365525], [-72.57320805249805, 42.92530601123156], [-72.57315264915187, 42.92499079638085], [-72.57321857904618, 42.92412124517602], [-72.57317864910735, 42.92304586031756], [-72.5731603452478, 42.92274543340435], [-72.57335625115944, 42.92229203097358], [-72.57349288925101, 42.921673036938664], [-72.57379473198473, 42.91991297862018], [-72.57450483231983, 42.91798390540865], [-72.57523514984096, 42.9164335940346], [-72.57580299411187, 42.915343547618725], [-72.57637963584975, 42.91452182502794], [-72.57759657031036, 42.91308291764109], [-72.5787593726253, 42.91183320120386], [-72.57990633029974, 42.91106526371337], [-72.58029982958932, 42.91073414324107], [-72.58083026501475, 42.91005494440391], [-72.58087602072317, 42.90997971697286], [-72.58069945425746, 42.90956402333667], [-72.58019522618932, 42.90884690119482], [-72.57991145433522, 42.90828402641596], [-72.58019817312724, 42.907953723282354], [-72.58077334713093, 42.907272918587985], [-72.58087399401433, 42.906987033572406], [-72.5818628724279, 42.90700767525452], [-72.58360532282155, 42.90244945386343], [-72.58390394670302, 42.902787998229435], [-72.58442450147314, 42.9032005464286], [-72.5851645583028, 42.90361623196946], [-72.58564253682646, 42.90382232641507], [-72.58600632147389, 42.90435536235412], [-72.58653684031371, 42.90482640429393], [-72.587410665624, 42.905307251714994], [-72.58865684305957, 42.90567958310988], [-72.59177820765267, 42.90608921679548], [-72.59246376394907, 42.90607510908803], [-72.59325722411138, 42.90593254958892], [-72.59593160864436, 42.90493399562283], [-72.59597273767153, 42.90499987890923], [-72.59644280334818, 42.90449190289158], [-72.59634297082917, 42.902787478768474], [-72.59638562017228, 42.90278843398496], [-72.59708142568213, 42.9028234164129], [-72.59752786984538, 42.90291819041612], [-72.59779077819657, 42.903038686078325], [-72.59806032829006, 42.903248964631025], [-72.59843920950651, 42.90353267211679], [-72.5985358887844, 42.90368768286402], [-72.59859754675145, 42.90430712142078], [-72.59874687625415, 42.90475145195913], [-72.59917439279246, 42.90675025468621], [-72.59948300234399, 42.90705440162658], [-72.60008990732669, 42.90736451936358], [-72.60007617275976, 42.90749115739754], [-72.60028562807628, 42.90804091442157], [-72.60063513976006, 42.90836132218852], [-72.6005109579297, 42.90847604327944], [-72.60091483953796, 42.90903120490023], [-72.60085293910258, 42.90908843896258], [-72.60147509615717, 42.9097289516074], [-72.60249366187762, 42.91008253932608], [-72.60321690898553, 42.91073776275005], [-72.60424201261006, 42.91110214839717], [-72.6043273549254, 42.91133064458978], [-72.60464565501208, 42.91126156656873], [-72.6049486277424, 42.911409724185425], [-72.6057499205994, 42.91065289402393], [-72.60445213111541, 42.90973242059006], [-72.60204672502549, 42.908295320652314], [-72.60107432799474, 42.90758502157657], [-72.60027987988272, 42.90690476358218], [-72.60041687210612, 42.90681368681969], [-72.59991510821612, 42.906445784618576], [-72.59970411659893, 42.90620778484666], [-72.59965513142676, 42.90596965006596], [-72.60004220515587, 42.90489752019889], [-72.60012168305347, 42.90395664940615], [-72.60082973711185, 42.901062173604515], [-72.60076392062093, 42.90044296821056], [-72.60042279745511, 42.89984782014664], [-72.59970899402792, 42.899181553862675], [-72.59875222063548, 42.89850357067966], [-72.59778160451067, 42.89770787425142], [-72.60058535456345, 42.897793616818724], [-72.60121844180416, 42.89869247640232], [-72.6023542784994, 42.89960979169398], [-72.60257601705844, 42.899833133727384]], [[-72.61041014442513, 42.91573646441376], [-72.61185800418576, 42.91694691116623], [-72.61237040073438, 42.917532950631056], [-72.6130354330836, 42.918660702566065], [-72.6140803880251, 42.91831675514097], [-72.61340833489943, 42.91711102244677], [-72.61296994225808, 42.9164942305599], [-72.61253753181144, 42.91601963114123], [-72.61146814175721, 42.91530382472498], [-72.61099323490241, 42.914866223628216], [-72.61066402493299, 42.914681625285496], [-72.61004393402176, 42.914190126274455], [-72.60873400403524, 42.91331271414422], [-72.60863684030762, 42.913621810830314], [-72.60981624075502, 42.915054522670374], [-72.61047606306407, 42.91568789744654], [-72.61041014442513, 42.91573646441376]]], [[[-72.54923634132565, 42.93788112467662], [-72.54947560591613, 42.93865707968745], [-72.5501851616824, 42.939766033557234], [-72.55193438543722, 42.941724103849715], [-72.55199880991209, 42.94190474100247], [-72.55214803801579, 42.94395054339824], [-72.55238311265401, 42.94511878084267], [-72.55250984921241, 42.94546539756455], [-72.55331467579188, 42.94694759196732], [-72.55370170929075, 42.947404176195306], [-72.55448191166117, 42.94802674217538], [-72.55520953587423, 42.94841249644403], [-72.55587759053414, 42.948678259225495], [-72.5559827666461, 42.948771399026], [-72.55679203789887, 42.95119562895192], [-72.55705475479755, 42.95175903090028], [-72.55727115010885, 42.95208081412389], [-72.55769806951369, 42.952517809663355], [-72.55858750788104, 42.953100242592264], [-72.55804086591765, 42.954143464131825], [-72.55765408875926, 42.955204247051434], [-72.55690397419554, 42.956364224054255], [-72.55628919083718, 42.957119992786794], [-72.55593655886297, 42.958145469697925], [-72.55488598445206, 42.958463964188624], [-72.55440363538821, 42.95871185139688], [-72.5537161842079, 42.958839484211346], [-72.55298756949932, 42.95909003007227], [-72.55197758819048, 42.95964602861157], [-72.55107392914475, 42.960501130077475], [-72.5507119125987, 42.96105146934091], [-72.54961557896968, 42.96323498912424], [-72.55342290380143, 42.96336589819736], [-72.55355246946787, 42.96314270201102], [-72.55397088148322, 42.96315506489657], [-72.55397074921846, 42.963441225386674], [-72.5559450635238, 42.96343086058715], [-72.55781500150783, 42.963429221111085], [-72.55933203209389, 42.96345907276902], [-72.55972110513132, 42.965746785929234], [-72.55886336990945, 42.96568650995747], [-72.55825969605947, 42.965644087854514], [-72.55877277485413, 42.966827847127036], [-72.55731508371987, 42.966809330438245], [-72.55347026170774, 42.96676047820229], [-72.5382490320742, 42.9663080568552], [-72.53877407483635, 42.965315551438806], [-72.5386222062219, 42.965193445655984], [-72.53924447803853, 42.964914937677776], [-72.53981040151092, 42.964573519261236], [-72.54047918577255, 42.96395432975339], [-72.54095602088515, 42.96336347278593], [-72.54140719303943, 42.962593041142036], [-72.54166187894106, 42.962015116815735], [-72.54207668619655, 42.96030469294165], [-72.54283276707324, 42.95876269459668], [-72.54298242253186, 42.95831142841044], [-72.54655961460425, 42.958421190707064], [-72.54862391814238, 42.95842616742221], [-72.54870781627343, 42.953747558096254], [-72.54676037609717, 42.95262240358262], [-72.54562334707428, 42.95217081288151], [-72.54527553152295, 42.95208577692978], [-72.54483970282435, 42.95206182163057], [-72.54438298307848, 42.9518303738668], [-72.54413256902887, 42.951602028882235], [-72.5437237717607, 42.950980933035105], [-72.5437235447645, 42.95066026692316], [-72.54362146907849, 42.950252356425835], [-72.54361412022999, 42.9502160167952], [-72.54361983943646, 42.95024741140844], [-72.54303631885234, 42.949747974251004], [-72.54252845162716, 42.94964598990809], [-72.5421081985407, 42.94941981342642], [-72.54195258643688, 42.94927170303109], [-72.54163503014851, 42.949296994569075], [-72.54112403372046, 42.94917199268876], [-72.54074095346519, 42.94894628660985], [-72.54047224139899, 42.94914477103476], [-72.53999644161718, 42.94937825200935], [-72.53946573337048, 42.94931844401445], [-72.53896478600487, 42.949133454825855], [-72.53896596948412, 42.94912914521732], [-72.53933137810226, 42.94781799444975], [-72.53955271212232, 42.9480267324138], [-72.53943441302373, 42.948347233435086], [-72.53945071340986, 42.948545134436365], [-72.53970931185901, 42.94865183087032], [-72.53984401347714, 42.948628039768735], [-72.54031241228775, 42.94827173657251], [-72.54059241411285, 42.94815693189217], [-72.5410557135154, 42.948259639393], [-72.54156231437943, 42.94855623187745], [-72.54174011127115, 42.948599737242404], [-72.54204380017774, 42.94856426126204], [-72.54237801987694, 42.94844352164965], [-72.54445582456475, 42.9488352709652], [-72.54534770429414, 42.948977789235556], [-72.54580647569968, 42.94898868159273], [-72.54707202115605, 42.944372127444346], [-72.54491121596506, 42.944323523896514], [-72.5457026294425, 42.939581772293465], [-72.54160570366855, 42.939441160405224], [-72.54226482863821, 42.93691918890311], [-72.5428654973277, 42.93475588329081], [-72.54747204959196, 42.93475630615268], [-72.549668923299, 42.934804984451034], [-72.54921566811736, 42.93720656012699], [-72.54923634132565, 42.93788112467662]]]]}}, {"type": "Feature", "properties": {"OBJECT_ID": 1195, "County": "Windham", "RPC": "WRC", "Municipal_Name": "Dummerston ", "GEO_ID": "5002518325", "District_Name": "Rural", "Abbreviated_District_Name": "Rur", "District_Type": "Mixed with Residential", "Bylaw_Date": "2024-05-27T00:00:00", "Elderly_Housing_District": "No", "District_Mapped": "Yes", "Overlay_District": "No", "Base_Density": null, "GIS_ID": null, "Last_Update": null, "Shape_Length": 56260.796223657875, "Shape_Area": 17463496.335702296, "F1F_Allowance": "Permitted", "F1F_Front_Setback": 50.0, "F1F_Side_Setback": 40.0, "F1F_Rear_Setback": 40.0, "F1F_Frontage": null, "F1F_Max_Height": 35.0, "F1F_Max_Stories": null, "F1F_Min_Lot_Size": 5.0, "F1F_Max_Lot_Building_Coverage": 10.0, "F1F_Max_Lot_Impervious_Coverage": null, "F1F_Min_Parking_Spaces": 2.0, "F1F_Elderly_Housing_Only": null, "F1F_Affordable_Housing_Only": null, "F2F_Allowance": "Permitted", "F2F_Front_Setback": 50.0, "F2F_Side_Setback": 40.0, "F2F_Rear_Setback": 40.0, "F2F_Frontage": null, "F2F_Max_Density": null, "F2F_Max_Height": 35.0, "F2F_Max_Stories": null, "F2F_Min_Lot_Size": 5.0, "F2F_Max_Lot_Building_Coverage": 10.0, "F2F_Max_Lot_Impervious_Coverage": null, "F2F_Min_Parking_Spaces_per_1BR": 2.0, "F2F_Min_Parking_Spaces_per_mult_BR": 2.0, "F2F_Elderly_Housing_Only": "No", "F2F_Affordable_Housing_Only": "No", "F3F_Allowance": "Prohibited", "F3F_Front_Setback": null, "F3F_Side_Setback": null, "F3F_Rear_Setback": null, "F3F_Frontage": null, "F3F_Max_Density": null, "F3F_Max_Height": null, "F3F_Max_Stories": null, "F3F_Min_Lot_Size": null, "F3F_Max_Lot_Building_Coverage": null, "F3F_Max_Lot_Impervious_Coverage": null, "F3F_Min_Parking_Spaces_per_1BR": null, "F3F_Min_Parking_Spaces_per_mult_BR": null, "F3F_Affordable_Housing_Only": "No", "F3F_Proximity_to_Public_Transit_Required": "No", "F3F_Connection_to_Sewage/Water_Required": "No", "F4F_Allowance": "Prohibited", "F4F_Front_Setback": null, "F4F_Side_Setback": null, "F4F_Rear_Setback": null, "F4F_Frontage": null, "F1F_Max_Density": null, "F4F_Max_Density": null, "F4F_Max_Height": null, "F4F_Max_Stories": null, "F4F_Min_Lot_Size": null, "F4F_Max_Lot_Building_Coverage": null, "F4F_Max_Lot_Impervious_Coverage": null, "F4F_Min_Parking_Spaces_per_1BR": null, "F4F_Min_Parking_Spaces_per_mult_BR": null, "F3F_Elderly_Housing_Only": "No", "F4F_Elderly_Housing_Only": "No", "F4F_Affordable_Housing_Only": "No", "F4F_Proximity_to_Public_Transit_Required": "No", "F4F_Connection_to_Sewage/Water_Required": "No", "ADU_Allowance": "Allowed/Conditional", "ADU_Elderly_Housing_Only": "No", "ADU_Max_Size_as_Percent_of_Primary_Strcture": 30.0, "ADU_Max_Size_in_sq_ft": 1000.0, "ADU_Min_Lot_Size": null, "ADU_Max_Bedrooms": 1.0, "ADU_Min_Parking_Spaces": null, "ADU_Owner_Occupancy_Required": "No", "ADU_Renter_Occupancy_Prohibited": "No", "ADU_Employee_or_Family_Occupancy_Required": "No", "ADU_Restricted_to_Primary_Structure": "No", "Affordable_Housing_Allowance": "Not Mentioned", "Affordable_Housing_District": "No", "Affordable_Housing_Elderly_Only": "No", "Affordable_Housing_Min_Lot_Size": null, "Affordable_Housing_Max_Density": null, "Affordable_Housing_Min_Parking_Spaces_per_mult_BR": null, "Affordable_Housing_Max_Units_per_Building": null, "Affordable_Housing_Min_Parking_Spaces_per_1BR": null, "PRD_Allowance": "Public Hearing", "PRD_Max_Density": null, "PRD_Max_Units": null, "PRD_Min_Lot_Size": null, "PRD_Mobile_or_Manufactured_Home_Park": "No", "PUD_Allowance": "Yes", "PUD_Required_with_Subdivision": "T", "PUD_Requires_Land_Conservation": null, "PUD_Threshold_Number": null, "Notes": "  Prd Must Be More Than Or Equal to 5 Dwelling Units. Adu Is Public Hearing If It Is Greater Than 30% Of The Primary Building's Area But Less Than 50%", "FIPS6": null}, "geometry": {"type": "MultiPolygon", "coordinates": [[[[-72.61633927084924, 42.948783455448535], [-72.61504150226807, 42.948856032329616], [-72.61260492964337, 42.94889309802232], [-72.61269996700864, 42.94984404161637], [-72.61297358126842, 42.95045987110335], [-72.61340173454123, 42.9510860916864], [-72.61384851623384, 42.95189318228215], [-72.61421495554417, 42.952439571092825], [-72.61501270620626, 42.95348190263017], [-72.61553235807035, 42.95395852506331], [-72.61695071637972, 42.954869683866036], [-72.61770681296147, 42.95520948605341], [-72.61804135638981, 42.955534734184276], [-72.61857652205387, 42.95590187636376], [-72.61919405251388, 42.95621000577805], [-72.61987837704571, 42.956435392254896], [-72.62002183634364, 42.95774042422922], [-72.6203583098917, 42.95850502338893], [-72.6210205125188, 42.959228785308376], [-72.62162171669755, 42.95967133378243], [-72.6222176130216, 42.959983994899304], [-72.6230474963927, 42.960304870569566], [-72.62413721048699, 42.96056911419627], [-72.62532809350337, 42.96069986857422], [-72.62745093354316, 42.96080986078031], [-72.62891798642794, 42.9610032047589], [-72.63073360115727, 42.961162881248846], [-72.63136386451319, 42.961170968013576], [-72.63208623622813, 42.961082509810645], [-72.63272990395852, 42.96092814561523], [-72.63337521924929, 42.960673840694774], [-72.63408243353285, 42.9602411496434], [-72.63481090055929, 42.95954934623889], [-72.63511300181136, 42.95907603787854], [-72.63611946357351, 42.95700477941757], [-72.62910453337672, 42.95511690342415], [-72.62895213422145, 42.955425215887146], [-72.6273385108373, 42.95531417473954], [-72.62713444876071, 42.95429329743872], [-72.62639934597718, 42.95300547931586], [-72.62582519339269, 42.952353101636575], [-72.62517388501782, 42.951870950951765], [-72.6242894983463, 42.95149016172447], [-72.62312473309942, 42.951231520708056], [-72.62299200370187, 42.95137582681918], [-72.62235667502891, 42.95172229536523], [-72.62160493389793, 42.95197079864363], [-72.62098263923859, 42.952095309589936], [-72.62029525267558, 42.952096034028145], [-72.61932202032997, 42.95183029616617], [-72.61844560642105, 42.9513415379471], [-72.6180523671742, 42.95098149599417], [-72.61752555969144, 42.95016747880093], [-72.61739763279716, 42.94945734837707], [-72.6166214135731, 42.94945958032246], [-72.61645393084389, 42.949522611030254], [-72.61635308949083, 42.9493122475802], [-72.61633927084924, 42.948783455448535]]], [[[-72.62393164063357, 42.93679024705171], [-72.6222644310571, 42.93997323568945], [-72.62118510763459, 42.93978548381565], [-72.62044049348884, 42.94121088493629], [-72.61966891934539, 42.941365247702606], [-72.62235398777797, 42.94702176772361], [-72.62364432521767, 42.94780512579307], [-72.62440557326003, 42.947792942415035], [-72.62487063751976, 42.94778157075615], [-72.62496672972853, 42.94774767008714], [-72.62643973919975, 42.947064268941396], [-72.62799966870722, 42.945334701628546], [-72.6295121509319, 42.94276411604303], [-72.62928566991911, 42.94120792435191], [-72.62853999504433, 42.94111712292223], [-72.62547271105615, 42.94152645787275], [-72.62545378239695, 42.93691473278363], [-72.6241335549691, 42.9368644677698], [-72.62393164063357, 42.93679024705171]]], [[[-72.549668923299, 42.934804984451034], [-72.54921566811736, 42.93720656012699], [-72.54923634132565, 42.93788112467662], [-72.54947560591613, 42.93865707968745], [-72.5501851616824, 42.939766033557234], [-72.55193438543722, 42.941724103849715], [-72.55199880991209, 42.94190474100247], [-72.55214803801579, 42.94395054339824], [-72.55238311265401, 42.94511878084267], [-72.55250984921241, 42.94546539756455], [-72.55331467579188, 42.94694759196732], [-72.55370170929075, 42.947404176195306], [-72.55448191166117, 42.94802674217538], [-72.55520953587423, 42.94841249644403], [-72.55587759053414, 42.948678259225495], [-72.5559827666461, 42.948771399026], [-72.55679203789887, 42.95119562895192], [-72.55705475479755, 42.95175903090028], [-72.55727115010885, 42.95208081412389], [-72.55769806951369, 42.952517809663355], [-72.55858750788104, 42.953100242592264], [-72.55804086591765, 42.954143464131825], [-72.56441364560361, 42.95423914269325], [-72.56310165605721, 42.95845128345094], [-72.56133684232016, 42.96349163169728], [-72.55933203209389, 42.96345907276902], [-72.55972110513132, 42.965746785929234], [-72.55886336990945, 42.96568650995747], [-72.55825969605947, 42.965644087854514], [-72.55877277485413, 42.966827847127036], [-72.5587982183072, 42.96682816982928], [-72.55982963298884, 42.966847927354785], [-72.57054287060383, 42.96705315213271], [-72.57488418536822, 42.9671985892523], [-72.57435678299942, 42.966474761954565], [-72.57519600275003, 42.96616712500885], [-72.575895494536, 42.96574613582239], [-72.5763596030194, 42.96533004808354], [-72.57695017191882, 42.96451676603164], [-72.57750659558631, 42.96410569031076], [-72.57870206653432, 42.963778640583115], [-72.57944433845189, 42.963441828804505], [-72.57993927671954, 42.96309740307657], [-72.58037225681811, 42.96270544472693], [-72.58136800801238, 42.96145725473783], [-72.58255110762065, 42.95994282635871], [-72.58283424496784, 42.95939060074652], [-72.58303976635028, 42.95875485099476], [-72.58390221796238, 42.95936406134868], [-72.58523575749331, 42.9599290878904], [-72.58497188683904, 42.96108982719999], [-72.58496508576407, 42.962207682865284], [-72.58510940794643, 42.96283951323848], [-72.58529770345443, 42.963309701848154], [-72.58525442421451, 42.96402954329416], [-72.58558869513487, 42.96553164597109], [-72.59327786537122, 42.96483451281113], [-72.5928978757848, 42.96436878888979], [-72.59282203126406, 42.96410149315699], [-72.59274603436748, 42.96375517008481], [-72.59276027191368, 42.962709970444834], [-72.59260883034557, 42.96208389956697], [-72.59242309070619, 42.96165683078807], [-72.59274553951846, 42.96033239903316], [-72.59280224695516, 42.95970680294251], [-72.59277094173017, 42.959126499041965], [-72.5925466726898, 42.95841277690453], [-72.59194287711561, 42.957168137279986], [-72.59140821035506, 42.95656740290455], [-72.59090704759318, 42.95617523543555], [-72.58924821009282, 42.95529190799028], [-72.58850507730888, 42.9549942220361], [-72.58804497094684, 42.95462161357271], [-72.5881864419345, 42.954035008580085], [-72.58812162936195, 42.953320145058676], [-72.587807129901, 42.952641953357826], [-72.58726441562483, 42.95204664695454], [-72.58653045738805, 42.951574812103395], [-72.58588416453651, 42.95132167605014], [-72.58518306472816, 42.95116602707574], [-72.58445411822018, 42.951113835050066], [-72.58391200822616, 42.951144350450626], [-72.58373063870644, 42.95106002664582], [-72.5831407323136, 42.94988491340953], [-72.57942653049884, 42.94986705985349], [-72.57892405740526, 42.949864490791576], [-72.57870434060389, 42.94979680472656], [-72.57858512934573, 42.94941379856749], [-72.57838766960309, 42.94868971467476], [-72.57815824319852, 42.94863606724565], [-72.5781137640386, 42.94834376834981], [-72.57764193489236, 42.94736160559447], [-72.57641520445507, 42.94671428115975], [-72.57620418202225, 42.94672304385145], [-72.57595980146849, 42.94638998761188], [-72.5749016420528, 42.94581265873416], [-72.57283594735306, 42.945303973973715], [-72.57194042334217, 42.94461881169339], [-72.57179666843392, 42.94439932943182], [-72.57124909004051, 42.9442005459596], [-72.57118877343119, 42.94408201406762], [-72.5704346910189, 42.94351093821545], [-72.57047755491291, 42.94250271239389], [-72.56976006651463, 42.94159740204068], [-72.56931883333178, 42.94150951894537], [-72.56918070343814, 42.94135282445231], [-72.56849430864797, 42.940904194332035], [-72.5681231231159, 42.940358178434465], [-72.56773239641564, 42.93992462195703], [-72.56703159114294, 42.93955494990255], [-72.56667247489789, 42.93863830545117], [-72.565637928908, 42.93718090098656], [-72.5642855901096, 42.936928541905964], [-72.56359553943393, 42.9367261746071], [-72.56229135152455, 42.93689046186159], [-72.56169150895911, 42.9369074429418], [-72.56097431476928, 42.93680302426251], [-72.56031069470734, 42.93659457829207], [-72.55973032946856, 42.93626785304306], [-72.55956172678945, 42.93613269256629], [-72.55973122916453, 42.935028606018086], [-72.549668923299, 42.934804984451034]]], [[[-72.53582712067771, 42.93126899468001], [-72.53477778465637, 42.93127315131729], [-72.53477765447118, 42.93172106708244], [-72.53274677462963, 42.93170476498666], [-72.5306177754476, 42.93169085486138], [-72.53084195809522, 42.93290974537078], [-72.53065474896079, 42.93368125274495], [-72.52970663424524, 42.93408374074731], [-72.52894436461364, 42.9340400165901], [-72.52860239560842, 42.933852327985285], [-72.52855408943834, 42.934021681389], [-72.52834629919654, 42.93475015271729], [-72.52828275133999, 42.9353833198737], [-72.5282609755647, 42.935699076369026], [-72.529398594849, 42.935725230260964], [-72.53124734094914, 42.93577045222536], [-72.5330348839064, 42.93580659258495], [-72.53308947489691, 42.936229276930504], [-72.53383645261015, 42.93695311743142], [-72.53382122557788, 42.93781603607257], [-72.53420817056396, 42.9378212268137], [-72.53461209228945, 42.93677516438802], [-72.53508833323608, 42.936795557253774], [-72.53511887045067, 42.935961147153066], [-72.53548286220544, 42.9337714254235], [-72.5355762894953, 42.93247861758743], [-72.53551581011097, 42.93181416513456], [-72.53582712067771, 42.93126899468001]]], [[[-72.60845851186365, 42.92991010737534], [-72.60751579155405, 42.930345434774786], [-72.60701706122865, 42.93059447663053], [-72.60629317660751, 42.93150254635488], [-72.60325263666324, 42.931453293629794], [-72.60275789450831, 42.933218678162696], [-72.59725424134203, 42.93205907926377], [-72.59740828382523, 42.93166226705252], [-72.5958153551796, 42.93143985793055], [-72.5960172745004, 42.93056921840569], [-72.59555913122475, 42.93087871510297], [-72.59525931849699, 42.93133634441873], [-72.59370202812417, 42.93112042420979], [-72.59022509773979, 42.9312136786237], [-72.58952896261384, 42.93123164389636], [-72.58604676703199, 42.93107440693151], [-72.58533672160004, 42.93168852728043], [-72.58437159148966, 42.93221761209588], [-72.5836585186526, 42.9330635442129], [-72.58434997806202, 42.93295593288966], [-72.58503627206323, 42.93307414331241], [-72.58578067504173, 42.93329746917696], [-72.58657460822202, 42.93339229900139], [-72.58688515922478, 42.933351836850996], [-72.58771992549705, 42.933079351344055], [-72.58816036830999, 42.9329934362673], [-72.58923929871993, 42.93290192574732], [-72.59106099235892, 42.93362341971973], [-72.591665097907, 42.93423530906001], [-72.592247714784, 42.93443703214583], [-72.59285039703727, 42.934410539258664], [-72.5939641979527, 42.93426462308209], [-72.59528380803117, 42.93387732942972], [-72.59590424706259, 42.933934977189814], [-72.596598261552, 42.93415584165739], [-72.59622739244291, 42.935422566653045], [-72.59698931193611, 42.93547135944165], [-72.59781730736727, 42.935630340739024], [-72.59809584552754, 42.93584685943391], [-72.59822169096269, 42.93696043467125], [-72.59834320936146, 42.93737614836655], [-72.59867473171465, 42.93809987762225], [-72.59808977608016, 42.93827514970932], [-72.59765552750066, 42.938513906817526], [-72.59649523741706, 42.939414868150855], [-72.59614927553376, 42.93976797277159], [-72.59585802481644, 42.94035006959865], [-72.59566103020995, 42.94111390915394], [-72.59526345316132, 42.9422376529926], [-72.59520926931127, 42.94271011787274], [-72.59530490157907, 42.943061291570515], [-72.59559229153783, 42.943455228054226], [-72.59606411830656, 42.94377670319928], [-72.59660095331668, 42.94397629433641], [-72.59606744473392, 42.94534861820385], [-72.59918600998597, 42.94541101432031], [-72.5984035185072, 42.94768898910539], [-72.60219543635151, 42.947766364957175], [-72.60247396177849, 42.947846500163195], [-72.60554848041997, 42.94795248631853], [-72.60813590356554, 42.942891225861565], [-72.60883274336345, 42.94332495577102], [-72.60978935861529, 42.94369658679793], [-72.61212759229433, 42.944209758245584], [-72.61276780986267, 42.944176180593665], [-72.61277651992016, 42.94330247286964], [-72.61246274594086, 42.94237061404098], [-72.61228634339653, 42.94128540624119], [-72.61205594792584, 42.940724125663316], [-72.61059570009685, 42.93787252208074], [-72.61023493516109, 42.93697489899533], [-72.61017990785157, 42.93681201739792], [-72.61050968820572, 42.936777660586195], [-72.61273806647299, 42.936586266608714], [-72.6124229964269, 42.93491870042642], [-72.61182270311325, 42.93435618358387], [-72.61113465342835, 42.93388050742291], [-72.6106928995843, 42.93336647597802], [-72.61028978599178, 42.93270949743181], [-72.61020986749404, 42.93150916867141], [-72.61010516947535, 42.93096622144937], [-72.60979300626985, 42.93040442788531], [-72.60969140427427, 42.92999110757514], [-72.60904017087861, 42.930024797401714], [-72.60845851186365, 42.92991010737534]]], [[[-72.60411311992203, 42.897882532432035], [-72.60464538273261, 42.89933551884112], [-72.60545211796794, 42.89919612845004], [-72.60648010354045, 42.901780006451716], [-72.60691447466009, 42.901817824865326], [-72.60771698541329, 42.90730133835155], [-72.60983562512872, 42.908731257385135], [-72.61206959556878, 42.91036618118362], [-72.61584430116262, 42.91354183304507], [-72.61636457135354, 42.91402971139823], [-72.61684010403852, 42.91463017983328], [-72.61722345345676, 42.914573346639585], [-72.61859763118598, 42.914479322859485], [-72.61943633240043, 42.91451947817901], [-72.62014924051013, 42.91464087057273], [-72.62116700232362, 42.914989072434174], [-72.62157340015305, 42.9151880391407], [-72.62224266659697, 42.91562165222758], [-72.62424280656845, 42.917248825289356], [-72.62526164580791, 42.91752616394257], [-72.62666480343997, 42.918083750308384], [-72.62769867523949, 42.918557039006316], [-72.62847165820315, 42.91880882345138], [-72.62937025700067, 42.91926370472586], [-72.62987136488185, 42.919655715415615], [-72.63067409801468, 42.92069328687636], [-72.63133763495492, 42.92118888882406], [-72.63193356281789, 42.9217569466667], [-72.63270031024227, 42.922363996978845], [-72.63314606425993, 42.922798243918564], [-72.63376286571487, 42.92358246986485], [-72.62974130458065, 42.92606877702566], [-72.62821072148513, 42.92701505017565], [-72.62745585492061, 42.92748174184058], [-72.62742700231139, 42.92716468835906], [-72.62721107261764, 42.92662731731698], [-72.62714127046779, 42.9261573700813], [-72.62689715581915, 42.925823453406146], [-72.62619985947082, 42.92528917756168], [-72.62584784265329, 42.92494425741571], [-72.62477024534319, 42.924162113400705], [-72.62434333683976, 42.92372560620089], [-72.62411496835244, 42.92338305779518], [-72.6229141435894, 42.92283047177131], [-72.6221511153927, 42.92252643175394], [-72.62182627904183, 42.92245073227893], [-72.62124469764694, 42.924689978714], [-72.62323621538765, 42.92634708296264], [-72.62417173585114, 42.9277989728782], [-72.6245102474023, 42.92855355871816], [-72.62397993209329, 42.93039234558033], [-72.62390925962167, 42.93092770595051], [-72.62403792665337, 42.931637710870326], [-72.62441227875588, 42.93229904999925], [-72.6248395367172, 42.932735803447294], [-72.62557338128326, 42.93320726922267], [-72.62644829323649, 42.93352309974197], [-72.62716143549636, 42.93364445676659], [-72.62789309970552, 42.93366123681492], [-72.62884886877112, 42.93352042559072], [-72.62972247692576, 42.933202644445466], [-72.63039547313547, 42.93277588306214], [-72.63099467329371, 42.93213336229717], [-72.63133323808509, 42.9313577634195], [-72.6316073248903, 42.930359882061964], [-72.63222825487416, 42.92988436023184], [-72.63298216598693, 42.92967935756207], [-72.63371292297934, 42.92994841362386], [-72.63441371473849, 42.93010372942683], [-72.64705116896597, 42.930687247648045], [-72.64807328153793, 42.92740859332274], [-72.6507700830523, 42.92271035279446], [-72.64948260262923, 42.92234433929605], [-72.64862274548723, 42.92167162278459], [-72.64794258939975, 42.92063084679374], [-72.64682782462667, 42.919531277747026], [-72.64614414105071, 42.91822359221851], [-72.64583103551438, 42.9177522619891], [-72.64509781725636, 42.917015841155475], [-72.64454099545067, 42.91545568624647], [-72.64427764749696, 42.91551607040766], [-72.64412900826441, 42.91562093403346], [-72.64384478608869, 42.91600527117633], [-72.64362658163134, 42.9160037735634], [-72.64343956819165, 42.91585133509626], [-72.64350810262374, 42.91544853468808], [-72.64326536741937, 42.91359552825926], [-72.64312524976783, 42.913246666555786], [-72.64285283325516, 42.912949521274385], [-72.64261147185185, 42.91284116599725], [-72.64220716666654, 42.912772888660484], [-72.64186515088242, 42.91283045376311], [-72.64134445473206, 42.913076858191594], [-72.64079265543904, 42.91311175274957], [-72.64049563602723, 42.91401652968613], [-72.63909878138008, 42.91045281307073], [-72.63855053344233, 42.90968826519048], [-72.63760738279677, 42.908731446405085], [-72.63660317747069, 42.90777682061476], [-72.636208133139, 42.907517752329284], [-72.63561622428259, 42.907285821092685], [-72.63489463956114, 42.907198197889386], [-72.63424255327605, 42.90730148407213], [-72.63347031211006, 42.90755565614315], [-72.63250764330178, 42.908181007839524], [-72.63204975160083, 42.90830294538118], [-72.6311753362753, 42.90839616577153], [-72.63067245180378, 42.90861250423074], [-72.63034049423598, 42.908880122768146], [-72.63003773000324, 42.909366817418274], [-72.6297891998307, 42.91016978195185], [-72.6297684380471, 42.9106890875591], [-72.6288879092021, 42.91044747340201], [-72.62855563145978, 42.910045042079695], [-72.62811898837656, 42.90974159325576], [-72.62736273214198, 42.90950460641603], [-72.62623025043415, 42.90924141935203], [-72.62552312389232, 42.909168922768096], [-72.6243609895685, 42.90917847469653], [-72.62269021228987, 42.9093896008022], [-72.6218733172205, 42.909722600420984], [-72.62203853351257, 42.908626506775775], [-72.62216825776076, 42.90753094837151], [-72.62236777129192, 42.907261141995335], [-72.62303999428464, 42.906268098815495], [-72.6237287846729, 42.90504547733544], [-72.62417461802993, 42.90363435759439], [-72.62512380585144, 42.90183157567032], [-72.62562770028042, 42.90071718357], [-72.62587264925509, 42.899673374009964], [-72.62593639281472, 42.899116704964236], [-72.62585749656834, 42.898393911931755], [-72.62222237701197, 42.898204206387945], [-72.61755194876376, 42.89814756878038], [-72.60411311992203, 42.897882532432035]]], [[[-72.58760187264525, 42.897448739721675], [-72.58784082283546, 42.89773859388618], [-72.58819200484628, 42.89839700897766], [-72.58858175942432, 42.90030647057175], [-72.58931787397049, 42.90060073468976], [-72.5898991471888, 42.900944689589615], [-72.59039349192027, 42.90139054043445], [-72.5906638765278, 42.901766220830154], [-72.59165312680271, 42.90191018473147], [-72.59423098085095, 42.90096655282543], [-72.594976359537, 42.90079776302022], [-72.59574374025836, 42.90070354476404], [-72.59643357356774, 42.901187929644536], [-72.59582674684002, 42.90161028214614], [-72.59612909803826, 42.902344254183284], [-72.59592543257517, 42.90267076514368], [-72.59638562017228, 42.90278843398496], [-72.59708142568213, 42.9028234164129], [-72.59752786984538, 42.90291819041612], [-72.59779077819657, 42.903038686078325], [-72.59806032829006, 42.903248964631025], [-72.59843920950651, 42.90353267211679], [-72.5985358887844, 42.90368768286402], [-72.59859754675145, 42.90430712142078], [-72.59874687625415, 42.90475145195913], [-72.59917439279246, 42.90675025468621], [-72.59948300234399, 42.90705440162658], [-72.60008990732669, 42.90736451936358], [-72.60010661149228, 42.90719931524391], [-72.60027987988272, 42.90690476358218], [-72.60041687210612, 42.90681368681969], [-72.59991510821612, 42.906445784618576], [-72.59970411659893, 42.90620778484666], [-72.59965513142676, 42.90596965006596], [-72.60004220515587, 42.90489752019889], [-72.60012168305347, 42.90395664940615], [-72.60082973711185, 42.901062173604515], [-72.60076392062093, 42.90044296821056], [-72.60042279745511, 42.89984782014664], [-72.59970899402792, 42.899181553862675], [-72.59875222063548, 42.89850357067966], [-72.59778160451067, 42.89770787425142], [-72.59285776684241, 42.897557112947254], [-72.59244173220662, 42.89754437607387], [-72.58760187264525, 42.897448739721675]]]]}}, {"type": "Feature", "properties": {"OBJECT_ID": 1194, "County": "Windham", "RPC": "WRC", "Municipal_Name": "Dummerston ", "GEO_ID": "5002518325", "District_Name": "Riparian Overlay District", "Abbreviated_District_Name": "Ro", "District_Type": "Mixed with Residential", "Bylaw_Date": "2024-05-27T00:00:00", "Elderly_Housing_District": "No", "District_Mapped": "Yes", "Overlay_District": "Yes", "Base_Density": null, "GIS_ID": null, "Last_Update": null, "Shape_Length": 97472.55221424565, "Shape_Area": 9184530.788230747, "F1F_Allowance": "Overlay", "F1F_Front_Setback": null, "F1F_Side_Setback": null, "F1F_Rear_Setback": null, "F1F_Frontage": null, "F1F_Max_Height": 35.0, "F1F_Max_Stories": null, "F1F_Min_Lot_Size": null, "F1F_Max_Lot_Building_Coverage": null, "F1F_Max_Lot_Impervious_Coverage": null, "F1F_Min_Parking_Spaces": 2.0, "F1F_Elderly_Housing_Only": null, "F1F_Affordable_Housing_Only": null, "F2F_Allowance": "Overlay", "F2F_Front_Setback": null, "F2F_Side_Setback": null, "F2F_Rear_Setback": null, "F2F_Frontage": null, "F2F_Max_Density": null, "F2F_Max_Height": 35.0, "F2F_Max_Stories": null, "F2F_Min_Lot_Size": null, "F2F_Max_Lot_Building_Coverage": null, "F2F_Max_Lot_Impervious_Coverage": null, "F2F_Min_Parking_Spaces_per_1BR": 2.0, "F2F_Min_Parking_Spaces_per_mult_BR": 2.0, "F2F_Elderly_Housing_Only": "No", "F2F_Affordable_Housing_Only": "No", "F3F_Allowance": "Overlay", "F3F_Front_Setback": null, "F3F_Side_Setback": null, "F3F_Rear_Setback": null, "F3F_Frontage": null, "F3F_Max_Density": null, "F3F_Max_Height": 35.0, "F3F_Max_Stories": null, "F3F_Min_Lot_Size": null, "F3F_Max_Lot_Building_Coverage": null, "F3F_Max_Lot_Impervious_Coverage": null, "F3F_Min_Parking_Spaces_per_1BR": null, "F3F_Min_Parking_Spaces_per_mult_BR": null, "F3F_Affordable_Housing_Only": "No", "F3F_Proximity_to_Public_Transit_Required": "No", "F3F_Connection_to_Sewage/Water_Required": "No", "F4F_Allowance": "Overlay", "F4F_Front_Setback": null, "F4F_Side_Setback": null, "F4F_Rear_Setback": null, "F4F_Frontage": null, "F1F_Max_Density": null, "F4F_Max_Density": null, "F4F_Max_Height": 35.0, "F4F_Max_Stories": null, "F4F_Min_Lot_Size": null, "F4F_Max_Lot_Building_Coverage": null, "F4F_Max_Lot_Impervious_Coverage": null, "F4F_Min_Parking_Spaces_per_1BR": 2.0, "F4F_Min_Parking_Spaces_per_mult_BR": 2.0, "F3F_Elderly_Housing_Only": "No", "F4F_Elderly_Housing_Only": "No", "F4F_Affordable_Housing_Only": "No", "F4F_Proximity_to_Public_Transit_Required": "No", "F4F_Connection_to_Sewage/Water_Required": "No", "ADU_Allowance": "Not Mentioned", "ADU_Elderly_Housing_Only": "No", "ADU_Max_Size_as_Percent_of_Primary_Strcture": null, "ADU_Max_Size_in_sq_ft": null, "ADU_Min_Lot_Size": null, "ADU_Max_Bedrooms": null, "ADU_Min_Parking_Spaces": null, "ADU_Owner_Occupancy_Required": "No", "ADU_Renter_Occupancy_Prohibited": "No", "ADU_Employee_or_Family_Occupancy_Required": "No", "ADU_Restricted_to_Primary_Structure": "No", "Affordable_Housing_Allowance": "Not Mentioned", "Affordable_Housing_District": "No", "Affordable_Housing_Elderly_Only": "No", "Affordable_Housing_Min_Lot_Size": null, "Affordable_Housing_Max_Density": null, "Affordable_Housing_Min_Parking_Spaces_per_mult_BR": null, "Affordable_Housing_Max_Units_per_Building": null, "Affordable_Housing_Min_Parking_Spaces_per_1BR": null, "PRD_Allowance": "Not Mentioned", "PRD_Max_Density": null, "PRD_Max_Units": null, "PRD_Min_Lot_Size": null, "PRD_Mobile_or_Manufactured_Home_Park": "No", "PUD_Allowance": null, "PUD_Required_with_Subdivision": null, "PUD_Requires_Land_Conservation": null, "PUD_Threshold_Number": null, "Notes": "  Multi Family Dwellings Require Public Hearings, Setback From Normal Watermark Is 50 Feet", "FIPS6": null}, "geometry": {"type": "MultiPolygon", "coordinates": [[[[-72.59285776684241, 42.897557112947254], [-72.59415483216246, 42.89801988376457], [-72.59473647896722, 42.89817507591798], [-72.59598201146731, 42.89872238001521], [-72.59629279748494, 42.89889600739671], [-72.59840565906853, 42.900449840141754], [-72.5985955613375, 42.90068064383766], [-72.59872102993288, 42.90095790703048], [-72.59842388464546, 42.901764436613306], [-72.59839816507827, 42.90236762281069], [-72.59806032829006, 42.903248964631025], [-72.59783265598192, 42.90400124371678], [-72.59781526410787, 42.904466694220055], [-72.59791029053318, 42.904972449392304], [-72.59760213542185, 42.90576065770487], [-72.5975604611289, 42.90605861757267], [-72.59762482648304, 42.90660580887418], [-72.59786458636081, 42.90703029223382], [-72.59810953826252, 42.90727187604824], [-72.5988558111164, 42.90778728113602], [-72.59970487126907, 42.908511720761965], [-72.60078789579568, 42.90930327476784], [-72.60324100791597, 42.910772408435264], [-72.6044039192046, 42.911616304797974], [-72.6055156642645, 42.912278538350805], [-72.60608368538625, 42.91281669900849], [-72.60694917870254, 42.913865149905945], [-72.6072714266518, 42.914166965422346], [-72.60873697005401, 42.915167647811195], [-72.61009981467473, 42.916231565003145], [-72.6111418149149, 42.916938262906484], [-72.61176308541346, 42.91776348892183], [-72.61259613143477, 42.91921152570992], [-72.61290325906586, 42.92027393611053], [-72.6129224341748, 42.92051888418549], [-72.61278696189626, 42.92140142163988], [-72.61110775427599, 42.923776152347806], [-72.61082502618746, 42.92408862596377], [-72.61028041151341, 42.92495287986601], [-72.60957463182585, 42.92574706679004], [-72.60939342961849, 42.926067215405574], [-72.60889834583412, 42.926494661437346], [-72.6086979754617, 42.92673939820386], [-72.60854687140036, 42.92709549213772], [-72.6084026470668, 42.9278243508432], [-72.60803389341905, 42.92821532174036], [-72.60754396172712, 42.929233160605015], [-72.60746366829196, 42.92988370407738], [-72.60751579155405, 42.930345434774786], [-72.60761119496085, 42.93093644181193], [-72.60787121593098, 42.931473681876874], [-72.60802627824317, 42.93283996914951], [-72.60814068838556, 42.9332078081551], [-72.60861568704325, 42.93399200320527], [-72.60943727074887, 42.93489767025279], [-72.61012877658422, 42.93554758792228], [-72.61048670987853, 42.93630257001972], [-72.61050968820572, 42.936777660586195], [-72.61077718939622, 42.93760654813197], [-72.6110892855313, 42.938161630139156], [-72.61120379498306, 42.938532928673474], [-72.61178818461251, 42.93969825492021], [-72.61236129137058, 42.94050736026533], [-72.61296204282937, 42.9420819157306], [-72.61329588753568, 42.94268799169072], [-72.61361293656543, 42.94374863600602], [-72.6135670218769, 42.94444784734007], [-72.61374041236797, 42.94567284960213], [-72.61473092746478, 42.947832325707026], [-72.61504150226807, 42.948856032329616], [-72.61504495128372, 42.94920120006958], [-72.61467092807136, 42.949427383283876], [-72.61422446915094, 42.94960941038548], [-72.61399016227934, 42.94979514139525], [-72.61362928017958, 42.94993257287167], [-72.61328968593153, 42.95017761593], [-72.61308596322999, 42.9504174647602], [-72.61297358126842, 42.95045987110335], [-72.61240167974142, 42.95084518921871], [-72.61205179463171, 42.95151746014617], [-72.61177916531705, 42.95181315691796], [-72.61085178862169, 42.95240002842674], [-72.61062379478717, 42.95260449637175], [-72.61031867350748, 42.95272245088021], [-72.60976288272556, 42.95305878158713], [-72.60952794642438, 42.95326178577636], [-72.60931488253723, 42.95374040267318], [-72.60918552286907, 42.95428357644233], [-72.60896626924077, 42.95469504806993], [-72.60885437935538, 42.95528965769595], [-72.60825018292381, 42.95696066360892], [-72.60817725514298, 42.95730671974471], [-72.6081959291177, 42.958223728736435], [-72.6079764106956, 42.958431020584385], [-72.60774869203662, 42.95891955632408], [-72.60742469138529, 42.95917195026659], [-72.60677825815756, 42.95944701957115], [-72.6060872122368, 42.960024296974304], [-72.6054708307102, 42.96055300288608], [-72.60522131533754, 42.960862945552776], [-72.60469419367317, 42.96124937335546], [-72.60423902049314, 42.961996086205104], [-72.60414315418839, 42.962948254441436], [-72.60383003576494, 42.963389198379474], [-72.60374585642953, 42.96360808222005], [-72.60340694055665, 42.96398611987416], [-72.60322408034938, 42.9644562652082], [-72.60283361827241, 42.9650091980293], [-72.60194767132002, 42.9658111151314], [-72.60137265051625, 42.96658101065453], [-72.60089972834909, 42.96707791276851], [-72.60033517259119, 42.96805121144929], [-72.601350286195, 42.968085218250756], [-72.60235365848416, 42.96812846785995], [-72.60254351387543, 42.96773469064533], [-72.60297640401782, 42.967278960831926], [-72.60345755872022, 42.96661430559725], [-72.60458939941873, 42.96555604945198], [-72.60494127493244, 42.96499982439055], [-72.605142836723, 42.96452610704621], [-72.60545396593231, 42.964187816032286], [-72.60588619798136, 42.96346469665563], [-72.60599117388202, 42.96312983800963], [-72.60607382445254, 42.96232718356882], [-72.6062028296936, 42.96209744874154], [-72.60672259777283, 42.96168770155871], [-72.60693196298878, 42.96140485370576], [-72.60795795514434, 42.96052047840869], [-72.60856050790112, 42.96026687307737], [-72.60880657188964, 42.960108991434986], [-72.60950998768959, 42.95965386373382], [-72.60963280816839, 42.95941012933699], [-72.60961385000806, 42.95912339906953], [-72.60981326612304, 42.95894266542361], [-72.60997656939325, 42.958676982118284], [-72.61006169873743, 42.958323744995084], [-72.61007471676334, 42.95726957484886], [-72.61117249127159, 42.95398260966908], [-72.61194735989343, 42.95359456555342], [-72.6121980956122, 42.95335427492658], [-72.6128867373252, 42.952947014256026], [-72.61365525190136, 42.95224425075517], [-72.61384851623384, 42.95189318228215], [-72.61396063560676, 42.95162699835112], [-72.61438838616631, 42.95141521819561], [-72.61478762618361, 42.9510577478722], [-72.61508321279234, 42.950941177296976], [-72.61543358871063, 42.95068602066107], [-72.6156619463577, 42.95105853942984], [-72.6162985931659, 42.95185337763521], [-72.61716931609888, 42.952734278400335], [-72.61761636861205, 42.953068402880085], [-72.61801337730437, 42.9532463350969], [-72.61864616718836, 42.953392161419465], [-72.61962081725699, 42.9537547916413], [-72.62005238146737, 42.95383917628663], [-72.6211136847595, 42.95393827355469], [-72.6221436313406, 42.953827623564216], [-72.62278070619517, 42.953656386917686], [-72.6235594662844, 42.95332426973641], [-72.62436242055047, 42.95275193987201], [-72.62517388501782, 42.951870950951765], [-72.62585868350823, 42.95112939699408], [-72.6263307930977, 42.950866312581454], [-72.62706329205001, 42.95059232784363], [-72.62879551263076, 42.95032029837975], [-72.62957167498587, 42.9502638222832], [-72.63137591998337, 42.950304339313455], [-72.63455448324169, 42.950058186697945], [-72.63717019340855, 42.94996978475253], [-72.63892974051494, 42.95001120128163], [-72.63957192152323, 42.949929962095204], [-72.64047159822493, 42.94970486938765], [-72.6407168635306, 42.949876256676795], [-72.6409843445125, 42.950194104708], [-72.64144867854442, 42.94813676924209], [-72.64149229116903, 42.947943517640816], [-72.64190292312128, 42.94652069493036], [-72.64105052952914, 42.94638080126116], [-72.64055850950014, 42.94639359323427], [-72.63987422948054, 42.94659197708605], [-72.63868549230311, 42.94677139990499], [-72.63807760342722, 42.946974015741574], [-72.63607833273839, 42.94684684740404], [-72.63169463219674, 42.94704415157868], [-72.63080294808168, 42.947003078405054], [-72.62780638601843, 42.94703250397192], [-72.62670176042191, 42.947244895679205], [-72.62496672972853, 42.94774767008714], [-72.62487063751976, 42.94778157075615], [-72.6244077846824, 42.947944863151534], [-72.62379603026221, 42.948197077057735], [-72.62277572690692, 42.94885859881203], [-72.6222826855787, 42.94922038504476], [-72.62189172948939, 42.94968280692323], [-72.62140460816738, 42.95012910895803], [-72.62071426612988, 42.95057025104732], [-72.6203958358303, 42.95045651627694], [-72.62000884007264, 42.95020912856351], [-72.61993410375543, 42.949851448409184], [-72.61946094175818, 42.94858751063339], [-72.61880132121678, 42.94624267817754], [-72.61878458554877, 42.9461911668962], [-72.61863565110183, 42.945753327811936], [-72.61821457956292, 42.94504928670663], [-72.61795378144774, 42.94369436767239], [-72.61793651622628, 42.94302641208936], [-72.61782380516593, 42.94252763291658], [-72.61713861434912, 42.94094568555975], [-72.61679246513386, 42.939919219014854], [-72.61545878455243, 42.93718796103827], [-72.61510677087752, 42.93661024528519], [-72.61508140117432, 42.93611074035281], [-72.6148583488842, 42.935083811092234], [-72.61451248795083, 42.93409399299399], [-72.61428729110895, 42.93377250221481], [-72.61400327553226, 42.93353516816103], [-72.61334979618971, 42.93323637466663], [-72.61281853246118, 42.93292575545108], [-72.61256216550737, 42.9324980197945], [-72.61233622072858, 42.93219569630379], [-72.61241735081367, 42.93131438197537], [-72.61227760920019, 42.93047781139806], [-72.61191098696561, 42.92977177616689], [-72.61307613533735, 42.92785617694368], [-72.61350676304622, 42.92740315289812], [-72.61400214377434, 42.92658677290038], [-72.61479391102978, 42.92576918912438], [-72.61627146645712, 42.924093450773924], [-72.61670137187039, 42.923269739930916], [-72.61699543972325, 42.9224964114511], [-72.61719784294583, 42.921035902598106], [-72.61711355142187, 42.9197440390993], [-72.6168472710913, 42.91869645412071], [-72.61643735388958, 42.91776505042493], [-72.61769115311839, 42.917882690232595], [-72.61891869140896, 42.91820732608607], [-72.61939899240706, 42.91850493166543], [-72.6202376808528, 42.919205601919344], [-72.62063922001649, 42.919373150229696], [-72.62102222312782, 42.91971003506012], [-72.62223971767426, 42.92022241359733], [-72.62419388014725, 42.92085234335955], [-72.62449589489134, 42.92100308668657], [-72.62473999316896, 42.92124459942958], [-72.62511958444547, 42.92148572508154], [-72.62603427449059, 42.92171791590254], [-72.62664703401356, 42.92261074090829], [-72.6268312858817, 42.922783789007454], [-72.62690010073409, 42.92305563410027], [-72.62713048770568, 42.92335306964965], [-72.62703655186347, 42.92475068216017], [-72.62709514811574, 42.925191327238444], [-72.62720800770329, 42.92546343728976], [-72.62778257111903, 42.92618749033276], [-72.62821072148513, 42.92701505017565], [-72.62830104778227, 42.927391868579534], [-72.62799567722433, 42.927733719132036], [-72.62795189688318, 42.927942375061676], [-72.62800313918783, 42.92822679926745], [-72.62858157714024, 42.92887030341172], [-72.62892295200582, 42.92908427773482], [-72.62898429432956, 42.93004170789498], [-72.62926170079282, 42.93127500994708], [-72.629662909684, 42.932011006721986], [-72.63008347491174, 42.93255384658435], [-72.63039547313547, 42.93277588306214], [-72.63056966225946, 42.9330612991041], [-72.63087582579927, 42.933378709898385], [-72.63133581967315, 42.93413859190424], [-72.63171118984815, 42.93442962189069], [-72.6321085301089, 42.93460604892753], [-72.63248037449833, 42.934670075595626], [-72.63294298274873, 42.93458928992946], [-72.63323586061034, 42.93440918391428], [-72.63337698579876, 42.934225283312344], [-72.63343531316184, 42.934018558399195], [-72.6333373128038, 42.933676678158925], [-72.63317046181794, 42.933504801680506], [-72.6328804805718, 42.93335329345127], [-72.63254790254267, 42.932762282867074], [-72.63194702597545, 42.931985279839495], [-72.63161760576016, 42.93173391503891], [-72.63133323808509, 42.9313577634195], [-72.63104386060776, 42.930836403245266], [-72.63090922968716, 42.930242065104956], [-72.63080274565397, 42.92891970827877], [-72.63071544500826, 42.928518676026044], [-72.63054417944156, 42.92826785733528], [-72.63004330697291, 42.92794092123527], [-72.63015881162706, 42.92762804421846], [-72.63017452673019, 42.927339977366614], [-72.62998072849764, 42.926556723102465], [-72.62974130458065, 42.92606877702566], [-72.62923815162745, 42.925241573028096], [-72.62893321297327, 42.92488781432675], [-72.62901864465947, 42.92334528239772], [-72.62895780478071, 42.92295164427773], [-72.62869692604434, 42.922605598427374], [-72.62855297963185, 42.92216650996078], [-72.6282678521708, 42.92189571676912], [-72.62763576342292, 42.92099722455796], [-72.62729408206634, 42.92069735175933], [-72.62664032669066, 42.920384302672566], [-72.62610884465892, 42.920286880810735], [-72.6257156930132, 42.9199613774251], [-72.62506882719478, 42.91963139891548], [-72.62388429605586, 42.91928260516245], [-72.62223815674754, 42.91864589875704], [-72.62192788791184, 42.91837587620655], [-72.62149960294359, 42.918147638193226], [-72.62109602830924, 42.91785406515811], [-72.62071972546421, 42.91753003807093], [-72.6198009463858, 42.91698079832316], [-72.61808789816888, 42.91651178564606], [-72.6175750783367, 42.91650792233831], [-72.61662447570006, 42.91638482543721], [-72.61569746044, 42.91640555684647], [-72.61514623063951, 42.91560837573054], [-72.61571454399049, 42.915530691143026], [-72.61637348531676, 42.91532783683149], [-72.61658062967977, 42.915216876052774], [-72.61700764144246, 42.914853977109075], [-72.61722345345676, 42.914573346639585], [-72.61734699367499, 42.914353058592], [-72.61808489105444, 42.91349744981062], [-72.61867348684953, 42.912269535395446], [-72.61911305979382, 42.911572364001515], [-72.6198794374343, 42.910789937281095], [-72.62007568609822, 42.91021499300701], [-72.62084786686259, 42.90897893969136], [-72.62103623489679, 42.90844390307422], [-72.62203853351257, 42.908626506775775], [-72.62386176727159, 42.908860338648054], [-72.6243609895685, 42.90917847469653], [-72.62476946661661, 42.909326238398755], [-72.62530059431124, 42.909417805899004], [-72.62586532394663, 42.90935244255432], [-72.62623025043415, 42.90924141935203], [-72.62648843154905, 42.909097945708176], [-72.62752744434484, 42.9093573239358], [-72.62816669893964, 42.90935632018145], [-72.62867026977396, 42.909174941167464], [-72.62929590824174, 42.90867117288536], [-72.63051840333272, 42.90851666421752], [-72.63124888229166, 42.90836846077955], [-72.63158768669568, 42.90819499126489], [-72.6319083371886, 42.90794062758659], [-72.63274490917759, 42.90701098101575], [-72.63327382663176, 42.90683863076448], [-72.6335313432617, 42.90681083420875], [-72.63427594435973, 42.90688473713972], [-72.63489463956114, 42.907198197889386], [-72.63617143367884, 42.90754230471284], [-72.63638594777466, 42.907662647656046], [-72.6372131649042, 42.90847474185219], [-72.63760738279677, 42.908731446405085], [-72.64013188559441, 42.91021894002127], [-72.64031367309707, 42.91084445827497], [-72.64072471689408, 42.911294098956766], [-72.6419478001047, 42.911951948426264], [-72.64308657029598, 42.9124648480772], [-72.64338999274852, 42.912659091442805], [-72.64383164395412, 42.91281364726395], [-72.64418262003099, 42.91307127538248], [-72.64473979560644, 42.913291119981835], [-72.64531349575307, 42.91394385976395], [-72.64603942165978, 42.914518175605984], [-72.64651984512044, 42.914821930070254], [-72.64720188605529, 42.91517570828806], [-72.6475271127292, 42.915285077339014], [-72.64793974963952, 42.91554875456894], [-72.64838307268563, 42.91568182275325], [-72.64892056715236, 42.915930724372885], [-72.65041495482843, 42.91628707583548], [-72.65109236166067, 42.91639418187443], [-72.65138010088478, 42.91665478422706], [-72.65174238611067, 42.91685659440427], [-72.65216795697928, 42.917203405395455], [-72.65298172185146, 42.91797890644589], [-72.65360299961185, 42.91833943034406], [-72.65447252080209, 42.91867770813025], [-72.65504478969325, 42.918825661816555], [-72.65546848633663, 42.91909578445086], [-72.65648015174251, 42.919331902377756], [-72.6575907659828, 42.919485746917296], [-72.65878630500261, 42.91951447013016], [-72.66040241408126, 42.919323098130036], [-72.66086439497087, 42.919333332330275], [-72.66214353475243, 42.919646851166014], [-72.66287556303335, 42.92004206010566], [-72.66362181654544, 42.920452677820876], [-72.66460983785372, 42.92076137803207], [-72.66558127698995, 42.92129414460403], [-72.66642778659762, 42.921506614868115], [-72.66676152959464, 42.921531469627325], [-72.66743354189357, 42.9214706708809], [-72.66780232449396, 42.92136047926578], [-72.6681122106599, 42.921381736375785], [-72.66856566623939, 42.921326005648204], [-72.66902125512641, 42.9211821554512], [-72.6693674615463, 42.92089800724843], [-72.66955331304247, 42.92049105806149], [-72.67033848214055, 42.91991417641713], [-72.67057951205544, 42.91957325899806], [-72.67102081206393, 42.91927851183645], [-72.67147463704582, 42.919211000786966], [-72.67184107785484, 42.919057580433005], [-72.67235274245397, 42.91859863875935], [-72.67275552076245, 42.91852053577225], [-72.67297887480723, 42.918527554882374], [-72.67346036259443, 42.918590498838064], [-72.67367910917318, 42.91871087415493], [-72.6740656419182, 42.91880768713917], [-72.67471471387196, 42.91898284557719], [-72.67508738077687, 42.91897173944782], [-72.67545297465026, 42.91885155657718], [-72.67578674187736, 42.91895850516898], [-72.67606025610218, 42.91898263673127], [-72.67617048660381, 42.917537130444124], [-72.67548557553276, 42.91731419525116], [-72.67494032599191, 42.91725027611913], [-72.6744651021346, 42.917384452390586], [-72.67386602243886, 42.91724855414363], [-72.67269717444428, 42.91714984732674], [-72.67205641168414, 42.91721852204309], [-72.67157056273271, 42.917332309276404], [-72.67098592777197, 42.917650974033485], [-72.67069926535589, 42.91792834107366], [-72.6704227987065, 42.91796640178564], [-72.66995070700668, 42.91813257183446], [-72.66958228170904, 42.91842404912044], [-72.66918850902684, 42.91861517756709], [-72.66884933446275, 42.91905113803318], [-72.66818586210101, 42.919481131677806], [-72.66781498376903, 42.91996423191436], [-72.66737455247141, 42.91999956115686], [-72.66674327469174, 42.92015264119409], [-72.66638546820016, 42.920054323251364], [-72.66554180035341, 42.91957043384218], [-72.66457881118993, 42.919269407679], [-72.66303441346282, 42.91843717578199], [-72.66134103532661, 42.918007784307264], [-72.66037491656957, 42.91795386272862], [-72.65875218056695, 42.91814391398219], [-72.657683325002, 42.918115502980946], [-72.65639119791216, 42.91788042725907], [-72.65594242227179, 42.91759585442528], [-72.65542160714743, 42.91748395383018], [-72.65460722585365, 42.91719215955726], [-72.65436644433676, 42.91705181566838], [-72.65314255915536, 42.91593521760286], [-72.65271326678076, 42.91568796490378], [-72.65215139233544, 42.91526409231071], [-72.65177277878617, 42.91511684959438], [-72.64986854111162, 42.914721053820855], [-72.64888118876542, 42.91434179303537], [-72.64855761770976, 42.914138470563756], [-72.64766415894539, 42.913741681097555], [-72.64672621680198, 42.91304846884005], [-72.64641848479049, 42.9125998061036], [-72.64595298842742, 42.91223794339122], [-72.64526263343346, 42.91193468432803], [-72.64486430914985, 42.91165579197571], [-72.64442708796079, 42.91151155705245], [-72.64416471567759, 42.911327120043545], [-72.64295182130421, 42.91079801116074], [-72.64207200332807, 42.910323792597765], [-72.64187405891768, 42.90969290943796], [-72.64161170514588, 42.9093627500845], [-72.63861358516158, 42.90756579635529], [-72.63762773638652, 42.90663891916507], [-72.63700913166514, 42.90630644741057], [-72.63585154029839, 42.906024608233956], [-72.63520543139694, 42.90568067373015], [-72.63441022220411, 42.90550988065566], [-72.6335146627676, 42.90543684338186], [-72.63289701041293, 42.90549649607988], [-72.63210209448239, 42.90569465982765], [-72.63131800348566, 42.90611958206939], [-72.63040006875781, 42.907128347345186], [-72.62849973909158, 42.90739865092491], [-72.62813618794272, 42.907563419732554], [-72.62768266106822, 42.90795509473991], [-72.62681296590985, 42.90771248830644], [-72.62638496638007, 42.90766793202584], [-72.62592004574998, 42.90772125341893], [-72.62535888286902, 42.90797721875137], [-72.62498348701892, 42.907760306689084], [-72.62449201462758, 42.90756561137341], [-72.62236777129192, 42.907261141995335], [-72.62036082349603, 42.90689097207304], [-72.61970926933606, 42.906829549831684], [-72.61915183492924, 42.906952693914135], [-72.61878885632163, 42.90720211836903], [-72.61859924469395, 42.90753229788016], [-72.61859214416198, 42.90800927837238], [-72.61871716922035, 42.90828554842685], [-72.6190173529722, 42.908587071388396], [-72.6183042950018, 42.909775039450246], [-72.61821411041336, 42.91009143241757], [-72.61749350600549, 42.91088524169839], [-72.61694322587229, 42.91176451072197], [-72.61637163700576, 42.91293502245315], [-72.61584430116262, 42.91354183304507], [-72.61541245515372, 42.91410749514272], [-72.61496903585918, 42.914236848283664], [-72.61396198852057, 42.91435721741117], [-72.61347797457512, 42.91430700465862], [-72.61230220267173, 42.91319023125939], [-72.61086878062177, 42.91221084276971], [-72.6104006964153, 42.91177606617946], [-72.61017524372186, 42.9113728051696], [-72.60955762767644, 42.9107053856181], [-72.60863916943974, 42.90996870935843], [-72.60788332174367, 42.90947118944637], [-72.60730970014971, 42.9091959159148], [-72.60696466410248, 42.90889025159333], [-72.60588187213783, 42.90813126722162], [-72.60455054550758, 42.907306219241214], [-72.60388562069056, 42.9067746009291], [-72.60271898358457, 42.90551267791916], [-72.6024861042716, 42.90498269637918], [-72.60230510483363, 42.90450681836482], [-72.60230370259795, 42.90382097903715], [-72.60245448141069, 42.90343622543354], [-72.60257655652065, 42.90279689658188], [-72.60296218390401, 42.90188832056843], [-72.60305050835855, 42.90148212730853], [-72.60306977503262, 42.900893137389865], [-72.60296964003747, 42.90037864172592], [-72.60247736532533, 42.89931244825349], [-72.60169232270077, 42.89849461442124], [-72.60082742193879, 42.89780101865003], [-72.60058535456345, 42.897793616818724], [-72.59285776684241, 42.897557112947254]]], [[[-72.56705189521573, 42.89704015392576], [-72.56707223334936, 42.89761174301795], [-72.5671875345378, 42.897893997977036], [-72.56708117400305, 42.898385597733316], [-72.56652814695764, 42.899475728748456], [-72.5663106980118, 42.90006486637843], [-72.56610944706965, 42.900388314588476], [-72.5659383704467, 42.900926450987455], [-72.56558808201608, 42.90154814802904], [-72.56540013897241, 42.90223681864783], [-72.56539573555332, 42.902551763025684], [-72.56564887930223, 42.90294916111204], [-72.56605659824527, 42.90323336704683], [-72.56682991233431, 42.903567532020226], [-72.56735140658803, 42.90390001908127], [-72.56788686697482, 42.904053730891], [-72.56862476846906, 42.90410205906939], [-72.56903874175107, 42.90426906212916], [-72.56934147175538, 42.904656909640636], [-72.56954208239128, 42.90480798400165], [-72.57012763495169, 42.90510776299687], [-72.57077320102869, 42.90534889373033], [-72.57108477469538, 42.905569166801655], [-72.57140733103859, 42.905666284452124], [-72.57154824158862, 42.90589956598336], [-72.57192068302352, 42.90625083392117], [-72.5721598009172, 42.906583861253615], [-72.57244018055633, 42.90677430605289], [-72.5729934682601, 42.90695637479098], [-72.57368892902694, 42.90702525512456], [-72.57426580855758, 42.906954758889064], [-72.57463778910396, 42.90681157217669], [-72.57538144526528, 42.907303252563715], [-72.57634721273385, 42.90758867676015], [-72.57684616772637, 42.90764321074477], [-72.57794293127836, 42.907990972823995], [-72.57832517501984, 42.90821025704675], [-72.57853021851291, 42.90862130430873], [-72.57885589925833, 42.908903639206564], [-72.57909433998941, 42.909021332809125], [-72.57937017940527, 42.90908014791085], [-72.5796572861137, 42.90907451221524], [-72.57992846118917, 42.90900496044273], [-72.58019522618932, 42.90884690119482], [-72.58036259857138, 42.908641153062554], [-72.5804210792214, 42.908434453202396], [-72.58036196988614, 42.90815721286482], [-72.58019817312724, 42.907953723282354], [-72.57994713992005, 42.907423231709934], [-72.57971259793007, 42.90722572938073], [-72.5794313453833, 42.90708786094644], [-72.57903764335529, 42.906866249576254], [-72.57851695444276, 42.906667265812835], [-72.57846855299303, 42.906650585062756], [-72.57817591601311, 42.90655719100848], [-72.57811212765698, 42.906539223431466], [-72.57777744341004, 42.90644937590444], [-72.57747109986008, 42.90634458387438], [-72.57708777841547, 42.90627274234341], [-72.5767843106829, 42.90624173199479], [-72.57673485679344, 42.906230879984875], [-72.57657483677471, 42.906181976865966], [-72.57641955098858, 42.9061240179924], [-72.57631051532204, 42.90608948989432], [-72.57620694680031, 42.90599779020869], [-72.57615273301192, 42.90595183887387], [-72.57606560150971, 42.905884527934894], [-72.57588275366982, 42.90577580208343], [-72.57563993764843, 42.90561985888597], [-72.57561209951862, 42.90560745727146], [-72.5752869101413, 42.90549014019718], [-72.57442867528412, 42.905395975561376], [-72.57402931095004, 42.90545531887739], [-72.57359358263008, 42.905635875773164], [-72.57323743539213, 42.9052671129079], [-72.5731050129894, 42.905015945614466], [-72.57267119804057, 42.904620214730244], [-72.57080800479173, 42.903758800758155], [-72.57048181241494, 42.90337116955463], [-72.57015093220987, 42.90315772557622], [-72.56926634280974, 42.9028059426289], [-72.56829823077943, 42.90270755578945], [-72.56796712738118, 42.902464766401565], [-72.56734616542734, 42.902186496444465], [-72.56738571307721, 42.90195768010728], [-72.56770540188238, 42.90137027160247], [-72.56787662260996, 42.90084245057629], [-72.56887150357659, 42.89880033933977], [-72.56908882954282, 42.8977737207416], [-72.56891643755763, 42.89736928408426], [-72.56896895787898, 42.897078426596785], [-72.56705189521573, 42.89704015392576]]], [[[-72.55174416095794, 42.89668823873425], [-72.55146653041328, 42.89753414614555], [-72.55111400237551, 42.89832920257746], [-72.55112099553965, 42.89870785389228], [-72.55133220171092, 42.89918164114321], [-72.55096577485425, 42.899662831444765], [-72.55062327895601, 42.89977293797034], [-72.55036819838264, 42.8999738322137], [-72.55012370422838, 42.90053639604944], [-72.55014585899546, 42.901944014992736], [-72.5497410829208, 42.90355418493205], [-72.54986879031003, 42.903906363601024], [-72.54982577886942, 42.90427691842732], [-72.54974490844404, 42.904373730095756], [-72.54933560907715, 42.90448617879429], [-72.54901174966184, 42.90471140836958], [-72.54884570126713, 42.90493064560267], [-72.54879340138781, 42.90519461261641], [-72.54879585841083, 42.90589710567432], [-72.54880120951465, 42.90593876716506], [-72.54882183156779, 42.90609928042099], [-72.54862463723772, 42.90667724332796], [-72.54866603868506, 42.906986971428815], [-72.54854505695415, 42.90742577913077], [-72.54834698804203, 42.90768155545293], [-72.54829634909338, 42.90772740309179], [-72.54775993900978, 42.907603372322], [-72.54707420130737, 42.90760791698507], [-72.54676887117421, 42.90767771098163], [-72.54580744166668, 42.90807548392123], [-72.54545135247349, 42.908392793586984], [-72.54517628627346, 42.90877091259981], [-72.54506678756702, 42.90903635770949], [-72.54507114867796, 42.90960645788731], [-72.54522562442067, 42.90997993484435], [-72.5453941410564, 42.910204520896876], [-72.5454828093854, 42.91050365571114], [-72.54564923318206, 42.91070524761137], [-72.54630869638655, 42.91123913067205], [-72.54642374026416, 42.911649392118846], [-72.54663319491269, 42.9119218131416], [-72.5473311908587, 42.912340277598375], [-72.54814387651625, 42.912615928576614], [-72.54901479115016, 42.91266729589651], [-72.54937998484198, 42.91259392159415], [-72.54992383147845, 42.91293825242144], [-72.5508598656887, 42.91312690021227], [-72.55197714487679, 42.91314289444171], [-72.55395534279522, 42.912953358629515], [-72.55384148504824, 42.91352267025175], [-72.55357726816057, 42.913809433336915], [-72.55338747155926, 42.914164737947985], [-72.55338984241452, 42.914641190973086], [-72.55349060095287, 42.914935970271166], [-72.553366605149, 42.91525657482061], [-72.55340901806575, 42.91557020260972], [-72.55378929542519, 42.91626852862026], [-72.55383259639443, 42.91688712900338], [-72.55422585339298, 42.91736050677613], [-72.5544366593277, 42.91752776092524], [-72.55475457520018, 42.917651989131336], [-72.55532291840595, 42.91769896076578], [-72.55566481227261, 42.9177919624189], [-72.5562014865027, 42.91827117957567], [-72.55689781570997, 42.91861481683476], [-72.55789363919672, 42.918894550630995], [-72.5593715753507, 42.91900430326097], [-72.56010691059413, 42.91942757777712], [-72.56066024910218, 42.91965665979336], [-72.56228652078875, 42.92006221407751], [-72.56328703230314, 42.92016666302104], [-72.56423889665734, 42.92043976561551], [-72.5653683235341, 42.92084166225524], [-72.56609158700654, 42.92138410781143], [-72.56637513909621, 42.92160360807744], [-72.5673761414773, 42.922051739138254], [-72.56838143309834, 42.92238126287148], [-72.56911209328734, 42.922368549044386], [-72.56972100730027, 42.922169968920805], [-72.57008247517146, 42.92238130444952], [-72.57057505080446, 42.9225258789526], [-72.57083503864855, 42.92254956359414], [-72.57132070079349, 42.92250436490178], [-72.57156663201981, 42.92279891221062], [-72.57195069791042, 42.922964796731634], [-72.57317864910735, 42.92304586031756], [-72.57383039266064, 42.923031154865505], [-72.57437007814715, 42.92309721188228], [-72.57516788670716, 42.9232848095812], [-72.57587947397664, 42.923724622811854], [-72.57631736410444, 42.923832177560534], [-72.57659538497492, 42.92381595943427], [-72.57693227958552, 42.92370218225743], [-72.5771818073273, 42.92350064827948], [-72.57730422958744, 42.92324345158788], [-72.57728005200268, 42.922971554636874], [-72.57705762460729, 42.92264001215045], [-72.57600791937658, 42.922039061585515], [-72.57472029018032, 42.92174807107004], [-72.57402254718511, 42.92166474696643], [-72.57349288925101, 42.921673036938664], [-72.57279420763535, 42.92160599945209], [-72.57241620141802, 42.92127506340206], [-72.5720684930539, 42.921116073696716], [-72.57146374971221, 42.921031051451976], [-72.57097422021263, 42.92112647766008], [-72.57059425010101, 42.92089132008475], [-72.57013940381303, 42.920774476381], [-72.56946851948435, 42.9207567519666], [-72.56872590214881, 42.921004466292985], [-72.56752756909711, 42.92051307418898], [-72.56677949986872, 42.919919137606804], [-72.56622170097145, 42.919614314846434], [-72.56493618524476, 42.91917020337193], [-72.56379942170095, 42.918845141592], [-72.56281274630315, 42.91874768761739], [-72.5613646249323, 42.91838789673645], [-72.56029528195079, 42.917799458980085], [-72.55979610828554, 42.9176682465579], [-72.5593875154401, 42.917604362732575], [-72.55836689409244, 42.91755660934684], [-72.55761975298718, 42.91735273198974], [-72.55673603033192, 42.9166529680952], [-72.55614575666606, 42.91636883192299], [-72.55567567197502, 42.916251436719584], [-72.55556070268416, 42.91584120377404], [-72.55531190457152, 42.91535129259443], [-72.55536751018947, 42.91495993674335], [-72.55523735885363, 42.914456569382295], [-72.55564234097427, 42.91387832403031], [-72.55581664197085, 42.91315766924773], [-72.55581476452318, 42.91274648274262], [-72.55564574683194, 42.91223797557611], [-72.55553198602891, 42.91208078385204], [-72.55509412557528, 42.911799674563035], [-72.55461779327148, 42.911641417169946], [-72.55405228040689, 42.91157933807105], [-72.55308143319004, 42.911632172010094], [-72.55188144188632, 42.911774625295614], [-72.55100948339069, 42.911760851682125], [-72.55085412072634, 42.911732849121194], [-72.55036215682944, 42.91142834606438], [-72.54973553284577, 42.91116454417324], [-72.54924862579614, 42.91114308158082], [-72.54870086906575, 42.9112905842488], [-72.54822046910587, 42.91113229745202], [-72.54818006099863, 42.910891085556486], [-72.54801948345006, 42.910624751046846], [-72.5475686880139, 42.91019467110757], [-72.54723447064795, 42.90995917886376], [-72.54717369705705, 42.90969600479518], [-72.54691590398716, 42.90926169441836], [-72.54702690029215, 42.90913649829671], [-72.54751058283756, 42.90898011825789], [-72.54829738206718, 42.909135133052374], [-72.54914578965754, 42.909017119115944], [-72.54958981892226, 42.908765848691544], [-72.55030846193925, 42.90791910819225], [-72.55055772994338, 42.90708825542563], [-72.55050939003772, 42.90675117232373], [-72.55068214686362, 42.906206141668015], [-72.55065810986633, 42.90560634720717], [-72.55088739490132, 42.90552813190291], [-72.55121896792362, 42.905321038856016], [-72.55159168127227, 42.904904552386995], [-72.55171112367117, 42.9046394600347], [-72.55170995239533, 42.90432079289858], [-72.5518059770466, 42.903917180686015], [-72.55163340061408, 42.90344398221926], [-72.55200404286472, 42.90203556323983], [-72.55195369350132, 42.900877626168025], [-72.55223156515633, 42.90071657874329], [-72.55260373949359, 42.900356239572574], [-72.55326617492861, 42.899438640672976], [-72.55333404129787, 42.89916456208879], [-72.55330087295093, 42.898915797269005], [-72.55318546278986, 42.89868458760261], [-72.55300229282665, 42.898499666734146], [-72.55352463617497, 42.89717317656187], [-72.55360389200092, 42.89677076293776], [-72.55278524352812, 42.89673730220761], [-72.55264741522554, 42.89673080593622], [-72.55174416095794, 42.89668823873425]]], [[[-72.53225529457399, 42.89612522613545], [-72.5316978014548, 42.8967587599308], [-72.53146879075247, 42.8978634571177], [-72.53117908475606, 42.898319126220855], [-72.53098699213334, 42.8990854253011], [-72.53128112399759, 42.90131720263742], [-72.5311814703259, 42.90329595285191], [-72.5310636772187, 42.903794242681435], [-72.53115302466156, 42.90516746867761], [-72.53147400763835, 42.90643197627148], [-72.53154739891484, 42.90723286124085], [-72.53149491473708, 42.90757224770386], [-72.53074669493311, 42.90979341366218], [-72.53051633372587, 42.91077000900132], [-72.52977651859855, 42.912082789186805], [-72.52946051658188, 42.91247381394334], [-72.52886075446173, 42.912922983069734], [-72.52841127093401, 42.913146434767015], [-72.52722736499898, 42.91344612729667], [-72.52604691938757, 42.91384698867382], [-72.52547107470146, 42.91418019031196], [-72.52517956990671, 42.91442735825026], [-72.52479093276438, 42.914957387662874], [-72.52457052938597, 42.91538817828318], [-72.52434296922826, 42.91631380684333], [-72.52423716930322, 42.917928777790394], [-72.52429012553505, 42.91866116536191], [-72.52532501771041, 42.92208221561827], [-72.52617975440796, 42.92531191658806], [-72.52706504648276, 42.92817270504462], [-72.52709763434568, 42.9287383782804], [-72.52694437121814, 42.93038774587593], [-72.52662795205795, 42.931832088042256], [-72.52653581499776, 42.93380154901088], [-72.52657745968433, 42.93435047617396], [-72.52634700858526, 42.935484859791956], [-72.52654463290015, 42.937502682721174], [-72.52659679318404, 42.93941989806433], [-72.52692954427407, 42.941345868034496], [-72.52719719053239, 42.942294964564184], [-72.52817647937553, 42.945088378422334], [-72.52898285640374, 42.94584379638206], [-72.52982055745453, 42.94621085859722], [-72.5312906500898, 42.946524902398274], [-72.53183896536079, 42.94669857690336], [-72.53231752455228, 42.947037995188026], [-72.53287276058761, 42.947305644354756], [-72.5332949607678, 42.94764618642254], [-72.53402438711147, 42.94845745933216], [-72.53427991953278, 42.94896356041298], [-72.53456410570632, 42.94986258297694], [-72.53452813370811, 42.950621722336145], [-72.53437850436748, 42.95127674572648], [-72.53394806039105, 42.95227383327481], [-72.53338725739178, 42.95313178797869], [-72.53269908092673, 42.953937475317375], [-72.53227293043636, 42.95479529574785], [-72.53132467943175, 42.95539481360905], [-72.53031031441594, 42.95591566643813], [-72.527051037024, 42.95745697487425], [-72.52598514796051, 42.95802362001546], [-72.52309453810753, 42.95982434503112], [-72.52223293105592, 42.96052189086816], [-72.52128106517593, 42.96112816796048], [-72.52050303135584, 42.961891038638946], [-72.52005499238282, 42.96295921793201], [-72.51975594613089, 42.96367210009515], [-72.52007038544376, 42.96400631088228], [-72.52081560436407, 42.96360452068595], [-72.5214031908503, 42.9631031792119], [-72.52211275924743, 42.96270362413375], [-72.52292232282328, 42.96197536111254], [-72.52371905248937, 42.96141773443422], [-72.52425117521607, 42.960946007594586], [-72.52703836716815, 42.959156243387405], [-72.5279181550449, 42.958697519791116], [-72.52891035824769, 42.95826751395483], [-72.5295753870856, 42.95788452208698], [-72.53186562731096, 42.9568821242916], [-72.5329106768284, 42.95631986910513], [-72.5336652903967, 42.95575289481266], [-72.53399050079787, 42.95533292932521], [-72.53430538545685, 42.954659354126704], [-72.53514660689969, 42.9536248958569], [-72.5359004560478, 42.95239137023002], [-72.53629484479784, 42.951357085596484], [-72.5364250243972, 42.95013854129158], [-72.5363327848193, 42.94911953672164], [-72.53596605644623, 42.94822562686716], [-72.53588663660834, 42.948080667297496], [-72.53544876045135, 42.94743770122422], [-72.5344818545237, 42.94654676393634], [-72.53395731322976, 42.94614715913563], [-72.53447209123924, 42.946051181871084], [-72.53520529864973, 42.946330144431016], [-72.53586414435615, 42.94645512926779], [-72.53587685427959, 42.946694426287024], [-72.53602924201029, 42.946997654984685], [-72.53652277102695, 42.94747353678429], [-72.53713375725386, 42.94771684234567], [-72.5376637653146, 42.947767947566454], [-72.53793873731762, 42.94797067032905], [-72.53826281251638, 42.94806843644626], [-72.53851669623471, 42.948219890072615], [-72.53857903258793, 42.94878594321522], [-72.5387112604975, 42.948961042991094], [-72.53896596948412, 42.94912914521732], [-72.53938224155903, 42.94928862519866], [-72.53989605682617, 42.94933849418038], [-72.54029712467022, 42.94922844509052], [-72.54074125449608, 42.94894379297856], [-72.54125602095901, 42.949202221256016], [-72.541598461847, 42.94927591913284], [-72.54195195044403, 42.949268089904855], [-72.542455012452, 42.9496000976234], [-72.5430374843216, 42.9497463471711], [-72.54361983943646, 42.95024741140844], [-72.54362146907849, 42.950252356425835], [-72.54377657180422, 42.95105930940455], [-72.54409283977006, 42.951545597854235], [-72.54445522003913, 42.9518620315787], [-72.5448616147983, 42.952032258948634], [-72.54562425145049, 42.952169124667236], [-72.54676169482876, 42.9526209366366], [-72.54870742237411, 42.95374535370234], [-72.54934146880028, 42.95387677431285], [-72.55035817272979, 42.953907268309955], [-72.55102336971672, 42.95469769108727], [-72.55165433923213, 42.95512554573242], [-72.55197977578217, 42.95553414056682], [-72.55209831296249, 42.95584293942922], [-72.55197003062331, 42.956660245176415], [-72.55203805330092, 42.957047585856984], [-72.55264033524541, 42.95833987126266], [-72.55297962051179, 42.958763269240826], [-72.55298756949932, 42.95909003007227], [-72.55312409417826, 42.95931850011514], [-72.55342447889466, 42.95957113657403], [-72.5538213839566, 42.95971557476242], [-72.55420174775684, 42.95975709196658], [-72.55415305507532, 42.960355276075184], [-72.55438481635282, 42.960797864840906], [-72.55465262063237, 42.9610140712033], [-72.55494173086134, 42.96139259387333], [-72.55551366942679, 42.961667125271646], [-72.55600255597206, 42.962047162189734], [-72.5559450635238, 42.96343086058715], [-72.55612745481568, 42.9641271702584], [-72.55648343589199, 42.96472978900985], [-72.55686615264678, 42.96572805682284], [-72.55718786527868, 42.96635251165297], [-72.55731508371987, 42.966809330438245], [-72.55877277485413, 42.966827847127036], [-72.5587982183072, 42.96682816982928], [-72.55982963298884, 42.966847927354785], [-72.55960382246525, 42.966584572307326], [-72.5590395653675, 42.966220012872796], [-72.55886336990945, 42.96568650995747], [-72.55873680790155, 42.96553243962687], [-72.55824019495076, 42.96426463821033], [-72.55794234022127, 42.9637923632281], [-72.55781500150783, 42.963429221111085], [-72.55789387237058, 42.96226964315634], [-72.55777686463743, 42.96157915160578], [-72.55734937094917, 42.961060432044015], [-72.55667727184958, 42.96058723496756], [-72.55634579738557, 42.96044288163671], [-72.55602614671734, 42.960083527990584], [-72.55612074073701, 42.95989611573188], [-72.55619006189684, 42.959446085186286], [-72.55609092787749, 42.95912351018173], [-72.5559171108055, 42.958904316723284], [-72.55557152373564, 42.95867190624161], [-72.55488598445206, 42.958463964188624], [-72.55438132963559, 42.957842264439634], [-72.55405375849736, 42.95705870973986], [-72.55384743007049, 42.956721006957494], [-72.55397066383884, 42.95589630015078], [-72.55389910361689, 42.95547711895049], [-72.55367871866086, 42.9549719639694], [-72.55315568469459, 42.95422308843824], [-72.55290739853591, 42.95405442624744], [-72.55260571056488, 42.95395705778589], [-72.55180972587424, 42.95304145743999], [-72.55132190884679, 42.95269897630139], [-72.55070689248336, 42.95256791467882], [-72.5495673247046, 42.95251649634376], [-72.54772553290071, 42.95144458988295], [-72.54639705479727, 42.95092321017305], [-72.54562157181346, 42.950744599429534], [-72.54537059903843, 42.949712465941424], [-72.54445582456475, 42.9488352709652], [-72.54392993004677, 42.94854283777808], [-72.54339152636588, 42.94838935742499], [-72.54299943149762, 42.948018038658155], [-72.54266952519917, 42.94786939861737], [-72.54229721271433, 42.94781780831656], [-72.54191415898475, 42.9478599052493], [-72.54152006873095, 42.947666569366724], [-72.54095721372124, 42.94750529886764], [-72.54054393768698, 42.94747371972071], [-72.54021935256763, 42.947528899718826], [-72.53945039635835, 42.94696844469035], [-72.53902809360346, 42.94678150756507], [-72.5386741294411, 42.946536046085164], [-72.53815023093514, 42.946391662245496], [-72.53776169094385, 42.94639530542393], [-72.53765639140592, 42.94604396008368], [-72.5372711591238, 42.945449758404], [-72.53700051394306, 42.94528833775825], [-72.536449082005, 42.945150162706604], [-72.53580381137999, 42.94500260920232], [-72.53561321232482, 42.944761836365636], [-72.53522655352059, 42.94451838532908], [-72.53479704820886, 42.944407102896385], [-72.53443978104052, 42.944411184386134], [-72.53385912771456, 42.94459465519279], [-72.53344237364567, 42.94465289577337], [-72.53201040560107, 42.94525084941637], [-72.53080211397966, 42.94499376716226], [-72.53018335086477, 42.944730069243946], [-72.52975660309959, 42.944197152412386], [-72.5295938002677, 42.94349549828794], [-72.529027151896, 42.94195387590982], [-72.52864272830745, 42.94039090904641], [-72.52843521821659, 42.93880645680562], [-72.52840946168365, 42.937097753115744], [-72.52827549937071, 42.93625806816085], [-72.52810849067492, 42.93575088841921], [-72.52828275133999, 42.9353833198737], [-72.529398594849, 42.935725230260964], [-72.53009328319543, 42.93584179374338], [-72.53070004230169, 42.93588108259976], [-72.53124734094914, 42.93577045222536], [-72.53162980700743, 42.93558845542066], [-72.53197513024887, 42.935334495613404], [-72.53258963263931, 42.93443155271148], [-72.53308620817229, 42.934223847691456], [-72.53352048753378, 42.933944599839705], [-72.53439120216552, 42.93317341291311], [-72.53460697611813, 42.93289643629997], [-72.53465856137593, 42.932630682278344], [-72.53508449909238, 42.93260363408476], [-72.5355762894953, 42.93247861758743], [-72.53587833111101, 42.93230835285042], [-72.53618953489577, 42.93238963132777], [-72.5366360224029, 42.93242699759147], [-72.53718206688185, 42.93234058224688], [-72.53752806725564, 42.93221202906047], [-72.53829128422556, 42.931693654643], [-72.53880275852015, 42.93119761345029], [-72.5394662996656, 42.93080955775661], [-72.5396222273053, 42.93080365264167], [-72.53989071279639, 42.931115542557414], [-72.5401429192339, 42.93127920291963], [-72.54045667262389, 42.93137145756106], [-72.54103248234793, 42.931399449319365], [-72.54159189170214, 42.931593422437686], [-72.5421412616997, 42.931703287978586], [-72.54272014215645, 42.931650528299485], [-72.54326390604797, 42.931472991659206], [-72.54371073887147, 42.931509999835036], [-72.54432702210855, 42.93140077480269], [-72.54465273886036, 42.93151833120731], [-72.54517239727154, 42.93156787822756], [-72.54560927822656, 42.931460376902955], [-72.54610494837908, 42.93126276263109], [-72.54644084930933, 42.93128909339337], [-72.54695425381841, 42.93119579509699], [-72.5476423409513, 42.93081974541878], [-72.54869721035809, 42.930774962564264], [-72.54877947438445, 42.931021356916496], [-72.54912632786814, 42.93140160542612], [-72.55017368591982, 42.93183574671916], [-72.55095407726353, 42.93241495093138], [-72.55142639007504, 42.932646771356325], [-72.5517119117657, 42.93272573087757], [-72.55240736244835, 42.9327259241051], [-72.55300961891976, 42.93267242655594], [-72.55384024623599, 42.93267843655515], [-72.55488053593355, 42.93251333256778], [-72.55567454936157, 42.93274877778513], [-72.55628229942783, 42.93289625066136], [-72.55666852907493, 42.93312551628068], [-72.55710983276246, 42.93327584142188], [-72.55747491796511, 42.93333544132737], [-72.55785503394932, 42.93359457165251], [-72.55837766636674, 42.933761722151004], [-72.5588021345525, 42.93383589132713], [-72.55944918643343, 42.933726599726896], [-72.55981254280321, 42.933749256408305], [-72.56030145717652, 42.93388141628344], [-72.56052186846432, 42.93403734186928], [-72.5610320323236, 42.93462455488706], [-72.5613553198843, 42.93521152831465], [-72.56174092933733, 42.935711322353896], [-72.56186461645542, 42.93635157060541], [-72.56199688904708, 42.93658451082725], [-72.56229135152455, 42.93689046186159], [-72.56255441453948, 42.937497848349345], [-72.56312367058679, 42.93809688209385], [-72.564056136625, 42.93941283103678], [-72.56429204120721, 42.93997555559555], [-72.56436494959844, 42.94031773377713], [-72.56453460402781, 42.94058487422105], [-72.56502005815656, 42.94102847803235], [-72.56539515336665, 42.941254952113404], [-72.5656434753269, 42.941341052722194], [-72.56572206537535, 42.94161602928932], [-72.56596102804073, 42.94193494359782], [-72.5664553441084, 42.94234161120551], [-72.56696312541564, 42.94263202361396], [-72.56717085607217, 42.94292957318923], [-72.56751193184495, 42.9431446097965], [-72.56760822280818, 42.943802030178226], [-72.5681839428282, 42.94494720016572], [-72.5684605198279, 42.94512711985871], [-72.56877493284173, 42.94521213704939], [-72.56906450744862, 42.9455740091175], [-72.56968375725812, 42.94591578962106], [-72.56991429578925, 42.946150094439], [-72.57035114470669, 42.94635127842354], [-72.57058490738426, 42.9465767769373], [-72.57135690286172, 42.94706910975224], [-72.57359284467015, 42.947659949415616], [-72.57379130209233, 42.9477682629669], [-72.57446534113942, 42.9485698717342], [-72.57489204871366, 42.948768039166325], [-72.57536816956718, 42.94881024800628], [-72.57553848761935, 42.94958309124727], [-72.57569546977521, 42.94997487314606], [-72.57605922789891, 42.950460301980236], [-72.57645104960181, 42.95072001011911], [-72.5768126948455, 42.95084517242519], [-72.57728957421698, 42.95087449014438], [-72.57764639755543, 42.95078525058422], [-72.57803033485902, 42.951195300987266], [-72.57769134343903, 42.951448957221814], [-72.57746781285036, 42.95188579568137], [-72.57750046090385, 42.95257955888378], [-72.57766014605613, 42.952985238562086], [-72.57837340691287, 42.95373677618671], [-72.57882816314716, 42.95396569959758], [-72.57883686638012, 42.9542313896003], [-72.57894626131535, 42.95449088890804], [-72.57926584842141, 42.95481297865849], [-72.57935685319606, 42.95509421182188], [-72.57978867372596, 42.95570351455583], [-72.58015688545163, 42.9559681151423], [-72.58043964667303, 42.95643248672343], [-72.58059362112614, 42.95657281404285], [-72.5803759465874, 42.956986651163746], [-72.57984839160085, 42.9570160703507], [-72.57935056227377, 42.95717235338745], [-72.57895763501547, 42.957476557324796], [-72.5788270145237, 42.957745570357325], [-72.57884779018043, 42.958117678364346], [-72.57914895428227, 42.958553750983405], [-72.57914448199327, 42.95908440477432], [-72.57921856829864, 42.959427940709475], [-72.57938224157176, 42.95971849336077], [-72.57963966679121, 42.959941389999685], [-72.57941292231477, 42.960490240557704], [-72.57929523391408, 42.961120824136216], [-72.57940530554906, 42.96164293743185], [-72.57965107211274, 42.962049453223365], [-72.57933634201736, 42.96236647193701], [-72.57917222506681, 42.96282776758446], [-72.57923422014741, 42.96315444574371], [-72.57944433845189, 42.963441828804505], [-72.57956924428387, 42.96396123357291], [-72.5798962782208, 42.96445837066033], [-72.57993146132819, 42.964843829445115], [-72.57983722516683, 42.965332802772956], [-72.57987479865605, 42.9655960883323], [-72.58007518563585, 42.965974809822825], [-72.58054154033172, 42.96644669883265], [-72.58066414073076, 42.966718134820724], [-72.58079101944182, 42.96739647075332], [-72.58341413888041, 42.96748434680846], [-72.58313454580086, 42.96737429270488], [-72.58265086017818, 42.96728510955599], [-72.58249896478696, 42.96647315833653], [-72.58227356892367, 42.965921972571024], [-72.58170932474161, 42.96531364720037], [-72.58179466965495, 42.96486652476241], [-72.58173175667648, 42.964207084815705], [-72.5816393095745, 42.96392872571688], [-72.58135144338212, 42.96356154281684], [-72.58116823732728, 42.962886647011565], [-72.58142843824598, 42.962606347416575], [-72.58154802503309, 42.96226933397427], [-72.58153172585055, 42.96198422662698], [-72.58136800801238, 42.96145725473783], [-72.58117301970341, 42.96118595522686], [-72.58116245957594, 42.96108344399005], [-72.5812822167331, 42.96063117963235], [-72.58152209651114, 42.9601476237291], [-72.58154929678098, 42.959792092431094], [-72.58134888504271, 42.95930522729779], [-72.58101218099368, 42.95900720244705], [-72.5810307380632, 42.958299354666366], [-72.5816134674969, 42.95807159375924], [-72.58199635120482, 42.95776708457003], [-72.58213270283363, 42.957556590422506], [-72.58220225460644, 42.957294351787866], [-72.58242931084484, 42.9570816919574], [-72.58256588900107, 42.95681003023653], [-72.58263250279501, 42.956421325116025], [-72.58247276653873, 42.95605806862069], [-72.58203586134812, 42.95568744837554], [-72.5817300291937, 42.95520988959174], [-72.58137172880376, 42.95491758729335], [-72.58111206737433, 42.95458671835274], [-72.58102009504817, 42.95429464987813], [-72.5807459336864, 42.953982094763035], [-72.58079812816864, 42.953531609951696], [-72.58057707217463, 42.95315915255655], [-72.5803006700318, 42.95293950364917], [-72.57965607142314, 42.95272280244396], [-72.57937923000338, 42.952439532569656], [-72.57933181619241, 42.9521741952282], [-72.57987301917022, 42.95185998968527], [-72.58013348190453, 42.951594515722], [-72.58041426421, 42.951126739151526], [-72.58045790583114, 42.95092702679467], [-72.58040130973117, 42.95065677404703], [-72.58026108409986, 42.95044675665785], [-72.57983545590133, 42.950046005713645], [-72.57942653049884, 42.94986705985349], [-72.57910545455961, 42.94957445339103], [-72.57858512934573, 42.94941379856749], [-72.57824523265872, 42.94940473785765], [-72.57771043322043, 42.94926580330821], [-72.57737230275526, 42.94926805058363], [-72.5770683114772, 42.94818333681338], [-72.57693451225315, 42.947930565438824], [-72.57671679411496, 42.94772439806215], [-72.57616496944277, 42.94746469194682], [-72.57565358899271, 42.94743498274348], [-72.57523741966006, 42.94688014170201], [-72.57449324639417, 42.946452545972974], [-72.572330052173, 42.94589348242503], [-72.57196783836181, 42.94566094237735], [-72.57154900571224, 42.94528561607191], [-72.57124857193487, 42.94514953543654], [-72.57102370275683, 42.94491723987115], [-72.5704885771023, 42.94465889119158], [-72.57036814655997, 42.944461168365564], [-72.57000500269957, 42.94415410579582], [-72.56967019020483, 42.94400885737145], [-72.56940684604206, 42.94343563141745], [-72.56954173859565, 42.94301389330653], [-72.569527291327, 42.94275376783436], [-72.56941545038578, 42.94252961543886], [-72.56916991453895, 42.942276114771], [-72.56868245708544, 42.94206873529341], [-72.56837862813673, 42.94173681358143], [-72.56748802894973, 42.94113451612785], [-72.56739579296368, 42.94084338136474], [-72.56706410525214, 42.94043135733329], [-72.56635858094859, 42.94007296604503], [-72.56615644574444, 42.93988394039501], [-72.56604948146516, 42.93949930658706], [-72.56574025711609, 42.93882245563786], [-72.56475215157226, 42.937424273407764], [-72.5642855901096, 42.936928541905964], [-72.56396691352815, 42.93628669870197], [-72.56363799184945, 42.93587593843528], [-72.56352577526619, 42.9352701117011], [-72.56300766472432, 42.93457866936854], [-72.5627164649409, 42.934002363740326], [-72.56220743605606, 42.933392388101645], [-72.56178720620615, 42.93302096885883], [-72.56128406562219, 42.93271539558434], [-72.5608125514744, 42.932536529585946], [-72.55998791109953, 42.9323853165905], [-72.55939485829857, 42.93234765304722], [-72.55888190596177, 42.932400534260964], [-72.55855616131281, 42.932094327362734], [-72.55817042179893, 42.93193344909853], [-72.5576967989233, 42.93185754966644], [-72.55750665835667, 42.931865300576526], [-72.5574472127108, 42.93182794725517], [-72.55704106477411, 42.93163286002241], [-72.55650007012261, 42.93152134788625], [-72.55559293441596, 42.931234529066394], [-72.55514758997772, 42.931155135100454], [-72.55459620018075, 42.93115780562245], [-72.55398533455215, 42.931259368741394], [-72.5535772771107, 42.93132195096329], [-72.5529197042933, 42.93130509378537], [-72.5521570577564, 42.93135973259295], [-72.5519022272679, 42.93109576719126], [-72.55105497042763, 42.930597296872214], [-72.5505201755523, 42.930425321090965], [-72.55031895196421, 42.92997119975662], [-72.54989234231611, 42.929532685001234], [-72.54960265942503, 42.92939910443218], [-72.54908001655498, 42.92929672579124], [-72.54881930158271, 42.92930530718648], [-72.54827929975217, 42.92942705227023], [-72.54779348910046, 42.92941985025269], [-72.54705554005656, 42.929502788230984], [-72.54670804805095, 42.92961482714769], [-72.54626740236257, 42.92988862133219], [-72.54571269028514, 42.92989807566611], [-72.54507078592327, 42.93010829193545], [-72.54480770123776, 42.9300084540798], [-72.54445027372249, 42.929953978769795], [-72.54397642315315, 42.929995171847885], [-72.54365585146931, 42.93010544477255], [-72.54302565486387, 42.93004556044113], [-72.54268763414437, 42.930109521422494], [-72.54225372688465, 42.93031700387096], [-72.54169244234097, 42.930114928395085], [-72.5412087012353, 42.93001799802897], [-72.54079075006472, 42.92966769928802], [-72.54041505298686, 42.929511800421395], [-72.53987511433853, 42.9294295285653], [-72.53907981251429, 42.92945243367779], [-72.53853483755125, 42.929617582272236], [-72.53752247678183, 42.93019131584139], [-72.53689007963072, 42.93079144183985], [-72.53656202233309, 42.931018171348256], [-72.53598932513832, 42.930916929099446], [-72.53541843730022, 42.93092778794435], [-72.53508430522598, 42.931034127009156], [-72.53467886686822, 42.93125904021146], [-72.53411492734394, 42.931224615292415], [-72.53332665444884, 42.931341205427806], [-72.53296339369085, 42.931499035052724], [-72.53274677462963, 42.93170476498666], [-72.53260758609768, 42.93208739618904], [-72.53269294002678, 42.93249158319233], [-72.53219930006779, 42.9329789744263], [-72.53194849377859, 42.93311959343937], [-72.53150882855064, 42.9332085219227], [-72.53113903386175, 42.933432858168466], [-72.53047657562841, 42.93449562172272], [-72.5298046461545, 42.93438950583812], [-72.52910195988052, 42.93414788259526], [-72.52855408943834, 42.934021681389], [-72.52839688787738, 42.933733366618696], [-72.52841435437216, 42.9322894880304], [-72.52875422126519, 42.9308673086875], [-72.52886431801798, 42.92956175835406], [-72.52897305792293, 42.9290693913921], [-72.52894562483677, 42.928300004763734], [-72.5288126085904, 42.9275434705944], [-72.52800454152606, 42.92504032586474], [-72.52798629518759, 42.924762223793415], [-72.52769648982768, 42.923882575155616], [-72.52751671161606, 42.92301444333098], [-72.52732399393157, 42.92252592575136], [-72.52721528048313, 42.92201641875685], [-72.52678685817712, 42.92061243205489], [-72.52651853229945, 42.91998950734292], [-72.52620500511452, 42.91871969401237], [-72.52608475520019, 42.91793703694551], [-72.52610559816465, 42.91742802100297], [-72.52620337143334, 42.91714499740168], [-72.52630019844648, 42.91591780775483], [-72.52653921712295, 42.915326155571044], [-72.5266251235273, 42.91524225819465], [-72.52676953876176, 42.915109499826926], [-72.52741509694498, 42.91486516655478], [-72.52878897952738, 42.914487199420535], [-72.52963555476967, 42.91419418335335], [-72.5302276504809, 42.91386468058523], [-72.53068323260912, 42.91352702413691], [-72.5314745120474, 42.912727565878086], [-72.53195754443364, 42.91194804140999], [-72.53232143067493, 42.91107634510737], [-72.53280466013173, 42.90925347860078], [-72.5333665533146, 42.90777409136908], [-72.53342630486398, 42.907409335321724], [-72.5333489547098, 42.906935909791564], [-72.53341796325726, 42.90618119961648], [-72.53315627278891, 42.90546232514613], [-72.53300629277857, 42.90523950783731], [-72.53292047450714, 42.903888779098594], [-72.53325828027856, 42.899547347023734], [-72.53315380384458, 42.89898362891424], [-72.53347872949251, 42.89807526059591], [-72.53369588619205, 42.8976698794523], [-72.53495923980257, 42.89619524457579], [-72.53225529457399, 42.89612522613545]]]]}}, {"type": "Feature", "properties": {"OBJECT_ID": 1198, "County": "Windham", "RPC": "WRC", "Municipal_Name": "Dummerston ", "GEO_ID": "5002518325", "District_Name": "Settlement Area", "Abbreviated_District_Name": "Sa", "District_Type": "Primarily Residential", "Bylaw_Date": "2024-05-27T00:00:00", "Elderly_Housing_District": "No", "District_Mapped": "Yes", "Overlay_District": "No", "Base_Density": null, "GIS_ID": null, "Last_Update": null, "Shape_Length": 6990.445904710964, "Shape_Area": 650407.6458600251, "F1F_Allowance": "Permitted", "F1F_Front_Setback": 30.0, "F1F_Side_Setback": 20.0, "F1F_Rear_Setback": 20.0, "F1F_Frontage": null, "F1F_Max_Height": 35.0, "F1F_Max_Stories": null, "F1F_Min_Lot_Size": 0.5, "F1F_Max_Lot_Building_Coverage": 25.0, "F1F_Max_Lot_Impervious_Coverage": null, "F1F_Min_Parking_Spaces": 2.0, "F1F_Elderly_Housing_Only": null, "F1F_Affordable_Housing_Only": null, "F2F_Allowance": "Permitted", "F2F_Front_Setback": 30.0, "F2F_Side_Setback": 20.0, "F2F_Rear_Setback": 20.0, "F2F_Frontage": null, "F2F_Max_Density": null, "F2F_Max_Height": 35.0, "F2F_Max_Stories": null, "F2F_Min_Lot_Size": 0.5, "F2F_Max_Lot_Building_Coverage": 25.0, "F2F_Max_Lot_Impervious_Coverage": null, "F2F_Min_Parking_Spaces_per_1BR": 2.0, "F2F_Min_Parking_Spaces_per_mult_BR": 2.0, "F2F_Elderly_Housing_Only": "No", "F2F_Affordable_Housing_Only": "No", "F3F_Allowance": "Public Hearing", "F3F_Front_Setback": 30.0, "F3F_Side_Setback": 20.0, "F3F_Rear_Setback": 20.0, "F3F_Frontage": null, "F3F_Max_Density": null, "F3F_Max_Height": 35.0, "F3F_Max_Stories": null, "F3F_Min_Lot_Size": 0.5, "F3F_Max_Lot_Building_Coverage": 25.0, "F3F_Max_Lot_Impervious_Coverage": null, "F3F_Min_Parking_Spaces_per_1BR": 2.0, "F3F_Min_Parking_Spaces_per_mult_BR": 2.0, "F3F_Affordable_Housing_Only": "No", "F3F_Proximity_to_Public_Transit_Required": "No", "F3F_Connection_to_Sewage/Water_Required": "No", "F4F_Allowance": "Public Hearing", "F4F_Front_Setback": 30.0, "F4F_Side_Setback": 20.0, "F4F_Rear_Setback": 20.0, "F4F_Frontage": null, "F1F_Max_Density": null, "F4F_Max_Density": null, "F4F_Max_Height": 35.0, "F4F_Max_Stories": null, "F4F_Min_Lot_Size": 0.5, "F4F_Max_Lot_Building_Coverage": 25.0, "F4F_Max_Lot_Impervious_Coverage": null, "F4F_Min_Parking_Spaces_per_1BR": 2.0, "F4F_Min_Parking_Spaces_per_mult_BR": 2.0, "F3F_Elderly_Housing_Only": "No", "F4F_Elderly_Housing_Only": "No", "F4F_Affordable_Housing_Only": "No", "F4F_Proximity_to_Public_Transit_Required": "No", "F4F_Connection_to_Sewage/Water_Required": "No", "ADU_Allowance": "Allowed/Conditional", "ADU_Elderly_Housing_Only": "No", "ADU_Max_Size_as_Percent_of_Primary_Strcture": 30.0, "ADU_Max_Size_in_sq_ft": 1000.0, "ADU_Min_Lot_Size": null, "ADU_Max_Bedrooms": 1.0, "ADU_Min_Parking_Spaces": null, "ADU_Owner_Occupancy_Required": "No", "ADU_Renter_Occupancy_Prohibited": "No", "ADU_Employee_or_Family_Occupancy_Required": "No", "ADU_Restricted_to_Primary_Structure": "No", "Affordable_Housing_Allowance": "Not Mentioned", "Affordable_Housing_District": "No", "Affordable_Housing_Elderly_Only": "No", "Affordable_Housing_Min_Lot_Size": null, "Affordable_Housing_Max_Density": null, "Affordable_Housing_Min_Parking_Spaces_per_mult_BR": null, "Affordable_Housing_Max_Units_per_Building": null, "Affordable_Housing_Min_Parking_Spaces_per_1BR": null, "PRD_Allowance": "Public Hearing", "PRD_Max_Density": null, "PRD_Max_Units": null, "PRD_Min_Lot_Size": null, "PRD_Mobile_or_Manufactured_Home_Park": "No", "PUD_Allowance": "Yes", "PUD_Required_with_Subdivision": "T", "PUD_Requires_Land_Conservation": null, "PUD_Threshold_Number": null, "Notes": "  Prd Must Be More Than Or Equal to 5 Dwelling Units. Adu Is Public Hearing If It Is Greater Than 30% Of The Primary Building's Area But Less Than 50%, The Only Differences Between Slab Hollow, Center Dummerston, And West Village Is That Center Has A Min Lot Size Of 2 Acres, A Max Coverage Of 15, And Does not Allow Prds", "FIPS6": null}, "geometry": {"type": "MultiPolygon", "coordinates": [[[[-72.56995966095342, 42.93514795014228], [-72.56877840055922, 42.935282269679256], [-72.56882535723837, 42.935559184417706], [-72.56909744727682, 42.93579324487294], [-72.56856138033388, 42.93987540562544], [-72.56886429207741, 42.939920479980366], [-72.5685307379916, 42.9409000244507], [-72.56999074513791, 42.94128035010718], [-72.57053418953555, 42.94105029244368], [-72.57093048655486, 42.94105518135329], [-72.57083761750981, 42.941873884585746], [-72.57112495340014, 42.942016294754474], [-72.57201006644166, 42.94193548220867], [-72.5721937830902, 42.94200777779653], [-72.57429519275487, 42.94160008998733], [-72.57445697426348, 42.941530280431806], [-72.57572813251426, 42.94131718256193], [-72.57553646122209, 42.940575836736386], [-72.5768801605922, 42.94037834236513], [-72.57578454061907, 42.93836594500532], [-72.5756615132906, 42.93795138586453], [-72.57566078150347, 42.93735669859309], [-72.57660295508158, 42.93739217593921], [-72.57659950286967, 42.93543929815094], [-72.57532689136168, 42.935404819144765], [-72.5722921243885, 42.93531033211358], [-72.57212112638088, 42.93525404658906], [-72.57018521491032, 42.93521547135507], [-72.56995966095342, 42.93514795014228]]], [[[-72.55311617684363, 42.93136243413686], [-72.5527626551412, 42.93148538741624], [-72.55242334990669, 42.93167886403049], [-72.5519344004225, 42.93205607467465], [-72.55155211579063, 42.93189063107148], [-72.55136071551891, 42.93175013143682], [-72.55128751515095, 42.93160963169274], [-72.55107116426088, 42.9315076169478], [-72.55074309803298, 42.93201987482906], [-72.55017368591982, 42.93183574671916], [-72.54988079759909, 42.93219061513762], [-72.5501683800475, 42.93228086062187], [-72.54912724553225, 42.93347163933303], [-72.55024669716501, 42.93349140773571], [-72.55024640442682, 42.93313133119163], [-72.55129613051918, 42.93309988640724], [-72.5513734820645, 42.93265967235669], [-72.5517119117657, 42.93272573087757], [-72.55177007341135, 42.93262418906116], [-72.55240736244835, 42.9327259241051], [-72.55253201282473, 42.9327306685923], [-72.55255538217092, 42.93319988370681], [-72.55298271690064, 42.93329649242667], [-72.55377437171605, 42.93332276714535], [-72.55393564852717, 42.93344217731014], [-72.55435729636284, 42.93349406565363], [-72.55441944727312, 42.933207803978746], [-72.55546767262857, 42.933211414729215], [-72.55567454936157, 42.93274877778513], [-72.55576667308027, 42.932592292214345], [-72.55644563573583, 42.93296341365929], [-72.55673391813902, 42.932579324055695], [-72.55706782129012, 42.932653071927746], [-72.55722368022276, 42.93228658814941], [-72.5575168227104, 42.932058778212955], [-72.55750665835667, 42.931865300576526], [-72.55750463050698, 42.93182672657174], [-72.5574472127108, 42.93182794725517], [-72.55419952757299, 42.93189693289777], [-72.55312982518397, 42.931919634012495], [-72.55311617684363, 42.93136243413686]]], [[[-72.61387346862945, 42.92539368290375], [-72.6133294299501, 42.92597178827443], [-72.61327500455386, 42.92656101105489], [-72.6131120924208, 42.926858622789446], [-72.61307348039215, 42.92730478376521], [-72.61185256953289, 42.92764889984357], [-72.61137053768455, 42.92845585129736], [-72.61148355657157, 42.92862515298402], [-72.61124248398563, 42.929227417191356], [-72.61119996302656, 42.93003469412279], [-72.61141774280311, 42.93085822829107], [-72.61149576682487, 42.93102975141517], [-72.61159681157481, 42.931018225018356], [-72.61159703863571, 42.931355691442995], [-72.61201719215356, 42.932093261942015], [-72.61217525032974, 42.932078676192795], [-72.61246916637901, 42.93251375113333], [-72.61256216550737, 42.9324980197945], [-72.613884027597, 42.932274427135425], [-72.61341240881124, 42.93025282039312], [-72.61395511672058, 42.928737500151826], [-72.61434103745097, 42.928178969076875], [-72.6166908321164, 42.92572709831579], [-72.61496738730595, 42.92567257918367], [-72.61491880981798, 42.92578470736035], [-72.61479391102978, 42.92576918912438], [-72.61418791932442, 42.92571332610301], [-72.61425721202183, 42.92546075378534], [-72.61387346862945, 42.92539368290375]]]]}}, {"type": "Feature", "properties": {"OBJECT_ID": 1193, "County": "Windham", "RPC": "WRC", "Municipal_Name": "Dummerston ", "GEO_ID": "5002518325", "District_Name": "Resdiential", "Abbreviated_District_Name": "Res", "District_Type": "Primarily Residential", "Bylaw_Date": "2024-05-27T00:00:00", "Elderly_Housing_District": "No", "District_Mapped": "Yes", "Overlay_District": "No", "Base_Density": null, "GIS_ID": null, "Last_Update": null, "Shape_Length": 15735.969061832562, "Shape_Area": 1970736.3591730737, "F1F_Allowance": "Permitted", "F1F_Front_Setback": 50.0, "F1F_Side_Setback": 40.0, "F1F_Rear_Setback": 40.0, "F1F_Frontage": null, "F1F_Max_Height": 35.0, "F1F_Max_Stories": null, "F1F_Min_Lot_Size": 1.0, "F1F_Max_Lot_Building_Coverage": 20.0, "F1F_Max_Lot_Impervious_Coverage": null, "F1F_Min_Parking_Spaces": 2.0, "F1F_Elderly_Housing_Only": null, "F1F_Affordable_Housing_Only": null, "F2F_Allowance": "Permitted", "F2F_Front_Setback": 50.0, "F2F_Side_Setback": 40.0, "F2F_Rear_Setback": 40.0, "F2F_Frontage": null, "F2F_Max_Density": null, "F2F_Max_Height": 35.0, "F2F_Max_Stories": null, "F2F_Min_Lot_Size": 1.0, "F2F_Max_Lot_Building_Coverage": 20.0, "F2F_Max_Lot_Impervious_Coverage": null, "F2F_Min_Parking_Spaces_per_1BR": 2.0, "F2F_Min_Parking_Spaces_per_mult_BR": 2.0, "F2F_Elderly_Housing_Only": "No", "F2F_Affordable_Housing_Only": "No", "F3F_Allowance": "Public Hearing", "F3F_Front_Setback": 50.0, "F3F_Side_Setback": 40.0, "F3F_Rear_Setback": 40.0, "F3F_Frontage": null, "F3F_Max_Density": null, "F3F_Max_Height": 35.0, "F3F_Max_Stories": null, "F3F_Min_Lot_Size": 1.0, "F3F_Max_Lot_Building_Coverage": 20.0, "F3F_Max_Lot_Impervious_Coverage": null, "F3F_Min_Parking_Spaces_per_1BR": 2.0, "F3F_Min_Parking_Spaces_per_mult_BR": 2.0, "F3F_Affordable_Housing_Only": "No", "F3F_Proximity_to_Public_Transit_Required": "Yes", "F3F_Connection_to_Sewage/Water_Required": "Yes", "F4F_Allowance": "Public Hearing", "F4F_Front_Setback": 50.0, "F4F_Side_Setback": 40.0, "F4F_Rear_Setback": 40.0, "F4F_Frontage": null, "F1F_Max_Density": null, "F4F_Max_Density": null, "F4F_Max_Height": 35.0, "F4F_Max_Stories": null, "F4F_Min_Lot_Size": 1.0, "F4F_Max_Lot_Building_Coverage": 20.0, "F4F_Max_Lot_Impervious_Coverage": null, "F4F_Min_Parking_Spaces_per_1BR": 2.0, "F4F_Min_Parking_Spaces_per_mult_BR": 2.0, "F3F_Elderly_Housing_Only": "No", "F4F_Elderly_Housing_Only": "No", "F4F_Affordable_Housing_Only": "No", "F4F_Proximity_to_Public_Transit_Required": "Yes", "F4F_Connection_to_Sewage/Water_Required": "Yes", "ADU_Allowance": "Allowed/Conditional", "ADU_Elderly_Housing_Only": "No", "ADU_Max_Size_as_Percent_of_Primary_Strcture": 30.0, "ADU_Max_Size_in_sq_ft": 1000.0, "ADU_Min_Lot_Size": null, "ADU_Max_Bedrooms": 1.0, "ADU_Min_Parking_Spaces": null, "ADU_Owner_Occupancy_Required": "No", "ADU_Renter_Occupancy_Prohibited": "No", "ADU_Employee_or_Family_Occupancy_Required": "No", "ADU_Restricted_to_Primary_Structure": "No", "Affordable_Housing_Allowance": "Not Mentioned", "Affordable_Housing_District": "No", "Affordable_Housing_Elderly_Only": "No", "Affordable_Housing_Min_Lot_Size": null, "Affordable_Housing_Max_Density": null, "Affordable_Housing_Min_Parking_Spaces_per_mult_BR": null, "Affordable_Housing_Max_Units_per_Building": null, "Affordable_Housing_Min_Parking_Spaces_per_1BR": null, "PRD_Allowance": "Public Hearing", "PRD_Max_Density": null, "PRD_Max_Units": null, "PRD_Min_Lot_Size": null, "PRD_Mobile_or_Manufactured_Home_Park": "Yes", "PUD_Allowance": "Yes", "PUD_Required_with_Subdivision": "T", "PUD_Requires_Land_Conservation": null, "PUD_Threshold_Number": null, "Notes": "  Prd Must Be More Than Or Equal to 5 Dwelling Units. Adu Is Public Hearing If It Is Greater Than 30% Of The Primary Building's Area But Less Than 50%", "FIPS6": null}, "geometry": {"type": "MultiPolygon", "coordinates": [[[[-72.53249556218987, 42.95943127086056], [-72.53210183679289, 42.960079301835044], [-72.53182991556079, 42.960852624359006], [-72.53141758846657, 42.96120237013613], [-72.53208799843313, 42.962150329746784], [-72.5300826769267, 42.96307059999793], [-72.52947218917056, 42.96340754757602], [-72.52900414569875, 42.96375487913506], [-72.52789581811247, 42.964835537229035], [-72.52708329055851, 42.96597617792355], [-72.5382490320742, 42.9663080568552], [-72.53877407483635, 42.965315551438806], [-72.5386222062219, 42.965193445655984], [-72.53735114663324, 42.964166493367614], [-72.53771628465022, 42.963713747976655], [-72.53724962154395, 42.963496800920396], [-72.53673762684764, 42.96291903735884], [-72.53723356916883, 42.962682757143966], [-72.53769045799163, 42.96217794291706], [-72.5375789626099, 42.96201706122199], [-72.53564759866862, 42.961174265702276], [-72.5357331124197, 42.960687434830916], [-72.53643295976936, 42.96082969676322], [-72.53626969527718, 42.96065818640553], [-72.53499925930352, 42.9598770409912], [-72.53420778822908, 42.96098589257556], [-72.53312892823757, 42.96227495486302], [-72.5328250153097, 42.96191947299967], [-72.53325857716389, 42.96167619827563], [-72.53329076051816, 42.96151930698953], [-72.53285360200286, 42.96073649989559], [-72.53270377634746, 42.95981168842607], [-72.53263293178459, 42.95957537431168], [-72.53249556218987, 42.95943127086056]]], [[[-72.619497527512, 42.94607967814645], [-72.61878458554877, 42.9461911668962], [-72.61830487834114, 42.94626407222256], [-72.61832366721042, 42.94630528778402], [-72.61880132121678, 42.94624267817754], [-72.61934864014428, 42.94624715260451], [-72.62014885171095, 42.94698457707514], [-72.62077935246056, 42.94865474856269], [-72.62111333192722, 42.94848849442738], [-72.62196781047311, 42.94875655288101], [-72.62277572690692, 42.94885859881203], [-72.62352080460043, 42.948846626799856], [-72.6237653438959, 42.94827531867749], [-72.62441357228602, 42.94834222288325], [-72.6244077846824, 42.947944863151534], [-72.62440557326003, 42.947792942415035], [-72.62364432521767, 42.94780512579307], [-72.62235398777797, 42.94702176772361], [-72.6210959600539, 42.946268384842035], [-72.62080094207802, 42.94618289769179], [-72.62067777972031, 42.94646280289686], [-72.619772823267, 42.94609294008285], [-72.619497527512, 42.94607967814645]]], [[[-72.53777611338647, 42.91937284570684], [-72.53712787288954, 42.919419371868266], [-72.53720411646036, 42.92038364192443], [-72.53732714474953, 42.92135402683882], [-72.5379506337841, 42.923684097564184], [-72.5382306283595, 42.92473481063659], [-72.53823676848602, 42.925118323217404], [-72.53810166865368, 42.925648121910555], [-72.53730641422864, 42.92766941557944], [-72.53756262695497, 42.927711188045656], [-72.53761641336224, 42.92803279297841], [-72.53774849764629, 42.92805595736079], [-72.53784749006584, 42.9287053721322], [-72.53834916281602, 42.92886483538222], [-72.54051070756122, 42.929339769566454], [-72.54159569575249, 42.92964960201623], [-72.54157652404328, 42.92979337328525], [-72.5412087012353, 42.93001799802897], [-72.54077761830376, 42.930281251576716], [-72.54067615126509, 42.93049027088632], [-72.54049591508216, 42.93055084210468], [-72.5401429192339, 42.93127920291963], [-72.53974219854527, 42.932262871748826], [-72.53972134892697, 42.93278701296946], [-72.53942355579612, 42.93288268567725], [-72.53852438840438, 42.935934909329205], [-72.53836569081213, 42.93685793857406], [-72.54226482863821, 42.93691918890311], [-72.5428654973277, 42.93475588329081], [-72.54747204959196, 42.93475630615268], [-72.549668923299, 42.934804984451034], [-72.55973122916453, 42.935028606018086], [-72.56013515066115, 42.935039294955686], [-72.56052186846432, 42.93403734186928], [-72.56089622437014, 42.93305731084606], [-72.5607248819367, 42.932840546581275], [-72.5608125514744, 42.932536529585946], [-72.56090349828594, 42.93222115214311], [-72.5596745641589, 42.932143038902844], [-72.55817042179893, 42.93193344909853], [-72.5576967989233, 42.93185754966644], [-72.55750463050698, 42.93182672657174], [-72.55750665835667, 42.931865300576526], [-72.5575168227104, 42.932058778212955], [-72.55722368022276, 42.93228658814941], [-72.55706782129012, 42.932653071927746], [-72.55673391813902, 42.932579324055695], [-72.55644563573583, 42.93296341365929], [-72.55576667308027, 42.932592292214345], [-72.55567454936157, 42.93274877778513], [-72.55546767262857, 42.933211414729215], [-72.55441944727312, 42.933207803978746], [-72.55435729636284, 42.93349406565363], [-72.55393564852717, 42.93344217731014], [-72.55377437171605, 42.93332276714535], [-72.55298271690064, 42.93329649242667], [-72.55255538217092, 42.93319988370681], [-72.55253201282473, 42.9327306685923], [-72.55240736244835, 42.9327259241051], [-72.55177007341135, 42.93262418906116], [-72.5517119117657, 42.93272573087757], [-72.5513734820645, 42.93265967235669], [-72.55129613051918, 42.93309988640724], [-72.55024640442682, 42.93313133119163], [-72.55024669716501, 42.93349140773571], [-72.54912724553225, 42.93347163933303], [-72.5501683800475, 42.93228086062187], [-72.54988079759909, 42.93219061513762], [-72.55017368591982, 42.93183574671916], [-72.55074309803298, 42.93201987482906], [-72.55107116426088, 42.9315076169478], [-72.55128751515095, 42.93160963169274], [-72.55136071551891, 42.93175013143682], [-72.55155211579063, 42.93189063107148], [-72.5519344004225, 42.93205607467465], [-72.55242334990669, 42.93167886403049], [-72.5527626551412, 42.93148538741624], [-72.55311617684363, 42.93136243413686], [-72.55312982518397, 42.931919634012495], [-72.55419952757299, 42.93189693289777], [-72.55398533455215, 42.931259368741394], [-72.55357395611033, 42.930167365251684], [-72.5528444106585, 42.929236964990224], [-72.55286248843989, 42.92861839125635], [-72.55307354871115, 42.927409183815854], [-72.55327575762693, 42.926810994682924], [-72.54843666131165, 42.926716624070124], [-72.54611611067988, 42.92675163493908], [-72.54598631860144, 42.92700103603095], [-72.54159961689325, 42.92698082425669], [-72.54181633445356, 42.92644001392402], [-72.54206907934598, 42.925482218747405], [-72.5420862639362, 42.92454457680419], [-72.54193586869157, 42.92375310387784], [-72.54150524713138, 42.922400645666265], [-72.54113542348772, 42.920942245998404], [-72.53810960634614, 42.9207975375771], [-72.5382346952793, 42.91943669183917], [-72.53777611338647, 42.91937284570684]]], [[[-72.60275767522864, 42.900176665077716], [-72.60119447375207, 42.900202549162536], [-72.60136757972853, 42.90064313236801], [-72.60137855348763, 42.9012822614128], [-72.60094073448008, 42.904016541274565], [-72.60091729799642, 42.90466488412212], [-72.60099371013125, 42.90503635827292], [-72.60202588421295, 42.90490682933798], [-72.6024861042716, 42.90498269637918], [-72.60337824783231, 42.905132460130126], [-72.6032093542373, 42.90472637473351], [-72.60319282083137, 42.90431390266179], [-72.60370832179352, 42.902933272996115], [-72.6036935345422, 42.902693477667896], [-72.60306977503262, 42.900893137389865], [-72.60275767522864, 42.900176665077716]]]]}}, {"type": "Feature", "properties": {"OBJECT_ID": 1196, "County": "Windham", "RPC": "WRC", "Municipal_Name": "Dummerston ", "GEO_ID": "5002518325", "District_Name": "Rural Commercial", "Abbreviated_District_Name": "Rc", "District_Type": "Mixed with Residential", "Bylaw_Date": "2024-05-27T00:00:00", "Elderly_Housing_District": "No", "District_Mapped": "Yes", "Overlay_District": "No", "Base_Density": null, "GIS_ID": null, "Last_Update": null, "Shape_Length": 36627.26502108238, "Shape_Area": 5497774.5286543425, "F1F_Allowance": "Permitted", "F1F_Front_Setback": 50.0, "F1F_Side_Setback": 40.0, "F1F_Rear_Setback": 40.0, "F1F_Frontage": null, "F1F_Max_Height": 35.0, "F1F_Max_Stories": null, "F1F_Min_Lot_Size": 2.0, "F1F_Max_Lot_Building_Coverage": 15.0, "F1F_Max_Lot_Impervious_Coverage": null, "F1F_Min_Parking_Spaces": 2.0, "F1F_Elderly_Housing_Only": null, "F1F_Affordable_Housing_Only": null, "F2F_Allowance": "Permitted", "F2F_Front_Setback": 50.0, "F2F_Side_Setback": 40.0, "F2F_Rear_Setback": 40.0, "F2F_Frontage": null, "F2F_Max_Density": null, "F2F_Max_Height": 35.0, "F2F_Max_Stories": null, "F2F_Min_Lot_Size": 2.0, "F2F_Max_Lot_Building_Coverage": 15.0, "F2F_Max_Lot_Impervious_Coverage": null, "F2F_Min_Parking_Spaces_per_1BR": 2.0, "F2F_Min_Parking_Spaces_per_mult_BR": 2.0, "F2F_Elderly_Housing_Only": "No", "F2F_Affordable_Housing_Only": "No", "F3F_Allowance": "Prohibited", "F3F_Front_Setback": null, "F3F_Side_Setback": null, "F3F_Rear_Setback": null, "F3F_Frontage": null, "F3F_Max_Density": null, "F3F_Max_Height": null, "F3F_Max_Stories": null, "F3F_Min_Lot_Size": null, "F3F_Max_Lot_Building_Coverage": null, "F3F_Max_Lot_Impervious_Coverage": null, "F3F_Min_Parking_Spaces_per_1BR": null, "F3F_Min_Parking_Spaces_per_mult_BR": null, "F3F_Affordable_Housing_Only": "No", "F3F_Proximity_to_Public_Transit_Required": "No", "F3F_Connection_to_Sewage/Water_Required": "No", "F4F_Allowance": "Prohibited", "F4F_Front_Setback": null, "F4F_Side_Setback": null, "F4F_Rear_Setback": null, "F4F_Frontage": null, "F1F_Max_Density": null, "F4F_Max_Density": null, "F4F_Max_Height": null, "F4F_Max_Stories": null, "F4F_Min_Lot_Size": null, "F4F_Max_Lot_Building_Coverage": null, "F4F_Max_Lot_Impervious_Coverage": null, "F4F_Min_Parking_Spaces_per_1BR": null, "F4F_Min_Parking_Spaces_per_mult_BR": null, "F3F_Elderly_Housing_Only": "No", "F4F_Elderly_Housing_Only": "No", "F4F_Affordable_Housing_Only": "No", "F4F_Proximity_to_Public_Transit_Required": "No", "F4F_Connection_to_Sewage/Water_Required": "No", "ADU_Allowance": "Allowed/Conditional", "ADU_Elderly_Housing_Only": "No", "ADU_Max_Size_as_Percent_of_Primary_Strcture": 30.0, "ADU_Max_Size_in_sq_ft": 1000.0, "ADU_Min_Lot_Size": null, "ADU_Max_Bedrooms": 1.0, "ADU_Min_Parking_Spaces": null, "ADU_Owner_Occupancy_Required": "No", "ADU_Renter_Occupancy_Prohibited": "No", "ADU_Employee_or_Family_Occupancy_Required": "No", "ADU_Restricted_to_Primary_Structure": "No", "Affordable_Housing_Allowance": "Not Mentioned", "Affordable_Housing_District": "No", "Affordable_Housing_Elderly_Only": "No", "Affordable_Housing_Min_Lot_Size": null, "Affordable_Housing_Max_Density": null, "Affordable_Housing_Min_Parking_Spaces_per_mult_BR": null, "Affordable_Housing_Max_Units_per_Building": null, "Affordable_Housing_Min_Parking_Spaces_per_1BR": null, "PRD_Allowance": "Public Hearing", "PRD_Max_Density": null, "PRD_Max_Units": null, "PRD_Min_Lot_Size": null, "PRD_Mobile_or_Manufactured_Home_Park": "Yes", "PUD_Allowance": "Yes", "PUD_Required_with_Subdivision": "T", "PUD_Requires_Land_Conservation": null, "PUD_Threshold_Number": null, "Notes": "  Prd Must Be More Than Or Equal to 5 Dwelling Units. Adu Is Public Hearing If It Is Greater Than 30% Of The Primary Building's Area But Less Than 50%", "FIPS6": null}, "geometry": {"type": "MultiPolygon", "coordinates": [[[[-72.53625998183273, 42.943962992888466], [-72.53442346346027, 42.94396912219987], [-72.53443978104052, 42.944411184386134], [-72.53447209123924, 42.946051181871084], [-72.5344818545237, 42.94654676393634], [-72.53448528594298, 42.946720908179934], [-72.53588663660834, 42.948080667297496], [-72.53596605644623, 42.94822562686716], [-72.53602071978486, 42.948662338319934], [-72.5364250243972, 42.95013854129158], [-72.53647574747224, 42.950555696128596], [-72.53641131878972, 42.951258333895055], [-72.53623339362026, 42.95194909892559], [-72.53589332368469, 42.95260418426882], [-72.53422631430924, 42.95502321770404], [-72.53270896134165, 42.958209466369695], [-72.53207617515694, 42.95922397783563], [-72.53127717559518, 42.960271074740746], [-72.53050839751452, 42.961160805088184], [-72.52958487727197, 42.96205493434402], [-72.52847775711382, 42.963015820999104], [-72.52809599886875, 42.963272153573314], [-72.52666130050974, 42.96215542223306], [-72.52490134618466, 42.96311666034023], [-72.524403252348, 42.96344287385638], [-72.52404599728273, 42.96397652175385], [-72.52298090504256, 42.96430407730483], [-72.52119982231532, 42.96439201374357], [-72.52075672668327, 42.96462146705153], [-72.52058711551584, 42.96455552209776], [-72.52177530783707, 42.96581840903382], [-72.52708329055851, 42.96597617792355], [-72.52789581811247, 42.964835537229035], [-72.52900414569875, 42.96375487913506], [-72.52947218917056, 42.96340754757602], [-72.5300826769267, 42.96307059999793], [-72.53208799843313, 42.962150329746784], [-72.53141758846657, 42.96120237013613], [-72.53182991556079, 42.960852624359006], [-72.53210183679289, 42.960079301835044], [-72.53249556218987, 42.95943127086056], [-72.53263293178459, 42.95957537431168], [-72.53270377634746, 42.95981168842607], [-72.53285360200286, 42.96073649989559], [-72.53329076051816, 42.96151930698953], [-72.53325857716389, 42.96167619827563], [-72.5328250153097, 42.96191947299967], [-72.53312892823757, 42.96227495486302], [-72.53420778822908, 42.96098589257556], [-72.53499925930352, 42.9598770409912], [-72.53591067003269, 42.95827293218721], [-72.53703441466837, 42.9558516635651], [-72.53881724278085, 42.953276909577596], [-72.53917973089682, 42.952470506946746], [-72.53944175264392, 42.951365167007026], [-72.53984217148351, 42.9514602899139], [-72.53969622869792, 42.95009597736409], [-72.53926091001657, 42.950239699554025], [-72.53890306401078, 42.94935837458296], [-72.53896478600487, 42.949133454825855], [-72.53896596948412, 42.94912914521732], [-72.53933137810226, 42.94781799444975], [-72.53897611414936, 42.94762323666502], [-72.53885211295521, 42.9474927333483], [-72.53870131248186, 42.947421534438725], [-72.53844811037625, 42.94739793128243], [-72.53820011403857, 42.94712493823206], [-72.53799001217985, 42.94706563255599], [-72.53745141059167, 42.947073729014534], [-72.5371604115163, 42.946974935335966], [-72.53685122135613, 42.94667445840094], [-72.53695907026298, 42.94649810619275], [-72.53674898465819, 42.946091827328445], [-72.536449082005, 42.945150162706604], [-72.53625998183273, 42.943962992888466]]], [[[-72.53590945564798, 42.94047658358869], [-72.53601497181947, 42.9415734631401], [-72.53668990210363, 42.94164172267473], [-72.5365984061405, 42.94054627778183], [-72.53590945564798, 42.94047658358869]]], [[[-72.53461209228945, 42.93677516438802], [-72.53420817056396, 42.9378212268137], [-72.53382122557788, 42.93781603607257], [-72.53380937312015, 42.93848780795675], [-72.53405872565013, 42.93848529361726], [-72.535193540815, 42.938189706622296], [-72.53508833323608, 42.936795557253774], [-72.53461209228945, 42.93677516438802]]], [[[-72.61339155575223, 42.92530989511489], [-72.61184344197862, 42.92716535505067], [-72.61130034405419, 42.92794292782988], [-72.61092852814555, 42.92881503771228], [-72.61081735504656, 42.929527101125124], [-72.61085012823467, 42.9300409035682], [-72.61107212537507, 42.930810168037226], [-72.61239895150786, 42.93321608120716], [-72.6150814480432, 42.939946480430926], [-72.61641828263939, 42.94286431436443], [-72.61565977924403, 42.943048477174486], [-72.6157804687683, 42.943549813206495], [-72.61589601375917, 42.94465721337877], [-72.6161410890374, 42.945681119812434], [-72.61667798512875, 42.946716637965615], [-72.61717238320327, 42.94858159166149], [-72.61752424814262, 42.948482361371724], [-72.61830912094655, 42.94810768538566], [-72.61849523600935, 42.948910840593335], [-72.61915638930105, 42.9486173128554], [-72.61905509314684, 42.9485132276605], [-72.61928807007023, 42.94839290167877], [-72.61946094175818, 42.94858751063339], [-72.62050842849312, 42.94973642130714], [-72.62081133458226, 42.949930627451565], [-72.62140460816738, 42.95012910895803], [-72.62211622270156, 42.95022127671708], [-72.62269867296516, 42.9502149925879], [-72.62335105445511, 42.950134259253595], [-72.62383850003951, 42.95000156091274], [-72.62337437842038, 42.949928280795994], [-72.62325761796944, 42.94955644580103], [-72.62352080460043, 42.948846626799856], [-72.62277572690692, 42.94885859881203], [-72.62196781047311, 42.94875655288101], [-72.62111333192722, 42.94848849442738], [-72.62077935246056, 42.94865474856269], [-72.62014885171095, 42.94698457707514], [-72.61934864014428, 42.94624715260451], [-72.61880132121678, 42.94624267817754], [-72.61832366721042, 42.94630528778402], [-72.61830487834114, 42.94626407222256], [-72.61878458554877, 42.9461911668962], [-72.619497527512, 42.94607967814645], [-72.619772823267, 42.94609294008285], [-72.62067777972031, 42.94646280289686], [-72.62080094207802, 42.94618289769179], [-72.6210959600539, 42.946268384842035], [-72.62235398777797, 42.94702176772361], [-72.61966891934539, 42.941365247702606], [-72.61864302188326, 42.93911981644556], [-72.61590207718108, 42.932263588823844], [-72.613884027597, 42.932274427135425], [-72.61256216550737, 42.9324980197945], [-72.61246916637901, 42.93251375113333], [-72.61217525032974, 42.932078676192795], [-72.61201719215356, 42.932093261942015], [-72.61159703863571, 42.931355691442995], [-72.61159681157481, 42.931018225018356], [-72.61149576682487, 42.93102975141517], [-72.61141774280311, 42.93085822829107], [-72.61119996302656, 42.93003469412279], [-72.61124248398563, 42.929227417191356], [-72.61148355657157, 42.92862515298402], [-72.61137053768455, 42.92845585129736], [-72.61185256953289, 42.92764889984357], [-72.61307348039215, 42.92730478376521], [-72.6131120924208, 42.926858622789446], [-72.61327500455386, 42.92656101105489], [-72.6133294299501, 42.92597178827443], [-72.61387346862945, 42.92539368290375], [-72.61339155575223, 42.92530989511489]]], [[[-72.6032093542373, 42.90472637473351], [-72.60337824783231, 42.905132460130126], [-72.6024861042716, 42.90498269637918], [-72.60202588421295, 42.90490682933798], [-72.60099371013125, 42.90503635827292], [-72.60107903143856, 42.905399397747765], [-72.60144972391484, 42.90623255767306], [-72.60182003875917, 42.906761003044124], [-72.60238656034478, 42.90736588031149], [-72.60376934652881, 42.90838807034809], [-72.60645540458894, 42.91016807557468], [-72.60850086243782, 42.91160286844538], [-72.60939079313674, 42.91227698771296], [-72.61231432282754, 42.914718760658765], [-72.61247951889649, 42.914634444682704], [-72.61282614897523, 42.9147118992925], [-72.61315221549494, 42.91471706685539], [-72.61386980558929, 42.91457109544391], [-72.6142880212984, 42.91455120658193], [-72.61479991190178, 42.91466967041069], [-72.61507452888685, 42.91467885213808], [-72.61571882180128, 42.914465595637175], [-72.61616041551586, 42.91424712488775], [-72.61636457135354, 42.91402971139823], [-72.61584430116262, 42.91354183304507], [-72.61206959556878, 42.91036618118362], [-72.60983562512872, 42.908731257385135], [-72.60771698541329, 42.90730133835155], [-72.60650719512715, 42.90650681244566], [-72.60599543786628, 42.90579065227703], [-72.60539880253577, 42.905476972628406], [-72.60440725580754, 42.90507057132246], [-72.60391217868035, 42.904784681093886], [-72.6032093542373, 42.90472637473351]]], [[[-72.54240176742739, 42.89630954760005], [-72.54146801689426, 42.896861507256425], [-72.54018618431219, 42.897940618685006], [-72.53901284511117, 42.89942097028952], [-72.53839746519488, 42.901101311262074], [-72.53756300507013, 42.902314109831806], [-72.53696683663208, 42.90314937480144], [-72.53657915612776, 42.90455743882292], [-72.53597037092649, 42.905730198418546], [-72.53453215474299, 42.907543304581026], [-72.53187918757892, 42.912350057954754], [-72.5313186790345, 42.91343407256684], [-72.53124727145737, 42.91375401141426], [-72.53068323260912, 42.91352702413691], [-72.52999974175238, 42.91325196442657], [-72.5294722095347, 42.91294855934684], [-72.52914590411193, 42.91326990534515], [-72.52852419720216, 42.913729160413034], [-72.52878897952738, 42.914487199420535], [-72.5288104727122, 42.91454873042017], [-72.52821233983266, 42.914704085558384], [-72.52748995150193, 42.91515759571897], [-72.5266251235273, 42.91524225819465], [-72.52624804195122, 42.9152791722402], [-72.52596802722576, 42.9156234443842], [-72.52606662195957, 42.91707948908061], [-72.52620337143334, 42.91714499740168], [-72.52756347502942, 42.9178175830424], [-72.52797073418206, 42.917079357413094], [-72.52894690589048, 42.91752619798543], [-72.53326418944329, 42.91948196834487], [-72.53340158900957, 42.920330174662745], [-72.5330437747286, 42.92165620523044], [-72.53217176056775, 42.921477412335534], [-72.53181460403887, 42.92132982639905], [-72.53069093040325, 42.92016386565929], [-72.53034275430385, 42.919918629566595], [-72.52973876296436, 42.91971286243506], [-72.52795259477912, 42.91937588657008], [-72.52741174235216, 42.9209019412405], [-72.52721528048313, 42.92201641875685], [-72.52726014418101, 42.92345321842022], [-72.52746813534249, 42.92463396737299], [-72.52791690622227, 42.925797352825775], [-72.5288126085904, 42.9275434705944], [-72.529519188942, 42.92878829911081], [-72.52930121408572, 42.92927014077476], [-72.5292300684516, 42.93020463865014], [-72.52902724893612, 42.93118512009749], [-72.52894962847832, 42.932205703576074], [-72.52860239560842, 42.933852327985285], [-72.52894436461364, 42.9340400165901], [-72.52970663424524, 42.93408374074731], [-72.53065474896079, 42.93368125274495], [-72.53084195809522, 42.93290974537078], [-72.5306177754476, 42.93169085486138], [-72.53274677462963, 42.93170476498666], [-72.53477765447118, 42.93172106708244], [-72.53477778465637, 42.93127315131729], [-72.53582712067771, 42.93126899468001], [-72.53551581011097, 42.93181416513456], [-72.5355762894953, 42.93247861758743], [-72.53548286220544, 42.9337714254235], [-72.53511887045067, 42.935961147153066], [-72.53508833323608, 42.936795557253774], [-72.53836569081213, 42.93685793857406], [-72.53852438840438, 42.935934909329205], [-72.53942355579612, 42.93288268567725], [-72.53972134892697, 42.93278701296946], [-72.53974219854527, 42.932262871748826], [-72.5401429192339, 42.93127920291963], [-72.54049591508216, 42.93055084210468], [-72.54067615126509, 42.93049027088632], [-72.54077761830376, 42.930281251576716], [-72.5412087012353, 42.93001799802897], [-72.54157652404328, 42.92979337328525], [-72.54159569575249, 42.92964960201623], [-72.54051070756122, 42.929339769566454], [-72.53834916281602, 42.92886483538222], [-72.53784749006584, 42.9287053721322], [-72.53774849764629, 42.92805595736079], [-72.53761641336224, 42.92803279297841], [-72.53756262695497, 42.927711188045656], [-72.53730641422864, 42.92766941557944], [-72.5372337239238, 42.92783673733522], [-72.53364496800125, 42.92771653485358], [-72.53370635186134, 42.92866418095054], [-72.53051974969402, 42.9285480499088], [-72.52946887197871, 42.92843418357128], [-72.52934167967737, 42.9282267146763], [-72.52980035310105, 42.92756692337921], [-72.53001067161003, 42.927102390633564], [-72.52995656504379, 42.92683305004696], [-72.53000386839575, 42.92649476232699], [-72.53019052227498, 42.926179258687384], [-72.5308430187292, 42.92582892411834], [-72.53108379704156, 42.92582868345075], [-72.53118287907512, 42.92418379143088], [-72.53168099683786, 42.92429250690644], [-72.53210977167512, 42.9245107409733], [-72.5321728014325, 42.92425677159877], [-72.53355353451632, 42.925000652128745], [-72.53744694375324, 42.92506347810507], [-72.53729913644752, 42.92561461278445], [-72.53810166865368, 42.925648121910555], [-72.53823676848602, 42.925118323217404], [-72.5382306283595, 42.92473481063659], [-72.5379506337841, 42.923684097564184], [-72.53754810287359, 42.92347689870372], [-72.53629603838266, 42.92309534784461], [-72.53511929442769, 42.922472697394994], [-72.53577218122493, 42.92034911142874], [-72.53720411646036, 42.92038364192443], [-72.53712787288954, 42.919419371868266], [-72.53777611338647, 42.91937284570684], [-72.5382346952793, 42.91943669183917], [-72.53810960634614, 42.9207975375771], [-72.54113542348772, 42.920942245998404], [-72.54097272753455, 42.919095585597255], [-72.54081056351349, 42.915787115690364], [-72.5422492330804, 42.91432736935585], [-72.54302424771936, 42.91329048481826], [-72.54331550520823, 42.912766447152656], [-72.54503307758178, 42.911049863140484], [-72.54564923318206, 42.91070524761137], [-72.54640243889241, 42.91034576056119], [-72.54506947122862, 42.90929927945241], [-72.54542678581089, 42.90913334021428], [-72.54707420130737, 42.90760791698507], [-72.54880120951465, 42.90593876716506], [-72.54879585841083, 42.90589710567432], [-72.54811481177185, 42.90572109775333], [-72.54879340138781, 42.90519461261641], [-72.54975679368461, 42.90443312167918], [-72.5499807259694, 42.90436146573039], [-72.55058773120447, 42.903449637804535], [-72.5509608263263, 42.90252547016473], [-72.55124123175209, 42.90104424063657], [-72.55109356121184, 42.899689339296806], [-72.55142214090417, 42.899845325040445], [-72.55174908230977, 42.900125253291], [-72.55205418975902, 42.900159022681734], [-72.5522444259555, 42.900077498808464], [-72.55258692459505, 42.89977464626735], [-72.55291388262125, 42.89958431909503], [-72.5526163818574, 42.89916248615558], [-72.55270182241614, 42.89884674503294], [-72.55218150431709, 42.89846126960898], [-72.55211173547637, 42.89830608758894], [-72.55243028668284, 42.8976461965733], [-72.5525083732121, 42.8972332303619], [-72.55278524352812, 42.89673730220761], [-72.55264741522554, 42.89673080593622], [-72.55174416095794, 42.89668823873425], [-72.55033693863214, 42.896621913950085], [-72.54240176742739, 42.89630954760005]]]]}}, {"type": "Feature", "properties": {"OBJECT_ID": 1190, "County": "Windham", "RPC": "WRC", "Municipal_Name": "Dummerston ", "GEO_ID": "5002518325", "District_Name": "Commercial/Light Industrial", "Abbreviated_District_Name": "Ci", "District_Type": "Mixed with Residential", "Bylaw_Date": "2024-05-27T00:00:00", "Elderly_Housing_District": "No", "District_Mapped": "Yes", "Overlay_District": "No", "Base_Density": null, "GIS_ID": null, "Last_Update": null, "Shape_Length": 4405.275994529679, "Shape_Area": 440440.80802043015, "F1F_Allowance": "Permitted", "F1F_Front_Setback": 50.0, "F1F_Side_Setback": 40.0, "F1F_Rear_Setback": 40.0, "F1F_Frontage": null, "F1F_Max_Height": 35.0, "F1F_Max_Stories": null, "F1F_Min_Lot_Size": 2.0, "F1F_Max_Lot_Building_Coverage": 50.0, "F1F_Max_Lot_Impervious_Coverage": null, "F1F_Min_Parking_Spaces": 2.0, "F1F_Elderly_Housing_Only": null, "F1F_Affordable_Housing_Only": null, "F2F_Allowance": "Permitted", "F2F_Front_Setback": 50.0, "F2F_Side_Setback": 40.0, "F2F_Rear_Setback": 40.0, "F2F_Frontage": null, "F2F_Max_Density": null, "F2F_Max_Height": 35.0, "F2F_Max_Stories": null, "F2F_Min_Lot_Size": 2.0, "F2F_Max_Lot_Building_Coverage": 50.0, "F2F_Max_Lot_Impervious_Coverage": null, "F2F_Min_Parking_Spaces_per_1BR": 2.0, "F2F_Min_Parking_Spaces_per_mult_BR": 2.0, "F2F_Elderly_Housing_Only": "No", "F2F_Affordable_Housing_Only": "No", "F3F_Allowance": "Prohibited", "F3F_Front_Setback": null, "F3F_Side_Setback": null, "F3F_Rear_Setback": null, "F3F_Frontage": null, "F3F_Max_Density": null, "F3F_Max_Height": null, "F3F_Max_Stories": null, "F3F_Min_Lot_Size": null, "F3F_Max_Lot_Building_Coverage": null, "F3F_Max_Lot_Impervious_Coverage": null, "F3F_Min_Parking_Spaces_per_1BR": null, "F3F_Min_Parking_Spaces_per_mult_BR": null, "F3F_Affordable_Housing_Only": "No", "F3F_Proximity_to_Public_Transit_Required": "No", "F3F_Connection_to_Sewage/Water_Required": "No", "F4F_Allowance": "Prohibited", "F4F_Front_Setback": null, "F4F_Side_Setback": null, "F4F_Rear_Setback": null, "F4F_Frontage": null, "F1F_Max_Density": null, "F4F_Max_Density": null, "F4F_Max_Height": null, "F4F_Max_Stories": null, "F4F_Min_Lot_Size": null, "F4F_Max_Lot_Building_Coverage": null, "F4F_Max_Lot_Impervious_Coverage": null, "F4F_Min_Parking_Spaces_per_1BR": null, "F4F_Min_Parking_Spaces_per_mult_BR": null, "F3F_Elderly_Housing_Only": "No", "F4F_Elderly_Housing_Only": "No", "F4F_Affordable_Housing_Only": "No", "F4F_Proximity_to_Public_Transit_Required": "No", "F4F_Connection_to_Sewage/Water_Required": "No", "ADU_Allowance": "Allowed/Conditional", "ADU_Elderly_Housing_Only": "No", "ADU_Max_Size_as_Percent_of_Primary_Strcture": 30.0, "ADU_Max_Size_in_sq_ft": 1000.0, "ADU_Min_Lot_Size": null, "ADU_Max_Bedrooms": 1.0, "ADU_Min_Parking_Spaces": null, "ADU_Owner_Occupancy_Required": "No", "ADU_Renter_Occupancy_Prohibited": "No", "ADU_Employee_or_Family_Occupancy_Required": "No", "ADU_Restricted_to_Primary_Structure": "No", "Affordable_Housing_Allowance": "Not Mentioned", "Affordable_Housing_District": "No", "Affordable_Housing_Elderly_Only": "No", "Affordable_Housing_Min_Lot_Size": null, "Affordable_Housing_Max_Density": null, "Affordable_Housing_Min_Parking_Spaces_per_mult_BR": null, "Affordable_Housing_Max_Units_per_Building": null, "Affordable_Housing_Min_Parking_Spaces_per_1BR": null, "PRD_Allowance": "Prohibited", "PRD_Max_Density": null, "PRD_Max_Units": null, "PRD_Min_Lot_Size": null, "PRD_Mobile_or_Manufactured_Home_Park": "No", "PUD_Allowance": "No", "PUD_Required_with_Subdivision": null, "PUD_Requires_Land_Conservation": null, "PUD_Threshold_Number": null, "Notes": "  Prd Must Be More Than Or Equal to 5 Dwelling Units. Adu Is Public Hearing If It Is Greater Than 30% Of The Primary Building's Area But Less Than 50%", "FIPS6": null}, "geometry": {"type": "MultiPolygon", "coordinates": [[[[-72.5278153530361, 42.95855912655768], [-72.52679870521074, 42.959215399769434], [-72.52132473530568, 42.962296348990094], [-72.52005499238282, 42.96295921793201], [-72.51975594613089, 42.96367210009515], [-72.52007038544376, 42.96400631088228], [-72.52058711551584, 42.96455552209776], [-72.52075672668327, 42.96462146705153], [-72.52119982231532, 42.96439201374357], [-72.52298090504256, 42.96430407730483], [-72.52404599728273, 42.96397652175385], [-72.524403252348, 42.96344287385638], [-72.52490134618466, 42.96311666034023], [-72.52666130050974, 42.96215542223306], [-72.52721080013002, 42.961791416554334], [-72.52789002732304, 42.96123408936559], [-72.52913079913088, 42.96000227804384], [-72.5289223983062, 42.959907744593636], [-72.52934058773324, 42.95940242860519], [-72.52904745743793, 42.95950664067066], [-72.52881916188039, 42.959462214711465], [-72.5286606209226, 42.95950672738683], [-72.52836721253499, 42.95945205197327], [-72.52822737602496, 42.95936653541784], [-72.52819931448713, 42.95914406366918], [-72.5279181550449, 42.958697519791116], [-72.5278153530361, 42.95855912655768]]], [[[-72.53796784080355, 42.896199090631804], [-72.5357952664215, 42.896199787871176], [-72.53469756463282, 42.90020511414774], [-72.53427831841181, 42.90138343336384], [-72.53756300507013, 42.902314109831806], [-72.53839746519488, 42.901101311262074], [-72.53901284511117, 42.89942097028952], [-72.54018618431219, 42.897940618685006], [-72.54146801689426, 42.896861507256425], [-72.54240176742739, 42.89630954760005], [-72.54064344987964, 42.89624025711225], [-72.53796784080355, 42.896199090631804]]]]}}, {"type": "Feature", "properties": {"OBJECT_ID": 1192, "County": "Windham", "RPC": "WRC", "Municipal_Name": "Dummerston ", "GEO_ID": "5002518325", "District_Name": "Productive Land", "Abbreviated_District_Name": "Pl", "District_Type": "Mixed with Residential", "Bylaw_Date": "2024-05-27T00:00:00", "Elderly_Housing_District": "No", "District_Mapped": "Yes", "Overlay_District": "No", "Base_Density": null, "GIS_ID": null, "Last_Update": null, "Shape_Length": 39505.87523268476, "Shape_Area": 6743883.429607549, "F1F_Allowance": "Permitted", "F1F_Front_Setback": 50.0, "F1F_Side_Setback": 40.0, "F1F_Rear_Setback": 40.0, "F1F_Frontage": null, "F1F_Max_Height": 35.0, "F1F_Max_Stories": null, "F1F_Min_Lot_Size": 5.0, "F1F_Max_Lot_Building_Coverage": 10.0, "F1F_Max_Lot_Impervious_Coverage": null, "F1F_Min_Parking_Spaces": 2.0, "F1F_Elderly_Housing_Only": null, "F1F_Affordable_Housing_Only": null, "F2F_Allowance": "Permitted", "F2F_Front_Setback": 50.0, "F2F_Side_Setback": 40.0, "F2F_Rear_Setback": 40.0, "F2F_Frontage": null, "F2F_Max_Density": null, "F2F_Max_Height": 35.0, "F2F_Max_Stories": null, "F2F_Min_Lot_Size": 5.0, "F2F_Max_Lot_Building_Coverage": 10.0, "F2F_Max_Lot_Impervious_Coverage": null, "F2F_Min_Parking_Spaces_per_1BR": 2.0, "F2F_Min_Parking_Spaces_per_mult_BR": 2.0, "F2F_Elderly_Housing_Only": "No", "F2F_Affordable_Housing_Only": "No", "F3F_Allowance": "Public Hearing", "F3F_Front_Setback": 50.0, "F3F_Side_Setback": 40.0, "F3F_Rear_Setback": 40.0, "F3F_Frontage": null, "F3F_Max_Density": null, "F3F_Max_Height": 35.0, "F3F_Max_Stories": null, "F3F_Min_Lot_Size": 5.0, "F3F_Max_Lot_Building_Coverage": 10.0, "F3F_Max_Lot_Impervious_Coverage": null, "F3F_Min_Parking_Spaces_per_1BR": 2.0, "F3F_Min_Parking_Spaces_per_mult_BR": 2.0, "F3F_Affordable_Housing_Only": "No", "F3F_Proximity_to_Public_Transit_Required": "No", "F3F_Connection_to_Sewage/Water_Required": "No", "F4F_Allowance": "Public Hearing", "F4F_Front_Setback": 50.0, "F4F_Side_Setback": 40.0, "F4F_Rear_Setback": 40.0, "F4F_Frontage": null, "F1F_Max_Density": null, "F4F_Max_Density": null, "F4F_Max_Height": 35.0, "F4F_Max_Stories": null, "F4F_Min_Lot_Size": 5.0, "F4F_Max_Lot_Building_Coverage": 10.0, "F4F_Max_Lot_Impervious_Coverage": null, "F4F_Min_Parking_Spaces_per_1BR": 2.0, "F4F_Min_Parking_Spaces_per_mult_BR": 2.0, "F3F_Elderly_Housing_Only": "No", "F4F_Elderly_Housing_Only": "No", "F4F_Affordable_Housing_Only": "No", "F4F_Proximity_to_Public_Transit_Required": "No", "F4F_Connection_to_Sewage/Water_Required": "No", "ADU_Allowance": "Allowed/Conditional", "ADU_Elderly_Housing_Only": "No", "ADU_Max_Size_as_Percent_of_Primary_Strcture": 30.0, "ADU_Max_Size_in_sq_ft": 1000.0, "ADU_Min_Lot_Size": null, "ADU_Max_Bedrooms": 1.0, "ADU_Min_Parking_Spaces": null, "ADU_Owner_Occupancy_Required": "No", "ADU_Renter_Occupancy_Prohibited": "No", "ADU_Employee_or_Family_Occupancy_Required": "No", "ADU_Restricted_to_Primary_Structure": "No", "Affordable_Housing_Allowance": "Not Mentioned", "Affordable_Housing_District": "No", "Affordable_Housing_Elderly_Only": "No", "Affordable_Housing_Min_Lot_Size": null, "Affordable_Housing_Max_Density": null, "Affordable_Housing_Min_Parking_Spaces_per_mult_BR": null, "Affordable_Housing_Max_Units_per_Building": null, "Affordable_Housing_Min_Parking_Spaces_per_1BR": null, "PRD_Allowance": "Prohibited", "PRD_Max_Density": null, "PRD_Max_Units": null, "PRD_Min_Lot_Size": null, "PRD_Mobile_or_Manufactured_Home_Park": "No", "PUD_Allowance": "No", "PUD_Required_with_Subdivision": null, "PUD_Requires_Land_Conservation": null, "PUD_Threshold_Number": null, "Notes": "  Prd Must Be More Than Or Equal to 5 Dwelling Units. Adu Is Public Hearing If It Is Greater Than 30% Of The Primary Building's Area But Less Than 50%", "FIPS6": null}, "geometry": {"type": "MultiPolygon", "coordinates": [[[[-72.57355716656006, 42.90216354680764], [-72.57453057763108, 42.902121353350175], [-72.57565178771253, 42.90215898159593], [-72.57476606302423, 42.90540514295778], [-72.57528745979009, 42.905462829688204], [-72.57561209951862, 42.90560745727146], [-72.57563993764843, 42.90561985888597], [-72.57588275366982, 42.90577580208343], [-72.57606560150971, 42.905884527934894], [-72.57615273301192, 42.90595183887387], [-72.57620694680031, 42.90599779020869], [-72.57631051532204, 42.90608948989432], [-72.57641955098858, 42.9061240179924], [-72.57657483677471, 42.906181976865966], [-72.57673485679344, 42.906230879984875], [-72.5767843106829, 42.90624173199479], [-72.57708777841547, 42.90627274234341], [-72.57747109986008, 42.90634458387438], [-72.57777744341004, 42.90644937590444], [-72.57811212765698, 42.906539223431466], [-72.57817591601311, 42.90655719100848], [-72.57846855299303, 42.906650585062756], [-72.57851695444276, 42.906667265812835], [-72.57909239766221, 42.90688058158629], [-72.5794313453833, 42.90708786094644], [-72.57936411002663, 42.90748883406018], [-72.57991145433522, 42.90828402641596], [-72.58019522618932, 42.90884690119482], [-72.58069945425746, 42.90956402333667], [-72.58087602072317, 42.90997971697286], [-72.58083026501475, 42.91005494440391], [-72.58029982958932, 42.91073414324107], [-72.57990633029974, 42.91106526371337], [-72.5787593726253, 42.91183320120386], [-72.57759657031036, 42.91308291764109], [-72.57637963584975, 42.91452182502794], [-72.57580299411187, 42.915343547618725], [-72.57523514984096, 42.9164335940346], [-72.57240641941021, 42.91640976170988], [-72.57225990987331, 42.91623489791324], [-72.57095366948933, 42.915556441788524], [-72.56797294280724, 42.91311728173284], [-72.56713907794047, 42.913063908857566], [-72.56760156223471, 42.91129335281393], [-72.56373621743663, 42.91125331496271], [-72.56419660976579, 42.90867352813046], [-72.5649317160894, 42.90611647388056], [-72.56376669953956, 42.90552636971152], [-72.56326612603699, 42.90513406833158], [-72.56285683240229, 42.904698986841424], [-72.56241249618053, 42.904042905876075], [-72.56168955642525, 42.902382026646805], [-72.56061861536968, 42.901452798242], [-72.56023181751499, 42.90099623357751], [-72.55883462424697, 42.89881159704809], [-72.55859663897185, 42.897939236292146], [-72.55850369711534, 42.896869109424834], [-72.57147103189237, 42.89712833817841], [-72.57002203354291, 42.90197689790244], [-72.57355716656006, 42.90216354680764]]], [[[-72.5379506337841, 42.923684097564184], [-72.53754810287359, 42.92347689870372], [-72.53629603838266, 42.92309534784461], [-72.53511929442769, 42.922472697394994], [-72.53577218122493, 42.92034911142874], [-72.53720411646036, 42.92038364192443], [-72.53732714474953, 42.92135402683882], [-72.5379506337841, 42.923684097564184]]], [[[-72.58727557897006, 42.91635450768707], [-72.5871834239494, 42.91684948941175], [-72.58730978835644, 42.917362965592105], [-72.58679897548636, 42.919101542254985], [-72.5893457695255, 42.91917564296996], [-72.58919010884024, 42.92032125101847], [-72.589205406838, 42.92084237289651], [-72.58933720008574, 42.920922474669325], [-72.58934507192646, 42.92160974737963], [-72.58971025592054, 42.92162676080081], [-72.58946897207882, 42.92258329708866], [-72.59097684558412, 42.92263663698666], [-72.59126012225632, 42.9230995717496], [-72.59173931244412, 42.92417789738779], [-72.59199412108799, 42.924962656699535], [-72.59204443542457, 42.92561610317975], [-72.59193466286493, 42.926459356047275], [-72.59195745051598, 42.927032314871674], [-72.59173774514558, 42.92817203676229], [-72.59143765473713, 42.92893420688175], [-72.59022509773979, 42.9312136786237], [-72.58952896261384, 42.93123164389636], [-72.58604676703199, 42.93107440693151], [-72.58533672160004, 42.93168852728043], [-72.58437159148966, 42.93221761209588], [-72.5836585186526, 42.9330635442129], [-72.58327919339213, 42.93303359686537], [-72.5828293382337, 42.93290634358423], [-72.58235546852518, 42.93263396969876], [-72.58179413041225, 42.932176801083166], [-72.58132732636975, 42.932075994423265], [-72.5813382746838, 42.931939025155756], [-72.58119993901003, 42.931880627098316], [-72.58097332667809, 42.93082368140949], [-72.5808260875843, 42.930646171272805], [-72.58151866401734, 42.92806286743135], [-72.58147195604666, 42.92805713585064], [-72.58150318669104, 42.927936858706566], [-72.58155754708905, 42.92794258842368], [-72.58211787267331, 42.92613240457802], [-72.5818533558628, 42.92612682828745], [-72.58320700723974, 42.92134959407171], [-72.58301306692847, 42.92134257923465], [-72.58369582715936, 42.9191218920593], [-72.58422263728252, 42.91771690240599], [-72.58434355893773, 42.916885900859995], [-72.58438310515683, 42.91601400563525], [-72.58366336080911, 42.915222592359164], [-72.58688879366983, 42.91270130183582], [-72.58811223115714, 42.91393161803294], [-72.58729701581947, 42.915537942132566], [-72.58727557897006, 42.91635450768707]]], [[[-72.53355353451632, 42.925000652128745], [-72.53744694375324, 42.92506347810507], [-72.53729913644752, 42.92561461278445], [-72.53810166865368, 42.925648121910555], [-72.53730641422864, 42.92766941557944], [-72.5372337239238, 42.92783673733522], [-72.53364496800125, 42.92771653485358], [-72.53370635186134, 42.92866418095054], [-72.53051974969402, 42.9285480499088], [-72.52946887197871, 42.92843418357128], [-72.52934167967737, 42.9282267146763], [-72.52980035310105, 42.92756692337921], [-72.53001067161003, 42.927102390633564], [-72.52995656504379, 42.92683305004696], [-72.53000386839575, 42.92649476232699], [-72.53019052227498, 42.926179258687384], [-72.5308430187292, 42.92582892411834], [-72.53108379704156, 42.92582868345075], [-72.53118287907512, 42.92418379143088], [-72.53168099683786, 42.92429250690644], [-72.53210977167512, 42.9245107409733], [-72.5321728014325, 42.92425677159877], [-72.53355353451632, 42.925000652128745]]], [[[-72.53427831841181, 42.90138343336384], [-72.53756300507013, 42.902314109831806], [-72.53696683663208, 42.90314937480144], [-72.53657915612776, 42.90455743882292], [-72.53597037092649, 42.905730198418546], [-72.53453215474299, 42.907543304581026], [-72.53187918757892, 42.912350057954754], [-72.5313186790345, 42.91343407256684], [-72.53124727145737, 42.91375401141426], [-72.53068323260912, 42.91352702413691], [-72.52999974175238, 42.91325196442657], [-72.5294722095347, 42.91294855934684], [-72.52914590411193, 42.91326990534515], [-72.52852419720216, 42.913729160413034], [-72.52878897952738, 42.914487199420535], [-72.5288104727122, 42.91454873042017], [-72.52821233983266, 42.914704085558384], [-72.52748995150193, 42.91515759571897], [-72.5266251235273, 42.91524225819465], [-72.52624804195122, 42.9152791722402], [-72.52596802722576, 42.9156234443842], [-72.52606662195957, 42.91707948908061], [-72.52620337143334, 42.91714499740168], [-72.52756347502942, 42.9178175830424], [-72.52797073418206, 42.917079357413094], [-72.52894690589048, 42.91752619798543], [-72.52795259477912, 42.91937588657008], [-72.52741174235216, 42.9209019412405], [-72.52721528048313, 42.92201641875685], [-72.52726014418101, 42.92345321842022], [-72.52746813534249, 42.92463396737299], [-72.52791690622227, 42.925797352825775], [-72.5288126085904, 42.9275434705944], [-72.529519188942, 42.92878829911081], [-72.52930121408572, 42.92927014077476], [-72.5292300684516, 42.93020463865014], [-72.52902724893612, 42.93118512009749], [-72.52894962847832, 42.932205703576074], [-72.52860239560842, 42.933852327985285], [-72.52855408943834, 42.934021681389], [-72.52834629919654, 42.93475015271729], [-72.52828275133999, 42.9353833198737], [-72.5282609755647, 42.935699076369026], [-72.529398594849, 42.935725230260964], [-72.53124734094914, 42.93577045222536], [-72.5330348839064, 42.93580659258495], [-72.53308947489691, 42.936229276930504], [-72.53383645261015, 42.93695311743142], [-72.53382122557788, 42.93781603607257], [-72.53380937312015, 42.93848780795675], [-72.53405872565013, 42.93848529361726], [-72.535193540815, 42.938189706622296], [-72.53508833323608, 42.936795557253774], [-72.53836569081213, 42.93685793857406], [-72.54226482863821, 42.93691918890311], [-72.54160570366855, 42.939441160405224], [-72.5457026294425, 42.939581772293465], [-72.54491121596506, 42.944323523896514], [-72.54707202115605, 42.944372127444346], [-72.54580647569968, 42.94898868159273], [-72.54534770429414, 42.948977789235556], [-72.54445582456475, 42.9488352709652], [-72.54237801987694, 42.94844352164965], [-72.54204380017774, 42.94856426126204], [-72.54174011127115, 42.948599737242404], [-72.54156231437943, 42.94855623187745], [-72.5410557135154, 42.948259639393], [-72.54059241411285, 42.94815693189217], [-72.54031241228775, 42.94827173657251], [-72.53984401347714, 42.948628039768735], [-72.53970931185901, 42.94865183087032], [-72.53945071340986, 42.948545134436365], [-72.53943441302373, 42.948347233435086], [-72.53955271212232, 42.9480267324138], [-72.53933137810226, 42.94781799444975], [-72.53897611414936, 42.94762323666502], [-72.53885211295521, 42.9474927333483], [-72.53870131248186, 42.947421534438725], [-72.53844811037625, 42.94739793128243], [-72.53820011403857, 42.94712493823206], [-72.53799001217985, 42.94706563255599], [-72.53745141059167, 42.947073729014534], [-72.5371604115163, 42.946974935335966], [-72.53685122135613, 42.94667445840094], [-72.53695907026298, 42.94649810619275], [-72.53674898465819, 42.946091827328445], [-72.536449082005, 42.945150162706604], [-72.53625998183273, 42.943962992888466], [-72.53442346346027, 42.94396912219987], [-72.53443978104052, 42.944411184386134], [-72.53447209123924, 42.946051181871084], [-72.5344818545237, 42.94654676393634], [-72.53448528594298, 42.946720908179934], [-72.53588663660834, 42.948080667297496], [-72.53596605644623, 42.94822562686716], [-72.53602071978486, 42.948662338319934], [-72.5364250243972, 42.95013854129158], [-72.53647574747224, 42.950555696128596], [-72.53641131878972, 42.951258333895055], [-72.53623339362026, 42.95194909892559], [-72.53589332368469, 42.95260418426882], [-72.53422631430924, 42.95502321770404], [-72.53270896134165, 42.958209466369695], [-72.53207617515694, 42.95922397783563], [-72.53127717559518, 42.960271074740746], [-72.53050839751452, 42.961160805088184], [-72.52958487727197, 42.96205493434402], [-72.52847775711382, 42.963015820999104], [-72.52809599886875, 42.963272153573314], [-72.52666130050974, 42.96215542223306], [-72.52721080013002, 42.961791416554334], [-72.52789002732304, 42.96123408936559], [-72.52913079913088, 42.96000227804384], [-72.5289223983062, 42.959907744593636], [-72.52934058773324, 42.95940242860519], [-72.52904745743793, 42.95950664067066], [-72.52881916188039, 42.959462214711465], [-72.5286606209226, 42.95950672738683], [-72.52836721253499, 42.95945205197327], [-72.52822737602496, 42.95936653541784], [-72.52819931448713, 42.95914406366918], [-72.5279181550449, 42.958697519791116], [-72.5278153530361, 42.95855912655768], [-72.52679870521074, 42.959215399769434], [-72.52132473530568, 42.962296348990094], [-72.52005499238282, 42.96295921793201], [-72.52050303135584, 42.961891038638946], [-72.52128106517593, 42.96112816796048], [-72.52223293105592, 42.96052189086816], [-72.52309453810753, 42.95982434503112], [-72.52598514796051, 42.95802362001546], [-72.527051037024, 42.95745697487425], [-72.53031031441594, 42.95591566643813], [-72.53132467943175, 42.95539481360905], [-72.53227293043636, 42.95479529574785], [-72.53269908092673, 42.953937475317375], [-72.53338725739178, 42.95313178797869], [-72.53394806039105, 42.95227383327481], [-72.53437850436748, 42.95127674572648], [-72.53452813370811, 42.950621722336145], [-72.53456410570632, 42.94986258297694], [-72.53427991953278, 42.94896356041298], [-72.53402438711147, 42.94845745933216], [-72.5332949607678, 42.94764618642254], [-72.53287276058761, 42.947305644354756], [-72.53231752455228, 42.947037995188026], [-72.53183896536079, 42.94669857690336], [-72.5312906500898, 42.946524902398274], [-72.52982055745453, 42.94621085859722], [-72.52898285640374, 42.94584379638206], [-72.52817647937553, 42.945088378422334], [-72.52719719053239, 42.942294964564184], [-72.52692954427407, 42.941345868034496], [-72.52659679318404, 42.93941989806433], [-72.52654463290015, 42.937502682721174], [-72.52634700858526, 42.935484859791956], [-72.52657745968433, 42.93435047617396], [-72.52653581499776, 42.93380154901088], [-72.52662795205795, 42.931832088042256], [-72.52694437121814, 42.93038774587593], [-72.52709763434568, 42.9287383782804], [-72.52706504648276, 42.92817270504462], [-72.52617975440796, 42.92531191658806], [-72.52532501771041, 42.92208221561827], [-72.52429012553505, 42.91866116536191], [-72.52423716930322, 42.917928777790394], [-72.52434296922826, 42.91631380684333], [-72.52457052938597, 42.91538817828318], [-72.52479093276438, 42.914957387662874], [-72.52517956990671, 42.91442735825026], [-72.52547107470146, 42.91418019031196], [-72.52604691938757, 42.91384698867382], [-72.52722736499898, 42.91344612729667], [-72.52841127093401, 42.913146434767015], [-72.52886075446173, 42.912922983069734], [-72.52946051658188, 42.91247381394334], [-72.52977651859855, 42.912082789186805], [-72.53051633372587, 42.91077000900132], [-72.53074669493311, 42.90979341366218], [-72.53149491473708, 42.90757224770386], [-72.53154739891484, 42.90723286124085], [-72.53147400763835, 42.90643197627148], [-72.53115302466156, 42.90516746867761], [-72.5310636772187, 42.903794242681435], [-72.5311814703259, 42.90329595285191], [-72.53128112399759, 42.90131720263742], [-72.53098699213334, 42.8990854253011], [-72.53117908475606, 42.898319126220855], [-72.53146879075247, 42.8978634571177], [-72.5316978014548, 42.8967587599308], [-72.53225529457399, 42.89612522613545], [-72.53495923980257, 42.89619524457579], [-72.5357952664215, 42.896199787871176], [-72.53469756463282, 42.90020511414774], [-72.53427831841181, 42.90138343336384]], [[-72.53590945564798, 42.94047658358869], [-72.53601497181947, 42.9415734631401], [-72.53668990210363, 42.94164172267473], [-72.5365984061405, 42.94054627778183], [-72.53590945564798, 42.94047658358869]]]]}}]}