{"type":"FeatureCollection","name":"Windsor_Windsor","features":[{"type":"Feature","properties":{"OBJECT_ID":1268,"County":"Windsor","RPC":"MARC","Municipal_Name":"Windsor ","GEO_ID":"5002784925","District_Name":"Downtown Design Review Overlay","Abbreviated_District_Name":"Ddr","District_Type":"Overlay","Bylaw_Date":null,"Elderly_Housing_District":"No","District_Mapped":"Yes","Overlay_District":"Yes","Base_Density":null,"GIS_ID":null,"Last_Update":null,"Shape_Length":6833.846131953459,"Shape_Area":637255.2870681626,"F1F_Allowance":null,"F1F_Front_Setback":null,"F1F_Side_Setback":null,"F1F_Rear_Setback":null,"F1F_Frontage":null,"F1F_Max_Height":null,"F1F_Max_Stories":null,"F1F_Min_Lot_Size":null,"F1F_Max_Lot_Building_Coverage":null,"F1F_Max_Lot_Impervious_Coverage":null,"F1F_Min_Parking_Spaces":null,"F1F_Elderly_Housing_Only":null,"F1F_Affordable_Housing_Only":null,"F2F_Allowance":null,"F2F_Front_Setback":null,"F2F_Side_Setback":null,"F2F_Rear_Setback":null,"F2F_Frontage":null,"F2F_Max_Density":null,"F2F_Max_Height":null,"F2F_Max_Stories":null,"F2F_Min_Lot_Size":null,"F2F_Max_Lot_Building_Coverage":null,"F2F_Max_Lot_Impervious_Coverage":null,"F2F_Min_Parking_Spaces_per_1BR":null,"F2F_Min_Parking_Spaces_per_mult_BR":null,"F2F_Elderly_Housing_Only":null,"F2F_Affordable_Housing_Only":null,"F3F_Allowance":null,"F3F_Front_Setback":null,"F3F_Side_Setback":null,"F3F_Rear_Setback":null,"F3F_Frontage":null,"F3F_Max_Density":null,"F3F_Max_Height":null,"F3F_Max_Stories":null,"F3F_Min_Lot_Size":null,"F3F_Max_Lot_Building_Coverage":null,"F3F_Max_Lot_Impervious_Coverage":null,"F3F_Min_Parking_Spaces_per_1BR":null,"F3F_Min_Parking_Spaces_per_mult_BR":null,"F3F_Affordable_Housing_Only":null,"F3F_Proximity_to_Public_Transit_Required":null,"F3F_Connection_to_Sewage/Water_Required":null,"F4F_Allowance":null,"F4F_Front_Setback":null,"F4F_Side_Setback":null,"F4F_Rear_Setback":null,"F4F_Frontage":null,"F1F_Max_Density":null,"F4F_Max_Density":null,"F4F_Max_Height":null,"F4F_Max_Stories":null,"F4F_Min_Lot_Size":null,"F4F_Max_Lot_Building_Coverage":null,"F4F_Max_Lot_Impervious_Coverage":null,"F4F_Min_Parking_Spaces_per_1BR":null,"F4F_Min_Parking_Spaces_per_mult_BR":null,"F3F_Elderly_Housing_Only":null,"F4F_Elderly_Housing_Only":null,"F4F_Affordable_Housing_Only":null,"F4F_Proximity_to_Public_Transit_Required":null,"F4F_Connection_to_Sewage/Water_Required":null,"ADU_Allowance":"Overlay","ADU_Elderly_Housing_Only":null,"ADU_Max_Size_as_Percent_of_Primary_Strcture":null,"ADU_Max_Size_in_sq_ft":null,"ADU_Min_Lot_Size":null,"ADU_Max_Bedrooms":null,"ADU_Min_Parking_Spaces":null,"ADU_Owner_Occupancy_Required":null,"ADU_Renter_Occupancy_Prohibited":null,"ADU_Employee_or_Family_Occupancy_Required":null,"ADU_Restricted_to_Primary_Structure":null,"Affordable_Housing_Allowance":"Overlay","Affordable_Housing_District":"No","Affordable_Housing_Elderly_Only":null,"Affordable_Housing_Min_Lot_Size":null,"Affordable_Housing_Max_Density":null,"Affordable_Housing_Min_Parking_Spaces_per_mult_BR":null,"Affordable_Housing_Max_Units_per_Building":null,"Affordable_Housing_Min_Parking_Spaces_per_1BR":null,"PRD_Allowance":"Overlay","PRD_Max_Density":null,"PRD_Max_Units":null,"PRD_Min_Lot_Size":null,"PRD_Mobile_or_Manufactured_Home_Park":null,"PUD_Allowance":null,"PUD_Required_with_Subdivision":null,"PUD_Requires_Land_Conservation":null,"PUD_Threshold_Number":null,"Notes":"None","FIPS6":null},"geometry":{"type":"MultiPolygon","coordinates":[[[[-72.38502458193959,43.47365486673127],[-72.38468807401048,43.47390838575486],[-72.38448589399839,43.474204303134954],[-72.38325375118491,43.47542719608565],[-72.38319558873313,43.475544149565955],[-72.38312874472345,43.47555575474234],[-72.382961446005,43.47578335274164],[-72.38267213925627,43.47658499478205],[-72.38249103385779,43.4768588802246],[-72.38208369704034,43.478462937890725],[-72.38205001770586,43.47869960299369],[-72.382128832828,43.47888962001323],[-72.38208000716381,43.47916860235012],[-72.38213641222475,43.47936218315684],[-72.3819947140296,43.47972657967416],[-72.38199074644072,43.47997860505738],[-72.38191069515635,43.4800591421434],[-72.38181352355791,43.480694707742515],[-72.38181159133003,43.48072651906158],[-72.38181153870073,43.48072751902396],[-72.38180918255595,43.480777051174506],[-72.38180826869429,43.480796271074894],[-72.38180757138034,43.48081093396675],[-72.3818207125321,43.48103092963685],[-72.38176728334051,43.4816633998207],[-72.38180452634748,43.482770567353874],[-72.38167127556707,43.48394773771799],[-72.38189145040343,43.484089310571946],[-72.38235030128973,43.484185813947384],[-72.38246463698036,43.48427142886039],[-72.38276343606364,43.48430349038431],[-72.38263836467662,43.48411904586919],[-72.38353042458415,43.484018235327824],[-72.38359525127498,43.48400881963613],[-72.38357094621564,43.48390171394401],[-72.38419410742937,43.48384480665195],[-72.38421002479362,43.48384648526426],[-72.38420098435101,43.4839554067733],[-72.38414389037037,43.48430878761593],[-72.3838156470961,43.48674668343479],[-72.38407485368734,43.486772524769556],[-72.38412918805143,43.48676421517186],[-72.3843496205388,43.48673049899749],[-72.38537384271554,43.48657384373585],[-72.38548144602578,43.48655738603148],[-72.38550588592689,43.486895222310835],[-72.38564809509472,43.48688158671787],[-72.38714050158366,43.48676081457645],[-72.38709488258377,43.48628017058858],[-72.38709054089942,43.486234425702726],[-72.38707331850866,43.48605296387233],[-72.3869560010085,43.48571946011008],[-72.38693907859975,43.48565186084353],[-72.38683069595339,43.485104801583354],[-72.38679472899047,43.48480424269848],[-72.3867621473539,43.484443949899905],[-72.38683041676558,43.484163012035516],[-72.38685088265136,43.484063088272634],[-72.38712675328695,43.48340528988797],[-72.38726484071088,43.48339059418374],[-72.3874543592943,43.483284142761384],[-72.38751168118952,43.483181424303886],[-72.3876600440995,43.48273043943173],[-72.3876717721512,43.482624604924474],[-72.38767216429218,43.4824129438502],[-72.38772057948192,43.482395883105596],[-72.3877192455169,43.48238062501793],[-72.38767397919182,43.481993119598165],[-72.3883979988213,43.48202531868402],[-72.38850845759603,43.482014773693166],[-72.3894025646211,43.48192005080993],[-72.38940905995354,43.481823418221815],[-72.38935472063763,43.48138681112392],[-72.38926409071183,43.481371489116256],[-72.38925738677136,43.48122421913515],[-72.38935501717087,43.48122431364402],[-72.38945293744649,43.48076574808968],[-72.38938928200058,43.48057460230872],[-72.38948259764332,43.480097112910144],[-72.38925945498471,43.48009181863513],[-72.38918303363465,43.479934325190825],[-72.3887716251143,43.47991869237218],[-72.38835068257552,43.47997774220088],[-72.3880921558109,43.479961971673085],[-72.38800416041404,43.47992766532094],[-72.3879866411079,43.479865583201565],[-72.38792266036427,43.4796722093954],[-72.38798076972658,43.479371785069425],[-72.38810281168892,43.479382804834415],[-72.38854777927682,43.477711926208],[-72.38862270975821,43.477432372393714],[-72.38882896058948,43.47745060041197],[-72.38877589619688,43.47734018145301],[-72.38877590901996,43.47733925525673],[-72.38875275557237,43.47717153584135],[-72.38880182402589,43.47697507158485],[-72.38957489486371,43.47667289913404],[-72.38999253087472,43.4761100568412],[-72.39012816757786,43.47595807745022],[-72.39012852147059,43.47576274490402],[-72.39006093045357,43.47560884463315],[-72.39005236151625,43.47559303683453],[-72.38984414815677,43.47526426175888],[-72.38964849150682,43.47514574337475],[-72.3897280322775,43.475054649264955],[-72.38993698729685,43.47481534045139],[-72.38930126084354,43.474470465012686],[-72.38903522767036,43.47477425761277],[-72.38883211892043,43.47470622384251],[-72.3888286081936,43.4747119163009],[-72.38882505778118,43.47471768162913],[-72.38833601771452,43.474538579968815],[-72.38799813567567,43.47475929308567],[-72.38772688177482,43.475150297786975],[-72.3876428890284,43.47527436061232],[-72.38806515300118,43.475440315027974],[-72.38783571940311,43.47572755615298],[-72.38780301585501,43.475769103563735],[-72.38775722596682,43.475754292389354],[-72.38778826956462,43.47570875139284],[-72.38800741687511,43.47543985434961],[-72.38759726614505,43.47525702563946],[-72.38768175527086,43.47513259609157],[-72.38795293862135,43.47474175974683],[-72.38828279804693,43.47453511838538],[-72.38769072428762,43.47437136087494],[-72.38590904274685,43.473723946449205],[-72.38563383848114,43.47392031234918],[-72.38507759658414,43.47367796544356],[-72.38502458193959,43.47365486673127]],[[-72.3874988752163,43.4756827447186],[-72.38754244965872,43.475701780715376],[-72.38736071758089,43.47595434258998],[-72.38752602449115,43.47601365756238],[-72.38738055641332,43.47623003395786],[-72.38735233870258,43.476330296857945],[-72.38722599108111,43.47651308282779],[-72.38717806343172,43.476498416932415],[-72.38730388769517,43.47631131899231],[-72.38733524357275,43.4762124579603],[-72.38746737737392,43.47601360076294],[-72.38730207004114,43.47595520921398],[-72.3874988752163,43.4756827447186]],[[-72.38704050110225,43.47647253990034],[-72.38709714537246,43.476489702352495],[-72.38707501788926,43.4767082621956],[-72.38701808072814,43.47670158387591],[-72.38704050110225,43.47647253990034]],[[-72.386917397895,43.47669516741159],[-72.38697173961457,43.47670106642472],[-72.38684828461791,43.47691907866262],[-72.38723444989476,43.47696998666284],[-72.38716981087039,43.477148613690865],[-72.3871140378678,43.47714047659664],[-72.38717706895764,43.47697116230768],[-72.38679090372187,43.47692025411376],[-72.386917397895,43.47669516741159]],[[-72.38684512604593,43.477109474003015],[-72.3868988341316,43.47711665327383],[-72.38667195682878,43.47754956040559],[-72.38661493114651,43.47754355237705],[-72.38684512604593,43.477109474003015]],[[-72.38604777773172,43.47748855471632],[-72.38610240601454,43.477494233901524],[-72.38598404115045,43.478000226430524],[-72.38648107878025,43.478040464195544],[-72.3863613085372,43.478513261581234],[-72.38640572300697,43.478517618116086],[-72.38624388348185,43.47892226796312],[-72.38618039419234,43.47891242244025],[-72.3863474951273,43.47851879340293],[-72.38630308066259,43.47851443594533],[-72.38642242863465,43.478041638201375],[-72.38598195923443,43.47800570599763],[-72.38592539161377,43.478001092345906],[-72.38604777773172,43.47748855471632]],[[-72.38490640327268,43.47873866005808],[-72.38497285036671,43.47875486400846],[-72.38475223203099,43.479824003056734],[-72.38428171774076,43.483841139208025],[-72.3842219643157,43.48384356121221],[-72.38470453718577,43.479741097584935],[-72.38490640327268,43.47873866005808]],[[-72.38577967476316,43.47884925042519],[-72.38582954330813,43.478858011446654],[-72.38577942939921,43.47885023759577],[-72.38563795810694,43.47887325231],[-72.38557193486444,43.4788674282864],[-72.38564228646091,43.478855736986425],[-72.38577967476316,43.47884925042519]]]]}},{"type":"Feature","properties":{"OBJECT_ID":1276,"County":"Windsor","RPC":"MARC","Municipal_Name":"Windsor ","GEO_ID":"5002784925","District_Name":"Village Mixed Use","Abbreviated_District_Name":"Vmu","District_Type":"Mixed with Residential","Bylaw_Date":null,"Elderly_Housing_District":"No","District_Mapped":"Yes","Overlay_District":"No","Base_Density":null,"GIS_ID":null,"Last_Update":null,"Shape_Length":4439.019045141145,"Shape_Area":212054.54436170915,"F1F_Allowance":"Public Hearing","F1F_Front_Setback":10.0,"F1F_Side_Setback":10.0,"F1F_Rear_Setback":20.0,"F1F_Frontage":50.0,"F1F_Max_Height":60.0,"F1F_Max_Stories":null,"F1F_Min_Lot_Size":0.02,"F1F_Max_Lot_Building_Coverage":75.0,"F1F_Max_Lot_Impervious_Coverage":null,"F1F_Min_Parking_Spaces":2.0,"F1F_Elderly_Housing_Only":null,"F1F_Affordable_Housing_Only":null,"F2F_Allowance":"Public Hearing","F2F_Front_Setback":10.0,"F2F_Side_Setback":10.0,"F2F_Rear_Setback":20.0,"F2F_Frontage":50.0,"F2F_Max_Density":50.0,"F2F_Max_Height":60.0,"F2F_Max_Stories":null,"F2F_Min_Lot_Size":0.04,"F2F_Max_Lot_Building_Coverage":75.0,"F2F_Max_Lot_Impervious_Coverage":null,"F2F_Min_Parking_Spaces_per_1BR":2.0,"F2F_Min_Parking_Spaces_per_mult_BR":2.0,"F2F_Elderly_Housing_Only":"No","F2F_Affordable_Housing_Only":"No","F3F_Allowance":"Public Hearing","F3F_Front_Setback":10.0,"F3F_Side_Setback":10.0,"F3F_Rear_Setback":20.0,"F3F_Frontage":50.0,"F3F_Max_Density":50.0,"F3F_Max_Height":60.0,"F3F_Max_Stories":null,"F3F_Min_Lot_Size":0.06,"F3F_Max_Lot_Building_Coverage":75.0,"F3F_Max_Lot_Impervious_Coverage":null,"F3F_Min_Parking_Spaces_per_1BR":2.0,"F3F_Min_Parking_Spaces_per_mult_BR":2.0,"F3F_Affordable_Housing_Only":"No","F3F_Proximity_to_Public_Transit_Required":"No","F3F_Connection_to_Sewage/Water_Required":"Yes","F4F_Allowance":"Public Hearing","F4F_Front_Setback":10.0,"F4F_Side_Setback":10.0,"F4F_Rear_Setback":20.0,"F4F_Frontage":50.0,"F1F_Max_Density":null,"F4F_Max_Density":50.0,"F4F_Max_Height":60.0,"F4F_Max_Stories":null,"F4F_Min_Lot_Size":0.08,"F4F_Max_Lot_Building_Coverage":75.0,"F4F_Max_Lot_Impervious_Coverage":null,"F4F_Min_Parking_Spaces_per_1BR":2.0,"F4F_Min_Parking_Spaces_per_mult_BR":2.0,"F3F_Elderly_Housing_Only":"No","F4F_Elderly_Housing_Only":"No","F4F_Affordable_Housing_Only":"No","F4F_Proximity_to_Public_Transit_Required":"No","F4F_Connection_to_Sewage/Water_Required":"Yes","ADU_Allowance":"Allowed/Conditional","ADU_Elderly_Housing_Only":"No","ADU_Max_Size_as_Percent_of_Primary_Strcture":30.0,"ADU_Max_Size_in_sq_ft":null,"ADU_Min_Lot_Size":0.02,"ADU_Max_Bedrooms":null,"ADU_Min_Parking_Spaces":2.0,"ADU_Owner_Occupancy_Required":"Yes","ADU_Renter_Occupancy_Prohibited":"No","ADU_Employee_or_Family_Occupancy_Required":"No","ADU_Restricted_to_Primary_Structure":"No","Affordable_Housing_Allowance":"Not Mentioned","Affordable_Housing_District":"No","Affordable_Housing_Elderly_Only":null,"Affordable_Housing_Min_Lot_Size":null,"Affordable_Housing_Max_Density":null,"Affordable_Housing_Min_Parking_Spaces_per_mult_BR":null,"Affordable_Housing_Max_Units_per_Building":null,"Affordable_Housing_Min_Parking_Spaces_per_1BR":null,"PRD_Allowance":"Public Hearing","PRD_Max_Density":null,"PRD_Max_Units":null,"PRD_Min_Lot_Size":null,"PRD_Mobile_or_Manufactured_Home_Park":"No","PUD_Allowance":null,"PUD_Required_with_Subdivision":null,"PUD_Requires_Land_Conservation":null,"PUD_Threshold_Number":null,"Notes":"None","FIPS6":null},"geometry":{"type":"MultiPolygon","coordinates":[[[[-72.38209792274743,43.47872869519945],[-72.38217524722465,43.478890793879245],[-72.38212883754659,43.47911928821464],[-72.38218859558935,43.479376794335586],[-72.3820499718622,43.47974878827636],[-72.38204256652476,43.479981331836626],[-72.38192650619958,43.48007234771251],[-72.38181352355791,43.480694707742515],[-72.38181159133003,43.48072651906158],[-72.38181153870073,43.48072751902396],[-72.38180918255595,43.480777051174506],[-72.38180826869429,43.480796271074894],[-72.38180757138034,43.48081093396675],[-72.3818207125321,43.48103092963685],[-72.38186190230898,43.48269868756757],[-72.3817234096707,43.48398893003646],[-72.38189145040343,43.484089310571946],[-72.38235030128973,43.484185813947384],[-72.38246463698036,43.48427142886039],[-72.38284722628055,43.484356668927795],[-72.3826950878222,43.48412276659826],[-72.38353200541356,43.48402672042401],[-72.38353042458415,43.484018235327824],[-72.38349759308426,43.48384202440239],[-72.3840636469129,43.48377853656522],[-72.38420511607423,43.48252155669757],[-72.38437819156948,43.48251308272216],[-72.38435251522566,43.482038324331576],[-72.38476367527161,43.47907689834878],[-72.38352560351841,43.47891355479738],[-72.38341335998136,43.47943247718427],[-72.38330252062784,43.47942181668887],[-72.38340936624749,43.47889824706265],[-72.38209792274743,43.47872869519945]]],[[[-72.38432020220982,43.47443774108868],[-72.38324116879461,43.47557612287322],[-72.38310708991695,43.475602004355025],[-72.38271346414702,43.476620198007964],[-72.38253228267241,43.47683385736035],[-72.38214100387766,43.47862276569387],[-72.38255613873743,43.478676566367305],[-72.38324647425087,43.475829424401205],[-72.38333720677056,43.47584864335477],[-72.38299454841878,43.47727798440167],[-72.38351780014848,43.47734546396488],[-72.38347592318044,43.47702715022435],[-72.38386538883964,43.47595768606243],[-72.38397619397723,43.475982973604154],[-72.3835875110145,43.47704871159794],[-72.3836218571878,43.477266036576275],[-72.38344047534952,43.47798649980592],[-72.38336825765651,43.477979042604225],[-72.38350689964355,43.477389825370004],[-72.38298171617096,43.477322062947614],[-72.3827679703678,43.47819607158871],[-72.3836485976792,43.47822643507217],[-72.38363960946711,43.478280362050086],[-72.38275434279619,43.478251751646944],[-72.38264881867272,43.47868924859186],[-72.38478860354428,43.478967996310786],[-72.3849844376177,43.47815641081627],[-72.38541475258856,43.47712587083389],[-72.38588590778458,43.47634760917193],[-72.38625566817149,43.47587450837678],[-72.38616651954847,43.475834055316575],[-72.38629500487322,43.47570064433262],[-72.38539534243986,43.47533815744356],[-72.38564823726868,43.4749797030669],[-72.38432020220982,43.47443774108868]]]]}},{"type":"Feature","properties":{"OBJECT_ID":1267,"County":"Windsor","RPC":"MARC","Municipal_Name":"Windsor ","GEO_ID":"5002784925","District_Name":"Central Business","Abbreviated_District_Name":"Cb","District_Type":"Mixed with Residential","Bylaw_Date":null,"Elderly_Housing_District":"No","District_Mapped":"Yes","Overlay_District":"No","Base_Density":null,"GIS_ID":null,"Last_Update":null,"Shape_Length":8644.09502834166,"Shape_Area":203667.12108270428,"F1F_Allowance":"Permitted","F1F_Front_Setback":null,"F1F_Side_Setback":null,"F1F_Rear_Setback":null,"F1F_Frontage":50.0,"F1F_Max_Height":60.0,"F1F_Max_Stories":null,"F1F_Min_Lot_Size":0.02,"F1F_Max_Lot_Building_Coverage":90.0,"F1F_Max_Lot_Impervious_Coverage":null,"F1F_Min_Parking_Spaces":2.0,"F1F_Elderly_Housing_Only":null,"F1F_Affordable_Housing_Only":null,"F2F_Allowance":"Permitted","F2F_Front_Setback":null,"F2F_Side_Setback":null,"F2F_Rear_Setback":null,"F2F_Frontage":50.0,"F2F_Max_Density":50.0,"F2F_Max_Height":60.0,"F2F_Max_Stories":null,"F2F_Min_Lot_Size":0.04,"F2F_Max_Lot_Building_Coverage":90.0,"F2F_Max_Lot_Impervious_Coverage":null,"F2F_Min_Parking_Spaces_per_1BR":2.0,"F2F_Min_Parking_Spaces_per_mult_BR":2.0,"F2F_Elderly_Housing_Only":"No","F2F_Affordable_Housing_Only":"No","F3F_Allowance":"Permitted","F3F_Front_Setback":null,"F3F_Side_Setback":null,"F3F_Rear_Setback":null,"F3F_Frontage":50.0,"F3F_Max_Density":50.0,"F3F_Max_Height":60.0,"F3F_Max_Stories":null,"F3F_Min_Lot_Size":0.06,"F3F_Max_Lot_Building_Coverage":90.0,"F3F_Max_Lot_Impervious_Coverage":null,"F3F_Min_Parking_Spaces_per_1BR":2.0,"F3F_Min_Parking_Spaces_per_mult_BR":2.0,"F3F_Affordable_Housing_Only":"No","F3F_Proximity_to_Public_Transit_Required":"No","F3F_Connection_to_Sewage/Water_Required":"Yes","F4F_Allowance":"Public Hearing","F4F_Front_Setback":null,"F4F_Side_Setback":null,"F4F_Rear_Setback":null,"F4F_Frontage":50.0,"F1F_Max_Density":null,"F4F_Max_Density":50.0,"F4F_Max_Height":60.0,"F4F_Max_Stories":null,"F4F_Min_Lot_Size":0.08,"F4F_Max_Lot_Building_Coverage":90.0,"F4F_Max_Lot_Impervious_Coverage":null,"F4F_Min_Parking_Spaces_per_1BR":2.0,"F4F_Min_Parking_Spaces_per_mult_BR":2.0,"F3F_Elderly_Housing_Only":"No","F4F_Elderly_Housing_Only":"No","F4F_Affordable_Housing_Only":"No","F4F_Proximity_to_Public_Transit_Required":"No","F4F_Connection_to_Sewage/Water_Required":"Yes","ADU_Allowance":"Allowed/Conditional","ADU_Elderly_Housing_Only":"No","ADU_Max_Size_as_Percent_of_Primary_Strcture":30.0,"ADU_Max_Size_in_sq_ft":null,"ADU_Min_Lot_Size":0.02,"ADU_Max_Bedrooms":null,"ADU_Min_Parking_Spaces":2.0,"ADU_Owner_Occupancy_Required":"Yes","ADU_Renter_Occupancy_Prohibited":"No","ADU_Employee_or_Family_Occupancy_Required":"No","ADU_Restricted_to_Primary_Structure":"No","Affordable_Housing_Allowance":"Not Mentioned","Affordable_Housing_District":"No","Affordable_Housing_Elderly_Only":null,"Affordable_Housing_Min_Lot_Size":null,"Affordable_Housing_Max_Density":null,"Affordable_Housing_Min_Parking_Spaces_per_mult_BR":null,"Affordable_Housing_Max_Units_per_Building":null,"Affordable_Housing_Min_Parking_Spaces_per_1BR":null,"PRD_Allowance":"Public Hearing","PRD_Max_Density":null,"PRD_Max_Units":null,"PRD_Min_Lot_Size":null,"PRD_Mobile_or_Manufactured_Home_Park":"No","PUD_Allowance":null,"PUD_Required_with_Subdivision":null,"PUD_Requires_Land_Conservation":null,"PUD_Threshold_Number":null,"Notes":"None","FIPS6":null},"geometry":{"type":"MultiPolygon","coordinates":[[[[-72.38882505778118,43.47471768162913],[-72.38863072595377,43.475032714178084],[-72.38834361704384,43.475102192413885],[-72.38833601771452,43.474538579968815],[-72.38833734817806,43.47431339631286],[-72.38826246777643,43.47428540907611],[-72.38895767743287,43.47345313607344],[-72.38936219267315,43.47380674967117],[-72.38919808622553,43.47420552145061],[-72.38883211892043,43.47470622384251],[-72.3888286081936,43.4747119163009],[-72.38882505778118,43.47471768162913]]],[[[-72.3882184161729,43.475131884307096],[-72.38850989026214,43.47521064730459],[-72.38838785429984,43.47540975141942],[-72.38772688177482,43.475150297786975],[-72.38768175527086,43.47513259609157],[-72.3873484471305,43.47500185275843],[-72.38785484606534,43.47456545161595],[-72.38785001851872,43.47467029124165],[-72.38795293862135,43.47474175974683],[-72.38799813567567,43.47475929308567],[-72.38815588028396,43.47490461568938],[-72.3882184161729,43.475131884307096]]],[[[-72.39006093045357,43.47560884463315],[-72.39012852147059,43.47576274490402],[-72.39012816757786,43.47595807745022],[-72.38863460184778,43.475446066438515],[-72.38880194894834,43.47517928755583],[-72.38900308650054,43.47502182669717],[-72.3891104642048,43.47502101366672],[-72.38947014471219,43.47518436569679],[-72.38961848884735,43.47516967163969],[-72.38976401003733,43.47522086693059],[-72.39005236151625,43.47559303683453],[-72.39006093045357,43.47560884463315]]],[[[-72.39282234508877,43.476952118033765],[-72.39250106027283,43.47734188536764],[-72.39122483093058,43.47670919670386],[-72.3906805874141,43.47628647316504],[-72.39085781542882,43.47610648176711],[-72.39147193099426,43.476120779373254],[-72.39178409683035,43.476295469829275],[-72.39231371827107,43.476039719567346],[-72.39289409030063,43.47591488258792],[-72.3931809345357,43.475994192798815],[-72.39342348041492,43.47622507034535],[-72.39327953183657,43.47681317145033],[-72.3929886657694,43.47704038695205],[-72.39282234508877,43.476952118033765]]],[[[-72.39185154225062,43.47745983574416],[-72.39169675536105,43.47740209688637],[-72.39149514524877,43.47717518713736],[-72.39138745162828,43.47713633894781],[-72.39126382882345,43.47714747638362],[-72.39115782971967,43.477242379897724],[-72.39088860299817,43.47724141584033],[-72.38946403157573,43.47769333457966],[-72.38907467266223,43.47769548774349],[-72.38900524900842,43.47763754718637],[-72.38896648534057,43.47708211734395],[-72.38927416109526,43.47696357201961],[-72.38969990072472,43.47691490070417],[-72.39018021665068,43.476167784613175],[-72.39034578943698,43.476239809758],[-72.39073983095594,43.476634123654236],[-72.39231854448903,43.4774550702518],[-72.3920292230753,43.47767736566389],[-72.39185154225062,43.47745983574416]]],[[[-72.38877590901996,43.47733925525673],[-72.38877589619688,43.47734018145301],[-72.38882896058948,43.47745060041197],[-72.38885449400027,43.477490713238595],[-72.3886181593573,43.477457575420836],[-72.38854777927682,43.477711926208],[-72.38810281168892,43.479382804834415],[-72.38798076972658,43.479371785069425],[-72.38792266036427,43.4796722093954],[-72.3879866411079,43.479865583201565],[-72.38800416041404,43.47992766532094],[-72.38767573589665,43.47993187341637],[-72.38761980234588,43.47968281063109],[-72.38757344505433,43.47968445366061],[-72.38763743290777,43.479965448416706],[-72.38757734839085,43.480287247193694],[-72.386614655501,43.47991999434428],[-72.38732122401493,43.478636847265896],[-72.38774756816406,43.47722782904267],[-72.3882093851822,43.47730880040833],[-72.38827492668929,43.47737404831723],[-72.38826238063807,43.47747551037158],[-72.38832262131965,43.47748421833516],[-72.38833481731008,43.47736405083638],[-72.38825540591918,43.47727818238897],[-72.38776194170445,43.477182555233085],[-72.3878912639759,43.47680534336542],[-72.38823701431868,43.47614916533036],[-72.38891028507473,43.476341585335014],[-72.38936536444318,43.47630257759152],[-72.38944236860391,43.47622628528609],[-72.38889650139637,43.476275965028464],[-72.38826569814913,43.476094271601085],[-72.3884478527269,43.475759372416476],[-72.38855307764545,43.47566897116521],[-72.38869406323258,43.47566819397575],[-72.38999253087472,43.4761100568412],[-72.38959992620445,43.47666910775484],[-72.38886782899151,43.47695888884236],[-72.38875275557237,43.47717153584135],[-72.38877590901996,43.47733925525673]]],[[[-72.38768184415085,43.479970835972395],[-72.3880921558109,43.479961971673085],[-72.38835068257552,43.47997774220088],[-72.3887665850456,43.479929773166184],[-72.38866360389119,43.48047662819149],[-72.38834924823493,43.48043448119861],[-72.38779237142211,43.480360170689615],[-72.387618657453,43.480299873070166],[-72.38768184415085,43.479970835972395]]],[[[-72.38775194963408,43.48092320260388],[-72.38779433956566,43.480549053394775],[-72.38843962959757,43.480631713147844],[-72.38840091237793,43.48081578917693],[-72.38835554351213,43.48100183442356],[-72.3882184129711,43.48098401519005],[-72.38775194963408,43.48092320260388]]],[[[-72.38783571940311,43.47572755615298],[-72.38778826956462,43.47570875139284],[-72.38748875713877,43.475571590580586],[-72.3872276421245,43.47557738028023],[-72.38667819204962,43.475686607716426],[-72.3872288918394,43.47511270179085],[-72.38759726614505,43.47525702563946],[-72.38806515300118,43.475440315027974],[-72.3883146189704,43.47553808273313],[-72.38814722891509,43.475825109626356],[-72.38783571940311,43.47572755615298]]],[[[-72.38738055641332,43.47623003395786],[-72.38733524357275,43.4762124579603],[-72.38673768531446,43.475887292169205],[-72.38671856300863,43.4757854496452],[-72.38687899905453,43.475708888839],[-72.38740331609151,43.47561503470634],[-72.38775722596682,43.475754292389354],[-72.38780301585501,43.475769103563735],[-72.3881332626926,43.47585828917045],[-72.38782246393859,43.47641210968013],[-72.38738055641332,43.47623003395786]]],[[[-72.38558720584321,43.4790773715541],[-72.3850407723021,43.47900242620326],[-72.38547168079319,43.4774567851132],[-72.38615360755095,43.47633416199168],[-72.38660154942697,43.47577429296681],[-72.38673905135909,43.475983774974026],[-72.38602707297304,43.477278726649914],[-72.38564228646091,43.478855736986425],[-72.38563795810694,43.47887325231],[-72.38558720584321,43.4790773715541]]],[[[-72.38714041813476,43.478446311949995],[-72.38673414977933,43.47922745471352],[-72.38571850533533,43.47909473356783],[-72.38577942939921,43.47885023759577],[-72.38577967476316,43.47884925042519],[-72.38598195923443,43.47800570599763],[-72.38610240601454,43.477494233901524],[-72.3868253168122,43.47612035334142],[-72.38730388769517,43.47631131899231],[-72.38735233870258,43.476330296857945],[-72.38777827696029,43.4764966618702],[-72.38756416092153,43.47698257886918],[-72.38714041813476,43.478446311949995]]],[[[-72.384976320937,43.47958517871811],[-72.38501854908115,43.479110626233116],[-72.38667640157736,43.47933140197425],[-72.3861810694918,43.48022461736446],[-72.38500341727729,43.479962408596386],[-72.38505512500413,43.479582374921854],[-72.384976320937,43.47958517871811]]],[[[-72.38484038261423,43.479669462776016],[-72.38491905245057,43.479675573581424],[-72.38492740208967,43.48027223656035],[-72.38477458149357,43.48030347924185],[-72.38477936627764,43.48025736357207],[-72.38484038261423,43.479669462776016]]],[[[-72.38726011420945,43.48117192184854],[-72.38715146051256,43.481852447089246],[-72.38688429109472,43.48177672821507],[-72.3859232532376,43.481504334244924],[-72.38573404625872,43.48156175565473],[-72.38651309560144,43.480109900415805],[-72.38767966338524,43.48052151640693],[-72.38763805160443,43.480975659581674],[-72.38721913071278,43.48093813314218],[-72.38718637694699,43.48114843109184],[-72.38726011420945,43.48117192184854]],[[-72.38724278591886,43.48078732855453],[-72.38721695479164,43.480453216446705],[-72.38723698658886,43.480824300054934],[-72.38724278591886,43.48078732855453]]],[[[-72.3856963255869,43.480204724875406],[-72.38613533170533,43.48030817990348],[-72.3853649478558,43.48183613157844],[-72.38474033878053,43.48179737615806],[-72.38495871588187,43.48031269989382],[-72.3856963255869,43.480204724875406]]]]}},{"type":"Feature","properties":{"OBJECT_ID":1269,"County":"Windsor","RPC":"MARC","Municipal_Name":"Windsor ","GEO_ID":"5002784925","District_Name":"High Density Residential","Abbreviated_District_Name":"Hdr","District_Type":"Mixed with Residential","Bylaw_Date":null,"Elderly_Housing_District":"No","District_Mapped":"Yes","Overlay_District":"No","Base_Density":null,"GIS_ID":null,"Last_Update":null,"Shape_Length":27216.364978403122,"Shape_Area":861621.2089769817,"F1F_Allowance":"Permitted","F1F_Front_Setback":25.0,"F1F_Side_Setback":10.0,"F1F_Rear_Setback":20.0,"F1F_Frontage":75.0,"F1F_Max_Height":60.0,"F1F_Max_Stories":null,"F1F_Min_Lot_Size":0.05,"F1F_Max_Lot_Building_Coverage":40.0,"F1F_Max_Lot_Impervious_Coverage":null,"F1F_Min_Parking_Spaces":2.0,"F1F_Elderly_Housing_Only":null,"F1F_Affordable_Housing_Only":null,"F2F_Allowance":"Permitted","F2F_Front_Setback":25.0,"F2F_Side_Setback":10.0,"F2F_Rear_Setback":20.0,"F2F_Frontage":75.0,"F2F_Max_Density":20.0,"F2F_Max_Height":60.0,"F2F_Max_Stories":null,"F2F_Min_Lot_Size":0.1,"F2F_Max_Lot_Building_Coverage":40.0,"F2F_Max_Lot_Impervious_Coverage":null,"F2F_Min_Parking_Spaces_per_1BR":2.0,"F2F_Min_Parking_Spaces_per_mult_BR":2.0,"F2F_Elderly_Housing_Only":"No","F2F_Affordable_Housing_Only":"No","F3F_Allowance":"Public Hearing","F3F_Front_Setback":25.0,"F3F_Side_Setback":10.0,"F3F_Rear_Setback":20.0,"F3F_Frontage":75.0,"F3F_Max_Density":20.0,"F3F_Max_Height":60.0,"F3F_Max_Stories":null,"F3F_Min_Lot_Size":0.15,"F3F_Max_Lot_Building_Coverage":40.0,"F3F_Max_Lot_Impervious_Coverage":null,"F3F_Min_Parking_Spaces_per_1BR":2.0,"F3F_Min_Parking_Spaces_per_mult_BR":2.0,"F3F_Affordable_Housing_Only":"No","F3F_Proximity_to_Public_Transit_Required":"No","F3F_Connection_to_Sewage/Water_Required":"Yes","F4F_Allowance":"Public Hearing","F4F_Front_Setback":25.0,"F4F_Side_Setback":10.0,"F4F_Rear_Setback":20.0,"F4F_Frontage":75.0,"F1F_Max_Density":null,"F4F_Max_Density":20.0,"F4F_Max_Height":60.0,"F4F_Max_Stories":null,"F4F_Min_Lot_Size":0.2,"F4F_Max_Lot_Building_Coverage":40.0,"F4F_Max_Lot_Impervious_Coverage":null,"F4F_Min_Parking_Spaces_per_1BR":2.0,"F4F_Min_Parking_Spaces_per_mult_BR":2.0,"F3F_Elderly_Housing_Only":"No","F4F_Elderly_Housing_Only":"No","F4F_Affordable_Housing_Only":"No","F4F_Proximity_to_Public_Transit_Required":"No","F4F_Connection_to_Sewage/Water_Required":"Yes","ADU_Allowance":"Allowed/Conditional","ADU_Elderly_Housing_Only":"No","ADU_Max_Size_as_Percent_of_Primary_Strcture":30.0,"ADU_Max_Size_in_sq_ft":null,"ADU_Min_Lot_Size":0.05,"ADU_Max_Bedrooms":null,"ADU_Min_Parking_Spaces":2.0,"ADU_Owner_Occupancy_Required":"Yes","ADU_Renter_Occupancy_Prohibited":"No","ADU_Employee_or_Family_Occupancy_Required":"No","ADU_Restricted_to_Primary_Structure":"No","Affordable_Housing_Allowance":"Not Mentioned","Affordable_Housing_District":"No","Affordable_Housing_Elderly_Only":null,"Affordable_Housing_Min_Lot_Size":null,"Affordable_Housing_Max_Density":null,"Affordable_Housing_Min_Parking_Spaces_per_mult_BR":null,"Affordable_Housing_Max_Units_per_Building":null,"Affordable_Housing_Min_Parking_Spaces_per_1BR":null,"PRD_Allowance":"Public Hearing","PRD_Max_Density":null,"PRD_Max_Units":null,"PRD_Min_Lot_Size":null,"PRD_Mobile_or_Manufactured_Home_Park":"No","PUD_Allowance":null,"PUD_Required_with_Subdivision":null,"PUD_Requires_Land_Conservation":null,"PUD_Threshold_Number":null,"Notes":"None","FIPS6":null},"geometry":{"type":"MultiPolygon","coordinates":[[[[-72.38353200541356,43.48402672042401],[-72.3826950878222,43.48412276659826],[-72.38284722628055,43.484356668927795],[-72.38291889444919,43.48445350267081],[-72.38299616863166,43.48444415857054],[-72.38317502203148,43.484849177846925],[-72.38324649953441,43.48484467561862],[-72.38323187332519,43.48461344633808],[-72.38363295452656,43.48456456187618],[-72.38353200541356,43.48402672042401]]],[[[-72.38419410742937,43.48384480665195],[-72.38362494263814,43.483909731235435],[-72.38371022313189,43.48436029244607],[-72.38414389037037,43.48430878761593],[-72.3841646232586,43.48430632073111],[-72.38420098435101,43.4839554067733],[-72.38421002479362,43.48384648526426],[-72.38419410742937,43.48384480665195]]],[[[-72.39436923933103,43.481426867056264],[-72.39428437955779,43.481795769586746],[-72.39458988954324,43.48204554721682],[-72.3950557368644,43.482278387290236],[-72.39522606408208,43.48251777336035],[-72.39596298117337,43.482818425937495],[-72.39625635258099,43.48249346388673],[-72.39643973514961,43.482555512323565],[-72.39716723063756,43.48317611876091],[-72.39766858702801,43.4834387231335],[-72.3978187208817,43.48329048502285],[-72.3985892560872,43.48382939578335],[-72.39865829138401,43.48482379443499],[-72.39922026889889,43.48534635620244],[-72.39987098154793,43.48478112396635],[-72.39963248419882,43.48440125257754],[-72.39935292179115,43.48362973058633],[-72.39600040571716,43.48194627723362],[-72.39514727055762,43.481619772642325],[-72.39436923933103,43.481426867056264]]],[[[-72.38721913071278,43.48093813314218],[-72.38718637694699,43.48114843109184],[-72.38726011420945,43.48117192184854],[-72.38715146051256,43.481852447089246],[-72.38688429109472,43.48177672821507],[-72.38678809554837,43.482192718231204],[-72.38759014847852,43.48213527720319],[-72.38758115254383,43.48198627218884],[-72.38763805160443,43.480975659581674],[-72.38721913071278,43.48093813314218]]],[[[-72.3900060395951,43.48084028990453],[-72.389893670385,43.48188240530032],[-72.38850845759603,43.482014773693166],[-72.3883979988213,43.48202531868402],[-72.38768543899803,43.481993965251874],[-72.3877192455169,43.48238062501793],[-72.38772057948192,43.482395883105596],[-72.38806418959595,43.48252026973242],[-72.3881816756646,43.48248887830739],[-72.38817690156357,43.48235490742881],[-72.38957746733934,43.482214861991025],[-72.38983636375949,43.48238169321753],[-72.39022970870208,43.48232883388236],[-72.39049086735179,43.481887762834056],[-72.39095805054035,43.48158077122391],[-72.39146007200125,43.48145016204417],[-72.39188308327019,43.481435651640105],[-72.39231909889341,43.481493875004524],[-72.39311168805405,43.48175220527495],[-72.39379579018855,43.48220394469459],[-72.39452276534385,43.482436326179254],[-72.3942331803009,43.48191638581525],[-72.39420991109668,43.48175152806436],[-72.39430397577759,43.48141359320833],[-72.3900060395951,43.48084028990453]]],[[[-72.38855745507325,43.480644239588344],[-72.38844730325005,43.48109735041783],[-72.38774558343974,43.4810121384409],[-72.38767981808036,43.48168982326148],[-72.38768408136174,43.48189073358115],[-72.38825648061336,43.48193482344315],[-72.38940905995354,43.481823418221815],[-72.38981079650603,43.481784649680016],[-72.38991335380044,43.48082817620744],[-72.38945293744649,43.48076574808968],[-72.38855745507325,43.480644239588344]]],[[[-72.39508134207652,43.47797435588028],[-72.3950045459243,43.478156768297836],[-72.39502292752321,43.47847217315514],[-72.39471868669256,43.479059845942615],[-72.39474447710721,43.479111906579234],[-72.3959682260202,43.47931280844225],[-72.3964744739772,43.47849930432768],[-72.39649923318714,43.47825032244521],[-72.39637263717296,43.47819226259545],[-72.39508134207652,43.47797435588028]]],[[[-72.39772799503868,43.47753295741498],[-72.39728218861787,43.4775688392893],[-72.39698078170377,43.47809661331035],[-72.39599649596089,43.47949601910242],[-72.3954252247182,43.48059974543943],[-72.39712793975112,43.481061748606955],[-72.39853159684688,43.48112059597941],[-72.39853227656592,43.48117607906092],[-72.39716066829773,43.4811243632538],[-72.39539964032885,43.480651828227955],[-72.39514424489914,43.481358669197824],[-72.39523062562235,43.481443907313135],[-72.39622309925707,43.48183481072928],[-72.39785499681119,43.48262513745217],[-72.39959065284499,43.48353416844074],[-72.3999408326995,43.483183148306814],[-72.399450134374,43.483011281220534],[-72.39975013529478,43.4828676628678],[-72.40005808421726,43.48282840702661],[-72.40044380368667,43.482469832980556],[-72.39883234055864,43.48168764330275],[-72.39924224617198,43.48119049465245],[-72.39907315276606,43.480431304859145],[-72.39890100037512,43.47965888766306],[-72.39735128368173,43.478963155835956],[-72.39808594678513,43.4778327061405],[-72.39773544614688,43.477698435902326],[-72.39772799503868,43.47753295741498]]],[[[-72.39231854448903,43.4774550702518],[-72.3920292230753,43.47767736566389],[-72.39195922924554,43.47837424320579],[-72.39184950371174,43.478604232553494],[-72.39236827769321,43.478815050569764],[-72.3925248550038,43.478952255096466],[-72.39258706544166,43.479162005708915],[-72.39266691716946,43.47921974324039],[-72.39274844730033,43.47920638836552],[-72.39355641023069,43.478609703726455],[-72.39434727093152,43.47785223685347],[-72.39283700655672,43.47761673292031],[-72.39231854448903,43.4774550702518]]],[[[-72.3913438860219,43.4773070350116],[-72.38939657875112,43.4778225884318],[-72.38911190345844,43.477824568395356],[-72.38888420261202,43.47771844183554],[-72.38885449400027,43.477490713238595],[-72.3886181593573,43.477457575420836],[-72.38854777927682,43.477711926208],[-72.38810281168892,43.479382804834415],[-72.38798076972658,43.479371785069425],[-72.38792266036427,43.4796722093954],[-72.3879866411079,43.479865583201565],[-72.38800416041404,43.47992766532094],[-72.38767573589665,43.47993187341637],[-72.38768184415085,43.479970835972395],[-72.3880921558109,43.479961971673085],[-72.38835068257552,43.47997774220088],[-72.3887665850456,43.479929773166184],[-72.38866360389119,43.48047662819149],[-72.38938928200058,43.48057460230872],[-72.39379837685361,43.481166154826184],[-72.39398330183842,43.480563607922896],[-72.39407521069681,43.48057846022246],[-72.39389338768076,43.481174821928796],[-72.39482719702082,43.48130556707],[-72.39501628278016,43.48119421240434],[-72.39543786080493,43.48021657860531],[-72.39593141987534,43.47937739891745],[-72.39466634595783,43.47917195897677],[-72.39460860523234,43.479056860601],[-72.39491750447472,43.47845569170448],[-72.39489834128693,43.47814654544517],[-72.39497978143316,43.477959214686244],[-72.39453492486763,43.477888270287266],[-72.39417768082437,43.47830487724842],[-72.39399330141131,43.47837840171213],[-72.39372626446259,43.478669633214665],[-72.39367425438944,43.478815778196996],[-72.39277406285728,43.47935641045005],[-72.39242851193127,43.479262556856035],[-72.39228649726562,43.47897164771939],[-72.39190854075267,43.47885709019691],[-72.3917828091003,43.47875071832909],[-72.39173499990517,43.47848394661476],[-72.39185643244231,43.4781845658056],[-72.39187245083794,43.477650566303005],[-72.3913438860219,43.4773070350116]]],[[[-72.39374850536035,43.47633929290869],[-72.39372039233278,43.47651204479951],[-72.39362512136519,43.47709625177882],[-72.39387224684478,43.47714197904454],[-72.39404006211332,43.476376763017264],[-72.39374850536035,43.47633929290869]]],[[[-72.39342348041492,43.47622507034535],[-72.39327953183657,43.47681317145033],[-72.3929886657694,43.47704038695205],[-72.39282234508877,43.476952118033765],[-72.39250106027283,43.47734188536764],[-72.39311383104047,43.477468686100096],[-72.39362082604345,43.47734293255495],[-72.3938184553657,43.477200295563996],[-72.39352615450134,43.477144470146726],[-72.39365351224086,43.476324859617506],[-72.39342348041492,43.47622507034535]]],[[[-72.3967738305422,43.476004455814014],[-72.39669422712898,43.4760253383929],[-72.39635409787,43.476382749789394],[-72.39619519231424,43.47647374226628],[-72.39580703708178,43.47645552575021],[-72.39564990443809,43.47663688520684],[-72.3954223758939,43.47709981057393],[-72.39510408917558,43.47710465145031],[-72.39489610665562,43.47720796903343],[-72.39460089487892,43.47771197161711],[-72.39654632355172,43.47804425258337],[-72.3971677375721,43.47741150596475],[-72.39742732113376,43.476488356608954],[-72.39774472685883,43.47608914959416],[-72.39742828889226,43.47614272942751],[-72.3967738305422,43.476004455814014]]],[[[-72.40251365823475,43.47592398130304],[-72.40229268980153,43.47594432682708],[-72.39982030580616,43.476171854997645],[-72.39990748038377,43.476711713109786],[-72.40260239219522,43.476469605694085],[-72.40251365823475,43.47592398130304]]],[[[-72.39030410520093,43.475792814093744],[-72.39030666592656,43.47587291157601],[-72.39027899820302,43.476006701977276],[-72.3903944244298,43.47604464772301],[-72.39030410520093,43.475792814093744]]],[[[-72.39968272038642,43.47551901715763],[-72.39860349757421,43.47577691596698],[-72.3985906123151,43.47585967198246],[-72.39924958996471,43.476072130413016],[-72.39971458830449,43.47610186370955],[-72.40048722790783,43.476019559736514],[-72.40048228403212,43.475972019040356],[-72.39968272038642,43.47551901715763]]],[[[-72.39929623888213,43.474959624297085],[-72.39909540134717,43.47541723668562],[-72.39869587687994,43.4755049966204],[-72.39802545326468,43.475446247577096],[-72.39794313158158,43.4754753555723],[-72.39791816641616,43.475620334961896],[-72.39801836459147,43.47575656629215],[-72.39787969175225,43.47598765364681],[-72.39833246645753,43.47570740856602],[-72.3994456674194,43.475456505415124],[-72.40019715590856,43.47507700758143],[-72.39929623888213,43.474959624297085]]],[[[-72.39437896256074,43.47495567692104],[-72.3940761959254,43.476918688991375],[-72.39384488464624,43.47732710809182],[-72.39345788596529,43.47752800640447],[-72.39443060075467,43.47768424609172],[-72.39461620932744,43.477347863286425],[-72.39489137047038,43.47704236412804],[-72.39540885071239,43.47687941271109],[-72.39545109806032,43.4767954858776],[-72.39526815224112,43.476715224353974],[-72.395298963664,43.47654345387418],[-72.3950171683149,43.476444042554135],[-72.39506071351998,43.47628094283869],[-72.39490198260422,43.47626877344796],[-72.39505258908993,43.47584248389841],[-72.39477300966347,43.47580158538539],[-72.39511994531267,43.47508688421218],[-72.39437896256074,43.47495567692104]]],[[[-72.3929911854211,43.474736890439594],[-72.39296420564024,43.47492363720257],[-72.39283829075767,43.475797466398404],[-72.39324403097345,43.47591577328759],[-72.39348774109263,43.47614383985711],[-72.39377602627569,43.47628432740978],[-72.39405369142365,43.47631320566984],[-72.39422861748348,43.47501165956867],[-72.3929911854211,43.474736890439594]]],[[[-72.38935106230635,43.47440319967459],[-72.38930126084354,43.474470465012686],[-72.38899486124906,43.47487111755492],[-72.38924215601492,43.47482065887121],[-72.38947382376803,43.47486384778803],[-72.3897280322775,43.475054649264955],[-72.39021011494262,43.475440417017445],[-72.39022319665364,43.47504304537022],[-72.39011359877782,43.47477663562159],[-72.38935106230635,43.47440319967459]]],[[[-72.39137655205755,43.47438109171003],[-72.39133633973749,43.474621128914144],[-72.39112822888737,43.475870460843495],[-72.39237219720326,43.4759527883884],[-72.39258964882417,43.474648401693315],[-72.39137655205755,43.47438109171003]]],[[[-72.40353118807222,43.47413314078982],[-72.40334419920349,43.474163783624924],[-72.40259321268694,43.474248516060435],[-72.4024123409395,43.47431762771939],[-72.4024678345736,43.474635947201705],[-72.40331579937941,43.474776886731256],[-72.40353118807222,43.47413314078982]]],[[[-72.38964637408007,43.474068547434015],[-72.38951111330692,43.47411081992496],[-72.38940456088626,43.47429502806454],[-72.39007723373548,43.47459594577443],[-72.39028934283063,43.47477525708635],[-72.3903788074616,43.47506822839977],[-72.39037151390895,43.4754709486415],[-72.3906805874141,43.47628647316504],[-72.39085781542882,43.47610648176711],[-72.39147193099426,43.476120779373254],[-72.39178409683035,43.476295469829275],[-72.39231371827107,43.476039719567346],[-72.39098941882594,43.47595204111553],[-72.3912549259576,43.47435917734055],[-72.38994956416079,43.47407249585407],[-72.38964637408007,43.474068547434015]]],[[[-72.38458487182065,43.47403272582331],[-72.38453844198258,43.47422791378402],[-72.38432020220982,43.47443774108868],[-72.38564823726868,43.4749797030669],[-72.38539534243986,43.47533815744356],[-72.38629500487322,43.47570064433262],[-72.38696025506601,43.47501054274591],[-72.38458487182065,43.47403272582331]]],[[[-72.40228190423603,43.47328879297974],[-72.4020902462692,43.473820394743115],[-72.40190865016444,43.47433780019125],[-72.40310787534426,43.473887996302714],[-72.40361944612813,43.473524096200556],[-72.40228190423603,43.47328879297974]]],[[[-72.40069959279651,43.47299672343247],[-72.40065047743788,43.47327373891245],[-72.40007847695584,43.47396647358719],[-72.40006529641077,43.47446616322562],[-72.40019715590856,43.47507700758143],[-72.40167030698662,43.47435819982164],[-72.40210043063902,43.47325375863853],[-72.40069959279651,43.47299672343247]]],[[[-72.3866573994161,43.47275786844206],[-72.3861213351904,43.472950928033065],[-72.38547794307668,43.47332256407451],[-72.38507759658414,43.47367796544356],[-72.38473443506358,43.47393564720756],[-72.38716125181185,43.47493036359032],[-72.38769072428762,43.47437136087494],[-72.38775034178661,43.474268311351416],[-72.38755843130883,43.47382376557671],[-72.38703828124075,43.473141422413875],[-72.38697270417558,43.47289017213219],[-72.38679872818875,43.47277488543168],[-72.3866573994161,43.47275786844206]]],[[[-72.40252205717644,43.47262102088665],[-72.40247394353571,43.47275852692836],[-72.40233425930988,43.47315663458585],[-72.40372815602338,43.473412588991984],[-72.40402135673611,43.47289358659606],[-72.40252205717644,43.47262102088665]]],[[[-72.39014361252137,43.47228175704454],[-72.38958602781072,43.47390710283711],[-72.39184700935269,43.47437246636438],[-72.39198418276875,43.47412316759658],[-72.39195651161198,43.474045648611614],[-72.3907203023261,43.47353830456354],[-72.39073453454161,43.47335639857859],[-72.39096637235616,43.47330247307385],[-72.39109870951536,43.47338079591678],[-72.3912183861566,43.473627806283496],[-72.39209215527033,43.4740045689297],[-72.39213136896818,43.47410727384163],[-72.39201579723947,43.474372555670364],[-72.39205506899361,43.474442702917194],[-72.39354229694892,43.47477242706454],[-72.39363074877478,43.474546843771634],[-72.39318250381316,43.47444291913133],[-72.3932096611701,43.47437592529215],[-72.39132428464424,43.472941925138706],[-72.39064286244371,43.472789032413125],[-72.39098947362325,43.47248135864019],[-72.39091169018863,43.472354212833025],[-72.39014361252137,43.47228175704454]]],[[[-72.40318035456019,43.472036088773734],[-72.40271060510773,43.4720972915731],[-72.40256552636545,43.47248941736281],[-72.4040513117608,43.47275796299588],[-72.40419358052837,43.472182998849526],[-72.40318035456019,43.472036088773734]]],[[[-72.40215632023929,43.47188852769418],[-72.40213572289075,43.47220685345001],[-72.402125286544,43.47245127923898],[-72.40237046608497,43.47249804143381],[-72.40247948612303,43.472193926366515],[-72.40215632023929,43.47188852769418]]],[[[-72.40180651906765,43.47086070031049],[-72.4016980526929,43.47225394876506],[-72.4015410111586,43.47263277198725],[-72.40094910160916,43.472760515177576],[-72.4007287723166,43.47286601731375],[-72.40214466765033,43.473125883287246],[-72.40231463372176,43.4726317432721],[-72.4019200218833,43.47256038169351],[-72.40199986689134,43.471429901918576],[-72.40219374477162,43.47143351441628],[-72.40216423949676,43.47176779417351],[-72.40251750735881,43.47208756259286],[-72.40270069352113,43.472016062026164],[-72.40319748026013,43.47195354639946],[-72.40420954481708,43.47210094771089],[-72.40438149575051,43.47131286917141],[-72.4032106651313,43.47119219157434],[-72.40180651906765,43.47086070031049]]],[[[-72.40548409970923,43.469868896619445],[-72.40539004686717,43.47024202025066],[-72.4048150491929,43.470196878877815],[-72.40412603449174,43.473132272809536],[-72.40362218668984,43.47374392156962],[-72.4029831603536,43.47410447862493],[-72.4038385228215,43.47396062155765],[-72.40442097936194,43.473709642689755],[-72.40455190984825,43.47371249467459],[-72.40465607156128,43.47379028594434],[-72.40407221394736,43.47565934596826],[-72.40394863255023,43.4756477100731],[-72.40451567137794,43.473914355556595],[-72.40448141821246,43.47383725535158],[-72.40365635415478,43.47411777618766],[-72.40317273139487,43.47560106569519],[-72.40304876544744,43.4755889361438],[-72.40327931991065,43.474885079239556],[-72.4024753817723,43.47474642726387],[-72.40232358719769,43.475466382553634],[-72.40219927826536,43.47542731881612],[-72.40227048662834,43.475101160566275],[-72.4017287735823,43.47498431619861],[-72.4012764504135,43.475002421066854],[-72.4012970394259,43.47493028993719],[-72.40157556292638,43.47490465195652],[-72.40228644045851,43.4750284636319],[-72.40234846104799,43.47465075288179],[-72.40229679462297,43.47435543162509],[-72.4009762314886,43.47483100091026],[-72.39976312319943,43.47548083315975],[-72.40065681690866,43.47600423707308],[-72.40324815968076,43.47577439993852],[-72.40261998132354,43.47585881421528],[-72.40272742538544,43.47654024441516],[-72.39836245792395,43.47694051004966],[-72.39837109192942,43.47685915716277],[-72.399802015952,43.47672132568799],[-72.39972663221114,43.47629307566338],[-72.39880636078612,43.476190441406864],[-72.39881958194533,43.4761373603602],[-72.399715530613,43.476232379889844],[-72.3997047978827,43.4761825829202],[-72.39922357797994,43.47615185057363],[-72.3983619526953,43.47585918723996],[-72.39788747450412,43.47618533465351],[-72.39764984981107,43.4764611306754],[-72.39733606994864,43.47745567598542],[-72.39814306119645,43.47740113026306],[-72.39885569510511,43.47717962212523],[-72.40265783428724,43.47681879044809],[-72.40317554118037,43.476500395395156],[-72.40522613965607,43.47627216416327],[-72.40485565263803,43.475825605595176],[-72.4048437343234,43.47554410193687],[-72.40544824930423,43.47477796684879],[-72.40556631746391,43.472128376414624],[-72.40509248914988,43.471588201025625],[-72.40566282322936,43.47116787309509],[-72.40566945162615,43.46988508777265],[-72.40548409970923,43.469868896619445]]]]}},{"type":"Feature","properties":{"OBJECT_ID":1270,"County":"Windsor","RPC":"MARC","Municipal_Name":"Windsor ","GEO_ID":"5002784925","District_Name":"Industrial","Abbreviated_District_Name":"Ind","District_Type":"Nonresidential","Bylaw_Date":null,"Elderly_Housing_District":"No","District_Mapped":"Yes","Overlay_District":"No","Base_Density":null,"GIS_ID":null,"Last_Update":null,"Shape_Length":9833.207299815534,"Shape_Area":686924.3406683736,"F1F_Allowance":"Prohibited","F1F_Front_Setback":null,"F1F_Side_Setback":null,"F1F_Rear_Setback":null,"F1F_Frontage":null,"F1F_Max_Height":null,"F1F_Max_Stories":null,"F1F_Min_Lot_Size":null,"F1F_Max_Lot_Building_Coverage":null,"F1F_Max_Lot_Impervious_Coverage":null,"F1F_Min_Parking_Spaces":null,"F1F_Elderly_Housing_Only":null,"F1F_Affordable_Housing_Only":null,"F2F_Allowance":"Prohibited","F2F_Front_Setback":null,"F2F_Side_Setback":null,"F2F_Rear_Setback":null,"F2F_Frontage":null,"F2F_Max_Density":null,"F2F_Max_Height":null,"F2F_Max_Stories":null,"F2F_Min_Lot_Size":null,"F2F_Max_Lot_Building_Coverage":null,"F2F_Max_Lot_Impervious_Coverage":null,"F2F_Min_Parking_Spaces_per_1BR":null,"F2F_Min_Parking_Spaces_per_mult_BR":null,"F2F_Elderly_Housing_Only":null,"F2F_Affordable_Housing_Only":null,"F3F_Allowance":"Prohibited","F3F_Front_Setback":null,"F3F_Side_Setback":null,"F3F_Rear_Setback":null,"F3F_Frontage":null,"F3F_Max_Density":null,"F3F_Max_Height":null,"F3F_Max_Stories":null,"F3F_Min_Lot_Size":null,"F3F_Max_Lot_Building_Coverage":null,"F3F_Max_Lot_Impervious_Coverage":null,"F3F_Min_Parking_Spaces_per_1BR":null,"F3F_Min_Parking_Spaces_per_mult_BR":null,"F3F_Affordable_Housing_Only":null,"F3F_Proximity_to_Public_Transit_Required":null,"F3F_Connection_to_Sewage/Water_Required":null,"F4F_Allowance":"Prohibited","F4F_Front_Setback":null,"F4F_Side_Setback":null,"F4F_Rear_Setback":null,"F4F_Frontage":null,"F1F_Max_Density":null,"F4F_Max_Density":null,"F4F_Max_Height":null,"F4F_Max_Stories":null,"F4F_Min_Lot_Size":null,"F4F_Max_Lot_Building_Coverage":null,"F4F_Max_Lot_Impervious_Coverage":null,"F4F_Min_Parking_Spaces_per_1BR":null,"F4F_Min_Parking_Spaces_per_mult_BR":null,"F3F_Elderly_Housing_Only":null,"F4F_Elderly_Housing_Only":null,"F4F_Affordable_Housing_Only":null,"F4F_Proximity_to_Public_Transit_Required":null,"F4F_Connection_to_Sewage/Water_Required":null,"ADU_Allowance":"Allowed/Conditional","ADU_Elderly_Housing_Only":"No","ADU_Max_Size_as_Percent_of_Primary_Strcture":30.0,"ADU_Max_Size_in_sq_ft":null,"ADU_Min_Lot_Size":0.92,"ADU_Max_Bedrooms":null,"ADU_Min_Parking_Spaces":2.0,"ADU_Owner_Occupancy_Required":"Yes","ADU_Renter_Occupancy_Prohibited":"No","ADU_Employee_or_Family_Occupancy_Required":"No","ADU_Restricted_to_Primary_Structure":"No","Affordable_Housing_Allowance":"Not Mentioned","Affordable_Housing_District":"No","Affordable_Housing_Elderly_Only":null,"Affordable_Housing_Min_Lot_Size":null,"Affordable_Housing_Max_Density":null,"Affordable_Housing_Min_Parking_Spaces_per_mult_BR":null,"Affordable_Housing_Max_Units_per_Building":null,"Affordable_Housing_Min_Parking_Spaces_per_1BR":null,"PRD_Allowance":"Public Hearing","PRD_Max_Density":null,"PRD_Max_Units":null,"PRD_Min_Lot_Size":null,"PRD_Mobile_or_Manufactured_Home_Park":"No","PUD_Allowance":null,"PUD_Required_with_Subdivision":null,"PUD_Requires_Land_Conservation":null,"PUD_Threshold_Number":null,"Notes":"None","FIPS6":null},"geometry":{"type":"MultiPolygon","coordinates":[[[[-72.39656242282342,43.50347268740611],[-72.39663127449072,43.504112102579526],[-72.39558132821067,43.506810889805166],[-72.39564540628524,43.506852858807164],[-72.3961957038182,43.50685568016078],[-72.39682731143246,43.5069935172062],[-72.39756488135649,43.5082317488848],[-72.39792511671483,43.50842742080968],[-72.39912574160452,43.50941606599733],[-72.40065643377937,43.51135902097424],[-72.40069381317063,43.51166114960909],[-72.40118600131753,43.512959268439886],[-72.40114725187422,43.5130209764112],[-72.40127493255281,43.51388363545097],[-72.40129273814489,43.51481567542352],[-72.40122310555275,43.51485415036383],[-72.40115448228246,43.51545856473805],[-72.400955168429,43.51609268077539],[-72.40012702293784,43.51788329963447],[-72.40036841462779,43.51822913394203],[-72.39993446137152,43.51816237267831],[-72.39977039211074,43.51850778157155],[-72.39987090294753,43.51873212214256],[-72.39916639459378,43.51992454115143],[-72.40124487125095,43.520131720853456],[-72.40213722538086,43.51888984373975],[-72.40350316450306,43.516732734809494],[-72.40361028954042,43.516451333444955],[-72.40382016262097,43.51523553138301],[-72.40372679811252,43.51512926984661],[-72.40327519873001,43.5140228910638],[-72.40301115107412,43.514068375371586],[-72.4022444926274,43.51469568257043],[-72.40203533688893,43.51497179189513],[-72.40185327591529,43.51569924036488],[-72.40196319253944,43.515846163411865],[-72.40209300733663,43.51587777812659],[-72.40209665138936,43.51601448387465],[-72.40186481773917,43.51597103805323],[-72.40169538734828,43.51581914111975],[-72.40165814272625,43.515667779841536],[-72.40176382781134,43.51508646208967],[-72.4019397875273,43.51478486908139],[-72.40281843549273,43.51397756898238],[-72.40315518630061,43.51390619773787],[-72.40322642367225,43.51382946872502],[-72.40262621003126,43.51238071167568],[-72.40253862101025,43.512292385830555],[-72.40234934901845,43.5122274594388],[-72.40195268843289,43.51230742513897],[-72.40190652885144,43.51217258204356],[-72.4022718841548,43.51209188587138],[-72.40250298462719,43.51210157561239],[-72.40271033851072,43.51221827379931],[-72.40282181264517,43.512354578953655],[-72.40386385128559,43.51498325936425],[-72.40389271897074,43.51481521790153],[-72.40360396834508,43.512652274062916],[-72.40222019448485,43.51083402169741],[-72.40233955090363,43.5082369805702],[-72.40190519099967,43.507032303436155],[-72.40137812069518,43.506528846584416],[-72.39850735547601,43.50436700691155],[-72.39656242282342,43.50347268740611]]],[[[-72.40176126874731,43.42948098639771],[-72.40178480294784,43.430589974852985],[-72.40167931602556,43.431855738314034],[-72.40180932850265,43.43237053184597],[-72.40211008840815,43.43303553735992],[-72.40219503690831,43.4295417890968],[-72.40176126874731,43.42948098639771]]],[[[-72.39932167682059,43.4291389666252],[-72.39806936029535,43.43137889326713],[-72.39723110295266,43.43248092263399],[-72.39865476152133,43.43260251210948],[-72.39849542507093,43.43579263689011],[-72.39973302275904,43.43573648963697],[-72.39992475784776,43.43556500437001],[-72.40026048595688,43.43561796144122],[-72.40138211676046,43.43542435600121],[-72.40196902409795,43.43553934770052],[-72.4020024518861,43.43443856589155],[-72.40152831175767,43.43405364134206],[-72.40125553995071,43.43374279709634],[-72.40108510613655,43.433401451317614],[-72.40103078947838,43.43309916359113],[-72.40107911664161,43.43257580334973],[-72.40157201259257,43.430667426659916],[-72.40160995224461,43.430119726970496],[-72.40155465093201,43.42945202219877],[-72.39932167682059,43.4291389666252]]],[[[-72.39621666415171,43.42865754577542],[-72.3959291983088,43.43046046790042],[-72.39598208275335,43.43271227901458],[-72.39666040416915,43.43284002770458],[-72.39778336996216,43.431371536111676],[-72.39904926144813,43.429097423878034],[-72.39621666415171,43.42865754577542]]]]}},{"type":"Feature","properties":{"OBJECT_ID":1272,"County":"Windsor","RPC":"MARC","Municipal_Name":"Windsor ","GEO_ID":"5002784925","District_Name":"Medium Density Residential","Abbreviated_District_Name":"Mdr","District_Type":"Primarily Residential","Bylaw_Date":null,"Elderly_Housing_District":"No","District_Mapped":"Yes","Overlay_District":"No","Base_Density":null,"GIS_ID":null,"Last_Update":null,"Shape_Length":62559.819366529126,"Shape_Area":5238016.883773016,"F1F_Allowance":"Permitted","F1F_Front_Setback":null,"F1F_Side_Setback":null,"F1F_Rear_Setback":null,"F1F_Frontage":null,"F1F_Max_Height":40.0,"F1F_Max_Stories":null,"F1F_Min_Lot_Size":null,"F1F_Max_Lot_Building_Coverage":null,"F1F_Max_Lot_Impervious_Coverage":null,"F1F_Min_Parking_Spaces":2.0,"F1F_Elderly_Housing_Only":null,"F1F_Affordable_Housing_Only":null,"F2F_Allowance":"Permitted","F2F_Front_Setback":null,"F2F_Side_Setback":null,"F2F_Rear_Setback":null,"F2F_Frontage":null,"F2F_Max_Density":null,"F2F_Max_Height":40.0,"F2F_Max_Stories":null,"F2F_Min_Lot_Size":null,"F2F_Max_Lot_Building_Coverage":null,"F2F_Max_Lot_Impervious_Coverage":null,"F2F_Min_Parking_Spaces_per_1BR":2.0,"F2F_Min_Parking_Spaces_per_mult_BR":2.0,"F2F_Elderly_Housing_Only":"No","F2F_Affordable_Housing_Only":"No","F3F_Allowance":"Public Hearing","F3F_Front_Setback":null,"F3F_Side_Setback":null,"F3F_Rear_Setback":null,"F3F_Frontage":null,"F3F_Max_Density":null,"F3F_Max_Height":40.0,"F3F_Max_Stories":null,"F3F_Min_Lot_Size":null,"F3F_Max_Lot_Building_Coverage":null,"F3F_Max_Lot_Impervious_Coverage":null,"F3F_Min_Parking_Spaces_per_1BR":2.0,"F3F_Min_Parking_Spaces_per_mult_BR":2.0,"F3F_Affordable_Housing_Only":"No","F3F_Proximity_to_Public_Transit_Required":"No","F3F_Connection_to_Sewage/Water_Required":"Yes","F4F_Allowance":"Public Hearing","F4F_Front_Setback":null,"F4F_Side_Setback":null,"F4F_Rear_Setback":null,"F4F_Frontage":null,"F1F_Max_Density":null,"F4F_Max_Density":null,"F4F_Max_Height":40.0,"F4F_Max_Stories":null,"F4F_Min_Lot_Size":null,"F4F_Max_Lot_Building_Coverage":null,"F4F_Max_Lot_Impervious_Coverage":null,"F4F_Min_Parking_Spaces_per_1BR":2.0,"F4F_Min_Parking_Spaces_per_mult_BR":2.0,"F3F_Elderly_Housing_Only":"No","F4F_Elderly_Housing_Only":"No","F4F_Affordable_Housing_Only":"No","F4F_Proximity_to_Public_Transit_Required":"No","F4F_Connection_to_Sewage/Water_Required":"Yes","ADU_Allowance":"Allowed/Conditional","ADU_Elderly_Housing_Only":"No","ADU_Max_Size_as_Percent_of_Primary_Strcture":30.0,"ADU_Max_Size_in_sq_ft":null,"ADU_Min_Lot_Size":null,"ADU_Max_Bedrooms":null,"ADU_Min_Parking_Spaces":2.0,"ADU_Owner_Occupancy_Required":"Yes","ADU_Renter_Occupancy_Prohibited":"No","ADU_Employee_or_Family_Occupancy_Required":"No","ADU_Restricted_to_Primary_Structure":"No","Affordable_Housing_Allowance":"Not Mentioned","Affordable_Housing_District":"No","Affordable_Housing_Elderly_Only":null,"Affordable_Housing_Min_Lot_Size":null,"Affordable_Housing_Max_Density":null,"Affordable_Housing_Min_Parking_Spaces_per_mult_BR":null,"Affordable_Housing_Max_Units_per_Building":null,"Affordable_Housing_Min_Parking_Spaces_per_1BR":null,"PRD_Allowance":"Public Hearing","PRD_Max_Density":null,"PRD_Max_Units":null,"PRD_Min_Lot_Size":null,"PRD_Mobile_or_Manufactured_Home_Park":"No","PUD_Allowance":null,"PUD_Required_with_Subdivision":null,"PUD_Requires_Land_Conservation":null,"PUD_Threshold_Number":null,"Notes":"  This District Has 3 Classes: (1) Municipal Sewer And Municipal Or Public Water (2) Municipal Sewer And Individual Water (3) Individual Sewer And Individual, Municipal, Or Public Water","FIPS6":null},"geometry":{"type":"MultiPolygon","coordinates":[[[[-72.39836849922254,43.44106113084461],[-72.39849736892968,43.441561298584205],[-72.39853916123873,43.442192903267966],[-72.39778112012218,43.44234192390596],[-72.39759112389667,43.44123181135318],[-72.39836849922254,43.44106113084461]]],[[[-72.40008738716021,43.44370342784277],[-72.40002445261965,43.44370103345198],[-72.39948795433408,43.44526830701434],[-72.39921454731363,43.44531610169333],[-72.39891468266778,43.445264638723245],[-72.3994150718039,43.44382182144879],[-72.39987300244746,43.44214013793309],[-72.39971635888365,43.44208964035014],[-72.39963303556256,43.441109998572244],[-72.3994601980131,43.441048111707524],[-72.39952897592678,43.44124266642966],[-72.39961191209548,43.44244882991356],[-72.3992864132401,43.44365461340507],[-72.39849199969942,43.44361502081777],[-72.3987737595826,43.44248745384131],[-72.39881265642198,43.44207667209409],[-72.39871289488869,43.44125545541051],[-72.39848533276444,43.44067946134024],[-72.39921603949355,43.44069999740978],[-72.39952225582564,43.4406425427178],[-72.39976955532433,43.44072539986946],[-72.4001293558883,43.44095233841923],[-72.40018785048657,43.44105914360577],[-72.40027243658793,43.44197106531752],[-72.4004603110922,43.44228704384117],[-72.40008738716021,43.44370342784277]]],[[[-72.39922010888144,43.44382852124763],[-72.39871852685526,43.44528822988917],[-72.39809098688671,43.445177354805615],[-72.39822297937842,43.444731636664606],[-72.39870826208194,43.44380291632584],[-72.39922010888144,43.44382852124763]]],[[[-72.41712914773902,43.450950684097656],[-72.41729682723594,43.45114974057178],[-72.4174612086779,43.452355732794004],[-72.41668691973118,43.450775063668786],[-72.41656219165657,43.45051731266002],[-72.41712914773902,43.450950684097656]]],[[[-72.41533367539951,43.45298895723083],[-72.4144184104197,43.45285002540073],[-72.4136896876043,43.45295349798468],[-72.4123498122063,43.453548861735946],[-72.41096845971819,43.454506547963895],[-72.41027603748036,43.45485030309171],[-72.40978177048113,43.45461187941848],[-72.40899425309597,43.45398975240659],[-72.40874542742021,43.45307554244892],[-72.40797036672633,43.45240665476376],[-72.40801245823445,43.45164383844526],[-72.41155289065526,43.45169078732215],[-72.41284220045539,43.45294819893817],[-72.41394244373271,43.452507276410245],[-72.41393647851721,43.452083875629214],[-72.41442644658154,43.45208657640831],[-72.41525693227194,43.45043969139468],[-72.41573447737555,43.449077576447245],[-72.4159667243619,43.44976591034861],[-72.41736390190549,43.45263933207704],[-72.41717455506296,43.45275847222135],[-72.41661063308197,43.45291444743907],[-72.41600086740753,43.452990866927045],[-72.41533367539951,43.45298895723083]]],[[[-72.40875770822343,43.45492828163826],[-72.4087090564397,43.45441884485488],[-72.40851725173995,43.45410027968846],[-72.4085238123317,43.45380286268391],[-72.40852823732574,43.453800085785424],[-72.40965381275102,43.45471043217748],[-72.41060746590459,43.455274467296874],[-72.40996434594396,43.455170520407435],[-72.40908445338145,43.455127345402886],[-72.408839399476,43.455039386966185],[-72.40875770822343,43.45492828163826]]],[[[-72.42096037431057,43.453135862640366],[-72.42324221844996,43.45496146623562],[-72.4253484870624,43.45678691374367],[-72.42613849542597,43.45736344244541],[-72.42789464936034,43.45822858130659],[-72.42850887262809,43.45890099440682],[-72.43127419190371,43.46091872485422],[-72.43166939771606,43.46107898294109],[-72.43272365516583,43.46117559107684],[-72.43391448266064,43.461659982025616],[-72.43361449900902,43.46397815624663],[-72.4317640895982,43.463209443344574],[-72.43144387121532,43.46314808768428],[-72.43041608999893,43.46310700615594],[-72.4298066396615,43.462830918902576],[-72.42709462239627,43.460869566820804],[-72.42592193459254,43.45986267108938],[-72.42539212163177,43.45957373116185],[-72.4241609557685,43.45905114635371],[-72.41855166117656,43.454283380005286],[-72.41817233400758,43.45383854337076],[-72.41769985843725,43.45289625860914],[-72.41748566683634,43.4511226621631],[-72.41722622517042,43.45082229341968],[-72.41645442892099,43.45026682068481],[-72.4161578090191,43.44977892757881],[-72.41598474289735,43.449288942633395],[-72.41553826974682,43.44734419455553],[-72.41697092494393,43.44740487872293],[-72.41859578803738,43.447598062065964],[-72.4186383691789,43.4485901066863],[-72.41960221604917,43.450446850554336],[-72.42047814429192,43.45239952219231],[-72.42096037431057,43.453135862640366]]],[[[-72.419762738194,43.45733611108096],[-72.41556483377477,43.45639879618907],[-72.41421395674412,43.45627831390985],[-72.41363810485734,43.45610214768116],[-72.41324486340557,43.45594271704129],[-72.41329895617486,43.455655007579644],[-72.41291469809103,43.45488899629811],[-72.4129968270792,43.45470347878047],[-72.41290892503716,43.454604313435766],[-72.4127626510587,43.45456467724295],[-72.41256488179607,43.45462502344946],[-72.4125017179542,43.45477347787023],[-72.41277937107476,43.45502614182245],[-72.41312166088309,43.455694106979955],[-72.41307893804584,43.455876846173574],[-72.41050219489165,43.45491793360014],[-72.41112587452014,43.454588520051246],[-72.41244424075062,43.45367008970811],[-72.41374548104159,43.453085399831664],[-72.41444448302907,43.45298824323461],[-72.41533502552494,43.4531273545761],[-72.41606283707245,43.45312480732715],[-72.41677419071607,43.453022582438756],[-72.4174146082622,43.45282712257183],[-72.41797419566088,43.45388699382944],[-72.4182104594234,43.454191574654985],[-72.42371481640357,43.45885998607379],[-72.42373557180615,43.458941519157456],[-72.42025212711974,43.457498873557874],[-72.419762738194,43.45733611108096]]],[[[-72.4255709770361,43.45983001769667],[-72.425915144618,43.46005288571664],[-72.42709628941054,43.46109474888307],[-72.42713234387737,43.46193095171538],[-72.4272846891809,43.462740578920034],[-72.42742308585711,43.46294158445293],[-72.42851243358496,43.46395123042098],[-72.42880501582329,43.465046376950994],[-72.4280845447523,43.46471506543925],[-72.42704284935002,43.4640346405916],[-72.42494689404005,43.46251430700041],[-72.42393983483768,43.46165919505705],[-72.42390904135932,43.46134250209146],[-72.42368969138627,43.461172279568665],[-72.42335420971024,43.461117997402894],[-72.42287953794829,43.46115323615061],[-72.41851504586135,43.45940208369826],[-72.41485370418026,43.45859779112366],[-72.4146103859908,43.45859254568437],[-72.41461049161049,43.45851836600571],[-72.41459984654047,43.458095136832085],[-72.4144283412649,43.45786265904336],[-72.41428675183461,43.45776846643147],[-72.41389072135972,43.45767613188044],[-72.41356123855712,43.45748030585631],[-72.41286116745252,43.45667756236877],[-72.41220606369598,43.45603770305441],[-72.41177636449602,43.45573259631099],[-72.41080953450636,43.455189472044545],[-72.41406977015522,43.45639459335442],[-72.41557313177829,43.456541134755234],[-72.41983856778053,43.4575068987135],[-72.423724939928,43.45909607692028],[-72.42496815916927,43.459549890733186],[-72.4255709770361,43.45983001769667]]],[[[-72.4332633990382,43.46398889989927],[-72.43377739816087,43.46420798972111],[-72.4336059156484,43.46454707430763],[-72.43461129362923,43.4671076144301],[-72.43081892638459,43.465402016924585],[-72.42991097688541,43.46533592900298],[-72.4290198235184,43.465130576940744],[-72.42868743025588,43.46389593714498],[-72.42758651950709,43.46287037070261],[-72.42746354564842,43.462691066852855],[-72.42731427030571,43.46189878331485],[-72.42729307628913,43.46121835642569],[-72.42955251501928,43.46284925715374],[-72.43002835808679,43.46312126940783],[-72.4305077988257,43.46326718213133],[-72.43130756269409,43.46327237830565],[-72.43162918420569,43.46332054140281],[-72.4332633990382,43.46398889989927]]],[[[-72.40566945162615,43.46988508777265],[-72.40548409970923,43.469868896619445],[-72.40539004686717,43.47024202025066],[-72.4048150491929,43.470196878877815],[-72.40510089934428,43.46893098372989],[-72.4050704405427,43.46839857211287],[-72.40514479647278,43.46703222603113],[-72.4050926700795,43.46703184344033],[-72.4050172082563,43.46836574600844],[-72.40453306575701,43.46728262278408],[-72.40459789449228,43.46608286343419],[-72.40533067157887,43.46597503107217],[-72.40526170033915,43.46636196616099],[-72.4054972808248,43.466367848868494],[-72.4054782620013,43.467415411402385],[-72.40556160156214,43.46895535568201],[-72.40568383933059,43.46932182172167],[-72.40566945162615,43.46988508777265]]],[[[-72.40435108619054,43.4673290242643],[-72.40488263589711,43.468477316743204],[-72.4049255518351,43.46869274175904],[-72.40438149575051,43.47131286917141],[-72.4032106651313,43.47119219157434],[-72.40180651906765,43.47086070031049],[-72.4016980526929,43.47225394876506],[-72.4015410111586,43.47263277198725],[-72.40094910160916,43.472760515177576],[-72.4007287723166,43.47286601731375],[-72.40069959279651,43.47299672343247],[-72.40065047743788,43.47327373891245],[-72.40007847695584,43.47396647358719],[-72.40006529641077,43.47446616322562],[-72.40019715590856,43.47507700758143],[-72.39929623888213,43.474959624297085],[-72.3996804434009,43.474562786579945],[-72.39968228525164,43.47415092391303],[-72.39987140494192,43.47329937040452],[-72.3999395317029,43.473203508403905],[-72.40018030719574,43.473115389596686],[-72.40042736084975,43.47272146459509],[-72.4009964397187,43.47238547640978],[-72.40110599214792,43.47223951542424],[-72.40098335085294,43.4718890590274],[-72.40062767498208,43.47162801032147],[-72.4005136132835,43.47147368867672],[-72.4003097195836,43.47098127517339],[-72.40029782417366,43.470697723981324],[-72.40014511057821,43.47056707614987],[-72.3999610611053,43.47022466407652],[-72.40014130329686,43.46982356927935],[-72.40013456674488,43.468990193969184],[-72.40020681880402,43.46850124958047],[-72.40033156369522,43.46826556541343],[-72.40027519088834,43.468018762689795],[-72.40041181569067,43.46784491083819],[-72.4003706020847,43.46777243701049],[-72.39954362525376,43.4678493477677],[-72.39904993835724,43.46815312043222],[-72.39898338922968,43.468464869574476],[-72.39922905780477,43.468665848013956],[-72.39942744067486,43.468976919637335],[-72.39936566231866,43.468972499767816],[-72.39906544862298,43.46858068680584],[-72.39884353614855,43.468489566399285],[-72.398802883789,43.46831710321189],[-72.39893850838658,43.468051481819316],[-72.3991578411636,43.46783424555631],[-72.3998804757814,43.46756385914278],[-72.40075507029609,43.46742019122148],[-72.4016898277616,43.46756044687755],[-72.40195642676814,43.46748620268966],[-72.4020878751687,43.46739024866594],[-72.40240216366699,43.466716783397196],[-72.4025034513882,43.466170682810805],[-72.40202509837188,43.46560757085731],[-72.40205801352899,43.46555717502757],[-72.40194547832238,43.46541664110265],[-72.4019481636272,43.46494338841696],[-72.40206783894658,43.46450018342617],[-72.4022928921093,43.46407078690496],[-72.4027764725586,43.46352819010619],[-72.4033303755727,43.46321186311087],[-72.40370738701235,43.462657906401674],[-72.40386276531595,43.462319653211196],[-72.40384137972936,43.46265421169568],[-72.40365229556585,43.46305242593959],[-72.40363018776237,43.46336230907459],[-72.40398532147688,43.46418480412361],[-72.4043942480714,43.465920325663966],[-72.40435108619054,43.4673290242643]]],[[[-72.40399932222344,43.4851053311132],[-72.40356725345774,43.48497495016576],[-72.4027867368654,43.48483525103661],[-72.40090030936312,43.48418036285133],[-72.39959065284499,43.48353416844074],[-72.3999408326995,43.483183148306814],[-72.399450134374,43.483011281220534],[-72.39975013529478,43.4828676628678],[-72.40005808421726,43.48282840702661],[-72.40044380368667,43.482469832980556],[-72.39883234055864,43.48168764330275],[-72.39924224617198,43.48119049465245],[-72.39907315276606,43.480431304859145],[-72.40465865384904,43.480502397313984],[-72.40459268380724,43.479954556235796],[-72.40572443821424,43.47998052773119],[-72.4059495964591,43.48174477432862],[-72.40566950443935,43.48202146271848],[-72.40611524018931,43.48255049357862],[-72.40579698769119,43.48499445264252],[-72.40399932222344,43.4851053311132]]],[[[-72.406160121482,43.48799504627028],[-72.40703710184025,43.49024757040618],[-72.4072484159897,43.49201912865993],[-72.40763032254954,43.492918826441326],[-72.40988548086565,43.49631225986956],[-72.40981277342004,43.4966120465581],[-72.41013632479222,43.496774755417555],[-72.41036428988157,43.497301545674596],[-72.41049286123184,43.49788321162662],[-72.41048889612513,43.498475715346615],[-72.4104348391456,43.49897431261249],[-72.41023069974844,43.49905530755621],[-72.40960568705037,43.49841067944036],[-72.40940172383492,43.49812212790823],[-72.40888843874697,43.49668128416976],[-72.40861132934072,43.4962214345934],[-72.40736926726878,43.495362542690394],[-72.40670084802801,43.494607038835014],[-72.40552731750755,43.49369013313127],[-72.4052018014147,43.493328575825466],[-72.40483372020981,43.49274902935005],[-72.40571312198776,43.49246882660983],[-72.40580212917156,43.49237939639214],[-72.40602840885187,43.491708017234146],[-72.4059147335457,43.491518539291434],[-72.40591108435504,43.491383665683],[-72.4057373512269,43.49130538461403],[-72.40562064070615,43.491329008772304],[-72.40556370648798,43.49141902612225],[-72.40559909571911,43.49151772468697],[-72.40578207399334,43.491609853571866],[-72.40583949990547,43.49170460615848],[-72.4056178867007,43.49234413863791],[-72.4047408707833,43.49258842221719],[-72.4042711146804,43.49157785469292],[-72.40390305150609,43.490519663275336],[-72.40351749479571,43.48978342193673],[-72.40303500189168,43.48926952440595],[-72.40169902050258,43.488334894972006],[-72.40090001199295,43.48720345228389],[-72.40077784382257,43.48678569170209],[-72.40076947465018,43.485518367270515],[-72.40062734108652,43.485272704352944],[-72.40009928224944,43.48478203923076],[-72.39988842406883,43.48450640842756],[-72.39966023155178,43.4839799127526],[-72.39978522397932,43.483845430612384],[-72.40069731108767,43.48429903295823],[-72.40230301487198,43.48488293766697],[-72.40391792978933,43.48527015829082],[-72.40513579632892,43.48612642010408],[-72.40599614390254,43.486360876897926],[-72.406160121482,43.48799504627028]]],[[[-72.40549145520582,43.49389248538092],[-72.40632930928697,43.49451038265905],[-72.40616350743586,43.494539428057614],[-72.40576096737632,43.49449943667707],[-72.4048617745925,43.494326335851945],[-72.40387964585811,43.49431075640665],[-72.40368161306704,43.494206233623665],[-72.40311602611285,43.49368440530689],[-72.40284463627846,43.49354719644785],[-72.40223053545358,43.493414949233525],[-72.4014053493887,43.49336228045177],[-72.40102391582208,43.492940998763395],[-72.40047629411913,43.491621106060265],[-72.40026538354807,43.49136335139011],[-72.40005306911137,43.49125627782184],[-72.40231885874329,43.49110809043479],[-72.40173933964356,43.49015235806392],[-72.40153879812776,43.48969256199891],[-72.40253189233091,43.48909174921528],[-72.40306782890127,43.48951448308438],[-72.40342566418958,43.48994978979868],[-72.40370794925602,43.49051752522039],[-72.40436850805658,43.4922825578342],[-72.40510417949102,43.49348747467488],[-72.40549145520582,43.49389248538092]]],[[[-72.4001407943158,43.49147319929656],[-72.40036937369369,43.49179525857465],[-72.40076486081271,43.49282848005881],[-72.40064544826883,43.49284271141061],[-72.40067543300331,43.49293274958484],[-72.39956260978353,43.493230567715486],[-72.39821711948716,43.49334132922188],[-72.39798132875914,43.49340217039511],[-72.39780807050755,43.49351051322061],[-72.39714705426913,43.49416115145246],[-72.39691085955899,43.49422802343631],[-72.39687740197014,43.49436317073956],[-72.39699893657263,43.494471001906064],[-72.39714456285242,43.49448322137259],[-72.39726985268484,43.49442716667493],[-72.39729141581287,43.49424075220827],[-72.39794160626172,43.49359642941393],[-72.39810944398374,43.49349931214482],[-72.39957011958414,43.49336327292322],[-72.40086957004644,43.493054993651505],[-72.4010295651057,43.49327313093805],[-72.40131858763384,43.49349075834386],[-72.40229675134375,43.493562113289315],[-72.4028880082652,43.49372597577078],[-72.40361992435302,43.49437009400737],[-72.40376391812414,43.494436254942464],[-72.40479355922075,43.49445975085176],[-72.40656234488036,43.49471906957294],[-72.40722578337518,43.495452782292524],[-72.40816027629913,43.496066743397634],[-72.40850872453493,43.4963594796072],[-72.40874681327827,43.496816883312555],[-72.40925271170381,43.49829178166553],[-72.40948165907076,43.498667895390106],[-72.40939772290928,43.49872399620094],[-72.41014081628136,43.499472447853535],[-72.4098441961076,43.500159751110516],[-72.40760732084033,43.50394970476903],[-72.40689905614258,43.50440684719213],[-72.40652188689414,43.5059182137352],[-72.40437909044027,43.50614638355738],[-72.40385766018521,43.503056430169444],[-72.40105600560386,43.50334241926874],[-72.39978517249625,43.50373496656822],[-72.39888369902093,43.50439047834032],[-72.39827107057793,43.504015549449534],[-72.39651607478457,43.5032317998873],[-72.39561295266896,43.50258734329507],[-72.39485940285086,43.50193906208016],[-72.39456209881777,43.501802863048056],[-72.39425846432182,43.50174716969577],[-72.3942681469634,43.50062794870771],[-72.39450158815252,43.500596869577095],[-72.39359941364431,43.49922549494613],[-72.39343924029633,43.49824528288822],[-72.39304694824425,43.49830315415904],[-72.39319122074335,43.4982232582083],[-72.39324397952556,43.4980974371568],[-72.39297230882205,43.49746267396777],[-72.3928961106935,43.49685257161162],[-72.39280255886794,43.49579001802897],[-72.39289137273192,43.494731492979746],[-72.39279224191374,43.49463351298514],[-72.39253969625467,43.494554243288114],[-72.392452953182,43.4944446552079],[-72.39247255149219,43.493418640747656],[-72.39260664962,43.493401889834885],[-72.39231889009756,43.49270417424187],[-72.39301440040926,43.49200571323799],[-72.39375840474688,43.49163060204535],[-72.39451604251845,43.4909593158996],[-72.39513235411917,43.490693589834635],[-72.39534908971682,43.49069631408603],[-72.3962521074851,43.491298154993835],[-72.39682434428099,43.49149425263599],[-72.3976331967492,43.4915876551502],[-72.39980948823847,43.4913643444091],[-72.4001407943158,43.49147319929656]],[[-72.39534294841143,43.50096113542814],[-72.39557423383637,43.50106064432941],[-72.39669113749994,43.50118724920177],[-72.39700955603449,43.501403983048746],[-72.39704066433292,43.50174316944841],[-72.39722810485414,43.501727220846],[-72.39716922597746,43.501129940403935],[-72.39704304991253,43.50079334624702],[-72.39559516125205,43.49900933792738],[-72.39498349992955,43.497442387215976],[-72.39480759210221,43.4972802142713],[-72.39456352443881,43.497203900213876],[-72.39428648435276,43.49720399636649],[-72.39401702109787,43.49729178956147],[-72.39379488661635,43.49748974013039],[-72.39376170841805,43.497681272723305],[-72.3952430641743,43.50084733318155],[-72.39534294841143,43.50096113542814]]],[[[-72.39570481970665,43.44784647602344],[-72.39621877170212,43.44665917045072],[-72.39714501860955,43.44502362768061],[-72.3977303803463,43.442669162575065],[-72.39846680509099,43.442749850368855],[-72.39785486342743,43.4450926714445],[-72.39696019765064,43.446786678181425],[-72.39591846686564,43.4493284798563],[-72.39518121778573,43.449235191441225],[-72.39570481970665,43.44784647602344]]],[[[-72.39521685150517,43.4607979191661],[-72.3951710413041,43.460936248129336],[-72.39606419825454,43.460950435411014],[-72.39583481185053,43.46208119824149],[-72.39596494472666,43.46208392341878],[-72.3960697603437,43.46289594228701],[-72.3955866697624,43.46288789359771],[-72.39545669524351,43.462348349110655],[-72.39509331548986,43.46234585156843],[-72.39509628093123,43.46241821217555],[-72.39534338711216,43.462438969158626],[-72.39546837921135,43.4629579093405],[-72.39594220635882,43.46296142255737],[-72.39598991149704,43.463294790330416],[-72.39548329357929,43.46349362940636],[-72.39471393561679,43.463998957970766],[-72.3941923685701,43.464126175763546],[-72.39397322853829,43.46356453413388],[-72.39372010424569,43.46278731519295],[-72.39342080015567,43.462147265935094],[-72.39338313067613,43.46182290926352],[-72.39345104828298,43.46141116317327],[-72.39408388656376,43.45946013160895],[-72.39424905735036,43.45863752131828],[-72.39485124391304,43.45851958990933],[-72.39582246033392,43.458483624766245],[-72.39589493907192,43.45922946766589],[-72.39475853510181,43.45988353184051],[-72.39473277836734,43.460033985562376],[-72.3958923779087,43.45936609371087],[-72.39583623310148,43.4608070630625],[-72.39521685150517,43.4607979191661]]],[[[-72.39315098930695,43.4623005932909],[-72.39348157721666,43.46293883256138],[-72.39415008420687,43.46467736891143],[-72.39413329387567,43.465231078893204],[-72.39404695420536,43.46557653132633],[-72.39347659340893,43.46687947134083],[-72.39328142037883,43.4678426246695],[-72.39336323462034,43.46787540098675],[-72.39334265315883,43.46794064856406],[-72.39301252215351,43.46855282616992],[-72.39190113764266,43.46805770136632],[-72.39237963109086,43.46762602562927],[-72.39272255222073,43.46719944587565],[-72.39293621811778,43.466706341397334],[-72.39307580840286,43.46595824780043],[-72.39306631669548,43.46563757832248],[-72.39285744027752,43.464959560383484],[-72.39287270530284,43.46440910842512],[-72.39279085648094,43.463955330596704],[-72.39263803787065,43.463462097344156],[-72.3920786429193,43.462498237438886],[-72.39192671952651,43.45889913505654],[-72.3916855955859,43.45726491793653],[-72.39284221067354,43.45761838761627],[-72.39318667633034,43.45759719458318],[-72.3931414797039,43.4573893469333],[-72.39322790767464,43.45720836986582],[-72.39368008330386,43.45742156879715],[-72.39423184567494,43.45743677473685],[-72.39382534036861,43.45936545696269],[-72.39322499485986,43.460839818335664],[-72.39304096293911,43.461617724216964],[-72.39315098930695,43.4623005932909]]],[[[-72.39744069120425,43.45829727715157],[-72.39717700318627,43.4582806448782],[-72.397209742392,43.45923647266776],[-72.39704065952753,43.45921219944944],[-72.39713638686239,43.459454629922014],[-72.39710526121887,43.46040799498965],[-72.4022191142361,43.460575335037085],[-72.40218988369469,43.4606498606132],[-72.40239312733117,43.46129086817172],[-72.40161948867112,43.46354469418361],[-72.39807224813228,43.46437294229429],[-72.39688041894924,43.46533982884711],[-72.39736214116131,43.46752690669603],[-72.39837156974417,43.4669010212381],[-72.39863473029189,43.46703036620966],[-72.39861872895138,43.46736233590134],[-72.3982282623457,43.468062248177006],[-72.39828714211967,43.46818283481325],[-72.39800406775086,43.46840563372536],[-72.397793525281,43.468901773781106],[-72.39773087117662,43.469188198423545],[-72.39775392489842,43.4694844829457],[-72.39761770460193,43.470110498822656],[-72.3974592891749,43.47037202333369],[-72.39723881552048,43.47057230440445],[-72.39703041350664,43.47093589417565],[-72.39639859264197,43.471141003280884],[-72.39617820697602,43.471276812219884],[-72.39579063335205,43.47206377121557],[-72.39581924958893,43.47227552934546],[-72.39609760392376,43.47234287203995],[-72.39585183114448,43.47286069572581],[-72.39586346266694,43.473061481349795],[-72.39599685985864,43.47320541004583],[-72.39630514663435,43.47315885298358],[-72.39638520515521,43.473328119442996],[-72.39637183599541,43.47369117240677],[-72.39612448319772,43.47445926784511],[-72.39583654887983,43.47501805732997],[-72.39512770385416,43.47595872498247],[-72.3950985611319,43.476277531059594],[-72.395281522884,43.47635554531084],[-72.395298963664,43.47654345387418],[-72.3950171683149,43.476444042554135],[-72.39506071351998,43.47628094283869],[-72.39490198260422,43.47626877344796],[-72.39505258908993,43.47584248389841],[-72.39477300966347,43.47580158538539],[-72.39511994531267,43.47508688421218],[-72.39437896256074,43.47495567692104],[-72.39354229694892,43.47477242706454],[-72.39363074877478,43.474546843771634],[-72.39318250381316,43.47444291913133],[-72.3932096611701,43.47437592529215],[-72.39132428464424,43.472941925138706],[-72.39064286244371,43.472789032413125],[-72.39098947362325,43.47248135864019],[-72.39091169018863,43.472354212833025],[-72.39014361252137,43.47228175704454],[-72.39044483204843,43.47144901181219],[-72.39075554061607,43.47091916964427],[-72.39197045984739,43.46990355331845],[-72.39294957051081,43.46898965941355],[-72.39350406958326,43.468167586403936],[-72.3936957691701,43.46763858095656],[-72.39381556711511,43.46693901456659],[-72.39433783554668,43.46575437458576],[-72.39447107488401,43.46530142307939],[-72.39445866967205,43.46488679685337],[-72.39424274037056,43.464253289674026],[-72.39480717072091,43.46412329735512],[-72.39553020913048,43.4636046987828],[-72.39630816407026,43.46325808941833],[-72.39616885472729,43.46207750465371],[-72.39603201945846,43.4619311811667],[-72.3962460892637,43.46095122436103],[-72.39607276044123,43.46068997705159],[-72.39609365590616,43.459313955266694],[-72.39595473301887,43.4579112841445],[-72.39576126212026,43.45791263543665],[-72.39580952871177,43.45836233144027],[-72.39430085073582,43.45838224977853],[-72.39461108523277,43.45695670885977],[-72.39463892941993,43.456486548204126],[-72.39648414245518,43.456543171557016],[-72.39669149180837,43.45676564457444],[-72.39662020547337,43.457585300312],[-72.39665903298649,43.45790945018154],[-72.39742088152904,43.457910494359766],[-72.39744069120425,43.45829727715157]]],[[[-72.38524856997121,43.48247907680824],[-72.38459916826541,43.48250283142372],[-72.38474033878053,43.48179737615806],[-72.3853649478558,43.48183613157844],[-72.38524856997121,43.48247907680824]]],[[[-72.3876717721512,43.482624604924474],[-72.3876600440995,43.48273043943173],[-72.38751168118952,43.483181424303886],[-72.38726484071088,43.48339059418374],[-72.38712675328695,43.48340528988797],[-72.38697203705212,43.4833987499212],[-72.38676451214265,43.48406736918352],[-72.3864748580295,43.48423031595423],[-72.38648143682447,43.48402637768302],[-72.38541058279712,43.48402994243256],[-72.38552609955848,43.48218408366754],[-72.38573404625872,43.48156175565473],[-72.3859232532376,43.481504334244924],[-72.38688429109472,43.48177672821507],[-72.38678809554837,43.482192718231204],[-72.38759014847852,43.48213527720319],[-72.38763959663875,43.48213168397731],[-72.38767216429218,43.4824129438502],[-72.3876717721512,43.482624604924474]]],[[[-72.38458737778154,43.4826120337468],[-72.38524295471412,43.48258787134801],[-72.38516036973692,43.48417814657385],[-72.38525453204156,43.485250913654056],[-72.38462215018819,43.4852467624231],[-72.38461839677824,43.4851878269983],[-72.38429815902055,43.48518244843372],[-72.38458737778154,43.4826120337468]]],[[[-72.38544039203884,43.48460941912304],[-72.38540970518815,43.48408549691031],[-72.38596637915319,43.48407923421024],[-72.38596590560252,43.48433625590518],[-72.38544039203884,43.48460941912304]]],[[[-72.38706115144932,43.48802651301648],[-72.38692999865,43.48688732688883],[-72.38770425181026,43.48685040970141],[-72.38916682047221,43.48708078985371],[-72.39099424323258,43.48745340919159],[-72.38892852127243,43.48768847093932],[-72.38785719276213,43.48791696442496],[-72.38787359821569,43.48802633504848],[-72.38706115144932,43.48802651301648]]],[[[-72.38758850460412,43.49072923691809],[-72.38749181222799,43.49016159499027],[-72.38713234749528,43.4902213019609],[-72.38705142435454,43.48985717512459],[-72.38782073366589,43.489703741962636],[-72.38926249547555,43.489521407309816],[-72.38943157792602,43.49058340973668],[-72.3897983964803,43.490518033776674],[-72.38992442365299,43.49154061066218],[-72.38734425866714,43.49201643073818],[-72.38707487161713,43.49082345412816],[-72.38758850460412,43.49072923691809]]],[[[-72.39287935497497,43.4919041136527],[-72.39219158242425,43.49259639023273],[-72.39202870907572,43.492503345898385],[-72.3912806513629,43.49146632558799],[-72.39146624466964,43.4913783196587],[-72.39287935497497,43.4919041136527]]],[[[-72.39193596594414,43.49467518462575],[-72.39182292374878,43.49479954037376],[-72.39183567478293,43.49436856423329],[-72.39168328038076,43.49402722332356],[-72.39181174632432,43.49348664130992],[-72.39139015378208,43.49352492268134],[-72.39133979317542,43.493387610007204],[-72.39120804768224,43.49338292031541],[-72.3887681618357,43.493806289312126],[-72.38872722770427,43.49190077504191],[-72.3910604243558,43.491471824445355],[-72.39185208148652,43.492537355905846],[-72.39212992803687,43.49272235104614],[-72.39231738100095,43.49355215914326],[-72.3923153811868,43.49445987789125],[-72.39222939134493,43.494584051595034],[-72.39193596594414,43.49467518462575]]],[[[-72.39302938354379,43.49818942959396],[-72.39247632352841,43.498263934406545],[-72.39231262632211,43.49818734186443],[-72.39205021969329,43.49756441706716],[-72.39185855631439,43.49583201905168],[-72.39196933640682,43.494809516017156],[-72.39206992276499,43.49473803571732],[-72.39238408769128,43.494714972347886],[-72.39266809301033,43.49469969900421],[-72.39276687195766,43.4947742851],[-72.39267079468982,43.495796356265416],[-72.39277257405116,43.49700975596314],[-72.3928444214322,43.497456870947396],[-72.39311726789754,43.49809092085847],[-72.39302938354379,43.49818942959396]]],[[[-72.39133856600584,43.496441420401034],[-72.39152861652184,43.49582383064259],[-72.39172575394306,43.495773673831884],[-72.39191847279619,43.49755400624342],[-72.39220702194726,43.498251155932095],[-72.39246105999432,43.49836743362647],[-72.39188099902118,43.498413788262354],[-72.39151452908344,43.497645689802],[-72.39133856600584,43.496441420401034]]],[[[-72.39683278356866,43.50105777410935],[-72.39569576581322,43.500948025583526],[-72.39552661273153,43.500890909107305],[-72.39538965497682,43.50076434836688],[-72.39394903910446,43.49771927612358],[-72.39401709167434,43.497473423116276],[-72.39428818250846,43.49734119786725],[-72.39447867591123,43.497336241431945],[-72.39468953431991,43.4973990883582],[-72.39482804848464,43.49751488981698],[-72.39539458450423,43.4990284294037],[-72.39683015208175,43.50078555659552],[-72.3969295145157,43.500981007036906],[-72.39683278356866,43.50105777410935]]]]}},{"type":"Feature","properties":{"OBJECT_ID":1273,"County":"Windsor","RPC":"MARC","Municipal_Name":"Windsor ","GEO_ID":"5002784925","District_Name":"Resource","Abbreviated_District_Name":"Res","District_Type":"Mixed with Residential","Bylaw_Date":null,"Elderly_Housing_District":"No","District_Mapped":"Yes","Overlay_District":"No","Base_Density":null,"GIS_ID":null,"Last_Update":null,"Shape_Length":77359.18938503334,"Shape_Area":19660445.21857339,"F1F_Allowance":"Permitted","F1F_Front_Setback":50.0,"F1F_Side_Setback":50.0,"F1F_Rear_Setback":75.0,"F1F_Frontage":null,"F1F_Max_Height":40.0,"F1F_Max_Stories":null,"F1F_Min_Lot_Size":null,"F1F_Max_Lot_Building_Coverage":null,"F1F_Max_Lot_Impervious_Coverage":null,"F1F_Min_Parking_Spaces":2.0,"F1F_Elderly_Housing_Only":null,"F1F_Affordable_Housing_Only":null,"F2F_Allowance":"Permitted","F2F_Front_Setback":50.0,"F2F_Side_Setback":50.0,"F2F_Rear_Setback":75.0,"F2F_Frontage":null,"F2F_Max_Density":null,"F2F_Max_Height":40.0,"F2F_Max_Stories":null,"F2F_Min_Lot_Size":null,"F2F_Max_Lot_Building_Coverage":null,"F2F_Max_Lot_Impervious_Coverage":null,"F2F_Min_Parking_Spaces_per_1BR":2.0,"F2F_Min_Parking_Spaces_per_mult_BR":2.0,"F2F_Elderly_Housing_Only":"No","F2F_Affordable_Housing_Only":"No","F3F_Allowance":"Prohibited","F3F_Front_Setback":null,"F3F_Side_Setback":null,"F3F_Rear_Setback":null,"F3F_Frontage":null,"F3F_Max_Density":null,"F3F_Max_Height":null,"F3F_Max_Stories":null,"F3F_Min_Lot_Size":null,"F3F_Max_Lot_Building_Coverage":null,"F3F_Max_Lot_Impervious_Coverage":null,"F3F_Min_Parking_Spaces_per_1BR":null,"F3F_Min_Parking_Spaces_per_mult_BR":null,"F3F_Affordable_Housing_Only":null,"F3F_Proximity_to_Public_Transit_Required":null,"F3F_Connection_to_Sewage/Water_Required":null,"F4F_Allowance":"Prohibited","F4F_Front_Setback":null,"F4F_Side_Setback":null,"F4F_Rear_Setback":null,"F4F_Frontage":null,"F1F_Max_Density":null,"F4F_Max_Density":null,"F4F_Max_Height":null,"F4F_Max_Stories":null,"F4F_Min_Lot_Size":null,"F4F_Max_Lot_Building_Coverage":null,"F4F_Max_Lot_Impervious_Coverage":null,"F4F_Min_Parking_Spaces_per_1BR":null,"F4F_Min_Parking_Spaces_per_mult_BR":null,"F3F_Elderly_Housing_Only":null,"F4F_Elderly_Housing_Only":null,"F4F_Affordable_Housing_Only":null,"F4F_Proximity_to_Public_Transit_Required":null,"F4F_Connection_to_Sewage/Water_Required":null,"ADU_Allowance":"Allowed/Conditional","ADU_Elderly_Housing_Only":"No","ADU_Max_Size_as_Percent_of_Primary_Strcture":30.0,"ADU_Max_Size_in_sq_ft":null,"ADU_Min_Lot_Size":null,"ADU_Max_Bedrooms":null,"ADU_Min_Parking_Spaces":2.0,"ADU_Owner_Occupancy_Required":"Yes","ADU_Renter_Occupancy_Prohibited":"No","ADU_Employee_or_Family_Occupancy_Required":"No","ADU_Restricted_to_Primary_Structure":"No","Affordable_Housing_Allowance":"Not Mentioned","Affordable_Housing_District":"No","Affordable_Housing_Elderly_Only":null,"Affordable_Housing_Min_Lot_Size":null,"Affordable_Housing_Max_Density":null,"Affordable_Housing_Min_Parking_Spaces_per_mult_BR":null,"Affordable_Housing_Max_Units_per_Building":null,"Affordable_Housing_Min_Parking_Spaces_per_1BR":null,"PRD_Allowance":"Public Hearing","PRD_Max_Density":null,"PRD_Max_Units":null,"PRD_Min_Lot_Size":null,"PRD_Mobile_or_Manufactured_Home_Park":"No","PUD_Allowance":null,"PUD_Required_with_Subdivision":null,"PUD_Requires_Land_Conservation":null,"PUD_Threshold_Number":null,"Notes":"  This District Consists Of Two Subdistricts, Res-25 And Res-10, Which Will Be Listed As Alternatives In That Order For The Following Dimensional Standards.","FIPS6":null},"geometry":{"type":"MultiPolygon","coordinates":[[[[-72.407002783326,43.43982245385945],[-72.40951109999644,43.44166415541416],[-72.41042569751176,43.44213445632723],[-72.41221896007477,43.44285173684902],[-72.41381571444518,43.44386388413271],[-72.41430157741667,43.444261559150675],[-72.41459437238564,43.44469706463032],[-72.4148979748283,43.4453996654457],[-72.41573447737555,43.449077576447245],[-72.41525693227194,43.45043969139468],[-72.41442644658154,43.45208657640831],[-72.41393647851721,43.452083875629214],[-72.41394244373271,43.452507276410245],[-72.41284220045539,43.45294819893817],[-72.41155289065526,43.45169078732215],[-72.40801245823445,43.45164383844526],[-72.40801382630366,43.45049084471244],[-72.40790669561899,43.44932914216719],[-72.40767873082125,43.448178780400774],[-72.40742671070709,43.44736819378348],[-72.40656117001097,43.44559695701491],[-72.40615898026023,43.445539379745554],[-72.40586858989019,43.444589372959705],[-72.4059381748818,43.444280437442124],[-72.40556532129342,43.44373318491905],[-72.40467421613654,43.44307331675359],[-72.40390371871902,43.441575948017146],[-72.40417175707664,43.44100405942822],[-72.40359772946101,43.44052292013909],[-72.40344820895409,43.439394557195655],[-72.4035370763726,43.43568904842245],[-72.40403886884607,43.435692157421464],[-72.40446205965242,43.436090676402955],[-72.40576121298766,43.43816417687874],[-72.40624340787691,43.439109825655436],[-72.407002783326,43.43982245385945]]],[[[-72.43845931881937,43.43335938889746],[-72.43881937159469,43.43339452715809],[-72.4475720903244,43.43425059904605],[-72.4503153041858,43.43452449932366],[-72.45489489005672,43.43519499895992],[-72.45467230404694,43.43805822816253],[-72.45352621715067,43.452614726699885],[-72.4531213050917,43.455416760566635],[-72.45310208988892,43.45582367585331],[-72.45294516972999,43.46038398113744],[-72.45283831296683,43.463521609871506],[-72.45281647347969,43.46425422477614],[-72.4527877585107,43.465217484840714],[-72.45278774965567,43.46521774766848],[-72.45231412262734,43.46521755385154],[-72.45161124258178,43.465121256711534],[-72.45011770175913,43.464832602118754],[-72.4490632173564,43.46489614305304],[-72.44800848517748,43.465247679808066],[-72.4474812908645,43.46521543827913],[-72.44677844538447,43.46508710632026],[-72.44568036233355,43.46476658370324],[-72.4440992765499,43.46415780614011],[-72.44234236966273,43.46367692428794],[-72.44045356924885,43.46332394755611],[-72.43759799544449,43.463226414057125],[-72.43391448266064,43.461659982025616],[-72.43272365516583,43.46117559107684],[-72.43166939771606,43.46107898294109],[-72.43127419190371,43.46091872485422],[-72.42850887262809,43.45890099440682],[-72.42789464936034,43.45822858130659],[-72.42613849542597,43.45736344244541],[-72.4253484870624,43.45678691374367],[-72.42324221844996,43.45496146623562],[-72.42096037431057,43.453135862640366],[-72.42047814429192,43.45239952219231],[-72.41960221604917,43.450446850554336],[-72.4186383691789,43.4485901066863],[-72.41859578803738,43.447598062065964],[-72.41697092494393,43.44740487872293],[-72.41553826974682,43.44734419455553],[-72.41504716191237,43.445276154254415],[-72.41473887394274,43.444602518595595],[-72.41444335973081,43.444190426930895],[-72.41394091745137,43.443778331057665],[-72.4123179327035,43.44274878065099],[-72.41051965260611,43.44202920605922],[-72.40961856445692,43.44156606345096],[-72.40689819647972,43.43954796702023],[-72.40651776317593,43.43918656965482],[-72.40629204352405,43.438866496898214],[-72.40593417412018,43.43813795860106],[-72.40497841561532,43.436652902628325],[-72.40460054386212,43.435903162714204],[-72.40353516390445,43.434947451446654],[-72.40351949573193,43.432906505890905],[-72.40367766082585,43.429754860321204],[-72.40573166477283,43.43015816369933],[-72.40716782213156,43.43029902887634],[-72.41699589714094,43.43126138032961],[-72.417198394734,43.43128119729413],[-72.43845931881937,43.43335938889746]]],[[[-72.4043761059616,43.45783219515773],[-72.4046118611537,43.457203511208384],[-72.40461233401581,43.456405087956284],[-72.40473878352933,43.455799734998735],[-72.40487784636008,43.45551328481156],[-72.40532628439325,43.45492641580014],[-72.40544139835227,43.454147488034515],[-72.40579758421421,43.45377345980485],[-72.40595757961239,43.453684150316484],[-72.40594647345614,43.45437286618745],[-72.40508493306372,43.45617629722766],[-72.4046228261348,43.45735126692612],[-72.40434683990904,43.45827119512781],[-72.4043761059616,43.45783219515773]]],[[[-72.40482564977594,43.46467410938938],[-72.40551396646245,43.46581259534728],[-72.4054972808248,43.466367848868494],[-72.40526170033915,43.46636196616099],[-72.40533067157887,43.46597503107217],[-72.40459789449228,43.46608286343419],[-72.40417684453756,43.46419461032645],[-72.40382639641335,43.463339489101884],[-72.40384722242891,43.463110266224824],[-72.40402125361295,43.46270464194164],[-72.40404604488506,43.46241243006814],[-72.40390813959505,43.460984081114816],[-72.40393372075951,43.46042933883601],[-72.40463195000065,43.45793071869018],[-72.40497643297535,43.456916132720536],[-72.40609769502785,43.45445379327673],[-72.40622279300615,43.455212244291275],[-72.40608376474209,43.45622663059428],[-72.40467547944112,43.460948524579464],[-72.40510360067331,43.46423925710319],[-72.40482564977594,43.46467410938938]]],[[[-72.40176074477415,43.46525580884251],[-72.40186448929579,43.465583382264974],[-72.40210866642582,43.46599356532939],[-72.4023235081555,43.466166938722665],[-72.40233498209027,43.466234040733106],[-72.40233317515587,43.466395353746606],[-72.40220900797874,43.46651752992477],[-72.40194456604547,43.46716995422578],[-72.40173028670867,43.46737644482151],[-72.40158613488134,43.4674326513668],[-72.40140273519813,43.46741132916105],[-72.40102877656919,43.467244759000046],[-72.40059321601903,43.467205284137215],[-72.39964175660775,43.46735958566969],[-72.39908718723612,43.4675904476937],[-72.39863180005636,43.46808504087655],[-72.39879114584849,43.467713327033614],[-72.39918135198837,43.467400594619285],[-72.39979141646413,43.46724305220993],[-72.40023095944625,43.46720912445024],[-72.40056826710665,43.46710956483712],[-72.40117687462289,43.467132313360345],[-72.40153588502963,43.466989370069264],[-72.40156958944218,43.46692548426311],[-72.40143133302468,43.46692564330737],[-72.40139752339,43.46681239505537],[-72.40148968896742,43.4666635364211],[-72.4011382054951,43.46622091760303],[-72.40090731012029,43.465711665556555],[-72.4009278208497,43.46545726342515],[-72.40084218263857,43.46539249126564],[-72.40085737691439,43.46530840108608],[-72.40102260041283,43.46512057203802],[-72.40080096631748,43.465090358700245],[-72.40076089516377,43.46503575580655],[-72.40080509213301,43.46493797045323],[-72.40100289717753,43.464884988708214],[-72.40111853679183,43.46478163758414],[-72.40117857712622,43.464430298233594],[-72.40152435764465,43.46433825987153],[-72.40163185748946,43.464483572178274],[-72.40177925553652,43.464565836407346],[-72.4019090200499,43.46455680089647],[-72.4018129773633,43.46472232118924],[-72.40176074477415,43.46525580884251]]],[[[-72.40465865384904,43.480502397313984],[-72.39907315276606,43.480431304859145],[-72.39890100037512,43.47965888766306],[-72.39735128368173,43.478963155835956],[-72.39808594678513,43.4778327061405],[-72.39773544614688,43.477698435902326],[-72.39772799503868,43.47753295741498],[-72.39728218861787,43.4775688392893],[-72.39733606994864,43.47745567598542],[-72.39814306119645,43.47740113026306],[-72.39885569510511,43.47717962212523],[-72.40265783428724,43.47681879044809],[-72.40317554118037,43.476500395395156],[-72.40522613965607,43.47627216416327],[-72.40556603972314,43.477764644299754],[-72.40556802334056,43.478721233131886],[-72.40572443821424,43.47998052773119],[-72.40459268380724,43.479954556235796],[-72.40465865384904,43.480502397313984]]],[[[-72.44954112027955,43.49003815795996],[-72.44950279470712,43.49106573359833],[-72.45166861383521,43.49112158842411],[-72.45139652454931,43.505216744743805],[-72.45085554872779,43.504696766175286],[-72.45081770648976,43.50466032099983],[-72.45030043437681,43.50540696997301],[-72.4480202429973,43.505186912033906],[-72.44796911293679,43.505329849176825],[-72.44599571966411,43.505159604448856],[-72.44589618511013,43.5067042130331],[-72.44518546622812,43.50674740343741],[-72.44428299120158,43.50687965296333],[-72.44447674562414,43.50503285828864],[-72.44395780322952,43.50499603401279],[-72.44399271834929,43.50108483202542],[-72.4439453502025,43.50091872289103],[-72.44352663339087,43.50075416723469],[-72.44321095968287,43.500713364989025],[-72.44121587482232,43.50077389314346],[-72.43772105987398,43.50128489335004],[-72.43682179778703,43.50136173679814],[-72.43643927652016,43.50132925795779],[-72.435483167026,43.50107134104458],[-72.43554234774983,43.499940543763685],[-72.4359274305136,43.49863401509649],[-72.4361383404325,43.49649082868295],[-72.4361450602685,43.495979330138454],[-72.43602617411663,43.49513731016416],[-72.43429193152627,43.4949583359172],[-72.43444194651754,43.49164717358437],[-72.43793541093157,43.49081757499055],[-72.43802567981696,43.48868466690178],[-72.43650444120526,43.48855113719537],[-72.43662118272951,43.4851609053122],[-72.43848783943253,43.484765592429284],[-72.43921226186214,43.484676739847565],[-72.43923017465585,43.48492288026345],[-72.43962926204124,43.48488645019739],[-72.43950431816938,43.48467092613393],[-72.440071453078,43.484629099864534],[-72.44087872589164,43.484345628885535],[-72.4408102128222,43.488837190364436],[-72.44485529415103,43.489079499850284],[-72.44650279303056,43.48888802657341],[-72.44649565142313,43.489977357711],[-72.44954112027955,43.49003815795996]]],[[[-72.43188881880488,43.49484365181535],[-72.43578185670954,43.49525466095227],[-72.43586526706297,43.495302110784614],[-72.43596352105463,43.496287492218464],[-72.43571167666359,43.4987554834295],[-72.43538368583408,43.49979097784662],[-72.42936958748649,43.49923228856819],[-72.42802915011279,43.49923758424824],[-72.42673201484787,43.499553060904105],[-72.42615856742412,43.50052816603707],[-72.42642328926391,43.501783010424106],[-72.4266736771524,43.502108756103226],[-72.42640716431573,43.503934586964355],[-72.42566435323332,43.50400551783927],[-72.4250477934011,43.50384186214255],[-72.42115274347566,43.50247201256187],[-72.4208728367017,43.50214530818816],[-72.42025735248725,43.501185778855415],[-72.41978131910291,43.500777309943565],[-72.4191651087314,43.50038916242885],[-72.41866075758104,43.50020513894443],[-72.41767987636366,43.500000381148446],[-72.41720337765041,43.499959222885984],[-72.41552216717629,43.499407010037494],[-72.41426110329468,43.49912038977491],[-72.4127885266101,43.49893715574019],[-72.411775436403,43.49857598480385],[-72.41189267070676,43.497410059069395],[-72.41156613693045,43.49717409264155],[-72.41115088106324,43.49630445069368],[-72.41704282380309,43.49685773799739],[-72.41681903705555,43.494653653874465],[-72.41880283739064,43.494815271079155],[-72.41864912571158,43.493901627449226],[-72.42449290889653,43.49452389835463],[-72.42933077907797,43.4937403103689],[-72.42961402751303,43.49403267294596],[-72.43001784877963,43.49431890245062],[-72.43044260144262,43.49453141041024],[-72.43091070751058,43.494682999712815],[-72.43188881880488,43.49484365181535]]],[[[-72.43553446941827,43.502250451268154],[-72.43559331354905,43.50397121240155],[-72.42947807565037,43.50329000707155],[-72.42941818978522,43.505064017075156],[-72.42900674814062,43.50470796129049],[-72.42820182751089,43.504295950335745],[-72.42725294632628,43.50403298721318],[-72.42659033736471,43.50396587072196],[-72.42684179540163,43.502082284680164],[-72.42658137214347,43.50174337973589],[-72.4263277910932,43.500544048578895],[-72.42685400635565,43.499649479645704],[-72.42805529299386,43.49935734580522],[-72.42935088475123,43.49936358123353],[-72.43020282758792,43.4994262735891],[-72.43535805260039,43.49992153038233],[-72.43529911812053,43.50118791637422],[-72.43553446941827,43.502250451268154]]],[[[-72.39670379141761,43.43728886512751],[-72.39709780448815,43.43849024059683],[-72.39836849922254,43.44106113084461],[-72.39759112389667,43.44123181135318],[-72.39778112012218,43.44234192390596],[-72.39853916123873,43.442192903267966],[-72.39846680509099,43.442749850368855],[-72.3977303803463,43.442669162575065],[-72.39714501860955,43.44502362768061],[-72.39621877170212,43.44665917045072],[-72.39570481970665,43.44784647602344],[-72.39518121778573,43.449235191441225],[-72.39591846686564,43.4493284798563],[-72.39511470336095,43.451529434221385],[-72.39502473156186,43.4526565266198],[-72.39446303906576,43.45505296406576],[-72.39440259511674,43.45672634156988],[-72.39423184567494,43.45743677473685],[-72.39368008330386,43.45742156879715],[-72.39322790767464,43.45720836986582],[-72.3931414797039,43.4573893469333],[-72.39318667633034,43.45759719458318],[-72.39284221067354,43.45761838761627],[-72.3916855955859,43.45726491793653],[-72.3914481305826,43.456165459917536],[-72.39063747825591,43.45349022263162],[-72.39056540293417,43.45170912842274],[-72.39062882853518,43.45100527623922],[-72.3910415806387,43.44927908377902],[-72.39132338699726,43.448558550004584],[-72.39160967667289,43.44810413641238],[-72.3926905241268,43.4468031514482],[-72.39331193236785,43.44565636818123],[-72.39382933984872,43.44450343875113],[-72.39488492910822,43.44084483820669],[-72.39559040687661,43.439166491927146],[-72.39595877868561,43.43758966067062],[-72.39591225362008,43.43724397892431],[-72.39613599334805,43.43547378592279],[-72.39596726041437,43.43392995592924],[-72.39598208275335,43.43271227901458],[-72.39666040416915,43.43284002770458],[-72.39639108326489,43.43346361611309],[-72.39635897494789,43.43418647732717],[-72.3964760546435,43.43592655460756],[-72.39670379141761,43.43728886512751]]],[[[-72.4015434998856,43.440642542845545],[-72.40205475034652,43.44102742307299],[-72.40253620911099,43.442412879834166],[-72.40336322049288,43.44380003813495],[-72.40354970808987,43.44499025291401],[-72.40437461481133,43.445787394275236],[-72.40497755620609,43.44583824455485],[-72.40543787240846,43.446742605409064],[-72.40601349531669,43.45024233962877],[-72.40596012315626,43.45353134262499],[-72.4056772411352,43.45370128794405],[-72.40531323065098,43.45413915138324],[-72.40522745280248,43.45441629780635],[-72.40519185315318,43.454965541989544],[-72.40478304936617,43.45539844830093],[-72.40459149070558,43.45591851841791],[-72.40437645700563,43.45686605459588],[-72.40440954715369,43.45743766041353],[-72.4041280865595,43.45790822130809],[-72.40407957418967,43.45830535181159],[-72.40412843770916,43.45865889157311],[-72.4038638910367,43.45917194831941],[-72.4038029738651,43.45985021617632],[-72.40349661665489,43.46090125224805],[-72.40352067076306,43.46131700555303],[-72.40373035337663,43.462051831663956],[-72.40363667986968,43.46243520601521],[-72.40299222632571,43.46311839758016],[-72.40264191913342,43.46339875622773],[-72.40249246868598,43.46340199709547],[-72.40246255404803,43.46351399721299],[-72.40219920003317,43.46374210444806],[-72.40209836795538,43.464005153891364],[-72.40179567966,43.464435613925],[-72.40164245551432,43.46438139656246],[-72.40161485613602,43.464250157810916],[-72.40117710318411,43.464383817195895],[-72.40104481192645,43.46452307997825],[-72.40105519889941,43.46477975287944],[-72.40077131753746,43.464804687410336],[-72.40050119092402,43.4646814628774],[-72.3999509198663,43.464665227278374],[-72.39968321594536,43.46494810001744],[-72.3995595391779,43.46499954602108],[-72.39892936786363,43.46496073170833],[-72.39804208864408,43.46509095201705],[-72.39762442424343,43.46520998534065],[-72.39747462264714,43.46564562741627],[-72.39745797220077,43.465898213262754],[-72.39766820007021,43.46604628384457],[-72.39801266468417,43.46605538292828],[-72.39816776487234,43.46613884139999],[-72.39830093271598,43.46640935488747],[-72.39846145433556,43.46649289608649],[-72.3983258476372,43.466754577231995],[-72.39837156974417,43.4669010212381],[-72.39736214116131,43.46752690669603],[-72.39688041894924,43.46533982884711],[-72.39807224813228,43.46437294229429],[-72.40161948867112,43.46354469418361],[-72.40239312733117,43.46129086817172],[-72.40218988369469,43.4606498606132],[-72.4022191142361,43.460575335037085],[-72.39710526121887,43.46040799498965],[-72.39713638686239,43.459454629922014],[-72.39704065952753,43.45921219944944],[-72.397209742392,43.45923647266776],[-72.39717700318627,43.4582806448782],[-72.39744069120425,43.45829727715157],[-72.39742088152904,43.457910494359766],[-72.39665903298649,43.45790945018154],[-72.39662020547337,43.457585300312],[-72.39669149180837,43.45676564457444],[-72.39648414245518,43.456543171557016],[-72.39463892941993,43.456486548204126],[-72.3947110225969,43.45499287543845],[-72.3952612937067,43.45272370088445],[-72.39530998138642,43.451813087424604],[-72.39541927097028,43.45134780367173],[-72.396898333109,43.44752507395037],[-72.39747492201136,43.44627282213036],[-72.39809098688671,43.445177354805615],[-72.39871852685526,43.44528822988917],[-72.39889334756352,43.44532552765739],[-72.39891468266778,43.445264638723245],[-72.39921454731363,43.44531610169333],[-72.39948795433408,43.44526830701434],[-72.40002445261965,43.44370103345198],[-72.40008738716021,43.44370342784277],[-72.4004603110922,43.44228704384117],[-72.40027243658793,43.44197106531752],[-72.40018785048657,43.44105914360577],[-72.4001293558883,43.44095233841923],[-72.39976955532433,43.44072539986946],[-72.39952225582564,43.4406425427178],[-72.39921603949355,43.44069999740978],[-72.39848533276444,43.44067946134024],[-72.39739144146473,43.43855218190296],[-72.39709090975558,43.43776987394383],[-72.39973302275904,43.43573648963697],[-72.39992475784776,43.43556500437001],[-72.40026048595688,43.43561796144122],[-72.40138211676046,43.43542435600121],[-72.40196902409795,43.43553934770052],[-72.40193991703545,43.436358629215036],[-72.40205997863117,43.436825608569514],[-72.4020603290858,43.43947573362257],[-72.4015434998856,43.440642542845545]]],[[[-72.39808660036161,43.46893523039836],[-72.39794580058332,43.46884375386507],[-72.39792664029625,43.468747259689714],[-72.39821125926345,43.46830181726326],[-72.39829170430345,43.46823255268873],[-72.39843297772943,43.46827016141521],[-72.39852670545665,43.46857318017351],[-72.39867089184804,43.468734129260305],[-72.39829096763735,43.46890334603903],[-72.39808660036161,43.46893523039836]]],[[[-72.38334770246591,43.48665243776554],[-72.38336684418432,43.48654446458786],[-72.38361719723343,43.48633844728038],[-72.38361237202434,43.48623620222622],[-72.38343128812683,43.48577759824658],[-72.38306664545024,43.48555683629094],[-72.38323341331831,43.485421008134054],[-72.38323381749893,43.48521180357796],[-72.38314437119031,43.48511834077182],[-72.38286027919341,43.485002778222075],[-72.38296470892811,43.484733716106795],[-72.38291889444919,43.48445350267081],[-72.38299616863166,43.48444415857054],[-72.38317502203148,43.484849177846925],[-72.38324649953441,43.48484467561862],[-72.38323187332519,43.48461344633808],[-72.38363295452656,43.48456456187618],[-72.38371790648824,43.484583016729005],[-72.38371022313189,43.48436029244607],[-72.38414389037037,43.48430878761593],[-72.3841646232586,43.48430632073111],[-72.3838156470961,43.48674668343479],[-72.38381026497564,43.486785818996815],[-72.38360982878662,43.486748267134715],[-72.38350032880774,43.48684098967253],[-72.38334770246591,43.48665243776554]]],[[[-72.3826661934464,43.48488291214516],[-72.38274000644452,43.48506553714845],[-72.38296102410861,43.48524009040674],[-72.38290245840551,43.48556574762797],[-72.38336538852047,43.48589840425954],[-72.38344213140243,43.486168887345094],[-72.38329226062609,43.48656047875302],[-72.38333773765464,43.48681797476268],[-72.38343142924425,43.48691349755568],[-72.38355922753064,43.48694977684688],[-72.38379812331215,43.4868751816033],[-72.38367758799379,43.48748179583769],[-72.383735487156,43.48831333120126],[-72.38340167198976,43.48832234338496],[-72.38329861123759,43.488276874811206],[-72.38344909704718,43.48817071161564],[-72.38334271976986,43.48803781710096],[-72.38295909440055,43.487837151045404],[-72.38278530887004,43.487805276772846],[-72.38255367608285,43.48792197971258],[-72.38251828719572,43.48784226795269],[-72.38258771381341,43.487705554052035],[-72.38245840598063,43.487647762341645],[-72.38244082530912,43.48754452663637],[-72.38232153572008,43.48750430159865],[-72.38236231116761,43.48739508262056],[-72.38266172015611,43.48719214764356],[-72.38259896076892,43.48708275027794],[-72.382213211538,43.486984451953255],[-72.38210029059722,43.487048048553156],[-72.38214125822691,43.48723171112743],[-72.38177265056135,43.4870680346201],[-72.38152810618698,43.48706961323097],[-72.38148455803707,43.48720844156934],[-72.38169696057903,43.48764221194696],[-72.38163897381848,43.48766288493662],[-72.38147859323693,43.48749485570992],[-72.38128191165613,43.48751799858091],[-72.38116458585455,43.487652547579806],[-72.38123178385169,43.4878660455613],[-72.38110028245966,43.48793628803354],[-72.38101027610008,43.488130920204725],[-72.38087351136433,43.48754429703439],[-72.38096371119929,43.48705701070101],[-72.38092367225751,43.48639425470238],[-72.38142867654989,43.4847681378535],[-72.38168560882303,43.48415935814273],[-72.38247209063366,43.48437752734687],[-72.38262045330423,43.48436064705898],[-72.38275055091206,43.48441113507996],[-72.3828124153065,43.48457680513169],[-72.3826661934464,43.48488291214516]]],[[[-72.39522606408208,43.48251777336035],[-72.39596298117337,43.482818425937495],[-72.39625635258099,43.48249346388673],[-72.39643973514961,43.482555512323565],[-72.39716723063756,43.48317611876091],[-72.39766858702801,43.4834387231335],[-72.3978187208817,43.48329048502285],[-72.3985892560872,43.48382939578335],[-72.39865829138401,43.48482379443499],[-72.39922026889889,43.48534635620244],[-72.39987098154793,43.48478112396635],[-72.40043643235809,43.485312320205225],[-72.40058784667316,43.48555795722315],[-72.40058930383883,43.48679523917259],[-72.4007715283716,43.48733448963522],[-72.40154127232744,43.48840984502618],[-72.40253189233091,43.48909174921528],[-72.40153879812776,43.48969256199891],[-72.40173933964356,43.49015235806392],[-72.40231885874329,43.49110809043479],[-72.40005306911137,43.49125627782184],[-72.39973785187482,43.49122779082531],[-72.39773041448105,43.49144435655899],[-72.39713703585136,43.49140902181831],[-72.39668440376116,43.49131225857505],[-72.39636085275879,43.49118532842137],[-72.39554161355288,43.49062011903123],[-72.3952535736536,43.490521980074845],[-72.3944993401548,43.49079300185811],[-72.39368989150273,43.491486742342325],[-72.39287935497497,43.4919041136527],[-72.39146624466964,43.4913783196587],[-72.3912806513629,43.49146632558799],[-72.39115844927916,43.49131304772925],[-72.38992442365299,43.49154061066218],[-72.3897983964803,43.490518033776674],[-72.38943157792602,43.49058340973668],[-72.38926249547555,43.489521407309816],[-72.38782073366589,43.489703741962636],[-72.38770058835118,43.48924368720973],[-72.38598034462827,43.4893929682585],[-72.38575575080039,43.48802683914437],[-72.38706115144932,43.48802651301648],[-72.38787359821569,43.48802633504848],[-72.38785719276213,43.48791696442496],[-72.38892852127243,43.48768847093932],[-72.39099424323258,43.48745340919159],[-72.38916682047221,43.48708078985371],[-72.38770425181026,43.48685040970141],[-72.38692999865,43.48688732688883],[-72.38565728060753,43.4869823355615],[-72.38564809509472,43.48688158671787],[-72.38544039203884,43.48460941912304],[-72.38596590560252,43.48433625590518],[-72.38596637915319,43.48407923421024],[-72.38540970518815,43.48408549691031],[-72.38541058279712,43.48402994243256],[-72.38648143682447,43.48402637768302],[-72.3864748580295,43.48423031595423],[-72.38676451214265,43.48406736918352],[-72.38697203705212,43.4833987499212],[-72.38712675328695,43.48340528988797],[-72.38726484071088,43.48339059418374],[-72.38751168118952,43.483181424303886],[-72.3876600440995,43.48273043943173],[-72.3876717721512,43.482624604924474],[-72.38767216429218,43.4824129438502],[-72.38763959663875,43.48213168397731],[-72.38759014847852,43.48213527720319],[-72.38758115254383,43.48198627218884],[-72.38767397919182,43.481993119598165],[-72.38768543899803,43.481993965251874],[-72.3877192455169,43.48238062501793],[-72.38772057948192,43.482395883105596],[-72.38806418959595,43.48252026973242],[-72.3881816756646,43.48248887830739],[-72.38817690156357,43.48235490742881],[-72.38957746733934,43.482214861991025],[-72.38983636375949,43.48238169321753],[-72.39022970870208,43.48232883388236],[-72.39049086735179,43.481887762834056],[-72.39095805054035,43.48158077122391],[-72.39146007200125,43.48145016204417],[-72.39188308327019,43.481435651640105],[-72.39231909889341,43.481493875004524],[-72.39311168805405,43.48175220527495],[-72.39379579018855,43.48220394469459],[-72.39452276534385,43.482436326179254],[-72.3942331803009,43.48191638581525],[-72.39420991109668,43.48175152806436],[-72.39430397577759,43.48141359320833],[-72.39436923933103,43.481426867056264],[-72.39428437955779,43.481795769586746],[-72.39458988954324,43.48204554721682],[-72.3950557368644,43.482278387290236],[-72.39522606408208,43.48251777336035]],[[-72.39031029557495,43.482625604683236],[-72.38980079929492,43.482609997553716],[-72.38906911192217,43.48242357144514],[-72.3883118420771,43.48249631256962],[-72.38808300008418,43.4825797751745],[-72.38754011607602,43.483288218197714],[-72.387049955083,43.48367443087176],[-72.38685088265136,43.484063088272634],[-72.38683041676558,43.484163012035516],[-72.3867621473539,43.484443949899905],[-72.38679472899047,43.48480424269848],[-72.38683069595339,43.485104801583354],[-72.38693907859975,43.48565186084353],[-72.3869560010085,43.48571946011008],[-72.38707331850866,43.48605296387233],[-72.38709054089942,43.486234425702726],[-72.38709488258377,43.48628017058858],[-72.38715740185036,43.48655170194291],[-72.38733636288293,43.48669892033164],[-72.38779039867543,43.48664380694251],[-72.38837526827818,43.486441437374275],[-72.38964980519204,43.485554596418986],[-72.39019602406034,43.48492793215795],[-72.39053504960594,43.48437475862432],[-72.39080580706586,43.48353792377723],[-72.39094531027317,43.48351169283897],[-72.3916759800805,43.483843030898186],[-72.39198540755511,43.48406476644735],[-72.39233624180785,43.48445698934823],[-72.39253624035496,43.485388782930045],[-72.39243565356969,43.4859085058358],[-72.39217763322912,43.48653706218797],[-72.39182453582416,43.48696843217663],[-72.39138755495874,43.48721610465796],[-72.39131396984567,43.487531638243],[-72.39168492887896,43.48878229676825],[-72.39190461258433,43.48885618985345],[-72.39242975820683,43.48879263278379],[-72.39255350522082,43.48872749069646],[-72.3929158138255,43.488327772171786],[-72.39351645699054,43.487281681299585],[-72.3938718703195,43.485960118644435],[-72.39428535774138,43.48544942059356],[-72.3945698358248,43.48491812294951],[-72.3947116892791,43.484428543676046],[-72.3947344104291,43.48401690715241],[-72.39466412425435,43.48378857678676],[-72.39441577160594,43.48354504674138],[-72.39431664190802,43.482795257901],[-72.39398482643801,43.482339212354965],[-72.39367208262718,43.482256361655786],[-72.39326238400156,43.48194304768032],[-72.3920525009207,43.48152491489548],[-72.39136907903716,43.48157433513784],[-72.39094227484287,43.481765830369945],[-72.3907743320722,43.481923334264394],[-72.39060830143664,43.48231612536326],[-72.39031029557495,43.482625604683236]]],[[[-72.3822819715048,43.48739014298006],[-72.38201523137096,43.4874795301364],[-72.38193141792023,43.487671286405124],[-72.38195668231275,43.48778401811512],[-72.38209485187912,43.48785553261383],[-72.38225912782478,43.48781428899579],[-72.38225318000809,43.48769348621024],[-72.38211469530007,43.4877815744235],[-72.38201545882794,43.48775456256452],[-72.3820169328191,43.48759493513404],[-72.38212720450956,43.4875115570051],[-72.38243778991819,43.48771876655773],[-72.38245891501724,43.48778244003122],[-72.3823110791784,43.48791841520282],[-72.3824090683221,43.487982571913705],[-72.3826037681115,43.487990031307504],[-72.38277976438624,43.48787747743351],[-72.38287477108304,43.48789226898474],[-72.38321981596737,43.488064497646214],[-72.38318719936015,43.48835156959125],[-72.38352431331151,43.48843313975272],[-72.38374692707112,43.4883876707152],[-72.3838190375241,43.48885748122394],[-72.38407063609098,43.48961397318652],[-72.38448561624165,43.49060153503796],[-72.38782306713156,43.49633649407494],[-72.38909283249869,43.49838593758897],[-72.389029722795,43.49845451186507],[-72.38977541206134,43.49975518957728],[-72.39014747609662,43.50106230497101],[-72.39029217144437,43.500966321101444],[-72.39060477509469,43.502033084698745],[-72.39057259664318,43.50230766955726],[-72.39096029338603,43.503532671418405],[-72.39140553882439,43.504343395299905],[-72.39213942010355,43.505185898010566],[-72.39206994074405,43.505362047077845],[-72.39158875843304,43.504981909351116],[-72.39056139769835,43.50442069679899],[-72.38815751450291,43.50291115079583],[-72.38663587075585,43.50182979219268],[-72.38582793000761,43.5011870509864],[-72.38521435623804,43.500549749575306],[-72.38456228842192,43.499640545398805],[-72.38350541699576,43.497056313000314],[-72.38296619990498,43.49616797855566],[-72.38132517811935,43.49383207739092],[-72.38082866595666,43.49286254056851],[-72.38047637457322,43.49184749722365],[-72.38037975322163,43.49147969134381],[-72.38031297644055,43.49046386004896],[-72.38037548461185,43.48943922042706],[-72.38059161216339,43.48846585440814],[-72.38132193138274,43.487987714404895],[-72.38143162403293,43.48780430869291],[-72.38140457026633,43.4876152515893],[-72.3815780742745,43.48779438018914],[-72.38167269577724,43.48780425777249],[-72.381813443191,43.487738523817],[-72.38185427115097,43.48760544962129],[-72.38165283485448,43.487292940307604],[-72.38160939249217,43.48718776857847],[-72.38165662467446,43.487131707679815],[-72.38199945815524,43.48724520506422],[-72.38211976555799,43.48735987279813],[-72.38230006070454,43.48722112025055],[-72.38237343488373,43.48724087742823],[-72.382386453444,43.487298975437334],[-72.3822819715048,43.48739014298006]]],[[[-72.40087600925176,43.51344567432053],[-72.40094927904542,43.51402652280967],[-72.40083077807103,43.51464136382065],[-72.40079221399401,43.51552372514813],[-72.40028175341504,43.516870475439475],[-72.39982550687989,43.5176713001152],[-72.39935359398937,43.5176537928183],[-72.39935947067116,43.51807032164269],[-72.39948197236758,43.51809103357089],[-72.39838507094407,43.51984653096554],[-72.39656506442881,43.51966470824409],[-72.39719019709808,43.51769097021413],[-72.3977836292848,43.516007906717086],[-72.39839594073626,43.51481102193209],[-72.39860218473297,43.51420414798297],[-72.39877258664772,43.51395096494874],[-72.3988617131389,43.5133589481588],[-72.39910048664213,43.51274457708631],[-72.39917200070408,43.5122691487654],[-72.39894899539667,43.51147917604382],[-72.39788440886124,43.50942172211761],[-72.39765928673418,43.50908609023921],[-72.39734010378778,43.5088318704083],[-72.39762231871687,43.508773615087925],[-72.39796434498862,43.50900302164211],[-72.3990359192678,43.509981002364285],[-72.39968151325841,43.510799197564],[-72.40023138125268,43.5117889330393],[-72.40043509873591,43.511995093147775],[-72.40087600925176,43.51344567432053]]]]}},{"type":"Feature","properties":{"OBJECT_ID":1271,"County":"Windsor","RPC":"MARC","Municipal_Name":"Windsor ","GEO_ID":"5002784925","District_Name":"Low Density Residential","Abbreviated_District_Name":"Ldr","District_Type":"Mixed with Residential","Bylaw_Date":null,"Elderly_Housing_District":"No","District_Mapped":"Yes","Overlay_District":"No","Base_Density":null,"GIS_ID":null,"Last_Update":null,"Shape_Length":24906.151137697423,"Shape_Area":2137096.098735908,"F1F_Allowance":"Permitted","F1F_Front_Setback":40.0,"F1F_Side_Setback":30.0,"F1F_Rear_Setback":40.0,"F1F_Frontage":150.0,"F1F_Max_Height":40.0,"F1F_Max_Stories":null,"F1F_Min_Lot_Size":0.92,"F1F_Max_Lot_Building_Coverage":null,"F1F_Max_Lot_Impervious_Coverage":null,"F1F_Min_Parking_Spaces":2.0,"F1F_Elderly_Housing_Only":null,"F1F_Affordable_Housing_Only":null,"F2F_Allowance":"Permitted","F2F_Front_Setback":40.0,"F2F_Side_Setback":30.0,"F2F_Rear_Setback":40.0,"F2F_Frontage":150.0,"F2F_Max_Density":2.0,"F2F_Max_Height":40.0,"F2F_Max_Stories":null,"F2F_Min_Lot_Size":0.92,"F2F_Max_Lot_Building_Coverage":null,"F2F_Max_Lot_Impervious_Coverage":null,"F2F_Min_Parking_Spaces_per_1BR":2.0,"F2F_Min_Parking_Spaces_per_mult_BR":2.0,"F2F_Elderly_Housing_Only":"No","F2F_Affordable_Housing_Only":"No","F3F_Allowance":"Prohibited","F3F_Front_Setback":null,"F3F_Side_Setback":null,"F3F_Rear_Setback":null,"F3F_Frontage":null,"F3F_Max_Density":null,"F3F_Max_Height":null,"F3F_Max_Stories":null,"F3F_Min_Lot_Size":null,"F3F_Max_Lot_Building_Coverage":null,"F3F_Max_Lot_Impervious_Coverage":null,"F3F_Min_Parking_Spaces_per_1BR":null,"F3F_Min_Parking_Spaces_per_mult_BR":null,"F3F_Affordable_Housing_Only":null,"F3F_Proximity_to_Public_Transit_Required":null,"F3F_Connection_to_Sewage/Water_Required":null,"F4F_Allowance":"Prohibited","F4F_Front_Setback":null,"F4F_Side_Setback":null,"F4F_Rear_Setback":null,"F4F_Frontage":null,"F1F_Max_Density":null,"F4F_Max_Density":null,"F4F_Max_Height":null,"F4F_Max_Stories":null,"F4F_Min_Lot_Size":null,"F4F_Max_Lot_Building_Coverage":null,"F4F_Max_Lot_Impervious_Coverage":null,"F4F_Min_Parking_Spaces_per_1BR":null,"F4F_Min_Parking_Spaces_per_mult_BR":null,"F3F_Elderly_Housing_Only":null,"F4F_Elderly_Housing_Only":null,"F4F_Affordable_Housing_Only":null,"F4F_Proximity_to_Public_Transit_Required":null,"F4F_Connection_to_Sewage/Water_Required":null,"ADU_Allowance":"Allowed/Conditional","ADU_Elderly_Housing_Only":"No","ADU_Max_Size_as_Percent_of_Primary_Strcture":30.0,"ADU_Max_Size_in_sq_ft":null,"ADU_Min_Lot_Size":0.92,"ADU_Max_Bedrooms":null,"ADU_Min_Parking_Spaces":2.0,"ADU_Owner_Occupancy_Required":"Yes","ADU_Renter_Occupancy_Prohibited":"No","ADU_Employee_or_Family_Occupancy_Required":"No","ADU_Restricted_to_Primary_Structure":"No","Affordable_Housing_Allowance":"Not Mentioned","Affordable_Housing_District":"No","Affordable_Housing_Elderly_Only":null,"Affordable_Housing_Min_Lot_Size":null,"Affordable_Housing_Max_Density":null,"Affordable_Housing_Min_Parking_Spaces_per_mult_BR":null,"Affordable_Housing_Max_Units_per_Building":null,"Affordable_Housing_Min_Parking_Spaces_per_1BR":null,"PRD_Allowance":"Public Hearing","PRD_Max_Density":null,"PRD_Max_Units":null,"PRD_Min_Lot_Size":null,"PRD_Mobile_or_Manufactured_Home_Park":"No","PUD_Allowance":null,"PUD_Required_with_Subdivision":null,"PUD_Requires_Land_Conservation":null,"PUD_Threshold_Number":null,"Notes":"None","FIPS6":null},"geometry":{"type":"MultiPolygon","coordinates":[[[[-72.42649222767358,43.50396161142107],[-72.42637872541124,43.50437025018832],[-72.42610151640133,43.50580700577605],[-72.42614699233064,43.506163483337474],[-72.42635696504263,43.50671017187379],[-72.42654639845087,43.50687438574666],[-72.42765871259806,43.50793643814231],[-72.4283223796908,43.508313368282344],[-72.43060890323451,43.509417488563095],[-72.43131233906816,43.50989439865424],[-72.43263495108646,43.50905302520939],[-72.43278217040795,43.508959369954276],[-72.4328999999902,43.5088844103604],[-72.43307050659622,43.50877593923383],[-72.43412581774379,43.508104570082644],[-72.43406875606418,43.508038399582425],[-72.4336502350961,43.50771188711917],[-72.4328076552927,43.507187190693806],[-72.43031142001126,43.505972774344045],[-72.42941818978522,43.505064017075156],[-72.42900674814062,43.50470796129049],[-72.42820182751089,43.504295950335745],[-72.42725294632628,43.50403298721318],[-72.42659033736471,43.50396587072196],[-72.42649222767358,43.50396161142107]]],[[[-72.40385766018521,43.503056430169444],[-72.40105600560386,43.50334241926874],[-72.39978517249625,43.50373496656822],[-72.39888369902093,43.50439047834032],[-72.40166489273001,43.50651102223358],[-72.40256004732177,43.50738165158401],[-72.40282507527252,43.50791202306237],[-72.40292735986127,43.50895566430213],[-72.40314576258197,43.50988963371161],[-72.40393817813879,43.510278118588275],[-72.40429206247398,43.51084470544594],[-72.40430036156556,43.51121839356838],[-72.40394154219332,43.51181265215443],[-72.40395374383046,43.51191715774304],[-72.4044932831123,43.512154027294685],[-72.40459277493586,43.51229404713025],[-72.40457801736855,43.512584950789595],[-72.40439064043841,43.51254133563202],[-72.40440334245832,43.51232940056626],[-72.40433584510242,43.51224292099605],[-72.40397507477498,43.51211393216847],[-72.403934400221,43.51241683842411],[-72.40402804572271,43.51283117374709],[-72.4040211729315,43.51326595861602],[-72.4042683883813,43.515309110837855],[-72.40418605571985,43.51604684276148],[-72.40266308543566,43.518534120656284],[-72.40150513214947,43.52015766296559],[-72.40776733778054,43.520781870259924],[-72.40786501281917,43.51999061444436],[-72.4077884511583,43.51873969494309],[-72.40715438804588,43.516073692339084],[-72.40577162380484,43.51174856571527],[-72.40525687464324,43.511227840077225],[-72.40552817151641,43.50999534906868],[-72.40564276784846,43.507632609041764],[-72.40652188689414,43.5059182137352],[-72.40437909044027,43.50614638355738],[-72.40385766018521,43.503056430169444]]],[[[-72.39198913785626,43.50104605919029],[-72.39072511600901,43.50129948894696],[-72.39096272470846,43.502177595892285],[-72.39115417823163,43.502294510693865],[-72.39157160481479,43.50353761012129],[-72.3918466210439,43.50403770774654],[-72.3922514408535,43.504561766240926],[-72.39281884900932,43.50514757690486],[-72.39318656324106,43.50524636956804],[-72.39558132821067,43.506810889805166],[-72.39663127449072,43.504112102579526],[-72.39656242282342,43.50347268740611],[-72.39588960299155,43.50305219289536],[-72.39465787189881,43.502054624286735],[-72.39423728307868,43.50192892476985],[-72.3933279982259,43.501954661030524],[-72.39280499382534,43.50183919832463],[-72.39235260666923,43.50156185070097],[-72.39198913785626,43.50104605919029]]],[[[-72.41140161655909,43.50002320060738],[-72.41117202199527,43.50007105193207],[-72.410967001236,43.50048747143335],[-72.41078864526722,43.50128367066312],[-72.41185234221845,43.50159499925012],[-72.41328858348305,43.50177037422574],[-72.41427266881429,43.501988202806],[-72.41671537725608,43.50273590258388],[-72.41719152701909,43.503020058561596],[-72.41791316395535,43.50388894740544],[-72.41845315971445,43.504360291187325],[-72.41897443190871,43.504714244992705],[-72.41999938119531,43.50513402867142],[-72.42338024226247,43.50634114577593],[-72.42499908101014,43.50668270660142],[-72.42598856967734,43.50673573541902],[-72.42629865463546,43.50668842656682],[-72.42602672738158,43.50597300269163],[-72.42602441811992,43.505648331980325],[-72.42613217649266,43.50537942617566],[-72.42575456006469,43.5054334694223],[-72.42539132893552,43.505415792636136],[-72.42423964992192,43.50517854817117],[-72.42001328247464,43.503638676442144],[-72.41965962107375,43.503407565948066],[-72.41920387933858,43.50293729366262],[-72.4185367312093,43.50192265855655],[-72.41829508435887,43.50173719207801],[-72.41790311251208,43.501559563353496],[-72.41641854356322,43.50125399957169],[-72.41502538079928,43.50080615673344],[-72.41579576092363,43.50144924461753],[-72.41699143655694,43.50193216571434],[-72.41805023911103,43.502203382129714],[-72.41824289914167,43.502323626925055],[-72.41806546257355,43.502375889445474],[-72.41687728801142,43.502046002381],[-72.41567351951183,43.50154598569764],[-72.41534923862307,43.50132606541863],[-72.41469936893297,43.50072237373064],[-72.41409871922154,43.50057003186058],[-72.41242280303896,43.50034675940033],[-72.41140161655909,43.50002320060738]]],[[[-72.411775436403,43.49857598480385],[-72.41173310272744,43.498995864273105],[-72.41186093450426,43.49983819123696],[-72.41181428427956,43.50003181764769],[-72.41253117234021,43.50022525655677],[-72.41378715294265,43.500383236821946],[-72.41453232999515,43.50052696916182],[-72.41649059155979,43.501126842602616],[-72.41769859211081,43.50135393926657],[-72.41815513842559,43.50149764959084],[-72.41850381795334,43.501685795800775],[-72.4187496744595,43.50190164416874],[-72.41918108727273,43.50264242403813],[-72.41981004293719,43.50333095227472],[-72.42021045382337,43.50356793119601],[-72.4209303846378,43.503851260301104],[-72.42409343336071,43.50498485920319],[-72.42510482343671,43.505227851405046],[-72.42567819655554,43.50531000692348],[-72.4261713754598,43.5052415532691],[-72.42627291804128,43.504363387150214],[-72.42640716431573,43.503934586964355],[-72.42566435323332,43.50400551783927],[-72.4250477934011,43.50384186214255],[-72.42115274347566,43.50247201256187],[-72.4208728367017,43.50214530818816],[-72.42025735248725,43.501185778855415],[-72.41978131910291,43.500777309943565],[-72.4191651087314,43.50038916242885],[-72.41866075758104,43.50020513894443],[-72.41767987636366,43.500000381148446],[-72.41720337765041,43.499959222885984],[-72.41552216717629,43.499407010037494],[-72.41426110329468,43.49912038977491],[-72.4127885266101,43.49893715574019],[-72.411775436403,43.49857598480385]]],[[[-72.43376942509371,43.46422375679287],[-72.4336059156484,43.46454707430763],[-72.43461129362923,43.4671076144301],[-72.43569262252922,43.467447885831234],[-72.43668175035747,43.467614031428404],[-72.4376099807584,43.46767277136182],[-72.43941270613075,43.46769167262335],[-72.44004232344942,43.46779702898799],[-72.44121360094455,43.468060182183024],[-72.44215844068518,43.46848625357182],[-72.44528064514571,43.469434899949185],[-72.44610591675321,43.46960612407211],[-72.44723198185284,43.46969978959517],[-72.44796929084951,43.46968719830413],[-72.44877068905559,43.46957722681116],[-72.44985667004181,43.46930857255819],[-72.4520387342539,43.46967375844117],[-72.45267031154337,43.46972605676596],[-72.45272322452634,43.4676628395912],[-72.45272446480163,43.46761432522083],[-72.45191917925851,43.467469038896006],[-72.44989962373124,43.467158478314026],[-72.44920401989643,43.46723805597763],[-72.44776516151077,43.467561165603094],[-72.44670430649252,43.46752699229589],[-72.44336885891133,43.466546945432846],[-72.44262425763992,43.46616480087677],[-72.4409474201457,43.46577233026948],[-72.43972570569724,43.46559146071312],[-72.43738432524776,43.46553253905919],[-72.43642288870085,43.465375966821554],[-72.43564772872449,43.46509551514293],[-72.43376942509371,43.46422375679287]]],[[[-72.4332633990382,43.46398889989927],[-72.43376942509371,43.46422375679287],[-72.43377739816087,43.46420798972111],[-72.4332633990382,43.46398889989927]]],[[[-72.43391448266064,43.461659982025616],[-72.43361449900902,43.46397815624663],[-72.43582468687956,43.46501354996906],[-72.43652728265562,43.46525718269989],[-72.4374087950911,43.46539606013463],[-72.43994633589446,43.46547252315535],[-72.44143405266276,43.46573348255492],[-72.44265026662146,43.46602206226942],[-72.44346744898507,43.466428221432864],[-72.44674845122178,43.46739234870513],[-72.44723579546749,43.46743392283597],[-72.44785411617067,43.467410930583895],[-72.44922885924696,43.46709130810242],[-72.44990668963722,43.46701994858286],[-72.45272791248952,43.46747989291897],[-72.45276941870453,43.465861338655216],[-72.45278550876229,43.465292912934814],[-72.45278774965567,43.46521774766848],[-72.45231412262734,43.46521755385154],[-72.45161124258178,43.465121256711534],[-72.45011770175913,43.464832602118754],[-72.4490632173564,43.46489614305304],[-72.44800848517748,43.465247679808066],[-72.4474812908645,43.46521543827913],[-72.44677844538447,43.46508710632026],[-72.44568036233355,43.46476658370324],[-72.4440992765499,43.46415780614011],[-72.44234236966273,43.46367692428794],[-72.44045356924885,43.46332394755611],[-72.43759799544449,43.463226414057125],[-72.43391448266064,43.461659982025616]]],[[[-72.41461049161049,43.45851836600571],[-72.41460844854339,43.458592508233295],[-72.4146103859908,43.45859254568437],[-72.41461049161049,43.45851836600571]]],[[[-72.39723110295266,43.43248092263399],[-72.39687014573002,43.432977628249624],[-72.3966215053454,43.43369904116885],[-72.39676593239379,43.43615626695975],[-72.39709090975558,43.43776987394383],[-72.39973302275904,43.43573648963697],[-72.39849542507093,43.43579263689011],[-72.39865476152133,43.43260251210948],[-72.39723110295266,43.43248092263399]]]]}},{"type":"Feature","properties":{"OBJECT_ID":1275,"County":"Windsor","RPC":"MARC","Municipal_Name":"Windsor ","GEO_ID":"5002784925","District_Name":"Rural Residential","Abbreviated_District_Name":"Rur","District_Type":"Primarily Residential","Bylaw_Date":null,"Elderly_Housing_District":"No","District_Mapped":"Yes","Overlay_District":"No","Base_Density":null,"GIS_ID":null,"Last_Update":null,"Shape_Length":73188.60916027955,"Shape_Area":18215336.420228146,"F1F_Allowance":"Permitted","F1F_Front_Setback":50.0,"F1F_Side_Setback":50.0,"F1F_Rear_Setback":75.0,"F1F_Frontage":300.0,"F1F_Max_Height":40.0,"F1F_Max_Stories":null,"F1F_Min_Lot_Size":5.0,"F1F_Max_Lot_Building_Coverage":null,"F1F_Max_Lot_Impervious_Coverage":null,"F1F_Min_Parking_Spaces":2.0,"F1F_Elderly_Housing_Only":null,"F1F_Affordable_Housing_Only":null,"F2F_Allowance":"Permitted","F2F_Front_Setback":50.0,"F2F_Side_Setback":50.0,"F2F_Rear_Setback":75.0,"F2F_Frontage":300.0,"F2F_Max_Density":0.2,"F2F_Max_Height":40.0,"F2F_Max_Stories":null,"F2F_Min_Lot_Size":10.0,"F2F_Max_Lot_Building_Coverage":null,"F2F_Max_Lot_Impervious_Coverage":null,"F2F_Min_Parking_Spaces_per_1BR":2.0,"F2F_Min_Parking_Spaces_per_mult_BR":2.0,"F2F_Elderly_Housing_Only":"No","F2F_Affordable_Housing_Only":"No","F3F_Allowance":"Prohibited","F3F_Front_Setback":null,"F3F_Side_Setback":null,"F3F_Rear_Setback":null,"F3F_Frontage":null,"F3F_Max_Density":null,"F3F_Max_Height":null,"F3F_Max_Stories":null,"F3F_Min_Lot_Size":null,"F3F_Max_Lot_Building_Coverage":null,"F3F_Max_Lot_Impervious_Coverage":null,"F3F_Min_Parking_Spaces_per_1BR":null,"F3F_Min_Parking_Spaces_per_mult_BR":null,"F3F_Affordable_Housing_Only":null,"F3F_Proximity_to_Public_Transit_Required":null,"F3F_Connection_to_Sewage/Water_Required":null,"F4F_Allowance":"Prohibited","F4F_Front_Setback":null,"F4F_Side_Setback":null,"F4F_Rear_Setback":null,"F4F_Frontage":null,"F1F_Max_Density":null,"F4F_Max_Density":null,"F4F_Max_Height":null,"F4F_Max_Stories":null,"F4F_Min_Lot_Size":null,"F4F_Max_Lot_Building_Coverage":null,"F4F_Max_Lot_Impervious_Coverage":null,"F4F_Min_Parking_Spaces_per_1BR":null,"F4F_Min_Parking_Spaces_per_mult_BR":null,"F3F_Elderly_Housing_Only":null,"F4F_Elderly_Housing_Only":null,"F4F_Affordable_Housing_Only":null,"F4F_Proximity_to_Public_Transit_Required":null,"F4F_Connection_to_Sewage/Water_Required":null,"ADU_Allowance":"Allowed/Conditional","ADU_Elderly_Housing_Only":"No","ADU_Max_Size_as_Percent_of_Primary_Strcture":30.0,"ADU_Max_Size_in_sq_ft":null,"ADU_Min_Lot_Size":5.0,"ADU_Max_Bedrooms":null,"ADU_Min_Parking_Spaces":2.0,"ADU_Owner_Occupancy_Required":"Yes","ADU_Renter_Occupancy_Prohibited":"No","ADU_Employee_or_Family_Occupancy_Required":"No","ADU_Restricted_to_Primary_Structure":"No","Affordable_Housing_Allowance":"Not Mentioned","Affordable_Housing_District":"No","Affordable_Housing_Elderly_Only":null,"Affordable_Housing_Min_Lot_Size":null,"Affordable_Housing_Max_Density":null,"Affordable_Housing_Min_Parking_Spaces_per_mult_BR":null,"Affordable_Housing_Max_Units_per_Building":null,"Affordable_Housing_Min_Parking_Spaces_per_1BR":null,"PRD_Allowance":"Public Hearing","PRD_Max_Density":0.5,"PRD_Max_Units":null,"PRD_Min_Lot_Size":null,"PRD_Mobile_or_Manufactured_Home_Park":"No","PUD_Allowance":null,"PUD_Required_with_Subdivision":null,"PUD_Requires_Land_Conservation":null,"PUD_Threshold_Number":null,"Notes":"None","FIPS6":null},"geometry":{"type":"MultiPolygon","coordinates":[[[[-72.4328999999902,43.5088844103604],[-72.43278217040795,43.508959369954276],[-72.43426289743206,43.51103470342496],[-72.43446989978119,43.51152952461394],[-72.43461178892368,43.51219708691325],[-72.434592874109,43.51253383958885],[-72.4338733167274,43.51600324067943],[-72.43326687099326,43.51777214643203],[-72.4328385660734,43.5195539516969],[-72.432328835182,43.520500864946285],[-72.43226516998065,43.52074525990918],[-72.4324261243115,43.5212991274528],[-72.43381145310697,43.523377909958825],[-72.45031232261329,43.52502158490924],[-72.45018368584026,43.52190125297571],[-72.45081059947996,43.51853710829176],[-72.45084509241796,43.51775358577279],[-72.45070360804509,43.51760350529969],[-72.4499672777444,43.51621886034757],[-72.44991585650746,43.51530382979648],[-72.44928337844888,43.51364919622342],[-72.44752176755821,43.51139716611562],[-72.44699208837253,43.51119081231104],[-72.44622492323485,43.51120170535837],[-72.44568588266586,43.51109808035663],[-72.44519023832447,43.51087239659774],[-72.44475385703326,43.51050588800221],[-72.44454983976111,43.51046247191306],[-72.44287107669136,43.510800308321066],[-72.44115268627412,43.51093332682582],[-72.43985377760228,43.510900865732005],[-72.43875870563845,43.51070725523684],[-72.43785469446757,43.51075760967176],[-72.43764605456533,43.51070356026871],[-72.43698630418926,43.51037163757738],[-72.43580835553995,43.50999294013511],[-72.43505324642048,43.50958641444302],[-72.43353926983586,43.50905476593126],[-72.4328999999902,43.5088844103604]]],[[[-72.45125831960911,43.50804010784976],[-72.45071560618842,43.50808509179624],[-72.45015552291241,43.50821592621991],[-72.44975659221791,43.50834500071445],[-72.44915540842021,43.5086338923743],[-72.44872335564926,43.5090788973932],[-72.44791309691378,43.510249084174426],[-72.44712011881435,43.511067670345504],[-72.44764939229707,43.511296244154124],[-72.44945038511102,43.51359856843986],[-72.45009443739936,43.515283374799964],[-72.45014510520616,43.516177870973],[-72.4508558282631,43.51750982276917],[-72.45125831960911,43.50804010784976]]],[[[-72.42947807565037,43.50329000707155],[-72.42941818978522,43.505064017075156],[-72.43031142001126,43.505972774344045],[-72.4328076552927,43.507187190693806],[-72.4336502350961,43.50771188711917],[-72.43406875606418,43.508038399582425],[-72.43412581774379,43.508104570082644],[-72.43307050659622,43.50877593923383],[-72.43496378362947,43.50940268635247],[-72.43504572734098,43.50939035744548],[-72.43463736769529,43.50890864017075],[-72.43450336034137,43.5084635761612],[-72.43450624185714,43.507943066580374],[-72.43482383459657,43.50513781643359],[-72.43493886098388,43.50490026867779],[-72.43548098612136,43.5042167795817],[-72.43559331354905,43.50397121240155],[-72.42947807565037,43.50329000707155]]],[[[-72.41078864526722,43.50128367066312],[-72.41058421319089,43.502224157936105],[-72.41013047546231,43.50306145938946],[-72.40932105854235,43.503999176266866],[-72.408107449002,43.50618172632333],[-72.40744027783502,43.50755721769166],[-72.40723364504882,43.508236275370926],[-72.40766051562787,43.50935787908538],[-72.40702843358464,43.51025198227146],[-72.40737663227796,43.511522671980316],[-72.40892933993365,43.51599980666668],[-72.4096406407988,43.5182445015842],[-72.40980907805346,43.51960012807777],[-72.40978526715872,43.52027469118044],[-72.40965254622567,43.52096978495896],[-72.43360687657355,43.52335751843757],[-72.43228609482199,43.521390178716395],[-72.43213377668827,43.521063451555875],[-72.43208543759889,43.5207381919338],[-72.43215182824258,43.520477413287125],[-72.43266659518764,43.51952220667546],[-72.43314572575582,43.51757159293223],[-72.43371769901391,43.515871792736405],[-72.43439728242444,43.512561996087285],[-72.43442050843029,43.51217152073539],[-72.43425817079438,43.51147328722292],[-72.43405343914286,43.51102445578662],[-72.43263495108646,43.50905302520939],[-72.43131233906816,43.50989439865424],[-72.43060890323451,43.509417488563095],[-72.4283223796908,43.508313368282344],[-72.42765871259806,43.50793643814231],[-72.42654639845087,43.50687438574666],[-72.4264472383386,43.50719565357851],[-72.42594122194788,43.50795225516782],[-72.42568624120445,43.508832782596755],[-72.42566943620633,43.509300260587636],[-72.42577245477077,43.51006703142247],[-72.42573462497137,43.51034674100634],[-72.42561219291645,43.510597001875745],[-72.42518367279011,43.51115949569521],[-72.42504079478509,43.51106411839249],[-72.42546390461808,43.510501902403895],[-72.42557559387562,43.51018820641243],[-72.42547817407747,43.50926926624447],[-72.4255066020298,43.5087792924326],[-72.42576893927267,43.50788990957872],[-72.42631718139859,43.507049725575634],[-72.4263502889918,43.50683688740553],[-72.42629865463546,43.50668842656682],[-72.42598856967734,43.50673573541902],[-72.42499908101014,43.50668270660142],[-72.42338024226247,43.50634114577593],[-72.41999938119531,43.50513402867142],[-72.41897443190871,43.504714244992705],[-72.41845315971445,43.504360291187325],[-72.41791316395535,43.50388894740544],[-72.41719152701909,43.503020058561596],[-72.41671537725608,43.50273590258388],[-72.41427266881429,43.501988202806],[-72.41328858348305,43.50177037422574],[-72.41185234221845,43.50159499925012],[-72.41078864526722,43.50128367066312]]],[[[-72.44329855515949,43.500849549793216],[-72.44144606645123,43.500889965093315],[-72.43774255485411,43.5014167483892],[-72.43682937852782,43.50149493537153],[-72.43641594899594,43.501462921829294],[-72.43548804892558,43.50121290463857],[-72.43572114212769,43.50222403395548],[-72.43578537776297,43.50396140670265],[-72.43567688592222,43.50423594689653],[-72.43512160099517,43.504942072403914],[-72.43500230601043,43.505196213084105],[-72.4346792464997,43.50841895256157],[-72.43482483881189,43.50887337591937],[-72.43544973568872,43.509609493409954],[-72.43585912108848,43.509863016598565],[-72.43710738574757,43.51025912056319],[-72.43788266432281,43.51061740541636],[-72.43877932982302,43.5105682430599],[-72.43994704769736,43.5107705424032],[-72.44137930263972,43.51078619219278],[-72.44279970109588,43.51067046104806],[-72.44432425286818,43.51034021595472],[-72.44458861096894,43.510326842857154],[-72.44482894266118,43.51038497324663],[-72.44524873041364,43.510724259981444],[-72.44573624622204,43.51096217470084],[-72.4462590560238,43.511063191450454],[-72.4468855374627,43.51105799805582],[-72.447805772276,43.51011676275735],[-72.44856922291852,43.509002108984795],[-72.44899393547935,43.50855407692964],[-72.44944513583634,43.50831068841006],[-72.45008761177935,43.50808812457542],[-72.45126660684733,43.50787514358505],[-72.45127297997226,43.507748279772926],[-72.45085554872779,43.504696766175286],[-72.45081770648976,43.50466032099983],[-72.45030043437681,43.50540696997301],[-72.4480202429973,43.505186912033906],[-72.44796911293679,43.505329849176825],[-72.44599571966411,43.505159604448856],[-72.44589618511013,43.5067042130331],[-72.44518546622812,43.50674740343741],[-72.44428299120158,43.50687965296333],[-72.44447674562414,43.50503285828864],[-72.44395780322952,43.50499603401279],[-72.44399271834929,43.50108483202542],[-72.44329855515949,43.500849549793216]]],[[[-72.4095801810493,43.48650531927685],[-72.40892874530948,43.48657364588489],[-72.40827736514392,43.486859190078775],[-72.40834232959953,43.487584739620296],[-72.40811543710623,43.49021180596349],[-72.40816130864658,43.49104486080792],[-72.40854341172752,43.49206587088807],[-72.40914520114478,43.49319696407527],[-72.41013021779004,43.49463720445087],[-72.41115088106324,43.49630445069368],[-72.41704282380309,43.49685773799739],[-72.41681903705555,43.494653653874465],[-72.41880283739064,43.494815271079155],[-72.41864912571158,43.493901627449226],[-72.42449290889653,43.49452389835463],[-72.42933077907797,43.4937403103689],[-72.42910571320618,43.493254188240506],[-72.42854903126492,43.49057758130399],[-72.42835854731787,43.49026432415508],[-72.42762746280876,43.48939730328588],[-72.42748216723355,43.489102357013856],[-72.42710517853948,43.48711288739189],[-72.42276653980544,43.48760221268262],[-72.42181034187576,43.48763538786853],[-72.4211841787852,43.48758031807935],[-72.42017342302648,43.487384969429534],[-72.41772899262902,43.48750046192964],[-72.41713909078705,43.48748899531521],[-72.41329008144352,43.48698686536184],[-72.41212768916122,43.48695313772421],[-72.41112398981585,43.48671397572117],[-72.41004064280848,43.48652551264857],[-72.4095801810493,43.48650531927685]]],[[[-72.43662118272951,43.4851609053122],[-72.43463605193415,43.48576904243813],[-72.43339153343986,43.485951860077414],[-72.43204515275833,43.48601731017757],[-72.43033441523517,43.485796036004544],[-72.42893206507978,43.48582175403916],[-72.42861084620911,43.48598512002266],[-72.42788913974522,43.486693148293526],[-72.42728831834997,43.487093734560574],[-72.42764955384175,43.48901512416316],[-72.42780986231048,43.489356632176566],[-72.42848039742326,43.49013479989819],[-72.42874067264161,43.49056525425643],[-72.42928965704182,43.49322357170972],[-72.42953365087068,43.49371688076684],[-72.43017210381575,43.4942324410402],[-72.43094564078767,43.494545907221855],[-72.43169620767759,43.494679263629386],[-72.43429193152627,43.4949583359172],[-72.43444194651754,43.49164717358437],[-72.43793541093157,43.49081757499055],[-72.43802567981696,43.48868466690178],[-72.43650444120526,43.48855113719537],[-72.43662118272951,43.4851609053122]]],[[[-72.43950431816938,43.48467092613393],[-72.43921226186214,43.484676739847565],[-72.43923017465585,43.48492288026345],[-72.43962926204124,43.48488645019739],[-72.43950431816938,43.48467092613393]]],[[[-72.45012756847116,43.48161119030159],[-72.44963501241101,43.48165815973337],[-72.44909792017226,43.48183963062876],[-72.44809624022956,43.48232938565302],[-72.44742938806306,43.482458823059986],[-72.44673875736612,43.482389588740595],[-72.44526310278779,43.48198208676439],[-72.44488688248939,43.4819535671548],[-72.444405869938,43.48204236010305],[-72.4442085079608,43.482007946578726],[-72.44397646428986,43.48188111634577],[-72.44382793832706,43.48208722334023],[-72.44349966116098,43.48325670564274],[-72.44323860695823,43.483579840896674],[-72.44292206356602,43.48375443057226],[-72.4418560127225,43.48401056375461],[-72.44087872589164,43.484345628885535],[-72.4408102128222,43.488837190364436],[-72.44485529415103,43.489079499850284],[-72.44650279303056,43.48888802657341],[-72.44649565142313,43.489977357711],[-72.44954112027955,43.49003815795996],[-72.44950279470712,43.49106573359833],[-72.45166861383521,43.49112158842411],[-72.45225587687392,43.48325373532731],[-72.45175420527147,43.48309199825836],[-72.45141060019823,43.482843550744974],[-72.45074690487479,43.48194182519265],[-72.45052765913715,43.481737519218186],[-72.45012756847116,43.48161119030159]]],[[[-72.44826001383893,43.470125850607474],[-72.44793043871677,43.47027879119616],[-72.44722594774127,43.47076297865759],[-72.44694623822254,43.4708629861122],[-72.44661868905561,43.47090333758548],[-72.44595564579,43.470795927847526],[-72.44424993645555,43.470137398236346],[-72.44481913431535,43.47065551928777],[-72.44521939588756,43.470925954391795],[-72.44638253673827,43.47153667811286],[-72.44675437164874,43.47165048761613],[-72.44708959423858,43.471668931576964],[-72.44727199260973,43.47155319369942],[-72.44757559859842,43.47106432421172],[-72.44814571055491,43.47055370513728],[-72.44824822782232,43.4703554427373],[-72.44826001383893,43.470125850607474]]],[[[-72.43578499563034,43.468947207586545],[-72.434233857455,43.46906777028066],[-72.43137933004836,43.4694691024067],[-72.43052428083595,43.46945177932151],[-72.42954428189512,43.46928009188631],[-72.429918965739,43.46955653705547],[-72.43087821231013,43.46998643320472],[-72.43122225486925,43.47005400824603],[-72.43191020998522,43.469951401809034],[-72.43269309461596,43.469923240081464],[-72.43346761163723,43.46942519069024],[-72.43486861026392,43.46922825631224],[-72.43578499563034,43.468947207586545]]],[[[-72.43937564178822,43.46886436212477],[-72.43956902402817,43.46897493822398],[-72.4399939403198,43.46926882370751],[-72.4404246864081,43.46993667266917],[-72.4406751337363,43.470137993865904],[-72.44163736663072,43.46996007881388],[-72.44224128599078,43.46968170512762],[-72.44272455713367,43.46954932643643],[-72.43937564178822,43.46886436212477]]],[[[-72.43719573727181,43.46864328862097],[-72.43674456366053,43.46872496859379],[-72.43592270775513,43.46910157128633],[-72.43449754297268,43.469514949873975],[-72.4338598798837,43.46954285610146],[-72.43358946237863,43.46960014780545],[-72.43296833927704,43.470040420153126],[-72.43260476632408,43.47017226383928],[-72.43221398225346,43.47011296424672],[-72.43149050588774,43.47020071837189],[-72.43053204896543,43.470085726657835],[-72.43013829967076,43.46992058719997],[-72.42918466476722,43.46932283006131],[-72.42867876673073,43.469952382603765],[-72.42864462415095,43.47008484533829],[-72.42872028436547,43.47044613060978],[-72.42854867946448,43.470879481644154],[-72.42858756696872,43.470982455645476],[-72.42873151695802,43.47107550937388],[-72.42967895231389,43.471376718056774],[-72.43003574423332,43.471443811232916],[-72.43045640388387,43.47138921802792],[-72.43129148229056,43.47098959658865],[-72.43181027898636,43.470897998125636],[-72.43215629682095,43.470928864270604],[-72.43291879396473,43.4711869696552],[-72.43330925261938,43.47119732423627],[-72.43483147653374,43.471078797300926],[-72.43499132378334,43.47112354167847],[-72.43512675131235,43.47125118081112],[-72.43526086693794,43.47152234374807],[-72.43549916139341,43.47261681088411],[-72.43606743261931,43.47432859763615],[-72.43631808515295,43.47471346268555],[-72.43713870440132,43.47560101359387],[-72.4372774854852,43.475860713674614],[-72.43741459056167,43.47737191172202],[-72.4374461487909,43.47860626996673],[-72.43827489591767,43.479926570127766],[-72.43884677769972,43.48165029712439],[-72.43894119331264,43.48455867092615],[-72.44007160131628,43.4844816349035],[-72.44155165991721,43.48395485503477],[-72.442998736849,43.483556938128125],[-72.44332471803754,43.48320275409833],[-72.44362317853741,43.48211504023207],[-72.4438581080867,43.481628466317744],[-72.4443623590405,43.48189058663476],[-72.44486885280692,43.48181439322387],[-72.44518752892962,43.481828399934884],[-72.44671300767406,43.48224021602575],[-72.44739512833944,43.482320838316454],[-72.44795571946163,43.48222510673114],[-72.44903583860173,43.48170838476193],[-72.44953352118559,43.4815358267111],[-72.44998012194944,43.48147146919505],[-72.45036598647012,43.48151432211092],[-72.45044096631207,43.481465129682576],[-72.450820129449,43.480246916371584],[-72.45120410037622,43.47831452744569],[-72.45138987601788,43.47833682657367],[-72.45101753876511,43.48022027967427],[-72.45059150859049,43.48159943740057],[-72.450851702049,43.48180200295874],[-72.45157290182975,43.48277139967614],[-72.45191689679689,43.4830148548873],[-72.45226255091325,43.48311865217969],[-72.45249965883723,43.47616371390864],[-72.45264590135466,43.470677985306125],[-72.4526470014968,43.4706349921595],[-72.45040445480123,43.47037489360729],[-72.44886099304293,43.47008751625519],[-72.44847401352196,43.47008375471994],[-72.44833532103176,43.47058177257958],[-72.44790125158192,43.47098718987236],[-72.44755396525937,43.471514649382975],[-72.44725683306801,43.47166668295795],[-72.44677246454431,43.47171350890534],[-72.44625618160292,43.47159688184081],[-72.44572339640396,43.4713792724433],[-72.44412180452616,43.47045560988649],[-72.4433232671564,43.469875135817354],[-72.443053049203,43.4697409747483],[-72.44283794515496,43.46972342785543],[-72.44259882149427,43.469783429819785],[-72.44108544754113,43.47037750570474],[-72.44066137429235,43.47039099956755],[-72.44030619071921,43.4702512297396],[-72.44009787557637,43.46961675245232],[-72.43997097094841,43.46945692141651],[-72.43972434155509,43.46929153203861],[-72.43903839224174,43.46895236542811],[-72.4387052074501,43.46884248677373],[-72.43719573727181,43.46864328862097]]],[[[-72.42674087610618,43.46696772721653],[-72.42675561598263,43.46723263105271],[-72.42692267503116,43.46801639742875],[-72.4271254332626,43.46833141941885],[-72.42739055899202,43.468494313939615],[-72.42859373400235,43.46902774774794],[-72.42907059643377,43.46911468522551],[-72.42818820836196,43.46870465329981],[-72.42717664714424,43.46781438456125],[-72.42674087610618,43.46696772721653]]],[[[-72.4290198235184,43.465130576940744],[-72.42923352847832,43.46584282322642],[-72.4292100243781,43.46612809956254],[-72.42909884905835,43.46641880861115],[-72.42853529674248,43.467487335329956],[-72.42765837554701,43.46802284011873],[-72.42845278048367,43.468686888105374],[-72.42972783280722,43.469189628858686],[-72.43071868504117,43.46932813255396],[-72.43166221933346,43.469306197625066],[-72.43420697053187,43.468931684729554],[-72.43574535685251,43.46881280293339],[-72.43614056236976,43.46870233904169],[-72.43687434781754,43.46833482766264],[-72.43722200396273,43.468263712555164],[-72.43759817484991,43.46825421528953],[-72.43805035263786,43.4683185937791],[-72.43999357655827,43.468858217178486],[-72.44317413990431,43.4695173422005],[-72.44578319650482,43.470583618134505],[-72.44633882148119,43.47074287597873],[-72.446673656978,43.47076138578764],[-72.44702749788108,43.470687010599214],[-72.44797231931027,43.470081349308934],[-72.44854751600026,43.46993576343196],[-72.44900051643039,43.46996768162247],[-72.45119737547213,43.47035132610531],[-72.45265052730316,43.47049751130175],[-72.45267031154337,43.46972605676596],[-72.4520387342539,43.46967375844117],[-72.44985667004181,43.46930857255819],[-72.44877068905559,43.46957722681116],[-72.44796929084951,43.46968719830413],[-72.44723198185284,43.46969978959517],[-72.44610591675321,43.46960612407211],[-72.44528064514571,43.469434899949185],[-72.44215844068518,43.46848625357182],[-72.44121360094455,43.468060182183024],[-72.44004232344942,43.46779702898799],[-72.43941270613075,43.46769167262335],[-72.4376099807584,43.46767277136182],[-72.43668175035747,43.467614031428404],[-72.43569262252922,43.467447885831234],[-72.43461129362923,43.4671076144301],[-72.43081892638459,43.465402016924585],[-72.42991097688541,43.46533592900298],[-72.4290198235184,43.465130576940744]]],[[[-72.42344498467266,43.46246931682725],[-72.42337878800653,43.46259740017685],[-72.42306053428142,43.46324702127474],[-72.42290276696869,43.46402086379487],[-72.42296486044542,43.464691275316525],[-72.42316335191424,43.46530397264286],[-72.423405371925,43.465701591918936],[-72.4237217247678,43.465959812004094],[-72.4249197201194,43.46623316458848],[-72.42452610171657,43.46599916015892],[-72.42353535747823,43.465216534407865],[-72.42322342393805,43.464830052293564],[-72.42315677074868,43.46440196398586],[-72.4235077923534,43.46288158044126],[-72.42351235987269,43.46262849741853],[-72.42344498467266,43.46246931682725]]],[[[-72.42393983483768,43.46165919505705],[-72.42393748234682,43.46174175141706],[-72.42356298185085,43.46229288906196],[-72.42370643018023,43.462764346251724],[-72.42334443024893,43.46442009208955],[-72.42344813120562,43.464869512442974],[-72.4237103777178,43.4651529398834],[-72.42489098320965,43.46605207109044],[-72.42683841136183,43.46679205359214],[-72.42726258455508,43.46764665386231],[-72.42753878063506,43.46791622860872],[-72.42823633331513,43.46752673932402],[-72.42840682509488,43.46737488197404],[-72.42894641946589,43.466319491554096],[-72.42904390288086,43.465850019096536],[-72.42880501582329,43.465046376950994],[-72.4280845447523,43.46471506543925],[-72.42704284935002,43.4640346405916],[-72.42494689404005,43.46251430700041],[-72.42393983483768,43.46165919505705]]],[[[-72.42310143482993,43.46123864113762],[-72.42192792306349,43.46142325028442],[-72.42085519187411,43.46170499474659],[-72.4198209717944,43.461767001028925],[-72.4195905536966,43.46196781719469],[-72.42109266396531,43.461720204162354],[-72.42273278374411,43.46164495443564],[-72.42306020185544,43.461682024726024],[-72.42327248341536,43.46176542556353],[-72.42341000323476,43.46203499393643],[-72.42348571255225,43.462014085599726],[-72.42371430959231,43.461717340341],[-72.42376818686672,43.46145954656941],[-72.42352101242079,43.46127466941423],[-72.42310143482993,43.46123864113762]]],[[[-72.41460844854339,43.458592508233295],[-72.4146490723068,43.45933007856963],[-72.41502834997056,43.45982246835722],[-72.41627631872552,43.46126743002509],[-72.41662199497775,43.46150114816246],[-72.41712101218718,43.46171155926781],[-72.41810120258219,43.461912258699186],[-72.41926075492694,43.4619790413955],[-72.4195836196822,43.46166416622375],[-72.41982741202908,43.46156897723816],[-72.42018312286368,43.46152464460804],[-72.42102688697905,43.461523612926186],[-72.42190497056185,43.46125847159506],[-72.42287953794829,43.46115323615061],[-72.41851504586135,43.45940208369826],[-72.41485370418026,43.45859779112366],[-72.4146103859908,43.45859254568437],[-72.41460844854339,43.458592508233295]]],[[[-72.41099979463623,43.455518641691285],[-72.4110919243164,43.455622859586484],[-72.41209560013694,43.4571217535816],[-72.41251392785057,43.45755735983662],[-72.41274042447144,43.45766766030673],[-72.41376029136848,43.457880730938605],[-72.41410723250529,43.45801832795194],[-72.4142431364473,43.458576355146114],[-72.41423232741104,43.45939432525227],[-72.41444911802206,43.46009966324777],[-72.41466423818663,43.46035065989645],[-72.41540722102013,43.460889239997854],[-72.41597818444943,43.46155791931985],[-72.41633617704824,43.461821600258055],[-72.41671899140752,43.462013856559835],[-72.41772493325344,43.46230451765985],[-72.41842145967357,43.4623903874224],[-72.41911913888684,43.46219511129202],[-72.41921656927903,43.4621071387846],[-72.41813306237619,43.462054752431165],[-72.41715709330244,43.461871214197835],[-72.41660247004003,43.461659003905034],[-72.41619193952107,43.461409907559634],[-72.41564401843347,43.46082738755579],[-72.41447868823997,43.45939626497197],[-72.4144367083585,43.45822327858215],[-72.41433969936782,43.45801224386595],[-72.41417075837882,43.45787998392272],[-72.41373264481122,43.457773258697095],[-72.41342749169912,43.457577324626904],[-72.41214135114637,43.45619341092915],[-72.41157857934374,43.45579123327961],[-72.4111244816891,43.45553962389702],[-72.41099979463623,43.455518641691285]]],[[[-72.40799389708684,43.45395372885584],[-72.40763990141835,43.4546699449447],[-72.40762730101571,43.455083985028665],[-72.40813778317195,43.45608218163734],[-72.40791943521357,43.45722401930249],[-72.40700287845733,43.460168671668214],[-72.4068135151286,43.461271712798634],[-72.40805837605974,43.46287463208247],[-72.40873276242287,43.46586409265531],[-72.40878820655743,43.466745187277674],[-72.40840606622773,43.46789835493435],[-72.40763250665451,43.46840580090749],[-72.40762475690282,43.469183895800334],[-72.40732905270526,43.46960354204557],[-72.40707956652912,43.470103813427585],[-72.40681895687277,43.47080280072849],[-72.4066789840241,43.471409977773185],[-72.40760070214647,43.473058553965785],[-72.40694243271767,43.47389793188736],[-72.40688404493265,43.47922341724982],[-72.4070048365935,43.48055545988282],[-72.40791713483372,43.481890463563325],[-72.40769295083152,43.48274158495496],[-72.4078162340224,43.48422924791296],[-72.40886866926408,43.48644744300905],[-72.40956067847836,43.486371061401435],[-72.40996089281016,43.48637834043815],[-72.41094345832502,43.48653275859119],[-72.41215956556633,43.48681645888791],[-72.41329298445463,43.48684833522457],[-72.41718679232984,43.487354154667116],[-72.42022768806738,43.48724844529637],[-72.4212052193982,43.4874425752437],[-72.42225170202136,43.48749807098919],[-72.42661501062943,43.487050199353654],[-72.42722709335546,43.48692640404466],[-72.4275100509973,43.48678383263831],[-72.4279087201412,43.48647080607903],[-72.42842007527862,43.48592684592132],[-72.42881784859362,43.48570888911382],[-72.42924903273844,43.48565894798365],[-72.4303654767129,43.485659914130665],[-72.43210170867302,43.485879937437936],[-72.43376374544472,43.48577796188704],[-72.43466596244856,43.48561597067037],[-72.43664451822912,43.48500958366957],[-72.43875265660854,43.484577768431585],[-72.43867555071189,43.48175132683067],[-72.43809638917804,43.479972533824665],[-72.43725916938254,43.47863099064223],[-72.4372173643223,43.477223708309836],[-72.43708858755986,43.47588184700907],[-72.43694361599398,43.47563297156215],[-72.4361978372774,43.474832800139914],[-72.43591283465808,43.47442470995121],[-72.43547274299321,43.47312472335167],[-72.43509088416472,43.471564017739375],[-72.43486722783153,43.47123506989604],[-72.43468032250993,43.47121112486121],[-72.43302291554672,43.47133013325124],[-72.43266572109167,43.47127591708259],[-72.43207351009201,43.471050118010965],[-72.43171742836354,43.4710383737756],[-72.43122988051077,43.47116022879694],[-72.43052114692722,43.47151344420036],[-72.43009931415824,43.471580413391685],[-72.42969230343625,43.47152102416716],[-72.42872091336935,43.47122549744868],[-72.42841831614777,43.47105583543951],[-72.42836338092327,43.47080616183123],[-72.42852995756571,43.470379558728254],[-72.42846555501663,43.469971094965516],[-72.4290205921369,43.46927308203695],[-72.42878590846173,43.46915915719967],[-72.42791759659835,43.46893133973089],[-72.42727841151167,43.46861498034603],[-72.42699170472979,43.46841544283229],[-72.42681821246627,43.46817047398288],[-72.42659435096105,43.4671015224245],[-72.42638765179333,43.46685420836778],[-72.42363080564368,43.46609040372901],[-72.4233113484386,43.46584273507742],[-72.42304539854658,43.46543349982434],[-72.42279816347164,43.4648910138158],[-72.42272324268068,43.463984248647456],[-72.4229195091891,43.46299848029953],[-72.42309548715217,43.46247991242242],[-72.42328472560091,43.462163236580146],[-72.42311867296505,43.461857867783245],[-72.42265731263379,43.46177675756705],[-72.42089087489542,43.46188370441416],[-72.41951196431077,43.4621188045547],[-72.41940555218669,43.462281876005044],[-72.41922078595769,43.46241591935083],[-72.41869511021889,43.46249564112733],[-72.41779149738161,43.46248472756632],[-72.41641539382874,43.46206293397926],[-72.41602188142538,43.46179914891172],[-72.41544419151697,43.461237073686966],[-72.41465790309353,43.46073791239675],[-72.4143054917625,43.460359040766114],[-72.41406285751498,43.45963384742064],[-72.41407044935434,43.45836695294143],[-72.41398741508849,43.45809938990038],[-72.41366870272282,43.45793516161876],[-72.41264069700229,43.457740360664424],[-72.41224173590882,43.45753176910658],[-72.41134820936539,43.45648294356157],[-72.41107810260537,43.45583057602577],[-72.41066777060456,43.45548962521562],[-72.41007151129558,43.455291619914505],[-72.4086987002065,43.45513976471378],[-72.40928186910536,43.45556729013313],[-72.41071595824388,43.45633133056973],[-72.4109119039798,43.45647198590663],[-72.41116703040032,43.45680663067355],[-72.41190119157307,43.45725008012014],[-72.4124224878477,43.45804004520272],[-72.41356044467578,43.45911759583791],[-72.41374153524367,43.4596682047689],[-72.41354849017742,43.459648018075264],[-72.41334805688633,43.459123553137786],[-72.41230068837716,43.45815548891989],[-72.4116281487458,43.45728214734846],[-72.41104832428687,43.45691919243577],[-72.4106589822843,43.45647804704773],[-72.4091512098499,43.45566760438373],[-72.40862662014207,43.45531129226103],[-72.40824874287418,43.45471136212732],[-72.40799389708684,43.45395372885584]]]]}},{"type":"Feature","properties":{"OBJECT_ID":1274,"County":"Windsor","RPC":"MARC","Municipal_Name":"Windsor ","GEO_ID":"5002784925","District_Name":"Roadside Business","Abbreviated_District_Name":"Rb","District_Type":"Mixed with Residential","Bylaw_Date":null,"Elderly_Housing_District":"No","District_Mapped":"Yes","Overlay_District":"No","Base_Density":null,"GIS_ID":null,"Last_Update":null,"Shape_Length":10177.555988015813,"Shape_Area":467610.47480679245,"F1F_Allowance":"Permitted","F1F_Front_Setback":60.0,"F1F_Side_Setback":20.0,"F1F_Rear_Setback":40.0,"F1F_Frontage":100.0,"F1F_Max_Height":60.0,"F1F_Max_Stories":null,"F1F_Min_Lot_Size":0.46,"F1F_Max_Lot_Building_Coverage":20.0,"F1F_Max_Lot_Impervious_Coverage":null,"F1F_Min_Parking_Spaces":2.0,"F1F_Elderly_Housing_Only":null,"F1F_Affordable_Housing_Only":null,"F2F_Allowance":"Permitted","F2F_Front_Setback":60.0,"F2F_Side_Setback":20.0,"F2F_Rear_Setback":40.0,"F2F_Frontage":100.0,"F2F_Max_Density":4.0,"F2F_Max_Height":60.0,"F2F_Max_Stories":null,"F2F_Min_Lot_Size":0.46,"F2F_Max_Lot_Building_Coverage":20.0,"F2F_Max_Lot_Impervious_Coverage":null,"F2F_Min_Parking_Spaces_per_1BR":2.0,"F2F_Min_Parking_Spaces_per_mult_BR":2.0,"F2F_Elderly_Housing_Only":"No","F2F_Affordable_Housing_Only":"No","F3F_Allowance":"Prohibited","F3F_Front_Setback":null,"F3F_Side_Setback":null,"F3F_Rear_Setback":null,"F3F_Frontage":null,"F3F_Max_Density":null,"F3F_Max_Height":null,"F3F_Max_Stories":null,"F3F_Min_Lot_Size":null,"F3F_Max_Lot_Building_Coverage":null,"F3F_Max_Lot_Impervious_Coverage":null,"F3F_Min_Parking_Spaces_per_1BR":null,"F3F_Min_Parking_Spaces_per_mult_BR":null,"F3F_Affordable_Housing_Only":null,"F3F_Proximity_to_Public_Transit_Required":null,"F3F_Connection_to_Sewage/Water_Required":null,"F4F_Allowance":"Prohibited","F4F_Front_Setback":null,"F4F_Side_Setback":null,"F4F_Rear_Setback":null,"F4F_Frontage":null,"F1F_Max_Density":null,"F4F_Max_Density":null,"F4F_Max_Height":null,"F4F_Max_Stories":null,"F4F_Min_Lot_Size":null,"F4F_Max_Lot_Building_Coverage":null,"F4F_Max_Lot_Impervious_Coverage":null,"F4F_Min_Parking_Spaces_per_1BR":null,"F4F_Min_Parking_Spaces_per_mult_BR":null,"F3F_Elderly_Housing_Only":null,"F4F_Elderly_Housing_Only":null,"F4F_Affordable_Housing_Only":null,"F4F_Proximity_to_Public_Transit_Required":null,"F4F_Connection_to_Sewage/Water_Required":null,"ADU_Allowance":"Allowed/Conditional","ADU_Elderly_Housing_Only":"No","ADU_Max_Size_as_Percent_of_Primary_Strcture":30.0,"ADU_Max_Size_in_sq_ft":null,"ADU_Min_Lot_Size":0.46,"ADU_Max_Bedrooms":null,"ADU_Min_Parking_Spaces":2.0,"ADU_Owner_Occupancy_Required":"Yes","ADU_Renter_Occupancy_Prohibited":"No","ADU_Employee_or_Family_Occupancy_Required":"No","ADU_Restricted_to_Primary_Structure":"No","Affordable_Housing_Allowance":"Not Mentioned","Affordable_Housing_District":"No","Affordable_Housing_Elderly_Only":null,"Affordable_Housing_Min_Lot_Size":null,"Affordable_Housing_Max_Density":null,"Affordable_Housing_Min_Parking_Spaces_per_mult_BR":null,"Affordable_Housing_Max_Units_per_Building":null,"Affordable_Housing_Min_Parking_Spaces_per_1BR":null,"PRD_Allowance":"Public Hearing","PRD_Max_Density":null,"PRD_Max_Units":null,"PRD_Min_Lot_Size":1.0,"PRD_Mobile_or_Manufactured_Home_Park":"Yes","PUD_Allowance":null,"PUD_Required_with_Subdivision":null,"PUD_Requires_Land_Conservation":null,"PUD_Threshold_Number":null,"Notes":"None","FIPS6":null},"geometry":{"type":"MultiPolygon","coordinates":[[[[-72.38943802137734,43.498308857669834],[-72.38928769477587,43.4983198230835],[-72.3895694961675,43.49888990265975],[-72.3903597022204,43.500158048353754],[-72.39072511600901,43.50129948894696],[-72.39198913785626,43.50104605919029],[-72.39142443749647,43.50026883536136],[-72.38943802137734,43.498308857669834]]],[[[-72.38872722770427,43.49190077504191],[-72.38658880608004,43.4922936610832],[-72.38677524082985,43.493421366452665],[-72.38706103850807,43.49410242225629],[-72.38915675395619,43.49766058182736],[-72.38998776144653,43.49857583259201],[-72.39175705774592,43.50031148341186],[-72.39248005416815,43.50138349841063],[-72.39280922709737,43.50163056138717],[-72.39316490403867,43.50175072031268],[-72.39354160020743,43.50178405137609],[-72.39425846432182,43.50174716969577],[-72.3942681469634,43.50062794870771],[-72.39450158815252,43.500596869577095],[-72.39359941364431,43.49922549494613],[-72.39343924029633,43.49824528288822],[-72.39304694824425,43.49830315415904],[-72.39246105999432,43.49836743362647],[-72.39188099902118,43.498413788262354],[-72.39151452908344,43.497645689802],[-72.39133856600584,43.496441420401034],[-72.39152861652184,43.49582383064259],[-72.39172575394306,43.495773673831884],[-72.39182292374878,43.49479954037376],[-72.39183567478293,43.49436856423329],[-72.39168328038076,43.49402722332356],[-72.39181174632432,43.49348664130992],[-72.39139015378208,43.49352492268134],[-72.39133979317542,43.493387610007204],[-72.39120804768224,43.49338292031541],[-72.3887681618357,43.493806289312126],[-72.38872722770427,43.49190077504191]]],[[[-72.38770058835118,43.48924368720973],[-72.38598034462827,43.4893929682585],[-72.3865608500567,43.49216086811144],[-72.38734425866714,43.49201643073818],[-72.38707487161713,43.49082345412816],[-72.38758850460412,43.49072923691809],[-72.38749181222799,43.49016159499027],[-72.38713234749528,43.4902213019609],[-72.38705142435454,43.48985717512459],[-72.38782073366589,43.489703741962636],[-72.38770058835118,43.48924368720973]]],[[[-72.38425980321027,43.48827447545269],[-72.38408779283743,43.48832310305506],[-72.3841716978072,43.48909481743158],[-72.38467607151657,43.49040771894764],[-72.38661591752842,43.493703404412194],[-72.38565538036183,43.489012135683026],[-72.3853512412835,43.48906140706802],[-72.38495305490187,43.488995960238256],[-72.38432931520269,43.488288821438275],[-72.38425980321027,43.48827447545269]]],[[[-72.38692999865,43.48688732688883],[-72.38565728060753,43.4869823355615],[-72.38575575080039,43.48802683914437],[-72.38706115144932,43.48802651301648],[-72.38692999865,43.48688732688883]]],[[[-72.38535554944372,43.486374952766134],[-72.38484674221483,43.486592435055584],[-72.38457705959802,43.4866091814279],[-72.3843496205388,43.48673049899749],[-72.38417248544918,43.486862629623225],[-72.3840623871327,43.486861322709686],[-72.38401383439744,43.487200500222386],[-72.38407710484836,43.488255514216135],[-72.38426030022812,43.48821617982295],[-72.38443324034955,43.48828723792298],[-72.38472107139283,43.488685824442506],[-72.3849417917797,43.48882373383599],[-72.38503542991471,43.48895040512182],[-72.38520259796103,43.48901125986987],[-72.38556856562147,43.48895326035587],[-72.38565040860937,43.488984987179926],[-72.38537384271554,43.48657384373585],[-72.38535554944372,43.486374952766134]]],[[[-72.38429815902055,43.48518244843372],[-72.38407485368734,43.486772524769556],[-72.38412918805143,43.48676421517186],[-72.38448283032228,43.486592068004164],[-72.38480662964514,43.48655843012108],[-72.38535251928568,43.486343023930274],[-72.38525453204156,43.485250913654056],[-72.38462215018819,43.4852467624231],[-72.38461839677824,43.4851878269983],[-72.38429815902055,43.48518244843372]]],[[[-72.38898870265992,43.470851858394326],[-72.38889742160333,43.470924692788344],[-72.3885005272523,43.47126923006016],[-72.38801221328539,43.4715484889201],[-72.38747678735554,43.47202980115284],[-72.38728746521633,43.472276300589755],[-72.38755470807315,43.47249877657351],[-72.38779206417907,43.47280209356196],[-72.38801605099528,43.4734447640386],[-72.38801935931956,43.47395367835674],[-72.38883758245687,43.473229188152416],[-72.3891631251423,43.47262390177644],[-72.3890899974073,43.47227236720389],[-72.38912559328863,43.4713928283969],[-72.38898870265992,43.470851858394326]]],[[[-72.39190113764266,43.46805770136632],[-72.39025426964476,43.469824426239505],[-72.38988147218669,43.470093678658024],[-72.38951311245917,43.47025681874526],[-72.38940131899358,43.47037880566229],[-72.38967218824806,43.4711307797524],[-72.38972910141347,43.47169178379718],[-72.38949239027173,43.47272738074434],[-72.38930714251663,43.473072264558596],[-72.38923608938663,43.473064742876055],[-72.38895767743287,43.47345313607344],[-72.38936219267315,43.47380674967117],[-72.39013446805164,43.47157206555568],[-72.39045037139233,43.47094538944099],[-72.39065743310144,43.47070480817213],[-72.39197793443104,43.469607932873124],[-72.39277640497299,43.468854844764294],[-72.39301252215351,43.46855282616992],[-72.39190113764266,43.46805770136632]]]]}}]}