file,district_name,field,current_value,backup_value
Addison_Bristol_rev.geojson,Bristol,Abbreviated_District_Name,BPC,VR
Addison_Bristol_rev.geojson,Bristol,District_Type,Nonresidential,Primarily Residential
Addison_Bristol_rev.geojson,Bristol,Affordable_Housing_Allowance,Prohibited,Not Mentioned
Addison_Bristol_rev.geojson,Bristol,ADU_Allowance,Prohibited,Allowed/Conditional
Addison_Bristol_rev.geojson,Bristol,PRD_Allowance,Prohibited,Not Mentioned
Addison_Bristol_rev.geojson,Bristol,Base_Density,0,2
Addison_Bristol_rev.geojson,Bristol,F1F_Allowance,Prohibited,Allowed/Conditional
Addison_Bristol_rev.geojson,Bristol,F2F_Allowance,Prohibited,Allowed/Conditional
Addison_Bristol_rev.geojson,Bristol,F3F_Allowance,Prohibited,Allowed/Conditional
Addison_Bristol_rev.geojson,Bristol,F4F_Allowance,Prohibited,Allowed/Conditional
Addison_Bristol_rev.geojson,Bristol,District_Name,Bristol Pond Camp,Village Residential
Addison_Bristol_rev.geojson,Bristol,Abbreviated_District_Name,C-1,VR
Addison_Bristol_rev.geojson,Bristol,District_Type,Nonresidential,Primarily Residential
Addison_Bristol_rev.geojson,Bristol,Affordable_Housing_Allowance,Prohibited,Not Mentioned
Addison_Bristol_rev.geojson,Bristol,ADU_Allowance,Prohibited,Allowed/Conditional
Addison_Bristol_rev.geojson,Bristol,PRD_Allowance,Prohibited,Not Mentioned
Addison_Bristol_rev.geojson,Bristol,Base_Density,0,2
Addison_Bristol_rev.geojson,Bristol,F1F_Allowance,Prohibited,Allowed/Conditional
Addison_Bristol_rev.geojson,Bristol,F2F_Allowance,Prohibited,Allowed/Conditional
Addison_Bristol_rev.geojson,Bristol,F3F_Allowance,Prohibited,Allowed/Conditional
Addison_Bristol_rev.geojson,Bristol,F4F_Allowance,Prohibited,Allowed/Conditional
Addison_Bristol_rev.geojson,Bristol,District_Name,Commercial,Village Residential
Addison_Bristol_rev.geojson,Bristol,Abbreviated_District_Name,CON,VR
Addison_Bristol_rev.geojson,Bristol,District_Type,Nonresidential,Primarily Residential
Addison_Bristol_rev.geojson,Bristol,F1F_Min_Lot,25,0.23
Addison_Bristol_rev.geojson,Bristol,F1F_Front_Setback,80,45
Addison_Bristol_rev.geojson,Bristol,F1F_Max_Lot_Building_Coverage,15,30
Addison_Bristol_rev.geojson,Bristol,F1F_Max_Lot_Impervious_Coverage,15,30
Addison_Bristol_rev.geojson,Bristol,F2F_Min_Lot_Size,50,1
Addison_Bristol_rev.geojson,Bristol,F2F_Max_Density,0.04,2
Addison_Bristol_rev.geojson,Bristol,F2F_Front_Setback,80,45
Addison_Bristol_rev.geojson,Bristol,F2F_Max_Lot_Building_Coverage,15,30
Addison_Bristol_rev.geojson,Bristol,F2F_Max_Lot_Impervious_Coverage,15,30
Addison_Bristol_rev.geojson,Bristol,F3F_Min_Lot_Size,75,1.5
Addison_Bristol_rev.geojson,Bristol,F3F_Max_Density,0.04,2
Addison_Bristol_rev.geojson,Bristol,F3F_Front_Setback,80,45
Addison_Bristol_rev.geojson,Bristol,F3F_Max_Lot_Building_Coverage,15,30
Addison_Bristol_rev.geojson,Bristol,F3F_Max_Lot_Impervious_Coverage,15,30
Addison_Bristol_rev.geojson,Bristol,Base_Density,0.04,2
Addison_Bristol_rev.geojson,Bristol,F1F_Frontage,600,75
Addison_Bristol_rev.geojson,Bristol,F2F_Frontage,600,75
Addison_Bristol_rev.geojson,Bristol,F3F_Frontage,600,75
Addison_Bristol_rev.geojson,Bristol,PUD_Allowance,f,t
Addison_Bristol_rev.geojson,Bristol,F4F_Allowance,Prohibited,Allowed/Conditional
Addison_Bristol_rev.geojson,Bristol,District_Name,Conservation,Village Residential
Addison_Bristol_rev.geojson,Bristol,LAST_UPDATE,2024-02-12,2024-02-05
Addison_Bristol_rev.geojson,Bristol,Abbreviated_District_Name,DRD,VR
Addison_Bristol_rev.geojson,Bristol,Bylaw_Date,2023-08-29,2023-08-17
Addison_Bristol_rev.geojson,Bristol,Overlay_District,Yes,No
Addison_Bristol_rev.geojson,Bristol,District_Type,Overlay not Affecting Use,Primarily Residential
Addison_Bristol_rev.geojson,Bristol,ADU_Allowance,Not Mentioned,Allowed/Conditional
Addison_Bristol_rev.geojson,Bristol,F1F_Allowance,Overlay,Allowed/Conditional
Addison_Bristol_rev.geojson,Bristol,F2F_Allowance,Overlay,Allowed/Conditional
Addison_Bristol_rev.geojson,Bristol,F3F_Allowance,Overlay,Allowed/Conditional
Addison_Bristol_rev.geojson,Bristol,F4F_Allowance,Overlay,Allowed/Conditional
Addison_Bristol_rev.geojson,Bristol,District_Name,Downtown Design Review Overlay,Village Residential
Addison_Bristol_rev.geojson,Bristol,LAST_UPDATE,2024-02-12,2024-02-05
Addison_Bristol_rev.geojson,Bristol,Abbreviated_District_Name,HDR,VR
Addison_Bristol_rev.geojson,Bristol,F1F_Min_Lot,0.25,0.23
Addison_Bristol_rev.geojson,Bristol,F1F_Front_Setback,40,45
Addison_Bristol_rev.geojson,Bristol,F1F_Side_Setback,15,20
Addison_Bristol_rev.geojson,Bristol,F1F_Rear_Setback,15,20
Addison_Bristol_rev.geojson,Bristol,F1F_Max_Lot_Building_Coverage,50,30
Addison_Bristol_rev.geojson,Bristol,F1F_Max_Lot_Impervious_Coverage,50,30
Addison_Bristol_rev.geojson,Bristol,F2F_Min_Lot_Size,0.5,1
Addison_Bristol_rev.geojson,Bristol,F2F_Front_Setback,40,45
Addison_Bristol_rev.geojson,Bristol,F2F_Side_Setback,15,20
Addison_Bristol_rev.geojson,Bristol,F2F_Rear_Setback,15,20
Addison_Bristol_rev.geojson,Bristol,F2F_Max_Lot_Building_Coverage,50,30
Addison_Bristol_rev.geojson,Bristol,F2F_Max_Lot_Impervious_Coverage,50,30
Addison_Bristol_rev.geojson,Bristol,F3F_Min_Lot_Size,1,1.5
Addison_Bristol_rev.geojson,Bristol,F3F_Max_Density,3,2
Addison_Bristol_rev.geojson,Bristol,F3F_Front_Setback,40,45
Addison_Bristol_rev.geojson,Bristol,F3F_Side_Setback,15,20
Addison_Bristol_rev.geojson,Bristol,F3F_Rear_Setback,15,20
Addison_Bristol_rev.geojson,Bristol,F3F_Max_Lot_Building_Coverage,50,30
Addison_Bristol_rev.geojson,Bristol,F3F_Max_Lot_Impervious_Coverage,50,30
Addison_Bristol_rev.geojson,Bristol,F4F_Min_Lot_Size,1,2
Addison_Bristol_rev.geojson,Bristol,F4F_Max_Density,4,2
Addison_Bristol_rev.geojson,Bristol,F4F_Front_Setback,40,45
Addison_Bristol_rev.geojson,Bristol,F4F_Side_Setback,15,20
Addison_Bristol_rev.geojson,Bristol,F4F_Rear_Setback,15,20
Addison_Bristol_rev.geojson,Bristol,F4F_Max_Lot_Building_Coverage,50,30
Addison_Bristol_rev.geojson,Bristol,F4F_Max_Lot_Impervious_Coverage,50,30
Addison_Bristol_rev.geojson,Bristol,Base_Density,4,2
Addison_Bristol_rev.geojson,Bristol,PUD_Requires_Land_Conservation,t,f
Addison_Bristol_rev.geojson,Bristol,District_Name,High Density Residential,Village Residential
Addison_Bristol_rev.geojson,Bristol,LAST_UPDATE,2024-02-12,2024-02-05
Addison_Bristol_rev.geojson,Bristol,Abbreviated_District_Name,RA1,VR
Addison_Bristol_rev.geojson,Bristol,F1F_Min_Lot,1,0.23
Addison_Bristol_rev.geojson,Bristol,F1F_Front_Setback,60,45
Addison_Bristol_rev.geojson,Bristol,F1F_Side_Setback,25,20
Addison_Bristol_rev.geojson,Bristol,F1F_Rear_Setback,25,20
Addison_Bristol_rev.geojson,Bristol,F1F_Max_Lot_Building_Coverage,20,30
Addison_Bristol_rev.geojson,Bristol,F1F_Max_Lot_Impervious_Coverage,20,30
Addison_Bristol_rev.geojson,Bristol,F2F_Min_Lot_Size,2,1
Addison_Bristol_rev.geojson,Bristol,F2F_Max_Density,1,2
Addison_Bristol_rev.geojson,Bristol,F2F_Front_Setback,60,45
Addison_Bristol_rev.geojson,Bristol,F2F_Side_Setback,25,20
Addison_Bristol_rev.geojson,Bristol,F2F_Rear_Setback,25,20
Addison_Bristol_rev.geojson,Bristol,F2F_Max_Lot_Building_Coverage,20,30
Addison_Bristol_rev.geojson,Bristol,F2F_Max_Lot_Impervious_Coverage,20,30
Addison_Bristol_rev.geojson,Bristol,F3F_Min_Lot_Size,3,1.5
Addison_Bristol_rev.geojson,Bristol,F3F_Max_Density,1,2
Addison_Bristol_rev.geojson,Bristol,F3F_Front_Setback,60,45
Addison_Bristol_rev.geojson,Bristol,F3F_Side_Setback,25,20
Addison_Bristol_rev.geojson,Bristol,F3F_Rear_Setback,25,20
Addison_Bristol_rev.geojson,Bristol,F3F_Max_Lot_Building_Coverage,20,30
Addison_Bristol_rev.geojson,Bristol,F3F_Max_Lot_Impervious_Coverage,20,30
Addison_Bristol_rev.geojson,Bristol,F4F_Min_Lot_Size,4,2
Addison_Bristol_rev.geojson,Bristol,F4F_Max_Density,1,2
Addison_Bristol_rev.geojson,Bristol,F4F_Front_Setback,60,45
Addison_Bristol_rev.geojson,Bristol,F4F_Side_Setback,25,20
Addison_Bristol_rev.geojson,Bristol,F4F_Rear_Setback,25,20
Addison_Bristol_rev.geojson,Bristol,F4F_Max_Lot_Building_Coverage,20,30
Addison_Bristol_rev.geojson,Bristol,F4F_Max_Lot_Impervious_Coverage,20,30
Addison_Bristol_rev.geojson,Bristol,Base_Density,1,2
Addison_Bristol_rev.geojson,Bristol,F1F_Frontage,200,75
Addison_Bristol_rev.geojson,Bristol,F2F_Frontage,200,75
Addison_Bristol_rev.geojson,Bristol,F3F_Frontage,200,75
Addison_Bristol_rev.geojson,Bristol,F4F_Frontage,200,75
Addison_Bristol_rev.geojson,Bristol,District_Name,Rural Agriculture1,Village Residential
Addison_Bristol_rev.geojson,Bristol,Abbreviated_District_Name,RA2,VR
Addison_Bristol_rev.geojson,Bristol,F1F_Min_Lot,2,0.23
Addison_Bristol_rev.geojson,Bristol,F1F_Front_Setback,80,45
Addison_Bristol_rev.geojson,Bristol,F1F_Side_Setback,25,20
Addison_Bristol_rev.geojson,Bristol,F1F_Rear_Setback,25,20
Addison_Bristol_rev.geojson,Bristol,F1F_Max_Lot_Building_Coverage,15,30
Addison_Bristol_rev.geojson,Bristol,F1F_Max_Lot_Impervious_Coverage,15,30
Addison_Bristol_rev.geojson,Bristol,F2F_Min_Lot_Size,2,1
Addison_Bristol_rev.geojson,Bristol,F2F_Max_Density,0.5,2
Addison_Bristol_rev.geojson,Bristol,F2F_Front_Setback,80,45
Addison_Bristol_rev.geojson,Bristol,F2F_Side_Setback,25,20
Addison_Bristol_rev.geojson,Bristol,F2F_Rear_Setback,25,20
Addison_Bristol_rev.geojson,Bristol,F2F_Max_Lot_Building_Coverage,15,30
Addison_Bristol_rev.geojson,Bristol,F2F_Max_Lot_Impervious_Coverage,15,30
Addison_Bristol_rev.geojson,Bristol,F3F_Min_Lot_Size,6,1.5
Addison_Bristol_rev.geojson,Bristol,F3F_Max_Density,0.5,2
Addison_Bristol_rev.geojson,Bristol,F3F_Front_Setback,80,45
Addison_Bristol_rev.geojson,Bristol,F3F_Side_Setback,25,20
Addison_Bristol_rev.geojson,Bristol,F3F_Rear_Setback,25,20
Addison_Bristol_rev.geojson,Bristol,F3F_Max_Lot_Building_Coverage,15,30
Addison_Bristol_rev.geojson,Bristol,F3F_Max_Lot_Impervious_Coverage,15,30
Addison_Bristol_rev.geojson,Bristol,F4F_Min_Lot_Size,8,2
Addison_Bristol_rev.geojson,Bristol,F4F_Max_Density,0.5,2
Addison_Bristol_rev.geojson,Bristol,F4F_Front_Setback,80,45
Addison_Bristol_rev.geojson,Bristol,F4F_Side_Setback,25,20
Addison_Bristol_rev.geojson,Bristol,F4F_Rear_Setback,25,20
Addison_Bristol_rev.geojson,Bristol,F4F_Max_Lot_Building_Coverage,15,30
Addison_Bristol_rev.geojson,Bristol,F4F_Max_Lot_Impervious_Coverage,15,30
Addison_Bristol_rev.geojson,Bristol,Base_Density,0.5,2
Addison_Bristol_rev.geojson,Bristol,F1F_Frontage,200,75
Addison_Bristol_rev.geojson,Bristol,F2F_Frontage,200,75
Addison_Bristol_rev.geojson,Bristol,F3F_Frontage,200,75
Addison_Bristol_rev.geojson,Bristol,F4F_Frontage,200,75
Addison_Bristol_rev.geojson,Bristol,PUD_Requires_Land_Conservation,t,f
Addison_Bristol_rev.geojson,Bristol,District_Name,Rural Agriculture2,Village Residential
Addison_Bristol_rev.geojson,Bristol,Abbreviated_District_Name,RA5,VR
Addison_Bristol_rev.geojson,Bristol,F1F_Min_Lot,2,0.23
Addison_Bristol_rev.geojson,Bristol,F1F_Front_Setback,80,45
Addison_Bristol_rev.geojson,Bristol,F1F_Side_Setback,25,20
Addison_Bristol_rev.geojson,Bristol,F1F_Rear_Setback,25,20
Addison_Bristol_rev.geojson,Bristol,F1F_Max_Lot_Building_Coverage,15,30
Addison_Bristol_rev.geojson,Bristol,F1F_Max_Lot_Impervious_Coverage,15,30
Addison_Bristol_rev.geojson,Bristol,F2F_Min_Lot_Size,2,1
Addison_Bristol_rev.geojson,Bristol,F2F_Max_Density,0.2,2
Addison_Bristol_rev.geojson,Bristol,F2F_Front_Setback,80,45
Addison_Bristol_rev.geojson,Bristol,F2F_Side_Setback,25,20
Addison_Bristol_rev.geojson,Bristol,F2F_Rear_Setback,25,20
Addison_Bristol_rev.geojson,Bristol,F2F_Max_Lot_Building_Coverage,15,30
Addison_Bristol_rev.geojson,Bristol,F2F_Max_Lot_Impervious_Coverage,15,30
Addison_Bristol_rev.geojson,Bristol,F3F_Min_Lot_Size,2,1.5
Addison_Bristol_rev.geojson,Bristol,F3F_Max_Density,0.2,2
Addison_Bristol_rev.geojson,Bristol,F3F_Front_Setback,80,45
Addison_Bristol_rev.geojson,Bristol,F3F_Side_Setback,25,20
Addison_Bristol_rev.geojson,Bristol,F3F_Rear_Setback,25,20
Addison_Bristol_rev.geojson,Bristol,F3F_Max_Lot_Building_Coverage,15,30
Addison_Bristol_rev.geojson,Bristol,F3F_Max_Lot_Impervious_Coverage,15,30
Addison_Bristol_rev.geojson,Bristol,F4F_Max_Density,0.2,2
Addison_Bristol_rev.geojson,Bristol,F4F_Front_Setback,80,45
Addison_Bristol_rev.geojson,Bristol,F4F_Side_Setback,25,20
Addison_Bristol_rev.geojson,Bristol,F4F_Rear_Setback,25,20
Addison_Bristol_rev.geojson,Bristol,F4F_Max_Lot_Building_Coverage,15,30
Addison_Bristol_rev.geojson,Bristol,F4F_Max_Lot_Impervious_Coverage,15,30
Addison_Bristol_rev.geojson,Bristol,Base_Density,0.2,2
Addison_Bristol_rev.geojson,Bristol,F1F_Frontage,200,75
Addison_Bristol_rev.geojson,Bristol,F2F_Frontage,200,75
Addison_Bristol_rev.geojson,Bristol,F3F_Frontage,200,75
Addison_Bristol_rev.geojson,Bristol,F4F_Frontage,200,75
Addison_Bristol_rev.geojson,Bristol,PUD_Requires_Land_Conservation,t,f
Addison_Bristol_rev.geojson,Bristol,District_Name,Rural Agriculture5,Village Residential
Addison_Bristol_rev.geojson,Bristol,Abbreviated_District_Name,REC,VR
Addison_Bristol_rev.geojson,Bristol,District_Type,Nonresidential,Primarily Residential
Addison_Bristol_rev.geojson,Bristol,Affordable_Housing_Allowance,Prohibited,Not Mentioned
Addison_Bristol_rev.geojson,Bristol,ADU_Allowance,Prohibited,Allowed/Conditional
Addison_Bristol_rev.geojson,Bristol,PRD_Allowance,Prohibited,Not Mentioned
Addison_Bristol_rev.geojson,Bristol,Base_Density,0,2
Addison_Bristol_rev.geojson,Bristol,F1F_Allowance,Prohibited,Allowed/Conditional
Addison_Bristol_rev.geojson,Bristol,F2F_Allowance,Prohibited,Allowed/Conditional
Addison_Bristol_rev.geojson,Bristol,F3F_Allowance,Prohibited,Allowed/Conditional
Addison_Bristol_rev.geojson,Bristol,F4F_Allowance,Prohibited,Allowed/Conditional
Addison_Bristol_rev.geojson,Bristol,District_Name,Recreational,Village Residential
Addison_Bristol_rev.geojson,Bristol,Abbreviated_District_Name,ROC,VR
Addison_Bristol_rev.geojson,Bristol,District_Type,Mixed with Residential,Primarily Residential
Addison_Bristol_rev.geojson,Bristol,F1F_Min_Lot,0.25,0.23
Addison_Bristol_rev.geojson,Bristol,F1F_Front_Setback,35,45
Addison_Bristol_rev.geojson,Bristol,F1F_Side_Setback,10,20
Addison_Bristol_rev.geojson,Bristol,F1F_Rear_Setback,10,20
Addison_Bristol_rev.geojson,Bristol,F1F_Max_Lot_Building_Coverage,60,30
Addison_Bristol_rev.geojson,Bristol,F1F_Max_Lot_Impervious_Coverage,60,30
Addison_Bristol_rev.geojson,Bristol,F2F_Min_Lot_Size,0.5,1
Addison_Bristol_rev.geojson,Bristol,F2F_Max_Density,4,2
Addison_Bristol_rev.geojson,Bristol,F2F_Front_Setback,35,45
Addison_Bristol_rev.geojson,Bristol,F2F_Side_Setback,10,20
Addison_Bristol_rev.geojson,Bristol,F2F_Rear_Setback,10,20
Addison_Bristol_rev.geojson,Bristol,F2F_Max_Lot_Building_Coverage,60,30
Addison_Bristol_rev.geojson,Bristol,F2F_Max_Lot_Impervious_Coverage,60,30
Addison_Bristol_rev.geojson,Bristol,Base_Density,4,2
Addison_Bristol_rev.geojson,Bristol,F1F_Frontage,50,75
Addison_Bristol_rev.geojson,Bristol,F2F_Frontage,50,75
Addison_Bristol_rev.geojson,Bristol,PUD_Allowance,f,t
Addison_Bristol_rev.geojson,Bristol,F3F_Allowance,Prohibited,Allowed/Conditional
Addison_Bristol_rev.geojson,Bristol,F4F_Allowance,Prohibited,Allowed/Conditional
Addison_Bristol_rev.geojson,Bristol,District_Name,"Residential, Office, Commercial",Village Residential
Addison_Bristol_rev.geojson,Bristol,Abbreviated_District_Name,VB,VR
Addison_Bristol_rev.geojson,Bristol,District_Type,Mixed with Residential,Primarily Residential
Addison_Bristol_rev.geojson,Bristol,F1F_Max_Lot_Building_Coverage,90,30
Addison_Bristol_rev.geojson,Bristol,F1F_Max_Lot_Impervious_Coverage,90,30
Addison_Bristol_rev.geojson,Bristol,F1F_Max_Height,50,35
Addison_Bristol_rev.geojson,Bristol,F2F_Min_Lot_Size,0.23,1
Addison_Bristol_rev.geojson,Bristol,F2F_Max_Density,6,2
Addison_Bristol_rev.geojson,Bristol,F2F_Max_Lot_Building_Coverage,90,30
Addison_Bristol_rev.geojson,Bristol,F2F_Max_Lot_Impervious_Coverage,90,30
Addison_Bristol_rev.geojson,Bristol,F2F_Max_Height,50,35
Addison_Bristol_rev.geojson,Bristol,F3F_Min_Lot_Size,0.23,1.5
Addison_Bristol_rev.geojson,Bristol,F3F_Max_Density,6,2
Addison_Bristol_rev.geojson,Bristol,F3F_Max_Lot_Building_Coverage,90,30
Addison_Bristol_rev.geojson,Bristol,F3F_Max_Lot_Impervious_Coverage,90,30
Addison_Bristol_rev.geojson,Bristol,F3F_Max_Height,50,35
Addison_Bristol_rev.geojson,Bristol,F4F_Min_Lot_Size,0.23,2
Addison_Bristol_rev.geojson,Bristol,F4F_Max_Density,6,2
Addison_Bristol_rev.geojson,Bristol,F4F_Max_Lot_Building_Coverage,90,30
Addison_Bristol_rev.geojson,Bristol,F4F_Max_Lot_Impervious_Coverage,90,30
Addison_Bristol_rev.geojson,Bristol,F4F_Max_Height,50,35
Addison_Bristol_rev.geojson,Bristol,Base_Density,6,2
Addison_Bristol_rev.geojson,Bristol,F1F_Frontage,50,75
Addison_Bristol_rev.geojson,Bristol,F2F_Frontage,50,75
Addison_Bristol_rev.geojson,Bristol,F3F_Frontage,50,75
Addison_Bristol_rev.geojson,Bristol,F4F_Frontage,50,75
Addison_Bristol_rev.geojson,Bristol,District_Name,Village Business,Village Residential
Addison_Bristol_rev.geojson,Bristol,Abbreviated_District_Name,VM,VR
Addison_Bristol_rev.geojson,Bristol,District_Type,Mixed with Residential,Primarily Residential
Addison_Bristol_rev.geojson,Bristol,F1F_Min_Lot,0.34,0.23
Addison_Bristol_rev.geojson,Bristol,F1F_Front_Setback,40,45
Addison_Bristol_rev.geojson,Bristol,F1F_Side_Setback,15,20
Addison_Bristol_rev.geojson,Bristol,F1F_Rear_Setback,25,20
Addison_Bristol_rev.geojson,Bristol,F1F_Max_Lot_Building_Coverage,20,30
Addison_Bristol_rev.geojson,Bristol,F1F_Max_Lot_Impervious_Coverage,20,30
Addison_Bristol_rev.geojson,Bristol,F2F_Front_Setback,40,45
Addison_Bristol_rev.geojson,Bristol,F2F_Side_Setback,15,20
Addison_Bristol_rev.geojson,Bristol,F2F_Rear_Setback,25,20
Addison_Bristol_rev.geojson,Bristol,F2F_Max_Lot_Building_Coverage,20,30
Addison_Bristol_rev.geojson,Bristol,F2F_Max_Lot_Impervious_Coverage,20,30
Addison_Bristol_rev.geojson,Bristol,F3F_Front_Setback,40,45
Addison_Bristol_rev.geojson,Bristol,F3F_Side_Setback,15,20
Addison_Bristol_rev.geojson,Bristol,F3F_Rear_Setback,25,20
Addison_Bristol_rev.geojson,Bristol,F3F_Max_Lot_Building_Coverage,20,30
Addison_Bristol_rev.geojson,Bristol,F3F_Max_Lot_Impervious_Coverage,20,30
Addison_Bristol_rev.geojson,Bristol,F4F_Front_Setback,40,45
Addison_Bristol_rev.geojson,Bristol,F4F_Side_Setback,15,20
Addison_Bristol_rev.geojson,Bristol,F4F_Rear_Setback,25,20
Addison_Bristol_rev.geojson,Bristol,F4F_Max_Lot_Building_Coverage,20,30
Addison_Bristol_rev.geojson,Bristol,F4F_Max_Lot_Impervious_Coverage,20,30
Addison_Bristol_rev.geojson,Bristol,District_Name,Village Mixed,Village Residential
Addison_Ferrisburgh_rev.geojson,Ferrisburgh,LAST_UPDATE,2023-08-10,2023-08-17
Addison_Ferrisburgh_rev.geojson,Ferrisburgh,Abbreviated_District_Name,CON-25,SD-2
Addison_Ferrisburgh_rev.geojson,Ferrisburgh,F1F_Min_Lot,25,2
Addison_Ferrisburgh_rev.geojson,Ferrisburgh,F1F_Max_Lot_Impervious_Coverage,5,20
Addison_Ferrisburgh_rev.geojson,Ferrisburgh,Base_Density,0.04,0.5
Addison_Ferrisburgh_rev.geojson,Ferrisburgh,F1F_Frontage,500,200
Addison_Ferrisburgh_rev.geojson,Ferrisburgh,PUD_Allowance,f,t
Addison_Ferrisburgh_rev.geojson,Ferrisburgh,F2F_Allowance,Prohibited,Allowed/Conditional
Addison_Ferrisburgh_rev.geojson,Ferrisburgh,District_Name,Conservation District,Shoreland District
Addison_Ferrisburgh_rev.geojson,Ferrisburgh,LAST_UPDATE,2023-08-10,2023-08-17
Addison_Ferrisburgh_rev.geojson,Ferrisburgh,Abbreviated_District_Name,FTC,SD-2
Addison_Ferrisburgh_rev.geojson,Ferrisburgh,District_Type,Primarily Residential,Mixed with Residential
Addison_Ferrisburgh_rev.geojson,Ferrisburgh,F1F_Min_Lot,1,2
Addison_Ferrisburgh_rev.geojson,Ferrisburgh,F1F_Max_Lot_Impervious_Coverage,40,20
Addison_Ferrisburgh_rev.geojson,Ferrisburgh,F2F_Min_Lot_Size,1,4
Addison_Ferrisburgh_rev.geojson,Ferrisburgh,F2F_Max_Density,1,0.5
Addison_Ferrisburgh_rev.geojson,Ferrisburgh,F2F_Max_Lot_Impervious_Coverage,40,20
Addison_Ferrisburgh_rev.geojson,Ferrisburgh,Base_Density,1,0.5
Addison_Ferrisburgh_rev.geojson,Ferrisburgh,F3F_Allowance,Allowed/Conditional,Prohibited
Addison_Ferrisburgh_rev.geojson,Ferrisburgh,F4F_Allowance,Allowed/Conditional,Prohibited
Addison_Ferrisburgh_rev.geojson,Ferrisburgh,District_Name,Ferrisburgh Town Center District,Shoreland District
Addison_Ferrisburgh_rev.geojson,Ferrisburgh,LAST_UPDATE,2023-08-10,2023-08-17
Addison_Ferrisburgh_rev.geojson,Ferrisburgh,Abbreviated_District_Name,HMU-2,SD-2
Addison_Ferrisburgh_rev.geojson,Ferrisburgh,F1F_Front_Setback,300,80
Addison_Ferrisburgh_rev.geojson,Ferrisburgh,F1F_Rear_Setback,50,25
Addison_Ferrisburgh_rev.geojson,Ferrisburgh,F1F_Max_Lot_Impervious_Coverage,40,20
Addison_Ferrisburgh_rev.geojson,Ferrisburgh,F2F_Min_Lot_Size,2,4
Addison_Ferrisburgh_rev.geojson,Ferrisburgh,F2F_Max_Density,1,0.5
Addison_Ferrisburgh_rev.geojson,Ferrisburgh,F2F_Front_Setback,300,80
Addison_Ferrisburgh_rev.geojson,Ferrisburgh,F2F_Rear_Setback,50,25
Addison_Ferrisburgh_rev.geojson,Ferrisburgh,F2F_Max_Lot_Impervious_Coverage,40,20
Addison_Ferrisburgh_rev.geojson,Ferrisburgh,Base_Density,1,0.5
Addison_Ferrisburgh_rev.geojson,Ferrisburgh,PUD_Allowance,f,t
Addison_Ferrisburgh_rev.geojson,Ferrisburgh,F3F_Allowance,Allowed/Conditional,Prohibited
Addison_Ferrisburgh_rev.geojson,Ferrisburgh,F4F_Allowance,Allowed/Conditional,Prohibited
Addison_Ferrisburgh_rev.geojson,Ferrisburgh,District_Name,Highway Mixed-Use District,Shoreland District
Addison_Ferrisburgh_rev.geojson,Ferrisburgh,LAST_UPDATE,2023-08-10,2023-08-17
Addison_Ferrisburgh_rev.geojson,Ferrisburgh,Abbreviated_District_Name,IND-2,SD-2
Addison_Ferrisburgh_rev.geojson,Ferrisburgh,District_Type,Nonresidential,Mixed with Residential
Addison_Ferrisburgh_rev.geojson,Ferrisburgh,PUD_Allowance,f,t
Addison_Ferrisburgh_rev.geojson,Ferrisburgh,F1F_Allowance,Prohibited,Allowed/Conditional
Addison_Ferrisburgh_rev.geojson,Ferrisburgh,F2F_Allowance,Prohibited,Allowed/Conditional
Addison_Ferrisburgh_rev.geojson,Ferrisburgh,District_Name,Industrial District,Shoreland District
Addison_Ferrisburgh_rev.geojson,Ferrisburgh,LAST_UPDATE,2023-08-10,2023-08-17
Addison_Ferrisburgh_rev.geojson,Ferrisburgh,Abbreviated_District_Name,NFVIL,SD-2
Addison_Ferrisburgh_rev.geojson,Ferrisburgh,F1F_Front_Setback,100,80
Addison_Ferrisburgh_rev.geojson,Ferrisburgh,F1F_Max_Lot_Impervious_Coverage,40,20
Addison_Ferrisburgh_rev.geojson,Ferrisburgh,F2F_Min_Lot_Size,2,4
Addison_Ferrisburgh_rev.geojson,Ferrisburgh,F2F_Max_Density,1,0.5
Addison_Ferrisburgh_rev.geojson,Ferrisburgh,F2F_Front_Setback,100,80
Addison_Ferrisburgh_rev.geojson,Ferrisburgh,F2F_Max_Lot_Impervious_Coverage,40,20
Addison_Ferrisburgh_rev.geojson,Ferrisburgh,Base_Density,1,0.5
Addison_Ferrisburgh_rev.geojson,Ferrisburgh,F3F_Allowance,Allowed/Conditional,Prohibited
Addison_Ferrisburgh_rev.geojson,Ferrisburgh,F4F_Allowance,Allowed/Conditional,Prohibited
Addison_Ferrisburgh_rev.geojson,Ferrisburgh,District_Name,North Ferrisburgh Village District,Shoreland District
Addison_Ferrisburgh_rev.geojson,Ferrisburgh,LAST_UPDATE,2023-08-10,2023-08-17
Addison_Ferrisburgh_rev.geojson,Ferrisburgh,Abbreviated_District_Name,RA-5,SD-2
Addison_Ferrisburgh_rev.geojson,Ferrisburgh,District_Type,Primarily Residential,Mixed with Residential
Addison_Ferrisburgh_rev.geojson,Ferrisburgh,F1F_Min_Lot,5,2
Addison_Ferrisburgh_rev.geojson,Ferrisburgh,F1F_Max_Lot_Impervious_Coverage,10,20
Addison_Ferrisburgh_rev.geojson,Ferrisburgh,F2F_Min_Lot_Size,10,4
Addison_Ferrisburgh_rev.geojson,Ferrisburgh,F2F_Max_Density,0.2,0.5
Addison_Ferrisburgh_rev.geojson,Ferrisburgh,F2F_Max_Lot_Impervious_Coverage,10,20
Addison_Ferrisburgh_rev.geojson,Ferrisburgh,Base_Density,0.2,0.5
Addison_Ferrisburgh_rev.geojson,Ferrisburgh,F3F_Allowance,Allowed/Conditional,Prohibited
Addison_Ferrisburgh_rev.geojson,Ferrisburgh,F4F_Allowance,Allowed/Conditional,Prohibited
Addison_Ferrisburgh_rev.geojson,Ferrisburgh,District_Name,Rural Agricultural District,Shoreland District
Addison_Ferrisburgh_rev.geojson,Ferrisburgh,LAST_UPDATE,2023-08-10,2023-08-17
Addison_Ferrisburgh_rev.geojson,Ferrisburgh,Abbreviated_District_Name,RR-2,SD-2
Addison_Ferrisburgh_rev.geojson,Ferrisburgh,District_Type,Primarily Residential,Mixed with Residential
Addison_Ferrisburgh_rev.geojson,Ferrisburgh,F3F_Allowance,Allowed/Conditional,Prohibited
Addison_Ferrisburgh_rev.geojson,Ferrisburgh,F4F_Allowance,Allowed/Conditional,Prohibited
Addison_Ferrisburgh_rev.geojson,Ferrisburgh,District_Name,Rural Residential District,Shoreland District
Addison_Leicester_rev.geojson,Leicester,Abbreviated_District_Name,CON,VL
Addison_Leicester_rev.geojson,Leicester,District_Type,Nonresidential,Mixed with Residential
Addison_Leicester_rev.geojson,Leicester,F1F_Min_Lot,25.0,2.0
Addison_Leicester_rev.geojson,Leicester,F1F_Side_Setback,200,50
Addison_Leicester_rev.geojson,Leicester,F1F_Rear_Setback,200,50
Addison_Leicester_rev.geojson,Leicester,F1F_Max_Lot_Impervious_Coverage,1.0,50.0
Addison_Leicester_rev.geojson,Leicester,F2F_Min_Lot_Size,50.0,4.0
Addison_Leicester_rev.geojson,Leicester,F2F_Max_Density,0.04,0.5
Addison_Leicester_rev.geojson,Leicester,F2F_Side_Setback,200,50
Addison_Leicester_rev.geojson,Leicester,F2F_Rear_Setback,200,50
Addison_Leicester_rev.geojson,Leicester,F2F_Max_Lot_Impervious_Coverage,1.0,50.0
Addison_Leicester_rev.geojson,Leicester,ADU_Allowance,Public Hearing,Allowed/Conditional
Addison_Leicester_rev.geojson,Leicester,Notes,Minimum lot depth 200ft.,Minimum lot depth 200 ft. Max ADU size is whichever standard is larger. Density bonus of 2:1 available for PUDs.
Addison_Leicester_rev.geojson,Leicester,Base_Density,0.04,0.5
Addison_Leicester_rev.geojson,Leicester,F1F_Frontage,200,100
Addison_Leicester_rev.geojson,Leicester,F2F_Frontage,200,100
Addison_Leicester_rev.geojson,Leicester,F1F_Allowance,Public Hearing,Allowed/Conditional
Addison_Leicester_rev.geojson,Leicester,F3F_Allowance,Prohibited,Public Hearing
Addison_Leicester_rev.geojson,Leicester,F4F_Allowance,Prohibited,Public Hearing
Addison_Leicester_rev.geojson,Leicester,District_Name,Conservation District,Village District
Addison_Leicester_rev.geojson,Leicester,Abbreviated_District_Name,IND,VL
Addison_Leicester_rev.geojson,Leicester,F1F_Min_Lot,25.0,2.0
Addison_Leicester_rev.geojson,Leicester,F1F_Max_Lot_Impervious_Coverage,25.0,50.0
Addison_Leicester_rev.geojson,Leicester,F2F_Min_Lot_Size,50.0,4.0
Addison_Leicester_rev.geojson,Leicester,F2F_Max_Density,0.04,0.5
Addison_Leicester_rev.geojson,Leicester,F2F_Max_Lot_Impervious_Coverage,25.0,50.0
Addison_Leicester_rev.geojson,Leicester,F3F_Min_Lot_Size,75,6
Addison_Leicester_rev.geojson,Leicester,F3F_Max_Density,0.04,0.5
Addison_Leicester_rev.geojson,Leicester,F3F_Max_Lot_Impervious_Coverage,25,50
Addison_Leicester_rev.geojson,Leicester,F4F_Min_Lot_Size,100,8
Addison_Leicester_rev.geojson,Leicester,F4F_Max_Density,0.04,0.5
Addison_Leicester_rev.geojson,Leicester,F4F_Max_Lot_Impervious_Coverage,25,50
Addison_Leicester_rev.geojson,Leicester,ADU_Min_Lot_Size,25.0,2.0
Addison_Leicester_rev.geojson,Leicester,Notes,"Minimum lot depth 200ft. Maximum building size 10,000 sf. Maximum lot coverage is 25% and no more than 50% of any acre.",Minimum lot depth 200 ft. Max ADU size is whichever standard is larger. Density bonus of 2:1 available for PUDs.
Addison_Leicester_rev.geojson,Leicester,Base_Density,0.04,0.5
Addison_Leicester_rev.geojson,Leicester,F1F_Frontage,200,100
Addison_Leicester_rev.geojson,Leicester,F2F_Frontage,200,100
Addison_Leicester_rev.geojson,Leicester,F3F_Frontage,200,100
Addison_Leicester_rev.geojson,Leicester,F4F_Frontage,200,100
Addison_Leicester_rev.geojson,Leicester,PUD_Allowance,f,t
Addison_Leicester_rev.geojson,Leicester,District_Name,Industrial District,Village District
Addison_Leicester_rev.geojson,Leicester,Abbreviated_District_Name,L1,VL
Addison_Leicester_rev.geojson,Leicester,District_Type,Primarily Residential,Mixed with Residential
Addison_Leicester_rev.geojson,Leicester,F1F_Min_Lot,1.0,2.0
Addison_Leicester_rev.geojson,Leicester,F1F_Max_Lot_Impervious_Coverage,20.0,50.0
Addison_Leicester_rev.geojson,Leicester,F2F_Min_Lot_Size,2.0,4.0
Addison_Leicester_rev.geojson,Leicester,F2F_Max_Density,1.0,0.5
Addison_Leicester_rev.geojson,Leicester,F2F_Max_Lot_Impervious_Coverage,20.0,50.0
Addison_Leicester_rev.geojson,Leicester,F3F_Min_Lot_Size,3,6
Addison_Leicester_rev.geojson,Leicester,F3F_Max_Density,1,0.5
Addison_Leicester_rev.geojson,Leicester,F3F_Max_Lot_Impervious_Coverage,20,50
Addison_Leicester_rev.geojson,Leicester,F4F_Min_Lot_Size,4,8
Addison_Leicester_rev.geojson,Leicester,F4F_Max_Density,1,0.5
Addison_Leicester_rev.geojson,Leicester,F4F_Max_Lot_Impervious_Coverage,20,50
Addison_Leicester_rev.geojson,Leicester,ADU_Min_Lot_Size,1.0,2.0
Addison_Leicester_rev.geojson,Leicester,PRD_Mobile_or_Manufactured_Home_Park,Yes,No
Addison_Leicester_rev.geojson,Leicester,Notes,"State permit required for clearing land or creating impervious surfaces within 250ft of mean high water level. 
Minimum lot depth 200ft.",Minimum lot depth 200 ft. Max ADU size is whichever standard is larger. Density bonus of 2:1 available for PUDs.
Addison_Leicester_rev.geojson,Leicester,Base_Density,1,0.5
Addison_Leicester_rev.geojson,Leicester,PUD_Allowance,f,t
Addison_Leicester_rev.geojson,Leicester,District_Name,Lake Shore Districts: L1,Village District
Addison_Leicester_rev.geojson,Leicester,Abbreviated_District_Name,L2,VL
Addison_Leicester_rev.geojson,Leicester,District_Type,Primarily Residential,Mixed with Residential
Addison_Leicester_rev.geojson,Leicester,F1F_Max_Lot_Impervious_Coverage,25.0,50.0
Addison_Leicester_rev.geojson,Leicester,F2F_Max_Lot_Impervious_Coverage,25.0,50.0
Addison_Leicester_rev.geojson,Leicester,F3F_Max_Lot_Impervious_Coverage,25,50
Addison_Leicester_rev.geojson,Leicester,F4F_Max_Lot_Impervious_Coverage,25,50
Addison_Leicester_rev.geojson,Leicester,PRD_Mobile_or_Manufactured_Home_Park,Yes,No
Addison_Leicester_rev.geojson,Leicester,Notes,Minimum lot depth 200ft,Minimum lot depth 200 ft. Max ADU size is whichever standard is larger. Density bonus of 2:1 available for PUDs.
Addison_Leicester_rev.geojson,Leicester,F1F_Frontage,200,100
Addison_Leicester_rev.geojson,Leicester,F2F_Frontage,200,100
Addison_Leicester_rev.geojson,Leicester,F3F_Frontage,200,100
Addison_Leicester_rev.geojson,Leicester,F4F_Frontage,200,100
Addison_Leicester_rev.geojson,Leicester,PUD_Allowance,f,t
Addison_Leicester_rev.geojson,Leicester,District_Name,Lake Shore Districts: L2,Village District
Addison_Leicester_rev.geojson,Leicester,Abbreviated_District_Name,RA,VL
Addison_Leicester_rev.geojson,Leicester,F1F_Max_Lot_Impervious_Coverage,25.0,50.0
Addison_Leicester_rev.geojson,Leicester,F2F_Max_Lot_Impervious_Coverage,25.0,50.0
Addison_Leicester_rev.geojson,Leicester,F3F_Max_Lot_Impervious_Coverage,25,50
Addison_Leicester_rev.geojson,Leicester,F4F_Max_Lot_Impervious_Coverage,25,50
Addison_Leicester_rev.geojson,Leicester,PRD_Mobile_or_Manufactured_Home_Park,Yes,No
Addison_Leicester_rev.geojson,Leicester,Notes,Minimum lot depth 200ft.,Minimum lot depth 200 ft. Max ADU size is whichever standard is larger. Density bonus of 2:1 available for PUDs.
Addison_Leicester_rev.geojson,Leicester,F1F_Frontage,200,100
Addison_Leicester_rev.geojson,Leicester,F2F_Frontage,200,100
Addison_Leicester_rev.geojson,Leicester,F3F_Frontage,200,100
Addison_Leicester_rev.geojson,Leicester,F4F_Frontage,200,100
Addison_Leicester_rev.geojson,Leicester,District_Name,Residential Agricultural District,Village District
Addison_Leicester_rev.geojson,Leicester,Abbreviated_District_Name,RAC,VL
Addison_Leicester_rev.geojson,Leicester,F1F_Max_Lot_Impervious_Coverage,25.0,50.0
Addison_Leicester_rev.geojson,Leicester,F2F_Max_Lot_Impervious_Coverage,25.0,50.0
Addison_Leicester_rev.geojson,Leicester,F3F_Max_Lot_Impervious_Coverage,25,50
Addison_Leicester_rev.geojson,Leicester,F4F_Max_Lot_Impervious_Coverage,25,50
Addison_Leicester_rev.geojson,Leicester,PRD_Mobile_or_Manufactured_Home_Park,Yes,No
Addison_Leicester_rev.geojson,Leicester,Notes,"Minimum lot depth 200ft. Maximum building size 10,000 ft. For all treatments, max lot coverage of buildings and impervious surfaces not to exceed 50% of any acre in addition to 25% total lot coverage.",Minimum lot depth 200 ft. Max ADU size is whichever standard is larger. Density bonus of 2:1 available for PUDs.
Addison_Leicester_rev.geojson,Leicester,F1F_Frontage,200,100
Addison_Leicester_rev.geojson,Leicester,F2F_Frontage,200,100
Addison_Leicester_rev.geojson,Leicester,F3F_Frontage,200,100
Addison_Leicester_rev.geojson,Leicester,F4F_Frontage,200,100
Addison_Leicester_rev.geojson,Leicester,PUD_Required_with_Subdivision,t,f
Addison_Leicester_rev.geojson,Leicester,District_Name,Residential Agricultural Commercial District,Village District
Addison_Lincoln_rev.geojson,Lincoln,LAST_UPDATE,2023-09-18,2023-08-09
Addison_Lincoln_rev.geojson,Lincoln,Abbreviated_District_Name,FHO,VO
Addison_Lincoln_rev.geojson,Lincoln,District_Mapped,No,Yes
Addison_Lincoln_rev.geojson,Lincoln,District_Type,Nonresidential,Overlay not Affecting Use
Addison_Lincoln_rev.geojson,Lincoln,Notes,All development of new structures is subject to conditional use review depending on risks posed by the proposed development.,"This overlay layer applies to the entire town of Lincoln. Provisions are not prohibitive of development, but encourage thoughtful siting to preserve communal viewsheds. "
Addison_Lincoln_rev.geojson,Lincoln,F1F_Allowance,Allowed/Conditional,Overlay
Addison_Lincoln_rev.geojson,Lincoln,F2F_Allowance,Allowed/Conditional,Overlay
Addison_Lincoln_rev.geojson,Lincoln,F3F_Allowance,Allowed/Conditional,Overlay
Addison_Lincoln_rev.geojson,Lincoln,F4F_Allowance,Allowed/Conditional,Overlay
Addison_Lincoln_rev.geojson,Lincoln,District_Name,Flood Hazard Overlay Area,Viewshed Overlay Area
Addison_Lincoln_rev.geojson,Lincoln,LAST_UPDATE,2023-08-18,2023-08-09
Addison_Lincoln_rev.geojson,Lincoln,Abbreviated_District_Name,OUT,VO
Addison_Lincoln_rev.geojson,Lincoln,Overlay_District,No,Yes
Addison_Lincoln_rev.geojson,Lincoln,District_Type,Primarily Residential,Overlay not Affecting Use
Addison_Lincoln_rev.geojson,Lincoln,ADU_Allowance,Allowed/Conditional,Not Mentioned
Addison_Lincoln_rev.geojson,Lincoln,ADU_Owner_Occupancy_Required,Yes,No
Addison_Lincoln_rev.geojson,Lincoln,PRD_Allowance,Allowed/Conditional,Not Mentioned
Addison_Lincoln_rev.geojson,Lincoln,PRD_Mobile_or_Manufactured_Home_Park,Yes,No
Addison_Lincoln_rev.geojson,Lincoln,Notes,"Structures greater than 3,500sf are subject to conditional use review. Homes must be set back 25ft from all streams.","This overlay layer applies to the entire town of Lincoln. Provisions are not prohibitive of development, but encourage thoughtful siting to preserve communal viewsheds. "
Addison_Lincoln_rev.geojson,Lincoln,F1F_Allowance,Allowed/Conditional,Overlay
Addison_Lincoln_rev.geojson,Lincoln,F2F_Allowance,Allowed/Conditional,Overlay
Addison_Lincoln_rev.geojson,Lincoln,F3F_Allowance,Prohibited,Overlay
Addison_Lincoln_rev.geojson,Lincoln,F4F_Allowance,Prohibited,Overlay
Addison_Lincoln_rev.geojson,Lincoln,District_Name,Outlying,Viewshed Overlay Area
Addison_Lincoln_rev.geojson,Lincoln,Abbreviated_District_Name,RO,VO
Addison_Lincoln_rev.geojson,Lincoln,District_Type,Nonresidential,Overlay not Affecting Use
Addison_Lincoln_rev.geojson,Lincoln,Affordable_Housing_Allowance,Prohibited,Not Mentioned
Addison_Lincoln_rev.geojson,Lincoln,ADU_Allowance,Prohibited,Not Mentioned
Addison_Lincoln_rev.geojson,Lincoln,Notes,"Encompasses the area 25ft from the banks of all streams and 35ft from the banks downstream of where the stream's watershed is greater than 10 square miles. The intent of the overlay layer is to preserve river habitats and prevent erosion. In some places, the overlay layer may extend beyond the 25 foot no-development buffer, at which point additional regulations are placed on development.","This overlay layer applies to the entire town of Lincoln. Provisions are not prohibitive of development, but encourage thoughtful siting to preserve communal viewsheds. "
Addison_Lincoln_rev.geojson,Lincoln,F1F_Allowance,Prohibited,Overlay
Addison_Lincoln_rev.geojson,Lincoln,F2F_Allowance,Prohibited,Overlay
Addison_Lincoln_rev.geojson,Lincoln,F3F_Allowance,Prohibited,Overlay
Addison_Lincoln_rev.geojson,Lincoln,F4F_Allowance,Prohibited,Overlay
Addison_Lincoln_rev.geojson,Lincoln,District_Name,River Overlay Area,Viewshed Overlay Area
Addison_Lincoln_rev.geojson,Lincoln,LAST_UPDATE,2023-08-07,2023-08-09
Addison_Lincoln_rev.geojson,Lincoln,Abbreviated_District_Name,TRS,VO
Addison_Lincoln_rev.geojson,Lincoln,Overlay_District,No,Yes
Addison_Lincoln_rev.geojson,Lincoln,District_Type,Primarily Residential,Overlay not Affecting Use
Addison_Lincoln_rev.geojson,Lincoln,ADU_Allowance,Allowed/Conditional,Not Mentioned
Addison_Lincoln_rev.geojson,Lincoln,ADU_Owner_Occupancy_Required,Yes,No
Addison_Lincoln_rev.geojson,Lincoln,PRD_Allowance,Allowed/Conditional,Not Mentioned
Addison_Lincoln_rev.geojson,Lincoln,PRD_Mobile_or_Manufactured_Home_Park,Yes,No
Addison_Lincoln_rev.geojson,Lincoln,Notes,"Dwellings larger than 3,500 sf are subject to conditional use review. Dwellings must be setback 25 ft from all streams. Overall growth in Lincoln is limited on an annual basis (see Article 11 Section 201).","This overlay layer applies to the entire town of Lincoln. Provisions are not prohibitive of development, but encourage thoughtful siting to preserve communal viewsheds. "
Addison_Lincoln_rev.geojson,Lincoln,F1F_Allowance,Allowed/Conditional,Overlay
Addison_Lincoln_rev.geojson,Lincoln,F2F_Allowance,Allowed/Conditional,Overlay
Addison_Lincoln_rev.geojson,Lincoln,F3F_Allowance,Allowed/Conditional,Overlay
Addison_Lincoln_rev.geojson,Lincoln,F4F_Allowance,Allowed/Conditional,Overlay
Addison_Lincoln_rev.geojson,Lincoln,District_Name,Transitional,Viewshed Overlay Area
Addison_Lincoln_rev.geojson,Lincoln,LAST_UPDATE,2023-08-18,2023-08-09
Addison_Lincoln_rev.geojson,Lincoln,Abbreviated_District_Name,VIL,VO
Addison_Lincoln_rev.geojson,Lincoln,Overlay_District,No,Yes
Addison_Lincoln_rev.geojson,Lincoln,District_Type,Mixed with Residential,Overlay not Affecting Use
Addison_Lincoln_rev.geojson,Lincoln,F4F_Elderly_Housing_Only,Yes,No
Addison_Lincoln_rev.geojson,Lincoln,ADU_Allowance,Allowed/Conditional,Not Mentioned
Addison_Lincoln_rev.geojson,Lincoln,ADU_Owner_Occupancy_Required,Yes,No
Addison_Lincoln_rev.geojson,Lincoln,PRD_Allowance,Allowed/Conditional,Not Mentioned
Addison_Lincoln_rev.geojson,Lincoln,PRD_Mobile_or_Manufactured_Home_Park,Yes,No
Addison_Lincoln_rev.geojson,Lincoln,Notes,"The planning commission may reduce minimum lot size, number of units, and setbacks for PUDs, with a maximum density bonus for single family homes of 1 unit per 0.75 acres.","This overlay layer applies to the entire town of Lincoln. Provisions are not prohibitive of development, but encourage thoughtful siting to preserve communal viewsheds. "
Addison_Lincoln_rev.geojson,Lincoln,F1F_Allowance,Allowed/Conditional,Overlay
Addison_Lincoln_rev.geojson,Lincoln,F2F_Allowance,Allowed/Conditional,Overlay
Addison_Lincoln_rev.geojson,Lincoln,F3F_Allowance,Allowed/Conditional,Overlay
Addison_Lincoln_rev.geojson,Lincoln,F4F_Allowance,Allowed/Conditional,Overlay
Addison_Lincoln_rev.geojson,Lincoln,District_Name,Village,Viewshed Overlay Area
Addison_NewHaven_rev04012024.geojson,New Haven,OBJECTID,1,8
Addison_NewHaven_rev04012024.geojson,New Haven,Abbreviated_District_Name,FD,RA-5
Addison_NewHaven_rev04012024.geojson,New Haven,District_Type,Nonresidential,Primarily Residential
Addison_NewHaven_rev04012024.geojson,New Haven,F1F_Allowance,Public Hearing,Permitted 
Addison_NewHaven_rev04012024.geojson,New Haven,F2F_Allowance,Prohibited,Permitted 
Addison_NewHaven_rev04012024.geojson,New Haven,F3F_Allowance,Prohibited,Public Hearing
Addison_NewHaven_rev04012024.geojson,New Haven,F1F_Min_Lot,25,5
Addison_NewHaven_rev04012024.geojson,New Haven,F1F_Side_Setback,100,25
Addison_NewHaven_rev04012024.geojson,New Haven,F1F_Rear_Setback,100,25
Addison_NewHaven_rev04012024.geojson,New Haven,F2F_Min_Lot_Size,25,5
Addison_NewHaven_rev04012024.geojson,New Haven,F2F_Side_Setback,100,25
Addison_NewHaven_rev04012024.geojson,New Haven,F2F_Rear_Setback,100,25
Addison_NewHaven_rev04012024.geojson,New Haven,ADU_Allowance,Public Hearing ,Permitted
Addison_NewHaven_rev04012024.geojson,New Haven,ADU_Min_Lot_Size,25,5
Addison_NewHaven_rev04012024.geojson,New Haven,PRD_Allowance,Prohibited,Allowed/Conditional
Addison_NewHaven_rev04012024.geojson,New Haven,PRD_Mobile_or_Manufactured_Home_Park,No,Yes
Addison_NewHaven_rev04012024.geojson,New Haven,Shape_Length,39164.50151375077,77721.2156017536
Addison_NewHaven_rev04012024.geojson,New Haven,Shape_Area,9908905.968906336,6410883.410772992
Addison_NewHaven_rev04012024.geojson,New Haven,District_Name,Forest District,Rural Agricultural (RA-5) District
Addison_NewHaven_rev04012024.geojson,New Haven,OBJECTID,2,8
Addison_NewHaven_rev04012024.geojson,New Haven,Abbreviated_District_Name,FHD,RA-5
Addison_NewHaven_rev04012024.geojson,New Haven,District_Type,Nonresidential,Primarily Residential
Addison_NewHaven_rev04012024.geojson,New Haven,F1F_Allowance,Public Hearing,Permitted 
Addison_NewHaven_rev04012024.geojson,New Haven,F2F_Allowance,Public Hearing,Permitted 
Addison_NewHaven_rev04012024.geojson,New Haven,F4F_Allowance,Prohibited,Prohibited
Addison_NewHaven_rev04012024.geojson,New Haven,F1F_Min_Lot,,5
Addison_NewHaven_rev04012024.geojson,New Haven,F2F_Min_Lot_Size,,5
Addison_NewHaven_rev04012024.geojson,New Haven,F2F_Front_Setback,,100
Addison_NewHaven_rev04012024.geojson,New Haven,F2F_Side_Setback,,25
Addison_NewHaven_rev04012024.geojson,New Haven,F2F_Rear_Setback,,25
Addison_NewHaven_rev04012024.geojson,New Haven,F3F_Min_Lot_Size,,5
Addison_NewHaven_rev04012024.geojson,New Haven,F3F_Side_Setback,,25
Addison_NewHaven_rev04012024.geojson,New Haven,F4F_Min_Lot_Size,,5
Addison_NewHaven_rev04012024.geojson,New Haven,F4F_Front_Setback,,100
Addison_NewHaven_rev04012024.geojson,New Haven,F4F_Side_Setback,,25
Addison_NewHaven_rev04012024.geojson,New Haven,F4F_Rear_Setback,,25
Addison_NewHaven_rev04012024.geojson,New Haven,ADU_Allowance,Public Hearing ,Permitted
Addison_NewHaven_rev04012024.geojson,New Haven,ADU_Min_Lot_Size,25,5
Addison_NewHaven_rev04012024.geojson,New Haven,PRD_Allowance,Not Mentioned,Allowed/Conditional
Addison_NewHaven_rev04012024.geojson,New Haven,PRD_Mobile_or_Manufactured_Home_Park,No,Yes
Addison_NewHaven_rev04012024.geojson,New Haven,Notes,Minimum lot depth 400ft. Flood Hazard Area Map based off a combination of FEMA maps.,Minimum lot depth 500ft.
Addison_NewHaven_rev04012024.geojson,New Haven,Shape_Length,114720.21717554968,77721.2156017536
Addison_NewHaven_rev04012024.geojson,New Haven,Shape_Area,9616050.523436503,6410883.410772992
Addison_NewHaven_rev04012024.geojson,New Haven,District_Name,Flood Hazard District,Rural Agricultural (RA-5) District
Addison_NewHaven_rev04012024.geojson,New Haven,OBJECTID,3,8
Addison_NewHaven_rev04012024.geojson,New Haven,Abbreviated_District_Name,HC,RA-5
Addison_NewHaven_rev04012024.geojson,New Haven,District_Type,Nonresidential,Primarily Residential
Addison_NewHaven_rev04012024.geojson,New Haven,F1F_Allowance,Public Hearing,Permitted 
Addison_NewHaven_rev04012024.geojson,New Haven,F2F_Allowance,Public Hearing,Permitted 
Addison_NewHaven_rev04012024.geojson,New Haven,F3F_Allowance,Public Hearning ,Public Hearing
Addison_NewHaven_rev04012024.geojson,New Haven,F1F_Min_Lot,1,5
Addison_NewHaven_rev04012024.geojson,New Haven,F1F_Front_Setback,75,100
Addison_NewHaven_rev04012024.geojson,New Haven,F1F_Side_Setback,20,25
Addison_NewHaven_rev04012024.geojson,New Haven,F1F_Rear_Setback,30,25
Addison_NewHaven_rev04012024.geojson,New Haven,F1F_Max_Height,50,35
Addison_NewHaven_rev04012024.geojson,New Haven,F2F_Min_Lot_Size,1,5
Addison_NewHaven_rev04012024.geojson,New Haven,F2F_Front_Setback,75,100
Addison_NewHaven_rev04012024.geojson,New Haven,F2F_Side_Setback,20,25
Addison_NewHaven_rev04012024.geojson,New Haven,F2F_Rear_Setback,30,25
Addison_NewHaven_rev04012024.geojson,New Haven,F2F_Max_Height,50,35
Addison_NewHaven_rev04012024.geojson,New Haven,F3F_Min_Lot_Size,1,5
Addison_NewHaven_rev04012024.geojson,New Haven,F3F_Front_Setback,75,100
Addison_NewHaven_rev04012024.geojson,New Haven,F3F_Side_Setback,20,25
Addison_NewHaven_rev04012024.geojson,New Haven,F3F_Rear_Setback,30,25
Addison_NewHaven_rev04012024.geojson,New Haven,F3F_Max_Height,50,35
Addison_NewHaven_rev04012024.geojson,New Haven,F4F_Min_Lot_Size,1,5
Addison_NewHaven_rev04012024.geojson,New Haven,F4F_Front_Setback,75,100
Addison_NewHaven_rev04012024.geojson,New Haven,F4F_Side_Setback,20,25
Addison_NewHaven_rev04012024.geojson,New Haven,F4F_Rear_Setback,30,25
Addison_NewHaven_rev04012024.geojson,New Haven,F4F_Max_Height,50,35
Addison_NewHaven_rev04012024.geojson,New Haven,ADU_Min_Lot_Size,1,5
Addison_NewHaven_rev04012024.geojson,New Haven,Notes,Minimum lot depth 200ft.,Minimum lot depth 500ft.
Addison_NewHaven_rev04012024.geojson,New Haven,Shape_Length,20493.831567850903,77721.2156017536
Addison_NewHaven_rev04012024.geojson,New Haven,Shape_Area,1651252.7834897675,6410883.410772992
Addison_NewHaven_rev04012024.geojson,New Haven,District_Name,Highway Commercial District,Rural Agricultural (RA-5) District
Addison_NewHaven_rev04012024.geojson,New Haven,OBJECTID,4,8
Addison_NewHaven_rev04012024.geojson,New Haven,Abbreviated_District_Name,IN,RA-5
Addison_NewHaven_rev04012024.geojson,New Haven,District_Type,Nonresidential,Primarily Residential
Addison_NewHaven_rev04012024.geojson,New Haven,F1F_Allowance,Prohibited,Permitted 
Addison_NewHaven_rev04012024.geojson,New Haven,F2F_Allowance,Prohibited,Permitted 
Addison_NewHaven_rev04012024.geojson,New Haven,F3F_Allowance,Prohibited,Public Hearing
Addison_NewHaven_rev04012024.geojson,New Haven,F1F_Min_Lot,1,5
Addison_NewHaven_rev04012024.geojson,New Haven,F1F_Front_Setback,75,100
Addison_NewHaven_rev04012024.geojson,New Haven,F1F_Side_Setback,20,25
Addison_NewHaven_rev04012024.geojson,New Haven,F1F_Rear_Setback,30,25
Addison_NewHaven_rev04012024.geojson,New Haven,F1F_Max_Height,50,35
Addison_NewHaven_rev04012024.geojson,New Haven,F2F_Min_Lot_Size,1,5
Addison_NewHaven_rev04012024.geojson,New Haven,F2F_Front_Setback,75,100
Addison_NewHaven_rev04012024.geojson,New Haven,F2F_Side_Setback,20,25
Addison_NewHaven_rev04012024.geojson,New Haven,F2F_Rear_Setback,30,25
Addison_NewHaven_rev04012024.geojson,New Haven,F2F_Max_Height,50,35
Addison_NewHaven_rev04012024.geojson,New Haven,ADU_Allowance,Prohibited,Permitted
Addison_NewHaven_rev04012024.geojson,New Haven,ADU_Min_Lot_Size,,5
Addison_NewHaven_rev04012024.geojson,New Haven,PRD_Allowance,Prohibited,Allowed/Conditional
Addison_NewHaven_rev04012024.geojson,New Haven,PRD_Mobile_or_Manufactured_Home_Park,No,Yes
Addison_NewHaven_rev04012024.geojson,New Haven,Shape_Length,17974.98638123119,77721.2156017536
Addison_NewHaven_rev04012024.geojson,New Haven,Shape_Area,2186471.9284403822,6410883.410772992
Addison_NewHaven_rev04012024.geojson,New Haven,District_Name,Industrial District,Rural Agricultural (RA-5) District
Addison_NewHaven_rev04012024.geojson,New Haven,OBJECTID,5,8
Addison_NewHaven_rev04012024.geojson,New Haven,Abbreviated_District_Name,NC,RA-5
Addison_NewHaven_rev04012024.geojson,New Haven,District_Type,Mixed with Residential,Primarily Residential
Addison_NewHaven_rev04012024.geojson,New Haven,F4F_Allowance,Prohibited,Prohibited
Addison_NewHaven_rev04012024.geojson,New Haven,F1F_Min_Lot,.5,5
Addison_NewHaven_rev04012024.geojson,New Haven,F1F_Front_Setback,50,100
Addison_NewHaven_rev04012024.geojson,New Haven,F1F_Side_Setback,15,25
Addison_NewHaven_rev04012024.geojson,New Haven,F2F_Min_Lot_Size,.5,5
Addison_NewHaven_rev04012024.geojson,New Haven,F2F_Front_Setback,50,100
Addison_NewHaven_rev04012024.geojson,New Haven,F2F_Side_Setback,15,25
Addison_NewHaven_rev04012024.geojson,New Haven,F2F_Rear_Setback,25,25
Addison_NewHaven_rev04012024.geojson,New Haven,F3F_Min_Lot_Size,.5,5
Addison_NewHaven_rev04012024.geojson,New Haven,F3F_Front_Setback,50,100
Addison_NewHaven_rev04012024.geojson,New Haven,F3F_Side_Setback,15,25
Addison_NewHaven_rev04012024.geojson,New Haven,F4F_Min_Lot_Size,.5,5
Addison_NewHaven_rev04012024.geojson,New Haven,F4F_Front_Setback,50,100
Addison_NewHaven_rev04012024.geojson,New Haven,F4F_Side_Setback,15,25
Addison_NewHaven_rev04012024.geojson,New Haven,ADU_Min_Lot_Size,.5,5
Addison_NewHaven_rev04012024.geojson,New Haven,Notes,Minimum lot depth 200ft.,Minimum lot depth 500ft.
Addison_NewHaven_rev04012024.geojson,New Haven,Shape_Length,9458.987332407507,77721.2156017536
Addison_NewHaven_rev04012024.geojson,New Haven,Shape_Area,689310.4256283259,6410883.410772992
Addison_NewHaven_rev04012024.geojson,New Haven,District_Name,Neighborhood Commercial District,Rural Agricultural (RA-5) District
Addison_NewHaven_rev04012024.geojson,New Haven,OBJECTID,6,8
Addison_NewHaven_rev04012024.geojson,New Haven,Abbreviated_District_Name,RA-10,RA-5
Addison_NewHaven_rev04012024.geojson,New Haven,F1F_Min_Lot,10,5
Addison_NewHaven_rev04012024.geojson,New Haven,F2F_Min_Lot_Size,10,5
Addison_NewHaven_rev04012024.geojson,New Haven,F3F_Min_Lot_Size,10,5
Addison_NewHaven_rev04012024.geojson,New Haven,F4F_Min_Lot_Size,10,5
Addison_NewHaven_rev04012024.geojson,New Haven,ADU_Min_Lot_Size,10,5
Addison_NewHaven_rev04012024.geojson,New Haven,Notes,Minimum lot depth 700ft.,Minimum lot depth 500ft.
Addison_NewHaven_rev04012024.geojson,New Haven,Shape_Length,277511.14526528947,77721.2156017536
Addison_NewHaven_rev04012024.geojson,New Haven,Shape_Area,54897085.620605215,6410883.410772992
Addison_NewHaven_rev04012024.geojson,New Haven,District_Name,Rural Agricultural (RA-10) District,Rural Agricultural (RA-5) District
Addison_NewHaven_rev04012024.geojson,New Haven,OBJECTID,7,8
Addison_NewHaven_rev04012024.geojson,New Haven,Abbreviated_District_Name,RA-2,RA-5
Addison_NewHaven_rev04012024.geojson,New Haven,F1F_Min_Lot,2,5
Addison_NewHaven_rev04012024.geojson,New Haven,F2F_Min_Lot_Size,2,5
Addison_NewHaven_rev04012024.geojson,New Haven,F3F_Min_Lot_Size,2,5
Addison_NewHaven_rev04012024.geojson,New Haven,F4F_Min_Lot_Size,2,5
Addison_NewHaven_rev04012024.geojson,New Haven,ADU_Min_Lot_Size,2,5
Addison_NewHaven_rev04012024.geojson,New Haven,Notes,Minimum lot depth 200ft.,Minimum lot depth 500ft.
Addison_NewHaven_rev04012024.geojson,New Haven,Shape_Length,258299.6557973915,77721.2156017536
Addison_NewHaven_rev04012024.geojson,New Haven,Shape_Area,18754927.853238735,6410883.410772992
Addison_NewHaven_rev04012024.geojson,New Haven,District_Name,Rural Agricultural (RA-2) District,Rural Agricultural (RA-5) District
Addison_Salisbury_rev.geojson,Salisbury,LAST_UPDATE,2023-08-25,2023-08-02
Addison_Salisbury_rev.geojson,Salisbury,Abbreviated_District_Name,CD,MDR
Addison_Salisbury_rev.geojson,Salisbury,District_Type,Mixed with Residential,Primarily Residential
Addison_Salisbury_rev.geojson,Salisbury,F1F_Min_Lot,3,1
Addison_Salisbury_rev.geojson,Salisbury,F2F_Min_Lot_Size,6,2
Addison_Salisbury_rev.geojson,Salisbury,F2F_Max_Density,0.33,1
Addison_Salisbury_rev.geojson,Salisbury,F3F_Min_Lot_Size,9,3
Addison_Salisbury_rev.geojson,Salisbury,F3F_Max_Density,0.33,1
Addison_Salisbury_rev.geojson,Salisbury,F4F_Min_Lot_Size,12,4
Addison_Salisbury_rev.geojson,Salisbury,F4F_Max_Density,0.33,1
Addison_Salisbury_rev.geojson,Salisbury,ADU_Min_Lot_Size,3,1
Addison_Salisbury_rev.geojson,Salisbury,ADU_Max_Size_in_sq_ft,600,60
Addison_Salisbury_rev.geojson,Salisbury,Notes,Minimum lot depth 300'.,"Minimum lot depth: 200 ft.
ADU size limit is whichever is larger. 
PUDs that qualify as affordable housing are eligible for a 2:1 density bonus for affordable housing PUD."
Addison_Salisbury_rev.geojson,Salisbury,Base_Density,0.33,1
Addison_Salisbury_rev.geojson,Salisbury,F1F_Frontage,200,100
Addison_Salisbury_rev.geojson,Salisbury,F2F_Frontage,200,100
Addison_Salisbury_rev.geojson,Salisbury,F3F_Frontage,200,100
Addison_Salisbury_rev.geojson,Salisbury,F4F_Frontage,200,100
Addison_Salisbury_rev.geojson,Salisbury,District_Name,Commercial,Medium Density Residential
Addison_Salisbury_rev.geojson,Salisbury,Abbreviated_District_Name,CON,MDR
Addison_Salisbury_rev.geojson,Salisbury,District_Type,Nonresidential,Primarily Residential
Addison_Salisbury_rev.geojson,Salisbury,F1F_Min_Lot,25,1
Addison_Salisbury_rev.geojson,Salisbury,F1F_Side_Setback,200,25
Addison_Salisbury_rev.geojson,Salisbury,F1F_Rear_Setback,200,25
Addison_Salisbury_rev.geojson,Salisbury,F1F_Max_Lot_Impervious_Coverage,1,25
Addison_Salisbury_rev.geojson,Salisbury,F2F_Min_Lot_Size,50,2
Addison_Salisbury_rev.geojson,Salisbury,F2F_Max_Density,0.04,1
Addison_Salisbury_rev.geojson,Salisbury,F2F_Side_Setback,200,25
Addison_Salisbury_rev.geojson,Salisbury,F2F_Rear_Setback,200,25
Addison_Salisbury_rev.geojson,Salisbury,F2F_Max_Lot_Impervious_Coverage,1,25
Addison_Salisbury_rev.geojson,Salisbury,ADU_Owner_Occupancy_Required,Yes,No
Addison_Salisbury_rev.geojson,Salisbury,ADU_Min_Lot_Size,25,1
Addison_Salisbury_rev.geojson,Salisbury,ADU_Max_Size_in_sq_ft,600,60
Addison_Salisbury_rev.geojson,Salisbury,Notes,"Minimum lot depth 400'. Maximum building size 10,000 sf.","Minimum lot depth: 200 ft.
ADU size limit is whichever is larger. 
PUDs that qualify as affordable housing are eligible for a 2:1 density bonus for affordable housing PUD."
Addison_Salisbury_rev.geojson,Salisbury,Base_Density,0.04,1
Addison_Salisbury_rev.geojson,Salisbury,F1F_Frontage,400,100
Addison_Salisbury_rev.geojson,Salisbury,F2F_Frontage,400,100
Addison_Salisbury_rev.geojson,Salisbury,F3F_Allowance,Prohibited,Allowed/Conditional
Addison_Salisbury_rev.geojson,Salisbury,F4F_Allowance,Prohibited,Allowed/Conditional
Addison_Salisbury_rev.geojson,Salisbury,District_Name,Conservation,Medium Density Residential
Addison_Salisbury_rev.geojson,Salisbury,Abbreviated_District_Name,FHO,MDR
Addison_Salisbury_rev.geojson,Salisbury,Overlay_District,Yes,No
Addison_Salisbury_rev.geojson,Salisbury,District_Type,Nonresidential,Primarily Residential
Addison_Salisbury_rev.geojson,Salisbury,Affordable_Housing_Allowance,Prohibited,Not Mentioned
Addison_Salisbury_rev.geojson,Salisbury,ADU_Allowance,Prohibited,Allowed/Conditional
Addison_Salisbury_rev.geojson,Salisbury,PRD_Allowance,Prohibited,Allowed/Conditional
Addison_Salisbury_rev.geojson,Salisbury,Notes,"This district is comprised of ""Zone A"" areas on sheets 5, 10, 15, and 20 of the FEMA FIRMs from November 1 1985.","Minimum lot depth: 200 ft.
ADU size limit is whichever is larger. 
PUDs that qualify as affordable housing are eligible for a 2:1 density bonus for affordable housing PUD."
Addison_Salisbury_rev.geojson,Salisbury,PUD_Allowance,f,t
Addison_Salisbury_rev.geojson,Salisbury,F1F_Allowance,Prohibited,Allowed/Conditional
Addison_Salisbury_rev.geojson,Salisbury,F2F_Allowance,Prohibited,Allowed/Conditional
Addison_Salisbury_rev.geojson,Salisbury,F3F_Allowance,Prohibited,Allowed/Conditional
Addison_Salisbury_rev.geojson,Salisbury,F4F_Allowance,Prohibited,Allowed/Conditional
Addison_Salisbury_rev.geojson,Salisbury,District_Name,Flood Hazard Overlay Areas,Medium Density Residential
Addison_Salisbury_rev.geojson,Salisbury,Abbreviated_District_Name,FOR,MDR
Addison_Salisbury_rev.geojson,Salisbury,District_Type,Nonresidential,Primarily Residential
Addison_Salisbury_rev.geojson,Salisbury,F1F_Min_Lot,10,1
Addison_Salisbury_rev.geojson,Salisbury,F1F_Side_Setback,200,25
Addison_Salisbury_rev.geojson,Salisbury,F1F_Rear_Setback,200,25
Addison_Salisbury_rev.geojson,Salisbury,F1F_Max_Lot_Impervious_Coverage,2,25
Addison_Salisbury_rev.geojson,Salisbury,F2F_Min_Lot_Size,20,2
Addison_Salisbury_rev.geojson,Salisbury,F2F_Max_Density,0.1,1
Addison_Salisbury_rev.geojson,Salisbury,F2F_Side_Setback,200,25
Addison_Salisbury_rev.geojson,Salisbury,F2F_Rear_Setback,200,25
Addison_Salisbury_rev.geojson,Salisbury,F2F_Max_Lot_Impervious_Coverage,35,25
Addison_Salisbury_rev.geojson,Salisbury,ADU_Owner_Occupancy_Required,Yes,No
Addison_Salisbury_rev.geojson,Salisbury,ADU_Min_Lot_Size,10,1
Addison_Salisbury_rev.geojson,Salisbury,ADU_Max_Size_in_sq_ft,600,60
Addison_Salisbury_rev.geojson,Salisbury,PRD_Allowance,Prohibited,Allowed/Conditional
Addison_Salisbury_rev.geojson,Salisbury,Notes,Minimum lot depth 400'.,"Minimum lot depth: 200 ft.
ADU size limit is whichever is larger. 
PUDs that qualify as affordable housing are eligible for a 2:1 density bonus for affordable housing PUD."
Addison_Salisbury_rev.geojson,Salisbury,Base_Density,0.1,1
Addison_Salisbury_rev.geojson,Salisbury,F1F_Frontage,200,100
Addison_Salisbury_rev.geojson,Salisbury,F2F_Frontage,200,100
Addison_Salisbury_rev.geojson,Salisbury,PUD_Allowance,f,t
Addison_Salisbury_rev.geojson,Salisbury,F3F_Allowance,Prohibited,Allowed/Conditional
Addison_Salisbury_rev.geojson,Salisbury,F4F_Allowance,Prohibited,Allowed/Conditional
Addison_Salisbury_rev.geojson,Salisbury,District_Name,Forest,Medium Density Residential
Addison_Salisbury_rev.geojson,Salisbury,Abbreviated_District_Name,HDR,MDR
Addison_Salisbury_rev.geojson,Salisbury,District_Type,Mixed with Residential,Primarily Residential
Addison_Salisbury_rev.geojson,Salisbury,F1F_Min_Lot,0.92,1
Addison_Salisbury_rev.geojson,Salisbury,F1F_Side_Setback,15,25
Addison_Salisbury_rev.geojson,Salisbury,F1F_Rear_Setback,15,25
Addison_Salisbury_rev.geojson,Salisbury,F1F_Max_Lot_Impervious_Coverage,50,25
Addison_Salisbury_rev.geojson,Salisbury,F2F_Min_Lot_Size,1.84,2
Addison_Salisbury_rev.geojson,Salisbury,F2F_Max_Density,1.01,1
Addison_Salisbury_rev.geojson,Salisbury,F2F_Side_Setback,15,25
Addison_Salisbury_rev.geojson,Salisbury,F2F_Rear_Setback,15,25
Addison_Salisbury_rev.geojson,Salisbury,F2F_Max_Lot_Impervious_Coverage,50,25
Addison_Salisbury_rev.geojson,Salisbury,F3F_Min_Lot_Size,2.76,3
Addison_Salisbury_rev.geojson,Salisbury,F3F_Max_Density,1.01,1
Addison_Salisbury_rev.geojson,Salisbury,F3F_Side_Setback,15,25
Addison_Salisbury_rev.geojson,Salisbury,F3F_Rear_Setback,15,25
Addison_Salisbury_rev.geojson,Salisbury,F3F_Max_Lot_Impervious_Coverage,50,25
Addison_Salisbury_rev.geojson,Salisbury,F4F_Min_Lot_Size,3.68,4
Addison_Salisbury_rev.geojson,Salisbury,F4F_Max_Density,1.01,1
Addison_Salisbury_rev.geojson,Salisbury,F4F_Side_Setback,15,25
Addison_Salisbury_rev.geojson,Salisbury,F4F_Rear_Setback,15,25
Addison_Salisbury_rev.geojson,Salisbury,F4F_Max_Lot_Impervious_Coverage,50,25
Addison_Salisbury_rev.geojson,Salisbury,ADU_Min_Lot_Size,0.96,1
Addison_Salisbury_rev.geojson,Salisbury,ADU_Max_Size_in_sq_ft,600,60
Addison_Salisbury_rev.geojson,Salisbury,Notes,"Minimum lot depth: 125ft.
ADU size limit is whichever is larger.","Minimum lot depth: 200 ft.
ADU size limit is whichever is larger. 
PUDs that qualify as affordable housing are eligible for a 2:1 density bonus for affordable housing PUD."
Addison_Salisbury_rev.geojson,Salisbury,Base_Density,1.01,1
Addison_Salisbury_rev.geojson,Salisbury,F1F_Frontage,70,100
Addison_Salisbury_rev.geojson,Salisbury,F2F_Frontage,70,100
Addison_Salisbury_rev.geojson,Salisbury,F3F_Frontage,70,100
Addison_Salisbury_rev.geojson,Salisbury,F4F_Frontage,70,100
Addison_Salisbury_rev.geojson,Salisbury,District_Name,High Density Residential,Medium Density Residential
Addison_Salisbury_rev.geojson,Salisbury,Abbreviated_District_Name,LDR,MDR
Addison_Salisbury_rev.geojson,Salisbury,F1F_Min_Lot,2,1
Addison_Salisbury_rev.geojson,Salisbury,F2F_Min_Lot_Size,4,2
Addison_Salisbury_rev.geojson,Salisbury,F2F_Max_Density,0.5,1
Addison_Salisbury_rev.geojson,Salisbury,F3F_Min_Lot_Size,6,3
Addison_Salisbury_rev.geojson,Salisbury,F3F_Max_Density,0.5,1
Addison_Salisbury_rev.geojson,Salisbury,F4F_Min_Lot_Size,8,4
Addison_Salisbury_rev.geojson,Salisbury,F4F_Max_Density,0.5,1
Addison_Salisbury_rev.geojson,Salisbury,ADU_Min_Lot_Size,2,1
Addison_Salisbury_rev.geojson,Salisbury,ADU_Min_Parking_Spaces,1,2
Addison_Salisbury_rev.geojson,Salisbury,ADU_Max_Size_in_sq_ft,600,60
Addison_Salisbury_rev.geojson,Salisbury,Notes,"Minimum lot depth: 200ft.
ADU size limit is whichever is larger.
PUDs in the 'Plains' subdistrict may qualify for a 2:1 density bonus.","Minimum lot depth: 200 ft.
ADU size limit is whichever is larger. 
PUDs that qualify as affordable housing are eligible for a 2:1 density bonus for affordable housing PUD."
Addison_Salisbury_rev.geojson,Salisbury,Base_Density,0.5,1
Addison_Salisbury_rev.geojson,Salisbury,F1F_Frontage,200,100
Addison_Salisbury_rev.geojson,Salisbury,F2F_Frontage,200,100
Addison_Salisbury_rev.geojson,Salisbury,F3F_Frontage,200,100
Addison_Salisbury_rev.geojson,Salisbury,F4F_Frontage,200,100
Addison_Salisbury_rev.geojson,Salisbury,District_Name,Low Density Residential,Medium Density Residential
Addison_Salisbury_rev.geojson,Salisbury,Abbreviated_District_Name,LS1,MDR
Addison_Salisbury_rev.geojson,Salisbury,F1F_Max_Lot_Impervious_Coverage,20,25
Addison_Salisbury_rev.geojson,Salisbury,F1F_Max_Height,25,35
Addison_Salisbury_rev.geojson,Salisbury,F2F_Max_Lot_Impervious_Coverage,20,25
Addison_Salisbury_rev.geojson,Salisbury,F2F_Max_Height,25,35
Addison_Salisbury_rev.geojson,Salisbury,F3F_Max_Lot_Impervious_Coverage,20,25
Addison_Salisbury_rev.geojson,Salisbury,F3F_Max_Height,25,35
Addison_Salisbury_rev.geojson,Salisbury,F4F_Max_Lot_Impervious_Coverage,20,25
Addison_Salisbury_rev.geojson,Salisbury,F4F_Max_Height,25,35
Addison_Salisbury_rev.geojson,Salisbury,ADU_Max_Size_in_sq_ft,600,60
Addison_Salisbury_rev.geojson,Salisbury,PRD_Allowance,Prohibited,Allowed/Conditional
Addison_Salisbury_rev.geojson,Salisbury,Notes,Lake Shore 1 consists of the area from mean high water outward for 150ft. There is a minimum lot depth of 200ft. C=Land clearing or the creation of any impervious surfaces within 250ft of the mean high water line requires a permit.,"Minimum lot depth: 200 ft.
ADU size limit is whichever is larger. 
PUDs that qualify as affordable housing are eligible for a 2:1 density bonus for affordable housing PUD."
Addison_Salisbury_rev.geojson,Salisbury,F1F_Frontage,200,100
Addison_Salisbury_rev.geojson,Salisbury,F2F_Frontage,200,100
Addison_Salisbury_rev.geojson,Salisbury,F3F_Frontage,200,100
Addison_Salisbury_rev.geojson,Salisbury,F4F_Frontage,200,100
Addison_Salisbury_rev.geojson,Salisbury,PUD_Allowance,f,t
Addison_Salisbury_rev.geojson,Salisbury,District_Name,Lake Shore 1,Medium Density Residential
Addison_Salisbury_rev.geojson,Salisbury,Abbreviated_District_Name,LS2,MDR
Addison_Salisbury_rev.geojson,Salisbury,F1F_Min_Lot,2,1
Addison_Salisbury_rev.geojson,Salisbury,F2F_Min_Lot_Size,4,2
Addison_Salisbury_rev.geojson,Salisbury,F2F_Max_Density,0.5,1
Addison_Salisbury_rev.geojson,Salisbury,F3F_Min_Lot_Size,6,3
Addison_Salisbury_rev.geojson,Salisbury,F3F_Max_Density,0.5,1
Addison_Salisbury_rev.geojson,Salisbury,F4F_Min_Lot_Size,8,4
Addison_Salisbury_rev.geojson,Salisbury,F4F_Max_Density,0.5,1
Addison_Salisbury_rev.geojson,Salisbury,ADU_Min_Lot_Size,2,1
Addison_Salisbury_rev.geojson,Salisbury,ADU_Max_Size_in_sq_ft,600,60
Addison_Salisbury_rev.geojson,Salisbury,PRD_Allowance,Not Mentioned,Allowed/Conditional
Addison_Salisbury_rev.geojson,Salisbury,Notes,"Lake Shore 2 surrounds Lake Shore 1, extending between 500-950 ft depending on the location. Land clearing or creating of impervious surfaces within 250' of the mean high water line requires a permit. The minimum lot depth is 200ft.","Minimum lot depth: 200 ft.
ADU size limit is whichever is larger. 
PUDs that qualify as affordable housing are eligible for a 2:1 density bonus for affordable housing PUD."
Addison_Salisbury_rev.geojson,Salisbury,Base_Density,0.5,1
Addison_Salisbury_rev.geojson,Salisbury,F1F_Frontage,200,100
Addison_Salisbury_rev.geojson,Salisbury,F2F_Frontage,200,100
Addison_Salisbury_rev.geojson,Salisbury,F3F_Frontage,200,100
Addison_Salisbury_rev.geojson,Salisbury,F4F_Frontage,200,100
Addison_Salisbury_rev.geojson,Salisbury,PUD_Allowance,f,t
Addison_Salisbury_rev.geojson,Salisbury,District_Name,Lake Shore 2,Medium Density Residential
Bennington_Glastenbury_rev.geoJSON,Glastenbury,Abbreviated_District_Name,F1,F2
Bennington_Peru_rev.geoJSON,Peru,Abbreviated_District_Name,BR,RR5
Bennington_Peru_rev.geoJSON,Peru,Abbreviated_District_Name,BV,RR5
Bennington_Peru_rev.geoJSON,Peru,Abbreviated_District_Name,FR,RR5
Bennington_Peru_rev.geoJSON,Peru,Abbreviated_District_Name,PVHD,RR5
Bennington_Peru_rev.geoJSON,Peru,Abbreviated_District_Name,R11,RR5
Bennington_Peru_rev.geoJSON,Peru,Abbreviated_District_Name,RR2,RR5
Bennington_Rupert_rev.geojson,Rupert,LAST_UPDATE,2024-05-17,2024-05-19
Bennington_Rupert_rev.geojson,Rupert,Abbreviated_District_Name,AG,VR
Bennington_Rupert_rev.geojson,Rupert,F1F_Front_Setback,50,15
Bennington_Rupert_rev.geojson,Rupert,F1F_Side_Setback,25,10
Bennington_Rupert_rev.geojson,Rupert,F1F_Rear_Setback,50,25
Bennington_Rupert_rev.geojson,Rupert,F1F_Max_Lot_Building_Coverage,10,50
Bennington_Rupert_rev.geojson,Rupert,F1F_Max_Lot_Impervious_Coverage,10,50
Bennington_Rupert_rev.geojson,Rupert,F1F_Max_Stories,2,3
Bennington_Rupert_rev.geojson,Rupert,F2F_Min_Lot_Size,25.01,1
Bennington_Rupert_rev.geojson,Rupert,F2F_Front_Setback,50,15
Bennington_Rupert_rev.geojson,Rupert,F2F_Side_Setback,25,10
Bennington_Rupert_rev.geojson,Rupert,F2F_Rear_Setback,50,25
Bennington_Rupert_rev.geojson,Rupert,F2F_Max_Lot_Building_Coverage,10,50
Bennington_Rupert_rev.geojson,Rupert,F2F_Max_Lot_Impervious_Coverage,10,50
Bennington_Rupert_rev.geojson,Rupert,F2F_Max_Stories,2,3
Bennington_Rupert_rev.geojson,Rupert,F3F_Allowance,Prohibited,Public Hearing
Bennington_Rupert_rev.geojson,Rupert,F4F_Allowance,Prohibited,Public Hearing
Bennington_Rupert_rev.geojson,Rupert,District_Name,Agricultural District,Village Residential
Bennington_Rupert_rev.geojson,Rupert,LAST_UPDATE,2024-05-22,2024-05-19
Bennington_Rupert_rev.geojson,Rupert,Abbreviated_District_Name,FCO,VR
Bennington_Rupert_rev.geojson,Rupert,Overlay_District,Yes,No
Bennington_Rupert_rev.geojson,Rupert,ADU_Allowance,Not Mentioned,Allowed/Conditional
Bennington_Rupert_rev.geojson,Rupert,ADU_Owner_Occupancy_Required,No,Yes
Bennington_Rupert_rev.geojson,Rupert,PRD_Allowance,Not Mentioned,Public Hearing
Bennington_Rupert_rev.geojson,Rupert,F1F_Allowance,Public Hearing,Allowed/Conditional
Bennington_Rupert_rev.geojson,Rupert,F2F_Allowance,Prohibited,Allowed/Conditional
Bennington_Rupert_rev.geojson,Rupert,F3F_Allowance,Prohibited,Public Hearing
Bennington_Rupert_rev.geojson,Rupert,F4F_Allowance,Prohibited,Public Hearing
Bennington_Rupert_rev.geojson,Rupert,District_Name,Forest Conservation Overlay,Village Residential
Bennington_Rupert_rev.geojson,Rupert,LAST_UPDATE,2024-05-26,2024-05-19
Bennington_Rupert_rev.geojson,Rupert,Abbreviated_District_Name,FEHO,VR
Bennington_Rupert_rev.geojson,Rupert,Overlay_District,Yes,No
Bennington_Rupert_rev.geojson,Rupert,District_Type,Nonresidential,Mixed with Residential
Bennington_Rupert_rev.geojson,Rupert,Affordable_Housing_Allowance,Prohibited,Not Mentioned
Bennington_Rupert_rev.geojson,Rupert,ADU_Allowance,Prohibited,Allowed/Conditional
Bennington_Rupert_rev.geojson,Rupert,ADU_Owner_Occupancy_Required,No,Yes
Bennington_Rupert_rev.geojson,Rupert,PRD_Allowance,Prohibited,Public Hearing
Bennington_Rupert_rev.geojson,Rupert,F1F_Allowance,Prohibited,Allowed/Conditional
Bennington_Rupert_rev.geojson,Rupert,F2F_Allowance,Prohibited,Allowed/Conditional
Bennington_Rupert_rev.geojson,Rupert,F3F_Allowance,Prohibited,Public Hearing
Bennington_Rupert_rev.geojson,Rupert,F4F_Allowance,Prohibited,Public Hearing
Bennington_Rupert_rev.geojson,Rupert,District_Name,Fluvial Erosion Hazard Overlay District,Village Residential
Bennington_Rupert_rev.geojson,Rupert,LAST_UPDATE,2024-05-26,2024-05-19
Bennington_Rupert_rev.geojson,Rupert,Abbreviated_District_Name,FHO,VR
Bennington_Rupert_rev.geojson,Rupert,Overlay_District,Yes,No
Bennington_Rupert_rev.geojson,Rupert,District_Type,Nonresidential,Mixed with Residential
Bennington_Rupert_rev.geojson,Rupert,Affordable_Housing_Allowance,Prohibited,Not Mentioned
Bennington_Rupert_rev.geojson,Rupert,ADU_Allowance,Prohibited,Allowed/Conditional
Bennington_Rupert_rev.geojson,Rupert,ADU_Owner_Occupancy_Required,No,Yes
Bennington_Rupert_rev.geojson,Rupert,PRD_Allowance,Prohibited,Public Hearing
Bennington_Rupert_rev.geojson,Rupert,F1F_Allowance,Prohibited,Allowed/Conditional
Bennington_Rupert_rev.geojson,Rupert,F2F_Allowance,Prohibited,Allowed/Conditional
Bennington_Rupert_rev.geojson,Rupert,F3F_Allowance,Prohibited,Public Hearing
Bennington_Rupert_rev.geojson,Rupert,F4F_Allowance,Prohibited,Public Hearing
Bennington_Rupert_rev.geojson,Rupert,District_Name,Flood Hazard Overlay,Village Residential
Bennington_Rupert_rev.geojson,Rupert,LAST_UPDATE,2024-05-31,2024-05-19
Bennington_Rupert_rev.geojson,Rupert,Abbreviated_District_Name,RM,VR
Bennington_Rupert_rev.geojson,Rupert,F1F_Front_Setback,50,15
Bennington_Rupert_rev.geojson,Rupert,F1F_Side_Setback,25,10
Bennington_Rupert_rev.geojson,Rupert,F1F_Rear_Setback,50,25
Bennington_Rupert_rev.geojson,Rupert,F1F_Max_Lot_Building_Coverage,10,50
Bennington_Rupert_rev.geojson,Rupert,F1F_Max_Lot_Impervious_Coverage,10,50
Bennington_Rupert_rev.geojson,Rupert,F1F_Max_Stories,2,3
Bennington_Rupert_rev.geojson,Rupert,F2F_Min_Lot_Size,20,1
Bennington_Rupert_rev.geojson,Rupert,F2F_Front_Setback,50,15
Bennington_Rupert_rev.geojson,Rupert,F2F_Side_Setback,25,10
Bennington_Rupert_rev.geojson,Rupert,F2F_Rear_Setback,50,25
Bennington_Rupert_rev.geojson,Rupert,F2F_Max_Lot_Building_Coverage,10,50
Bennington_Rupert_rev.geojson,Rupert,F2F_Max_Lot_Impervious_Coverage,10,50
Bennington_Rupert_rev.geojson,Rupert,F2F_Max_Stories,2,3
Bennington_Rupert_rev.geojson,Rupert,F3F_Min_Lot_Size,40,1
Bennington_Rupert_rev.geojson,Rupert,F3F_Front_Setback,50,15
Bennington_Rupert_rev.geojson,Rupert,F3F_Side_Setback,25,10
Bennington_Rupert_rev.geojson,Rupert,F3F_Rear_Setback,50,25
Bennington_Rupert_rev.geojson,Rupert,F3F_Max_Lot_Building_Coverage,10,50
Bennington_Rupert_rev.geojson,Rupert,F3F_Max_Lot_Impervious_Coverage,10,50
Bennington_Rupert_rev.geojson,Rupert,F3F_Max_Stories,2,3
Bennington_Rupert_rev.geojson,Rupert,F4F_Front_Setback,50,15
Bennington_Rupert_rev.geojson,Rupert,F4F_Side_Setback,25,10
Bennington_Rupert_rev.geojson,Rupert,F4F_Rear_Setback,50,25
Bennington_Rupert_rev.geojson,Rupert,F4F_Max_Lot_Building_Coverage,10,50
Bennington_Rupert_rev.geojson,Rupert,F4F_Max_Lot_Impervious_Coverage,10,50
Bennington_Rupert_rev.geojson,Rupert,F4F_Max_Stories,2,3
Bennington_Rupert_rev.geojson,Rupert,PRD_Mobile_or_Manufactured_Home_Park,Yes,No
Bennington_Rupert_rev.geojson,Rupert,F2F_Allowance,Public Hearing,Allowed/Conditional
Bennington_Rupert_rev.geojson,Rupert,District_Name,Resource Management,Village Residential
Bennington_Rupert_rev.geojson,Rupert,LAST_UPDATE,2024-05-22,2024-05-19
Bennington_Rupert_rev.geojson,Rupert,Abbreviated_District_Name,RR,VR
Bennington_Rupert_rev.geojson,Rupert,District_Type,Primarily Residential,Mixed with Residential
Bennington_Rupert_rev.geojson,Rupert,F1F_Front_Setback,30,15
Bennington_Rupert_rev.geojson,Rupert,F1F_Side_Setback,20,10
Bennington_Rupert_rev.geojson,Rupert,F1F_Rear_Setback,40,25
Bennington_Rupert_rev.geojson,Rupert,F1F_Max_Lot_Building_Coverage,30,50
Bennington_Rupert_rev.geojson,Rupert,F1F_Max_Lot_Impervious_Coverage,30,50
Bennington_Rupert_rev.geojson,Rupert,F1F_Max_Stories,2,3
Bennington_Rupert_rev.geojson,Rupert,F2F_Min_Lot_Size,5.01,1
Bennington_Rupert_rev.geojson,Rupert,F2F_Front_Setback,30,15
Bennington_Rupert_rev.geojson,Rupert,F2F_Side_Setback,20,10
Bennington_Rupert_rev.geojson,Rupert,F2F_Rear_Setback,40,25
Bennington_Rupert_rev.geojson,Rupert,F2F_Max_Lot_Building_Coverage,30,50
Bennington_Rupert_rev.geojson,Rupert,F2F_Max_Lot_Impervious_Coverage,30,50
Bennington_Rupert_rev.geojson,Rupert,F2F_Max_Stories,2,3
Bennington_Rupert_rev.geojson,Rupert,F3F_Min_Lot_Size,10.01,1
Bennington_Rupert_rev.geojson,Rupert,F3F_Front_Setback,30,15
Bennington_Rupert_rev.geojson,Rupert,F3F_Side_Setback,20,10
Bennington_Rupert_rev.geojson,Rupert,F3F_Rear_Setback,40,25
Bennington_Rupert_rev.geojson,Rupert,F3F_Max_Lot_Building_Coverage,30,50
Bennington_Rupert_rev.geojson,Rupert,F3F_Max_Lot_Impervious_Coverage,30,50
Bennington_Rupert_rev.geojson,Rupert,F3F_Max_Stories,2,3
Bennington_Rupert_rev.geojson,Rupert,F4F_Front_Setback,30,15
Bennington_Rupert_rev.geojson,Rupert,F4F_Side_Setback,20,10
Bennington_Rupert_rev.geojson,Rupert,F4F_Rear_Setback,40,25
Bennington_Rupert_rev.geojson,Rupert,F4F_Max_Lot_Building_Coverage,30,50
Bennington_Rupert_rev.geojson,Rupert,F4F_Max_Lot_Impervious_Coverage,30,50
Bennington_Rupert_rev.geojson,Rupert,F4F_Max_Stories,2,3
Bennington_Rupert_rev.geojson,Rupert,PRD_Mobile_or_Manufactured_Home_Park,Yes,No
Bennington_Rupert_rev.geojson,Rupert,District_Name,Rural Residential,Village Residential
Bennington_Rupert_rev.geojson,Rupert,LAST_UPDATE,2024-05-22,2024-05-19
Bennington_Rupert_rev.geojson,Rupert,Abbreviated_District_Name,VC,VR
Bennington_Rupert_rev.geojson,Rupert,F1F_Min_Lot,0.23,1
Bennington_Rupert_rev.geojson,Rupert,F1F_Front_Setback,5,15
Bennington_Rupert_rev.geojson,Rupert,F1F_Side_Setback,5,10
Bennington_Rupert_rev.geojson,Rupert,F1F_Max_Lot_Building_Coverage,80,50
Bennington_Rupert_rev.geojson,Rupert,F1F_Max_Lot_Impervious_Coverage,80,50
Bennington_Rupert_rev.geojson,Rupert,F2F_Min_Lot_Size,0.23,1
Bennington_Rupert_rev.geojson,Rupert,F2F_Front_Setback,5,15
Bennington_Rupert_rev.geojson,Rupert,F2F_Side_Setback,5,10
Bennington_Rupert_rev.geojson,Rupert,F2F_Max_Lot_Building_Coverage,80,50
Bennington_Rupert_rev.geojson,Rupert,F2F_Max_Lot_Impervious_Coverage,80,50
Bennington_Rupert_rev.geojson,Rupert,F3F_Min_Lot_Size,0.23,1
Bennington_Rupert_rev.geojson,Rupert,F3F_Front_Setback,5,15
Bennington_Rupert_rev.geojson,Rupert,F3F_Side_Setback,5,10
Bennington_Rupert_rev.geojson,Rupert,F3F_Max_Lot_Building_Coverage,80,50
Bennington_Rupert_rev.geojson,Rupert,F3F_Max_Lot_Impervious_Coverage,80,50
Bennington_Rupert_rev.geojson,Rupert,F4F_Min_Lot_Size,0.23,1
Bennington_Rupert_rev.geojson,Rupert,F4F_Front_Setback,5,15
Bennington_Rupert_rev.geojson,Rupert,F4F_Side_Setback,5,10
Bennington_Rupert_rev.geojson,Rupert,F4F_Max_Lot_Building_Coverage,80,50
Bennington_Rupert_rev.geojson,Rupert,F4F_Max_Lot_Impervious_Coverage,80,50
Bennington_Rupert_rev.geojson,Rupert,F1F_Frontage,50,100
Bennington_Rupert_rev.geojson,Rupert,F2F_Frontage,50,100
Bennington_Rupert_rev.geojson,Rupert,F3F_Frontage,50,100
Bennington_Rupert_rev.geojson,Rupert,F4F_Frontage,50,100
Bennington_Rupert_rev.geojson,Rupert,District_Name,Village Center,Village Residential
Bennington_Rupert_rev.geojson,Rupert,Abbreviated_District_Name,VN,VR
Bennington_Rupert_rev.geojson,Rupert,District_Type,Primarily Residential,Mixed with Residential
Bennington_Rupert_rev.geojson,Rupert,F1F_Min_Lot,0.46,1
Bennington_Rupert_rev.geojson,Rupert,F1F_Rear_Setback,30,25
Bennington_Rupert_rev.geojson,Rupert,F2F_Min_Lot_Size,0.46,1
Bennington_Rupert_rev.geojson,Rupert,F2F_Rear_Setback,30,25
Bennington_Rupert_rev.geojson,Rupert,F3F_Min_Lot_Size,0.46,1
Bennington_Rupert_rev.geojson,Rupert,F3F_Rear_Setback,30,25
Bennington_Rupert_rev.geojson,Rupert,F4F_Min_Lot_Size,0.46,1
Bennington_Rupert_rev.geojson,Rupert,F4F_Rear_Setback,30,25
Bennington_Rupert_rev.geojson,Rupert,F1F_Frontage,75,100
Bennington_Rupert_rev.geojson,Rupert,F2F_Frontage,75,100
Bennington_Rupert_rev.geojson,Rupert,F3F_Frontage,75,100
Bennington_Rupert_rev.geojson,Rupert,F4F_Frontage,75,100
Bennington_Rupert_rev.geojson,Rupert,District_Name,Village Neighborhood,Village Residential
Bennington_Shaftsbury_rev.geojson,Shaftsbury,LAST_UPDATE,2024-06-04,2024-06-03
Bennington_Shaftsbury_rev.geojson,Shaftsbury,Abbreviated_District_Name,CI,VR
Bennington_Shaftsbury_rev.geojson,Shaftsbury,District_Type,Mixed with Residential,Primarily Residential
Bennington_Shaftsbury_rev.geojson,Shaftsbury,F1F_Min_Lot,0.92,0.23
Bennington_Shaftsbury_rev.geojson,Shaftsbury,F1F_Front_Setback,25,20
Bennington_Shaftsbury_rev.geojson,Shaftsbury,F1F_Side_Setback,25,10
Bennington_Shaftsbury_rev.geojson,Shaftsbury,F1F_Rear_Setback,25,10
Bennington_Shaftsbury_rev.geojson,Shaftsbury,F2F_Min_Lot_Size,0.92,0.23
Bennington_Shaftsbury_rev.geojson,Shaftsbury,F2F_Front_Setback,25,20
Bennington_Shaftsbury_rev.geojson,Shaftsbury,F2F_Side_Setback,25,10
Bennington_Shaftsbury_rev.geojson,Shaftsbury,F2F_Rear_Setback,25,10
Bennington_Shaftsbury_rev.geojson,Shaftsbury,F1F_Frontage,100,75
Bennington_Shaftsbury_rev.geojson,Shaftsbury,F2F_Frontage,100,75
Bennington_Shaftsbury_rev.geojson,Shaftsbury,F3F_Allowance,Prohibited,Allowed/Conditional
Bennington_Shaftsbury_rev.geojson,Shaftsbury,F4F_Allowance,Prohibited,Allowed/Conditional
Bennington_Shaftsbury_rev.geojson,Shaftsbury,District_Name,Commercial-Industrial,Village Residential
Bennington_Shaftsbury_rev.geojson,Shaftsbury,LAST_UPDATE,2024-06-04,2024-06-03
Bennington_Shaftsbury_rev.geojson,Shaftsbury,Abbreviated_District_Name,FR,VR
Bennington_Shaftsbury_rev.geojson,Shaftsbury,District_Type,Nonresidential,Primarily Residential
Bennington_Shaftsbury_rev.geojson,Shaftsbury,ADU_Allowance,Prohibited,Allowed/Conditional
Bennington_Shaftsbury_rev.geojson,Shaftsbury,F1F_Allowance,Prohibited,Allowed/Conditional
Bennington_Shaftsbury_rev.geojson,Shaftsbury,F2F_Allowance,Prohibited,Allowed/Conditional
Bennington_Shaftsbury_rev.geojson,Shaftsbury,F3F_Allowance,Prohibited,Allowed/Conditional
Bennington_Shaftsbury_rev.geojson,Shaftsbury,F4F_Allowance,Prohibited,Allowed/Conditional
Bennington_Shaftsbury_rev.geojson,Shaftsbury,District_Name,Forest and Recreation,Village Residential
Bennington_Shaftsbury_rev.geojson,Shaftsbury,Abbreviated_District_Name,I-1,VR
Bennington_Shaftsbury_rev.geojson,Shaftsbury,District_Type,Nonresidential,Primarily Residential
Bennington_Shaftsbury_rev.geojson,Shaftsbury,ADU_Allowance,Prohibited,Allowed/Conditional
Bennington_Shaftsbury_rev.geojson,Shaftsbury,F1F_Allowance,Prohibited,Allowed/Conditional
Bennington_Shaftsbury_rev.geojson,Shaftsbury,F2F_Allowance,Prohibited,Allowed/Conditional
Bennington_Shaftsbury_rev.geojson,Shaftsbury,F3F_Allowance,Prohibited,Allowed/Conditional
Bennington_Shaftsbury_rev.geojson,Shaftsbury,F4F_Allowance,Prohibited,Allowed/Conditional
Bennington_Shaftsbury_rev.geojson,Shaftsbury,District_Name,Industrial 1,Village Residential
Bennington_Shaftsbury_rev.geojson,Shaftsbury,Abbreviated_District_Name,I-2,VR
Bennington_Shaftsbury_rev.geojson,Shaftsbury,District_Type,Nonresidential,Primarily Residential
Bennington_Shaftsbury_rev.geojson,Shaftsbury,ADU_Allowance,Prohibited,Allowed/Conditional
Bennington_Shaftsbury_rev.geojson,Shaftsbury,F1F_Allowance,Prohibited,Allowed/Conditional
Bennington_Shaftsbury_rev.geojson,Shaftsbury,F2F_Allowance,Prohibited,Allowed/Conditional
Bennington_Shaftsbury_rev.geojson,Shaftsbury,F3F_Allowance,Prohibited,Allowed/Conditional
Bennington_Shaftsbury_rev.geojson,Shaftsbury,F4F_Allowance,Prohibited,Allowed/Conditional
Bennington_Shaftsbury_rev.geojson,Shaftsbury,District_Name,Industrial 2,Village Residential
Bennington_Shaftsbury_rev.geojson,Shaftsbury,LAST_UPDATE,2024-06-04,2024-06-03
Bennington_Shaftsbury_rev.geojson,Shaftsbury,Abbreviated_District_Name,R-200,VR
Bennington_Shaftsbury_rev.geojson,Shaftsbury,District_Type,Mixed with Residential,Primarily Residential
Bennington_Shaftsbury_rev.geojson,Shaftsbury,F1F_Min_Lot,4.59,0.23
Bennington_Shaftsbury_rev.geojson,Shaftsbury,F1F_Front_Setback,100,20
Bennington_Shaftsbury_rev.geojson,Shaftsbury,F1F_Side_Setback,100,10
Bennington_Shaftsbury_rev.geojson,Shaftsbury,F1F_Rear_Setback,100,10
Bennington_Shaftsbury_rev.geojson,Shaftsbury,F1F_Max_Lot_Building_Coverage,10,40
Bennington_Shaftsbury_rev.geojson,Shaftsbury,F2F_Min_Lot_Size,4.59,0.23
Bennington_Shaftsbury_rev.geojson,Shaftsbury,F2F_Front_Setback,100,20
Bennington_Shaftsbury_rev.geojson,Shaftsbury,F2F_Side_Setback,100,10
Bennington_Shaftsbury_rev.geojson,Shaftsbury,F2F_Rear_Setback,100,10
Bennington_Shaftsbury_rev.geojson,Shaftsbury,F2F_Max_Lot_Building_Coverage,10,40
Bennington_Shaftsbury_rev.geojson,Shaftsbury,F1F_Frontage,50,75
Bennington_Shaftsbury_rev.geojson,Shaftsbury,F2F_Frontage,50,75
Bennington_Shaftsbury_rev.geojson,Shaftsbury,F3F_Allowance,Prohibited,Allowed/Conditional
Bennington_Shaftsbury_rev.geojson,Shaftsbury,F4F_Allowance,Prohibited,Allowed/Conditional
Bennington_Shaftsbury_rev.geojson,Shaftsbury,District_Name,Rural 200,Village Residential
Bennington_Shaftsbury_rev.geojson,Shaftsbury,LAST_UPDATE,2024-06-04,2024-06-03
Bennington_Shaftsbury_rev.geojson,Shaftsbury,Abbreviated_District_Name,R-40,VR
Bennington_Shaftsbury_rev.geojson,Shaftsbury,District_Type,Mixed with Residential,Primarily Residential
Bennington_Shaftsbury_rev.geojson,Shaftsbury,F1F_Min_Lot,0.92,0.23
Bennington_Shaftsbury_rev.geojson,Shaftsbury,F1F_Front_Setback,30,20
Bennington_Shaftsbury_rev.geojson,Shaftsbury,F1F_Side_Setback,25,10
Bennington_Shaftsbury_rev.geojson,Shaftsbury,F1F_Rear_Setback,25,10
Bennington_Shaftsbury_rev.geojson,Shaftsbury,F1F_Max_Lot_Building_Coverage,10,40
Bennington_Shaftsbury_rev.geojson,Shaftsbury,F2F_Min_Lot_Size,0.92,0.23
Bennington_Shaftsbury_rev.geojson,Shaftsbury,F2F_Front_Setback,30,20
Bennington_Shaftsbury_rev.geojson,Shaftsbury,F2F_Side_Setback,25,10
Bennington_Shaftsbury_rev.geojson,Shaftsbury,F2F_Rear_Setback,25,10
Bennington_Shaftsbury_rev.geojson,Shaftsbury,F2F_Max_Lot_Building_Coverage,10,40
Bennington_Shaftsbury_rev.geojson,Shaftsbury,F1F_Frontage,50,75
Bennington_Shaftsbury_rev.geojson,Shaftsbury,F2F_Frontage,50,75
Bennington_Shaftsbury_rev.geojson,Shaftsbury,F3F_Allowance,Prohibited,Allowed/Conditional
Bennington_Shaftsbury_rev.geojson,Shaftsbury,F4F_Allowance,Prohibited,Allowed/Conditional
Bennington_Shaftsbury_rev.geojson,Shaftsbury,District_Name,Rural 40,Village Residential
Bennington_Shaftsbury_rev.geojson,Shaftsbury,LAST_UPDATE,2024-06-04,2024-06-03
Bennington_Shaftsbury_rev.geojson,Shaftsbury,Abbreviated_District_Name,R-80,VR
Bennington_Shaftsbury_rev.geojson,Shaftsbury,District_Type,Mixed with Residential,Primarily Residential
Bennington_Shaftsbury_rev.geojson,Shaftsbury,F1F_Min_Lot,1.84,0.23
Bennington_Shaftsbury_rev.geojson,Shaftsbury,F1F_Front_Setback,30,20
Bennington_Shaftsbury_rev.geojson,Shaftsbury,F1F_Side_Setback,25,10
Bennington_Shaftsbury_rev.geojson,Shaftsbury,F1F_Rear_Setback,50,10
Bennington_Shaftsbury_rev.geojson,Shaftsbury,F1F_Max_Lot_Building_Coverage,10,40
Bennington_Shaftsbury_rev.geojson,Shaftsbury,F2F_Min_Lot_Size,1.84,0.23
Bennington_Shaftsbury_rev.geojson,Shaftsbury,F2F_Front_Setback,30,20
Bennington_Shaftsbury_rev.geojson,Shaftsbury,F2F_Side_Setback,25,10
Bennington_Shaftsbury_rev.geojson,Shaftsbury,F2F_Rear_Setback,50,10
Bennington_Shaftsbury_rev.geojson,Shaftsbury,F2F_Max_Lot_Building_Coverage,10,40
Bennington_Shaftsbury_rev.geojson,Shaftsbury,F1F_Frontage,50,75
Bennington_Shaftsbury_rev.geojson,Shaftsbury,F2F_Frontage,50,75
Bennington_Shaftsbury_rev.geojson,Shaftsbury,F3F_Allowance,Prohibited,Allowed/Conditional
Bennington_Shaftsbury_rev.geojson,Shaftsbury,F4F_Allowance,Prohibited,Allowed/Conditional
Bennington_Shaftsbury_rev.geojson,Shaftsbury,District_Name,Rural 80,Village Residential
Bennington_Shaftsbury_rev.geojson,Shaftsbury,Abbreviated_District_Name,RC,VR
Bennington_Shaftsbury_rev.geojson,Shaftsbury,District_Type,Mixed with Residential,Primarily Residential
Bennington_Shaftsbury_rev.geojson,Shaftsbury,F1F_Min_Lot,0.92,0.23
Bennington_Shaftsbury_rev.geojson,Shaftsbury,F1F_Front_Setback,50,20
Bennington_Shaftsbury_rev.geojson,Shaftsbury,F1F_Side_Setback,25,10
Bennington_Shaftsbury_rev.geojson,Shaftsbury,F1F_Rear_Setback,25,10
Bennington_Shaftsbury_rev.geojson,Shaftsbury,F1F_Max_Lot_Building_Coverage,15,40
Bennington_Shaftsbury_rev.geojson,Shaftsbury,F2F_Min_Lot_Size,0.92,0.23
Bennington_Shaftsbury_rev.geojson,Shaftsbury,F2F_Front_Setback,50,20
Bennington_Shaftsbury_rev.geojson,Shaftsbury,F2F_Side_Setback,25,10
Bennington_Shaftsbury_rev.geojson,Shaftsbury,F2F_Rear_Setback,25,10
Bennington_Shaftsbury_rev.geojson,Shaftsbury,F2F_Max_Lot_Building_Coverage,15,40
Bennington_Shaftsbury_rev.geojson,Shaftsbury,Affordable_Housing_Allowance,Prohibited,Not Mentioned
Bennington_Shaftsbury_rev.geojson,Shaftsbury,Notes,Frontage is for lots on public highways.,Frontage Minimum only provided for lots on highways. Dimensional info based on if the Unit is connected to public water; if the unit is not: Min lot size = 0.46 acres; Max building coverage = 30%
Bennington_Shaftsbury_rev.geojson,Shaftsbury,F1F_Frontage,200,75
Bennington_Shaftsbury_rev.geojson,Shaftsbury,F2F_Frontage,200,75
Bennington_Shaftsbury_rev.geojson,Shaftsbury,F3F_Frontage,200,75
Bennington_Shaftsbury_rev.geojson,Shaftsbury,F4F_Frontage,200,75
Bennington_Shaftsbury_rev.geojson,Shaftsbury,F3F_Allowance,Prohibited,Allowed/Conditional
Bennington_Shaftsbury_rev.geojson,Shaftsbury,F4F_Allowance,Prohibited,Allowed/Conditional
Bennington_Shaftsbury_rev.geojson,Shaftsbury,District_Name,Roadside Commercial,Village Residential
Bennington_Shaftsbury_rev.geojson,Shaftsbury,Abbreviated_District_Name,REC,VR
Bennington_Shaftsbury_rev.geojson,Shaftsbury,Bylaw_Date,2024-05-23,2023-09-05
Bennington_Shaftsbury_rev.geojson,Shaftsbury,Overlay_District,Yes,No
Bennington_Shaftsbury_rev.geojson,Shaftsbury,District_Type,Overlay not Affecting Use,Primarily Residential
Bennington_Shaftsbury_rev.geojson,Shaftsbury,ADU_Allowance,Not Mentioned,Allowed/Conditional
Bennington_Shaftsbury_rev.geojson,Shaftsbury,Notes,"Little info in the bylaws, this overlay is supposed to represent the area that recreational facilities in rural districts can be accessed through via a vehicle.",Frontage Minimum only provided for lots on highways. Dimensional info based on if the Unit is connected to public water; if the unit is not: Min lot size = 0.46 acres; Max building coverage = 30%
Bennington_Shaftsbury_rev.geojson,Shaftsbury,F1F_Allowance,Overlay,Allowed/Conditional
Bennington_Shaftsbury_rev.geojson,Shaftsbury,F2F_Allowance,Overlay,Allowed/Conditional
Bennington_Shaftsbury_rev.geojson,Shaftsbury,F3F_Allowance,Overlay,Allowed/Conditional
Bennington_Shaftsbury_rev.geojson,Shaftsbury,F4F_Allowance,Overlay,Allowed/Conditional
Bennington_Shaftsbury_rev.geojson,Shaftsbury,District_Name,Recreation Area Access Overlay Zone,Village Residential
Bennington_Shaftsbury_rev.geojson,Shaftsbury,Abbreviated_District_Name,VC,VR
Bennington_Shaftsbury_rev.geojson,Shaftsbury,District_Type,Mixed with Residential,Primarily Residential
Bennington_Shaftsbury_rev.geojson,Shaftsbury,F1F_Front_Setback,5,20
Bennington_Shaftsbury_rev.geojson,Shaftsbury,F1F_Max_Lot_Building_Coverage,70,40
Bennington_Shaftsbury_rev.geojson,Shaftsbury,F2F_Front_Setback,5,20
Bennington_Shaftsbury_rev.geojson,Shaftsbury,F2F_Max_Lot_Building_Coverage,70,40
Bennington_Shaftsbury_rev.geojson,Shaftsbury,F3F_Front_Setback,5,20
Bennington_Shaftsbury_rev.geojson,Shaftsbury,F3F_Max_Lot_Building_Coverage,70,40
Bennington_Shaftsbury_rev.geojson,Shaftsbury,F4F_Front_Setback,5,20
Bennington_Shaftsbury_rev.geojson,Shaftsbury,F4F_Max_Lot_Building_Coverage,70,40
Bennington_Shaftsbury_rev.geojson,Shaftsbury,Notes,Frontage for lots with public right of way.,Frontage Minimum only provided for lots on highways. Dimensional info based on if the Unit is connected to public water; if the unit is not: Min lot size = 0.46 acres; Max building coverage = 30%
Bennington_Shaftsbury_rev.geojson,Shaftsbury,F1F_Frontage,50,75
Bennington_Shaftsbury_rev.geojson,Shaftsbury,F2F_Frontage,50,75
Bennington_Shaftsbury_rev.geojson,Shaftsbury,F3F_Frontage,50,75
Bennington_Shaftsbury_rev.geojson,Shaftsbury,F4F_Frontage,50,75
Bennington_Shaftsbury_rev.geojson,Shaftsbury,District_Name,Village Center 1,Village Residential
Bennington_Sunderland_Overlay_rev.geoJSON,Sunderland,Abbreviated_District_Name,IHO,RCO
Bennington_Sunderland_rev.geoJSON,Sunderland,Abbreviated_District_Name,CI,VR
Bennington_Sunderland_rev.geoJSON,Sunderland,Abbreviated_District_Name,F,VR
Bennington_Sunderland_rev.geoJSON,Sunderland,Abbreviated_District_Name,RCR,VR
Bennington_Sunderland_rev.geoJSON,Sunderland,Abbreviated_District_Name,RR,VR
Bennington_Woodford_rev.geoJSON,Woodford,Abbreviated_District_Name,F,WLE
Bennington_Woodford_rev.geoJSON,Woodford,Abbreviated_District_Name,I/C,WLE
Bennington_Woodford_rev.geoJSON,Woodford,Abbreviated_District_Name,R,WLE
Bennington_Woodford_rev.geoJSON,Woodford,Abbreviated_District_Name,RC,WLE
Bennington_Woodford_rev.geoJSON,Woodford,Abbreviated_District_Name,RR/RC,WLE
Bennington_Woodford_rev.geoJSON,Woodford,Abbreviated_District_Name,RR-1,WLE
Bennington_Woodford_rev.geoJSON,Woodford,Abbreviated_District_Name,RR-10,WLE
Bennington_Woodford_rev.geoJSON,Woodford,Abbreviated_District_Name,RR-5,WLE
Caledonia_Barnet_rev.geoJSON,Barnet,Abbreviated_District_Name,AG,VIL
Caledonia_Barnet_rev.geoJSON,Barnet,Abbreviated_District_Name,LD,VIL
Caledonia_Barnet_rev.geoJSON,Barnet,Abbreviated_District_Name,RR,VIL
Caledonia_Burke_rev.geoJSON,Burke,Abbreviated_District_Name,AR I,VR
Caledonia_Burke_rev.geoJSON,Burke,Abbreviated_District_Name,AR II,VR
Caledonia_Burke_rev.geoJSON,Burke,Abbreviated_District_Name,R,VR
Caledonia_Burke_rev.geoJSON,Burke,Abbreviated_District_Name,SCO,VR
Caledonia_Burke_rev.geoJSON,Burke,Abbreviated_District_Name,VMU,VR
Caledonia_Danville_rev.geoJSON,Danville,Abbreviated_District_Name,CON,VR
Caledonia_Danville_rev.geoJSON,Danville,Abbreviated_District_Name,DCO,VR
Caledonia_Danville_rev.geoJSON,Danville,Abbreviated_District_Name,DSO,VR
Caledonia_Danville_rev.geoJSON,Danville,Abbreviated_District_Name,HN,VR
Caledonia_Danville_rev.geoJSON,Danville,Abbreviated_District_Name,LDR,VR
Caledonia_Danville_rev.geoJSON,Danville,Abbreviated_District_Name,MDR I,VR
Caledonia_Danville_rev.geoJSON,Danville,Abbreviated_District_Name,MDR II,VR
Caledonia_Danville_rev.geoJSON,Danville,Abbreviated_District_Name,R2,VR
Caledonia_Danville_rev.geoJSON,Danville,Abbreviated_District_Name,VC,VR
Caledonia_Groton_rev.geoJSON,Groton,Abbreviated_District_Name,C/I,V
Caledonia_Groton_rev.geoJSON,Groton,Abbreviated_District_Name,CON,V
Caledonia_Groton_rev.geoJSON,Groton,Abbreviated_District_Name,RR,V
Caledonia_Groton_rev.geoJSON,Groton,Abbreviated_District_Name,SL,V
Caledonia_Hardwick_rev.geoJSON,Hardwick,Abbreviated_District_Name,CB,VN
Caledonia_Hardwick_rev.geoJSON,Hardwick,Abbreviated_District_Name,CR,VN
Caledonia_Hardwick_rev.geoJSON,Hardwick,Abbreviated_District_Name,FHO,VN
Caledonia_Hardwick_rev.geoJSON,Hardwick,Abbreviated_District_Name,FR,VN
Caledonia_Hardwick_rev.geoJSON,Hardwick,Abbreviated_District_Name,HM,VN
Caledonia_Hardwick_rev.geoJSON,Hardwick,Abbreviated_District_Name,I,VN
Caledonia_Hardwick_rev.geoJSON,Hardwick,Abbreviated_District_Name,RR,VN
Caledonia_Kirby_rev.geoJSON,Kirby,Abbreviated_District_Name,C/LI,R
Caledonia_Kirby_rev.geoJSON,Kirby,Abbreviated_District_Name,FHA,R
Caledonia_Kirby_rev.geoJSON,Kirby,Abbreviated_District_Name,H,R
Caledonia_Lyndon_rev.geoJSON,Lyndon,Abbreviated_District_Name,COM,VC
Caledonia_Lyndon_rev.geoJSON,Lyndon,Abbreviated_District_Name,I/C,VC
Caledonia_Lyndon_rev.geoJSON,Lyndon,Abbreviated_District_Name,I/C,VC
Caledonia_Lyndon_rev.geoJSON,Lyndon,Abbreviated_District_Name,IND,VC
Caledonia_Lyndon_rev.geoJSON,Lyndon,Abbreviated_District_Name,LCI,VC
Caledonia_Lyndon_rev.geoJSON,Lyndon,Abbreviated_District_Name,MS,VC
Caledonia_Lyndon_rev.geoJSON,Lyndon,Abbreviated_District_Name,P,VC
Caledonia_Lyndon_rev.geoJSON,Lyndon,Abbreviated_District_Name,RN,VC
Caledonia_Lyndon_rev.geoJSON,Lyndon,Abbreviated_District_Name,RR,VC
Caledonia_Peacham_rev.geoJSON,Peacham,Abbreviated_District_Name,AO,WH
Caledonia_Peacham_rev.geoJSON,Peacham,Abbreviated_District_Name,RD,WH
Caledonia_Peacham_rev.geoJSON,Peacham,Abbreviated_District_Name,SL1,WH
Caledonia_Peacham_rev.geoJSON,Peacham,Abbreviated_District_Name,SL2,WH
Caledonia_Peacham_rev.geoJSON,Peacham,Abbreviated_District_Name,VD,WH
Caledonia_Ryegate_rev.geoJSON,Ryegate,Abbreviated_District_Name,C1,S
Caledonia_Ryegate_rev.geoJSON,Ryegate,Abbreviated_District_Name,C2,S
Caledonia_Ryegate_rev.geoJSON,Ryegate,Abbreviated_District_Name,I,S
Caledonia_Ryegate_rev.geoJSON,Ryegate,Abbreviated_District_Name,LD,S
Caledonia_Ryegate_rev.geoJSON,Ryegate,Abbreviated_District_Name,MDR,S
Caledonia_Ryegate_rev.geoJSON,Ryegate,Abbreviated_District_Name,RL,S
Caledonia_SaintJohnsbury_rev.geoJSON,Saint Johnsbury,Abbreviated_District_Name,C-D,R-T
Caledonia_SaintJohnsbury_rev.geoJSON,Saint Johnsbury,Abbreviated_District_Name,COM,R-T
Caledonia_SaintJohnsbury_rev.geoJSON,Saint Johnsbury,Abbreviated_District_Name,HS,R-T
Caledonia_SaintJohnsbury_rev.geoJSON,Saint Johnsbury,Abbreviated_District_Name,IND,R-T
Caledonia_SaintJohnsbury_rev.geoJSON,Saint Johnsbury,Abbreviated_District_Name,MU,R-T
Caledonia_SaintJohnsbury_rev.geoJSON,Saint Johnsbury,Abbreviated_District_Name,R-A,R-T
Caledonia_SaintJohnsbury_rev.geoJSON,Saint Johnsbury,Abbreviated_District_Name,R-B,R-T
Caledonia_SaintJohnsbury_rev.geoJSON,Saint Johnsbury,Abbreviated_District_Name,RL-1,R-T
Caledonia_SaintJohnsbury_rev.geoJSON,Saint Johnsbury,Abbreviated_District_Name,RL-2,R-T
Caledonia_Stannard_rev.geoJSON,Stannard,Abbreviated_District_Name,FOR,VIL
Caledonia_Stannard_rev.geoJSON,Stannard,Abbreviated_District_Name,FPO,VIL
Caledonia_Stannard_rev.geoJSON,Stannard,Abbreviated_District_Name,RUR,VIL
Caledonia_Sutton_rev.geoJSON,Sutton,Abbreviated_District_Name,IND,WL
Caledonia_Sutton_rev.geoJSON,Sutton,Abbreviated_District_Name,RES,WL
Caledonia_Sutton_rev.geoJSON,Sutton,Abbreviated_District_Name,SCE,WL
Caledonia_Sutton_rev.geoJSON,Sutton,Abbreviated_District_Name,VIL,WL
Caledonia_Waterford_rev.geoJSON,Waterford,Abbreviated_District_Name,IND-COM,WVD
Caledonia_Waterford_rev.geoJSON,Waterford,Abbreviated_District_Name,RR,WVD
Chittenden_Charlotte_rev.geojson,Charlotte,Abbreviated_District_Name,C/LI,WCV
Chittenden_Charlotte_rev.geojson,Charlotte,F1F_Side_Setback,50,25
Chittenden_Charlotte_rev.geojson,Charlotte,F1F_Rear_Setback,50,25
Chittenden_Charlotte_rev.geojson,Charlotte,F1F_Max_Lot_Building_Coverage,25,20
Chittenden_Charlotte_rev.geojson,Charlotte,F1F_Max_Lot_Impervious_Coverage,40,30
Chittenden_Charlotte_rev.geojson,Charlotte,F2F_Side_Setback,50,25
Chittenden_Charlotte_rev.geojson,Charlotte,F2F_Rear_Setback,50,25
Chittenden_Charlotte_rev.geojson,Charlotte,F2F_Max_Lot_Building_Coverage,25,20
Chittenden_Charlotte_rev.geojson,Charlotte,F2F_Max_Lot_Impervious_Coverage,40,30
Chittenden_Charlotte_rev.geojson,Charlotte,F3F_Side_Setback,50,25
Chittenden_Charlotte_rev.geojson,Charlotte,F3F_Rear_Setback,50,25
Chittenden_Charlotte_rev.geojson,Charlotte,F3F_Max_Lot_Building_Coverage,25,20
Chittenden_Charlotte_rev.geojson,Charlotte,F3F_Max_Lot_Impervious_Coverage,40,30
Chittenden_Charlotte_rev.geojson,Charlotte,F4F_Side_Setback,50,25
Chittenden_Charlotte_rev.geojson,Charlotte,F4F_Rear_Setback,50,25
Chittenden_Charlotte_rev.geojson,Charlotte,F4F_Max_Lot_Building_Coverage,25,20
Chittenden_Charlotte_rev.geojson,Charlotte,F4F_Max_Lot_Impervious_Coverage,40,30
Chittenden_Charlotte_rev.geojson,Charlotte,F4F_Min_Parking_Spaces_per_mult_BR,2,1.5
Chittenden_Charlotte_rev.geojson,Charlotte,F1F_Frontage,200,150
Chittenden_Charlotte_rev.geojson,Charlotte,F2F_Frontage,200,150
Chittenden_Charlotte_rev.geojson,Charlotte,F3F_Frontage,200,150
Chittenden_Charlotte_rev.geojson,Charlotte,F4F_Frontage,200,150
Chittenden_Charlotte_rev.geojson,Charlotte,GIS_ID,Charlotte_Commercial,Charlotte_West Charlotte Village
Chittenden_Charlotte_rev.geojson,Charlotte,District_Name,Commercial/Light Residential,West Charlotte Village
Chittenden_Charlotte_rev.geojson,Charlotte,Abbreviated_District_Name,CON,WCV
Chittenden_Charlotte_rev.geojson,Charlotte,District_Type,Nonresidential,Mixed with Residential
Chittenden_Charlotte_rev.geojson,Charlotte,Affordable_Housing_Allowance,Prohibited,Allowed/Conditional
Chittenden_Charlotte_rev.geojson,Charlotte,ADU_Allowance,Prohibited,Allowed/Conditional
Chittenden_Charlotte_rev.geojson,Charlotte,PRD_Allowance,Prohibited,Allowed/Conditional
Chittenden_Charlotte_rev.geojson,Charlotte,PRD_Mobile_or_Manufactured_Home_Park,No,Yes
Chittenden_Charlotte_rev.geojson,Charlotte,PUD_Required_with_Subdivision,f,t
Chittenden_Charlotte_rev.geojson,Charlotte,PUD_Allowance,f,t
Chittenden_Charlotte_rev.geojson,Charlotte,GIS_ID,Charlotte_Conservation,Charlotte_West Charlotte Village
Chittenden_Charlotte_rev.geojson,Charlotte,F1F_Allowance,Prohibited,Allowed/Conditional
Chittenden_Charlotte_rev.geojson,Charlotte,F2F_Allowance,Prohibited,Allowed/Conditional
Chittenden_Charlotte_rev.geojson,Charlotte,F3F_Allowance,Prohibited,Allowed/Conditional
Chittenden_Charlotte_rev.geojson,Charlotte,F4F_Allowance,Prohibited,Allowed/Conditional
Chittenden_Charlotte_rev.geojson,Charlotte,District_Name,Conservation,West Charlotte Village
Chittenden_Charlotte_rev.geojson,Charlotte,Abbreviated_District_Name,ECV,WCV
Chittenden_Charlotte_rev.geojson,Charlotte,District_Type,Primarily Residential,Mixed with Residential
Chittenden_Charlotte_rev.geojson,Charlotte,GIS_ID,Charlotte_East Charlotte Village,Charlotte_West Charlotte Village
Chittenden_Charlotte_rev.geojson,Charlotte,District_Name,East Charlotte Village,West Charlotte Village
Chittenden_Charlotte_rev.geojson,Charlotte,LAST_UPDATE,2023-07-31,2023-11-14
Chittenden_Charlotte_rev.geojson,Charlotte,Abbreviated_District_Name,FHO,WCV
Chittenden_Charlotte_rev.geojson,Charlotte,Overlay_District,Yes,No
Chittenden_Charlotte_rev.geojson,Charlotte,District_Type,Nonresidential,Mixed with Residential
Chittenden_Charlotte_rev.geojson,Charlotte,Affordable_Housing_Allowance,Prohibited,Allowed/Conditional
Chittenden_Charlotte_rev.geojson,Charlotte,ADU_Renter_Occupancy_Prohibited,Yes,No
Chittenden_Charlotte_rev.geojson,Charlotte,PUD_Required_with_Subdivision,f,t
Chittenden_Charlotte_rev.geojson,Charlotte,PUD_Allowance,f,t
Chittenden_Charlotte_rev.geojson,Charlotte,GIS_ID,,Charlotte_West Charlotte Village
Chittenden_Charlotte_rev.geojson,Charlotte,F1F_Allowance,Prohibited,Allowed/Conditional
Chittenden_Charlotte_rev.geojson,Charlotte,F2F_Allowance,Prohibited,Allowed/Conditional
Chittenden_Charlotte_rev.geojson,Charlotte,F3F_Allowance,Prohibited,Allowed/Conditional
Chittenden_Charlotte_rev.geojson,Charlotte,F4F_Allowance,Prohibited,Allowed/Conditional
Chittenden_Charlotte_rev.geojson,Charlotte,District_Name,Flood Hazard Area Overlay,West Charlotte Village
Chittenden_Charlotte_rev.geojson,Charlotte,LAST_UPDATE,2023-07-31,2023-11-14
Chittenden_Charlotte_rev.geojson,Charlotte,Abbreviated_District_Name,R7O,WCV
Chittenden_Charlotte_rev.geojson,Charlotte,Overlay_District,Yes,No
Chittenden_Charlotte_rev.geojson,Charlotte,District_Type,Nonresidential,Mixed with Residential
Chittenden_Charlotte_rev.geojson,Charlotte,ADU_Renter_Occupancy_Prohibited,Yes,No
Chittenden_Charlotte_rev.geojson,Charlotte,ADU_Max_Size_in_sq_ft,150,1500
Chittenden_Charlotte_rev.geojson,Charlotte,PUD_Required_with_Subdivision,f,t
Chittenden_Charlotte_rev.geojson,Charlotte,PUD_Allowance,f,t
Chittenden_Charlotte_rev.geojson,Charlotte,GIS_ID,,Charlotte_West Charlotte Village
Chittenden_Charlotte_rev.geojson,Charlotte,F2F_Allowance,Prohibited,Allowed/Conditional
Chittenden_Charlotte_rev.geojson,Charlotte,F3F_Allowance,Prohibited,Allowed/Conditional
Chittenden_Charlotte_rev.geojson,Charlotte,F4F_Allowance,Prohibited,Allowed/Conditional
Chittenden_Charlotte_rev.geojson,Charlotte,District_Name,Route 7 Scenic Overlay,West Charlotte Village
Chittenden_Charlotte_rev.geojson,Charlotte,Abbreviated_District_Name,RUR,WCV
Chittenden_Charlotte_rev.geojson,Charlotte,District_Type,Primarily Residential,Mixed with Residential
Chittenden_Charlotte_rev.geojson,Charlotte,F1F_Front_Setback,50,25
Chittenden_Charlotte_rev.geojson,Charlotte,F1F_Side_Setback,50,25
Chittenden_Charlotte_rev.geojson,Charlotte,F1F_Rear_Setback,50,25
Chittenden_Charlotte_rev.geojson,Charlotte,F2F_Front_Setback,50,25
Chittenden_Charlotte_rev.geojson,Charlotte,F2F_Side_Setback,50,25
Chittenden_Charlotte_rev.geojson,Charlotte,F2F_Rear_Setback,50,25
Chittenden_Charlotte_rev.geojson,Charlotte,F3F_Front_Setback,50,25
Chittenden_Charlotte_rev.geojson,Charlotte,F3F_Side_Setback,50,25
Chittenden_Charlotte_rev.geojson,Charlotte,F3F_Rear_Setback,50,25
Chittenden_Charlotte_rev.geojson,Charlotte,F4F_Front_Setback,50,25
Chittenden_Charlotte_rev.geojson,Charlotte,F4F_Side_Setback,50,25
Chittenden_Charlotte_rev.geojson,Charlotte,F4F_Rear_Setback,50,25
Chittenden_Charlotte_rev.geojson,Charlotte,Affordable_Housing_Min_Lot_Size,0.5,0.25
Chittenden_Charlotte_rev.geojson,Charlotte,Affordable_Housing_Max_Density,1,4
Chittenden_Charlotte_rev.geojson,Charlotte,F1F_Frontage,300,150
Chittenden_Charlotte_rev.geojson,Charlotte,F2F_Frontage,300,150
Chittenden_Charlotte_rev.geojson,Charlotte,F3F_Frontage,300,150
Chittenden_Charlotte_rev.geojson,Charlotte,F4F_Frontage,300,150
Chittenden_Charlotte_rev.geojson,Charlotte,GIS_ID,Charlotte_Rural,Charlotte_West Charlotte Village
Chittenden_Charlotte_rev.geojson,Charlotte,District_Name,Rural,West Charlotte Village
Chittenden_Charlotte_rev.geojson,Charlotte,Abbreviated_District_Name,SHM,WCV
Chittenden_Charlotte_rev.geojson,Charlotte,District_Type,Primarily Residential,Mixed with Residential
Chittenden_Charlotte_rev.geojson,Charlotte,F1F_Front_Setback,50,25
Chittenden_Charlotte_rev.geojson,Charlotte,F1F_Side_Setback,50,25
Chittenden_Charlotte_rev.geojson,Charlotte,F1F_Rear_Setback,50,25
Chittenden_Charlotte_rev.geojson,Charlotte,F1F_Max_Lot_Building_Coverage,7,20
Chittenden_Charlotte_rev.geojson,Charlotte,F1F_Max_Lot_Impervious_Coverage,10,30
Chittenden_Charlotte_rev.geojson,Charlotte,F1F_Max_Height,30,35
Chittenden_Charlotte_rev.geojson,Charlotte,Affordable_Housing_Allowance,Prohibited,Allowed/Conditional
Chittenden_Charlotte_rev.geojson,Charlotte,ADU_Allowance,Prohibited,Allowed/Conditional
Chittenden_Charlotte_rev.geojson,Charlotte,PRD_Allowance,Prohibited,Allowed/Conditional
Chittenden_Charlotte_rev.geojson,Charlotte,PRD_Mobile_or_Manufactured_Home_Park,No,Yes
Chittenden_Charlotte_rev.geojson,Charlotte,PUD_Required_with_Subdivision,f,t
Chittenden_Charlotte_rev.geojson,Charlotte,PUD_Allowance,f,t
Chittenden_Charlotte_rev.geojson,Charlotte,GIS_ID,Charlotte_Shoreland Seasonal Home Management,Charlotte_West Charlotte Village
Chittenden_Charlotte_rev.geojson,Charlotte,F2F_Allowance,Prohibited,Allowed/Conditional
Chittenden_Charlotte_rev.geojson,Charlotte,F3F_Allowance,Prohibited,Allowed/Conditional
Chittenden_Charlotte_rev.geojson,Charlotte,F4F_Allowance,Prohibited,Allowed/Conditional
Chittenden_Charlotte_rev.geojson,Charlotte,District_Name,Shoreland Seasonal Home Management,West Charlotte Village
Chittenden_Charlotte_rev.geojson,Charlotte,Abbreviated_District_Name,SHR,WCV
Chittenden_Charlotte_rev.geojson,Charlotte,F1F_Front_Setback,50,25
Chittenden_Charlotte_rev.geojson,Charlotte,F1F_Side_Setback,50,25
Chittenden_Charlotte_rev.geojson,Charlotte,F1F_Rear_Setback,50,25
Chittenden_Charlotte_rev.geojson,Charlotte,F1F_Max_Lot_Building_Coverage,5,20
Chittenden_Charlotte_rev.geojson,Charlotte,F1F_Max_Lot_Impervious_Coverage,10,30
Chittenden_Charlotte_rev.geojson,Charlotte,F1F_Max_Height,30,35
Chittenden_Charlotte_rev.geojson,Charlotte,Affordable_Housing_Min_Lot_Size,0.5,0.25
Chittenden_Charlotte_rev.geojson,Charlotte,Affordable_Housing_Max_Density,1,4
Chittenden_Charlotte_rev.geojson,Charlotte,F1F_Frontage,300,150
Chittenden_Charlotte_rev.geojson,Charlotte,GIS_ID,Charlotte_Shoreland,Charlotte_West Charlotte Village
Chittenden_Charlotte_rev.geojson,Charlotte,F2F_Allowance,Prohibited,Allowed/Conditional
Chittenden_Charlotte_rev.geojson,Charlotte,F3F_Allowance,Prohibited,Allowed/Conditional
Chittenden_Charlotte_rev.geojson,Charlotte,F4F_Allowance,Prohibited,Allowed/Conditional
Chittenden_Charlotte_rev.geojson,Charlotte,District_Name,Shoreland,West Charlotte Village
Chittenden_Charlotte_rev.geojson,Charlotte,Abbreviated_District_Name,VCM,WCV
Chittenden_Charlotte_rev.geojson,Charlotte,F1F_Front_Setback,100,25
Chittenden_Charlotte_rev.geojson,Charlotte,F1F_Side_Setback,15,25
Chittenden_Charlotte_rev.geojson,Charlotte,F1F_Rear_Setback,15,25
Chittenden_Charlotte_rev.geojson,Charlotte,F1F_Max_Lot_Building_Coverage,25,20
Chittenden_Charlotte_rev.geojson,Charlotte,F1F_Max_Lot_Impervious_Coverage,40,30
Chittenden_Charlotte_rev.geojson,Charlotte,F2F_Front_Setback,15,25
Chittenden_Charlotte_rev.geojson,Charlotte,F2F_Side_Setback,15,25
Chittenden_Charlotte_rev.geojson,Charlotte,F2F_Rear_Setback,15,25
Chittenden_Charlotte_rev.geojson,Charlotte,F2F_Max_Lot_Building_Coverage,25,20
Chittenden_Charlotte_rev.geojson,Charlotte,F2F_Max_Lot_Impervious_Coverage,40,30
Chittenden_Charlotte_rev.geojson,Charlotte,F3F_Front_Setback,15,25
Chittenden_Charlotte_rev.geojson,Charlotte,F3F_Side_Setback,15,25
Chittenden_Charlotte_rev.geojson,Charlotte,F3F_Rear_Setback,15,25
Chittenden_Charlotte_rev.geojson,Charlotte,F3F_Max_Lot_Building_Coverage,25,20
Chittenden_Charlotte_rev.geojson,Charlotte,F3F_Max_Lot_Impervious_Coverage,40,30
Chittenden_Charlotte_rev.geojson,Charlotte,F4F_Front_Setback,15,25
Chittenden_Charlotte_rev.geojson,Charlotte,F4F_Side_Setback,15,25
Chittenden_Charlotte_rev.geojson,Charlotte,F4F_Rear_Setback,15,25
Chittenden_Charlotte_rev.geojson,Charlotte,F4F_Max_Lot_Building_Coverage,25,20
Chittenden_Charlotte_rev.geojson,Charlotte,F4F_Max_Lot_Impervious_Coverage,40,30
Chittenden_Charlotte_rev.geojson,Charlotte,F1F_Frontage,75,150
Chittenden_Charlotte_rev.geojson,Charlotte,F2F_Frontage,75,150
Chittenden_Charlotte_rev.geojson,Charlotte,F3F_Frontage,75,150
Chittenden_Charlotte_rev.geojson,Charlotte,F4F_Frontage,75,150
Chittenden_Charlotte_rev.geojson,Charlotte,GIS_ID,Charlotte_Village Commercial,Charlotte_West Charlotte Village
Chittenden_Charlotte_rev.geojson,Charlotte,District_Name,Village Commercial,West Charlotte Village
Chittenden_Colchester_rev.geojson,Colchester,Abbreviated_District_Name,AGR,R5
Chittenden_Colchester_rev.geojson,Colchester,District_Type,Mixed with Residential,Primarily Residential
Chittenden_Colchester_rev.geojson,Colchester,F2F_Max_Density,0.04,0.2
Chittenden_Colchester_rev.geojson,Colchester,F3F_Max_Density,0.04,0.2
Chittenden_Colchester_rev.geojson,Colchester,F4F_Max_Density,0.04,0.2
Chittenden_Colchester_rev.geojson,Colchester,PRD_Max_Density,0.04,0.2
Chittenden_Colchester_rev.geojson,Colchester,Base_Density,0.04,0.2
Chittenden_Colchester_rev.geojson,Colchester,GIS_ID,Colchester_Agricultural,Colchester_Residential Five
Chittenden_Colchester_rev.geojson,Colchester,District_Name,Agricultural,Residential Five
Chittenden_Colchester_rev.geojson,Colchester,Abbreviated_District_Name,AMU,R5
Chittenden_Colchester_rev.geojson,Colchester,District_Type,Mixed with Residential,Primarily Residential
Chittenden_Colchester_rev.geojson,Colchester,F1F_Front_Setback,30,75
Chittenden_Colchester_rev.geojson,Colchester,F1F_Side_Setback,15,50
Chittenden_Colchester_rev.geojson,Colchester,F1F_Rear_Setback,25,100
Chittenden_Colchester_rev.geojson,Colchester,F2F_Max_Density,1.01,0.2
Chittenden_Colchester_rev.geojson,Colchester,F2F_Front_Setback,30,75
Chittenden_Colchester_rev.geojson,Colchester,F2F_Side_Setback,15,50
Chittenden_Colchester_rev.geojson,Colchester,F2F_Rear_Setback,25,100
Chittenden_Colchester_rev.geojson,Colchester,F3F_Max_Density,1.01,0.2
Chittenden_Colchester_rev.geojson,Colchester,F3F_Front_Setback,30,75
Chittenden_Colchester_rev.geojson,Colchester,F3F_Side_Setback,15,50
Chittenden_Colchester_rev.geojson,Colchester,F3F_Rear_Setback,25,100
Chittenden_Colchester_rev.geojson,Colchester,F4F_Max_Density,1.01,0.2
Chittenden_Colchester_rev.geojson,Colchester,F4F_Front_Setback,30,75
Chittenden_Colchester_rev.geojson,Colchester,F4F_Side_Setback,15,50
Chittenden_Colchester_rev.geojson,Colchester,F4F_Rear_Setback,25,100
Chittenden_Colchester_rev.geojson,Colchester,PRD_Max_Density,1.01,0.2
Chittenden_Colchester_rev.geojson,Colchester,Base_Density,1.01,0.2
Chittenden_Colchester_rev.geojson,Colchester,F1F_Frontage,150,300
Chittenden_Colchester_rev.geojson,Colchester,F2F_Frontage,300,600
Chittenden_Colchester_rev.geojson,Colchester,GIS_ID,Colchester_Agricultural Mixed Use,Colchester_Residential Five
Chittenden_Colchester_rev.geojson,Colchester,District_Name,Agricultural Mixed Use,Residential Five
Chittenden_Colchester_rev.geojson,Colchester,Abbreviated_District_Name,BD,R5
Chittenden_Colchester_rev.geojson,Colchester,District_Type,Nonresidential,Primarily Residential
Chittenden_Colchester_rev.geojson,Colchester,ADU_Allowance,Prohibited,Allowed/Conditional
Chittenden_Colchester_rev.geojson,Colchester,ADU_Owner_Occupancy_Required,No,Yes
Chittenden_Colchester_rev.geojson,Colchester,PRD_Allowance,Prohibited,Public Hearing
Chittenden_Colchester_rev.geojson,Colchester,PUD_Allowance,f,t
Chittenden_Colchester_rev.geojson,Colchester,GIS_ID,Colchester_Business,Colchester_Residential Five
Chittenden_Colchester_rev.geojson,Colchester,F1F_Allowance,Prohibited,Allowed/Conditional
Chittenden_Colchester_rev.geojson,Colchester,F2F_Allowance,Prohibited,Allowed/Conditional
Chittenden_Colchester_rev.geojson,Colchester,F3F_Allowance,Prohibited,Public Hearing
Chittenden_Colchester_rev.geojson,Colchester,F4F_Allowance,Prohibited,Public Hearing
Chittenden_Colchester_rev.geojson,Colchester,District_Name,Business,Residential Five
Chittenden_Colchester_rev.geojson,Colchester,Abbreviated_District_Name,COM,R5
Chittenden_Colchester_rev.geojson,Colchester,District_Type,Nonresidential,Primarily Residential
Chittenden_Colchester_rev.geojson,Colchester,ADU_Allowance,Prohibited,Allowed/Conditional
Chittenden_Colchester_rev.geojson,Colchester,ADU_Owner_Occupancy_Required,No,Yes
Chittenden_Colchester_rev.geojson,Colchester,PRD_Allowance,Prohibited,Public Hearing
Chittenden_Colchester_rev.geojson,Colchester,PUD_Allowance,f,t
Chittenden_Colchester_rev.geojson,Colchester,GIS_ID,Colchester_Commercial,Colchester_Residential Five
Chittenden_Colchester_rev.geojson,Colchester,F1F_Allowance,Prohibited,Allowed/Conditional
Chittenden_Colchester_rev.geojson,Colchester,F2F_Allowance,Prohibited,Allowed/Conditional
Chittenden_Colchester_rev.geojson,Colchester,F3F_Allowance,Prohibited,Public Hearing
Chittenden_Colchester_rev.geojson,Colchester,F4F_Allowance,Prohibited,Public Hearing
Chittenden_Colchester_rev.geojson,Colchester,District_Name,Commercial,Residential Five
Chittenden_Colchester_rev.geojson,Colchester,Abbreviated_District_Name,FP,R5
Chittenden_Colchester_rev.geojson,Colchester,District_Type,Nonresidential,Primarily Residential
Chittenden_Colchester_rev.geojson,Colchester,ADU_Allowance,Prohibited,Allowed/Conditional
Chittenden_Colchester_rev.geojson,Colchester,ADU_Owner_Occupancy_Required,No,Yes
Chittenden_Colchester_rev.geojson,Colchester,PRD_Allowance,Prohibited,Public Hearing
Chittenden_Colchester_rev.geojson,Colchester,PUD_Allowance,f,t
Chittenden_Colchester_rev.geojson,Colchester,GIS_ID,Colchester_Floodplain,Colchester_Residential Five
Chittenden_Colchester_rev.geojson,Colchester,F1F_Allowance,Prohibited,Allowed/Conditional
Chittenden_Colchester_rev.geojson,Colchester,F2F_Allowance,Prohibited,Allowed/Conditional
Chittenden_Colchester_rev.geojson,Colchester,F3F_Allowance,Prohibited,Public Hearing
Chittenden_Colchester_rev.geojson,Colchester,F4F_Allowance,Prohibited,Public Hearing
Chittenden_Colchester_rev.geojson,Colchester,District_Name,Floodplain,Residential Five
Chittenden_Colchester_rev.geojson,Colchester,Abbreviated_District_Name,GD1,R5
Chittenden_Colchester_rev.geojson,Colchester,District_Type,Mixed with Residential,Primarily Residential
Chittenden_Colchester_rev.geojson,Colchester,F1F_Front_Setback,30,75
Chittenden_Colchester_rev.geojson,Colchester,F1F_Side_Setback,10,50
Chittenden_Colchester_rev.geojson,Colchester,F1F_Rear_Setback,30,100
Chittenden_Colchester_rev.geojson,Colchester,F1F_Max_Lot_Impervious_Coverage,60,20
Chittenden_Colchester_rev.geojson,Colchester,F2F_Front_Setback,30,75
Chittenden_Colchester_rev.geojson,Colchester,F2F_Side_Setback,10,50
Chittenden_Colchester_rev.geojson,Colchester,F2F_Rear_Setback,30,100
Chittenden_Colchester_rev.geojson,Colchester,F2F_Max_Lot_Impervious_Coverage,60,20
Chittenden_Colchester_rev.geojson,Colchester,F3F_Front_Setback,30,75
Chittenden_Colchester_rev.geojson,Colchester,F3F_Side_Setback,10,50
Chittenden_Colchester_rev.geojson,Colchester,F3F_Rear_Setback,30,100
Chittenden_Colchester_rev.geojson,Colchester,F3F_Max_Lot_Impervious_Coverage,80,40
Chittenden_Colchester_rev.geojson,Colchester,F4F_Front_Setback,30,75
Chittenden_Colchester_rev.geojson,Colchester,F4F_Side_Setback,10,50
Chittenden_Colchester_rev.geojson,Colchester,F4F_Rear_Setback,30,100
Chittenden_Colchester_rev.geojson,Colchester,F4F_Max_Lot_Impervious_Coverage,35,40
Chittenden_Colchester_rev.geojson,Colchester,PRD_Max_Density,4.36,0.2
Chittenden_Colchester_rev.geojson,Colchester,Base_Density,4.36,0.2
Chittenden_Colchester_rev.geojson,Colchester,F1F_Frontage,100,300
Chittenden_Colchester_rev.geojson,Colchester,F2F_Frontage,200,600
Chittenden_Colchester_rev.geojson,Colchester,GIS_ID,Colchester_General Development One,Colchester_Residential Five
Chittenden_Colchester_rev.geojson,Colchester,District_Name,General Development 1,Residential Five
Chittenden_Colchester_rev.geojson,Colchester,Abbreviated_District_Name,GD2,R5
Chittenden_Colchester_rev.geojson,Colchester,District_Type,Mixed with Residential,Primarily Residential
Chittenden_Colchester_rev.geojson,Colchester,F1F_Min_Lot,0.46,0.92
Chittenden_Colchester_rev.geojson,Colchester,F1F_Front_Setback,30,75
Chittenden_Colchester_rev.geojson,Colchester,F1F_Side_Setback,15,50
Chittenden_Colchester_rev.geojson,Colchester,F1F_Rear_Setback,30,100
Chittenden_Colchester_rev.geojson,Colchester,F1F_Max_Lot_Impervious_Coverage,70,20
Chittenden_Colchester_rev.geojson,Colchester,F2F_Min_Lot_Size,0.92,1.84
Chittenden_Colchester_rev.geojson,Colchester,F2F_Front_Setback,30,75
Chittenden_Colchester_rev.geojson,Colchester,F2F_Side_Setback,15,50
Chittenden_Colchester_rev.geojson,Colchester,F2F_Rear_Setback,30,100
Chittenden_Colchester_rev.geojson,Colchester,F2F_Max_Lot_Impervious_Coverage,70,20
Chittenden_Colchester_rev.geojson,Colchester,F3F_Front_Setback,30,75
Chittenden_Colchester_rev.geojson,Colchester,F3F_Side_Setback,15,50
Chittenden_Colchester_rev.geojson,Colchester,F3F_Rear_Setback,30,100
Chittenden_Colchester_rev.geojson,Colchester,F3F_Max_Lot_Impervious_Coverage,90,40
Chittenden_Colchester_rev.geojson,Colchester,F4F_Front_Setback,30,75
Chittenden_Colchester_rev.geojson,Colchester,F4F_Side_Setback,15,50
Chittenden_Colchester_rev.geojson,Colchester,F4F_Rear_Setback,30,100
Chittenden_Colchester_rev.geojson,Colchester,F4F_Max_Lot_Impervious_Coverage,90,40
Chittenden_Colchester_rev.geojson,Colchester,ADU_Allowance,Public Hearing,Allowed/Conditional
Chittenden_Colchester_rev.geojson,Colchester,F1F_Frontage,100,300
Chittenden_Colchester_rev.geojson,Colchester,F2F_Frontage,200,600
Chittenden_Colchester_rev.geojson,Colchester,GIS_ID,Colchester_General Development Two,Colchester_Residential Five
Chittenden_Colchester_rev.geojson,Colchester,F1F_Allowance,Public Hearing,Allowed/Conditional
Chittenden_Colchester_rev.geojson,Colchester,District_Name,General Development 2,Residential Five
Chittenden_Colchester_rev.geojson,Colchester,Abbreviated_District_Name,GD3,R5
Chittenden_Colchester_rev.geojson,Colchester,District_Type,Mixed with Residential,Primarily Residential
Chittenden_Colchester_rev.geojson,Colchester,F1F_Min_Lot,0.06,0.92
Chittenden_Colchester_rev.geojson,Colchester,F1F_Rear_Setback,12,100
Chittenden_Colchester_rev.geojson,Colchester,F2F_Min_Lot_Size,0.06,1.84
Chittenden_Colchester_rev.geojson,Colchester,F2F_Rear_Setback,12,100
Chittenden_Colchester_rev.geojson,Colchester,F3F_Min_Lot_Size,0.06,0.23
Chittenden_Colchester_rev.geojson,Colchester,F3F_Rear_Setback,12,100
Chittenden_Colchester_rev.geojson,Colchester,F4F_Min_Lot_Size,0.06,0.23
Chittenden_Colchester_rev.geojson,Colchester,F4F_Rear_Setback,12,100
Chittenden_Colchester_rev.geojson,Colchester,F4F_Proximity_to_Public_Transit_Required,Yes,No
Chittenden_Colchester_rev.geojson,Colchester,GIS_ID,Colchester_General Development Three,Colchester_Residential Five
Chittenden_Colchester_rev.geojson,Colchester,District_Name,General Development 3,Residential Five
Chittenden_Colchester_rev.geojson,Colchester,Abbreviated_District_Name,GD4,R5
Chittenden_Colchester_rev.geojson,Colchester,District_Type,Mixed with Residential,Primarily Residential
Chittenden_Colchester_rev.geojson,Colchester,F1F_Min_Lot,0.23,0.92
Chittenden_Colchester_rev.geojson,Colchester,F1F_Front_Setback,30,75
Chittenden_Colchester_rev.geojson,Colchester,F1F_Side_Setback,15,50
Chittenden_Colchester_rev.geojson,Colchester,F1F_Rear_Setback,25,100
Chittenden_Colchester_rev.geojson,Colchester,F1F_Max_Lot_Impervious_Coverage,60,20
Chittenden_Colchester_rev.geojson,Colchester,F2F_Min_Lot_Size,0.46,1.84
Chittenden_Colchester_rev.geojson,Colchester,F2F_Max_Density,4.36,0.2
Chittenden_Colchester_rev.geojson,Colchester,F2F_Front_Setback,30,75
Chittenden_Colchester_rev.geojson,Colchester,F2F_Side_Setback,15,50
Chittenden_Colchester_rev.geojson,Colchester,F2F_Rear_Setback,25,100
Chittenden_Colchester_rev.geojson,Colchester,F2F_Max_Lot_Impervious_Coverage,60,20
Chittenden_Colchester_rev.geojson,Colchester,F3F_Max_Density,4.36,0.2
Chittenden_Colchester_rev.geojson,Colchester,F3F_Front_Setback,30,75
Chittenden_Colchester_rev.geojson,Colchester,F3F_Side_Setback,15,50
Chittenden_Colchester_rev.geojson,Colchester,F3F_Rear_Setback,25,100
Chittenden_Colchester_rev.geojson,Colchester,F3F_Max_Lot_Impervious_Coverage,80,40
Chittenden_Colchester_rev.geojson,Colchester,F4F_Max_Density,4.36,0.2
Chittenden_Colchester_rev.geojson,Colchester,F4F_Front_Setback,30,75
Chittenden_Colchester_rev.geojson,Colchester,F4F_Side_Setback,15,50
Chittenden_Colchester_rev.geojson,Colchester,F4F_Rear_Setback,25,100
Chittenden_Colchester_rev.geojson,Colchester,F4F_Max_Lot_Impervious_Coverage,80,40
Chittenden_Colchester_rev.geojson,Colchester,PRD_Max_Density,4.36,0.2
Chittenden_Colchester_rev.geojson,Colchester,Base_Density,4.36,0.2
Chittenden_Colchester_rev.geojson,Colchester,F1F_Frontage,100,300
Chittenden_Colchester_rev.geojson,Colchester,F2F_Frontage,200,600
Chittenden_Colchester_rev.geojson,Colchester,GIS_ID,Colchester_General Development Four,Colchester_Residential Five
Chittenden_Colchester_rev.geojson,Colchester,District_Name,General Development 4,Residential Five
Chittenden_Colchester_rev.geojson,Colchester,Abbreviated_District_Name,IND,R5
Chittenden_Colchester_rev.geojson,Colchester,District_Type,Nonresidential,Primarily Residential
Chittenden_Colchester_rev.geojson,Colchester,ADU_Allowance,Prohibited,Allowed/Conditional
Chittenden_Colchester_rev.geojson,Colchester,ADU_Owner_Occupancy_Required,No,Yes
Chittenden_Colchester_rev.geojson,Colchester,PRD_Allowance,Prohibited,Public Hearing
Chittenden_Colchester_rev.geojson,Colchester,GIS_ID,Colchester_Industrial,Colchester_Residential Five
Chittenden_Colchester_rev.geojson,Colchester,F1F_Allowance,Prohibited,Allowed/Conditional
Chittenden_Colchester_rev.geojson,Colchester,F2F_Allowance,Prohibited,Allowed/Conditional
Chittenden_Colchester_rev.geojson,Colchester,F3F_Allowance,Prohibited,Public Hearing
Chittenden_Colchester_rev.geojson,Colchester,F4F_Allowance,Prohibited,Public Hearing
Chittenden_Colchester_rev.geojson,Colchester,District_Name,Industrial,Residential Five
Chittenden_Colchester_rev.geojson,Colchester,Abbreviated_District_Name,LS1,R5
Chittenden_Colchester_rev.geojson,Colchester,District_Type,Mixed with Residential,Primarily Residential
Chittenden_Colchester_rev.geojson,Colchester,F1F_Min_Lot,0.6899999999999999,0.92
Chittenden_Colchester_rev.geojson,Colchester,F1F_Front_Setback,15,75
Chittenden_Colchester_rev.geojson,Colchester,F1F_Side_Setback,15,50
Chittenden_Colchester_rev.geojson,Colchester,F1F_Rear_Setback,15,100
Chittenden_Colchester_rev.geojson,Colchester,F1F_Max_Lot_Impervious_Coverage,40,20
Chittenden_Colchester_rev.geojson,Colchester,F2F_Min_Lot_Size,1.38,1.84
Chittenden_Colchester_rev.geojson,Colchester,F2F_Max_Density,1.45,0.2
Chittenden_Colchester_rev.geojson,Colchester,F2F_Front_Setback,15,75
Chittenden_Colchester_rev.geojson,Colchester,F2F_Side_Setback,15,50
Chittenden_Colchester_rev.geojson,Colchester,F2F_Rear_Setback,15,100
Chittenden_Colchester_rev.geojson,Colchester,F2F_Max_Lot_Impervious_Coverage,40,20
Chittenden_Colchester_rev.geojson,Colchester,F3F_Max_Density,1.45,0.2
Chittenden_Colchester_rev.geojson,Colchester,F3F_Front_Setback,15,75
Chittenden_Colchester_rev.geojson,Colchester,F3F_Side_Setback,15,50
Chittenden_Colchester_rev.geojson,Colchester,F3F_Rear_Setback,15,100
Chittenden_Colchester_rev.geojson,Colchester,F3F_Max_Lot_Impervious_Coverage,60,40
Chittenden_Colchester_rev.geojson,Colchester,F4F_Max_Density,1.45,0.2
Chittenden_Colchester_rev.geojson,Colchester,F4F_Front_Setback,15,75
Chittenden_Colchester_rev.geojson,Colchester,F4F_Side_Setback,15,50
Chittenden_Colchester_rev.geojson,Colchester,F4F_Rear_Setback,15,100
Chittenden_Colchester_rev.geojson,Colchester,F4F_Max_Lot_Impervious_Coverage,60,40
Chittenden_Colchester_rev.geojson,Colchester,ADU_Allowance,Public Hearing,Allowed/Conditional
Chittenden_Colchester_rev.geojson,Colchester,PRD_Max_Density,1.45,0.2
Chittenden_Colchester_rev.geojson,Colchester,Base_Density,1.45,0.2
Chittenden_Colchester_rev.geojson,Colchester,F1F_Frontage,120,300
Chittenden_Colchester_rev.geojson,Colchester,F2F_Frontage,120,600
Chittenden_Colchester_rev.geojson,Colchester,GIS_ID,Colchester_Lakeshore 1,Colchester_Residential Five
Chittenden_Colchester_rev.geojson,Colchester,F1F_Allowance,Public Hearing,Allowed/Conditional
Chittenden_Colchester_rev.geojson,Colchester,F2F_Allowance,Public Hearing,Allowed/Conditional
Chittenden_Colchester_rev.geojson,Colchester,District_Name,Lakeshore One,Residential Five
Chittenden_Colchester_rev.geojson,Colchester,Abbreviated_District_Name,LS2,R5
Chittenden_Colchester_rev.geojson,Colchester,District_Type,Mixed with Residential,Primarily Residential
Chittenden_Colchester_rev.geojson,Colchester,F1F_Min_Lot,0.23,0.92
Chittenden_Colchester_rev.geojson,Colchester,F1F_Front_Setback,20,75
Chittenden_Colchester_rev.geojson,Colchester,F1F_Side_Setback,15,50
Chittenden_Colchester_rev.geojson,Colchester,F1F_Rear_Setback,15,100
Chittenden_Colchester_rev.geojson,Colchester,F1F_Max_Lot_Impervious_Coverage,40,20
Chittenden_Colchester_rev.geojson,Colchester,F2F_Min_Lot_Size,0.46,1.84
Chittenden_Colchester_rev.geojson,Colchester,F2F_Max_Density,4.36,0.2
Chittenden_Colchester_rev.geojson,Colchester,F2F_Front_Setback,20,75
Chittenden_Colchester_rev.geojson,Colchester,F2F_Side_Setback,15,50
Chittenden_Colchester_rev.geojson,Colchester,F2F_Rear_Setback,15,100
Chittenden_Colchester_rev.geojson,Colchester,F2F_Max_Lot_Impervious_Coverage,40,20
Chittenden_Colchester_rev.geojson,Colchester,F3F_Max_Density,4.36,0.2
Chittenden_Colchester_rev.geojson,Colchester,F3F_Front_Setback,20,75
Chittenden_Colchester_rev.geojson,Colchester,F3F_Side_Setback,15,50
Chittenden_Colchester_rev.geojson,Colchester,F3F_Rear_Setback,15,100
Chittenden_Colchester_rev.geojson,Colchester,F3F_Max_Lot_Impervious_Coverage,60,40
Chittenden_Colchester_rev.geojson,Colchester,F4F_Max_Density,4.36,0.2
Chittenden_Colchester_rev.geojson,Colchester,F4F_Front_Setback,20,75
Chittenden_Colchester_rev.geojson,Colchester,F4F_Side_Setback,15,50
Chittenden_Colchester_rev.geojson,Colchester,F4F_Rear_Setback,15,100
Chittenden_Colchester_rev.geojson,Colchester,F4F_Max_Lot_Impervious_Coverage,60,40
Chittenden_Colchester_rev.geojson,Colchester,PRD_Max_Density,4.36,0.2
Chittenden_Colchester_rev.geojson,Colchester,Base_Density,4.36,0.2
Chittenden_Colchester_rev.geojson,Colchester,F1F_Frontage,100,300
Chittenden_Colchester_rev.geojson,Colchester,F2F_Frontage,100,600
Chittenden_Colchester_rev.geojson,Colchester,GIS_ID,Colchester_Lakeshore 2,Colchester_Residential Five
Chittenden_Colchester_rev.geojson,Colchester,F4F_Allowance,Allowed/Conditional,Public Hearing
Chittenden_Colchester_rev.geojson,Colchester,District_Name,Lakeshore Two,Residential Five
Chittenden_Colchester_rev.geojson,Colchester,Abbreviated_District_Name,LS3,R5
Chittenden_Colchester_rev.geojson,Colchester,F1F_Min_Lot,0.46,0.92
Chittenden_Colchester_rev.geojson,Colchester,F1F_Front_Setback,15,75
Chittenden_Colchester_rev.geojson,Colchester,F1F_Side_Setback,15,50
Chittenden_Colchester_rev.geojson,Colchester,F1F_Rear_Setback,15,100
Chittenden_Colchester_rev.geojson,Colchester,F1F_Max_Lot_Impervious_Coverage,40,20
Chittenden_Colchester_rev.geojson,Colchester,F2F_Min_Lot_Size,0.92,1.84
Chittenden_Colchester_rev.geojson,Colchester,F2F_Max_Density,2.91,0.2
Chittenden_Colchester_rev.geojson,Colchester,F2F_Front_Setback,15,75
Chittenden_Colchester_rev.geojson,Colchester,F2F_Side_Setback,15,50
Chittenden_Colchester_rev.geojson,Colchester,F2F_Rear_Setback,15,100
Chittenden_Colchester_rev.geojson,Colchester,F2F_Max_Lot_Impervious_Coverage,40,20
Chittenden_Colchester_rev.geojson,Colchester,ADU_Allowance,Public Hearing,Allowed/Conditional
Chittenden_Colchester_rev.geojson,Colchester,PRD_Allowance,Prohibited,Public Hearing
Chittenden_Colchester_rev.geojson,Colchester,Base_Density,2.91,0.2
Chittenden_Colchester_rev.geojson,Colchester,F1F_Frontage,125,300
Chittenden_Colchester_rev.geojson,Colchester,F2F_Frontage,125,600
Chittenden_Colchester_rev.geojson,Colchester,PUD_Allowance,f,t
Chittenden_Colchester_rev.geojson,Colchester,GIS_ID,Colchester_Lakeshore 3,Colchester_Residential Five
Chittenden_Colchester_rev.geojson,Colchester,F3F_Allowance,Prohibited,Public Hearing
Chittenden_Colchester_rev.geojson,Colchester,F4F_Allowance,Prohibited,Public Hearing
Chittenden_Colchester_rev.geojson,Colchester,District_Name,Lakeshore Three,Residential Five
Chittenden_Colchester_rev.geojson,Colchester,Abbreviated_District_Name,LS4,R5
Chittenden_Colchester_rev.geojson,Colchester,F1F_Min_Lot,0.46,0.92
Chittenden_Colchester_rev.geojson,Colchester,F1F_Front_Setback,20,75
Chittenden_Colchester_rev.geojson,Colchester,F1F_Side_Setback,15,50
Chittenden_Colchester_rev.geojson,Colchester,F1F_Rear_Setback,15,100
Chittenden_Colchester_rev.geojson,Colchester,F1F_Max_Lot_Impervious_Coverage,40,20
Chittenden_Colchester_rev.geojson,Colchester,F2F_Min_Lot_Size,0.92,1.84
Chittenden_Colchester_rev.geojson,Colchester,F2F_Max_Density,2.91,0.2
Chittenden_Colchester_rev.geojson,Colchester,F2F_Front_Setback,20,75
Chittenden_Colchester_rev.geojson,Colchester,F2F_Side_Setback,15,50
Chittenden_Colchester_rev.geojson,Colchester,F2F_Rear_Setback,15,100
Chittenden_Colchester_rev.geojson,Colchester,F2F_Max_Lot_Impervious_Coverage,40,20
Chittenden_Colchester_rev.geojson,Colchester,F3F_Max_Density,2.91,0.2
Chittenden_Colchester_rev.geojson,Colchester,F3F_Front_Setback,20,75
Chittenden_Colchester_rev.geojson,Colchester,F3F_Side_Setback,20,50
Chittenden_Colchester_rev.geojson,Colchester,F3F_Rear_Setback,15,100
Chittenden_Colchester_rev.geojson,Colchester,F3F_Max_Lot_Impervious_Coverage,60,40
Chittenden_Colchester_rev.geojson,Colchester,F4F_Max_Density,2.91,0.2
Chittenden_Colchester_rev.geojson,Colchester,F4F_Front_Setback,20,75
Chittenden_Colchester_rev.geojson,Colchester,F4F_Side_Setback,15,50
Chittenden_Colchester_rev.geojson,Colchester,F4F_Rear_Setback,15,100
Chittenden_Colchester_rev.geojson,Colchester,F4F_Max_Lot_Impervious_Coverage,60,40
Chittenden_Colchester_rev.geojson,Colchester,PRD_Max_Density,2.91,0.2
Chittenden_Colchester_rev.geojson,Colchester,Base_Density,2.91,0.2
Chittenden_Colchester_rev.geojson,Colchester,F1F_Frontage,125,300
Chittenden_Colchester_rev.geojson,Colchester,F2F_Frontage,125,600
Chittenden_Colchester_rev.geojson,Colchester,GIS_ID,Colchester_Lakeshore 4,Colchester_Residential Five
Chittenden_Colchester_rev.geojson,Colchester,District_Name,Lakeshore Four,Residential Five
Chittenden_Colchester_rev.geojson,Colchester,Abbreviated_District_Name,MHP,R5
Chittenden_Colchester_rev.geojson,Colchester,F1F_Min_Lot,0.34,0.92
Chittenden_Colchester_rev.geojson,Colchester,F1F_Front_Setback,15,75
Chittenden_Colchester_rev.geojson,Colchester,F1F_Side_Setback,10,50
Chittenden_Colchester_rev.geojson,Colchester,F1F_Rear_Setback,10,100
Chittenden_Colchester_rev.geojson,Colchester,ADU_Allowance,Prohibited,Allowed/Conditional
Chittenden_Colchester_rev.geojson,Colchester,ADU_Owner_Occupancy_Required,No,Yes
Chittenden_Colchester_rev.geojson,Colchester,PRD_Mobile_or_Manufactured_Home_Park,Yes,No
Chittenden_Colchester_rev.geojson,Colchester,PRD_Min_Lot_Size,0.34,0.23
Chittenden_Colchester_rev.geojson,Colchester,PRD_Max_Density,2.91,0.2
Chittenden_Colchester_rev.geojson,Colchester,Base_Density,2.91,0.2
Chittenden_Colchester_rev.geojson,Colchester,F1F_Frontage,100,300
Chittenden_Colchester_rev.geojson,Colchester,PUD_Threshold_Number,1,3
Chittenden_Colchester_rev.geojson,Colchester,GIS_ID,Colchester_Mobile Home Park,Colchester_Residential Five
Chittenden_Colchester_rev.geojson,Colchester,F2F_Allowance,Prohibited,Allowed/Conditional
Chittenden_Colchester_rev.geojson,Colchester,F3F_Allowance,Prohibited,Public Hearing
Chittenden_Colchester_rev.geojson,Colchester,F4F_Allowance,Prohibited,Public Hearing
Chittenden_Colchester_rev.geojson,Colchester,District_Name,Mobile Home Park,Residential Five
Chittenden_Colchester_rev.geojson,Colchester,Abbreviated_District_Name,R1,R5
Chittenden_Colchester_rev.geojson,Colchester,F1F_Min_Lot,0.6899999999999999,0.92
Chittenden_Colchester_rev.geojson,Colchester,F1F_Front_Setback,30,75
Chittenden_Colchester_rev.geojson,Colchester,F1F_Side_Setback,15,50
Chittenden_Colchester_rev.geojson,Colchester,F1F_Rear_Setback,25,100
Chittenden_Colchester_rev.geojson,Colchester,F1F_Max_Lot_Impervious_Coverage,30,20
Chittenden_Colchester_rev.geojson,Colchester,F2F_Min_Lot_Size,1.38,1.84
Chittenden_Colchester_rev.geojson,Colchester,F2F_Max_Density,1.45,0.2
Chittenden_Colchester_rev.geojson,Colchester,F2F_Front_Setback,30,75
Chittenden_Colchester_rev.geojson,Colchester,F2F_Side_Setback,15,50
Chittenden_Colchester_rev.geojson,Colchester,F2F_Rear_Setback,25,100
Chittenden_Colchester_rev.geojson,Colchester,F2F_Max_Lot_Impervious_Coverage,30,20
Chittenden_Colchester_rev.geojson,Colchester,F3F_Max_Density,1.45,0.2
Chittenden_Colchester_rev.geojson,Colchester,F3F_Front_Setback,30,75
Chittenden_Colchester_rev.geojson,Colchester,F3F_Side_Setback,15,50
Chittenden_Colchester_rev.geojson,Colchester,F3F_Rear_Setback,25,100
Chittenden_Colchester_rev.geojson,Colchester,F3F_Max_Lot_Impervious_Coverage,50,40
Chittenden_Colchester_rev.geojson,Colchester,F4F_Max_Density,1.45,0.2
Chittenden_Colchester_rev.geojson,Colchester,F4F_Front_Setback,30,75
Chittenden_Colchester_rev.geojson,Colchester,F4F_Side_Setback,15,50
Chittenden_Colchester_rev.geojson,Colchester,F4F_Rear_Setback,25,100
Chittenden_Colchester_rev.geojson,Colchester,F4F_Max_Lot_Impervious_Coverage,50,40
Chittenden_Colchester_rev.geojson,Colchester,PRD_Max_Density,1.45,0.2
Chittenden_Colchester_rev.geojson,Colchester,Base_Density,1.45,0.2
Chittenden_Colchester_rev.geojson,Colchester,F1F_Frontage,100,300
Chittenden_Colchester_rev.geojson,Colchester,F2F_Frontage,200,600
Chittenden_Colchester_rev.geojson,Colchester,GIS_ID,Colchester_Residential One,Colchester_Residential Five
Chittenden_Colchester_rev.geojson,Colchester,District_Name,Residential One,Residential Five
Chittenden_Colchester_rev.geojson,Colchester,Abbreviated_District_Name,R10,R5
Chittenden_Colchester_rev.geojson,Colchester,F2F_Max_Density,0.1,0.2
Chittenden_Colchester_rev.geojson,Colchester,F3F_Max_Density,0.1,0.2
Chittenden_Colchester_rev.geojson,Colchester,F4F_Max_Density,0.1,0.2
Chittenden_Colchester_rev.geojson,Colchester,PRD_Max_Density,0.1,0.2
Chittenden_Colchester_rev.geojson,Colchester,Base_Density,0.1,0.2
Chittenden_Colchester_rev.geojson,Colchester,GIS_ID,Colchester_Residential Ten,Colchester_Residential Five
Chittenden_Colchester_rev.geojson,Colchester,District_Name,Residential Ten,Residential Five
Chittenden_Colchester_rev.geojson,Colchester,Abbreviated_District_Name,R2,R5
Chittenden_Colchester_rev.geojson,Colchester,F1F_Min_Lot,0.34,0.92
Chittenden_Colchester_rev.geojson,Colchester,F1F_Front_Setback,30,75
Chittenden_Colchester_rev.geojson,Colchester,F1F_Side_Setback,15,50
Chittenden_Colchester_rev.geojson,Colchester,F1F_Rear_Setback,25,100
Chittenden_Colchester_rev.geojson,Colchester,F1F_Max_Lot_Impervious_Coverage,30,20
Chittenden_Colchester_rev.geojson,Colchester,F2F_Min_Lot_Size,0.68,1.84
Chittenden_Colchester_rev.geojson,Colchester,F2F_Max_Density,2.91,0.2
Chittenden_Colchester_rev.geojson,Colchester,F2F_Front_Setback,30,75
Chittenden_Colchester_rev.geojson,Colchester,F2F_Side_Setback,15,50
Chittenden_Colchester_rev.geojson,Colchester,F2F_Rear_Setback,25,100
Chittenden_Colchester_rev.geojson,Colchester,F2F_Max_Lot_Impervious_Coverage,30,20
Chittenden_Colchester_rev.geojson,Colchester,F3F_Max_Density,2.91,0.2
Chittenden_Colchester_rev.geojson,Colchester,F3F_Front_Setback,30,75
Chittenden_Colchester_rev.geojson,Colchester,F3F_Side_Setback,15,50
Chittenden_Colchester_rev.geojson,Colchester,F3F_Rear_Setback,25,100
Chittenden_Colchester_rev.geojson,Colchester,F3F_Max_Lot_Impervious_Coverage,50,40
Chittenden_Colchester_rev.geojson,Colchester,F4F_Max_Density,2.91,0.2
Chittenden_Colchester_rev.geojson,Colchester,F4F_Front_Setback,30,75
Chittenden_Colchester_rev.geojson,Colchester,F4F_Side_Setback,15,50
Chittenden_Colchester_rev.geojson,Colchester,F4F_Rear_Setback,25,100
Chittenden_Colchester_rev.geojson,Colchester,F4F_Max_Lot_Impervious_Coverage,50,40
Chittenden_Colchester_rev.geojson,Colchester,PRD_Max_Density,2.91,0.2
Chittenden_Colchester_rev.geojson,Colchester,Base_Density,2.91,0.2
Chittenden_Colchester_rev.geojson,Colchester,F1F_Frontage,100,300
Chittenden_Colchester_rev.geojson,Colchester,F2F_Frontage,200,600
Chittenden_Colchester_rev.geojson,Colchester,PUD_Allowance,f,t
Chittenden_Colchester_rev.geojson,Colchester,GIS_ID,Colchester_Residential Two,Colchester_Residential Five
Chittenden_Colchester_rev.geojson,Colchester,District_Name,Residential Two,Residential Five
Chittenden_Colchester_rev.geojson,Colchester,Abbreviated_District_Name,R3,R5
Chittenden_Colchester_rev.geojson,Colchester,F1F_Min_Lot,0.23,0.92
Chittenden_Colchester_rev.geojson,Colchester,F1F_Front_Setback,30,75
Chittenden_Colchester_rev.geojson,Colchester,F1F_Side_Setback,15,50
Chittenden_Colchester_rev.geojson,Colchester,F1F_Rear_Setback,25,100
Chittenden_Colchester_rev.geojson,Colchester,F1F_Max_Lot_Impervious_Coverage,30,20
Chittenden_Colchester_rev.geojson,Colchester,F2F_Min_Lot_Size,0.46,1.84
Chittenden_Colchester_rev.geojson,Colchester,F2F_Max_Density,4.36,0.2
Chittenden_Colchester_rev.geojson,Colchester,F2F_Front_Setback,30,75
Chittenden_Colchester_rev.geojson,Colchester,F2F_Side_Setback,15,50
Chittenden_Colchester_rev.geojson,Colchester,F2F_Rear_Setback,25,100
Chittenden_Colchester_rev.geojson,Colchester,F2F_Max_Lot_Impervious_Coverage,30,20
Chittenden_Colchester_rev.geojson,Colchester,F3F_Max_Density,4.36,0.2
Chittenden_Colchester_rev.geojson,Colchester,F3F_Front_Setback,30,75
Chittenden_Colchester_rev.geojson,Colchester,F3F_Side_Setback,15,50
Chittenden_Colchester_rev.geojson,Colchester,F3F_Rear_Setback,25,100
Chittenden_Colchester_rev.geojson,Colchester,F3F_Max_Lot_Impervious_Coverage,50,40
Chittenden_Colchester_rev.geojson,Colchester,F4F_Max_Density,4.36,0.2
Chittenden_Colchester_rev.geojson,Colchester,F4F_Front_Setback,30,75
Chittenden_Colchester_rev.geojson,Colchester,F4F_Side_Setback,15,50
Chittenden_Colchester_rev.geojson,Colchester,F4F_Rear_Setback,25,100
Chittenden_Colchester_rev.geojson,Colchester,F4F_Max_Lot_Impervious_Coverage,50,40
Chittenden_Colchester_rev.geojson,Colchester,PRD_Max_Density,4.36,0.2
Chittenden_Colchester_rev.geojson,Colchester,Base_Density,4.36,0.2
Chittenden_Colchester_rev.geojson,Colchester,F1F_Frontage,100,300
Chittenden_Colchester_rev.geojson,Colchester,F2F_Frontage,200,600
Chittenden_Colchester_rev.geojson,Colchester,PUD_Allowance,f,t
Chittenden_Colchester_rev.geojson,Colchester,GIS_ID,Colchester_Residential Three,Colchester_Residential Five
Chittenden_Colchester_rev.geojson,Colchester,District_Name,Residential Three,Residential Five
Chittenden_Essex_rev.geojson,Essex,Abbreviated_District_Name,AR,RPD-I
Chittenden_Essex_rev.geojson,Essex,District_Type,Mixed with Residential,Nonresidential
Chittenden_Essex_rev.geojson,Essex,ADU_Allowance,Allowed/Conditional,Not Mentioned
Chittenden_Essex_rev.geojson,Essex,ADU_Owner_Occupancy_Required,Yes,No
Chittenden_Essex_rev.geojson,Essex,ADU_Max_Size_as_Percent_of_Primary_Strcture,Yes,No
Chittenden_Essex_rev.geojson,Essex,PRD_Allowance,Allowed/Conditional,Not Mentioned
Chittenden_Essex_rev.geojson,Essex,PRD_Mobile_or_Manufactured_Home_Park,Yes,No
Chittenden_Essex_rev.geojson,Essex,PUD_Allowance,t,f
Chittenden_Essex_rev.geojson,Essex,GIS_ID,Essex_Agricultural - Residential,Essex_Resource Preservation District - Industrial
Chittenden_Essex_rev.geojson,Essex,F1F_Allowance,Allowed/Conditional,Prohibited
Chittenden_Essex_rev.geojson,Essex,F2F_Allowance,Allowed/Conditional,Prohibited
Chittenden_Essex_rev.geojson,Essex,District_Name,Agricultural - Residential,Resource Preservation District - Industrial
Chittenden_Essex_rev.geojson,Essex,Abbreviated_District_Name,B1,RPD-I
Chittenden_Essex_rev.geojson,Essex,PRD_Allowance,Allowed/Conditional,Not Mentioned
Chittenden_Essex_rev.geojson,Essex,GIS_ID,Essex_Retail - Business,Essex_Resource Preservation District - Industrial
Chittenden_Essex_rev.geojson,Essex,F3F_Allowance,Allowed/Conditional,Prohibited
Chittenden_Essex_rev.geojson,Essex,F4F_Allowance,Allowed/Conditional,Prohibited
Chittenden_Essex_rev.geojson,Essex,District_Name,Retail - Business,Resource Preservation District - Industrial
Chittenden_Essex_rev.geojson,Essex,Abbreviated_District_Name,C1,RPD-I
Chittenden_Essex_rev.geojson,Essex,District_Type,Mixed with Residential,Nonresidential
Chittenden_Essex_rev.geojson,Essex,PRD_Allowance,Allowed/Conditional,Not Mentioned
Chittenden_Essex_rev.geojson,Essex,PRD_Mobile_or_Manufactured_Home_Park,Yes,No
Chittenden_Essex_rev.geojson,Essex,PUD_Required_with_Subdivision,t,f
Chittenden_Essex_rev.geojson,Essex,PUD_Allowance,t,f
Chittenden_Essex_rev.geojson,Essex,GIS_ID,Essex_Conservation,Essex_Resource Preservation District - Industrial
Chittenden_Essex_rev.geojson,Essex,F1F_Allowance,Allowed/Conditional,Prohibited
Chittenden_Essex_rev.geojson,Essex,F2F_Allowance,Allowed/Conditional,Prohibited
Chittenden_Essex_rev.geojson,Essex,F3F_Allowance,Allowed/Conditional,Prohibited
Chittenden_Essex_rev.geojson,Essex,F4F_Allowance,Allowed/Conditional,Prohibited
Chittenden_Essex_rev.geojson,Essex,District_Name,Conservation,Resource Preservation District - Industrial
Chittenden_Essex_rev.geojson,Essex,Abbreviated_District_Name,C2,RPD-I
Chittenden_Essex_rev.geojson,Essex,Affordable_Housing_Allowance,Prohibited,Not Mentioned
Chittenden_Essex_rev.geojson,Essex,ADU_Allowance,Prohibited,Not Mentioned
Chittenden_Essex_rev.geojson,Essex,PRD_Allowance,Prohibited,Not Mentioned
Chittenden_Essex_rev.geojson,Essex,GIS_ID,Essex_Floodplain,Essex_Resource Preservation District - Industrial
Chittenden_Essex_rev.geojson,Essex,District_Name,Floodplain,Resource Preservation District - Industrial
Chittenden_Essex_rev.geojson,Essex,Abbreviated_District_Name,CTR,RPD-I
Chittenden_Essex_rev.geojson,Essex,District_Type,Mixed with Residential,Nonresidential
Chittenden_Essex_rev.geojson,Essex,PUD_Allowance,t,f
Chittenden_Essex_rev.geojson,Essex,GIS_ID,Essex_Center,Essex_Resource Preservation District - Industrial
Chittenden_Essex_rev.geojson,Essex,F1F_Allowance,Allowed/Conditional,Prohibited
Chittenden_Essex_rev.geojson,Essex,F2F_Allowance,Allowed/Conditional,Prohibited
Chittenden_Essex_rev.geojson,Essex,F3F_Allowance,Allowed/Conditional,Prohibited
Chittenden_Essex_rev.geojson,Essex,F4F_Allowance,Allowed/Conditional,Prohibited
Chittenden_Essex_rev.geojson,Essex,District_Name,Center,Resource Preservation District - Industrial
Chittenden_Essex_rev.geojson,Essex,Abbreviated_District_Name,HP-DC,RPD-I
Chittenden_Essex_rev.geojson,Essex,District_Type,Primarily Residential,Nonresidential
Chittenden_Essex_rev.geojson,Essex,Affordable_Housing_Allowance,Allowed/Conditional,Not Mentioned
Chittenden_Essex_rev.geojson,Essex,PUD_Allowance,t,f
Chittenden_Essex_rev.geojson,Essex,GIS_ID,Essex_Historic Preservation - Design Control,Essex_Resource Preservation District - Industrial
Chittenden_Essex_rev.geojson,Essex,F1F_Allowance,Allowed/Conditional,Prohibited
Chittenden_Essex_rev.geojson,Essex,F2F_Allowance,Allowed/Conditional,Prohibited
Chittenden_Essex_rev.geojson,Essex,F3F_Allowance,Allowed/Conditional,Prohibited
Chittenden_Essex_rev.geojson,Essex,F4F_Allowance,Allowed/Conditional,Prohibited
Chittenden_Essex_rev.geojson,Essex,District_Name,Historic Preservation - Design Control,Resource Preservation District - Industrial
Chittenden_Essex_rev.geojson,Essex,Abbreviated_District_Name,I1,RPD-I
Chittenden_Essex_rev.geojson,Essex,Affordable_Housing_Allowance,Prohibited,Not Mentioned
Chittenden_Essex_rev.geojson,Essex,PUD_Allowance,t,f
Chittenden_Essex_rev.geojson,Essex,GIS_ID,Essex_Industrial,Essex_Resource Preservation District - Industrial
Chittenden_Essex_rev.geojson,Essex,District_Name,Industrial,Resource Preservation District - Industrial
Chittenden_Essex_rev.geojson,Essex,Abbreviated_District_Name,MXD,RPD-I
Chittenden_Essex_rev.geojson,Essex,District_Mapped,No,Yes
Chittenden_Essex_rev.geojson,Essex,District_Type,Mixed with Residential,Nonresidential
Chittenden_Essex_rev.geojson,Essex,PUD_Allowance,t,f
Chittenden_Essex_rev.geojson,Essex,GIS_ID,Essex_Mixed Use,Essex_Resource Preservation District - Industrial
Chittenden_Essex_rev.geojson,Essex,F2F_Allowance,Allowed/Conditional,Prohibited
Chittenden_Essex_rev.geojson,Essex,F3F_Allowance,Allowed/Conditional,Prohibited
Chittenden_Essex_rev.geojson,Essex,F4F_Allowance,Allowed/Conditional,Prohibited
Chittenden_Essex_rev.geojson,Essex,District_Name,Mixed Use,Resource Preservation District - Industrial
Chittenden_Essex_rev.geojson,Essex,Abbreviated_District_Name,MXDC,RPD-I
Chittenden_Essex_rev.geojson,Essex,District_Type,Mixed with Residential,Nonresidential
Chittenden_Essex_rev.geojson,Essex,PUD_Allowance,t,f
Chittenden_Essex_rev.geojson,Essex,GIS_ID,Essex_Mixed Use Commercial,Essex_Resource Preservation District - Industrial
Chittenden_Essex_rev.geojson,Essex,F2F_Allowance,Allowed/Conditional,Prohibited
Chittenden_Essex_rev.geojson,Essex,F3F_Allowance,Allowed/Conditional,Prohibited
Chittenden_Essex_rev.geojson,Essex,F4F_Allowance,Allowed/Conditional,Prohibited
Chittenden_Essex_rev.geojson,Essex,District_Name,Mixed Use Commercial,Resource Preservation District - Industrial
Chittenden_Essex_rev.geojson,Essex,Abbreviated_District_Name,MXD-PUD,RPD-I
Chittenden_Essex_rev.geojson,Essex,District_Type,Mixed with Residential,Nonresidential
Chittenden_Essex_rev.geojson,Essex,PUD_Allowance,t,f
Chittenden_Essex_rev.geojson,Essex,GIS_ID,Essex_Mixed Use - Planned Unit Development,Essex_Resource Preservation District - Industrial
Chittenden_Essex_rev.geojson,Essex,F1F_Allowance,Allowed/Conditional,Prohibited
Chittenden_Essex_rev.geojson,Essex,F2F_Allowance,Allowed/Conditional,Prohibited
Chittenden_Essex_rev.geojson,Essex,F3F_Allowance,Allowed/Conditional,Prohibited
Chittenden_Essex_rev.geojson,Essex,F4F_Allowance,Allowed/Conditional,Prohibited
Chittenden_Essex_rev.geojson,Essex,District_Name,Mixed Use - Planned Unit Development,Resource Preservation District - Industrial
Chittenden_Essex_rev.geojson,Essex,Abbreviated_District_Name,O1,RPD-I
Chittenden_Essex_rev.geojson,Essex,Affordable_Housing_Allowance,Prohibited,Not Mentioned
Chittenden_Essex_rev.geojson,Essex,GIS_ID,Essex_Open Recreation,Essex_Resource Preservation District - Industrial
Chittenden_Essex_rev.geojson,Essex,District_Name,Open Recreation,Resource Preservation District - Industrial
Chittenden_Essex_rev.geojson,Essex,Abbreviated_District_Name,R1,RPD-I
Chittenden_Essex_rev.geojson,Essex,District_Type,Primarily Residential,Nonresidential
Chittenden_Essex_rev.geojson,Essex,PUD_Allowance,t,f
Chittenden_Essex_rev.geojson,Essex,GIS_ID,Essex_Low Density Residential,Essex_Resource Preservation District - Industrial
Chittenden_Essex_rev.geojson,Essex,F1F_Allowance,Allowed/Conditional,Prohibited
Chittenden_Essex_rev.geojson,Essex,F2F_Allowance,Allowed/Conditional,Prohibited
Chittenden_Essex_rev.geojson,Essex,F3F_Allowance,Allowed/Conditional,Prohibited
Chittenden_Essex_rev.geojson,Essex,F4F_Allowance,Allowed/Conditional,Prohibited
Chittenden_Essex_rev.geojson,Essex,District_Name,Low Density Residential,Resource Preservation District - Industrial
Chittenden_Essex_rev.geojson,Essex,Abbreviated_District_Name,R2,RPD-I
Chittenden_Essex_rev.geojson,Essex,District_Type,Primarily Residential,Nonresidential
Chittenden_Essex_rev.geojson,Essex,PUD_Allowance,t,f
Chittenden_Essex_rev.geojson,Essex,GIS_ID,Essex_Medium Density Residential,Essex_Resource Preservation District - Industrial
Chittenden_Essex_rev.geojson,Essex,F1F_Allowance,Allowed/Conditional,Prohibited
Chittenden_Essex_rev.geojson,Essex,F2F_Allowance,Allowed/Conditional,Prohibited
Chittenden_Essex_rev.geojson,Essex,F3F_Allowance,Allowed/Conditional,Prohibited
Chittenden_Essex_rev.geojson,Essex,F4F_Allowance,Allowed/Conditional,Prohibited
Chittenden_Essex_rev.geojson,Essex,District_Name,Medium Density Residential,Resource Preservation District - Industrial
Chittenden_Essex_rev.geojson,Essex,Abbreviated_District_Name,R3,RPD-I
Chittenden_Essex_rev.geojson,Essex,District_Type,Primarily Residential,Nonresidential
Chittenden_Essex_rev.geojson,Essex,PUD_Allowance,t,f
Chittenden_Essex_rev.geojson,Essex,GIS_ID,Essex_High Density Residential,Essex_Resource Preservation District - Industrial
Chittenden_Essex_rev.geojson,Essex,F1F_Allowance,Allowed/Conditional,Prohibited
Chittenden_Essex_rev.geojson,Essex,F2F_Allowance,Allowed/Conditional,Prohibited
Chittenden_Essex_rev.geojson,Essex,F3F_Allowance,Allowed/Conditional,Prohibited
Chittenden_Essex_rev.geojson,Essex,F4F_Allowance,Allowed/Conditional,Prohibited
Chittenden_Essex_rev.geojson,Essex,District_Name,High Density Residential,Resource Preservation District - Industrial
Chittenden_Essex_rev.geojson,Essex,Abbreviated_District_Name,RB,RPD-I
Chittenden_Essex_rev.geojson,Essex,District_Type,Mixed with Residential,Nonresidential
Chittenden_Essex_rev.geojson,Essex,GIS_ID,Essex_Residential - Business,Essex_Resource Preservation District - Industrial
Chittenden_Essex_rev.geojson,Essex,F1F_Allowance,Allowed/Conditional,Prohibited
Chittenden_Essex_rev.geojson,Essex,F2F_Allowance,Allowed/Conditional,Prohibited
Chittenden_Essex_rev.geojson,Essex,F3F_Allowance,Allowed/Conditional,Prohibited
Chittenden_Essex_rev.geojson,Essex,F4F_Allowance,Allowed/Conditional,Prohibited
Chittenden_Essex_rev.geojson,Essex,District_Name,Residential - Business,Resource Preservation District - Industrial
Chittenden_Jericho_rev.geojson,Jericho,LAST_UPDATE,2023-11-20,2023-08-01
Chittenden_Jericho_rev.geojson,Jericho,Abbreviated_District_Name,COM,WPAO
Chittenden_Jericho_rev.geojson,Jericho,Overlay_District,No,Yes
Chittenden_Jericho_rev.geojson,Jericho,District_Type,Mixed with Residential,Nonresidential
Chittenden_Jericho_rev.geojson,Jericho,Affordable_Housing_Allowance,Public Hearing,Prohibited
Chittenden_Jericho_rev.geojson,Jericho,ADU_Allowance,Public Hearing,Prohibited
Chittenden_Jericho_rev.geojson,Jericho,PRD_Allowance,Public Hearing,Prohibited
Chittenden_Jericho_rev.geojson,Jericho,PRD_Mobile_or_Manufactured_Home_Park,Yes,No
Chittenden_Jericho_rev.geojson,Jericho,F1F_Allowance,Public Hearing,Prohibited
Chittenden_Jericho_rev.geojson,Jericho,F2F_Allowance,Public Hearing,Prohibited
Chittenden_Jericho_rev.geojson,Jericho,F3F_Allowance,Public Hearing,Prohibited
Chittenden_Jericho_rev.geojson,Jericho,F4F_Allowance,Public Hearing,Prohibited
Chittenden_Jericho_rev.geojson,Jericho,District_Name,Commercial District,Wellhead Protection Area Overlay
Chittenden_Jericho_rev.geojson,Jericho,LAST_UPDATE,2023-11-20,2023-08-01
Chittenden_Jericho_rev.geojson,Jericho,Abbreviated_District_Name,FOR,WPAO
Chittenden_Jericho_rev.geojson,Jericho,Overlay_District,No,Yes
Chittenden_Jericho_rev.geojson,Jericho,District_Type,Mixed with Residential,Nonresidential
Chittenden_Jericho_rev.geojson,Jericho,Affordable_Housing_Allowance,Public Hearing,Prohibited
Chittenden_Jericho_rev.geojson,Jericho,ADU_Allowance,Public Hearing,Prohibited
Chittenden_Jericho_rev.geojson,Jericho,PRD_Allowance,Public Hearing,Prohibited
Chittenden_Jericho_rev.geojson,Jericho,PRD_Mobile_or_Manufactured_Home_Park,Yes,No
Chittenden_Jericho_rev.geojson,Jericho,F1F_Allowance,Public Hearing,Prohibited
Chittenden_Jericho_rev.geojson,Jericho,F2F_Allowance,Public Hearing,Prohibited
Chittenden_Jericho_rev.geojson,Jericho,District_Name,Forestry District,Wellhead Protection Area Overlay
Chittenden_Jericho_rev.geojson,Jericho,LAST_UPDATE,2023-11-20,2023-08-01
Chittenden_Jericho_rev.geojson,Jericho,Abbreviated_District_Name,LDR,WPAO
Chittenden_Jericho_rev.geojson,Jericho,Overlay_District,No,Yes
Chittenden_Jericho_rev.geojson,Jericho,District_Type,Primarily Residential,Nonresidential
Chittenden_Jericho_rev.geojson,Jericho,Affordable_Housing_Allowance,Public Hearing,Prohibited
Chittenden_Jericho_rev.geojson,Jericho,ADU_Allowance,Public Hearing,Prohibited
Chittenden_Jericho_rev.geojson,Jericho,PRD_Allowance,Public Hearing,Prohibited
Chittenden_Jericho_rev.geojson,Jericho,PRD_Mobile_or_Manufactured_Home_Park,Yes,No
Chittenden_Jericho_rev.geojson,Jericho,F1F_Allowance,Public Hearing,Prohibited
Chittenden_Jericho_rev.geojson,Jericho,F2F_Allowance,Public Hearing,Prohibited
Chittenden_Jericho_rev.geojson,Jericho,F3F_Allowance,Public Hearing,Prohibited
Chittenden_Jericho_rev.geojson,Jericho,F4F_Allowance,Public Hearing,Prohibited
Chittenden_Jericho_rev.geojson,Jericho,District_Name,Low Density Residential District,Wellhead Protection Area Overlay
Chittenden_Jericho_rev.geojson,Jericho,Abbreviated_District_Name,NRO,WPAO
Chittenden_Jericho_rev.geojson,Jericho,District_Name,Natural Resources Overlay,Wellhead Protection Area Overlay
Chittenden_Jericho_rev.geojson,Jericho,LAST_UPDATE,2023-11-20,2023-08-01
Chittenden_Jericho_rev.geojson,Jericho,Abbreviated_District_Name,OS,WPAO
Chittenden_Jericho_rev.geojson,Jericho,Overlay_District,No,Yes
Chittenden_Jericho_rev.geojson,Jericho,ADU_Allowance,Allowed/Conditional,Prohibited
Chittenden_Jericho_rev.geojson,Jericho,District_Name,Open Space District,Wellhead Protection Area Overlay
Chittenden_Jericho_rev.geojson,Jericho,LAST_UPDATE,2023-11-20,2023-08-01
Chittenden_Jericho_rev.geojson,Jericho,Abbreviated_District_Name,RAR,WPAO
Chittenden_Jericho_rev.geojson,Jericho,Overlay_District,No,Yes
Chittenden_Jericho_rev.geojson,Jericho,District_Type,Mixed with Residential,Nonresidential
Chittenden_Jericho_rev.geojson,Jericho,Affordable_Housing_Allowance,Public Hearing,Prohibited
Chittenden_Jericho_rev.geojson,Jericho,ADU_Allowance,Public Hearing,Prohibited
Chittenden_Jericho_rev.geojson,Jericho,PRD_Allowance,Public Hearing,Prohibited
Chittenden_Jericho_rev.geojson,Jericho,PRD_Mobile_or_Manufactured_Home_Park,Yes,No
Chittenden_Jericho_rev.geojson,Jericho,F1F_Allowance,Public Hearing,Prohibited
Chittenden_Jericho_rev.geojson,Jericho,F2F_Allowance,Public Hearing,Prohibited
Chittenden_Jericho_rev.geojson,Jericho,District_Name,Rural/Agriculture Residential District,Wellhead Protection Area Overlay
Chittenden_Jericho_rev.geojson,Jericho,Abbreviated_District_Name,RCD3,WPAO
Chittenden_Jericho_rev.geojson,Jericho,District_Type,Primarily Residential,Nonresidential
Chittenden_Jericho_rev.geojson,Jericho,Affordable_Housing_Allowance,Public Hearing,Prohibited
Chittenden_Jericho_rev.geojson,Jericho,ADU_Allowance,Not Mentioned,Prohibited
Chittenden_Jericho_rev.geojson,Jericho,PRD_Allowance,Not Mentioned,Prohibited
Chittenden_Jericho_rev.geojson,Jericho,F1F_Allowance,Overlay,Prohibited
Chittenden_Jericho_rev.geojson,Jericho,District_Name,Riverside Character District 3,Wellhead Protection Area Overlay
Chittenden_Jericho_rev.geojson,Jericho,Abbreviated_District_Name,RCD4,WPAO
Chittenden_Jericho_rev.geojson,Jericho,District_Type,Mixed with Residential,Nonresidential
Chittenden_Jericho_rev.geojson,Jericho,Affordable_Housing_Allowance,Not Mentioned,Prohibited
Chittenden_Jericho_rev.geojson,Jericho,ADU_Allowance,Not Mentioned,Prohibited
Chittenden_Jericho_rev.geojson,Jericho,PRD_Allowance,Not Mentioned,Prohibited
Chittenden_Jericho_rev.geojson,Jericho,F1F_Allowance,Overlay,Prohibited
Chittenden_Jericho_rev.geojson,Jericho,F2F_Allowance,Overlay,Prohibited
Chittenden_Jericho_rev.geojson,Jericho,F3F_Allowance,Overlay,Prohibited
Chittenden_Jericho_rev.geojson,Jericho,F4F_Allowance,Overlay,Prohibited
Chittenden_Jericho_rev.geojson,Jericho,District_Name,Riverside Character District 4,Wellhead Protection Area Overlay
Chittenden_Jericho_rev.geojson,Jericho,Abbreviated_District_Name,RCZ,WPAO
Chittenden_Jericho_rev.geojson,Jericho,District_Name,Riverside Civil Zone,Wellhead Protection Area Overlay
Chittenden_Jericho_rev.geojson,Jericho,Abbreviated_District_Name,RO,WPAO
Chittenden_Jericho_rev.geojson,Jericho,District_Name,River Overlay,Wellhead Protection Area Overlay
Chittenden_Jericho_rev.geojson,Jericho,LAST_UPDATE,2023-11-20,2023-08-01
Chittenden_Jericho_rev.geojson,Jericho,Abbreviated_District_Name,VCTR,WPAO
Chittenden_Jericho_rev.geojson,Jericho,District_Name,Village Center District,Wellhead Protection Area Overlay
Chittenden_Jericho_rev.geojson,Jericho,LAST_UPDATE,2023-11-20,2023-08-01
Chittenden_Jericho_rev.geojson,Jericho,Abbreviated_District_Name,VIL,WPAO
Chittenden_Jericho_rev.geojson,Jericho,Overlay_District,No,Yes
Chittenden_Jericho_rev.geojson,Jericho,District_Type,Primarily Residential,Nonresidential
Chittenden_Jericho_rev.geojson,Jericho,Affordable_Housing_Allowance,Public Hearing,Prohibited
Chittenden_Jericho_rev.geojson,Jericho,ADU_Allowance,Public Hearing,Prohibited
Chittenden_Jericho_rev.geojson,Jericho,PRD_Allowance,Public Hearing,Prohibited
Chittenden_Jericho_rev.geojson,Jericho,PRD_Mobile_or_Manufactured_Home_Park,Yes,No
Chittenden_Jericho_rev.geojson,Jericho,F1F_Allowance,Public Hearing,Prohibited
Chittenden_Jericho_rev.geojson,Jericho,F2F_Allowance,Public Hearing,Prohibited
Chittenden_Jericho_rev.geojson,Jericho,F3F_Allowance,Public Hearing,Prohibited
Chittenden_Jericho_rev.geojson,Jericho,F4F_Allowance,Public Hearing,Prohibited
Chittenden_Jericho_rev.geojson,Jericho,District_Name,Village District,Wellhead Protection Area Overlay
Chittenden_Jericho_rev.geojson,Jericho,Abbreviated_District_Name,WO,WPAO
Chittenden_Jericho_rev.geojson,Jericho,District_Name,Wetlands Overlay,Wellhead Protection Area Overlay
Chittenden_Milton_rev.geojson,Milton,Abbreviated_District_Name,C1,R7
Chittenden_Milton_rev.geojson,Milton,District_Type,Nonresidential,Primarily Residential
Chittenden_Milton_rev.geojson,Milton,Affordable_Housing_Allowance,Prohibited,Allowed/Conditional
Chittenden_Milton_rev.geojson,Milton,ADU_Max_Size_as_Percent_of_Primary_Strcture,No,Yes
Chittenden_Milton_rev.geojson,Milton,GIS_ID,Milton_Interstate Commercial,Milton_Beaverbrook Residential
Chittenden_Milton_rev.geojson,Milton,F1F_Allowance,Prohibited,Allowed/Conditional
Chittenden_Milton_rev.geojson,Milton,F2F_Allowance,Prohibited,Allowed/Conditional
Chittenden_Milton_rev.geojson,Milton,District_Name,Interstate Commercial District,Beaverbrook Residential District
Chittenden_Milton_rev.geojson,Milton,Abbreviated_District_Name,DB1,R7
Chittenden_Milton_rev.geojson,Milton,District_Type,Mixed with Residential,Primarily Residential
Chittenden_Milton_rev.geojson,Milton,Affordable_Housing_Allowance,Not Mentioned,Allowed/Conditional
Chittenden_Milton_rev.geojson,Milton,ADU_Max_Size_as_Percent_of_Primary_Strcture,No,Yes
Chittenden_Milton_rev.geojson,Milton,GIS_ID,Milton_Downtown Business,Milton_Beaverbrook Residential
Chittenden_Milton_rev.geojson,Milton,F1F_Allowance,Prohibited,Allowed/Conditional
Chittenden_Milton_rev.geojson,Milton,F2F_Allowance,Prohibited,Allowed/Conditional
Chittenden_Milton_rev.geojson,Milton,F3F_Allowance,Allowed/Conditional,Prohibited
Chittenden_Milton_rev.geojson,Milton,F4F_Allowance,Allowed/Conditional,Prohibited
Chittenden_Milton_rev.geojson,Milton,District_Name,Downtown Business District,Beaverbrook Residential District
Chittenden_Milton_rev.geojson,Milton,Abbreviated_District_Name,FC,R7
Chittenden_Milton_rev.geojson,Milton,District_Type,Mixed with Residential,Primarily Residential
Chittenden_Milton_rev.geojson,Milton,F1F_Min_Lot,13.8,9.199999999999999
Chittenden_Milton_rev.geojson,Milton,F1F_Front_Setback,35,20
Chittenden_Milton_rev.geojson,Milton,F1F_Side_Setback,50,15
Chittenden_Milton_rev.geojson,Milton,F1F_Rear_Setback,50,15
Chittenden_Milton_rev.geojson,Milton,F1F_Max_Lot_Impervious_Coverage,15,55
Chittenden_Milton_rev.geojson,Milton,F1F_Max_Height,30,35
Chittenden_Milton_rev.geojson,Milton,Affordable_Housing_Allowance,Not Mentioned,Allowed/Conditional
Chittenden_Milton_rev.geojson,Milton,ADU_Max_Size_as_Percent_of_Primary_Strcture,No,Yes
Chittenden_Milton_rev.geojson,Milton,F1F_Frontage,100,125
Chittenden_Milton_rev.geojson,Milton,F2F_Frontage,100,125
Chittenden_Milton_rev.geojson,Milton,GIS_ID,Milton_Forestry/Conservation/Scenic Ridgeline,Milton_Beaverbrook Residential
Chittenden_Milton_rev.geojson,Milton,F1F_Allowance,Public Hearing,Allowed/Conditional
Chittenden_Milton_rev.geojson,Milton,F2F_Allowance,Prohibited,Allowed/Conditional
Chittenden_Milton_rev.geojson,Milton,District_Name,Forestry/Conservation/Scenic Ridgeline District,Beaverbrook Residential District
Chittenden_Milton_rev.geojson,Milton,Abbreviated_District_Name,I1,R7
Chittenden_Milton_rev.geojson,Milton,District_Type,Nonresidential,Primarily Residential
Chittenden_Milton_rev.geojson,Milton,Affordable_Housing_Allowance,Prohibited,Allowed/Conditional
Chittenden_Milton_rev.geojson,Milton,ADU_Max_Size_as_Percent_of_Primary_Strcture,No,Yes
Chittenden_Milton_rev.geojson,Milton,GIS_ID,Milton_Light Industrial,Milton_Beaverbrook Residential
Chittenden_Milton_rev.geojson,Milton,F1F_Allowance,Prohibited,Allowed/Conditional
Chittenden_Milton_rev.geojson,Milton,F2F_Allowance,Prohibited,Allowed/Conditional
Chittenden_Milton_rev.geojson,Milton,District_Name,Light Industrial District,Beaverbrook Residential District
Chittenden_Milton_rev.geojson,Milton,Abbreviated_District_Name,I2,R7
Chittenden_Milton_rev.geojson,Milton,District_Type,Nonresidential,Primarily Residential
Chittenden_Milton_rev.geojson,Milton,Affordable_Housing_Allowance,Prohibited,Allowed/Conditional
Chittenden_Milton_rev.geojson,Milton,ADU_Max_Size_as_Percent_of_Primary_Strcture,No,Yes
Chittenden_Milton_rev.geojson,Milton,GIS_ID,Milton_General Industrial,Milton_Beaverbrook Residential
Chittenden_Milton_rev.geojson,Milton,F1F_Allowance,Prohibited,Allowed/Conditional
Chittenden_Milton_rev.geojson,Milton,F2F_Allowance,Prohibited,Allowed/Conditional
Chittenden_Milton_rev.geojson,Milton,District_Name,General Industrial District,Beaverbrook Residential District
Chittenden_Milton_rev.geojson,Milton,Abbreviated_District_Name,I3,R7
Chittenden_Milton_rev.geojson,Milton,District_Type,Nonresidential,Primarily Residential
Chittenden_Milton_rev.geojson,Milton,Affordable_Housing_Allowance,Prohibited,Allowed/Conditional
Chittenden_Milton_rev.geojson,Milton,ADU_Max_Size_as_Percent_of_Primary_Strcture,No,Yes
Chittenden_Milton_rev.geojson,Milton,GIS_ID,Milton_Industrial Conservation,Milton_Beaverbrook Residential
Chittenden_Milton_rev.geojson,Milton,F1F_Allowance,Prohibited,Allowed/Conditional
Chittenden_Milton_rev.geojson,Milton,F2F_Allowance,Prohibited,Allowed/Conditional
Chittenden_Milton_rev.geojson,Milton,District_Name,Industrial Conservation District,Beaverbrook Residential District
Chittenden_Milton_rev.geojson,Milton,Abbreviated_District_Name,M1,R7
Chittenden_Milton_rev.geojson,Milton,F1F_Min_Lot,0.11,9.199999999999999
Chittenden_Milton_rev.geojson,Milton,F1F_Front_Setback,10,20
Chittenden_Milton_rev.geojson,Milton,F1F_Side_Setback,10,15
Chittenden_Milton_rev.geojson,Milton,F1F_Rear_Setback,10,15
Chittenden_Milton_rev.geojson,Milton,F1F_Max_Lot_Impervious_Coverage,60,55
Chittenden_Milton_rev.geojson,Milton,F1F_Max_Height,40,35
Chittenden_Milton_rev.geojson,Milton,F2F_Min_Lot_Size,0.11,9.199999999999999
Chittenden_Milton_rev.geojson,Milton,F2F_Max_Density,8.699999999999999,0.05
Chittenden_Milton_rev.geojson,Milton,F2F_Front_Setback,10,20
Chittenden_Milton_rev.geojson,Milton,F2F_Side_Setback,10,15
Chittenden_Milton_rev.geojson,Milton,F2F_Rear_Setback,10,15
Chittenden_Milton_rev.geojson,Milton,F2F_Max_Lot_Impervious_Coverage,60,35
Chittenden_Milton_rev.geojson,Milton,F2F_Max_Height,40,35
Chittenden_Milton_rev.geojson,Milton,Affordable_Housing_Max_Density,26.1,0.33
Chittenden_Milton_rev.geojson,Milton,ADU_Max_Size_as_Percent_of_Primary_Strcture,No,Yes
Chittenden_Milton_rev.geojson,Milton,F1F_Frontage,50,125
Chittenden_Milton_rev.geojson,Milton,F2F_Frontage,50,125
Chittenden_Milton_rev.geojson,Milton,GIS_ID,Milton_MCMP Center,Milton_Beaverbrook Residential
Chittenden_Milton_rev.geojson,Milton,F3F_Allowance,Allowed/Conditional,Prohibited
Chittenden_Milton_rev.geojson,Milton,F4F_Allowance,Allowed/Conditional,Prohibited
Chittenden_Milton_rev.geojson,Milton,District_Name,Milton Crossroads Marketplace Center District,Beaverbrook Residential District
Chittenden_Milton_rev.geojson,Milton,Abbreviated_District_Name,M2,R7
Chittenden_Milton_rev.geojson,Milton,District_Type,Mixed with Residential,Primarily Residential
Chittenden_Milton_rev.geojson,Milton,F1F_Min_Lot,0.11,9.199999999999999
Chittenden_Milton_rev.geojson,Milton,F1F_Front_Setback,10,20
Chittenden_Milton_rev.geojson,Milton,F1F_Side_Setback,10,15
Chittenden_Milton_rev.geojson,Milton,F1F_Rear_Setback,10,15
Chittenden_Milton_rev.geojson,Milton,F1F_Max_Lot_Impervious_Coverage,70,55
Chittenden_Milton_rev.geojson,Milton,F1F_Max_Height,40,35
Chittenden_Milton_rev.geojson,Milton,F2F_Min_Lot_Size,0.11,9.199999999999999
Chittenden_Milton_rev.geojson,Milton,F2F_Max_Density,8.699999999999999,0.05
Chittenden_Milton_rev.geojson,Milton,F2F_Front_Setback,10,20
Chittenden_Milton_rev.geojson,Milton,F2F_Side_Setback,10,15
Chittenden_Milton_rev.geojson,Milton,F2F_Rear_Setback,10,15
Chittenden_Milton_rev.geojson,Milton,F2F_Max_Lot_Impervious_Coverage,70,35
Chittenden_Milton_rev.geojson,Milton,F2F_Max_Height,40,35
Chittenden_Milton_rev.geojson,Milton,Affordable_Housing_Max_Density,26.1,0.33
Chittenden_Milton_rev.geojson,Milton,ADU_Max_Size_as_Percent_of_Primary_Strcture,No,Yes
Chittenden_Milton_rev.geojson,Milton,PRD_Allowance,Allowed/Conditional,Prohibited
Chittenden_Milton_rev.geojson,Milton,F1F_Frontage,50,125
Chittenden_Milton_rev.geojson,Milton,F2F_Frontage,50,125
Chittenden_Milton_rev.geojson,Milton,PUD_Allowance,t,f
Chittenden_Milton_rev.geojson,Milton,GIS_ID,Milton_MCMP West,Milton_Beaverbrook Residential
Chittenden_Milton_rev.geojson,Milton,F3F_Allowance,Allowed/Conditional,Prohibited
Chittenden_Milton_rev.geojson,Milton,F4F_Allowance,Allowed/Conditional,Prohibited
Chittenden_Milton_rev.geojson,Milton,District_Name,Milton Crossroads Marketplace West District,Beaverbrook Residential District
Chittenden_Milton_rev.geojson,Milton,Abbreviated_District_Name,M3,R7
Chittenden_Milton_rev.geojson,Milton,District_Type,Nonresidential,Primarily Residential
Chittenden_Milton_rev.geojson,Milton,ADU_Max_Size_as_Percent_of_Primary_Strcture,No,Yes
Chittenden_Milton_rev.geojson,Milton,GIS_ID,Milton_MCMP Municipal/Recreation,Milton_Beaverbrook Residential
Chittenden_Milton_rev.geojson,Milton,F1F_Allowance,Prohibited,Allowed/Conditional
Chittenden_Milton_rev.geojson,Milton,F2F_Allowance,Prohibited,Allowed/Conditional
Chittenden_Milton_rev.geojson,Milton,District_Name,Milton Crossroads Marketplace Municipal/Recreation District,Beaverbrook Residential District
Chittenden_Milton_rev.geojson,Milton,Abbreviated_District_Name,M4-C,R7
Chittenden_Milton_rev.geojson,Milton,District_Type,Nonresidential,Primarily Residential
Chittenden_Milton_rev.geojson,Milton,Affordable_Housing_Allowance,Prohibited,Allowed/Conditional
Chittenden_Milton_rev.geojson,Milton,ADU_Max_Size_as_Percent_of_Primary_Strcture,No,Yes
Chittenden_Milton_rev.geojson,Milton,GIS_ID,Milton_Checkerberry,Milton_Beaverbrook Residential
Chittenden_Milton_rev.geojson,Milton,F1F_Allowance,Prohibited,Allowed/Conditional
Chittenden_Milton_rev.geojson,Milton,F2F_Allowance,Prohibited,Allowed/Conditional
Chittenden_Milton_rev.geojson,Milton,District_Name,Checkerberry Commercial District,Beaverbrook Residential District
Chittenden_Milton_rev.geojson,Milton,Abbreviated_District_Name,M4-R,R7
Chittenden_Milton_rev.geojson,Milton,F1F_Min_Lot,0.14,9.199999999999999
Chittenden_Milton_rev.geojson,Milton,F1F_Side_Setback,10,15
Chittenden_Milton_rev.geojson,Milton,F1F_Rear_Setback,10,15
Chittenden_Milton_rev.geojson,Milton,F1F_Max_Lot_Impervious_Coverage,60,55
Chittenden_Milton_rev.geojson,Milton,F1F_Max_Height,40,35
Chittenden_Milton_rev.geojson,Milton,F2F_Min_Lot_Size,0.14,9.199999999999999
Chittenden_Milton_rev.geojson,Milton,F2F_Max_Density,7.25,0.05
Chittenden_Milton_rev.geojson,Milton,F2F_Side_Setback,10,15
Chittenden_Milton_rev.geojson,Milton,F2F_Rear_Setback,10,15
Chittenden_Milton_rev.geojson,Milton,F2F_Max_Lot_Impervious_Coverage,60,35
Chittenden_Milton_rev.geojson,Milton,F2F_Max_Height,40,35
Chittenden_Milton_rev.geojson,Milton,Affordable_Housing_Max_Density,21.8,0.33
Chittenden_Milton_rev.geojson,Milton,ADU_Max_Size_as_Percent_of_Primary_Strcture,No,Yes
Chittenden_Milton_rev.geojson,Milton,ADU_Max_Size_in_sq_ft,30.0,900.0
Chittenden_Milton_rev.geojson,Milton,F1F_Frontage,60,125
Chittenden_Milton_rev.geojson,Milton,F2F_Frontage,60,125
Chittenden_Milton_rev.geojson,Milton,PUD_Requires_Land_Conservation,t,f
Chittenden_Milton_rev.geojson,Milton,GIS_ID,Milton_Checkerberry Residential,Milton_Beaverbrook Residential
Chittenden_Milton_rev.geojson,Milton,F3F_Allowance,Allowed/Conditional,Prohibited
Chittenden_Milton_rev.geojson,Milton,F4F_Allowance,Allowed/Conditional,Prohibited
Chittenden_Milton_rev.geojson,Milton,District_Name,Checkerberry Residential District,Beaverbrook Residential District
Chittenden_Milton_rev.geojson,Milton,Abbreviated_District_Name,M5,R7
Chittenden_Milton_rev.geojson,Milton,District_Type,Mixed with Residential,Primarily Residential
Chittenden_Milton_rev.geojson,Milton,F1F_Min_Lot,0.23,9.199999999999999
Chittenden_Milton_rev.geojson,Milton,F1F_Side_Setback,10,15
Chittenden_Milton_rev.geojson,Milton,F1F_Rear_Setback,10,15
Chittenden_Milton_rev.geojson,Milton,F1F_Max_Lot_Impervious_Coverage,50,55
Chittenden_Milton_rev.geojson,Milton,F2F_Min_Lot_Size,0.23,9.199999999999999
Chittenden_Milton_rev.geojson,Milton,F2F_Max_Density,4.4,0.05
Chittenden_Milton_rev.geojson,Milton,F2F_Side_Setback,10,15
Chittenden_Milton_rev.geojson,Milton,F2F_Rear_Setback,10,15
Chittenden_Milton_rev.geojson,Milton,F2F_Max_Lot_Impervious_Coverage,50,35
Chittenden_Milton_rev.geojson,Milton,Affordable_Housing_Max_Density,13.2,0.33
Chittenden_Milton_rev.geojson,Milton,ADU_Max_Size_as_Percent_of_Primary_Strcture,No,Yes
Chittenden_Milton_rev.geojson,Milton,F1F_Frontage,80,125
Chittenden_Milton_rev.geojson,Milton,F2F_Frontage,80,125
Chittenden_Milton_rev.geojson,Milton,GIS_ID,Milton_Old Towne Residential/Commercial,Milton_Beaverbrook Residential
Chittenden_Milton_rev.geojson,Milton,District_Name,Old Towne Residential/Commercial District,Beaverbrook Residential District
Chittenden_Milton_rev.geojson,Milton,Abbreviated_District_Name,M6,R7
Chittenden_Milton_rev.geojson,Milton,District_Type,Mixed with Residential,Primarily Residential
Chittenden_Milton_rev.geojson,Milton,F1F_Min_Lot,0.23,9.199999999999999
Chittenden_Milton_rev.geojson,Milton,F1F_Side_Setback,10,15
Chittenden_Milton_rev.geojson,Milton,F1F_Rear_Setback,10,15
Chittenden_Milton_rev.geojson,Milton,F1F_Min_Parking_Spaces,0.5,1.5
Chittenden_Milton_rev.geojson,Milton,F2F_Min_Lot_Size,0.23,9.199999999999999
Chittenden_Milton_rev.geojson,Milton,F2F_Max_Density,4.4,0.05
Chittenden_Milton_rev.geojson,Milton,F2F_Side_Setback,10,15
Chittenden_Milton_rev.geojson,Milton,F2F_Rear_Setback,10,15
Chittenden_Milton_rev.geojson,Milton,F2F_Max_Lot_Impervious_Coverage,55,35
Chittenden_Milton_rev.geojson,Milton,Affordable_Housing_Max_Density,13.2,0.33
Chittenden_Milton_rev.geojson,Milton,ADU_Max_Size_as_Percent_of_Primary_Strcture,No,Yes
Chittenden_Milton_rev.geojson,Milton,F1F_Frontage,80,125
Chittenden_Milton_rev.geojson,Milton,F2F_Frontage,80,125
Chittenden_Milton_rev.geojson,Milton,GIS_ID,Milton_Main Street,Milton_Beaverbrook Residential
Chittenden_Milton_rev.geojson,Milton,District_Name,Main Street District,Beaverbrook Residential District
Chittenden_Milton_rev.geojson,Milton,Abbreviated_District_Name,NC1,R7
Chittenden_Milton_rev.geojson,Milton,District_Type,Mixed with Residential,Primarily Residential
Chittenden_Milton_rev.geojson,Milton,Affordable_Housing_Allowance,Not Mentioned,Allowed/Conditional
Chittenden_Milton_rev.geojson,Milton,ADU_Max_Size_as_Percent_of_Primary_Strcture,No,Yes
Chittenden_Milton_rev.geojson,Milton,GIS_ID,Milton_Checkerberry Neighborhood Center,Milton_Beaverbrook Residential
Chittenden_Milton_rev.geojson,Milton,F1F_Allowance,Prohibited,Allowed/Conditional
Chittenden_Milton_rev.geojson,Milton,F2F_Allowance,Prohibited,Allowed/Conditional
Chittenden_Milton_rev.geojson,Milton,F3F_Allowance,Allowed/Conditional,Prohibited
Chittenden_Milton_rev.geojson,Milton,F4F_Allowance,Allowed/Conditional,Prohibited
Chittenden_Milton_rev.geojson,Milton,District_Name,Checkerberry Neighborhood Center District,Beaverbrook Residential District
Chittenden_Milton_rev.geojson,Milton,Abbreviated_District_Name,NC2,R7
Chittenden_Milton_rev.geojson,Milton,District_Type,Mixed with Residential,Primarily Residential
Chittenden_Milton_rev.geojson,Milton,Affordable_Housing_Allowance,Not Mentioned,Allowed/Conditional
Chittenden_Milton_rev.geojson,Milton,ADU_Max_Size_as_Percent_of_Primary_Strcture,No,Yes
Chittenden_Milton_rev.geojson,Milton,GIS_ID,Milton_Historic Neighborhood Center,Milton_Beaverbrook Residential
Chittenden_Milton_rev.geojson,Milton,F1F_Allowance,Prohibited,Allowed/Conditional
Chittenden_Milton_rev.geojson,Milton,F2F_Allowance,Prohibited,Allowed/Conditional
Chittenden_Milton_rev.geojson,Milton,F3F_Allowance,Allowed/Conditional,Prohibited
Chittenden_Milton_rev.geojson,Milton,F4F_Allowance,Allowed/Conditional,Prohibited
Chittenden_Milton_rev.geojson,Milton,District_Name,Historic Neighborhood Center District,Beaverbrook Residential District
Chittenden_Milton_rev.geojson,Milton,Abbreviated_District_Name,R1,R7
Chittenden_Milton_rev.geojson,Milton,F1F_Min_Lot,0.23,9.199999999999999
Chittenden_Milton_rev.geojson,Milton,F1F_Side_Setback,10,15
Chittenden_Milton_rev.geojson,Milton,F1F_Rear_Setback,10,15
Chittenden_Milton_rev.geojson,Milton,F2F_Min_Lot_Size,0.23,9.199999999999999
Chittenden_Milton_rev.geojson,Milton,F2F_Max_Density,4.4,0.05
Chittenden_Milton_rev.geojson,Milton,F2F_Side_Setback,10,15
Chittenden_Milton_rev.geojson,Milton,F2F_Rear_Setback,10,15
Chittenden_Milton_rev.geojson,Milton,F2F_Max_Lot_Impervious_Coverage,55,35
Chittenden_Milton_rev.geojson,Milton,Affordable_Housing_Max_Density,13.2,0.33
Chittenden_Milton_rev.geojson,Milton,ADU_Max_Size_as_Percent_of_Primary_Strcture,No,Yes
Chittenden_Milton_rev.geojson,Milton,F1F_Frontage,80,125
Chittenden_Milton_rev.geojson,Milton,F2F_Frontage,80,125
Chittenden_Milton_rev.geojson,Milton,GIS_ID,Milton_Old Towne Residential,Milton_Beaverbrook Residential
Chittenden_Milton_rev.geojson,Milton,District_Name,Old Towne Residential District,Beaverbrook Residential District
Chittenden_Milton_rev.geojson,Milton,Abbreviated_District_Name,R2,R7
Chittenden_Milton_rev.geojson,Milton,F1F_Min_Lot,1.8,9.199999999999999
Chittenden_Milton_rev.geojson,Milton,F1F_Front_Setback,35,20
Chittenden_Milton_rev.geojson,Milton,F1F_Max_Lot_Impervious_Coverage,45,55
Chittenden_Milton_rev.geojson,Milton,F2F_Min_Lot_Size,1.8,9.199999999999999
Chittenden_Milton_rev.geojson,Milton,F2F_Front_Setback,35,20
Chittenden_Milton_rev.geojson,Milton,F2F_Max_Lot_Impervious_Coverage,45,35
Chittenden_Milton_rev.geojson,Milton,Affordable_Housing_Allowance,Not Mentioned,Allowed/Conditional
Chittenden_Milton_rev.geojson,Milton,ADU_Max_Size_as_Percent_of_Primary_Strcture,No,Yes
Chittenden_Milton_rev.geojson,Milton,F1F_Frontage,200,125
Chittenden_Milton_rev.geojson,Milton,GIS_ID,Milton_Medium Density Residential,Milton_Beaverbrook Residential
Chittenden_Milton_rev.geojson,Milton,F2F_Allowance,Public Hearing,Allowed/Conditional
Chittenden_Milton_rev.geojson,Milton,District_Name,Medium Density Residential District,Beaverbrook Residential District
Chittenden_Milton_rev.geojson,Milton,Abbreviated_District_Name,R3,R7
Chittenden_Milton_rev.geojson,Milton,F1F_Min_Lot,2.75,9.199999999999999
Chittenden_Milton_rev.geojson,Milton,F1F_Front_Setback,35,20
Chittenden_Milton_rev.geojson,Milton,F1F_Side_Setback,35,15
Chittenden_Milton_rev.geojson,Milton,F1F_Rear_Setback,35,15
Chittenden_Milton_rev.geojson,Milton,F1F_Max_Lot_Impervious_Coverage,40,55
Chittenden_Milton_rev.geojson,Milton,Affordable_Housing_Allowance,Not Mentioned,Allowed/Conditional
Chittenden_Milton_rev.geojson,Milton,ADU_Max_Size_as_Percent_of_Primary_Strcture,No,Yes
Chittenden_Milton_rev.geojson,Milton,F1F_Frontage,300,125
Chittenden_Milton_rev.geojson,Milton,GIS_ID,Milton_Low Density Residential,Milton_Beaverbrook Residential
Chittenden_Milton_rev.geojson,Milton,F2F_Allowance,Prohibited,Allowed/Conditional
Chittenden_Milton_rev.geojson,Milton,District_Name,Low Density Residential District,Beaverbrook Residential District
Chittenden_Milton_rev.geojson,Milton,Abbreviated_District_Name,R4,R7
Chittenden_Milton_rev.geojson,Milton,F1F_Front_Setback,35,20
Chittenden_Milton_rev.geojson,Milton,F1F_Side_Setback,50,15
Chittenden_Milton_rev.geojson,Milton,F1F_Rear_Setback,50,15
Chittenden_Milton_rev.geojson,Milton,F1F_Max_Lot_Impervious_Coverage,35,55
Chittenden_Milton_rev.geojson,Milton,Affordable_Housing_Allowance,Not Mentioned,Allowed/Conditional
Chittenden_Milton_rev.geojson,Milton,ADU_Max_Size_as_Percent_of_Primary_Strcture,No,Yes
Chittenden_Milton_rev.geojson,Milton,F1F_Frontage,400,125
Chittenden_Milton_rev.geojson,Milton,GIS_ID,Milton_Transitional Residential,Milton_Beaverbrook Residential
Chittenden_Milton_rev.geojson,Milton,F2F_Allowance,Prohibited,Allowed/Conditional
Chittenden_Milton_rev.geojson,Milton,District_Name,Transitional Residential District,Beaverbrook Residential District
Chittenden_Milton_rev.geojson,Milton,Abbreviated_District_Name,R5,R7
Chittenden_Milton_rev.geojson,Milton,F1F_Front_Setback,35,20
Chittenden_Milton_rev.geojson,Milton,F1F_Side_Setback,50,15
Chittenden_Milton_rev.geojson,Milton,F1F_Rear_Setback,50,15
Chittenden_Milton_rev.geojson,Milton,F1F_Max_Lot_Impervious_Coverage,40,55
Chittenden_Milton_rev.geojson,Milton,Affordable_Housing_Allowance,Not Mentioned,Allowed/Conditional
Chittenden_Milton_rev.geojson,Milton,ADU_Max_Size_as_Percent_of_Primary_Strcture,No,Yes
Chittenden_Milton_rev.geojson,Milton,F1F_Frontage,400,125
Chittenden_Milton_rev.geojson,Milton,GIS_ID,Milton_Agricultural/Rural Residential,Milton_Beaverbrook Residential
Chittenden_Milton_rev.geojson,Milton,F2F_Allowance,Prohibited,Allowed/Conditional
Chittenden_Milton_rev.geojson,Milton,District_Name,Agricultural/Rural Residential District,Beaverbrook Residential District
Chittenden_Milton_rev.geojson,Milton,Abbreviated_District_Name,R6,R7
Chittenden_Milton_rev.geojson,Milton,F1F_Min_Lot,2.3,9.199999999999999
Chittenden_Milton_rev.geojson,Milton,F1F_Front_Setback,35,20
Chittenden_Milton_rev.geojson,Milton,F1F_Side_Setback,35,15
Chittenden_Milton_rev.geojson,Milton,F1F_Rear_Setback,35,15
Chittenden_Milton_rev.geojson,Milton,F1F_Max_Lot_Impervious_Coverage,40,55
Chittenden_Milton_rev.geojson,Milton,F1F_Max_Height,30,35
Chittenden_Milton_rev.geojson,Milton,Affordable_Housing_Allowance,Not Mentioned,Allowed/Conditional
Chittenden_Milton_rev.geojson,Milton,ADU_Max_Size_as_Percent_of_Primary_Strcture,No,Yes
Chittenden_Milton_rev.geojson,Milton,F1F_Frontage,200,125
Chittenden_Milton_rev.geojson,Milton,GIS_ID,Milton_Shoreland Residential,Milton_Beaverbrook Residential
Chittenden_Milton_rev.geojson,Milton,F2F_Allowance,Prohibited,Allowed/Conditional
Chittenden_Milton_rev.geojson,Milton,District_Name,Shoreland Residential District,Beaverbrook Residential District
Chittenden_Shelburne_rev.geojson,Shelburne,Abbreviated_District_Name,COMM,VRES
Chittenden_Shelburne_rev.geojson,Shelburne,District_Type,Nonresidential,Primarily Residential
Chittenden_Shelburne_rev.geojson,Shelburne,Affordable_Housing_Allowance,Prohibited,Not Mentioned
Chittenden_Shelburne_rev.geojson,Shelburne,ADU_Allowance,Prohibited,Allowed/Conditional
Chittenden_Shelburne_rev.geojson,Shelburne,ADU_Owner_Occupancy_Required,No,Yes
Chittenden_Shelburne_rev.geojson,Shelburne,PRD_Allowance,Prohibited,Public Hearing
Chittenden_Shelburne_rev.geojson,Shelburne,PUD_Allowance,f,t
Chittenden_Shelburne_rev.geojson,Shelburne,GIS_ID,Shelburne_Commerce & Industry,Shelburne_Village Residential
Chittenden_Shelburne_rev.geojson,Shelburne,F1F_Allowance,Prohibited,Allowed/Conditional
Chittenden_Shelburne_rev.geojson,Shelburne,F2F_Allowance,Prohibited,Allowed/Conditional
Chittenden_Shelburne_rev.geojson,Shelburne,District_Name,Commerce & Industry,Village Residential
Chittenden_Shelburne_rev.geojson,Shelburne,Abbreviated_District_Name,COMM-S,VRES
Chittenden_Shelburne_rev.geojson,Shelburne,District_Type,Nonresidential,Primarily Residential
Chittenden_Shelburne_rev.geojson,Shelburne,Affordable_Housing_Allowance,Prohibited,Not Mentioned
Chittenden_Shelburne_rev.geojson,Shelburne,ADU_Allowance,Prohibited,Allowed/Conditional
Chittenden_Shelburne_rev.geojson,Shelburne,ADU_Owner_Occupancy_Required,No,Yes
Chittenden_Shelburne_rev.geojson,Shelburne,PRD_Allowance,Prohibited,Public Hearing
Chittenden_Shelburne_rev.geojson,Shelburne,PUD_Allowance,f,t
Chittenden_Shelburne_rev.geojson,Shelburne,PUD_Requires_Land_Conservation,f,t
Chittenden_Shelburne_rev.geojson,Shelburne,GIS_ID,Shelburne_Commerce & Industry South,Shelburne_Village Residential
Chittenden_Shelburne_rev.geojson,Shelburne,F1F_Allowance,Prohibited,Allowed/Conditional
Chittenden_Shelburne_rev.geojson,Shelburne,F2F_Allowance,Prohibited,Allowed/Conditional
Chittenden_Shelburne_rev.geojson,Shelburne,District_Name,Commerce & Industry - South,Village Residential
Chittenden_Shelburne_rev.geojson,Shelburne,Abbreviated_District_Name,CONS,VRES
Chittenden_Shelburne_rev.geojson,Shelburne,District_Type,Nonresidential,Primarily Residential
Chittenden_Shelburne_rev.geojson,Shelburne,Affordable_Housing_Allowance,Prohibited,Not Mentioned
Chittenden_Shelburne_rev.geojson,Shelburne,ADU_Owner_Occupancy_Required,No,Yes
Chittenden_Shelburne_rev.geojson,Shelburne,PRD_Allowance,Prohibited,Public Hearing
Chittenden_Shelburne_rev.geojson,Shelburne,PUD_Allowance,f,t
Chittenden_Shelburne_rev.geojson,Shelburne,GIS_ID,Shelburne_Conservation,Shelburne_Village Residential
Chittenden_Shelburne_rev.geojson,Shelburne,F1F_Allowance,Prohibited,Allowed/Conditional
Chittenden_Shelburne_rev.geojson,Shelburne,F2F_Allowance,Prohibited,Allowed/Conditional
Chittenden_Shelburne_rev.geojson,Shelburne,District_Name,Conservation,Village Residential
Chittenden_Shelburne_rev.geojson,Shelburne,LAST_UPDATE,2023-08-02,2023-11-21
Chittenden_Shelburne_rev.geojson,Shelburne,Abbreviated_District_Name,FLOOD,VRES
Chittenden_Shelburne_rev.geojson,Shelburne,Overlay_District,Yes,No
Chittenden_Shelburne_rev.geojson,Shelburne,District_Type,Nonresidential,Primarily Residential
Chittenden_Shelburne_rev.geojson,Shelburne,ADU_Allowance,Not Mentioned,Allowed/Conditional
Chittenden_Shelburne_rev.geojson,Shelburne,ADU_Owner_Occupancy_Required,No,Yes
Chittenden_Shelburne_rev.geojson,Shelburne,PRD_Allowance,Not Mentioned,Public Hearing
Chittenden_Shelburne_rev.geojson,Shelburne,GIS_ID,,Shelburne_Village Residential
Chittenden_Shelburne_rev.geojson,Shelburne,F1F_Allowance,Prohibited,Allowed/Conditional
Chittenden_Shelburne_rev.geojson,Shelburne,F2F_Allowance,Prohibited,Allowed/Conditional
Chittenden_Shelburne_rev.geojson,Shelburne,District_Name,Floodplain & Watercourse Overlay,Village Residential
Chittenden_Shelburne_rev.geojson,Shelburne,LAST_UPDATE,2023-08-02,2023-11-21
Chittenden_Shelburne_rev.geojson,Shelburne,Abbreviated_District_Name,LKSHR,VRES
Chittenden_Shelburne_rev.geojson,Shelburne,Overlay_District,Yes,No
Chittenden_Shelburne_rev.geojson,Shelburne,District_Type,Nonresidential,Primarily Residential
Chittenden_Shelburne_rev.geojson,Shelburne,ADU_Allowance,Prohibited,Allowed/Conditional
Chittenden_Shelburne_rev.geojson,Shelburne,ADU_Owner_Occupancy_Required,No,Yes
Chittenden_Shelburne_rev.geojson,Shelburne,PRD_Allowance,Not Mentioned,Public Hearing
Chittenden_Shelburne_rev.geojson,Shelburne,GIS_ID,,Shelburne_Village Residential
Chittenden_Shelburne_rev.geojson,Shelburne,F1F_Allowance,Prohibited,Allowed/Conditional
Chittenden_Shelburne_rev.geojson,Shelburne,F2F_Allowance,Prohibited,Allowed/Conditional
Chittenden_Shelburne_rev.geojson,Shelburne,District_Name,Lakeshore Overlay,Village Residential
Chittenden_Shelburne_rev.geojson,Shelburne,Abbreviated_District_Name,MIX,VRES
Chittenden_Shelburne_rev.geojson,Shelburne,District_Type,Mixed with Residential,Primarily Residential
Chittenden_Shelburne_rev.geojson,Shelburne,F1F_Min_Lot,0.34,0.29
Chittenden_Shelburne_rev.geojson,Shelburne,F1F_Max_Lot_Building_Coverage,30,20
Chittenden_Shelburne_rev.geojson,Shelburne,F2F_Max_Lot_Building_Coverage,30,20
Chittenden_Shelburne_rev.geojson,Shelburne,PRD_Mobile_or_Manufactured_Home_Park,Yes,No
Chittenden_Shelburne_rev.geojson,Shelburne,F1F_Frontage,100,75
Chittenden_Shelburne_rev.geojson,Shelburne,GIS_ID,Shelburne_Mixed use,Shelburne_Village Residential
Chittenden_Shelburne_rev.geojson,Shelburne,F3F_Allowance,Public Hearing,Prohibited
Chittenden_Shelburne_rev.geojson,Shelburne,F4F_Allowance,Public Hearing,Prohibited
Chittenden_Shelburne_rev.geojson,Shelburne,District_Name,Mixed Use District,Village Residential
Chittenden_Shelburne_rev.geojson,Shelburne,Abbreviated_District_Name,MUS,VRES
Chittenden_Shelburne_rev.geojson,Shelburne,District_Type,Mixed with Residential,Primarily Residential
Chittenden_Shelburne_rev.geojson,Shelburne,F1F_Min_Lot,0.34,0.29
Chittenden_Shelburne_rev.geojson,Shelburne,ADU_Owner_Occupancy_Required,No,Yes
Chittenden_Shelburne_rev.geojson,Shelburne,PRD_Allowance,Prohibited,Public Hearing
Chittenden_Shelburne_rev.geojson,Shelburne,F1F_Frontage,100,75
Chittenden_Shelburne_rev.geojson,Shelburne,GIS_ID,Shelburne_Museum,Shelburne_Village Residential
Chittenden_Shelburne_rev.geojson,Shelburne,District_Name,Museum,Village Residential
Chittenden_Shelburne_rev.geojson,Shelburne,LAST_UPDATE,2023-08-02,2023-11-21
Chittenden_Shelburne_rev.geojson,Shelburne,Abbreviated_District_Name,N,VRES
Chittenden_Shelburne_rev.geojson,Shelburne,Overlay_District,Yes,No
Chittenden_Shelburne_rev.geojson,Shelburne,F1F_Max_Lot_Building_Coverage,5,20
Chittenden_Shelburne_rev.geojson,Shelburne,F2F_Max_Lot_Building_Coverage,5,20
Chittenden_Shelburne_rev.geojson,Shelburne,ADU_Owner_Occupancy_Required,No,Yes
Chittenden_Shelburne_rev.geojson,Shelburne,PRD_Allowance,Not Mentioned,Public Hearing
Chittenden_Shelburne_rev.geojson,Shelburne,GIS_ID,,Shelburne_Village Residential
Chittenden_Shelburne_rev.geojson,Shelburne,F1F_Allowance,Overlay,Allowed/Conditional
Chittenden_Shelburne_rev.geojson,Shelburne,F2F_Allowance,Overlay,Allowed/Conditional
Chittenden_Shelburne_rev.geojson,Shelburne,F3F_Allowance,Overlay,Prohibited
Chittenden_Shelburne_rev.geojson,Shelburne,F4F_Allowance,Overlay,Prohibited
Chittenden_Shelburne_rev.geojson,Shelburne,District_Name,Neighborhood Overlay,Village Residential
Chittenden_Shelburne_rev.geojson,Shelburne,Abbreviated_District_Name,RES,VRES
Chittenden_Shelburne_rev.geojson,Shelburne,F1F_Min_Lot,0.46,0.29
Chittenden_Shelburne_rev.geojson,Shelburne,F2F_Min_Lot_Size,0.6899999999999999,0.46
Chittenden_Shelburne_rev.geojson,Shelburne,PRD_Mobile_or_Manufactured_Home_Park,Yes,No
Chittenden_Shelburne_rev.geojson,Shelburne,Base_Density,2.9,4.36
Chittenden_Shelburne_rev.geojson,Shelburne,F1F_Frontage,100,75
Chittenden_Shelburne_rev.geojson,Shelburne,GIS_ID,Shelburne_Residential,Shelburne_Village Residential
Chittenden_Shelburne_rev.geojson,Shelburne,F3F_Allowance,Public Hearing,Prohibited
Chittenden_Shelburne_rev.geojson,Shelburne,F4F_Allowance,Public Hearing,Prohibited
Chittenden_Shelburne_rev.geojson,Shelburne,District_Name,Residential,Village Residential
Chittenden_Shelburne_rev.geojson,Shelburne,Abbreviated_District_Name,RUR,VRES
Chittenden_Shelburne_rev.geojson,Shelburne,F1F_Min_Lot,5,0.29
Chittenden_Shelburne_rev.geojson,Shelburne,F1F_Front_Setback,75,30
Chittenden_Shelburne_rev.geojson,Shelburne,F1F_Side_Setback,30,15
Chittenden_Shelburne_rev.geojson,Shelburne,F1F_Rear_Setback,30,15
Chittenden_Shelburne_rev.geojson,Shelburne,F2F_Min_Lot_Size,10,0.46
Chittenden_Shelburne_rev.geojson,Shelburne,F2F_Front_Setback,75,30
Chittenden_Shelburne_rev.geojson,Shelburne,F2F_Side_Setback,30,15
Chittenden_Shelburne_rev.geojson,Shelburne,F2F_Rear_Setback,30,15
Chittenden_Shelburne_rev.geojson,Shelburne,PRD_Mobile_or_Manufactured_Home_Park,Yes,No
Chittenden_Shelburne_rev.geojson,Shelburne,F1F_Frontage,200,75
Chittenden_Shelburne_rev.geojson,Shelburne,F2F_Frontage,200,150
Chittenden_Shelburne_rev.geojson,Shelburne,GIS_ID,Shelburne_Rural,Shelburne_Village Residential
Chittenden_Shelburne_rev.geojson,Shelburne,District_Name,Rural,Village Residential
Chittenden_Shelburne_rev.geojson,Shelburne,Abbreviated_District_Name,SF-MIX,VRES
Chittenden_Shelburne_rev.geojson,Shelburne,District_Type,Mixed with Residential,Primarily Residential
Chittenden_Shelburne_rev.geojson,Shelburne,F2F_Frontage,100,150
Chittenden_Shelburne_rev.geojson,Shelburne,GIS_ID,Shelburne_Shelburne Falls Mixed Use,Shelburne_Village Residential
Chittenden_Shelburne_rev.geojson,Shelburne,F3F_Allowance,Public Hearing,Prohibited
Chittenden_Shelburne_rev.geojson,Shelburne,F4F_Allowance,Public Hearing,Prohibited
Chittenden_Shelburne_rev.geojson,Shelburne,District_Name,Shelburne Falls Mixed Use,Village Residential
Chittenden_Shelburne_rev.geojson,Shelburne,LAST_UPDATE,2023-08-02,2023-11-21
Chittenden_Shelburne_rev.geojson,Shelburne,Abbreviated_District_Name,SR,VRES
Chittenden_Shelburne_rev.geojson,Shelburne,Bylaw_Date,2023-08-02,2023-07-24
Chittenden_Shelburne_rev.geojson,Shelburne,Overlay_District,Yes,No
Chittenden_Shelburne_rev.geojson,Shelburne,District_Type,Mixed with Residential,Primarily Residential
Chittenden_Shelburne_rev.geojson,Shelburne,ADU_Allowance,Not Mentioned,Allowed/Conditional
Chittenden_Shelburne_rev.geojson,Shelburne,ADU_Owner_Occupancy_Required,No,Yes
Chittenden_Shelburne_rev.geojson,Shelburne,PRD_Allowance,Not Mentioned,Public Hearing
Chittenden_Shelburne_rev.geojson,Shelburne,GIS_ID,,Shelburne_Village Residential
Chittenden_Shelburne_rev.geojson,Shelburne,F1F_Allowance,Overlay,Allowed/Conditional
Chittenden_Shelburne_rev.geojson,Shelburne,F2F_Allowance,Overlay,Allowed/Conditional
Chittenden_Shelburne_rev.geojson,Shelburne,F3F_Allowance,Overlay,Prohibited
Chittenden_Shelburne_rev.geojson,Shelburne,F4F_Allowance,Overlay,Prohibited
Chittenden_Shelburne_rev.geojson,Shelburne,District_Name,Shelburne Road Form-Based Overlay,Village Residential
Chittenden_Shelburne_rev.geojson,Shelburne,LAST_UPDATE,2023-08-02,2023-11-21
Chittenden_Shelburne_rev.geojson,Shelburne,Abbreviated_District_Name,STM,VRES
Chittenden_Shelburne_rev.geojson,Shelburne,Overlay_District,Yes,No
Chittenden_Shelburne_rev.geojson,Shelburne,District_Type,Mixed with Residential,Primarily Residential
Chittenden_Shelburne_rev.geojson,Shelburne,ADU_Allowance,Not Mentioned,Allowed/Conditional
Chittenden_Shelburne_rev.geojson,Shelburne,ADU_Owner_Occupancy_Required,No,Yes
Chittenden_Shelburne_rev.geojson,Shelburne,PRD_Allowance,Not Mentioned,Public Hearing
Chittenden_Shelburne_rev.geojson,Shelburne,GIS_ID,,Shelburne_Village Residential
Chittenden_Shelburne_rev.geojson,Shelburne,F1F_Allowance,Overlay,Allowed/Conditional
Chittenden_Shelburne_rev.geojson,Shelburne,F2F_Allowance,Overlay,Allowed/Conditional
Chittenden_Shelburne_rev.geojson,Shelburne,F3F_Allowance,Overlay,Prohibited
Chittenden_Shelburne_rev.geojson,Shelburne,F4F_Allowance,Overlay,Prohibited
Chittenden_Shelburne_rev.geojson,Shelburne,District_Name,Stormwater Overlay,Village Residential
Chittenden_Shelburne_rev.geojson,Shelburne,Abbreviated_District_Name,V-CENT,VRES
Chittenden_Shelburne_rev.geojson,Shelburne,District_Type,Mixed with Residential,Primarily Residential
Chittenden_Shelburne_rev.geojson,Shelburne,F1F_Min_Lot,0.23,0.29
Chittenden_Shelburne_rev.geojson,Shelburne,F2F_Min_Lot_Size,0.34,0.46
Chittenden_Shelburne_rev.geojson,Shelburne,PRD_Mobile_or_Manufactured_Home_Park,Yes,No
Chittenden_Shelburne_rev.geojson,Shelburne,Base_Density,5.81,4.36
Chittenden_Shelburne_rev.geojson,Shelburne,F1F_Frontage,60,75
Chittenden_Shelburne_rev.geojson,Shelburne,F2F_Frontage,75,150
Chittenden_Shelburne_rev.geojson,Shelburne,GIS_ID,Shelburne_Village Center Mixed Use,Shelburne_Village Residential
Chittenden_Shelburne_rev.geojson,Shelburne,F3F_Allowance,Public Hearing,Prohibited
Chittenden_Shelburne_rev.geojson,Shelburne,F4F_Allowance,Public Hearing,Prohibited
Chittenden_Shelburne_rev.geojson,Shelburne,District_Name,Village Center Mixed Use,Village Residential
Chittenden_Shelburne_rev.geojson,Shelburne,LAST_UPDATE,2023-08-02,2023-11-21
Chittenden_Shelburne_rev.geojson,Shelburne,Abbreviated_District_Name,VCORE,VRES
Chittenden_Shelburne_rev.geojson,Shelburne,Overlay_District,Yes,No
Chittenden_Shelburne_rev.geojson,Shelburne,District_Type,Mixed with Residential,Primarily Residential
Chittenden_Shelburne_rev.geojson,Shelburne,ADU_Owner_Occupancy_Required,No,Yes
Chittenden_Shelburne_rev.geojson,Shelburne,PRD_Allowance,Not Mentioned,Public Hearing
Chittenden_Shelburne_rev.geojson,Shelburne,GIS_ID,,Shelburne_Village Residential
Chittenden_Shelburne_rev.geojson,Shelburne,F1F_Allowance,Public Hearing,Allowed/Conditional
Chittenden_Shelburne_rev.geojson,Shelburne,F2F_Allowance,Public Hearing,Allowed/Conditional
Chittenden_Shelburne_rev.geojson,Shelburne,F3F_Allowance,Public Hearing,Prohibited
Chittenden_Shelburne_rev.geojson,Shelburne,F4F_Allowance,Public Hearing,Prohibited
Chittenden_Shelburne_rev.geojson,Shelburne,District_Name,Village Core Overlay,Village Residential
Chittenden_Shelburne_rev.geojson,Shelburne,LAST_UPDATE,2023-08-02,2023-11-21
Chittenden_Shelburne_rev.geojson,Shelburne,Abbreviated_District_Name,VDES,VRES
Chittenden_Shelburne_rev.geojson,Shelburne,Overlay_District,Yes,No
Chittenden_Shelburne_rev.geojson,Shelburne,District_Type,Mixed with Residential,Primarily Residential
Chittenden_Shelburne_rev.geojson,Shelburne,ADU_Owner_Occupancy_Required,No,Yes
Chittenden_Shelburne_rev.geojson,Shelburne,PRD_Allowance,Not Mentioned,Public Hearing
Chittenden_Shelburne_rev.geojson,Shelburne,GIS_ID,,Shelburne_Village Residential
Chittenden_Shelburne_rev.geojson,Shelburne,F1F_Allowance,Public Hearing,Allowed/Conditional
Chittenden_Shelburne_rev.geojson,Shelburne,F2F_Allowance,Public Hearing,Allowed/Conditional
Chittenden_Shelburne_rev.geojson,Shelburne,F3F_Allowance,Public Hearing,Prohibited
Chittenden_Shelburne_rev.geojson,Shelburne,F4F_Allowance,Public Hearing,Prohibited
Chittenden_Shelburne_rev.geojson,Shelburne,District_Name,Village Design Review Overlay,Village Residential
Chittenden_Underhill_rev.geojson,Underhill,LAST_UPDATE,2023-08-01,2023-11-21
Chittenden_Underhill_rev.geojson,Underhill,Abbreviated_District_Name,FHOD,WCD
Chittenden_Underhill_rev.geojson,Underhill,Overlay_District,Yes,No
Chittenden_Underhill_rev.geojson,Underhill,District_Type,Nonresidential,Primarily Residential
Chittenden_Underhill_rev.geojson,Underhill,PRD_Allowance,Public Hearing,Allowed/Conditional
Chittenden_Underhill_rev.geojson,Underhill,GIS_ID,,Underhill_Water Conservation
Chittenden_Underhill_rev.geojson,Underhill,District_Name,Floor Hazard Overlay District,Water Conservation District
Chittenden_Underhill_rev.geojson,Underhill,Abbreviated_District_Name,MMSPD,WCD
Chittenden_Underhill_rev.geojson,Underhill,F1F_Min_Lot,10,5
Chittenden_Underhill_rev.geojson,Underhill,F1F_Side_Setback,75,50
Chittenden_Underhill_rev.geojson,Underhill,F1F_Rear_Setback,75,50
Chittenden_Underhill_rev.geojson,Underhill,F1F_Max_Lot_Impervious_Coverage,10,20
Chittenden_Underhill_rev.geojson,Underhill,F2F_Min_Lot_Size,20,10
Chittenden_Underhill_rev.geojson,Underhill,F2F_Side_Setback,75,50
Chittenden_Underhill_rev.geojson,Underhill,F2F_Rear_Setback,75,50
Chittenden_Underhill_rev.geojson,Underhill,F2F_Max_Lot_Impervious_Coverage,10,20
Chittenden_Underhill_rev.geojson,Underhill,PRD_Allowance,Public Hearing,Allowed/Conditional
Chittenden_Underhill_rev.geojson,Underhill,Base_Density,0.1,0.2
Chittenden_Underhill_rev.geojson,Underhill,F1F_Frontage,400,300
Chittenden_Underhill_rev.geojson,Underhill,F2F_Frontage,400,300
Chittenden_Underhill_rev.geojson,Underhill,GIS_ID,Underhill_Mt Mansfield Scenic Preservation,Underhill_Water Conservation
Chittenden_Underhill_rev.geojson,Underhill,District_Name,Mt Mansfield Scenic Preservation District,Water Conservation District
Chittenden_Underhill_rev.geojson,Underhill,Abbreviated_District_Name,RRD,WCD
Chittenden_Underhill_rev.geojson,Underhill,F1F_Min_Lot,3,5
Chittenden_Underhill_rev.geojson,Underhill,F1F_Max_Lot_Impervious_Coverage,25,20
Chittenden_Underhill_rev.geojson,Underhill,F2F_Min_Lot_Size,6,10
Chittenden_Underhill_rev.geojson,Underhill,F2F_Max_Lot_Impervious_Coverage,25,20
Chittenden_Underhill_rev.geojson,Underhill,PRD_Allowance,Public Hearing,Allowed/Conditional
Chittenden_Underhill_rev.geojson,Underhill,PRD_Mobile_or_Manufactured_Home_Park,Yes,No
Chittenden_Underhill_rev.geojson,Underhill,Base_Density,0.33,0.2
Chittenden_Underhill_rev.geojson,Underhill,F1F_Frontage,250,300
Chittenden_Underhill_rev.geojson,Underhill,F2F_Frontage,250,300
Chittenden_Underhill_rev.geojson,Underhill,GIS_ID,Underhill_Rural Residential,Underhill_Water Conservation
Chittenden_Underhill_rev.geojson,Underhill,District_Name,Rural Residential District,Water Conservation District
Chittenden_Underhill_rev.geojson,Underhill,Abbreviated_District_Name,SWCD,WCD
Chittenden_Underhill_rev.geojson,Underhill,F1F_Min_Lot,15,5
Chittenden_Underhill_rev.geojson,Underhill,F1F_Side_Setback,75,50
Chittenden_Underhill_rev.geojson,Underhill,F1F_Rear_Setback,75,50
Chittenden_Underhill_rev.geojson,Underhill,F1F_Max_Lot_Impervious_Coverage,7,20
Chittenden_Underhill_rev.geojson,Underhill,F2F_Affordable_Housing_Only,Yes,No
Chittenden_Underhill_rev.geojson,Underhill,F2F_Elderly_Housing_Only,Yes,No
Chittenden_Underhill_rev.geojson,Underhill,F2F_Min_Lot_Size,30,10
Chittenden_Underhill_rev.geojson,Underhill,F2F_Side_Setback,75,50
Chittenden_Underhill_rev.geojson,Underhill,F2F_Rear_Setback,75,50
Chittenden_Underhill_rev.geojson,Underhill,F2F_Max_Lot_Impervious_Coverage,7,20
Chittenden_Underhill_rev.geojson,Underhill,PRD_Allowance,Public Hearing,Allowed/Conditional
Chittenden_Underhill_rev.geojson,Underhill,F1F_Frontage,400,300
Chittenden_Underhill_rev.geojson,Underhill,F2F_Frontage,400,300
Chittenden_Underhill_rev.geojson,Underhill,GIS_ID,Underhill_Soil and Water Conservation,Underhill_Water Conservation
Chittenden_Underhill_rev.geojson,Underhill,District_Name,Soil and Water Conservation District,Water Conservation District
Chittenden_Underhill_rev.geojson,Underhill,Abbreviated_District_Name,UCVD,WCD
Chittenden_Underhill_rev.geojson,Underhill,District_Type,Mixed with Residential,Primarily Residential
Chittenden_Underhill_rev.geojson,Underhill,F1F_Min_Lot,1.5,5
Chittenden_Underhill_rev.geojson,Underhill,F1F_Side_Setback,15,50
Chittenden_Underhill_rev.geojson,Underhill,F1F_Rear_Setback,15,50
Chittenden_Underhill_rev.geojson,Underhill,F1F_Max_Lot_Impervious_Coverage,75,20
Chittenden_Underhill_rev.geojson,Underhill,F2F_Min_Lot_Size,3,10
Chittenden_Underhill_rev.geojson,Underhill,F2F_Side_Setback,15,50
Chittenden_Underhill_rev.geojson,Underhill,F2F_Rear_Setback,15,50
Chittenden_Underhill_rev.geojson,Underhill,F2F_Max_Lot_Impervious_Coverage,75,20
Chittenden_Underhill_rev.geojson,Underhill,Base_Density,0.66,0.2
Chittenden_Underhill_rev.geojson,Underhill,F1F_Frontage,100,300
Chittenden_Underhill_rev.geojson,Underhill,F2F_Frontage,100,300
Chittenden_Underhill_rev.geojson,Underhill,GIS_ID,Underhill_Underhill Center Village,Underhill_Water Conservation
Chittenden_Underhill_rev.geojson,Underhill,F3F_Allowance,Public Hearing,Prohibited
Chittenden_Underhill_rev.geojson,Underhill,District_Name,Underhill Center Village District,Water Conservation District
Chittenden_Underhill_rev.geojson,Underhill,Abbreviated_District_Name,UFVCD,WCD
Chittenden_Underhill_rev.geojson,Underhill,District_Type,Mixed with Residential,Primarily Residential
Chittenden_Underhill_rev.geojson,Underhill,F1F_Min_Lot,1,5
Chittenden_Underhill_rev.geojson,Underhill,F1F_Side_Setback,20,50
Chittenden_Underhill_rev.geojson,Underhill,F1F_Rear_Setback,20,50
Chittenden_Underhill_rev.geojson,Underhill,F1F_Max_Lot_Impervious_Coverage,75,20
Chittenden_Underhill_rev.geojson,Underhill,F2F_Min_Lot_Size,2,10
Chittenden_Underhill_rev.geojson,Underhill,F2F_Side_Setback,20,50
Chittenden_Underhill_rev.geojson,Underhill,F2F_Rear_Setback,20,50
Chittenden_Underhill_rev.geojson,Underhill,F2F_Max_Lot_Impervious_Coverage,75,20
Chittenden_Underhill_rev.geojson,Underhill,PRD_Mobile_or_Manufactured_Home_Park,Yes,No
Chittenden_Underhill_rev.geojson,Underhill,Base_Density,1,0.2
Chittenden_Underhill_rev.geojson,Underhill,F1F_Frontage,150,300
Chittenden_Underhill_rev.geojson,Underhill,F2F_Frontage,150,300
Chittenden_Underhill_rev.geojson,Underhill,GIS_ID,Underhill_Underhill Flats Village Center,Underhill_Water Conservation
Chittenden_Underhill_rev.geojson,Underhill,F3F_Allowance,Public Hearing,Prohibited
Chittenden_Underhill_rev.geojson,Underhill,F4F_Allowance,Public Hearing,Prohibited
Chittenden_Underhill_rev.geojson,Underhill,District_Name,Underhill Flats Village Center District,Water Conservation District
Chittenden_Williston_rev.geojson,Williston,Abbreviated_District_Name,ARZD,VZD
Chittenden_Williston_rev.geojson,Williston,F2F_Max_Density,1.1,2
Chittenden_Williston_rev.geojson,Williston,F3F_Max_Density,1.65,6
Chittenden_Williston_rev.geojson,Williston,F4F_Max_Density,2.2,8
Chittenden_Williston_rev.geojson,Williston,ADU_Renter_Occupancy_Prohibited,Yes,No
Chittenden_Williston_rev.geojson,Williston,ADU_Owner_Occupancy_Required,Yes,No
Chittenden_Williston_rev.geojson,Williston,PRD_Mobile_or_Manufactured_Home_Park,Yes,No
Chittenden_Williston_rev.geojson,Williston,Notes,"All residential density limits apply on slopes of less than 15%
Setbacks from rear or side property lines (not roadways) 15 ft or reduced by average setback exception
ADU prohibited if majority of primary unit is in a watershed protection buffer ",Maximum density on slopes of <15% unless stated otherwise.
Chittenden_Williston_rev.geojson,Williston,GIS_ID,Williston_Agriculture/Rural Residential Zoning District,Williston_Village Center Zoning District
Chittenden_Williston_rev.geojson,Williston,District_Name,Agriculture/Rural Residential Zoning District,Village Center Zoning District
Chittenden_Williston_rev.geojson,Williston,Abbreviated_District_Name,BPZD,VZD
Chittenden_Williston_rev.geojson,Williston,Bylaw_Date,,2022-11-23
Chittenden_Williston_rev.geojson,Williston,Notes,All treatments: All front/rear/side setbacks from the lot line shared with pre-existing row house lots of any residential lots outside of Taft Corners. Rear setback also from town center.,Maximum density on slopes of <15% unless stated otherwise.
Chittenden_Williston_rev.geojson,Williston,GIS_ID,Williston_Business Park Zoning District,Williston_Village Center Zoning District
Chittenden_Williston_rev.geojson,Williston,District_Name,Business Park Zoning District,Village Center Zoning District
Chittenden_Williston_rev.geojson,Williston,Abbreviated_District_Name,GZDN,VZD
Chittenden_Williston_rev.geojson,Williston,District_Type,Nonresidential,Mixed with Residential
Chittenden_Williston_rev.geojson,Williston,Affordable_Housing_Allowance,Prohibited,Allowed/Conditional
Chittenden_Williston_rev.geojson,Williston,ADU_Renter_Occupancy_Prohibited,Yes,No
Chittenden_Williston_rev.geojson,Williston,ADU_Owner_Occupancy_Required,Yes,No
Chittenden_Williston_rev.geojson,Williston,ADU_Max_Size_as_Percent_of_Primary_Strcture,Yes,No
Chittenden_Williston_rev.geojson,Williston,PRD_Allowance,Prohibited,Public Hearing
Chittenden_Williston_rev.geojson,Williston,GIS_ID,Williston_Gateway North Zoning District,Williston_Village Center Zoning District
Chittenden_Williston_rev.geojson,Williston,F1F_Allowance,Prohibited,Allowed/Conditional
Chittenden_Williston_rev.geojson,Williston,F2F_Allowance,Prohibited,Allowed/Conditional
Chittenden_Williston_rev.geojson,Williston,F3F_Allowance,Prohibited,Allowed/Conditional
Chittenden_Williston_rev.geojson,Williston,F4F_Allowance,Prohibited,Allowed/Conditional
Chittenden_Williston_rev.geojson,Williston,District_Name,Gateway North Zoning District,Village Center Zoning District
Chittenden_Williston_rev.geojson,Williston,Abbreviated_District_Name,GZDS,VZD
Chittenden_Williston_rev.geojson,Williston,Overlay_District,Yes,No
Chittenden_Williston_rev.geojson,Williston,Notes,Average Setback Exception: The DRB may allow the setback required along a local road to be reduced to the average existing setback. The average existing setback will be determined by the Administrator by averaging the existing setback on all properties that are along the same street and within 300 feet of the lot where a reduction is proposed. A reduction shall be permitted only where the reduced setback is sufficient to permit for the construction of a sidewalk or a multi-use path. ,Maximum density on slopes of <15% unless stated otherwise.
Chittenden_Williston_rev.geojson,Williston,GIS_ID,Williston_Gateway South Zoning District,Williston_Village Center Zoning District
Chittenden_Williston_rev.geojson,Williston,District_Name,Gateway South Zoning District,Village Center Zoning District
Chittenden_Williston_rev.geojson,Williston,Abbreviated_District_Name,IZDE,VZD
Chittenden_Williston_rev.geojson,Williston,District_Type,Nonresidential,Mixed with Residential
Chittenden_Williston_rev.geojson,Williston,ADU_Renter_Occupancy_Prohibited,Yes,No
Chittenden_Williston_rev.geojson,Williston,ADU_Owner_Occupancy_Required,Yes,No
Chittenden_Williston_rev.geojson,Williston,GIS_ID,Williston_Industrial East Zoning District,Williston_Village Center Zoning District
Chittenden_Williston_rev.geojson,Williston,F1F_Allowance,Prohibited,Allowed/Conditional
Chittenden_Williston_rev.geojson,Williston,F2F_Allowance,Prohibited,Allowed/Conditional
Chittenden_Williston_rev.geojson,Williston,F3F_Allowance,Prohibited,Allowed/Conditional
Chittenden_Williston_rev.geojson,Williston,F4F_Allowance,Prohibited,Allowed/Conditional
Chittenden_Williston_rev.geojson,Williston,District_Name,Industrial East Zoning District,Village Center Zoning District
Chittenden_Williston_rev.geojson,Williston,Abbreviated_District_Name,IZDW,VZD
Chittenden_Williston_rev.geojson,Williston,District_Type,Nonresidential,Mixed with Residential
Chittenden_Williston_rev.geojson,Williston,Affordable_Housing_Elderly_Only,Yes,No
Chittenden_Williston_rev.geojson,Williston,ADU_Renter_Occupancy_Prohibited,Yes,No
Chittenden_Williston_rev.geojson,Williston,ADU_Owner_Occupancy_Required,Yes,No
Chittenden_Williston_rev.geojson,Williston,GIS_ID,Williston_Industrial West Zoning District,Williston_Village Center Zoning District
Chittenden_Williston_rev.geojson,Williston,F1F_Allowance,Prohibited,Allowed/Conditional
Chittenden_Williston_rev.geojson,Williston,F2F_Allowance,Prohibited,Allowed/Conditional
Chittenden_Williston_rev.geojson,Williston,F3F_Allowance,Prohibited,Allowed/Conditional
Chittenden_Williston_rev.geojson,Williston,F4F_Allowance,Prohibited,Allowed/Conditional
Chittenden_Williston_rev.geojson,Williston,District_Name,Industrial West Zoning District,Village Center Zoning District
Chittenden_Williston_rev.geojson,Williston,Abbreviated_District_Name,MUCZD,VZD
Chittenden_Williston_rev.geojson,Williston,Overlay_District,Yes,No
Chittenden_Williston_rev.geojson,Williston,ADU_Renter_Occupancy_Prohibited,Yes,No
Chittenden_Williston_rev.geojson,Williston,ADU_Owner_Occupancy_Required,Yes,No
Chittenden_Williston_rev.geojson,Williston,GIS_ID,Williston_Mixed Use - Commercial Zoning District,Williston_Village Center Zoning District
Chittenden_Williston_rev.geojson,Williston,District_Name,Mixed Use - Commercial Zoning District,Village Center Zoning District
Chittenden_Williston_rev.geojson,Williston,Abbreviated_District_Name,RZD,VZD
Chittenden_Williston_rev.geojson,Williston,District_Type,Primarily Residential,Mixed with Residential
Chittenden_Williston_rev.geojson,Williston,ADU_Renter_Occupancy_Prohibited,Yes,No
Chittenden_Williston_rev.geojson,Williston,ADU_Owner_Occupancy_Required,Yes,No
Chittenden_Williston_rev.geojson,Williston,Notes,Base residential density on slopes <15%: 3.0; minimum 30% affordable housing: 5.0,Maximum density on slopes of <15% unless stated otherwise.
Chittenden_Williston_rev.geojson,Williston,GIS_ID,Williston_Residential Zoning District,Williston_Village Center Zoning District
Chittenden_Williston_rev.geojson,Williston,District_Name,Residential Zoning District,Village Center Zoning District
Chittenden_Williston_rev.geojson,Williston,Abbreviated_District_Name,TCZD,VZD
Chittenden_Williston_rev.geojson,Williston,Notes,Side setback also requires 5' strollable neighborhood frontage from one side.,Maximum density on slopes of <15% unless stated otherwise.
Chittenden_Williston_rev.geojson,Williston,GIS_ID,Williston_Taft Corners Downtown Zoning District,Williston_Village Center Zoning District
Chittenden_Williston_rev.geojson,Williston,District_Name,Taft Corners Downtown Zoning District,Village Center Zoning District
Essex_Averill_rev.geoJSON,Averill,Abbreviated_District_Name,FASF,SL
Essex_Averill_rev.geoJSON,Averill,Abbreviated_District_Name,CIR,SL
Essex_AverysGore_rev.geoJSON,Averys Gore,Abbreviated_District_Name,FASF,CIR
Essex_AverysGore_rev.geoJSON,Averys Gore,Abbreviated_District_Name,SL,CIR
Essex_Brighton_rev.geoJSON,Brighton,Abbreviated_District_Name,RL,I
Essex_Brighton_rev.geoJSON,Brighton,Abbreviated_District_Name,CL,I
Essex_Brighton_rev.geoJSON,Brighton,Abbreviated_District_Name,RR,I
Essex_Brighton_rev.geoJSON,Brighton,Abbreviated_District_Name,NR,I
Essex_Brighton_rev.geoJSON,Brighton,Abbreviated_District_Name,L,I
Essex_Brighton_rev.geoJSON,Brighton,Abbreviated_District_Name,V,I
Essex_Brunswick_rev.geoJSON,Brunswick,Abbreviated_District_Name,F,S
Essex_Brunswick_rev.geoJSON,Brunswick,Abbreviated_District_Name,R,S
Essex_Canaan_rev.geoJSON,Canaan,Abbreviated_District_Name,RL,R-1
Essex_Canaan_rev.geoJSON,Canaan,Abbreviated_District_Name,R-2,R-1
Essex_Canaan_rev.geoJSON,Canaan,Abbreviated_District_Name,AGR,R-1
Essex_Canaan_rev.geoJSON,Canaan,Abbreviated_District_Name,R-C,R-1
Essex_Canaan_rev.geoJSON,Canaan,Abbreviated_District_Name,R-1/2,R-1
Essex_Canaan_rev.geoJSON,Canaan,Abbreviated_District_Name,IND,R-1
Essex_Canaan_rev.geoJSON,Canaan,Abbreviated_District_Name,WP,R-1
Essex_Concord_rev.geoJSON,Concord,Abbreviated_District_Name,RL,LAKE
Essex_Concord_rev.geoJSON,Concord,Abbreviated_District_Name,LD,LAKE
Essex_Concord_rev.geoJSON,Concord,Abbreviated_District_Name,HD,LAKE
Essex_Concord_rev.geoJSON,Concord,Abbreviated_District_Name,MD,LAKE
Essex_Ferdinand_rev.geoJSON,Ferdinand,Abbreviated_District_Name,CIR,SL
Essex_Ferdinand_rev.geoJSON,Ferdinand,Abbreviated_District_Name,FASF,SL
Essex_Granby_rev.geoJSON,Granby,Abbreviated_District_Name,F,V
Essex_Granby_rev.geoJSON,Granby,Abbreviated_District_Name,RR,V
Essex_Guildhall_rev.geoJSON,Guildhall,Abbreviated_District_Name,AGR,Vil
Essex_Guildhall_rev.geoJSON,Guildhall,Abbreviated_District_Name,FC,Vil
Essex_Guildhall_rev.geoJSON,Guildhall,Abbreviated_District_Name,Ind,Vil
Essex_Guildhall_rev.geoJSON,Guildhall,Abbreviated_District_Name,RL-1,Vil
Essex_Guildhall_rev.geoJSON,Guildhall,Abbreviated_District_Name,RL-3,Vil
Essex_Guildhall_rev.geoJSON,Guildhall,Abbreviated_District_Name,RL-2,Vil
Essex_Lemington_rev.geoJSON,Lemington,Abbreviated_District_Name,AGR,RES
Essex_Lemington_rev.geoJSON,Lemington,Abbreviated_District_Name,RR,RES
Essex_Lemington_rev.geoJSON,Lemington,Abbreviated_District_Name,RL,RES
Essex_Lewis_rev.geoJSON,Lewis,Abbreviated_District_Name,FASF,SL
Essex_Maidstone_rev.geoJSON,Maidstone,Abbreviated_District_Name,F,P
Essex_Maidstone_rev.geoJSON,Maidstone,Abbreviated_District_Name,RL2,P
Essex_Maidstone_rev.geoJSON,Maidstone,Abbreviated_District_Name,RL1,P
Essex_Maidstone_rev.geoJSON,Maidstone,Abbreviated_District_Name,AZ,P
Essex_Maidstone_rev.geoJSON,Maidstone,Abbreviated_District_Name,L,P
Essex_Norton_Overlay_rev.geoJSON,Norton,Abbreviated_District_Name,LSOD,FHO
Essex_Norton_rev.geoJSON,Norton,Abbreviated_District_Name,RRD,AFD
Essex_WarrensGore_rev.geoJSON,Warren Gore,Abbreviated_District_Name,CIR,FASF
Essex_WarrensGore_rev.geoJSON,Warren Gore,Abbreviated_District_Name,SL,FASF
Franklin_Bakersfield_rev.geojson,Bakersfield,LAST_UPDATE,2024-02-15,2024-02-21
Franklin_Bakersfield_rev.geojson,Bakersfield,Abbreviated_District_Name,AO,VC
Franklin_Bakersfield_rev.geojson,Bakersfield,Overlay_District,Yes,No
Franklin_Bakersfield_rev.geojson,Bakersfield,District_Type,Nonresidential,Mixed with Residential
Franklin_Bakersfield_rev.geojson,Bakersfield,F1F_Allowance,Prohibited,Allowed/Conditional
Franklin_Bakersfield_rev.geojson,Bakersfield,F2F_Allowance,Prohibited,Allowed/Conditional
Franklin_Bakersfield_rev.geojson,Bakersfield,F3F_Allowance,Prohibited,Public Hearing
Franklin_Bakersfield_rev.geojson,Bakersfield,F4F_Allowance,Prohibited,Public Hearing
Franklin_Bakersfield_rev.geojson,Bakersfield,District_Name,Aquifer Overlay,Village Center
Franklin_Bakersfield_rev.geojson,Bakersfield,Abbreviated_District_Name,CON,VC
Franklin_Bakersfield_rev.geojson,Bakersfield,District_Type,Primarily Residential,Mixed with Residential
Franklin_Bakersfield_rev.geojson,Bakersfield,F1F_Min_Lot,25,0.25
Franklin_Bakersfield_rev.geojson,Bakersfield,F1F_Front_Setback,50,35
Franklin_Bakersfield_rev.geojson,Bakersfield,F1F_Side_Setback,30,5
Franklin_Bakersfield_rev.geojson,Bakersfield,F1F_Rear_Setback,30,5
Franklin_Bakersfield_rev.geojson,Bakersfield,ADU_Min_Lot_Size,25,0.25
Franklin_Bakersfield_rev.geojson,Bakersfield,F1F_Frontage,400,60
Franklin_Bakersfield_rev.geojson,Bakersfield,PUD_Requires_Land_Conservation,t,f
Franklin_Bakersfield_rev.geojson,Bakersfield,F2F_Allowance,Prohibited,Allowed/Conditional
Franklin_Bakersfield_rev.geojson,Bakersfield,F3F_Allowance,Prohibited,Public Hearing
Franklin_Bakersfield_rev.geojson,Bakersfield,F4F_Allowance,Prohibited,Public Hearing
Franklin_Bakersfield_rev.geojson,Bakersfield,District_Name,Conservation,Village Center
Franklin_Bakersfield_rev.geojson,Bakersfield,LAST_UPDATE,2024-02-15,2024-02-21
Franklin_Bakersfield_rev.geojson,Bakersfield,Abbreviated_District_Name,FHO,VC
Franklin_Bakersfield_rev.geojson,Bakersfield,Overlay_District,Yes,No
Franklin_Bakersfield_rev.geojson,Bakersfield,District_Type,Nonresidential,Mixed with Residential
Franklin_Bakersfield_rev.geojson,Bakersfield,Affordable_Housing_Allowance,Prohibited,Not Mentioned
Franklin_Bakersfield_rev.geojson,Bakersfield,ADU_Allowance,Prohibited,Allowed/Conditional
Franklin_Bakersfield_rev.geojson,Bakersfield,ADU_Owner_Occupancy_Required,No,Yes
Franklin_Bakersfield_rev.geojson,Bakersfield,PRD_Allowance,Prohibited,Not Mentioned
Franklin_Bakersfield_rev.geojson,Bakersfield,F1F_Allowance,Prohibited,Allowed/Conditional
Franklin_Bakersfield_rev.geojson,Bakersfield,F2F_Allowance,Prohibited,Allowed/Conditional
Franklin_Bakersfield_rev.geojson,Bakersfield,F3F_Allowance,Prohibited,Public Hearing
Franklin_Bakersfield_rev.geojson,Bakersfield,F4F_Allowance,Prohibited,Public Hearing
Franklin_Bakersfield_rev.geojson,Bakersfield,District_Name,Flood Hazard Overlay,Village Center
Franklin_Bakersfield_rev.geojson,Bakersfield,Abbreviated_District_Name,HDR,VC
Franklin_Bakersfield_rev.geojson,Bakersfield,F1F_Min_Lot,1,0.25
Franklin_Bakersfield_rev.geojson,Bakersfield,F1F_Front_Setback,50,35
Franklin_Bakersfield_rev.geojson,Bakersfield,F1F_Side_Setback,10,5
Franklin_Bakersfield_rev.geojson,Bakersfield,F1F_Rear_Setback,10,5
Franklin_Bakersfield_rev.geojson,Bakersfield,F2F_Min_Lot_Size,1,0.25
Franklin_Bakersfield_rev.geojson,Bakersfield,F2F_Front_Setback,50,35
Franklin_Bakersfield_rev.geojson,Bakersfield,F2F_Side_Setback,10,5
Franklin_Bakersfield_rev.geojson,Bakersfield,F2F_Rear_Setback,10,5
Franklin_Bakersfield_rev.geojson,Bakersfield,F3F_Min_Lot_Size,1,0.25
Franklin_Bakersfield_rev.geojson,Bakersfield,F3F_Front_Setback,50,35
Franklin_Bakersfield_rev.geojson,Bakersfield,F3F_Side_Setback,10,5
Franklin_Bakersfield_rev.geojson,Bakersfield,F3F_Rear_Setback,10,5
Franklin_Bakersfield_rev.geojson,Bakersfield,F4F_Min_Lot_Size,1,0.25
Franklin_Bakersfield_rev.geojson,Bakersfield,F4F_Front_Setback,50,35
Franklin_Bakersfield_rev.geojson,Bakersfield,F4F_Side_Setback,10,5
Franklin_Bakersfield_rev.geojson,Bakersfield,F4F_Rear_Setback,10,5
Franklin_Bakersfield_rev.geojson,Bakersfield,ADU_Min_Lot_Size,1,0.25
Franklin_Bakersfield_rev.geojson,Bakersfield,F1F_Frontage,125,60
Franklin_Bakersfield_rev.geojson,Bakersfield,F2F_Frontage,125,60
Franklin_Bakersfield_rev.geojson,Bakersfield,F3F_Frontage,125,60
Franklin_Bakersfield_rev.geojson,Bakersfield,F4F_Frontage,125,60
Franklin_Bakersfield_rev.geojson,Bakersfield,District_Name,High Density Residential,Village Center
Franklin_Bakersfield_rev.geojson,Bakersfield,Abbreviated_District_Name,RL,VC
Franklin_Bakersfield_rev.geojson,Bakersfield,F1F_Min_Lot,10,0.25
Franklin_Bakersfield_rev.geojson,Bakersfield,F1F_Front_Setback,50,35
Franklin_Bakersfield_rev.geojson,Bakersfield,F1F_Side_Setback,30,5
Franklin_Bakersfield_rev.geojson,Bakersfield,F1F_Rear_Setback,30,5
Franklin_Bakersfield_rev.geojson,Bakersfield,F2F_Min_Lot_Size,10,0.25
Franklin_Bakersfield_rev.geojson,Bakersfield,F2F_Front_Setback,50,35
Franklin_Bakersfield_rev.geojson,Bakersfield,F2F_Side_Setback,30,5
Franklin_Bakersfield_rev.geojson,Bakersfield,F2F_Rear_Setback,30,5
Franklin_Bakersfield_rev.geojson,Bakersfield,ADU_Min_Lot_Size,10,0.25
Franklin_Bakersfield_rev.geojson,Bakersfield,F1F_Frontage,275,60
Franklin_Bakersfield_rev.geojson,Bakersfield,F2F_Frontage,275,60
Franklin_Bakersfield_rev.geojson,Bakersfield,PUD_Requires_Land_Conservation,t,f
Franklin_Bakersfield_rev.geojson,Bakersfield,F3F_Allowance,Prohibited,Public Hearing
Franklin_Bakersfield_rev.geojson,Bakersfield,F4F_Allowance,Prohibited,Public Hearing
Franklin_Bakersfield_rev.geojson,Bakersfield,District_Name,Rural,Village Center
Franklin_Fletcher_rev.geojson,Fletcher,Abbreviated_District_Name,CON,VLG
Franklin_Fletcher_rev.geojson,Fletcher,District_Type,Primarily Residential,Mixed with Residential
Franklin_Fletcher_rev.geojson,Fletcher,F1F_Min_Lot,2,1
Franklin_Fletcher_rev.geojson,Fletcher,F1F_Front_Setback,50,25
Franklin_Fletcher_rev.geojson,Fletcher,F1F_Side_Setback,50,25
Franklin_Fletcher_rev.geojson,Fletcher,F1F_Rear_Setback,50,25
Franklin_Fletcher_rev.geojson,Fletcher,PRD_Allowance,Prohibited,Public Hearing
Franklin_Fletcher_rev.geojson,Fletcher,PRD_Mobile_or_Manufactured_Home_Park,No,Yes
Franklin_Fletcher_rev.geojson,Fletcher,F2F_Allowance,Prohibited,Allowed/Conditional
Franklin_Fletcher_rev.geojson,Fletcher,F3F_Allowance,Prohibited,Public Hearing
Franklin_Fletcher_rev.geojson,Fletcher,F4F_Allowance,Prohibited,Public Hearing
Franklin_Fletcher_rev.geojson,Fletcher,District_Name,Conservation,Village
Franklin_Fletcher_rev.geojson,Fletcher,Abbreviated_District_Name,FHO,VLG
Franklin_Fletcher_rev.geojson,Fletcher,Overlay_District,Yes,No
Franklin_Fletcher_rev.geojson,Fletcher,District_Type,Nonresidential,Mixed with Residential
Franklin_Fletcher_rev.geojson,Fletcher,ADU_Allowance,Prohibited,Allowed/Conditional
Franklin_Fletcher_rev.geojson,Fletcher,ADU_Owner_Occupancy_Required,No,Yes
Franklin_Fletcher_rev.geojson,Fletcher,PRD_Allowance,Prohibited,Public Hearing
Franklin_Fletcher_rev.geojson,Fletcher,PRD_Mobile_or_Manufactured_Home_Park,No,Yes
Franklin_Fletcher_rev.geojson,Fletcher,F1F_Allowance,Prohibited,Allowed/Conditional
Franklin_Fletcher_rev.geojson,Fletcher,F2F_Allowance,Prohibited,Allowed/Conditional
Franklin_Fletcher_rev.geojson,Fletcher,F3F_Allowance,Prohibited,Public Hearing
Franklin_Fletcher_rev.geojson,Fletcher,F4F_Allowance,Prohibited,Public Hearing
Franklin_Fletcher_rev.geojson,Fletcher,District_Name,Flood Hazard Overlay,Village
Franklin_Fletcher_rev.geojson,Fletcher,Abbreviated_District_Name,FOR,VLG
Franklin_Fletcher_rev.geojson,Fletcher,District_Type,Nonresidential,Mixed with Residential
Franklin_Fletcher_rev.geojson,Fletcher,ADU_Allowance,Prohibited,Allowed/Conditional
Franklin_Fletcher_rev.geojson,Fletcher,ADU_Owner_Occupancy_Required,No,Yes
Franklin_Fletcher_rev.geojson,Fletcher,PRD_Allowance,Prohibited,Public Hearing
Franklin_Fletcher_rev.geojson,Fletcher,PRD_Mobile_or_Manufactured_Home_Park,No,Yes
Franklin_Fletcher_rev.geojson,Fletcher,PUD_Allowance,f,t
Franklin_Fletcher_rev.geojson,Fletcher,F1F_Allowance,Prohibited,Allowed/Conditional
Franklin_Fletcher_rev.geojson,Fletcher,F2F_Allowance,Prohibited,Allowed/Conditional
Franklin_Fletcher_rev.geojson,Fletcher,F3F_Allowance,Prohibited,Public Hearing
Franklin_Fletcher_rev.geojson,Fletcher,F4F_Allowance,Prohibited,Public Hearing
Franklin_Fletcher_rev.geojson,Fletcher,District_Name,Forest,Village
Franklin_Fletcher_rev.geojson,Fletcher,Abbreviated_District_Name,RUR,VLG
Franklin_Fletcher_rev.geojson,Fletcher,F1F_Min_Lot,2,1
Franklin_Fletcher_rev.geojson,Fletcher,F2F_Min_Lot_Size,4,2
Franklin_Fletcher_rev.geojson,Fletcher,F2F_Max_Density,0.5,1
Franklin_Fletcher_rev.geojson,Fletcher,PRD_Allowance,Prohibited,Public Hearing
Franklin_Fletcher_rev.geojson,Fletcher,PRD_Mobile_or_Manufactured_Home_Park,No,Yes
Franklin_Fletcher_rev.geojson,Fletcher,F1F_Frontage,125,100
Franklin_Fletcher_rev.geojson,Fletcher,F2F_Frontage,125,100
Franklin_Fletcher_rev.geojson,Fletcher,PUD_Allowance,f,t
Franklin_Fletcher_rev.geojson,Fletcher,F3F_Allowance,Prohibited,Public Hearing
Franklin_Fletcher_rev.geojson,Fletcher,F4F_Allowance,Prohibited,Public Hearing
Franklin_Fletcher_rev.geojson,Fletcher,District_Name,Rural Residential/Agricultural,Village
Franklin_Fletcher_rev.geojson,Fletcher,Abbreviated_District_Name,SHR,VLG
Franklin_Fletcher_rev.geojson,Fletcher,F1F_Min_Lot,2,1
Franklin_Fletcher_rev.geojson,Fletcher,PRD_Allowance,Prohibited,Public Hearing
Franklin_Fletcher_rev.geojson,Fletcher,PRD_Mobile_or_Manufactured_Home_Park,No,Yes
Franklin_Fletcher_rev.geojson,Fletcher,F1F_Frontage,125,100
Franklin_Fletcher_rev.geojson,Fletcher,F1F_Allowance,Public Hearing,Allowed/Conditional
Franklin_Fletcher_rev.geojson,Fletcher,F2F_Allowance,Prohibited,Allowed/Conditional
Franklin_Fletcher_rev.geojson,Fletcher,F3F_Allowance,Prohibited,Public Hearing
Franklin_Fletcher_rev.geojson,Fletcher,F4F_Allowance,Prohibited,Public Hearing
Franklin_Fletcher_rev.geojson,Fletcher,District_Name,Shoreland-Recreation,Village
Franklin_Georgia_rev.geojson,Georgia,Abbreviated_District_Name,AR-1,SV
Franklin_Georgia_rev.geojson,Georgia,F1F_Min_Lot,5,0.07000000000000001
Franklin_Georgia_rev.geojson,Georgia,F1F_Front_Setback,75,8
Franklin_Georgia_rev.geojson,Georgia,F1F_Rear_Setback,40,10
Franklin_Georgia_rev.geojson,Georgia,F1F_Max_Height,35,50
Franklin_Georgia_rev.geojson,Georgia,F2F_Min_Lot_Size,10,0.07000000000000001
Franklin_Georgia_rev.geojson,Georgia,F2F_Front_Setback,75,8
Franklin_Georgia_rev.geojson,Georgia,F2F_Rear_Setback,40,10
Franklin_Georgia_rev.geojson,Georgia,F2F_Max_Height,35,50
Franklin_Georgia_rev.geojson,Georgia,F3F_Min_Lot_Size,5,0.07000000000000001
Franklin_Georgia_rev.geojson,Georgia,F3F_Front_Setback,75,8
Franklin_Georgia_rev.geojson,Georgia,F3F_Rear_Setback,40,10
Franklin_Georgia_rev.geojson,Georgia,F3F_Min_Parking_Spaces_per_1BR,1,2
Franklin_Georgia_rev.geojson,Georgia,F3F_Min_Parking_Spaces_per_mult_BR,1,2
Franklin_Georgia_rev.geojson,Georgia,F3F_Max_Height,35,50
Franklin_Georgia_rev.geojson,Georgia,F4F_Elderly_Housing_Only,Yes,No
Franklin_Georgia_rev.geojson,Georgia,F4F_Min_Lot_Size,5,0.07000000000000001
Franklin_Georgia_rev.geojson,Georgia,F4F_Front_Setback,75,8
Franklin_Georgia_rev.geojson,Georgia,F4F_Rear_Setback,40,10
Franklin_Georgia_rev.geojson,Georgia,F4F_Min_Parking_Spaces_per_1BR,1,2
Franklin_Georgia_rev.geojson,Georgia,F4F_Min_Parking_Spaces_per_mult_BR,1,2
Franklin_Georgia_rev.geojson,Georgia,F4F_Max_Height,35,50
Franklin_Georgia_rev.geojson,Georgia,Notes,"5 acres required for senior housing up to 4 units. 0.5 additional acre required for each additional senior housing unit over 4.
Only 1 parking space required per unit for senior housing.","Minimum building height is 2-3 stories. Buildings cannot exceed a 20,000 sq.ft footprint.
1- to 4-unit residential is only permitted on the second story of a mixed-use structure. 5+ unit residential requires public hearing, except for senior housing which is permitted as-of-right.
1 parking space required per unit for senior housing."
Franklin_Georgia_rev.geojson,Georgia,F1F_Frontage,250,30
Franklin_Georgia_rev.geojson,Georgia,F2F_Frontage,250,30
Franklin_Georgia_rev.geojson,Georgia,F3F_Frontage,250,30
Franklin_Georgia_rev.geojson,Georgia,F4F_Frontage,250,30
Franklin_Georgia_rev.geojson,Georgia,PUD_Allowance,t,f
Franklin_Georgia_rev.geojson,Georgia,F3F_Allowance,Public Hearing,Allowed/Conditional
Franklin_Georgia_rev.geojson,Georgia,F4F_Allowance,Public Hearing,Allowed/Conditional
Franklin_Georgia_rev.geojson,Georgia,District_Name,Agricultural/Rural Residential,South Village
Franklin_Georgia_rev.geojson,Georgia,LAST_UPDATE,2024-03-01,2024-02-29
Franklin_Georgia_rev.geojson,Georgia,Abbreviated_District_Name,AR-2,SV
Franklin_Georgia_rev.geojson,Georgia,District_Type,Primarily Residential,Mixed with Residential
Franklin_Georgia_rev.geojson,Georgia,F1F_Min_Lot,2,0.07000000000000001
Franklin_Georgia_rev.geojson,Georgia,F1F_Front_Setback,75,8
Franklin_Georgia_rev.geojson,Georgia,F1F_Rear_Setback,25,10
Franklin_Georgia_rev.geojson,Georgia,F1F_Max_Height,35,50
Franklin_Georgia_rev.geojson,Georgia,F2F_Min_Lot_Size,3,0.07000000000000001
Franklin_Georgia_rev.geojson,Georgia,F2F_Front_Setback,75,8
Franklin_Georgia_rev.geojson,Georgia,F2F_Rear_Setback,25,10
Franklin_Georgia_rev.geojson,Georgia,F2F_Max_Height,35,50
Franklin_Georgia_rev.geojson,Georgia,F3F_Min_Lot_Size,4,0.07000000000000001
Franklin_Georgia_rev.geojson,Georgia,F3F_Front_Setback,75,8
Franklin_Georgia_rev.geojson,Georgia,F3F_Rear_Setback,25,10
Franklin_Georgia_rev.geojson,Georgia,F3F_Max_Height,35,50
Franklin_Georgia_rev.geojson,Georgia,F4F_Min_Lot_Size,4,0.07000000000000001
Franklin_Georgia_rev.geojson,Georgia,F4F_Front_Setback,75,8
Franklin_Georgia_rev.geojson,Georgia,F4F_Rear_Setback,25,10
Franklin_Georgia_rev.geojson,Georgia,F4F_Max_Height,35,50
Franklin_Georgia_rev.geojson,Georgia,Notes,"4 acres for multi-tenant senior housing up to 4 units and ¼ acre for each additional unit of senior housing.
Only 1 parking space per unit required for senior housing.","Minimum building height is 2-3 stories. Buildings cannot exceed a 20,000 sq.ft footprint.
1- to 4-unit residential is only permitted on the second story of a mixed-use structure. 5+ unit residential requires public hearing, except for senior housing which is permitted as-of-right.
1 parking space required per unit for senior housing."
Franklin_Georgia_rev.geojson,Georgia,F1F_Frontage,150,30
Franklin_Georgia_rev.geojson,Georgia,F2F_Frontage,150,30
Franklin_Georgia_rev.geojson,Georgia,F3F_Frontage,150,30
Franklin_Georgia_rev.geojson,Georgia,F4F_Frontage,150,30
Franklin_Georgia_rev.geojson,Georgia,PUD_Allowance,t,f
Franklin_Georgia_rev.geojson,Georgia,F3F_Allowance,Public Hearing,Allowed/Conditional
Franklin_Georgia_rev.geojson,Georgia,F4F_Allowance,Public Hearing,Allowed/Conditional
Franklin_Georgia_rev.geojson,Georgia,District_Name,Residential Medium Density,South Village
Franklin_Georgia_rev.geojson,Georgia,Abbreviated_District_Name,AR-3,SV
Franklin_Georgia_rev.geojson,Georgia,District_Type,Primarily Residential,Mixed with Residential
Franklin_Georgia_rev.geojson,Georgia,F1F_Min_Lot,1,0.07000000000000001
Franklin_Georgia_rev.geojson,Georgia,F1F_Rear_Setback,20,10
Franklin_Georgia_rev.geojson,Georgia,F1F_Max_Height,35,50
Franklin_Georgia_rev.geojson,Georgia,F2F_Min_Lot_Size,1.5,0.07000000000000001
Franklin_Georgia_rev.geojson,Georgia,F2F_Rear_Setback,20,10
Franklin_Georgia_rev.geojson,Georgia,F2F_Max_Height,35,50
Franklin_Georgia_rev.geojson,Georgia,F3F_Min_Lot_Size,2,0.07000000000000001
Franklin_Georgia_rev.geojson,Georgia,F3F_Rear_Setback,20,10
Franklin_Georgia_rev.geojson,Georgia,F3F_Max_Height,35,50
Franklin_Georgia_rev.geojson,Georgia,F4F_Min_Lot_Size,2,0.07000000000000001
Franklin_Georgia_rev.geojson,Georgia,F4F_Rear_Setback,20,10
Franklin_Georgia_rev.geojson,Georgia,F4F_Max_Height,35,50
Franklin_Georgia_rev.geojson,Georgia,Affordable_Housing_Allowance,Prohibited,Not Mentioned
Franklin_Georgia_rev.geojson,Georgia,Notes,"2 acres required for senior housing up to 4 units. 0.5 additional acre for each additional senior housing unit over 4.
1 parking space required per unit of senior housing.","Minimum building height is 2-3 stories. Buildings cannot exceed a 20,000 sq.ft footprint.
1- to 4-unit residential is only permitted on the second story of a mixed-use structure. 5+ unit residential requires public hearing, except for senior housing which is permitted as-of-right.
1 parking space required per unit for senior housing."
Franklin_Georgia_rev.geojson,Georgia,F1F_Frontage,120,30
Franklin_Georgia_rev.geojson,Georgia,F2F_Frontage,120,30
Franklin_Georgia_rev.geojson,Georgia,F3F_Frontage,120,30
Franklin_Georgia_rev.geojson,Georgia,F4F_Frontage,120,30
Franklin_Georgia_rev.geojson,Georgia,PUD_Allowance,t,f
Franklin_Georgia_rev.geojson,Georgia,District_Name,Residential High Density,South Village
Franklin_Georgia_rev.geojson,Georgia,LAST_UPDATE,2024-03-01,2024-02-29
Franklin_Georgia_rev.geojson,Georgia,Abbreviated_District_Name,B,SV
Franklin_Georgia_rev.geojson,Georgia,F1F_Min_Lot,1,0.07000000000000001
Franklin_Georgia_rev.geojson,Georgia,F1F_Front_Setback,75,8
Franklin_Georgia_rev.geojson,Georgia,F1F_Rear_Setback,20,10
Franklin_Georgia_rev.geojson,Georgia,F1F_Max_Height,35,50
Franklin_Georgia_rev.geojson,Georgia,F2F_Min_Lot_Size,1.5,0.07000000000000001
Franklin_Georgia_rev.geojson,Georgia,F2F_Front_Setback,75,8
Franklin_Georgia_rev.geojson,Georgia,F2F_Rear_Setback,20,10
Franklin_Georgia_rev.geojson,Georgia,F2F_Max_Height,35,50
Franklin_Georgia_rev.geojson,Georgia,F3F_Min_Lot_Size,1,0.07000000000000001
Franklin_Georgia_rev.geojson,Georgia,F3F_Front_Setback,75,8
Franklin_Georgia_rev.geojson,Georgia,F3F_Rear_Setback,20,10
Franklin_Georgia_rev.geojson,Georgia,F3F_Max_Height,35,50
Franklin_Georgia_rev.geojson,Georgia,F4F_Min_Lot_Size,1,0.07000000000000001
Franklin_Georgia_rev.geojson,Georgia,F4F_Front_Setback,75,8
Franklin_Georgia_rev.geojson,Georgia,F4F_Rear_Setback,20,10
Franklin_Georgia_rev.geojson,Georgia,F4F_Max_Height,35,50
Franklin_Georgia_rev.geojson,Georgia,F1F_Frontage,120,30
Franklin_Georgia_rev.geojson,Georgia,F2F_Frontage,120,30
Franklin_Georgia_rev.geojson,Georgia,F3F_Frontage,120,30
Franklin_Georgia_rev.geojson,Georgia,F4F_Frontage,120,30
Franklin_Georgia_rev.geojson,Georgia,PUD_Allowance,t,f
Franklin_Georgia_rev.geojson,Georgia,F3F_Allowance,Public Hearing,Allowed/Conditional
Franklin_Georgia_rev.geojson,Georgia,F4F_Allowance,Public Hearing,Allowed/Conditional
Franklin_Georgia_rev.geojson,Georgia,District_Name,Business,South Village
Franklin_Georgia_rev.geojson,Georgia,LAST_UPDATE,2024-03-01,2024-02-29
Franklin_Georgia_rev.geojson,Georgia,Abbreviated_District_Name,FHO,SV
Franklin_Georgia_rev.geojson,Georgia,Overlay_District,Yes,No
Franklin_Georgia_rev.geojson,Georgia,District_Type,Overlay not Affecting Use,Mixed with Residential
Franklin_Georgia_rev.geojson,Georgia,ADU_Allowance,Not Mentioned,Allowed/Conditional
Franklin_Georgia_rev.geojson,Georgia,ADU_Owner_Occupancy_Required,No,Yes
Franklin_Georgia_rev.geojson,Georgia,F1F_Allowance,Overlay,Allowed/Conditional
Franklin_Georgia_rev.geojson,Georgia,F2F_Allowance,Overlay,Allowed/Conditional
Franklin_Georgia_rev.geojson,Georgia,F3F_Allowance,Overlay,Allowed/Conditional
Franklin_Georgia_rev.geojson,Georgia,F4F_Allowance,Overlay,Allowed/Conditional
Franklin_Georgia_rev.geojson,Georgia,District_Name,Flood Hazard Overlay,South Village
Franklin_Georgia_rev.geojson,Georgia,Abbreviated_District_Name,I-1,SV
Franklin_Georgia_rev.geojson,Georgia,District_Type,Nonresidential,Mixed with Residential
Franklin_Georgia_rev.geojson,Georgia,ADU_Allowance,Prohibited,Allowed/Conditional
Franklin_Georgia_rev.geojson,Georgia,ADU_Owner_Occupancy_Required,No,Yes
Franklin_Georgia_rev.geojson,Georgia,PRD_Allowance,Prohibited,Not Mentioned
Franklin_Georgia_rev.geojson,Georgia,F1F_Allowance,Prohibited,Allowed/Conditional
Franklin_Georgia_rev.geojson,Georgia,F2F_Allowance,Prohibited,Allowed/Conditional
Franklin_Georgia_rev.geojson,Georgia,F3F_Allowance,Prohibited,Allowed/Conditional
Franklin_Georgia_rev.geojson,Georgia,F4F_Allowance,Prohibited,Allowed/Conditional
Franklin_Georgia_rev.geojson,Georgia,District_Name,Industrial,South Village
Franklin_Georgia_rev.geojson,Georgia,Abbreviated_District_Name,I-2,SV
Franklin_Georgia_rev.geojson,Georgia,District_Type,Nonresidential,Mixed with Residential
Franklin_Georgia_rev.geojson,Georgia,ADU_Allowance,Prohibited,Allowed/Conditional
Franklin_Georgia_rev.geojson,Georgia,ADU_Owner_Occupancy_Required,No,Yes
Franklin_Georgia_rev.geojson,Georgia,PRD_Allowance,Prohibited,Not Mentioned
Franklin_Georgia_rev.geojson,Georgia,F1F_Allowance,Prohibited,Allowed/Conditional
Franklin_Georgia_rev.geojson,Georgia,F2F_Allowance,Prohibited,Allowed/Conditional
Franklin_Georgia_rev.geojson,Georgia,F3F_Allowance,Prohibited,Allowed/Conditional
Franklin_Georgia_rev.geojson,Georgia,F4F_Allowance,Prohibited,Allowed/Conditional
Franklin_Georgia_rev.geojson,Georgia,District_Name,Commercial/Light Industrial,South Village
Franklin_Georgia_rev.geojson,Georgia,LAST_UPDATE,2024-03-01,2024-02-29
Franklin_Georgia_rev.geojson,Georgia,Abbreviated_District_Name,L-1,SV
Franklin_Georgia_rev.geojson,Georgia,District_Type,Primarily Residential,Mixed with Residential
Franklin_Georgia_rev.geojson,Georgia,F1F_Min_Lot,1,0.07000000000000001
Franklin_Georgia_rev.geojson,Georgia,F2F_Min_Lot_Size,2,0.07000000000000001
Franklin_Georgia_rev.geojson,Georgia,F1F_Frontage,100,30
Franklin_Georgia_rev.geojson,Georgia,F2F_Frontage,150,30
Franklin_Georgia_rev.geojson,Georgia,F2F_Allowance,Public Hearing,Allowed/Conditional
Franklin_Georgia_rev.geojson,Georgia,F3F_Allowance,Prohibited,Allowed/Conditional
Franklin_Georgia_rev.geojson,Georgia,F4F_Allowance,Prohibited,Allowed/Conditional
Franklin_Georgia_rev.geojson,Georgia,District_Name,Lakeshore,South Village
Franklin_Georgia_rev.geojson,Georgia,LAST_UPDATE,2024-03-01,2024-02-29
Franklin_Georgia_rev.geojson,Georgia,Abbreviated_District_Name,L-2,SV
Franklin_Georgia_rev.geojson,Georgia,District_Type,Primarily Residential,Mixed with Residential
Franklin_Georgia_rev.geojson,Georgia,F1F_Min_Lot,3,0.07000000000000001
Franklin_Georgia_rev.geojson,Georgia,F1F_Front_Setback,75,8
Franklin_Georgia_rev.geojson,Georgia,F1F_Rear_Setback,30,10
Franklin_Georgia_rev.geojson,Georgia,F1F_Max_Height,35,50
Franklin_Georgia_rev.geojson,Georgia,F2F_Min_Lot_Size,4,0.07000000000000001
Franklin_Georgia_rev.geojson,Georgia,F2F_Front_Setback,75,8
Franklin_Georgia_rev.geojson,Georgia,F2F_Rear_Setback,30,10
Franklin_Georgia_rev.geojson,Georgia,F2F_Max_Height,35,50
Franklin_Georgia_rev.geojson,Georgia,F1F_Frontage,200,30
Franklin_Georgia_rev.geojson,Georgia,F2F_Frontage,200,30
Franklin_Georgia_rev.geojson,Georgia,PUD_Allowance,t,f
Franklin_Georgia_rev.geojson,Georgia,F2F_Allowance,Public Hearing,Allowed/Conditional
Franklin_Georgia_rev.geojson,Georgia,F3F_Allowance,Prohibited,Allowed/Conditional
Franklin_Georgia_rev.geojson,Georgia,F4F_Allowance,Prohibited,Allowed/Conditional
Franklin_Georgia_rev.geojson,Georgia,District_Name,Lakeshore Residential/Recreational,South Village
Franklin_Georgia_rev.geojson,Georgia,Abbreviated_District_Name,N-1,SV
Franklin_Georgia_rev.geojson,Georgia,District_Type,Primarily Residential,Mixed with Residential
Franklin_Georgia_rev.geojson,Georgia,F1F_Min_Lot,20,0.07000000000000001
Franklin_Georgia_rev.geojson,Georgia,F1F_Front_Setback,100,8
Franklin_Georgia_rev.geojson,Georgia,F1F_Rear_Setback,50,10
Franklin_Georgia_rev.geojson,Georgia,F1F_Max_Height,35,50
Franklin_Georgia_rev.geojson,Georgia,F1F_Frontage,350,30
Franklin_Georgia_rev.geojson,Georgia,F1F_Allowance,Public Hearing,Allowed/Conditional
Franklin_Georgia_rev.geojson,Georgia,F2F_Allowance,Prohibited,Allowed/Conditional
Franklin_Georgia_rev.geojson,Georgia,F3F_Allowance,Prohibited,Allowed/Conditional
Franklin_Georgia_rev.geojson,Georgia,F4F_Allowance,Prohibited,Allowed/Conditional
Franklin_Georgia_rev.geojson,Georgia,District_Name,Natural Areas,South Village
Franklin_Georgia_rev.geojson,Georgia,Abbreviated_District_Name,R-1,SV
Franklin_Georgia_rev.geojson,Georgia,District_Type,Primarily Residential,Mixed with Residential
Franklin_Georgia_rev.geojson,Georgia,F1F_Min_Lot,20,0.07000000000000001
Franklin_Georgia_rev.geojson,Georgia,F1F_Front_Setback,100,8
Franklin_Georgia_rev.geojson,Georgia,F1F_Rear_Setback,50,10
Franklin_Georgia_rev.geojson,Georgia,F1F_Max_Height,35,50
Franklin_Georgia_rev.geojson,Georgia,F1F_Frontage,350,30
Franklin_Georgia_rev.geojson,Georgia,F2F_Allowance,Prohibited,Allowed/Conditional
Franklin_Georgia_rev.geojson,Georgia,F3F_Allowance,Prohibited,Allowed/Conditional
Franklin_Georgia_rev.geojson,Georgia,F4F_Allowance,Prohibited,Allowed/Conditional
Franklin_Georgia_rev.geojson,Georgia,District_Name,Recreational,South Village
Franklin_Montgomery_rev.geojson,Montgomery,Abbreviated_District_Name,CON1,VIL2
Franklin_Montgomery_rev.geojson,Montgomery,District_Type,Primarily Residential,Mixed with Residential
Franklin_Montgomery_rev.geojson,Montgomery,F1F_Min_Lot,10,0.23
Franklin_Montgomery_rev.geojson,Montgomery,F1F_Front_Setback,50,10
Franklin_Montgomery_rev.geojson,Montgomery,F1F_Side_Setback,50,10
Franklin_Montgomery_rev.geojson,Montgomery,F1F_Rear_Setback,50,20
Franklin_Montgomery_rev.geojson,Montgomery,F1F_Frontage,300,75
Franklin_Montgomery_rev.geojson,Montgomery,F2F_Frontage,300,75
Franklin_Montgomery_rev.geojson,Montgomery,F3F_Frontage,300,75
Franklin_Montgomery_rev.geojson,Montgomery,F4F_Frontage,300,75
Franklin_Montgomery_rev.geojson,Montgomery,F1F_Allowance,Public Hearing,Allowed/Conditional
Franklin_Montgomery_rev.geojson,Montgomery,F2F_Allowance,Prohibited,Allowed/Conditional
Franklin_Montgomery_rev.geojson,Montgomery,F3F_Allowance,Prohibited,Public Hearing
Franklin_Montgomery_rev.geojson,Montgomery,F4F_Allowance,Prohibited,Public Hearing
Franklin_Montgomery_rev.geojson,Montgomery,District_Name,Conservation I,Village II
Franklin_Montgomery_rev.geojson,Montgomery,LAST_UPDATE,2024-02-20,2024-02-21
Franklin_Montgomery_rev.geojson,Montgomery,Abbreviated_District_Name,CON2,VIL2
Franklin_Montgomery_rev.geojson,Montgomery,District_Type,Nonresidential,Mixed with Residential
Franklin_Montgomery_rev.geojson,Montgomery,PRD_Allowance,Prohibited,Not Mentioned
Franklin_Montgomery_rev.geojson,Montgomery,PUD_Allowance,f,t
Franklin_Montgomery_rev.geojson,Montgomery,F1F_Allowance,Prohibited,Allowed/Conditional
Franklin_Montgomery_rev.geojson,Montgomery,F2F_Allowance,Prohibited,Allowed/Conditional
Franklin_Montgomery_rev.geojson,Montgomery,F3F_Allowance,Prohibited,Public Hearing
Franklin_Montgomery_rev.geojson,Montgomery,F4F_Allowance,Prohibited,Public Hearing
Franklin_Montgomery_rev.geojson,Montgomery,District_Name,Conservation II,Village II
Franklin_Montgomery_rev.geojson,Montgomery,LAST_UPDATE,2024-02-20,2024-02-21
Franklin_Montgomery_rev.geojson,Montgomery,Abbreviated_District_Name,RC,VIL2
Franklin_Montgomery_rev.geojson,Montgomery,Overlay_District,Yes,No
Franklin_Montgomery_rev.geojson,Montgomery,District_Type,Nonresidential,Mixed with Residential
Franklin_Montgomery_rev.geojson,Montgomery,ADU_Allowance,Not Mentioned,Allowed/Conditional
Franklin_Montgomery_rev.geojson,Montgomery,F1F_Allowance,Prohibited,Allowed/Conditional
Franklin_Montgomery_rev.geojson,Montgomery,F2F_Allowance,Prohibited,Allowed/Conditional
Franklin_Montgomery_rev.geojson,Montgomery,F3F_Allowance,Prohibited,Public Hearing
Franklin_Montgomery_rev.geojson,Montgomery,F4F_Allowance,Prohibited,Public Hearing
Franklin_Montgomery_rev.geojson,Montgomery,District_Name,River Corridor,Village II
Franklin_Montgomery_rev.geojson,Montgomery,Abbreviated_District_Name,RR,VIL2
Franklin_Montgomery_rev.geojson,Montgomery,F1F_Min_Lot,4,0.23
Franklin_Montgomery_rev.geojson,Montgomery,F1F_Front_Setback,25,10
Franklin_Montgomery_rev.geojson,Montgomery,F1F_Side_Setback,50,10
Franklin_Montgomery_rev.geojson,Montgomery,F1F_Rear_Setback,50,20
Franklin_Montgomery_rev.geojson,Montgomery,F2F_Min_Lot_Size,4,0.23
Franklin_Montgomery_rev.geojson,Montgomery,F2F_Front_Setback,25,10
Franklin_Montgomery_rev.geojson,Montgomery,F2F_Side_Setback,50,10
Franklin_Montgomery_rev.geojson,Montgomery,F2F_Rear_Setback,50,20
Franklin_Montgomery_rev.geojson,Montgomery,F3F_Min_Lot_Size,4,0.23
Franklin_Montgomery_rev.geojson,Montgomery,F3F_Front_Setback,25,10
Franklin_Montgomery_rev.geojson,Montgomery,F3F_Side_Setback,50,20
Franklin_Montgomery_rev.geojson,Montgomery,F3F_Rear_Setback,50,20
Franklin_Montgomery_rev.geojson,Montgomery,F4F_Min_Lot_Size,4,0.23
Franklin_Montgomery_rev.geojson,Montgomery,F4F_Front_Setback,25,10
Franklin_Montgomery_rev.geojson,Montgomery,F4F_Side_Setback,50,20
Franklin_Montgomery_rev.geojson,Montgomery,F4F_Rear_Setback,50,20
Franklin_Montgomery_rev.geojson,Montgomery,F1F_Frontage,300,75
Franklin_Montgomery_rev.geojson,Montgomery,F2F_Frontage,300,75
Franklin_Montgomery_rev.geojson,Montgomery,F3F_Frontage,300,75
Franklin_Montgomery_rev.geojson,Montgomery,F4F_Frontage,300,75
Franklin_Montgomery_rev.geojson,Montgomery,District_Name,Rural Residential,Village II
Franklin_Montgomery_rev.geojson,Montgomery,LAST_UPDATE,2024-02-20,2024-02-21
Franklin_Montgomery_rev.geojson,Montgomery,Abbreviated_District_Name,SHO,VIL2
Franklin_Montgomery_rev.geojson,Montgomery,Overlay_District,Yes,No
Franklin_Montgomery_rev.geojson,Montgomery,District_Type,Overlay not Affecting Use,Mixed with Residential
Franklin_Montgomery_rev.geojson,Montgomery,ADU_Allowance,Not Mentioned,Allowed/Conditional
Franklin_Montgomery_rev.geojson,Montgomery,F1F_Allowance,Overlay,Allowed/Conditional
Franklin_Montgomery_rev.geojson,Montgomery,F2F_Allowance,Overlay,Allowed/Conditional
Franklin_Montgomery_rev.geojson,Montgomery,F3F_Allowance,Overlay,Public Hearing
Franklin_Montgomery_rev.geojson,Montgomery,F4F_Allowance,Overlay,Public Hearing
Franklin_Montgomery_rev.geojson,Montgomery,District_Name,Special Hazard Overlay,Village II
Franklin_Montgomery_rev.geojson,Montgomery,Abbreviated_District_Name,VIL1,VIL2
Franklin_Montgomery_rev.geojson,Montgomery,F3F_Side_Setback,10,20
Franklin_Montgomery_rev.geojson,Montgomery,F4F_Side_Setback,10,20
Franklin_Montgomery_rev.geojson,Montgomery,District_Name,Village I,Village II
Franklin_Richford_rev.geojson,Richford,LAST_UPDATE,2024-02-21,2024-02-20
Franklin_Richford_rev.geojson,Richford,Abbreviated_District_Name,AGR,WSP
Franklin_Richford_rev.geojson,Richford,District_Type,Mixed with Residential,Nonresidential
Franklin_Richford_rev.geojson,Richford,ADU_Allowance,Allowed/Conditional,Not Mentioned
Franklin_Richford_rev.geojson,Richford,ADU_Owner_Occupancy_Required,Yes,No
Franklin_Richford_rev.geojson,Richford,PRD_Allowance,Public Hearing,Not Mentioned
Franklin_Richford_rev.geojson,Richford,PRD_Mobile_or_Manufactured_Home_Park,Yes,No
Franklin_Richford_rev.geojson,Richford,F1F_Allowance,Allowed/Conditional,Prohibited
Franklin_Richford_rev.geojson,Richford,F2F_Allowance,Allowed/Conditional,Prohibited
Franklin_Richford_rev.geojson,Richford,F3F_Allowance,Public Hearing,Prohibited
Franklin_Richford_rev.geojson,Richford,F4F_Allowance,Public Hearing,Prohibited
Franklin_Richford_rev.geojson,Richford,District_Name,Agricultural,Water Supply Protection
Franklin_Richford_rev.geojson,Richford,Abbreviated_District_Name,CI,WSP
Franklin_Richford_rev.geojson,Richford,District_Name,Commercial/Industrial,Water Supply Protection
Franklin_Richford_rev.geojson,Richford,Abbreviated_District_Name,ED,WSP
Franklin_Richford_rev.geojson,Richford,District_Name,Education,Water Supply Protection
Franklin_Richford_rev.geojson,Richford,LAST_UPDATE,2024-02-21,2024-02-20
Franklin_Richford_rev.geojson,Richford,Abbreviated_District_Name,FC,WSP
Franklin_Richford_rev.geojson,Richford,District_Type,Primarily Residential,Nonresidential
Franklin_Richford_rev.geojson,Richford,ADU_Allowance,Allowed/Conditional,Not Mentioned
Franklin_Richford_rev.geojson,Richford,ADU_Owner_Occupancy_Required,Yes,No
Franklin_Richford_rev.geojson,Richford,F1F_Allowance,Public Hearing,Prohibited
Franklin_Richford_rev.geojson,Richford,F2F_Allowance,Public Hearing,Prohibited
Franklin_Richford_rev.geojson,Richford,District_Name,Forest/Conservation,Water Supply Protection
Franklin_Richford_rev.geojson,Richford,Abbreviated_District_Name,FHO,WSP
Franklin_Richford_rev.geojson,Richford,Overlay_District,Yes,No
Franklin_Richford_rev.geojson,Richford,ADU_Allowance,Prohibited,Not Mentioned
Franklin_Richford_rev.geojson,Richford,PRD_Allowance,Prohibited,Not Mentioned
Franklin_Richford_rev.geojson,Richford,Notes,New residential structures prohibited. Substantial improvements to existing structures must go through Flood Hazard Area Development Review.,The only allowed uses are Seasonal Residential and Natural Resource Extraction.
Franklin_Richford_rev.geojson,Richford,District_Name,Flood Hazard Overlay,Water Supply Protection
Franklin_Richford_rev.geojson,Richford,LAST_UPDATE,2024-02-21,2024-02-20
Franklin_Richford_rev.geojson,Richford,Abbreviated_District_Name,MU,WSP
Franklin_Richford_rev.geojson,Richford,District_Type,Mixed with Residential,Nonresidential
Franklin_Richford_rev.geojson,Richford,ADU_Allowance,Allowed/Conditional,Not Mentioned
Franklin_Richford_rev.geojson,Richford,ADU_Owner_Occupancy_Required,Yes,No
Franklin_Richford_rev.geojson,Richford,F1F_Allowance,Allowed/Conditional,Prohibited
Franklin_Richford_rev.geojson,Richford,F2F_Allowance,Public Hearing,Prohibited
Franklin_Richford_rev.geojson,Richford,F3F_Allowance,Public Hearing,Prohibited
Franklin_Richford_rev.geojson,Richford,F4F_Allowance,Public Hearing,Prohibited
Franklin_Richford_rev.geojson,Richford,District_Name,Mixed Use,Water Supply Protection
Franklin_Richford_rev.geojson,Richford,Abbreviated_District_Name,RC,WSP
Franklin_Richford_rev.geojson,Richford,District_Name,Recreation/Conservation,Water Supply Protection
Franklin_Richford_rev.geojson,Richford,LAST_UPDATE,2024-02-21,2024-02-20
Franklin_Richford_rev.geojson,Richford,Abbreviated_District_Name,RR,WSP
Franklin_Richford_rev.geojson,Richford,District_Type,Primarily Residential,Nonresidential
Franklin_Richford_rev.geojson,Richford,ADU_Allowance,Allowed/Conditional,Not Mentioned
Franklin_Richford_rev.geojson,Richford,ADU_Owner_Occupancy_Required,Yes,No
Franklin_Richford_rev.geojson,Richford,PRD_Allowance,Public Hearing,Not Mentioned
Franklin_Richford_rev.geojson,Richford,PRD_Mobile_or_Manufactured_Home_Park,Yes,No
Franklin_Richford_rev.geojson,Richford,F1F_Allowance,Allowed/Conditional,Prohibited
Franklin_Richford_rev.geojson,Richford,F2F_Allowance,Allowed/Conditional,Prohibited
Franklin_Richford_rev.geojson,Richford,F3F_Allowance,Public Hearing,Prohibited
Franklin_Richford_rev.geojson,Richford,F4F_Allowance,Public Hearing,Prohibited
Franklin_Richford_rev.geojson,Richford,District_Name,Rural Residential,Water Supply Protection
Franklin_Richford_rev.geojson,Richford,Abbreviated_District_Name,VR,WSP
Franklin_Richford_rev.geojson,Richford,District_Type,Primarily Residential,Nonresidential
Franklin_Richford_rev.geojson,Richford,ADU_Allowance,Allowed/Conditional,Not Mentioned
Franklin_Richford_rev.geojson,Richford,ADU_Owner_Occupancy_Required,Yes,No
Franklin_Richford_rev.geojson,Richford,F1F_Allowance,Allowed/Conditional,Prohibited
Franklin_Richford_rev.geojson,Richford,F2F_Allowance,Allowed/Conditional,Prohibited
Franklin_Richford_rev.geojson,Richford,F3F_Allowance,Allowed/Conditional,Prohibited
Franklin_Richford_rev.geojson,Richford,F4F_Allowance,Allowed/Conditional,Prohibited
Franklin_Richford_rev.geojson,Richford,District_Name,Village Residential,Water Supply Protection
Franklin_SaintAlbansCity_rev.geojson,Saint Albans City,Abbreviated_District_Name,B1,S-IND
Franklin_SaintAlbansCity_rev.geojson,Saint Albans City,District_Type,Mixed with Residential,Nonresidential
Franklin_SaintAlbansCity_rev.geojson,Saint Albans City,F1F_Allowance,Allowed/Conditional,Prohibited
Franklin_SaintAlbansCity_rev.geojson,Saint Albans City,F2F_Allowance,Allowed/Conditional,Prohibited
Franklin_SaintAlbansCity_rev.geojson,Saint Albans City,F3F_Allowance,Allowed/Conditional,Prohibited
Franklin_SaintAlbansCity_rev.geojson,Saint Albans City,F4F_Allowance,Allowed/Conditional,Prohibited
Franklin_SaintAlbansCity_rev.geojson,Saint Albans City,District_Name,Central Business,Service-Industrial
Franklin_SaintAlbansCity_rev.geojson,Saint Albans City,Abbreviated_District_Name,B2,S-IND
Franklin_SaintAlbansCity_rev.geojson,Saint Albans City,District_Type,Mixed with Residential,Nonresidential
Franklin_SaintAlbansCity_rev.geojson,Saint Albans City,F1F_Allowance,Public Hearing,Prohibited
Franklin_SaintAlbansCity_rev.geojson,Saint Albans City,F2F_Allowance,Public Hearing,Prohibited
Franklin_SaintAlbansCity_rev.geojson,Saint Albans City,F3F_Allowance,Allowed/Conditional,Prohibited
Franklin_SaintAlbansCity_rev.geojson,Saint Albans City,F4F_Allowance,Allowed/Conditional,Prohibited
Franklin_SaintAlbansCity_rev.geojson,Saint Albans City,District_Name,Traditional Business,Service-Industrial
Franklin_SaintAlbansCity_rev.geojson,Saint Albans City,Abbreviated_District_Name,BNT,S-IND
Franklin_SaintAlbansCity_rev.geojson,Saint Albans City,District_Type,Primarily Residential,Nonresidential
Franklin_SaintAlbansCity_rev.geojson,Saint Albans City,F1F_Allowance,Allowed/Conditional,Prohibited
Franklin_SaintAlbansCity_rev.geojson,Saint Albans City,F2F_Allowance,Public Hearing,Prohibited
Franklin_SaintAlbansCity_rev.geojson,Saint Albans City,F3F_Allowance,Allowed/Conditional,Prohibited
Franklin_SaintAlbansCity_rev.geojson,Saint Albans City,F4F_Allowance,Allowed/Conditional,Prohibited
Franklin_SaintAlbansCity_rev.geojson,Saint Albans City,District_Name,Business-Neighborhood Transition,Service-Industrial
Franklin_SaintAlbansCity_rev.geojson,Saint Albans City,LAST_UPDATE,2024-03-01,2024-02-25
Franklin_SaintAlbansCity_rev.geojson,Saint Albans City,Abbreviated_District_Name,FHOD,S-IND
Franklin_SaintAlbansCity_rev.geojson,Saint Albans City,Bylaw_Date,2024-02-27,2024-02-20
Franklin_SaintAlbansCity_rev.geojson,Saint Albans City,Overlay_District,Yes,No
Franklin_SaintAlbansCity_rev.geojson,Saint Albans City,ADU_Allowance,Public Hearing,Allowed/Conditional
Franklin_SaintAlbansCity_rev.geojson,Saint Albans City,PRD_Allowance,Prohibited,Not Mentioned
Franklin_SaintAlbansCity_rev.geojson,Saint Albans City,District_Name,Flood Hazard Overlay,Service-Industrial
Franklin_SaintAlbansCity_rev.geojson,Saint Albans City,Abbreviated_District_Name,HDR,S-IND
Franklin_SaintAlbansCity_rev.geojson,Saint Albans City,District_Type,Primarily Residential,Nonresidential
Franklin_SaintAlbansCity_rev.geojson,Saint Albans City,F1F_Allowance,Allowed/Conditional,Prohibited
Franklin_SaintAlbansCity_rev.geojson,Saint Albans City,F2F_Allowance,Public Hearing,Prohibited
Franklin_SaintAlbansCity_rev.geojson,Saint Albans City,F3F_Allowance,Allowed/Conditional,Prohibited
Franklin_SaintAlbansCity_rev.geojson,Saint Albans City,F4F_Allowance,Allowed/Conditional,Prohibited
Franklin_SaintAlbansCity_rev.geojson,Saint Albans City,District_Name,Residential 7500,Service-Industrial
Franklin_SaintAlbansCity_rev.geojson,Saint Albans City,Abbreviated_District_Name,LDR,S-IND
Franklin_SaintAlbansCity_rev.geojson,Saint Albans City,District_Type,Primarily Residential,Nonresidential
Franklin_SaintAlbansCity_rev.geojson,Saint Albans City,F1F_Allowance,Allowed/Conditional,Prohibited
Franklin_SaintAlbansCity_rev.geojson,Saint Albans City,F2F_Allowance,Public Hearing,Prohibited
Franklin_SaintAlbansCity_rev.geojson,Saint Albans City,F3F_Allowance,Allowed/Conditional,Prohibited
Franklin_SaintAlbansCity_rev.geojson,Saint Albans City,F4F_Allowance,Allowed/Conditional,Prohibited
Franklin_SaintAlbansCity_rev.geojson,Saint Albans City,District_Name,Residential 9500,Service-Industrial
Franklin_SaintAlbansCity_rev.geojson,Saint Albans City,Abbreviated_District_Name,MDOD,S-IND
Franklin_SaintAlbansCity_rev.geojson,Saint Albans City,Bylaw_Date,2024-02-25,2024-02-20
Franklin_SaintAlbansCity_rev.geojson,Saint Albans City,Overlay_District,Yes,No
Franklin_SaintAlbansCity_rev.geojson,Saint Albans City,District_Type,Primarily Residential,Nonresidential
Franklin_SaintAlbansCity_rev.geojson,Saint Albans City,ADU_Allowance,Not Mentioned,Allowed/Conditional
Franklin_SaintAlbansCity_rev.geojson,Saint Albans City,ADU_Owner_Occupancy_Required,No,Yes
Franklin_SaintAlbansCity_rev.geojson,Saint Albans City,F1F_Allowance,Overlay,Prohibited
Franklin_SaintAlbansCity_rev.geojson,Saint Albans City,F2F_Allowance,Overlay,Prohibited
Franklin_SaintAlbansCity_rev.geojson,Saint Albans City,F3F_Allowance,Overlay,Prohibited
Franklin_SaintAlbansCity_rev.geojson,Saint Albans City,F4F_Allowance,Overlay,Prohibited
Franklin_SaintAlbansCity_rev.geojson,Saint Albans City,District_Name,Multi-Dwelling Overlay,Service-Industrial
Franklin_SaintAlbansCity_rev.geojson,Saint Albans City,Abbreviated_District_Name,MI,S-IND
Franklin_SaintAlbansCity_rev.geojson,Saint Albans City,District_Name,Medical Institution,Service-Industrial
Franklin_SaintAlbansCity_rev.geojson,Saint Albans City,Abbreviated_District_Name,RP,S-IND
Franklin_SaintAlbansCity_rev.geojson,Saint Albans City,Bylaw_Date,2024-02-24,2024-02-20
Franklin_SaintAlbansCity_rev.geojson,Saint Albans City,District_Type,Mixed with Residential,Nonresidential
Franklin_SaintAlbansCity_rev.geojson,Saint Albans City,Affordable_Housing_District,Yes,No
Franklin_SaintAlbansCity_rev.geojson,Saint Albans City,F1F_Allowance,Allowed/Conditional,Prohibited
Franklin_SaintAlbansCity_rev.geojson,Saint Albans City,F2F_Allowance,Public Hearing,Prohibited
Franklin_SaintAlbansCity_rev.geojson,Saint Albans City,F3F_Allowance,Allowed/Conditional,Prohibited
Franklin_SaintAlbansCity_rev.geojson,Saint Albans City,F4F_Allowance,Allowed/Conditional,Prohibited
Franklin_SaintAlbansCity_rev.geojson,Saint Albans City,District_Name,Residential-Professional,Service-Industrial
Franklin_SaintAlbansTown_rev.geojson,Saint Albans Town,Abbreviated_District_Name,BAY,RES
Franklin_SaintAlbansTown_rev.geojson,Saint Albans Town,Overlay_District,Yes,No
Franklin_SaintAlbansTown_rev.geojson,Saint Albans Town,District_Type,Mixed with Residential,Primarily Residential
Franklin_SaintAlbansTown_rev.geojson,Saint Albans Town,F1F_Side_Setback,10,15
Franklin_SaintAlbansTown_rev.geojson,Saint Albans Town,F1F_Rear_Setback,10,15
Franklin_SaintAlbansTown_rev.geojson,Saint Albans Town,F1F_Max_Height,35,40
Franklin_SaintAlbansTown_rev.geojson,Saint Albans Town,F2F_Side_Setback,10,15
Franklin_SaintAlbansTown_rev.geojson,Saint Albans Town,F2F_Rear_Setback,10,15
Franklin_SaintAlbansTown_rev.geojson,Saint Albans Town,F2F_Max_Height,36,40
Franklin_SaintAlbansTown_rev.geojson,Saint Albans Town,F3F_Side_Setback,10,15
Franklin_SaintAlbansTown_rev.geojson,Saint Albans Town,F3F_Rear_Setback,10,15
Franklin_SaintAlbansTown_rev.geojson,Saint Albans Town,F3F_Max_Height,36,40
Franklin_SaintAlbansTown_rev.geojson,Saint Albans Town,F4F_Side_Setback,10,15
Franklin_SaintAlbansTown_rev.geojson,Saint Albans Town,F4F_Rear_Setback,10,15
Franklin_SaintAlbansTown_rev.geojson,Saint Albans Town,F4F_Max_Height,36,40
Franklin_SaintAlbansTown_rev.geojson,Saint Albans Town,F1F_Frontage,100,60
Franklin_SaintAlbansTown_rev.geojson,Saint Albans Town,F2F_Frontage,100,60
Franklin_SaintAlbansTown_rev.geojson,Saint Albans Town,F3F_Frontage,100,60
Franklin_SaintAlbansTown_rev.geojson,Saint Albans Town,F4F_Frontage,100,60
Franklin_SaintAlbansTown_rev.geojson,Saint Albans Town,District_Name,St. Albans Bay Overlay,Residential
Franklin_SaintAlbansTown_rev.geojson,Saint Albans Town,Abbreviated_District_Name,CF,RES
Franklin_SaintAlbansTown_rev.geojson,Saint Albans Town,Overlay_District,Yes,No
Franklin_SaintAlbansTown_rev.geojson,Saint Albans Town,District_Type,Nonresidential,Primarily Residential
Franklin_SaintAlbansTown_rev.geojson,Saint Albans Town,ADU_Allowance,Prohibited,Allowed/Conditional
Franklin_SaintAlbansTown_rev.geojson,Saint Albans Town,ADU_Owner_Occupancy_Required,No,Yes
Franklin_SaintAlbansTown_rev.geojson,Saint Albans Town,F1F_Allowance,Prohibited,Allowed/Conditional
Franklin_SaintAlbansTown_rev.geojson,Saint Albans Town,F2F_Allowance,Prohibited,Allowed/Conditional
Franklin_SaintAlbansTown_rev.geojson,Saint Albans Town,F3F_Allowance,Prohibited,Allowed/Conditional
Franklin_SaintAlbansTown_rev.geojson,Saint Albans Town,F4F_Allowance,Prohibited,Allowed/Conditional
Franklin_SaintAlbansTown_rev.geojson,Saint Albans Town,District_Name,Correctional Facility Overlay,Residential
Franklin_SaintAlbansTown_rev.geojson,Saint Albans Town,LAST_UPDATE,2024-03-13,2024-03-07
Franklin_SaintAlbansTown_rev.geojson,Saint Albans Town,Abbreviated_District_Name,COM,RES
Franklin_SaintAlbansTown_rev.geojson,Saint Albans Town,District_Type,Mixed with Residential,Primarily Residential
Franklin_SaintAlbansTown_rev.geojson,Saint Albans Town,F3F_Min_Lot_Size,0.11,0.2
Franklin_SaintAlbansTown_rev.geojson,Saint Albans Town,F3F_Front_Setback,25,20
Franklin_SaintAlbansTown_rev.geojson,Saint Albans Town,F3F_Side_Setback,20,15
Franklin_SaintAlbansTown_rev.geojson,Saint Albans Town,F3F_Rear_Setback,20,15
Franklin_SaintAlbansTown_rev.geojson,Saint Albans Town,F3F_Max_Lot_Building_Coverage,75,85
Franklin_SaintAlbansTown_rev.geojson,Saint Albans Town,F3F_Max_Stories,4,3
Franklin_SaintAlbansTown_rev.geojson,Saint Albans Town,F3F_Max_Height,60,40
Franklin_SaintAlbansTown_rev.geojson,Saint Albans Town,F4F_Min_Lot_Size,0.11,0.2
Franklin_SaintAlbansTown_rev.geojson,Saint Albans Town,F4F_Front_Setback,25,20
Franklin_SaintAlbansTown_rev.geojson,Saint Albans Town,F4F_Side_Setback,20,15
Franklin_SaintAlbansTown_rev.geojson,Saint Albans Town,F4F_Rear_Setback,20,15
Franklin_SaintAlbansTown_rev.geojson,Saint Albans Town,F4F_Max_Lot_Building_Coverage,75,85
Franklin_SaintAlbansTown_rev.geojson,Saint Albans Town,F4F_Max_Stories,4,3
Franklin_SaintAlbansTown_rev.geojson,Saint Albans Town,F4F_Max_Height,60,40
Franklin_SaintAlbansTown_rev.geojson,Saint Albans Town,ADU_Allowance,Prohibited,Allowed/Conditional
Franklin_SaintAlbansTown_rev.geojson,Saint Albans Town,ADU_Owner_Occupancy_Required,No,Yes
Franklin_SaintAlbansTown_rev.geojson,Saint Albans Town,Notes,Multi-unit residential over 4 units requires public hearing.,Multiunit housing over 4 units requires Public Hearing.
Franklin_SaintAlbansTown_rev.geojson,Saint Albans Town,F1F_Allowance,Prohibited,Allowed/Conditional
Franklin_SaintAlbansTown_rev.geojson,Saint Albans Town,F2F_Allowance,Prohibited,Allowed/Conditional
Franklin_SaintAlbansTown_rev.geojson,Saint Albans Town,District_Name,Commercial,Residential
Franklin_SaintAlbansTown_rev.geojson,Saint Albans Town,Abbreviated_District_Name,CONS,RES
Franklin_SaintAlbansTown_rev.geojson,Saint Albans Town,F1F_Min_Lot,2.75,0.2
Franklin_SaintAlbansTown_rev.geojson,Saint Albans Town,F1F_Front_Setback,30,20
Franklin_SaintAlbansTown_rev.geojson,Saint Albans Town,F1F_Side_Setback,30,15
Franklin_SaintAlbansTown_rev.geojson,Saint Albans Town,F1F_Rear_Setback,30,15
Franklin_SaintAlbansTown_rev.geojson,Saint Albans Town,F1F_Max_Lot_Building_Coverage,10,85
Franklin_SaintAlbansTown_rev.geojson,Saint Albans Town,F1F_Max_Height,36,40
Franklin_SaintAlbansTown_rev.geojson,Saint Albans Town,F2F_Min_Lot_Size,2.75,0.2
Franklin_SaintAlbansTown_rev.geojson,Saint Albans Town,F2F_Front_Setback,30,20
Franklin_SaintAlbansTown_rev.geojson,Saint Albans Town,F2F_Side_Setback,30,15
Franklin_SaintAlbansTown_rev.geojson,Saint Albans Town,F2F_Rear_Setback,30,15
Franklin_SaintAlbansTown_rev.geojson,Saint Albans Town,F2F_Max_Lot_Building_Coverage,10,85
Franklin_SaintAlbansTown_rev.geojson,Saint Albans Town,F2F_Max_Height,36,40
Franklin_SaintAlbansTown_rev.geojson,Saint Albans Town,F3F_Min_Lot_Size,2.75,0.2
Franklin_SaintAlbansTown_rev.geojson,Saint Albans Town,F3F_Front_Setback,30,20
Franklin_SaintAlbansTown_rev.geojson,Saint Albans Town,F3F_Side_Setback,30,15
Franklin_SaintAlbansTown_rev.geojson,Saint Albans Town,F3F_Rear_Setback,30,15
Franklin_SaintAlbansTown_rev.geojson,Saint Albans Town,F3F_Max_Lot_Building_Coverage,10,85
Franklin_SaintAlbansTown_rev.geojson,Saint Albans Town,F3F_Max_Height,36,40
Franklin_SaintAlbansTown_rev.geojson,Saint Albans Town,F4F_Min_Lot_Size,2.75,0.2
Franklin_SaintAlbansTown_rev.geojson,Saint Albans Town,F4F_Front_Setback,30,20
Franklin_SaintAlbansTown_rev.geojson,Saint Albans Town,F4F_Side_Setback,30,15
Franklin_SaintAlbansTown_rev.geojson,Saint Albans Town,F4F_Rear_Setback,30,15
Franklin_SaintAlbansTown_rev.geojson,Saint Albans Town,F4F_Max_Lot_Building_Coverage,10,85
Franklin_SaintAlbansTown_rev.geojson,Saint Albans Town,F4F_Max_Height,36,40
Franklin_SaintAlbansTown_rev.geojson,Saint Albans Town,F1F_Frontage,200,60
Franklin_SaintAlbansTown_rev.geojson,Saint Albans Town,F2F_Frontage,200,60
Franklin_SaintAlbansTown_rev.geojson,Saint Albans Town,F3F_Frontage,200,60
Franklin_SaintAlbansTown_rev.geojson,Saint Albans Town,F4F_Frontage,200,60
Franklin_SaintAlbansTown_rev.geojson,Saint Albans Town,District_Name,Conservation,Residential
Franklin_SaintAlbansTown_rev.geojson,Saint Albans Town,LAST_UPDATE,2024-03-13,2024-03-07
Franklin_SaintAlbansTown_rev.geojson,Saint Albans Town,Abbreviated_District_Name,GC,RES
Franklin_SaintAlbansTown_rev.geojson,Saint Albans Town,Overlay_District,Yes,No
Franklin_SaintAlbansTown_rev.geojson,Saint Albans Town,District_Type,Overlay not Affecting Use,Primarily Residential
Franklin_SaintAlbansTown_rev.geojson,Saint Albans Town,F1F_Side_Setback,10,15
Franklin_SaintAlbansTown_rev.geojson,Saint Albans Town,F1F_Rear_Setback,10,15
Franklin_SaintAlbansTown_rev.geojson,Saint Albans Town,F1F_Max_Stories,4,3
Franklin_SaintAlbansTown_rev.geojson,Saint Albans Town,F1F_Max_Height,60,40
Franklin_SaintAlbansTown_rev.geojson,Saint Albans Town,F2F_Side_Setback,10,15
Franklin_SaintAlbansTown_rev.geojson,Saint Albans Town,F2F_Rear_Setback,10,15
Franklin_SaintAlbansTown_rev.geojson,Saint Albans Town,F2F_Max_Stories,4,3
Franklin_SaintAlbansTown_rev.geojson,Saint Albans Town,F2F_Max_Height,60,40
Franklin_SaintAlbansTown_rev.geojson,Saint Albans Town,F3F_Side_Setback,10,15
Franklin_SaintAlbansTown_rev.geojson,Saint Albans Town,F3F_Rear_Setback,10,15
Franklin_SaintAlbansTown_rev.geojson,Saint Albans Town,F3F_Max_Stories,4,3
Franklin_SaintAlbansTown_rev.geojson,Saint Albans Town,F3F_Max_Height,60,40
Franklin_SaintAlbansTown_rev.geojson,Saint Albans Town,F4F_Side_Setback,10,15
Franklin_SaintAlbansTown_rev.geojson,Saint Albans Town,F4F_Rear_Setback,10,15
Franklin_SaintAlbansTown_rev.geojson,Saint Albans Town,F4F_Max_Stories,4,3
Franklin_SaintAlbansTown_rev.geojson,Saint Albans Town,F4F_Max_Height,60,40
Franklin_SaintAlbansTown_rev.geojson,Saint Albans Town,ADU_Allowance,Not Mentioned,Allowed/Conditional
Franklin_SaintAlbansTown_rev.geojson,Saint Albans Town,ADU_Owner_Occupancy_Required,No,Yes
Franklin_SaintAlbansTown_rev.geojson,Saint Albans Town,F1F_Allowance,Overlay,Allowed/Conditional
Franklin_SaintAlbansTown_rev.geojson,Saint Albans Town,F2F_Allowance,Overlay,Allowed/Conditional
Franklin_SaintAlbansTown_rev.geojson,Saint Albans Town,F3F_Allowance,Overlay,Allowed/Conditional
Franklin_SaintAlbansTown_rev.geojson,Saint Albans Town,F4F_Allowance,Overlay,Allowed/Conditional
Franklin_SaintAlbansTown_rev.geojson,Saint Albans Town,District_Name,Growth Center,Residential
Franklin_SaintAlbansTown_rev.geojson,Saint Albans Town,Abbreviated_District_Name,IND,RES
Franklin_SaintAlbansTown_rev.geojson,Saint Albans Town,District_Type,Nonresidential,Primarily Residential
Franklin_SaintAlbansTown_rev.geojson,Saint Albans Town,ADU_Allowance,Prohibited,Allowed/Conditional
Franklin_SaintAlbansTown_rev.geojson,Saint Albans Town,ADU_Owner_Occupancy_Required,No,Yes
Franklin_SaintAlbansTown_rev.geojson,Saint Albans Town,F1F_Allowance,Prohibited,Allowed/Conditional
Franklin_SaintAlbansTown_rev.geojson,Saint Albans Town,F2F_Allowance,Prohibited,Allowed/Conditional
Franklin_SaintAlbansTown_rev.geojson,Saint Albans Town,F3F_Allowance,Prohibited,Allowed/Conditional
Franklin_SaintAlbansTown_rev.geojson,Saint Albans Town,F4F_Allowance,Prohibited,Allowed/Conditional
Franklin_SaintAlbansTown_rev.geojson,Saint Albans Town,District_Name,Industrial,Residential
Franklin_SaintAlbansTown_rev.geojson,Saint Albans Town,Abbreviated_District_Name,LS,RES
Franklin_SaintAlbansTown_rev.geojson,Saint Albans Town,District_Type,Mixed with Residential,Primarily Residential
Franklin_SaintAlbansTown_rev.geojson,Saint Albans Town,F1F_Front_Setback,25,20
Franklin_SaintAlbansTown_rev.geojson,Saint Albans Town,F1F_Side_Setback,10,15
Franklin_SaintAlbansTown_rev.geojson,Saint Albans Town,F1F_Rear_Setback,10,15
Franklin_SaintAlbansTown_rev.geojson,Saint Albans Town,F1F_Max_Height,36,40
Franklin_SaintAlbansTown_rev.geojson,Saint Albans Town,F2F_Front_Setback,25,20
Franklin_SaintAlbansTown_rev.geojson,Saint Albans Town,F2F_Side_Setback,10,15
Franklin_SaintAlbansTown_rev.geojson,Saint Albans Town,F2F_Rear_Setback,10,15
Franklin_SaintAlbansTown_rev.geojson,Saint Albans Town,F2F_Max_Height,36,40
Franklin_SaintAlbansTown_rev.geojson,Saint Albans Town,F3F_Front_Setback,25,20
Franklin_SaintAlbansTown_rev.geojson,Saint Albans Town,F3F_Side_Setback,10,15
Franklin_SaintAlbansTown_rev.geojson,Saint Albans Town,F3F_Rear_Setback,10,15
Franklin_SaintAlbansTown_rev.geojson,Saint Albans Town,F3F_Max_Height,36,40
Franklin_SaintAlbansTown_rev.geojson,Saint Albans Town,F4F_Front_Setback,25,20
Franklin_SaintAlbansTown_rev.geojson,Saint Albans Town,F4F_Side_Setback,10,15
Franklin_SaintAlbansTown_rev.geojson,Saint Albans Town,F4F_Rear_Setback,10,15
Franklin_SaintAlbansTown_rev.geojson,Saint Albans Town,F4F_Max_Height,36,40
Franklin_SaintAlbansTown_rev.geojson,Saint Albans Town,F1F_Frontage,100,60
Franklin_SaintAlbansTown_rev.geojson,Saint Albans Town,F2F_Frontage,100,60
Franklin_SaintAlbansTown_rev.geojson,Saint Albans Town,F3F_Frontage,100,60
Franklin_SaintAlbansTown_rev.geojson,Saint Albans Town,F4F_Frontage,100,60
Franklin_SaintAlbansTown_rev.geojson,Saint Albans Town,District_Name,Lakeshore,Residential
Franklin_SaintAlbansTown_rev.geojson,Saint Albans Town,Abbreviated_District_Name,R,RES
Franklin_SaintAlbansTown_rev.geojson,Saint Albans Town,F1F_Front_Setback,40,20
Franklin_SaintAlbansTown_rev.geojson,Saint Albans Town,F1F_Side_Setback,25,15
Franklin_SaintAlbansTown_rev.geojson,Saint Albans Town,F1F_Rear_Setback,25,15
Franklin_SaintAlbansTown_rev.geojson,Saint Albans Town,F1F_Max_Height,36,40
Franklin_SaintAlbansTown_rev.geojson,Saint Albans Town,F2F_Front_Setback,40,20
Franklin_SaintAlbansTown_rev.geojson,Saint Albans Town,F2F_Side_Setback,25,15
Franklin_SaintAlbansTown_rev.geojson,Saint Albans Town,F2F_Rear_Setback,25,15
Franklin_SaintAlbansTown_rev.geojson,Saint Albans Town,F2F_Max_Height,36,40
Franklin_SaintAlbansTown_rev.geojson,Saint Albans Town,F3F_Front_Setback,40,20
Franklin_SaintAlbansTown_rev.geojson,Saint Albans Town,F3F_Side_Setback,25,15
Franklin_SaintAlbansTown_rev.geojson,Saint Albans Town,F3F_Rear_Setback,25,15
Franklin_SaintAlbansTown_rev.geojson,Saint Albans Town,F3F_Max_Height,36,40
Franklin_SaintAlbansTown_rev.geojson,Saint Albans Town,F4F_Front_Setback,40,20
Franklin_SaintAlbansTown_rev.geojson,Saint Albans Town,F4F_Side_Setback,25,15
Franklin_SaintAlbansTown_rev.geojson,Saint Albans Town,F4F_Rear_Setback,25,15
Franklin_SaintAlbansTown_rev.geojson,Saint Albans Town,F4F_Max_Height,36,40
Franklin_SaintAlbansTown_rev.geojson,Saint Albans Town,F1F_Frontage,175,60
Franklin_SaintAlbansTown_rev.geojson,Saint Albans Town,F2F_Frontage,200,60
Franklin_SaintAlbansTown_rev.geojson,Saint Albans Town,F3F_Frontage,200,60
Franklin_SaintAlbansTown_rev.geojson,Saint Albans Town,F4F_Frontage,200,60
Franklin_SaintAlbansTown_rev.geojson,Saint Albans Town,District_Name,Rural,Residential
Franklin_SaintAlbansTown_rev.geojson,Saint Albans Town,LAST_UPDATE,2024-03-13,2024-03-07
Franklin_SaintAlbansTown_rev.geojson,Saint Albans Town,Abbreviated_District_Name,R/C,RES
Franklin_SaintAlbansTown_rev.geojson,Saint Albans Town,District_Type,Mixed with Residential,Primarily Residential
Franklin_SaintAlbansTown_rev.geojson,Saint Albans Town,F1F_Min_Lot,0.17,0.2
Franklin_SaintAlbansTown_rev.geojson,Saint Albans Town,F1F_Max_Lot_Building_Coverage,75,85
Franklin_SaintAlbansTown_rev.geojson,Saint Albans Town,F1F_Max_Height,45,40
Franklin_SaintAlbansTown_rev.geojson,Saint Albans Town,F2F_Min_Lot_Size,0.17,0.2
Franklin_SaintAlbansTown_rev.geojson,Saint Albans Town,F2F_Max_Lot_Building_Coverage,75,85
Franklin_SaintAlbansTown_rev.geojson,Saint Albans Town,F2F_Max_Height,45,40
Franklin_SaintAlbansTown_rev.geojson,Saint Albans Town,F3F_Min_Lot_Size,0.17,0.2
Franklin_SaintAlbansTown_rev.geojson,Saint Albans Town,F3F_Max_Lot_Building_Coverage,75,85
Franklin_SaintAlbansTown_rev.geojson,Saint Albans Town,F3F_Max_Height,45,40
Franklin_SaintAlbansTown_rev.geojson,Saint Albans Town,F4F_Max_Lot_Building_Coverage,75,85
Franklin_SaintAlbansTown_rev.geojson,Saint Albans Town,F4F_Max_Height,45,40
Franklin_SaintAlbansTown_rev.geojson,Saint Albans Town,Notes,Multi-unit residential over 4 units requires Public Hearing.,Multiunit housing over 4 units requires Public Hearing.
Franklin_SaintAlbansTown_rev.geojson,Saint Albans Town,District_Name,Mixed Residential/Commercial,Residential
Franklin_Sheldon_rev.geojson,Sheldon,Abbreviated_District_Name,IC,VD
Franklin_Sheldon_rev.geojson,Sheldon,F1F_Min_Lot,2,0.5
Franklin_Sheldon_rev.geojson,Sheldon,F1F_Front_Setback,50,10
Franklin_Sheldon_rev.geojson,Sheldon,F1F_Side_Setback,30,15
Franklin_Sheldon_rev.geojson,Sheldon,F1F_Rear_Setback,30,15
Franklin_Sheldon_rev.geojson,Sheldon,F2F_Min_Lot_Size,2,0.5
Franklin_Sheldon_rev.geojson,Sheldon,F2F_Front_Setback,50,10
Franklin_Sheldon_rev.geojson,Sheldon,F2F_Side_Setback,30,15
Franklin_Sheldon_rev.geojson,Sheldon,F2F_Rear_Setback,30,15
Franklin_Sheldon_rev.geojson,Sheldon,PRD_Allowance,Not Mentioned,Prohibited
Franklin_Sheldon_rev.geojson,Sheldon,F1F_Frontage,200,100
Franklin_Sheldon_rev.geojson,Sheldon,F2F_Frontage,200,100
Franklin_Sheldon_rev.geojson,Sheldon,F3F_Frontage,200,100
Franklin_Sheldon_rev.geojson,Sheldon,F4F_Frontage,200,100
Franklin_Sheldon_rev.geojson,Sheldon,F1F_Allowance,Public Hearing,Allowed/Conditional
Franklin_Sheldon_rev.geojson,Sheldon,F2F_Allowance,Public Hearing,Allowed/Conditional
Franklin_Sheldon_rev.geojson,Sheldon,F3F_Allowance,Prohibited,Public Hearing
Franklin_Sheldon_rev.geojson,Sheldon,F4F_Allowance,Prohibited,Public Hearing
Franklin_Sheldon_rev.geojson,Sheldon,District_Name,Industrial/Commercial,Village District
Franklin_Sheldon_rev.geojson,Sheldon,Abbreviated_District_Name,RL1,VD
Franklin_Sheldon_rev.geojson,Sheldon,District_Type,Primarily Residential,Mixed with Residential
Franklin_Sheldon_rev.geojson,Sheldon,F1F_Min_Lot,1,0.5
Franklin_Sheldon_rev.geojson,Sheldon,F1F_Front_Setback,40,10
Franklin_Sheldon_rev.geojson,Sheldon,F1F_Side_Setback,25,15
Franklin_Sheldon_rev.geojson,Sheldon,F1F_Rear_Setback,25,15
Franklin_Sheldon_rev.geojson,Sheldon,F2F_Min_Lot_Size,1,0.5
Franklin_Sheldon_rev.geojson,Sheldon,F2F_Front_Setback,40,10
Franklin_Sheldon_rev.geojson,Sheldon,F2F_Side_Setback,25,15
Franklin_Sheldon_rev.geojson,Sheldon,F2F_Rear_Setback,25,15
Franklin_Sheldon_rev.geojson,Sheldon,PRD_Allowance,Public Hearing,Prohibited
Franklin_Sheldon_rev.geojson,Sheldon,PRD_Mobile_or_Manufactured_Home_Park,Yes,No
Franklin_Sheldon_rev.geojson,Sheldon,F1F_Frontage,150,100
Franklin_Sheldon_rev.geojson,Sheldon,F2F_Frontage,150,100
Franklin_Sheldon_rev.geojson,Sheldon,F3F_Allowance,Prohibited,Public Hearing
Franklin_Sheldon_rev.geojson,Sheldon,F4F_Allowance,Prohibited,Public Hearing
Franklin_Sheldon_rev.geojson,Sheldon,District_Name,Rural Lands 1,Village District
Franklin_Sheldon_rev.geojson,Sheldon,Abbreviated_District_Name,RL2,VD
Franklin_Sheldon_rev.geojson,Sheldon,District_Type,Primarily Residential,Mixed with Residential
Franklin_Sheldon_rev.geojson,Sheldon,F1F_Min_Lot,10,0.5
Franklin_Sheldon_rev.geojson,Sheldon,F1F_Front_Setback,40,10
Franklin_Sheldon_rev.geojson,Sheldon,F1F_Side_Setback,25,15
Franklin_Sheldon_rev.geojson,Sheldon,F1F_Rear_Setback,25,15
Franklin_Sheldon_rev.geojson,Sheldon,F1F_Frontage,250,100
Franklin_Sheldon_rev.geojson,Sheldon,F1F_Allowance,Public Hearing,Allowed/Conditional
Franklin_Sheldon_rev.geojson,Sheldon,F2F_Allowance,Prohibited,Allowed/Conditional
Franklin_Sheldon_rev.geojson,Sheldon,F3F_Allowance,Prohibited,Public Hearing
Franklin_Sheldon_rev.geojson,Sheldon,F4F_Allowance,Prohibited,Public Hearing
Franklin_Sheldon_rev.geojson,Sheldon,District_Name,Rural Lands 2,Village District
Franklin_Sheldon_rev.geojson,Sheldon,Abbreviated_District_Name,SPO,VD
Franklin_Sheldon_rev.geojson,Sheldon,Overlay_District,Yes,No
Franklin_Sheldon_rev.geojson,Sheldon,District_Type,Nonresidential,Mixed with Residential
Franklin_Sheldon_rev.geojson,Sheldon,Affordable_Housing_Allowance,Prohibited,Not Mentioned
Franklin_Sheldon_rev.geojson,Sheldon,F1F_Allowance,Public Hearing,Allowed/Conditional
Franklin_Sheldon_rev.geojson,Sheldon,F2F_Allowance,Prohibited,Allowed/Conditional
Franklin_Sheldon_rev.geojson,Sheldon,F3F_Allowance,Prohibited,Public Hearing
Franklin_Sheldon_rev.geojson,Sheldon,F4F_Allowance,Prohibited,Public Hearing
Franklin_Sheldon_rev.geojson,Sheldon,District_Name,Source Protection Overlay,Village District
Lamoille_Elmore_rev.geojson,Elmore,LAST_UPDATE,2024-03-05,2024-03-07
Lamoille_Elmore_rev.geojson,Elmore,Abbreviated_District_Name,DSHR,VLG
Lamoille_Elmore_rev.geojson,Elmore,District_Type,Primarily Residential,Mixed with Residential
Lamoille_Elmore_rev.geojson,Elmore,F1F_Min_Lot,1,0.6899999999999999
Lamoille_Elmore_rev.geojson,Elmore,F1F_Front_Setback,20,15
Lamoille_Elmore_rev.geojson,Elmore,F1F_Side_Setback,10,15
Lamoille_Elmore_rev.geojson,Elmore,F1F_Max_Lot_Impervious_Coverage,10,60
Lamoille_Elmore_rev.geojson,Elmore,F1F_Max_Height,30,35
Lamoille_Elmore_rev.geojson,Elmore,Notes,Minimum setback from lake is 100 feet.,Minimum lot size is waived if on community water system.
Lamoille_Elmore_rev.geojson,Elmore,F2F_Allowance,Prohibited,Public Hearing
Lamoille_Elmore_rev.geojson,Elmore,F3F_Allowance,Prohibited,Public Hearing
Lamoille_Elmore_rev.geojson,Elmore,F4F_Allowance,Prohibited,Public Hearing
Lamoille_Elmore_rev.geojson,Elmore,District_Name,Developed Shoreline,Village
Lamoille_Elmore_rev.geojson,Elmore,Abbreviated_District_Name,FLD,VLG
Lamoille_Elmore_rev.geojson,Elmore,Overlay_District,Yes,No
Lamoille_Elmore_rev.geojson,Elmore,District_Type,Overlay not Affecting Use,Mixed with Residential
Lamoille_Elmore_rev.geojson,Elmore,ADU_Allowance,Not Mentioned,Allowed/Conditional
Lamoille_Elmore_rev.geojson,Elmore,PRD_Allowance,Prohibited,Public Hearing
Lamoille_Elmore_rev.geojson,Elmore,F1F_Allowance,Overlay,Allowed/Conditional
Lamoille_Elmore_rev.geojson,Elmore,F2F_Allowance,Overlay,Public Hearing
Lamoille_Elmore_rev.geojson,Elmore,F3F_Allowance,Overlay,Public Hearing
Lamoille_Elmore_rev.geojson,Elmore,F4F_Allowance,Overlay,Public Hearing
Lamoille_Elmore_rev.geojson,Elmore,District_Name,Flood Hazard,Village
Lamoille_Elmore_rev.geojson,Elmore,Abbreviated_District_Name,FR,VLG
Lamoille_Elmore_rev.geojson,Elmore,District_Type,Nonresidential,Mixed with Residential
Lamoille_Elmore_rev.geojson,Elmore,F1F_Min_Lot,7,0.6899999999999999
Lamoille_Elmore_rev.geojson,Elmore,F1F_Front_Setback,25,15
Lamoille_Elmore_rev.geojson,Elmore,F1F_Side_Setback,25,15
Lamoille_Elmore_rev.geojson,Elmore,F1F_Max_Lot_Impervious_Coverage,1.5,60
Lamoille_Elmore_rev.geojson,Elmore,ADU_Allowance,Prohibited,Allowed/Conditional
Lamoille_Elmore_rev.geojson,Elmore,PRD_Allowance,Prohibited,Public Hearing
Lamoille_Elmore_rev.geojson,Elmore,Notes,"SF allowed only below 1,500 feet Mean Sea Level.

Setbacks to be determined by Development Review Board but in no case less than 25 feet.

Minimum Lot Size: (residential): 7 acre per principal use for lots created after January 1, 2000 (see Section 3.5). Minimum Lot Size (residential): 1.5 acre per principal use for lots created prior to January 1, 2000 (see Section 3.5).",Minimum lot size is waived if on community water system.
Lamoille_Elmore_rev.geojson,Elmore,F1F_Allowance,Public Hearing,Allowed/Conditional
Lamoille_Elmore_rev.geojson,Elmore,F2F_Allowance,Prohibited,Public Hearing
Lamoille_Elmore_rev.geojson,Elmore,F3F_Allowance,Prohibited,Public Hearing
Lamoille_Elmore_rev.geojson,Elmore,F4F_Allowance,Prohibited,Public Hearing
Lamoille_Elmore_rev.geojson,Elmore,District_Name,Forest Reserve,Village
Lamoille_Elmore_rev.geojson,Elmore,Abbreviated_District_Name,RAO,VLG
Lamoille_Elmore_rev.geojson,Elmore,Overlay_District,Yes,No
Lamoille_Elmore_rev.geojson,Elmore,District_Type,Overlay not Affecting Use,Mixed with Residential
Lamoille_Elmore_rev.geojson,Elmore,F1F_Min_Lot,5,0.6899999999999999
Lamoille_Elmore_rev.geojson,Elmore,F1F_Max_Lot_Impervious_Coverage,3,60
Lamoille_Elmore_rev.geojson,Elmore,F2F_Min_Lot_Size,5,0.6899999999999999
Lamoille_Elmore_rev.geojson,Elmore,F2F_Max_Lot_Impervious_Coverage,3,60
Lamoille_Elmore_rev.geojson,Elmore,ADU_Allowance,Not Mentioned,Allowed/Conditional
Lamoille_Elmore_rev.geojson,Elmore,PRD_Allowance,Prohibited,Public Hearing
Lamoille_Elmore_rev.geojson,Elmore,Notes,Overlay to large portions of the Rural-East District.,Minimum lot size is waived if on community water system.
Lamoille_Elmore_rev.geojson,Elmore,F1F_Allowance,Overlay,Allowed/Conditional
Lamoille_Elmore_rev.geojson,Elmore,F2F_Allowance,Overlay,Public Hearing
Lamoille_Elmore_rev.geojson,Elmore,F3F_Allowance,Overlay,Public Hearing
Lamoille_Elmore_rev.geojson,Elmore,F4F_Allowance,Overlay,Public Hearing
Lamoille_Elmore_rev.geojson,Elmore,District_Name,Remote Area,Village
Lamoille_Elmore_rev.geojson,Elmore,LAST_UPDATE,2024-03-05,2024-03-07
Lamoille_Elmore_rev.geojson,Elmore,Abbreviated_District_Name,RE,VLG
Lamoille_Elmore_rev.geojson,Elmore,District_Type,Primarily Residential,Mixed with Residential
Lamoille_Elmore_rev.geojson,Elmore,F1F_Min_Lot,2,0.6899999999999999
Lamoille_Elmore_rev.geojson,Elmore,F1F_Front_Setback,25,15
Lamoille_Elmore_rev.geojson,Elmore,F1F_Side_Setback,25,15
Lamoille_Elmore_rev.geojson,Elmore,F1F_Max_Lot_Impervious_Coverage,6,60
Lamoille_Elmore_rev.geojson,Elmore,F2F_Min_Lot_Size,2,0.6899999999999999
Lamoille_Elmore_rev.geojson,Elmore,F2F_Front_Setback,25,15
Lamoille_Elmore_rev.geojson,Elmore,F2F_Side_Setback,25,15
Lamoille_Elmore_rev.geojson,Elmore,F2F_Max_Lot_Impervious_Coverage,6,60
Lamoille_Elmore_rev.geojson,Elmore,F3F_Min_Lot_Size,2,0.6899999999999999
Lamoille_Elmore_rev.geojson,Elmore,F3F_Front_Setback,25,15
Lamoille_Elmore_rev.geojson,Elmore,F3F_Side_Setback,25,15
Lamoille_Elmore_rev.geojson,Elmore,F3F_Max_Lot_Impervious_Coverage,6,60
Lamoille_Elmore_rev.geojson,Elmore,F4F_Min_Lot_Size,2,0.6899999999999999
Lamoille_Elmore_rev.geojson,Elmore,F4F_Front_Setback,25,15
Lamoille_Elmore_rev.geojson,Elmore,F4F_Side_Setback,25,15
Lamoille_Elmore_rev.geojson,Elmore,F4F_Max_Lot_Impervious_Coverage,6,60
Lamoille_Elmore_rev.geojson,Elmore,Notes,"Min. Lot Size: 2 acres per principal use for lots created after Jan 1, 2000 (See Sect. 3.5).
Min. Lot Size: 1acre per principal use lots created prior to Jan 1, 2000 (See Sect. 3.5).",Minimum lot size is waived if on community water system.
Lamoille_Elmore_rev.geojson,Elmore,District_Name,Rural East,Village
Lamoille_Elmore_rev.geojson,Elmore,LAST_UPDATE,2024-03-05,2024-03-07
Lamoille_Elmore_rev.geojson,Elmore,Abbreviated_District_Name,RW,VLG
Lamoille_Elmore_rev.geojson,Elmore,District_Type,Primarily Residential,Mixed with Residential
Lamoille_Elmore_rev.geojson,Elmore,F1F_Min_Lot,7,0.6899999999999999
Lamoille_Elmore_rev.geojson,Elmore,F1F_Front_Setback,50,15
Lamoille_Elmore_rev.geojson,Elmore,F1F_Side_Setback,50,15
Lamoille_Elmore_rev.geojson,Elmore,F1F_Rear_Setback,50,25
Lamoille_Elmore_rev.geojson,Elmore,F1F_Max_Lot_Impervious_Coverage,2,60
Lamoille_Elmore_rev.geojson,Elmore,F2F_Min_Lot_Size,7,0.6899999999999999
Lamoille_Elmore_rev.geojson,Elmore,F2F_Front_Setback,50,15
Lamoille_Elmore_rev.geojson,Elmore,F2F_Side_Setback,50,15
Lamoille_Elmore_rev.geojson,Elmore,F2F_Rear_Setback,50,25
Lamoille_Elmore_rev.geojson,Elmore,F2F_Max_Lot_Impervious_Coverage,2,60
Lamoille_Elmore_rev.geojson,Elmore,F3F_Min_Lot_Size,7,0.6899999999999999
Lamoille_Elmore_rev.geojson,Elmore,F3F_Front_Setback,50,15
Lamoille_Elmore_rev.geojson,Elmore,F3F_Side_Setback,50,15
Lamoille_Elmore_rev.geojson,Elmore,F3F_Rear_Setback,50,25
Lamoille_Elmore_rev.geojson,Elmore,F3F_Max_Lot_Impervious_Coverage,2,60
Lamoille_Elmore_rev.geojson,Elmore,F4F_Min_Lot_Size,7,0.6899999999999999
Lamoille_Elmore_rev.geojson,Elmore,F4F_Front_Setback,50,15
Lamoille_Elmore_rev.geojson,Elmore,F4F_Side_Setback,50,15
Lamoille_Elmore_rev.geojson,Elmore,F4F_Rear_Setback,50,25
Lamoille_Elmore_rev.geojson,Elmore,F4F_Max_Lot_Impervious_Coverage,2,60
Lamoille_Elmore_rev.geojson,Elmore,Notes,"Minimum Lot Size 7 acres/principal use after Jan 1, 2000 (See Sect. 3.5). 
Minimum Lot Size 1.5 acres/principal use before Jan 1, 2000 (See Sect. 3.5).",Minimum lot size is waived if on community water system.
Lamoille_Elmore_rev.geojson,Elmore,District_Name,Rural West,Village
Lamoille_Elmore_rev.geojson,Elmore,Abbreviated_District_Name,USHR,VLG
Lamoille_Elmore_rev.geojson,Elmore,District_Type,Nonresidential,Mixed with Residential
Lamoille_Elmore_rev.geojson,Elmore,PRD_Allowance,Prohibited,Public Hearing
Lamoille_Elmore_rev.geojson,Elmore,Notes,Minimum setback fro shoreline is 100 feet.,Minimum lot size is waived if on community water system.
Lamoille_Elmore_rev.geojson,Elmore,F1F_Allowance,Prohibited,Allowed/Conditional
Lamoille_Elmore_rev.geojson,Elmore,F2F_Allowance,Prohibited,Public Hearing
Lamoille_Elmore_rev.geojson,Elmore,F3F_Allowance,Prohibited,Public Hearing
Lamoille_Elmore_rev.geojson,Elmore,F4F_Allowance,Prohibited,Public Hearing
Lamoille_Elmore_rev.geojson,Elmore,District_Name,Undeveloped Shoreline,Village
Lamoille_HydeParkTown_rev.geojson,Hyde Park Town,Abbreviated_District_Name,CFWH,WHPA
Lamoille_HydeParkTown_rev.geojson,Hyde Park Town,Notes,forest and habitat protection overlay,"3 Wellhead Protection Zones, with Zone 1 prohibiting any new development, and all underlying permitted uses treated as Conditional in Zones 2 and 3."
Lamoille_HydeParkTown_rev.geojson,Hyde Park Town,District_Name,Core Forest and Wildlife Habitat Overlay,Wellhead Protection Area Overlay
Lamoille_HydeParkTown_rev.geojson,Hyde Park Town,Abbreviated_District_Name,CON10,WHPA
Lamoille_HydeParkTown_rev.geojson,Hyde Park Town,Overlay_District,No,Yes
Lamoille_HydeParkTown_rev.geojson,Hyde Park Town,District_Type,Primarily Residential,Overlay not Affecting Use
Lamoille_HydeParkTown_rev.geojson,Hyde Park Town,ADU_Allowance,Allowed/Conditional,Not Mentioned
Lamoille_HydeParkTown_rev.geojson,Hyde Park Town,ADU_Owner_Occupancy_Required,Yes,No
Lamoille_HydeParkTown_rev.geojson,Hyde Park Town,PRD_Allowance,Allowed/Conditional,Not Mentioned
Lamoille_HydeParkTown_rev.geojson,Hyde Park Town,PUD_Required_with_Subdivision,t,f
Lamoille_HydeParkTown_rev.geojson,Hyde Park Town,F1F_Allowance,Allowed/Conditional,Overlay
Lamoille_HydeParkTown_rev.geojson,Hyde Park Town,F2F_Allowance,Allowed/Conditional,Overlay
Lamoille_HydeParkTown_rev.geojson,Hyde Park Town,F3F_Allowance,Prohibited,Overlay
Lamoille_HydeParkTown_rev.geojson,Hyde Park Town,F4F_Allowance,Prohibited,Overlay
Lamoille_HydeParkTown_rev.geojson,Hyde Park Town,District_Name,Conservation 10 ac,Wellhead Protection Area Overlay
Lamoille_HydeParkTown_rev.geojson,Hyde Park Town,Abbreviated_District_Name,CON27,WHPA
Lamoille_HydeParkTown_rev.geojson,Hyde Park Town,Overlay_District,No,Yes
Lamoille_HydeParkTown_rev.geojson,Hyde Park Town,District_Type,Nonresidential,Overlay not Affecting Use
Lamoille_HydeParkTown_rev.geojson,Hyde Park Town,Affordable_Housing_Allowance,Prohibited,Not Mentioned
Lamoille_HydeParkTown_rev.geojson,Hyde Park Town,ADU_Allowance,Prohibited,Not Mentioned
Lamoille_HydeParkTown_rev.geojson,Hyde Park Town,PRD_Allowance,Prohibited,Not Mentioned
Lamoille_HydeParkTown_rev.geojson,Hyde Park Town,PUD_Required_with_Subdivision,t,f
Lamoille_HydeParkTown_rev.geojson,Hyde Park Town,F1F_Allowance,Prohibited,Overlay
Lamoille_HydeParkTown_rev.geojson,Hyde Park Town,F2F_Allowance,Prohibited,Overlay
Lamoille_HydeParkTown_rev.geojson,Hyde Park Town,F3F_Allowance,Prohibited,Overlay
Lamoille_HydeParkTown_rev.geojson,Hyde Park Town,F4F_Allowance,Prohibited,Overlay
Lamoille_HydeParkTown_rev.geojson,Hyde Park Town,District_Name,Conservation 27 ac,Wellhead Protection Area Overlay
Lamoille_HydeParkTown_rev.geojson,Hyde Park Town,Abbreviated_District_Name,FHA,WHPA
Lamoille_HydeParkTown_rev.geojson,Hyde Park Town,Notes,Standard Flood Hazard Protection,"3 Wellhead Protection Zones, with Zone 1 prohibiting any new development, and all underlying permitted uses treated as Conditional in Zones 2 and 3."
Lamoille_HydeParkTown_rev.geojson,Hyde Park Town,District_Name,Flood Hazard Area Overlay,Wellhead Protection Area Overlay
Lamoille_HydeParkTown_rev.geojson,Hyde Park Town,Abbreviated_District_Name,GRRV,WHPA
Lamoille_HydeParkTown_rev.geojson,Hyde Park Town,Notes,Viewshed protection for Green River Reservoir,"3 Wellhead Protection Zones, with Zone 1 prohibiting any new development, and all underlying permitted uses treated as Conditional in Zones 2 and 3."
Lamoille_HydeParkTown_rev.geojson,Hyde Park Town,District_Name,Green River Reservoir Viewshed Overlay,Wellhead Protection Area Overlay
Lamoille_HydeParkTown_rev.geojson,Hyde Park Town,Abbreviated_District_Name,NHPI,WHPA
Lamoille_HydeParkTown_rev.geojson,Hyde Park Town,Overlay_District,No,Yes
Lamoille_HydeParkTown_rev.geojson,Hyde Park Town,District_Type,Nonresidential,Overlay not Affecting Use
Lamoille_HydeParkTown_rev.geojson,Hyde Park Town,Affordable_Housing_Allowance,Prohibited,Not Mentioned
Lamoille_HydeParkTown_rev.geojson,Hyde Park Town,ADU_Allowance,Prohibited,Not Mentioned
Lamoille_HydeParkTown_rev.geojson,Hyde Park Town,PRD_Allowance,Prohibited,Not Mentioned
Lamoille_HydeParkTown_rev.geojson,Hyde Park Town,F1F_Allowance,Prohibited,Overlay
Lamoille_HydeParkTown_rev.geojson,Hyde Park Town,F2F_Allowance,Prohibited,Overlay
Lamoille_HydeParkTown_rev.geojson,Hyde Park Town,F3F_Allowance,Prohibited,Overlay
Lamoille_HydeParkTown_rev.geojson,Hyde Park Town,F4F_Allowance,Prohibited,Overlay
Lamoille_HydeParkTown_rev.geojson,Hyde Park Town,District_Name,North Hyde Park Industrial,Wellhead Protection Area Overlay
Lamoille_HydeParkTown_rev.geojson,Hyde Park Town,Abbreviated_District_Name,NHPV,WHPA
Lamoille_HydeParkTown_rev.geojson,Hyde Park Town,Overlay_District,No,Yes
Lamoille_HydeParkTown_rev.geojson,Hyde Park Town,District_Type,Primarily Residential,Overlay not Affecting Use
Lamoille_HydeParkTown_rev.geojson,Hyde Park Town,ADU_Allowance,Allowed/Conditional,Not Mentioned
Lamoille_HydeParkTown_rev.geojson,Hyde Park Town,ADU_Owner_Occupancy_Required,Yes,No
Lamoille_HydeParkTown_rev.geojson,Hyde Park Town,PRD_Allowance,Allowed/Conditional,Not Mentioned
Lamoille_HydeParkTown_rev.geojson,Hyde Park Town,Notes,"One of two parts of the North Hyde Park Village District

No density limit for designated elderly and accessible dwelling units, in which case density shall be limited by lot coverage only.","3 Wellhead Protection Zones, with Zone 1 prohibiting any new development, and all underlying permitted uses treated as Conditional in Zones 2 and 3."
Lamoille_HydeParkTown_rev.geojson,Hyde Park Town,F1F_Allowance,Allowed/Conditional,Overlay
Lamoille_HydeParkTown_rev.geojson,Hyde Park Town,F2F_Allowance,Allowed/Conditional,Overlay
Lamoille_HydeParkTown_rev.geojson,Hyde Park Town,F3F_Allowance,Public Hearing,Overlay
Lamoille_HydeParkTown_rev.geojson,Hyde Park Town,F4F_Allowance,Public Hearing,Overlay
Lamoille_HydeParkTown_rev.geojson,Hyde Park Town,District_Name,North Hyde Park Village,Wellhead Protection Area Overlay
Lamoille_HydeParkTown_rev.geojson,Hyde Park Town,Abbreviated_District_Name,NHPVC,WHPA
Lamoille_HydeParkTown_rev.geojson,Hyde Park Town,Overlay_District,No,Yes
Lamoille_HydeParkTown_rev.geojson,Hyde Park Town,District_Type,Mixed with Residential,Overlay not Affecting Use
Lamoille_HydeParkTown_rev.geojson,Hyde Park Town,ADU_Allowance,Allowed/Conditional,Not Mentioned
Lamoille_HydeParkTown_rev.geojson,Hyde Park Town,ADU_Owner_Occupancy_Required,Yes,No
Lamoille_HydeParkTown_rev.geojson,Hyde Park Town,PRD_Allowance,Allowed/Conditional,Not Mentioned
Lamoille_HydeParkTown_rev.geojson,Hyde Park Town,Notes,"One of two parts of the North Hyde Park Village District

No density limit for designated elderly and accessible dwelling units, in which case density shall be limited by lot coverage only.","3 Wellhead Protection Zones, with Zone 1 prohibiting any new development, and all underlying permitted uses treated as Conditional in Zones 2 and 3."
Lamoille_HydeParkTown_rev.geojson,Hyde Park Town,F1F_Allowance,Allowed/Conditional,Overlay
Lamoille_HydeParkTown_rev.geojson,Hyde Park Town,F2F_Allowance,Allowed/Conditional,Overlay
Lamoille_HydeParkTown_rev.geojson,Hyde Park Town,F3F_Allowance,Public Hearing,Overlay
Lamoille_HydeParkTown_rev.geojson,Hyde Park Town,F4F_Allowance,Public Hearing,Overlay
Lamoille_HydeParkTown_rev.geojson,Hyde Park Town,District_Name,North Hyde Park Village Core,Wellhead Protection Area Overlay
Lamoille_HydeParkTown_rev.geojson,Hyde Park Town,Abbreviated_District_Name,RR2,WHPA
Lamoille_HydeParkTown_rev.geojson,Hyde Park Town,Overlay_District,No,Yes
Lamoille_HydeParkTown_rev.geojson,Hyde Park Town,District_Type,Primarily Residential,Overlay not Affecting Use
Lamoille_HydeParkTown_rev.geojson,Hyde Park Town,ADU_Allowance,Allowed/Conditional,Not Mentioned
Lamoille_HydeParkTown_rev.geojson,Hyde Park Town,ADU_Owner_Occupancy_Required,Yes,No
Lamoille_HydeParkTown_rev.geojson,Hyde Park Town,PRD_Allowance,Allowed/Conditional,Not Mentioned
Lamoille_HydeParkTown_rev.geojson,Hyde Park Town,F1F_Allowance,Allowed/Conditional,Overlay
Lamoille_HydeParkTown_rev.geojson,Hyde Park Town,F2F_Allowance,Allowed/Conditional,Overlay
Lamoille_HydeParkTown_rev.geojson,Hyde Park Town,F3F_Allowance,Public Hearing,Overlay
Lamoille_HydeParkTown_rev.geojson,Hyde Park Town,F4F_Allowance,Public Hearing,Overlay
Lamoille_HydeParkTown_rev.geojson,Hyde Park Town,District_Name,Rural Residential 2,Wellhead Protection Area Overlay
Lamoille_HydeParkTown_rev.geojson,Hyde Park Town,Abbreviated_District_Name,RR5,WHPA
Lamoille_HydeParkTown_rev.geojson,Hyde Park Town,Overlay_District,No,Yes
Lamoille_HydeParkTown_rev.geojson,Hyde Park Town,District_Type,Primarily Residential,Overlay not Affecting Use
Lamoille_HydeParkTown_rev.geojson,Hyde Park Town,ADU_Allowance,Allowed/Conditional,Not Mentioned
Lamoille_HydeParkTown_rev.geojson,Hyde Park Town,ADU_Owner_Occupancy_Required,Yes,No
Lamoille_HydeParkTown_rev.geojson,Hyde Park Town,PRD_Allowance,Allowed/Conditional,Not Mentioned
Lamoille_HydeParkTown_rev.geojson,Hyde Park Town,F1F_Allowance,Allowed/Conditional,Overlay
Lamoille_HydeParkTown_rev.geojson,Hyde Park Town,F2F_Allowance,Allowed/Conditional,Overlay
Lamoille_HydeParkTown_rev.geojson,Hyde Park Town,F3F_Allowance,Public Hearing,Overlay
Lamoille_HydeParkTown_rev.geojson,Hyde Park Town,F4F_Allowance,Public Hearing,Overlay
Lamoille_HydeParkTown_rev.geojson,Hyde Park Town,District_Name,Rural Residential 5,Wellhead Protection Area Overlay
Lamoille_HydeParkTown_rev.geojson,Hyde Park Town,Abbreviated_District_Name,SHR,WHPA
Lamoille_HydeParkTown_rev.geojson,Hyde Park Town,Overlay_District,No,Yes
Lamoille_HydeParkTown_rev.geojson,Hyde Park Town,District_Type,Primarily Residential,Overlay not Affecting Use
Lamoille_HydeParkTown_rev.geojson,Hyde Park Town,ADU_Allowance,Allowed/Conditional,Not Mentioned
Lamoille_HydeParkTown_rev.geojson,Hyde Park Town,ADU_Owner_Occupancy_Required,Yes,No
Lamoille_HydeParkTown_rev.geojson,Hyde Park Town,PRD_Allowance,Allowed/Conditional,Not Mentioned
Lamoille_HydeParkTown_rev.geojson,Hyde Park Town,Notes,100-ft setback required for any lake or pond,"3 Wellhead Protection Zones, with Zone 1 prohibiting any new development, and all underlying permitted uses treated as Conditional in Zones 2 and 3."
Lamoille_HydeParkTown_rev.geojson,Hyde Park Town,F1F_Allowance,Public Hearing,Overlay
Lamoille_HydeParkTown_rev.geojson,Hyde Park Town,F2F_Allowance,Public Hearing,Overlay
Lamoille_HydeParkTown_rev.geojson,Hyde Park Town,F3F_Allowance,Prohibited,Overlay
Lamoille_HydeParkTown_rev.geojson,Hyde Park Town,F4F_Allowance,Prohibited,Overlay
Lamoille_HydeParkTown_rev.geojson,Hyde Park Town,District_Name,Shoreland,Wellhead Protection Area Overlay
Lamoille_HydeParkTown_rev.geojson,Hyde Park Town,Abbreviated_District_Name,VFW,WHPA
Lamoille_HydeParkTown_rev.geojson,Hyde Park Town,Overlay_District,No,Yes
Lamoille_HydeParkTown_rev.geojson,Hyde Park Town,District_Type,Nonresidential,Overlay not Affecting Use
Lamoille_HydeParkTown_rev.geojson,Hyde Park Town,Affordable_Housing_Allowance,Prohibited,Not Mentioned
Lamoille_HydeParkTown_rev.geojson,Hyde Park Town,ADU_Allowance,Prohibited,Not Mentioned
Lamoille_HydeParkTown_rev.geojson,Hyde Park Town,PRD_Allowance,Prohibited,Not Mentioned
Lamoille_HydeParkTown_rev.geojson,Hyde Park Town,F1F_Allowance,Prohibited,Overlay
Lamoille_HydeParkTown_rev.geojson,Hyde Park Town,F2F_Allowance,Prohibited,Overlay
Lamoille_HydeParkTown_rev.geojson,Hyde Park Town,F3F_Allowance,Prohibited,Overlay
Lamoille_HydeParkTown_rev.geojson,Hyde Park Town,F4F_Allowance,Prohibited,Overlay
Lamoille_HydeParkTown_rev.geojson,Hyde Park Town,District_Name,VFW Business Park,Wellhead Protection Area Overlay
Lamoille_JohnsonTownJohnsonVillage_rev.geojson,Johnson Town Johnson Village,Abbreviated_District_Name,VG,VS
Lamoille_JohnsonTownJohnsonVillage_rev.geojson,Johnson Town Johnson Village,Abbreviated_District_Name,VN,VS
Orange_BradfordTown_Overlay_rev.geoJSON,Bradford Town,Abbreviated_District_Name,DWA,WHP
Orange_BradfordTown_Overlay_rev.geoJSON,Bradford Town,Abbreviated_District_Name,FH,WHP
Orange_BradfordTown_Overlay_rev.geoJSON,Bradford Town,Abbreviated_District_Name,VHD,WHP
Orange_BradfordTown_Overlay_rev.geoJSON,Bradford Town,Abbreviated_District_Name,WET,WHP
Orange_BradfordTown_rev.geoJSON,Bradford Town,Abbreviated_District_Name,CBD,VR
Orange_BradfordTown_rev.geoJSON,Bradford Town,Abbreviated_District_Name,I,VR
Orange_BradfordTown_rev.geoJSON,Bradford Town,Abbreviated_District_Name,I/M,VR
Orange_BradfordTown_rev.geoJSON,Bradford Town,Abbreviated_District_Name,LDR,VR
Orange_BradfordTown_rev.geoJSON,Bradford Town,Abbreviated_District_Name,LP,VR
Orange_BradfordTown_rev.geoJSON,Bradford Town,Abbreviated_District_Name,R,VR
Orange_BradfordTown_rev.geoJSON,Bradford Town,Abbreviated_District_Name,RS,VR
Orange_Braintree_rev.geoJSON,Braintree,Abbreviated_District_Name,CON,VIL
Orange_Braintree_rev.geoJSON,Braintree,Abbreviated_District_Name,RS,VIL
Orange_Braintree_rev.geoJSON,Braintree,Abbreviated_District_Name,RR-I,VIL
Orange_Braintree_rev.geoJSON,Braintree,Abbreviated_District_Name,RR-II,VIL
Orange_Brookfield_Overlay_rev.geoJSON,Brookfield,Abbreviated_District_Name,SLO,FHO
Orange_Brookfield_rev.geoJSON,Brookfield,Abbreviated_District_Name,A/R,VIL
Orange_Brookfield_rev.geoJSON,Brookfield,Abbreviated_District_Name,PL,VIL
Orange_Brookfield_rev.geoJSON,Brookfield,Abbreviated_District_Name,SP,VIL
Orange_Chelsea_rev.geoJSON,Chelsea,Abbreviated_District_Name,IND,VIL
Orange_Chelsea_rev.geoJSON,Chelsea,Abbreviated_District_Name,MU,VIL
Orange_Chelsea_rev.geoJSON,Chelsea,Abbreviated_District_Name,RR,VIL
Orange_Fairlee_Overlay_rev.geojson,Fairlee,Abbreviated_District_Name,FHAO,WSAO
Orange_Fairlee_Overlay_rev.geojson,Fairlee,Abbreviated_District_Name,RAO,WSAO
Orange_Fairlee_rev.geojson,Fairlee,Abbreviated_District_Name,I,LM
Orange_Fairlee_rev.geojson,Fairlee,Abbreviated_District_Name,LR,LM
Orange_Fairlee_rev.geojson,Fairlee,Abbreviated_District_Name,MU,LM
Orange_Fairlee_rev.geojson,Fairlee,Abbreviated_District_Name,R,LM
Orange_Fairlee_rev.geojson,Fairlee,Abbreviated_District_Name,RR,LM
Orange_Fairlee_rev.geojson,Fairlee,Abbreviated_District_Name,V,LM
Orange_Fairlee_rev.geojson,Fairlee,Abbreviated_District_Name,LF,LM
Orange_Newbury_Overlay_rev.geojson,Newbury,Abbreviated_District_Name,FHO,WSPA
Orange_Newbury_rev.geoJSON,Newbury,Abbreviated_District_Name,CD10,WRR
Orange_Newbury_rev.geoJSON,Newbury,Abbreviated_District_Name,HAM,WRR
Orange_Newbury_rev.geoJSON,Newbury,Abbreviated_District_Name,IND,WRR
Orange_Newbury_rev.geoJSON,Newbury,Abbreviated_District_Name,MXU,WRR
Orange_Newbury_rev.geoJSON,Newbury,Abbreviated_District_Name,NV,WRR
Orange_Newbury_rev.geoJSON,Newbury,Abbreviated_District_Name,R1,WRR
Orange_Newbury_rev.geoJSON,Newbury,Abbreviated_District_Name,R2,WRR
Orange_Newbury_rev.geoJSON,Newbury,Abbreviated_District_Name,R5,WRR
Orange_Newbury_rev.geoJSON,Newbury,Abbreviated_District_Name,SH,WRR
Orange_Newbury_rev.geoJSON,Newbury,Abbreviated_District_Name,WRC,WRR
Orange_Randolph_Overlay_rev.geoJSON,Randolph,Abbreviated_District_Name,FPO,WCO
Orange_Randolph_Overlay_rev.geoJSON,Randolph,Abbreviated_District_Name,RCO,WCO
Orange_Randolph_rev.geojson,Randolph,Abbreviated_District_Name,CB,RVMD
Orange_Randolph_rev.geojson,Randolph,Abbreviated_District_Name,ERV,RVMD
Orange_Randolph_rev.geojson,Randolph,Abbreviated_District_Name,GCR,RVMD
Orange_Randolph_rev.geojson,Randolph,Abbreviated_District_Name,GC,RVMD
Orange_Randolph_rev.geojson,Randolph,Abbreviated_District_Name,IND,RVMD
Orange_Randolph_rev.geojson,Randolph,Abbreviated_District_Name,INT_NE,RVMD
Orange_Randolph_rev.geojson,Randolph,Abbreviated_District_Name,INT_NW,RVMD
Orange_Randolph_rev.geojson,Randolph,Abbreviated_District_Name,INT_SE,RVMD
Orange_Randolph_rev.geojson,Randolph,Abbreviated_District_Name,INT_SW,RVMD
Orange_Randolph_rev.geojson,Randolph,Abbreviated_District_Name,NSV,RVMD
Orange_Randolph_rev.geojson,Randolph,Abbreviated_District_Name,RCV,RVMD
Orange_Randolph_rev.geojson,Randolph,Abbreviated_District_Name,RES,RVMD
Orange_Randolph_rev.geojson,Randolph,Abbreviated_District_Name,RA,RVMD
Orange_Randolph_rev.geojson,Randolph,Abbreviated_District_Name,RR,RVMD
Orange_Randolph_rev.geojson,Randolph,Abbreviated_District_Name,RVHD,RVMD
Orange_Strafford_Overlay_rev.geoJSON,Strafford,Abbreviated_District_Name,RVC,EM
Orange_Strafford_rev.geoJSON,Strafford,Abbreviated_District_Name,LFC,VC
Orange_Strafford_rev.geoJSON,Strafford,Abbreviated_District_Name,MP,VC
Orange_Strafford_rev.geoJSON,Strafford,Abbreviated_District_Name,RR-I,VC
Orange_Strafford_rev.geoJSON,Strafford,Abbreviated_District_Name,RR-II,VC
Orange_Thetford_rev.geoJSON,Thetford,Abbreviated_District_Name,CB,VR
Orange_Thetford_rev.geoJSON,Thetford,Abbreviated_District_Name,NR,VR
Orange_Thetford_rev.geoJSON,Thetford,Abbreviated_District_Name,RR,VR
Orange_Vershire_rev.geoJSON,Vershire,Abbreviated_District_Name,OS,RR
Orange_Vershire_rev.geoJSON,Vershire,Abbreviated_District_Name,VIL,RR
Orange_Washington_rev.geoJSON,Washington,Abbreviated_District_Name,VIL,RR
Orleans_Barton_rev.geoJSON,Barton,Abbreviated_District_Name,HD,RD
Orleans_Barton_rev.geoJSON,Barton,Abbreviated_District_Name,I,RD
Orleans_Barton_rev.geoJSON,Barton,Abbreviated_District_Name,LD,RD
Orleans_Barton_rev.geoJSON,Barton,Abbreviated_District_Name,MD,RD
Orleans_Barton_rev.geoJSON,Barton,Abbreviated_District_Name,MU,RD
Orleans_Derby_rev.geojson,Derby,Abbreviated_District_Name,COM/IND,R-MD
Orleans_Derby_rev.geojson,Derby,Abbreviated_District_Name,VC/DL,R-MD
Orleans_Derby_rev.geojson,Derby,Abbreviated_District_Name,VR-1/DL,R-MD
Orleans_Derby_rev.geojson,Derby,Abbreviated_District_Name,VR-2/DL,R-MD
Orleans_Derby_rev.geojson,Derby,Abbreviated_District_Name,R-HD,R-MD
Orleans_Derby_rev.geojson,Derby,Abbreviated_District_Name,VR-MF/DC,R-MD
Orleans_Derby_rev.geojson,Derby,Abbreviated_District_Name,IND,R-MD
Orleans_Derby_rev.geojson,Derby,Abbreviated_District_Name,SL,R-MD
Orleans_Derby_rev.geojson,Derby,Abbreviated_District_Name,VC/DC,R-MD
Orleans_Derby_rev.geojson,Derby,Abbreviated_District_Name,VR/DC,R-MD
Orleans_Derby_rev.geojson,Derby,Abbreviated_District_Name,COM,R-MD
Orleans_Derby_rev.geojson,Derby,Abbreviated_District_Name,R-2,R-MD
Orleans_Derby_rev.geojson,Derby,Abbreviated_District_Name,R-1,R-MD
Orleans_Derby_rev.geojson,Derby,Abbreviated_District_Name,SD,R-MD
Orleans_Derby_rev.geojson,Derby,Abbreviated_District_Name,RR,R-MD
Orleans_Greensboro_rev.geoJSON,Greensboro,Abbreviated_District_Name,GBV,SP
Orleans_Greensboro_rev.geoJSON,Greensboro,Abbreviated_District_Name,GV,SP
Orleans_Greensboro_rev.geoJSON,Greensboro,Abbreviated_District_Name,RE,SP
Orleans_Greensboro_rev.geoJSON,Greensboro,Abbreviated_District_Name,RL,SP
Orleans_Jay_rev.geoJSON,Jay,Abbreviated_District_Name,RDII,RDI
Orleans_Jay_rev.geoJSON,Jay,Abbreviated_District_Name,REC,RDI
Orleans_Jay_rev.geoJSON,Jay,Abbreviated_District_Name,HD,RDI
Orleans_Jay_rev.geoJSON,Jay,Abbreviated_District_Name,CR,RDI
Orleans_Jay_rev.geoJSON,Jay,Abbreviated_District_Name,VC,RDI
Orleans_Lowell_rev.geoJSON,Lowell,Abbreviated_District_Name,C-M,RR/A
Orleans_Lowell_rev.geoJSON,Lowell,Abbreviated_District_Name,IND,RR/A
Orleans_Lowell_rev.geoJSON,Lowell,Abbreviated_District_Name,VIL,RR/A
Orleans_Morgan_rev.geoJSON,Morgan,Abbreviated_District_Name,RL-3,RL-2
Orleans_Morgan_rev.geoJSON,Morgan,Abbreviated_District_Name,IND/RES,RL-2
Orleans_Morgan_rev.geoJSON,Morgan,Abbreviated_District_Name,RL-1,RL-2
Orleans_Morgan_rev.geoJSON,Morgan,Abbreviated_District_Name,R-C,RL-2
Orleans_Morgan_rev.geoJSON,Morgan,Abbreviated_District_Name,LS,RL-2
Orleans_NewportCity_rev.geoJSON,Newport City,Abbreviated_District_Name,C-B,PHO
Orleans_NewportCity_rev.geoJSON,Newport City,Abbreviated_District_Name,CON,PHO
Orleans_NewportCity_rev.geoJSON,Newport City,Abbreviated_District_Name,GR,PHO
Orleans_NewportCity_rev.geoJSON,Newport City,Abbreviated_District_Name,IND,PHO
Orleans_NewportCity_rev.geoJSON,Newport City,Abbreviated_District_Name,LI,PHO
Orleans_NewportCity_rev.geoJSON,Newport City,Abbreviated_District_Name,UR,PHO
Orleans_NewportCity_rev.geoJSON,Newport City,Abbreviated_District_Name,U-REC,PHO
Orleans_Troy_rev.geojson,Troy,Abbreviated_District_Name,CBD,VC
Orleans_Troy_rev.geojson,Troy,Abbreviated_District_Name,C-R,VC
Orleans_Troy_rev.geojson,Troy,Abbreviated_District_Name,IND,VC
Orleans_Troy_rev.geojson,Troy,Abbreviated_District_Name,RU,VC
Orleans_Troy_rev.geojson,Troy,Abbreviated_District_Name,VIL,VC
Orleans_Westfield_rev.geojson,Westfield,Abbreviated_District_Name,RecRes,Vil
Orleans_Westfield_rev.geojson,Westfield,Abbreviated_District_Name,RuRes,Vil
Rutland_Benson_rev.geojson,Benson,Abbreviated_District_Name,ARR,V
Rutland_Benson_rev.geojson,Benson,District_Type,Mixed with Residential,Primarily Residential
Rutland_Benson_rev.geojson,Benson,F1F_Front_Setback,75,65
Rutland_Benson_rev.geojson,Benson,F1F_Side_Setback,50,20
Rutland_Benson_rev.geojson,Benson,F1F_Rear_Setback,50,20
Rutland_Benson_rev.geojson,Benson,PRD_Allowance,Prohibited,Allowed/Conditional
Rutland_Benson_rev.geojson,Benson,PUD_Allowance,f,t
Rutland_Benson_rev.geojson,Benson,F2F_Allowance,Prohibited,Allowed/Conditional
Rutland_Benson_rev.geojson,Benson,F3F_Allowance,Prohibited,Allowed/Conditional
Rutland_Benson_rev.geojson,Benson,F4F_Allowance,Prohibited,Allowed/Conditional
Rutland_Benson_rev.geojson,Benson,District_Name,Agricultural and Rural Residential,Village
Rutland_Benson_rev.geojson,Benson,LAST_UPDATE,2024-04-09,2024-02-25
Rutland_Benson_rev.geojson,Benson,Abbreviated_District_Name,FO,V
Rutland_Benson_rev.geojson,Benson,Overlay_District,Yes,No
Rutland_Benson_rev.geojson,Benson,District_Type,Nonresidential,Primarily Residential
Rutland_Benson_rev.geojson,Benson,ADU_Allowance,Prohibited,Allowed/Conditional
Rutland_Benson_rev.geojson,Benson,PRD_Allowance,Prohibited,Allowed/Conditional
Rutland_Benson_rev.geojson,Benson,F1F_Allowance,Prohibited,Allowed/Conditional
Rutland_Benson_rev.geojson,Benson,F2F_Allowance,Prohibited,Allowed/Conditional
Rutland_Benson_rev.geojson,Benson,F3F_Allowance,Prohibited,Allowed/Conditional
Rutland_Benson_rev.geojson,Benson,F4F_Allowance,Prohibited,Allowed/Conditional
Rutland_Benson_rev.geojson,Benson,District_Name,Floodplain Overlay,Village
Rutland_Benson_rev.geojson,Benson,Abbreviated_District_Name,LCS,V
Rutland_Benson_rev.geojson,Benson,F1F_Min_Lot,0.5,1
Rutland_Benson_rev.geojson,Benson,F1F_Side_Setback,5,20
Rutland_Benson_rev.geojson,Benson,F1F_Rear_Setback,5,20
Rutland_Benson_rev.geojson,Benson,PRD_Allowance,Prohibited,Allowed/Conditional
Rutland_Benson_rev.geojson,Benson,PUD_Allowance,f,t
Rutland_Benson_rev.geojson,Benson,F2F_Allowance,Prohibited,Allowed/Conditional
Rutland_Benson_rev.geojson,Benson,F3F_Allowance,Prohibited,Allowed/Conditional
Rutland_Benson_rev.geojson,Benson,F4F_Allowance,Prohibited,Allowed/Conditional
Rutland_Benson_rev.geojson,Benson,District_Name,Lake Champlain Shoreline,Village
Rutland_Benson_rev.geojson,Benson,Abbreviated_District_Name,LS,V
Rutland_Benson_rev.geojson,Benson,F1F_Min_Lot,0.5,1
Rutland_Benson_rev.geojson,Benson,F1F_Side_Setback,5,20
Rutland_Benson_rev.geojson,Benson,F1F_Rear_Setback,5,20
Rutland_Benson_rev.geojson,Benson,PRD_Allowance,Prohibited,Allowed/Conditional
Rutland_Benson_rev.geojson,Benson,PUD_Allowance,f,t
Rutland_Benson_rev.geojson,Benson,F2F_Allowance,Prohibited,Allowed/Conditional
Rutland_Benson_rev.geojson,Benson,F3F_Allowance,Prohibited,Allowed/Conditional
Rutland_Benson_rev.geojson,Benson,F4F_Allowance,Prohibited,Allowed/Conditional
Rutland_Benson_rev.geojson,Benson,District_Name,Lake Shore,Village
Rutland_Castleton_rev.geojson,Castleton,LAST_UPDATE,2024-02-20,2024-02-21
Rutland_Castleton_rev.geojson,Castleton,Abbreviated_District_Name,CC,WSPA
Rutland_Castleton_rev.geojson,Castleton,District_Mapped,Yes,No
Rutland_Castleton_rev.geojson,Castleton,Overlay_District,No,Yes
Rutland_Castleton_rev.geojson,Castleton,District_Type,Nonresidential,Overlay not Affecting Use
Rutland_Castleton_rev.geojson,Castleton,ADU_Allowance,Prohibited,Not Mentioned
Rutland_Castleton_rev.geojson,Castleton,F1F_Allowance,Prohibited,Overlay
Rutland_Castleton_rev.geojson,Castleton,F2F_Allowance,Prohibited,Overlay
Rutland_Castleton_rev.geojson,Castleton,F3F_Allowance,Prohibited,Overlay
Rutland_Castleton_rev.geojson,Castleton,F4F_Allowance,Prohibited,Overlay
Rutland_Castleton_rev.geojson,Castleton,District_Name,College Campus,Water Source Protection Area
Rutland_Castleton_rev.geojson,Castleton,Abbreviated_District_Name,FHO,WSPA
Rutland_Castleton_rev.geojson,Castleton,District_Type,Mixed with Residential,Overlay not Affecting Use
Rutland_Castleton_rev.geojson,Castleton,District_Name,Flood Hazard Area Overlay,Water Source Protection Area
Rutland_Castleton_rev.geojson,Castleton,LAST_UPDATE,2024-02-20,2024-02-21
Rutland_Castleton_rev.geojson,Castleton,Abbreviated_District_Name,IND,WSPA
Rutland_Castleton_rev.geojson,Castleton,District_Mapped,Yes,No
Rutland_Castleton_rev.geojson,Castleton,Overlay_District,No,Yes
Rutland_Castleton_rev.geojson,Castleton,District_Type,Nonresidential,Overlay not Affecting Use
Rutland_Castleton_rev.geojson,Castleton,ADU_Allowance,Prohibited,Not Mentioned
Rutland_Castleton_rev.geojson,Castleton,F1F_Allowance,Prohibited,Overlay
Rutland_Castleton_rev.geojson,Castleton,F2F_Allowance,Prohibited,Overlay
Rutland_Castleton_rev.geojson,Castleton,F3F_Allowance,Prohibited,Overlay
Rutland_Castleton_rev.geojson,Castleton,F4F_Allowance,Prohibited,Overlay
Rutland_Castleton_rev.geojson,Castleton,District_Name,Industrial,Water Source Protection Area
Rutland_Castleton_rev.geojson,Castleton,LAST_UPDATE,2024-02-20,2024-02-21
Rutland_Castleton_rev.geojson,Castleton,Abbreviated_District_Name,R 20,WSPA
Rutland_Castleton_rev.geojson,Castleton,District_Mapped,Yes,No
Rutland_Castleton_rev.geojson,Castleton,Overlay_District,No,Yes
Rutland_Castleton_rev.geojson,Castleton,District_Type,Primarily Residential,Overlay not Affecting Use
Rutland_Castleton_rev.geojson,Castleton,ADU_Allowance,Allowed/Conditional,Not Mentioned
Rutland_Castleton_rev.geojson,Castleton,ADU_Owner_Occupancy_Required,Yes,No
Rutland_Castleton_rev.geojson,Castleton,F1F_Allowance,Allowed/Conditional,Overlay
Rutland_Castleton_rev.geojson,Castleton,F2F_Allowance,Allowed/Conditional,Overlay
Rutland_Castleton_rev.geojson,Castleton,F3F_Allowance,Prohibited,Overlay
Rutland_Castleton_rev.geojson,Castleton,F4F_Allowance,Prohibited,Overlay
Rutland_Castleton_rev.geojson,Castleton,District_Name,"Residential 20,000 sq. ft.",Water Source Protection Area
Rutland_Castleton_rev.geojson,Castleton,LAST_UPDATE,2024-02-20,2024-02-21
Rutland_Castleton_rev.geojson,Castleton,Abbreviated_District_Name,R 40,WSPA
Rutland_Castleton_rev.geojson,Castleton,District_Mapped,Yes,No
Rutland_Castleton_rev.geojson,Castleton,Overlay_District,No,Yes
Rutland_Castleton_rev.geojson,Castleton,District_Type,Primarily Residential,Overlay not Affecting Use
Rutland_Castleton_rev.geojson,Castleton,ADU_Allowance,Allowed/Conditional,Not Mentioned
Rutland_Castleton_rev.geojson,Castleton,ADU_Owner_Occupancy_Required,Yes,No
Rutland_Castleton_rev.geojson,Castleton,F1F_Allowance,Allowed/Conditional,Overlay
Rutland_Castleton_rev.geojson,Castleton,F2F_Allowance,Allowed/Conditional,Overlay
Rutland_Castleton_rev.geojson,Castleton,F3F_Allowance,Prohibited,Overlay
Rutland_Castleton_rev.geojson,Castleton,F4F_Allowance,Prohibited,Overlay
Rutland_Castleton_rev.geojson,Castleton,District_Name,"Residential 40,000 sq. ft.",Water Source Protection Area
Rutland_Castleton_rev.geojson,Castleton,Abbreviated_District_Name,RC,WSPA
Rutland_Castleton_rev.geojson,Castleton,District_Mapped,Yes,No
Rutland_Castleton_rev.geojson,Castleton,Overlay_District,No,Yes
Rutland_Castleton_rev.geojson,Castleton,District_Type,Mixed with Residential,Overlay not Affecting Use
Rutland_Castleton_rev.geojson,Castleton,ADU_Allowance,Allowed/Conditional,Not Mentioned
Rutland_Castleton_rev.geojson,Castleton,ADU_Owner_Occupancy_Required,Yes,No
Rutland_Castleton_rev.geojson,Castleton,F1F_Allowance,Allowed/Conditional,Overlay
Rutland_Castleton_rev.geojson,Castleton,F2F_Allowance,Allowed/Conditional,Overlay
Rutland_Castleton_rev.geojson,Castleton,F3F_Allowance,Allowed/Conditional,Overlay
Rutland_Castleton_rev.geojson,Castleton,F4F_Allowance,Allowed/Conditional,Overlay
Rutland_Castleton_rev.geojson,Castleton,District_Name,Recreation Commercial,Water Source Protection Area
Rutland_Castleton_rev.geojson,Castleton,Abbreviated_District_Name,RR2A,WSPA
Rutland_Castleton_rev.geojson,Castleton,District_Mapped,Yes,No
Rutland_Castleton_rev.geojson,Castleton,Overlay_District,No,Yes
Rutland_Castleton_rev.geojson,Castleton,District_Type,Mixed with Residential,Overlay not Affecting Use
Rutland_Castleton_rev.geojson,Castleton,ADU_Allowance,Allowed/Conditional,Not Mentioned
Rutland_Castleton_rev.geojson,Castleton,ADU_Owner_Occupancy_Required,Yes,No
Rutland_Castleton_rev.geojson,Castleton,F1F_Allowance,Allowed/Conditional,Overlay
Rutland_Castleton_rev.geojson,Castleton,F2F_Allowance,Allowed/Conditional,Overlay
Rutland_Castleton_rev.geojson,Castleton,F3F_Allowance,Allowed/Conditional,Overlay
Rutland_Castleton_rev.geojson,Castleton,F4F_Allowance,Allowed/Conditional,Overlay
Rutland_Castleton_rev.geojson,Castleton,District_Name,Rural Residential 2 Acres,Water Source Protection Area
Rutland_Castleton_rev.geojson,Castleton,Abbreviated_District_Name,RR5A,WSPA
Rutland_Castleton_rev.geojson,Castleton,District_Mapped,Yes,No
Rutland_Castleton_rev.geojson,Castleton,Overlay_District,No,Yes
Rutland_Castleton_rev.geojson,Castleton,District_Type,Mixed with Residential,Overlay not Affecting Use
Rutland_Castleton_rev.geojson,Castleton,ADU_Allowance,Allowed/Conditional,Not Mentioned
Rutland_Castleton_rev.geojson,Castleton,ADU_Owner_Occupancy_Required,Yes,No
Rutland_Castleton_rev.geojson,Castleton,F1F_Allowance,Allowed/Conditional,Overlay
Rutland_Castleton_rev.geojson,Castleton,F2F_Allowance,Allowed/Conditional,Overlay
Rutland_Castleton_rev.geojson,Castleton,F3F_Allowance,Prohibited,Overlay
Rutland_Castleton_rev.geojson,Castleton,F4F_Allowance,Prohibited,Overlay
Rutland_Castleton_rev.geojson,Castleton,District_Name,Rural Residential 5 Acres,Water Source Protection Area
Rutland_Castleton_rev.geojson,Castleton,Abbreviated_District_Name,VC,WSPA
Rutland_Castleton_rev.geojson,Castleton,District_Mapped,Yes,No
Rutland_Castleton_rev.geojson,Castleton,Overlay_District,No,Yes
Rutland_Castleton_rev.geojson,Castleton,District_Type,Mixed with Residential,Overlay not Affecting Use
Rutland_Castleton_rev.geojson,Castleton,ADU_Allowance,Allowed/Conditional,Not Mentioned
Rutland_Castleton_rev.geojson,Castleton,ADU_Owner_Occupancy_Required,Yes,No
Rutland_Castleton_rev.geojson,Castleton,F1F_Allowance,Allowed/Conditional,Overlay
Rutland_Castleton_rev.geojson,Castleton,F2F_Allowance,Allowed/Conditional,Overlay
Rutland_Castleton_rev.geojson,Castleton,F3F_Allowance,Allowed/Conditional,Overlay
Rutland_Castleton_rev.geojson,Castleton,F4F_Allowance,Allowed/Conditional,Overlay
Rutland_Castleton_rev.geojson,Castleton,District_Name,Village Commercial,Water Source Protection Area
Rutland_Mendon_rev.geojson,Mendon,Abbreviated_District_Name,CITY FOREST,WHEELERVILLE
Rutland_Mendon_rev.geojson,Mendon,District_Type,Nonresidential,Primarily Residential
Rutland_Mendon_rev.geojson,Mendon,F1F_Min_Lot,15,5
Rutland_Mendon_rev.geojson,Mendon,F1F_Side_Setback,100,50
Rutland_Mendon_rev.geojson,Mendon,F1F_Rear_Setback,100,50
Rutland_Mendon_rev.geojson,Mendon,F1F_Max_Lot_Impervious_Coverage,10,30
Rutland_Mendon_rev.geojson,Mendon,Notes,Frontage is 65 feet per acre up to 500 feet,Frontage is 65 feet per acre up to 500 feet.
Rutland_Mendon_rev.geojson,Mendon,District_Name,City Forest,Wheelerville
Rutland_Mendon_rev.geojson,Mendon,Abbreviated_District_Name,COMMERCIAL,WHEELERVILLE
Rutland_Mendon_rev.geojson,Mendon,Bylaw_Date,2024-04-04,2024-04-03
Rutland_Mendon_rev.geojson,Mendon,District_Type,Mixed with Residential,Primarily Residential
Rutland_Mendon_rev.geojson,Mendon,F1F_Min_Lot,2,5
Rutland_Mendon_rev.geojson,Mendon,F1F_Rear_Setback,25,50
Rutland_Mendon_rev.geojson,Mendon,F1F_Max_Lot_Impervious_Coverage,40,30
Rutland_Mendon_rev.geojson,Mendon,F1F_Max_Stories,4,2
Rutland_Mendon_rev.geojson,Mendon,F1F_Max_Height,30,12
Rutland_Mendon_rev.geojson,Mendon,ADU_Allowance,Allowed/Conditional,Public Hearing
Rutland_Mendon_rev.geojson,Mendon,PRD_Allowance,Allowed/Conditional,Prohibited
Rutland_Mendon_rev.geojson,Mendon,PRD_Mobile_or_Manufactured_Home_Park,Yes,No
Rutland_Mendon_rev.geojson,Mendon,F1F_Frontage,200,65
Rutland_Mendon_rev.geojson,Mendon,F2F_Frontage,200,65
Rutland_Mendon_rev.geojson,Mendon,F3F_Frontage,200,65
Rutland_Mendon_rev.geojson,Mendon,F4F_Frontage,200,65
Rutland_Mendon_rev.geojson,Mendon,PUD_Allowance,t,f
Rutland_Mendon_rev.geojson,Mendon,F1F_Allowance,Allowed/Conditional,Public Hearing
Rutland_Mendon_rev.geojson,Mendon,F2F_Allowance,Allowed/Conditional,Prohibited
Rutland_Mendon_rev.geojson,Mendon,F3F_Allowance,Public Hearing,Prohibited
Rutland_Mendon_rev.geojson,Mendon,F4F_Allowance,Public Hearing,Prohibited
Rutland_Mendon_rev.geojson,Mendon,District_Name,Commercial,Wheelerville
Rutland_Mendon_rev.geojson,Mendon,Abbreviated_District_Name,CONSERVATION I,WHEELERVILLE
Rutland_Mendon_rev.geojson,Mendon,Bylaw_Date,2024-04-04,2024-04-03
Rutland_Mendon_rev.geojson,Mendon,District_Type,Nonresidential,Primarily Residential
Rutland_Mendon_rev.geojson,Mendon,F1F_Min_Lot,15,5
Rutland_Mendon_rev.geojson,Mendon,F1F_Side_Setback,100,50
Rutland_Mendon_rev.geojson,Mendon,F1F_Rear_Setback,100,50
Rutland_Mendon_rev.geojson,Mendon,F1F_Max_Lot_Impervious_Coverage,10,30
Rutland_Mendon_rev.geojson,Mendon,District_Name,Conservation I,Wheelerville
Rutland_Mendon_rev.geojson,Mendon,Abbreviated_District_Name,CONSERVATION II,WHEELERVILLE
Rutland_Mendon_rev.geojson,Mendon,District_Type,Nonresidential,Primarily Residential
Rutland_Mendon_rev.geojson,Mendon,F1F_Min_Lot,15,5
Rutland_Mendon_rev.geojson,Mendon,F1F_Side_Setback,100,50
Rutland_Mendon_rev.geojson,Mendon,F1F_Rear_Setback,100,50
Rutland_Mendon_rev.geojson,Mendon,F1F_Max_Lot_Impervious_Coverage,10,30
Rutland_Mendon_rev.geojson,Mendon,District_Name,Conservation II,Wheelerville
Rutland_Mendon_rev.geojson,Mendon,Abbreviated_District_Name,EAST,WHEELERVILLE
Rutland_Mendon_rev.geojson,Mendon,District_Type,Mixed with Residential,Primarily Residential
Rutland_Mendon_rev.geojson,Mendon,F1F_Min_Lot,3,5
Rutland_Mendon_rev.geojson,Mendon,F1F_Front_Setback,50,100
Rutland_Mendon_rev.geojson,Mendon,F1F_Side_Setback,25,50
Rutland_Mendon_rev.geojson,Mendon,PRD_Allowance,Allowed/Conditional,Prohibited
Rutland_Mendon_rev.geojson,Mendon,PRD_Mobile_or_Manufactured_Home_Park,Yes,No
Rutland_Mendon_rev.geojson,Mendon,Notes,"All residential uses are public hearing and must be a PUD.
Frontage is 65 feet per acre up to 500 feet.",Frontage is 65 feet per acre up to 500 feet.
Rutland_Mendon_rev.geojson,Mendon,PUD_Allowance,t,f
Rutland_Mendon_rev.geojson,Mendon,F2F_Allowance,Public Hearing,Prohibited
Rutland_Mendon_rev.geojson,Mendon,F3F_Allowance,Public Hearing,Prohibited
Rutland_Mendon_rev.geojson,Mendon,F4F_Allowance,Public Hearing,Prohibited
Rutland_Mendon_rev.geojson,Mendon,District_Name,East,Wheelerville
Rutland_Mendon_rev.geojson,Mendon,LAST_UPDATE,2024-04-14,2024-04-12
Rutland_Mendon_rev.geojson,Mendon,Abbreviated_District_Name,FLOOD HAZARD,WHEELERVILLE
Rutland_Mendon_rev.geojson,Mendon,Overlay_District,Yes,No
Rutland_Mendon_rev.geojson,Mendon,District_Type,Nonresidential,Primarily Residential
Rutland_Mendon_rev.geojson,Mendon,ADU_Allowance,Prohibited,Public Hearing
Rutland_Mendon_rev.geojson,Mendon,ADU_Owner_Occupancy_Required,No,Yes
Rutland_Mendon_rev.geojson,Mendon,Notes,"""Development within the regulatory floodway is prohibited unless it has been demonstrated through hydrologic and hydraulic analyses performed in accordance with standard engineering practice, by a registered professional engineer, certifying that the proposed development will result in no increase in flood levels during the occurrence of the base flood.""",Frontage is 65 feet per acre up to 500 feet.
Rutland_Mendon_rev.geojson,Mendon,F1F_Allowance,Prohibited,Public Hearing
Rutland_Mendon_rev.geojson,Mendon,District_Name,Flood Hazard Overlay District,Wheelerville
Rutland_Mendon_rev.geojson,Mendon,Abbreviated_District_Name,RESIDENTIAL 1,WHEELERVILLE
Rutland_Mendon_rev.geojson,Mendon,F1F_Min_Lot,1,5
Rutland_Mendon_rev.geojson,Mendon,F1F_Front_Setback,50,100
Rutland_Mendon_rev.geojson,Mendon,F1F_Side_Setback,25,50
Rutland_Mendon_rev.geojson,Mendon,F1F_Max_Lot_Impervious_Coverage,50,30
Rutland_Mendon_rev.geojson,Mendon,F1F_Max_Stories,3,2
Rutland_Mendon_rev.geojson,Mendon,F1F_Max_Height,20,12
Rutland_Mendon_rev.geojson,Mendon,ADU_Allowance,Allowed/Conditional,Public Hearing
Rutland_Mendon_rev.geojson,Mendon,PRD_Allowance,Allowed/Conditional,Prohibited
Rutland_Mendon_rev.geojson,Mendon,PRD_Mobile_or_Manufactured_Home_Park,Yes,No
Rutland_Mendon_rev.geojson,Mendon,Notes,"Two family only allowed if owner occupied.
Frontage is 65 feet per acre up to 500 feet.",Frontage is 65 feet per acre up to 500 feet.
Rutland_Mendon_rev.geojson,Mendon,PUD_Allowance,t,f
Rutland_Mendon_rev.geojson,Mendon,F1F_Allowance,Allowed/Conditional,Public Hearing
Rutland_Mendon_rev.geojson,Mendon,F2F_Allowance,Allowed/Conditional,Prohibited
Rutland_Mendon_rev.geojson,Mendon,F3F_Allowance,Public Hearing,Prohibited
Rutland_Mendon_rev.geojson,Mendon,F4F_Allowance,Public Hearing,Prohibited
Rutland_Mendon_rev.geojson,Mendon,District_Name,Residential I,Wheelerville
Rutland_Mendon_rev.geojson,Mendon,Abbreviated_District_Name,RESIDENTIAL 2,WHEELERVILLE
Rutland_Mendon_rev.geojson,Mendon,F1F_Min_Lot,2,5
Rutland_Mendon_rev.geojson,Mendon,F1F_Front_Setback,50,100
Rutland_Mendon_rev.geojson,Mendon,F1F_Side_Setback,25,50
Rutland_Mendon_rev.geojson,Mendon,F1F_Max_Lot_Impervious_Coverage,50,30
Rutland_Mendon_rev.geojson,Mendon,F1F_Max_Stories,3,2
Rutland_Mendon_rev.geojson,Mendon,F1F_Max_Height,20,12
Rutland_Mendon_rev.geojson,Mendon,ADU_Allowance,Allowed/Conditional,Public Hearing
Rutland_Mendon_rev.geojson,Mendon,PRD_Allowance,Allowed/Conditional,Prohibited
Rutland_Mendon_rev.geojson,Mendon,PRD_Mobile_or_Manufactured_Home_Park,Yes,No
Rutland_Mendon_rev.geojson,Mendon,Notes,"Two family only allowed if owner occupied.
Frontage is 65 feet per acre up to 500 feet.",Frontage is 65 feet per acre up to 500 feet.
Rutland_Mendon_rev.geojson,Mendon,PUD_Allowance,t,f
Rutland_Mendon_rev.geojson,Mendon,F1F_Allowance,Allowed/Conditional,Public Hearing
Rutland_Mendon_rev.geojson,Mendon,F2F_Allowance,Allowed/Conditional,Prohibited
Rutland_Mendon_rev.geojson,Mendon,F3F_Allowance,Public Hearing,Prohibited
Rutland_Mendon_rev.geojson,Mendon,F4F_Allowance,Public Hearing,Prohibited
Rutland_Mendon_rev.geojson,Mendon,District_Name,Residential II,Wheelerville
Rutland_Mendon_rev.geojson,Mendon,Abbreviated_District_Name,RESIDENTIAL 3,WHEELERVILLE
Rutland_Mendon_rev.geojson,Mendon,F1F_Min_Lot,3,5
Rutland_Mendon_rev.geojson,Mendon,F1F_Front_Setback,50,100
Rutland_Mendon_rev.geojson,Mendon,F1F_Side_Setback,25,50
Rutland_Mendon_rev.geojson,Mendon,F1F_Max_Lot_Impervious_Coverage,50,30
Rutland_Mendon_rev.geojson,Mendon,F1F_Max_Stories,3,2
Rutland_Mendon_rev.geojson,Mendon,F1F_Max_Height,20,12
Rutland_Mendon_rev.geojson,Mendon,ADU_Allowance,Allowed/Conditional,Public Hearing
Rutland_Mendon_rev.geojson,Mendon,PRD_Allowance,Allowed/Conditional,Prohibited
Rutland_Mendon_rev.geojson,Mendon,PRD_Mobile_or_Manufactured_Home_Park,Yes,No
Rutland_Mendon_rev.geojson,Mendon,Notes,"Two family only allowed if owner occupied.
Frontage is 65 feet per acre up to 500 feet.",Frontage is 65 feet per acre up to 500 feet.
Rutland_Mendon_rev.geojson,Mendon,PUD_Allowance,t,f
Rutland_Mendon_rev.geojson,Mendon,F1F_Allowance,Allowed/Conditional,Public Hearing
Rutland_Mendon_rev.geojson,Mendon,F2F_Allowance,Allowed/Conditional,Prohibited
Rutland_Mendon_rev.geojson,Mendon,F3F_Allowance,Public Hearing,Prohibited
Rutland_Mendon_rev.geojson,Mendon,F4F_Allowance,Public Hearing,Prohibited
Rutland_Mendon_rev.geojson,Mendon,District_Name,Residential III,Wheelerville
Rutland_Mendon_rev.geojson,Mendon,LAST_UPDATE,2024-04-14,2024-04-12
Rutland_Mendon_rev.geojson,Mendon,Abbreviated_District_Name,RIDGELINE,WHEELERVILLE
Rutland_Mendon_rev.geojson,Mendon,Overlay_District,Yes,No
Rutland_Mendon_rev.geojson,Mendon,District_Type,Nonresidential,Primarily Residential
Rutland_Mendon_rev.geojson,Mendon,ADU_Allowance,Not Mentioned,Public Hearing
Rutland_Mendon_rev.geojson,Mendon,ADU_Owner_Occupancy_Required,No,Yes
Rutland_Mendon_rev.geojson,Mendon,PRD_Allowance,Not Mentioned,Prohibited
Rutland_Mendon_rev.geojson,Mendon,Notes,"Does not include 25% slope district in map.
This district changes base district permissions to public hearing.",Frontage is 65 feet per acre up to 500 feet.
Rutland_Mendon_rev.geojson,Mendon,F1F_Allowance,Overlay,Public Hearing
Rutland_Mendon_rev.geojson,Mendon,F2F_Allowance,Overlay,Prohibited
Rutland_Mendon_rev.geojson,Mendon,F3F_Allowance,Overlay,Prohibited
Rutland_Mendon_rev.geojson,Mendon,F4F_Allowance,Overlay,Prohibited
Rutland_Mendon_rev.geojson,Mendon,District_Name,Ridgeline Overlay District,Wheelerville
Rutland_Mendon_rev.geojson,Mendon,Abbreviated_District_Name,ROBINWOOD,WHEELERVILLE
Rutland_Mendon_rev.geojson,Mendon,F1F_Min_Lot,1,5
Rutland_Mendon_rev.geojson,Mendon,F1F_Front_Setback,50,100
Rutland_Mendon_rev.geojson,Mendon,F1F_Side_Setback,25,50
Rutland_Mendon_rev.geojson,Mendon,F1F_Rear_Setback,25,50
Rutland_Mendon_rev.geojson,Mendon,F1F_Max_Lot_Impervious_Coverage,50,30
Rutland_Mendon_rev.geojson,Mendon,F1F_Max_Stories,3,2
Rutland_Mendon_rev.geojson,Mendon,F1F_Max_Height,20,12
Rutland_Mendon_rev.geojson,Mendon,ADU_Allowance,Allowed/Conditional,Public Hearing
Rutland_Mendon_rev.geojson,Mendon,Notes,"Two family only allowed if owner occupied.
Frontage is 65 feet per acre up to 500 feet.",Frontage is 65 feet per acre up to 500 feet.
Rutland_Mendon_rev.geojson,Mendon,F1F_Allowance,Allowed/Conditional,Public Hearing
Rutland_Mendon_rev.geojson,Mendon,F2F_Allowance,Allowed/Conditional,Prohibited
Rutland_Mendon_rev.geojson,Mendon,District_Name,Robinwood Residential,Wheelerville
Rutland_Mendon_rev.geojson,Mendon,Abbreviated_District_Name,RURAL,WHEELERVILLE
Rutland_Mendon_rev.geojson,Mendon,District_Type,Mixed with Residential,Primarily Residential
Rutland_Mendon_rev.geojson,Mendon,F1F_Min_Lot,3,5
Rutland_Mendon_rev.geojson,Mendon,F1F_Front_Setback,50,100
Rutland_Mendon_rev.geojson,Mendon,F1F_Side_Setback,25,50
Rutland_Mendon_rev.geojson,Mendon,District_Name,Rural,Wheelerville
Rutland_Mendon_rev.geojson,Mendon,Abbreviated_District_Name,SKI,WHEELERVILLE
Rutland_Mendon_rev.geojson,Mendon,District_Type,Mixed with Residential,Primarily Residential
Rutland_Mendon_rev.geojson,Mendon,F1F_Min_Lot,15,5
Rutland_Mendon_rev.geojson,Mendon,F1F_Side_Setback,100,50
Rutland_Mendon_rev.geojson,Mendon,F1F_Rear_Setback,100,50
Rutland_Mendon_rev.geojson,Mendon,F1F_Max_Lot_Impervious_Coverage,10,30
Rutland_Mendon_rev.geojson,Mendon,District_Name,Ski Area Development,Wheelerville
Rutland_Mendon_rev.geojson,Mendon,Abbreviated_District_Name,VILLAGE,WHEELERVILLE
Rutland_Mendon_rev.geojson,Mendon,District_Type,Mixed with Residential,Primarily Residential
Rutland_Mendon_rev.geojson,Mendon,F1F_Front_Setback,40,100
Rutland_Mendon_rev.geojson,Mendon,F1F_Side_Setback,15,50
Rutland_Mendon_rev.geojson,Mendon,F1F_Rear_Setback,20,50
Rutland_Mendon_rev.geojson,Mendon,F1F_Max_Lot_Impervious_Coverage,40,30
Rutland_Mendon_rev.geojson,Mendon,F1F_Max_Stories,3,2
Rutland_Mendon_rev.geojson,Mendon,F1F_Max_Height,30,12
Rutland_Mendon_rev.geojson,Mendon,ADU_Allowance,Allowed/Conditional,Public Hearing
Rutland_Mendon_rev.geojson,Mendon,PRD_Allowance,Allowed/Conditional,Prohibited
Rutland_Mendon_rev.geojson,Mendon,PRD_Mobile_or_Manufactured_Home_Park,Yes,No
Rutland_Mendon_rev.geojson,Mendon,F1F_Frontage,100,65
Rutland_Mendon_rev.geojson,Mendon,F2F_Frontage,100,65
Rutland_Mendon_rev.geojson,Mendon,F3F_Frontage,100,65
Rutland_Mendon_rev.geojson,Mendon,F4F_Frontage,100,65
Rutland_Mendon_rev.geojson,Mendon,PUD_Allowance,t,f
Rutland_Mendon_rev.geojson,Mendon,F1F_Allowance,Allowed/Conditional,Public Hearing
Rutland_Mendon_rev.geojson,Mendon,F2F_Allowance,Allowed/Conditional,Prohibited
Rutland_Mendon_rev.geojson,Mendon,F3F_Allowance,Public Hearing,Prohibited
Rutland_Mendon_rev.geojson,Mendon,F4F_Allowance,Public Hearing,Prohibited
Rutland_Mendon_rev.geojson,Mendon,District_Name,Village,Wheelerville
Rutland_Pawlet_rev.geojson,Pawlet,Abbreviated_District_Name,ARR,VC
Rutland_Pawlet_rev.geojson,Pawlet,PRD_Allowance,Not Mentioned,Public Hearing
Rutland_Pawlet_rev.geojson,Pawlet,PRD_Mobile_or_Manufactured_Home_Park,No,Yes
Rutland_Pawlet_rev.geojson,Pawlet,Base_Density,.2,1
Rutland_Pawlet_rev.geojson,Pawlet,PUD_Allowance,f,t
Rutland_Pawlet_rev.geojson,Pawlet,F3F_Allowance,Prohibited,Public Hearing
Rutland_Pawlet_rev.geojson,Pawlet,F4F_Allowance,Prohibited,Public Hearing
Rutland_Pawlet_rev.geojson,Pawlet,District_Name,Agriculture and Rural Residential,Village and Commercial
Rutland_Pawlet_rev.geojson,Pawlet,Abbreviated_District_Name,FA,VC
Rutland_Pawlet_rev.geojson,Pawlet,PRD_Allowance,Prohibited,Public Hearing
Rutland_Pawlet_rev.geojson,Pawlet,PRD_Mobile_or_Manufactured_Home_Park,No,Yes
Rutland_Pawlet_rev.geojson,Pawlet,Base_Density,.04,1
Rutland_Pawlet_rev.geojson,Pawlet,F1F_Frontage,150,50
Rutland_Pawlet_rev.geojson,Pawlet,PUD_Required_with_Subdivision,f,t
Rutland_Pawlet_rev.geojson,Pawlet,PUD_Allowance,f,t
Rutland_Pawlet_rev.geojson,Pawlet,F2F_Allowance,Prohibited,Allowed/Conditional
Rutland_Pawlet_rev.geojson,Pawlet,F3F_Allowance,Prohibited,Public Hearing
Rutland_Pawlet_rev.geojson,Pawlet,F4F_Allowance,Prohibited,Public Hearing
Rutland_Pawlet_rev.geojson,Pawlet,District_Name,Forest and Agriculture,Village and Commercial
Rutland_Pawlet_rev.geojson,Pawlet,Abbreviated_District_Name,FHO,VC
Rutland_Pawlet_rev.geojson,Pawlet,Overlay_District,Yes,No
Rutland_Pawlet_rev.geojson,Pawlet,District_Type,Nonresidential,Mixed with Residential
Rutland_Pawlet_rev.geojson,Pawlet,ADU_Allowance,Prohibited,Allowed/Conditional
Rutland_Pawlet_rev.geojson,Pawlet,ADU_Max_Size_as_Percent_of_Primary_Strcture,No,Yes
Rutland_Pawlet_rev.geojson,Pawlet,PRD_Allowance,Prohibited,Public Hearing
Rutland_Pawlet_rev.geojson,Pawlet,PRD_Mobile_or_Manufactured_Home_Park,No,Yes
Rutland_Pawlet_rev.geojson,Pawlet,Base_Density,0,1
Rutland_Pawlet_rev.geojson,Pawlet,PUD_Allowance,f,t
Rutland_Pawlet_rev.geojson,Pawlet,F1F_Allowance,Prohibited,Allowed/Conditional
Rutland_Pawlet_rev.geojson,Pawlet,F2F_Allowance,Prohibited,Allowed/Conditional
Rutland_Pawlet_rev.geojson,Pawlet,F3F_Allowance,Prohibited,Public Hearing
Rutland_Pawlet_rev.geojson,Pawlet,F4F_Allowance,Prohibited,Public Hearing
Rutland_Pawlet_rev.geojson,Pawlet,District_Name,Flood Hazard Overlay,Village and Commercial
Rutland_Pawlet_rev.geojson,Pawlet,LAST_UPDATE,2024-04-10,2024-04-14
Rutland_Pawlet_rev.geojson,Pawlet,Abbreviated_District_Name,H,VC
Rutland_Pawlet_rev.geojson,Pawlet,District_Type,Nonresidential,Mixed with Residential
Rutland_Pawlet_rev.geojson,Pawlet,ADU_Allowance,Prohibited,Allowed/Conditional
Rutland_Pawlet_rev.geojson,Pawlet,ADU_Max_Size_as_Percent_of_Primary_Strcture,No,Yes
Rutland_Pawlet_rev.geojson,Pawlet,PRD_Allowance,Prohibited,Public Hearing
Rutland_Pawlet_rev.geojson,Pawlet,PRD_Mobile_or_Manufactured_Home_Park,No,Yes
Rutland_Pawlet_rev.geojson,Pawlet,Base_Density,0,1
Rutland_Pawlet_rev.geojson,Pawlet,PUD_Allowance,f,t
Rutland_Pawlet_rev.geojson,Pawlet,F1F_Allowance,Prohibited,Allowed/Conditional
Rutland_Pawlet_rev.geojson,Pawlet,F2F_Allowance,Prohibited,Allowed/Conditional
Rutland_Pawlet_rev.geojson,Pawlet,F3F_Allowance,Prohibited,Public Hearing
Rutland_Pawlet_rev.geojson,Pawlet,F4F_Allowance,Prohibited,Public Hearing
Rutland_Pawlet_rev.geojson,Pawlet,District_Name,Highland,Village and Commercial
Rutland_Pawlet_rev.geojson,Pawlet,Abbreviated_District_Name,I,VC
Rutland_Pawlet_rev.geojson,Pawlet,ADU_Allowance,Public Hearing,Allowed/Conditional
Rutland_Pawlet_rev.geojson,Pawlet,PRD_Allowance,Prohibited,Public Hearing
Rutland_Pawlet_rev.geojson,Pawlet,PRD_Mobile_or_Manufactured_Home_Park,No,Yes
Rutland_Pawlet_rev.geojson,Pawlet,F1F_Frontage,150,50
Rutland_Pawlet_rev.geojson,Pawlet,PUD_Required_with_Subdivision,f,t
Rutland_Pawlet_rev.geojson,Pawlet,PUD_Allowance,f,t
Rutland_Pawlet_rev.geojson,Pawlet,F1F_Allowance,Public Hearing,Allowed/Conditional
Rutland_Pawlet_rev.geojson,Pawlet,F2F_Allowance,Prohibited,Allowed/Conditional
Rutland_Pawlet_rev.geojson,Pawlet,F3F_Allowance,Prohibited,Public Hearing
Rutland_Pawlet_rev.geojson,Pawlet,F4F_Allowance,Prohibited,Public Hearing
Rutland_Pawlet_rev.geojson,Pawlet,District_Name,Industrial,Village and Commercial
Rutland_Pawlet_rev.geojson,Pawlet,Abbreviated_District_Name,RC,VC
Rutland_Pawlet_rev.geojson,Pawlet,Overlay_District,Yes,No
Rutland_Pawlet_rev.geojson,Pawlet,District_Type,Nonresidential,Mixed with Residential
Rutland_Pawlet_rev.geojson,Pawlet,ADU_Allowance,Prohibited,Allowed/Conditional
Rutland_Pawlet_rev.geojson,Pawlet,ADU_Max_Size_as_Percent_of_Primary_Strcture,No,Yes
Rutland_Pawlet_rev.geojson,Pawlet,PRD_Allowance,Prohibited,Public Hearing
Rutland_Pawlet_rev.geojson,Pawlet,PRD_Mobile_or_Manufactured_Home_Park,No,Yes
Rutland_Pawlet_rev.geojson,Pawlet,Base_Density,0,1
Rutland_Pawlet_rev.geojson,Pawlet,PUD_Allowance,f,t
Rutland_Pawlet_rev.geojson,Pawlet,F1F_Allowance,Prohibited,Allowed/Conditional
Rutland_Pawlet_rev.geojson,Pawlet,F2F_Allowance,Prohibited,Allowed/Conditional
Rutland_Pawlet_rev.geojson,Pawlet,F3F_Allowance,Prohibited,Public Hearing
Rutland_Pawlet_rev.geojson,Pawlet,F4F_Allowance,Prohibited,Public Hearing
Rutland_Pawlet_rev.geojson,Pawlet,District_Name,River Corridor Overlay,Village and Commercial
Rutland_Poultney_rev.geojson,Poultney,LAST_UPDATE,2024-04-14,2024-04-13
Rutland_Poultney_rev.geojson,Poultney,Abbreviated_District_Name,ARR-10,VR
Rutland_Poultney_rev.geojson,Poultney,District_Type,Mixed with Residential,Primarily Residential
Rutland_Poultney_rev.geojson,Poultney,F1F_Min_Lot,10,0.17
Rutland_Poultney_rev.geojson,Poultney,F1F_Side_Setback,20,15
Rutland_Poultney_rev.geojson,Poultney,F1F_Rear_Setback,20,15
Rutland_Poultney_rev.geojson,Poultney,F2F_Min_Lot_Size,10,0.17
Rutland_Poultney_rev.geojson,Poultney,F2F_Side_Setback,20,15
Rutland_Poultney_rev.geojson,Poultney,F2F_Rear_Setback,20,15
Rutland_Poultney_rev.geojson,Poultney,F3F_Min_Lot_Size,10,0.17
Rutland_Poultney_rev.geojson,Poultney,F3F_Side_Setback,20,15
Rutland_Poultney_rev.geojson,Poultney,F3F_Rear_Setback,20,15
Rutland_Poultney_rev.geojson,Poultney,F4F_Min_Lot_Size,10,0.17
Rutland_Poultney_rev.geojson,Poultney,F4F_Side_Setback,20,15
Rutland_Poultney_rev.geojson,Poultney,F4F_Rear_Setback,20,15
Rutland_Poultney_rev.geojson,Poultney,F1F_Frontage,250,75
Rutland_Poultney_rev.geojson,Poultney,F2F_Frontage,250,75
Rutland_Poultney_rev.geojson,Poultney,F3F_Frontage,250,75
Rutland_Poultney_rev.geojson,Poultney,F4F_Frontage,250,75
Rutland_Poultney_rev.geojson,Poultney,District_Name,Agriculture/Rural Residential - 10 Acre,Village Residential
Rutland_Poultney_rev.geojson,Poultney,LAST_UPDATE,2024-04-14,2024-04-13
Rutland_Poultney_rev.geojson,Poultney,Abbreviated_District_Name,ARR-2,VR
Rutland_Poultney_rev.geojson,Poultney,District_Type,Mixed with Residential,Primarily Residential
Rutland_Poultney_rev.geojson,Poultney,F1F_Min_Lot,1.8,0.17
Rutland_Poultney_rev.geojson,Poultney,F1F_Side_Setback,20,15
Rutland_Poultney_rev.geojson,Poultney,F1F_Rear_Setback,20,15
Rutland_Poultney_rev.geojson,Poultney,F2F_Min_Lot_Size,1.8,0.17
Rutland_Poultney_rev.geojson,Poultney,F2F_Side_Setback,20,15
Rutland_Poultney_rev.geojson,Poultney,F2F_Rear_Setback,20,15
Rutland_Poultney_rev.geojson,Poultney,F3F_Min_Lot_Size,1.8,0.17
Rutland_Poultney_rev.geojson,Poultney,F3F_Side_Setback,20,15
Rutland_Poultney_rev.geojson,Poultney,F3F_Rear_Setback,20,15
Rutland_Poultney_rev.geojson,Poultney,F4F_Min_Lot_Size,1.8,0.17
Rutland_Poultney_rev.geojson,Poultney,F4F_Side_Setback,20,15
Rutland_Poultney_rev.geojson,Poultney,F4F_Rear_Setback,20,15
Rutland_Poultney_rev.geojson,Poultney,F1F_Frontage,150,75
Rutland_Poultney_rev.geojson,Poultney,F2F_Frontage,150,75
Rutland_Poultney_rev.geojson,Poultney,F3F_Frontage,150,75
Rutland_Poultney_rev.geojson,Poultney,F4F_Frontage,150,75
Rutland_Poultney_rev.geojson,Poultney,District_Name,Agriculture/Rural Residential - 2 Acre,Village Residential
Rutland_Poultney_rev.geojson,Poultney,LAST_UPDATE,2024-04-14,2024-04-13
Rutland_Poultney_rev.geojson,Poultney,Abbreviated_District_Name,ARR-5,VR
Rutland_Poultney_rev.geojson,Poultney,District_Type,Mixed with Residential,Primarily Residential
Rutland_Poultney_rev.geojson,Poultney,F1F_Min_Lot,5,0.17
Rutland_Poultney_rev.geojson,Poultney,F1F_Side_Setback,20,15
Rutland_Poultney_rev.geojson,Poultney,F1F_Rear_Setback,20,15
Rutland_Poultney_rev.geojson,Poultney,F2F_Min_Lot_Size,5,0.17
Rutland_Poultney_rev.geojson,Poultney,F2F_Side_Setback,20,15
Rutland_Poultney_rev.geojson,Poultney,F2F_Rear_Setback,20,15
Rutland_Poultney_rev.geojson,Poultney,F3F_Min_Lot_Size,5,0.17
Rutland_Poultney_rev.geojson,Poultney,F3F_Side_Setback,20,15
Rutland_Poultney_rev.geojson,Poultney,F3F_Rear_Setback,20,15
Rutland_Poultney_rev.geojson,Poultney,F4F_Min_Lot_Size,5,0.17
Rutland_Poultney_rev.geojson,Poultney,F4F_Side_Setback,20,15
Rutland_Poultney_rev.geojson,Poultney,F4F_Rear_Setback,20,15
Rutland_Poultney_rev.geojson,Poultney,F1F_Frontage,150,75
Rutland_Poultney_rev.geojson,Poultney,F2F_Frontage,150,75
Rutland_Poultney_rev.geojson,Poultney,F3F_Frontage,150,75
Rutland_Poultney_rev.geojson,Poultney,F4F_Frontage,150,75
Rutland_Poultney_rev.geojson,Poultney,District_Name,Agriculture/Rural Residential - 5 Acre,Village Residential
Rutland_Poultney_rev.geojson,Poultney,LAST_UPDATE,2024-04-14,2024-04-13
Rutland_Poultney_rev.geojson,Poultney,Abbreviated_District_Name,CC,VR
Rutland_Poultney_rev.geojson,Poultney,District_Type,Mixed with Residential,Primarily Residential
Rutland_Poultney_rev.geojson,Poultney,PUD_Allowance,t,f
Rutland_Poultney_rev.geojson,Poultney,District_Name,College Campus,Village Residential
Rutland_Poultney_rev.geojson,Poultney,LAST_UPDATE,2024-04-14,2024-04-13
Rutland_Poultney_rev.geojson,Poultney,Abbreviated_District_Name,CD,VR
Rutland_Poultney_rev.geojson,Poultney,Overlay_District,Yes,No
Rutland_Poultney_rev.geojson,Poultney,District_Type,Nonresidential,Primarily Residential
Rutland_Poultney_rev.geojson,Poultney,ADU_Allowance,Prohibited,Allowed/Conditional
Rutland_Poultney_rev.geojson,Poultney,ADU_Owner_Occupancy_Required,No,Yes
Rutland_Poultney_rev.geojson,Poultney,F1F_Allowance,Prohibited,Allowed/Conditional
Rutland_Poultney_rev.geojson,Poultney,F2F_Allowance,Prohibited,Allowed/Conditional
Rutland_Poultney_rev.geojson,Poultney,F3F_Allowance,Prohibited,Public Hearing
Rutland_Poultney_rev.geojson,Poultney,F4F_Allowance,Prohibited,Public Hearing
Rutland_Poultney_rev.geojson,Poultney,District_Name,Northeast Conservation and Wildlife Habitat Overlay District,Village Residential
Rutland_Poultney_rev.geojson,Poultney,LAST_UPDATE,2024-04-14,2024-04-13
Rutland_Poultney_rev.geojson,Poultney,Abbreviated_District_Name,FH,VR
Rutland_Poultney_rev.geojson,Poultney,Overlay_District,Yes,No
Rutland_Poultney_rev.geojson,Poultney,District_Type,Mixed with Residential,Primarily Residential
Rutland_Poultney_rev.geojson,Poultney,ADU_Allowance,Not Mentioned,Allowed/Conditional
Rutland_Poultney_rev.geojson,Poultney,ADU_Owner_Occupancy_Required,No,Yes
Rutland_Poultney_rev.geojson,Poultney,F1F_Allowance,Overlay,Allowed/Conditional
Rutland_Poultney_rev.geojson,Poultney,F2F_Allowance,Overlay,Allowed/Conditional
Rutland_Poultney_rev.geojson,Poultney,F3F_Allowance,Overlay,Public Hearing
Rutland_Poultney_rev.geojson,Poultney,F4F_Allowance,Overlay,Public Hearing
Rutland_Poultney_rev.geojson,Poultney,District_Name,Flood Hazard Area Overlay,Village Residential
Rutland_Poultney_rev.geojson,Poultney,LAST_UPDATE,2024-04-14,2024-04-13
Rutland_Poultney_rev.geojson,Poultney,Abbreviated_District_Name,I,VR
Rutland_Poultney_rev.geojson,Poultney,District_Type,Mixed with Residential,Primarily Residential
Rutland_Poultney_rev.geojson,Poultney,F1F_Min_Lot,0.92,0.17
Rutland_Poultney_rev.geojson,Poultney,F2F_Min_Lot_Size,0.92,0.17
Rutland_Poultney_rev.geojson,Poultney,F3F_Min_Lot_Size,0.92,0.17
Rutland_Poultney_rev.geojson,Poultney,F4F_Min_Lot_Size,0.92,0.17
Rutland_Poultney_rev.geojson,Poultney,F1F_Frontage,150,75
Rutland_Poultney_rev.geojson,Poultney,F2F_Frontage,150,75
Rutland_Poultney_rev.geojson,Poultney,F3F_Frontage,150,75
Rutland_Poultney_rev.geojson,Poultney,F4F_Frontage,150,75
Rutland_Poultney_rev.geojson,Poultney,District_Name,Industrial,Village Residential
Rutland_Poultney_rev.geojson,Poultney,LAST_UPDATE,2024-04-14,2024-04-13
Rutland_Poultney_rev.geojson,Poultney,Abbreviated_District_Name,LS,VR
Rutland_Poultney_rev.geojson,Poultney,District_Type,Mixed with Residential,Primarily Residential
Rutland_Poultney_rev.geojson,Poultney,F1F_Min_Lot,0.46,0.17
Rutland_Poultney_rev.geojson,Poultney,F1F_Side_Setback,20,15
Rutland_Poultney_rev.geojson,Poultney,F1F_Rear_Setback,20,15
Rutland_Poultney_rev.geojson,Poultney,F1F_Max_Stories,2,3
Rutland_Poultney_rev.geojson,Poultney,F1F_Max_Height,30,35
Rutland_Poultney_rev.geojson,Poultney,F1F_Frontage,80,75
Rutland_Poultney_rev.geojson,Poultney,F2F_Allowance,Prohibited,Allowed/Conditional
Rutland_Poultney_rev.geojson,Poultney,F3F_Allowance,Prohibited,Public Hearing
Rutland_Poultney_rev.geojson,Poultney,F4F_Allowance,Prohibited,Public Hearing
Rutland_Poultney_rev.geojson,Poultney,District_Name,Lake Shore,Village Residential
Rutland_Poultney_rev.geojson,Poultney,LAST_UPDATE,2024-04-14,2024-04-13
Rutland_Poultney_rev.geojson,Poultney,Abbreviated_District_Name,RR-1,VR
Rutland_Poultney_rev.geojson,Poultney,F1F_Min_Lot,0.92,0.17
Rutland_Poultney_rev.geojson,Poultney,F1F_Side_Setback,20,15
Rutland_Poultney_rev.geojson,Poultney,F1F_Rear_Setback,20,15
Rutland_Poultney_rev.geojson,Poultney,F2F_Min_Lot_Size,0.92,0.17
Rutland_Poultney_rev.geojson,Poultney,F2F_Side_Setback,20,15
Rutland_Poultney_rev.geojson,Poultney,F2F_Rear_Setback,20,15
Rutland_Poultney_rev.geojson,Poultney,F3F_Min_Lot_Size,0.92,0.17
Rutland_Poultney_rev.geojson,Poultney,F3F_Side_Setback,20,15
Rutland_Poultney_rev.geojson,Poultney,F3F_Rear_Setback,20,15
Rutland_Poultney_rev.geojson,Poultney,F4F_Min_Lot_Size,0.92,0.17
Rutland_Poultney_rev.geojson,Poultney,F4F_Side_Setback,20,15
Rutland_Poultney_rev.geojson,Poultney,F4F_Rear_Setback,20,15
Rutland_Poultney_rev.geojson,Poultney,F1F_Frontage,100,75
Rutland_Poultney_rev.geojson,Poultney,F2F_Frontage,100,75
Rutland_Poultney_rev.geojson,Poultney,F3F_Frontage,100,75
Rutland_Poultney_rev.geojson,Poultney,F4F_Frontage,100,75
Rutland_Poultney_rev.geojson,Poultney,District_Name,Rural Residential - 1 Acre,Village Residential
Rutland_Poultney_rev.geojson,Poultney,LAST_UPDATE,2024-04-14,2024-04-13
Rutland_Poultney_rev.geojson,Poultney,Abbreviated_District_Name,UD,VR
Rutland_Poultney_rev.geojson,Poultney,District_Type,Mixed with Residential,Primarily Residential
Rutland_Poultney_rev.geojson,Poultney,F1F_Min_Lot,0.57,0.17
Rutland_Poultney_rev.geojson,Poultney,F1F_Side_Setback,20,15
Rutland_Poultney_rev.geojson,Poultney,F1F_Rear_Setback,20,15
Rutland_Poultney_rev.geojson,Poultney,F2F_Min_Lot_Size,0.57,0.17
Rutland_Poultney_rev.geojson,Poultney,F2F_Side_Setback,20,15
Rutland_Poultney_rev.geojson,Poultney,F2F_Rear_Setback,20,15
Rutland_Poultney_rev.geojson,Poultney,F3F_Min_Lot_Size,0.57,0.17
Rutland_Poultney_rev.geojson,Poultney,F3F_Side_Setback,20,15
Rutland_Poultney_rev.geojson,Poultney,F3F_Rear_Setback,20,15
Rutland_Poultney_rev.geojson,Poultney,F4F_Min_Lot_Size,0.57,0.17
Rutland_Poultney_rev.geojson,Poultney,F4F_Side_Setback,20,15
Rutland_Poultney_rev.geojson,Poultney,F4F_Rear_Setback,20,15
Rutland_Poultney_rev.geojson,Poultney,F1F_Frontage,100,75
Rutland_Poultney_rev.geojson,Poultney,F2F_Frontage,100,75
Rutland_Poultney_rev.geojson,Poultney,F3F_Frontage,100,75
Rutland_Poultney_rev.geojson,Poultney,F4F_Frontage,100,75
Rutland_Poultney_rev.geojson,Poultney,District_Name,Future Utility District,Village Residential
Rutland_Poultney_rev.geojson,Poultney,LAST_UPDATE,2024-04-14,2024-04-13
Rutland_Poultney_rev.geojson,Poultney,Abbreviated_District_Name,VC,VR
Rutland_Poultney_rev.geojson,Poultney,District_Type,Mixed with Residential,Primarily Residential
Rutland_Poultney_rev.geojson,Poultney,District_Name,Village Commercial,Village Residential
Rutland_Poultney_rev.geojson,Poultney,LAST_UPDATE,2024-04-14,2024-04-13
Rutland_Poultney_rev.geojson,Poultney,Abbreviated_District_Name,VI,VR
Rutland_Poultney_rev.geojson,Poultney,District_Type,Nonresidential,Primarily Residential
Rutland_Poultney_rev.geojson,Poultney,Affordable_Housing_Allowance,Prohibited,Not Mentioned
Rutland_Poultney_rev.geojson,Poultney,ADU_Allowance,Prohibited,Allowed/Conditional
Rutland_Poultney_rev.geojson,Poultney,ADU_Owner_Occupancy_Required,No,Yes
Rutland_Poultney_rev.geojson,Poultney,F1F_Allowance,Prohibited,Allowed/Conditional
Rutland_Poultney_rev.geojson,Poultney,F2F_Allowance,Prohibited,Allowed/Conditional
Rutland_Poultney_rev.geojson,Poultney,F3F_Allowance,Prohibited,Public Hearing
Rutland_Poultney_rev.geojson,Poultney,F4F_Allowance,Prohibited,Public Hearing
Rutland_Poultney_rev.geojson,Poultney,District_Name,Village Industrial,Village Residential
Rutland_Proctor_rev.geojson,Proctor,Abbreviated_District_Name,AG,RES
Rutland_Proctor_rev.geojson,Proctor,District_Type,Mixed with Residential,Primarily Residential
Rutland_Proctor_rev.geojson,Proctor,F1F_Min_Lot,5,0.46
Rutland_Proctor_rev.geojson,Proctor,F1F_Front_Setback,75,25
Rutland_Proctor_rev.geojson,Proctor,F1F_Side_Setback,50,25
Rutland_Proctor_rev.geojson,Proctor,F1F_Rear_Setback,75,40
Rutland_Proctor_rev.geojson,Proctor,F1F_Max_Stories,2,3
Rutland_Proctor_rev.geojson,Proctor,F1F_Max_Height,25,35
Rutland_Proctor_rev.geojson,Proctor,F2F_Min_Lot_Size,5,0.46
Rutland_Proctor_rev.geojson,Proctor,F2F_Front_Setback,75,25
Rutland_Proctor_rev.geojson,Proctor,F2F_Side_Setback,50,25
Rutland_Proctor_rev.geojson,Proctor,F2F_Rear_Setback,75,40
Rutland_Proctor_rev.geojson,Proctor,F2F_Max_Stories,2,3
Rutland_Proctor_rev.geojson,Proctor,F2F_Max_Height,25,35
Rutland_Proctor_rev.geojson,Proctor,F3F_Min_Lot_Size,5,0.46
Rutland_Proctor_rev.geojson,Proctor,F3F_Front_Setback,75,25
Rutland_Proctor_rev.geojson,Proctor,F3F_Side_Setback,50,25
Rutland_Proctor_rev.geojson,Proctor,F3F_Rear_Setback,75,40
Rutland_Proctor_rev.geojson,Proctor,F3F_Max_Stories,2,3
Rutland_Proctor_rev.geojson,Proctor,F3F_Max_Height,25,35
Rutland_Proctor_rev.geojson,Proctor,F4F_Min_Lot_Size,5,0.46
Rutland_Proctor_rev.geojson,Proctor,F4F_Front_Setback,75,25
Rutland_Proctor_rev.geojson,Proctor,F4F_Side_Setback,50,25
Rutland_Proctor_rev.geojson,Proctor,F4F_Rear_Setback,75,40
Rutland_Proctor_rev.geojson,Proctor,F4F_Max_Stories,2,3
Rutland_Proctor_rev.geojson,Proctor,F4F_Max_Height,25,35
Rutland_Proctor_rev.geojson,Proctor,F1F_Frontage,300,100
Rutland_Proctor_rev.geojson,Proctor,F2F_Frontage,300,100
Rutland_Proctor_rev.geojson,Proctor,F3F_Frontage,300,100
Rutland_Proctor_rev.geojson,Proctor,F4F_Frontage,300,100
Rutland_Proctor_rev.geojson,Proctor,District_Name,Agricultural,Residential
Rutland_Proctor_rev.geojson,Proctor,Abbreviated_District_Name,AG/COMM,RES
Rutland_Proctor_rev.geojson,Proctor,District_Type,Mixed with Residential,Primarily Residential
Rutland_Proctor_rev.geojson,Proctor,F1F_Min_Lot,2,0.46
Rutland_Proctor_rev.geojson,Proctor,F1F_Front_Setback,75,25
Rutland_Proctor_rev.geojson,Proctor,F1F_Side_Setback,50,25
Rutland_Proctor_rev.geojson,Proctor,F1F_Rear_Setback,75,40
Rutland_Proctor_rev.geojson,Proctor,F2F_Min_Lot_Size,2,0.46
Rutland_Proctor_rev.geojson,Proctor,F2F_Front_Setback,75,25
Rutland_Proctor_rev.geojson,Proctor,F2F_Side_Setback,50,25
Rutland_Proctor_rev.geojson,Proctor,F2F_Rear_Setback,75,40
Rutland_Proctor_rev.geojson,Proctor,F3F_Min_Lot_Size,2,0.46
Rutland_Proctor_rev.geojson,Proctor,F3F_Front_Setback,75,25
Rutland_Proctor_rev.geojson,Proctor,F3F_Side_Setback,50,25
Rutland_Proctor_rev.geojson,Proctor,F3F_Rear_Setback,75,40
Rutland_Proctor_rev.geojson,Proctor,F4F_Min_Lot_Size,2,0.46
Rutland_Proctor_rev.geojson,Proctor,F4F_Front_Setback,75,25
Rutland_Proctor_rev.geojson,Proctor,F4F_Side_Setback,50,25
Rutland_Proctor_rev.geojson,Proctor,F4F_Rear_Setback,75,40
Rutland_Proctor_rev.geojson,Proctor,PRD_Allowance,Allowed/Conditional,Public Hearing
Rutland_Proctor_rev.geojson,Proctor,PRD_Mobile_or_Manufactured_Home_Park,No,Yes
Rutland_Proctor_rev.geojson,Proctor,PRD_Max_Density,0.63,2.7
Rutland_Proctor_rev.geojson,Proctor,F1F_Frontage,200,100
Rutland_Proctor_rev.geojson,Proctor,F2F_Frontage,200,100
Rutland_Proctor_rev.geojson,Proctor,F3F_Frontage,200,100
Rutland_Proctor_rev.geojson,Proctor,F4F_Frontage,200,100
Rutland_Proctor_rev.geojson,Proctor,District_Name,Ag-Commercial,Residential
Rutland_Proctor_rev.geojson,Proctor,Abbreviated_District_Name,COMM,RES
Rutland_Proctor_rev.geojson,Proctor,District_Type,Mixed with Residential,Primarily Residential
Rutland_Proctor_rev.geojson,Proctor,F1F_Front_Setback,15,25
Rutland_Proctor_rev.geojson,Proctor,F1F_Rear_Setback,25,40
Rutland_Proctor_rev.geojson,Proctor,F1F_Max_Stories,2,3
Rutland_Proctor_rev.geojson,Proctor,F1F_Max_Height,40,35
Rutland_Proctor_rev.geojson,Proctor,F2F_Front_Setback,15,25
Rutland_Proctor_rev.geojson,Proctor,F2F_Rear_Setback,25,40
Rutland_Proctor_rev.geojson,Proctor,F2F_Max_Stories,2,3
Rutland_Proctor_rev.geojson,Proctor,F2F_Max_Height,40,35
Rutland_Proctor_rev.geojson,Proctor,F3F_Front_Setback,15,25
Rutland_Proctor_rev.geojson,Proctor,F3F_Rear_Setback,25,40
Rutland_Proctor_rev.geojson,Proctor,F3F_Max_Stories,2,3
Rutland_Proctor_rev.geojson,Proctor,F3F_Max_Height,40,35
Rutland_Proctor_rev.geojson,Proctor,F4F_Front_Setback,15,25
Rutland_Proctor_rev.geojson,Proctor,F4F_Rear_Setback,25,40
Rutland_Proctor_rev.geojson,Proctor,F4F_Max_Stories,2,3
Rutland_Proctor_rev.geojson,Proctor,F4F_Max_Height,40,35
Rutland_Proctor_rev.geojson,Proctor,PRD_Mobile_or_Manufactured_Home_Park,No,Yes
Rutland_Proctor_rev.geojson,Proctor,F3F_Allowance,Allowed/Conditional,Public Hearing
Rutland_Proctor_rev.geojson,Proctor,F4F_Allowance,Allowed/Conditional,Public Hearing
Rutland_Proctor_rev.geojson,Proctor,District_Name,Commercial,Residential
Rutland_Proctor_rev.geojson,Proctor,Abbreviated_District_Name,FH,RES
Rutland_Proctor_rev.geojson,Proctor,Overlay_District,Yes,No
Rutland_Proctor_rev.geojson,Proctor,District_Type,Nonresidential,Primarily Residential
Rutland_Proctor_rev.geojson,Proctor,ADU_Allowance,Prohibited,Allowed/Conditional
Rutland_Proctor_rev.geojson,Proctor,PRD_Allowance,Prohibited,Public Hearing
Rutland_Proctor_rev.geojson,Proctor,PRD_Mobile_or_Manufactured_Home_Park,No,Yes
Rutland_Proctor_rev.geojson,Proctor,F1F_Allowance,Prohibited,Allowed/Conditional
Rutland_Proctor_rev.geojson,Proctor,F2F_Allowance,Prohibited,Allowed/Conditional
Rutland_Proctor_rev.geojson,Proctor,F3F_Allowance,Prohibited,Public Hearing
Rutland_Proctor_rev.geojson,Proctor,F4F_Allowance,Prohibited,Public Hearing
Rutland_Proctor_rev.geojson,Proctor,District_Name,Flood Hazard,Residential
Rutland_Proctor_rev.geojson,Proctor,Abbreviated_District_Name,FOREST,RES
Rutland_Proctor_rev.geojson,Proctor,District_Type,Mixed with Residential,Primarily Residential
Rutland_Proctor_rev.geojson,Proctor,F1F_Min_Lot,25,0.46
Rutland_Proctor_rev.geojson,Proctor,F1F_Front_Setback,150,25
Rutland_Proctor_rev.geojson,Proctor,F1F_Side_Setback,150,25
Rutland_Proctor_rev.geojson,Proctor,F1F_Rear_Setback,150,40
Rutland_Proctor_rev.geojson,Proctor,F2F_Min_Lot_Size,25,0.46
Rutland_Proctor_rev.geojson,Proctor,F2F_Front_Setback,150,25
Rutland_Proctor_rev.geojson,Proctor,F2F_Side_Setback,150,25
Rutland_Proctor_rev.geojson,Proctor,F2F_Rear_Setback,150,40
Rutland_Proctor_rev.geojson,Proctor,ADU_Allowance,Not Mentioned,Allowed/Conditional
Rutland_Proctor_rev.geojson,Proctor,PRD_Allowance,Not Mentioned,Public Hearing
Rutland_Proctor_rev.geojson,Proctor,PRD_Mobile_or_Manufactured_Home_Park,No,Yes
Rutland_Proctor_rev.geojson,Proctor,F3F_Allowance,Prohibited,Public Hearing
Rutland_Proctor_rev.geojson,Proctor,F4F_Allowance,Prohibited,Public Hearing
Rutland_Proctor_rev.geojson,Proctor,District_Name,Forest,Residential
Rutland_Proctor_rev.geojson,Proctor,Abbreviated_District_Name,FOREST/RES,RES
Rutland_Proctor_rev.geojson,Proctor,District_Type,Mixed with Residential,Primarily Residential
Rutland_Proctor_rev.geojson,Proctor,F1F_Min_Lot,2,0.46
Rutland_Proctor_rev.geojson,Proctor,F1F_Front_Setback,50,25
Rutland_Proctor_rev.geojson,Proctor,F1F_Side_Setback,50,25
Rutland_Proctor_rev.geojson,Proctor,F1F_Rear_Setback,50,40
Rutland_Proctor_rev.geojson,Proctor,F2F_Min_Lot_Size,2,0.46
Rutland_Proctor_rev.geojson,Proctor,F2F_Front_Setback,50,25
Rutland_Proctor_rev.geojson,Proctor,F2F_Side_Setback,50,25
Rutland_Proctor_rev.geojson,Proctor,F2F_Rear_Setback,50,40
Rutland_Proctor_rev.geojson,Proctor,F3F_Min_Lot_Size,2,0.46
Rutland_Proctor_rev.geojson,Proctor,F3F_Front_Setback,50,25
Rutland_Proctor_rev.geojson,Proctor,F3F_Side_Setback,50,25
Rutland_Proctor_rev.geojson,Proctor,F3F_Rear_Setback,50,40
Rutland_Proctor_rev.geojson,Proctor,F4F_Min_Lot_Size,2,0.46
Rutland_Proctor_rev.geojson,Proctor,F4F_Front_Setback,50,25
Rutland_Proctor_rev.geojson,Proctor,F4F_Side_Setback,50,25
Rutland_Proctor_rev.geojson,Proctor,F4F_Rear_Setback,50,40
Rutland_Proctor_rev.geojson,Proctor,PRD_Max_Density,0.63,2.7
Rutland_Proctor_rev.geojson,Proctor,District_Name,Forest/Residential,Residential
Rutland_Proctor_rev.geojson,Proctor,Abbreviated_District_Name,INDUST,RES
Rutland_Proctor_rev.geojson,Proctor,District_Type,Mixed with Residential,Primarily Residential
Rutland_Proctor_rev.geojson,Proctor,F1F_Min_Lot,2.75,0.46
Rutland_Proctor_rev.geojson,Proctor,F1F_Front_Setback,50,25
Rutland_Proctor_rev.geojson,Proctor,F1F_Rear_Setback,50,40
Rutland_Proctor_rev.geojson,Proctor,F2F_Min_Lot_Size,2.75,0.46
Rutland_Proctor_rev.geojson,Proctor,F2F_Front_Setback,50,25
Rutland_Proctor_rev.geojson,Proctor,F2F_Rear_Setback,50,40
Rutland_Proctor_rev.geojson,Proctor,F3F_Min_Lot_Size,2.75,0.46
Rutland_Proctor_rev.geojson,Proctor,F3F_Front_Setback,50,25
Rutland_Proctor_rev.geojson,Proctor,F3F_Rear_Setback,50,40
Rutland_Proctor_rev.geojson,Proctor,F4F_Min_Lot_Size,2.75,0.46
Rutland_Proctor_rev.geojson,Proctor,F4F_Front_Setback,50,25
Rutland_Proctor_rev.geojson,Proctor,F4F_Rear_Setback,50,40
Rutland_Proctor_rev.geojson,Proctor,PRD_Max_Density,0.45,2.7
Rutland_Proctor_rev.geojson,Proctor,F1F_Frontage,300,100
Rutland_Proctor_rev.geojson,Proctor,F2F_Frontage,300,100
Rutland_Proctor_rev.geojson,Proctor,F3F_Frontage,300,100
Rutland_Proctor_rev.geojson,Proctor,F4F_Frontage,300,100
Rutland_Proctor_rev.geojson,Proctor,F3F_Allowance,Allowed/Conditional,Public Hearing
Rutland_Proctor_rev.geojson,Proctor,F4F_Allowance,Allowed/Conditional,Public Hearing
Rutland_Proctor_rev.geojson,Proctor,District_Name,Industrial,Residential
Rutland_Proctor_rev.geojson,Proctor,Abbreviated_District_Name,REC,RES
Rutland_Proctor_rev.geojson,Proctor,District_Type,Nonresidential,Primarily Residential
Rutland_Proctor_rev.geojson,Proctor,ADU_Allowance,Prohibited,Allowed/Conditional
Rutland_Proctor_rev.geojson,Proctor,PRD_Mobile_or_Manufactured_Home_Park,No,Yes
Rutland_Proctor_rev.geojson,Proctor,PRD_Max_Density,0.68,2.7
Rutland_Proctor_rev.geojson,Proctor,PUD_Allowance,f,t
Rutland_Proctor_rev.geojson,Proctor,F1F_Allowance,Prohibited,Allowed/Conditional
Rutland_Proctor_rev.geojson,Proctor,F2F_Allowance,Prohibited,Allowed/Conditional
Rutland_Proctor_rev.geojson,Proctor,F3F_Allowance,Prohibited,Public Hearing
Rutland_Proctor_rev.geojson,Proctor,F4F_Allowance,Prohibited,Public Hearing
Rutland_Proctor_rev.geojson,Proctor,District_Name,Recreation,Residential
Rutland_RutlandCity_rev.geojson,Rutland City,LAST_UPDATE,2024-02-12,2024-02-01
Rutland_RutlandCity_rev.geojson,Rutland City,Abbreviated_District_Name,CDD,SFR
Rutland_RutlandCity_rev.geojson,Rutland City,District_Type,Mixed with Residential,Primarily Residential
Rutland_RutlandCity_rev.geojson,Rutland City,F1F_Min_Lot,1,0.23
Rutland_RutlandCity_rev.geojson,Rutland City,F1F_Front_Setback,50,25
Rutland_RutlandCity_rev.geojson,Rutland City,F1F_Side_Setback,50,15
Rutland_RutlandCity_rev.geojson,Rutland City,F1F_Max_Height,60,40
Rutland_RutlandCity_rev.geojson,Rutland City,F1F_Frontage,100,50
Rutland_RutlandCity_rev.geojson,Rutland City,District_Name,Campus Development,Single-Family Residential
Rutland_RutlandCity_rev.geojson,Rutland City,LAST_UPDATE,2024-02-05,2024-02-01
Rutland_RutlandCity_rev.geojson,Rutland City,Abbreviated_District_Name,CH,SFR
Rutland_RutlandCity_rev.geojson,Rutland City,District_Type,Mixed with Residential,Primarily Residential
Rutland_RutlandCity_rev.geojson,Rutland City,F1F_Min_Lot,0.14,0.23
Rutland_RutlandCity_rev.geojson,Rutland City,F1F_Front_Setback,10,25
Rutland_RutlandCity_rev.geojson,Rutland City,F1F_Side_Setback,10,15
Rutland_RutlandCity_rev.geojson,Rutland City,F2F_Allowance,Allowed/Conditional,Prohibited
Rutland_RutlandCity_rev.geojson,Rutland City,District_Name,Courthouse,Single-Family Residential
Rutland_RutlandCity_rev.geojson,Rutland City,LAST_UPDATE,2024-02-05,2024-02-01
Rutland_RutlandCity_rev.geojson,Rutland City,Abbreviated_District_Name,DB,SFR
Rutland_RutlandCity_rev.geojson,Rutland City,District_Type,Mixed with Residential,Primarily Residential
Rutland_RutlandCity_rev.geojson,Rutland City,F1F_Min_Lot,0.11,0.23
Rutland_RutlandCity_rev.geojson,Rutland City,F2F_Allowance,Allowed/Conditional,Prohibited
Rutland_RutlandCity_rev.geojson,Rutland City,District_Name,Downtown Business,Single-Family Residential
Rutland_RutlandCity_rev.geojson,Rutland City,LAST_UPDATE,2024-02-05,2024-02-01
Rutland_RutlandCity_rev.geojson,Rutland City,Abbreviated_District_Name,GB-1,SFR
Rutland_RutlandCity_rev.geojson,Rutland City,District_Type,Mixed with Residential,Primarily Residential
Rutland_RutlandCity_rev.geojson,Rutland City,F1F_Front_Setback,10,25
Rutland_RutlandCity_rev.geojson,Rutland City,F1F_Side_Setback,10,15
Rutland_RutlandCity_rev.geojson,Rutland City,F2F_Allowance,Allowed/Conditional,Prohibited
Rutland_RutlandCity_rev.geojson,Rutland City,District_Name,Gateway Business - 1,Single-Family Residential
Rutland_RutlandCity_rev.geojson,Rutland City,LAST_UPDATE,2024-02-12,2024-02-01
Rutland_RutlandCity_rev.geojson,Rutland City,Abbreviated_District_Name,GB-2,SFR
Rutland_RutlandCity_rev.geojson,Rutland City,District_Type,Mixed with Residential,Primarily Residential
Rutland_RutlandCity_rev.geojson,Rutland City,F1F_Front_Setback,10,25
Rutland_RutlandCity_rev.geojson,Rutland City,F1F_Side_Setback,10,15
Rutland_RutlandCity_rev.geojson,Rutland City,F2F_Allowance,Allowed/Conditional,Prohibited
Rutland_RutlandCity_rev.geojson,Rutland City,District_Name,Gateway Business - 2,Single-Family Residential
Rutland_RutlandCity_rev.geojson,Rutland City,LAST_UPDATE,2024-02-12,2024-02-01
Rutland_RutlandCity_rev.geojson,Rutland City,Abbreviated_District_Name,GB-47,SFR
Rutland_RutlandCity_rev.geojson,Rutland City,District_Type,Mixed with Residential,Primarily Residential
Rutland_RutlandCity_rev.geojson,Rutland City,F1F_Front_Setback,10,25
Rutland_RutlandCity_rev.geojson,Rutland City,F1F_Side_Setback,10,15
Rutland_RutlandCity_rev.geojson,Rutland City,F2F_Allowance,Allowed/Conditional,Prohibited
Rutland_RutlandCity_rev.geojson,Rutland City,District_Name,Gateway Business - Routes 4 & 7,Single-Family Residential
Rutland_RutlandCity_rev.geojson,Rutland City,LAST_UPDATE,2024-02-05,2024-02-01
Rutland_RutlandCity_rev.geojson,Rutland City,Abbreviated_District_Name,GB-GH,SFR
Rutland_RutlandCity_rev.geojson,Rutland City,District_Type,Mixed with Residential,Primarily Residential
Rutland_RutlandCity_rev.geojson,Rutland City,F1F_Front_Setback,10,25
Rutland_RutlandCity_rev.geojson,Rutland City,F1F_Side_Setback,10,15
Rutland_RutlandCity_rev.geojson,Rutland City,F2F_Allowance,Allowed/Conditional,Prohibited
Rutland_RutlandCity_rev.geojson,Rutland City,District_Name,Gateway Business - Gouger Hill,Single-Family Residential
Rutland_RutlandCity_rev.geojson,Rutland City,LAST_UPDATE,2024-02-12,2024-02-01
Rutland_RutlandCity_rev.geojson,Rutland City,Abbreviated_District_Name,GB-NMS,SFR
Rutland_RutlandCity_rev.geojson,Rutland City,District_Type,Mixed with Residential,Primarily Residential
Rutland_RutlandCity_rev.geojson,Rutland City,F1F_Front_Setback,10,25
Rutland_RutlandCity_rev.geojson,Rutland City,F1F_Side_Setback,10,15
Rutland_RutlandCity_rev.geojson,Rutland City,F2F_Allowance,Allowed/Conditional,Prohibited
Rutland_RutlandCity_rev.geojson,Rutland City,District_Name,Gateway Business - North Main Street,Single-Family Residential
Rutland_RutlandCity_rev.geojson,Rutland City,LAST_UPDATE,2024-02-05,2024-02-01
Rutland_RutlandCity_rev.geojson,Rutland City,Abbreviated_District_Name,GB-SMS,SFR
Rutland_RutlandCity_rev.geojson,Rutland City,District_Type,Mixed with Residential,Primarily Residential
Rutland_RutlandCity_rev.geojson,Rutland City,F1F_Front_Setback,10,25
Rutland_RutlandCity_rev.geojson,Rutland City,F1F_Side_Setback,10,15
Rutland_RutlandCity_rev.geojson,Rutland City,F2F_Allowance,Allowed/Conditional,Prohibited
Rutland_RutlandCity_rev.geojson,Rutland City,District_Name,Gateway Business - South Main Street,Single-Family Residential
Rutland_RutlandCity_rev.geojson,Rutland City,LAST_UPDATE,2024-02-12,2024-02-01
Rutland_RutlandCity_rev.geojson,Rutland City,Abbreviated_District_Name,GB-SWS,SFR
Rutland_RutlandCity_rev.geojson,Rutland City,District_Type,Mixed with Residential,Primarily Residential
Rutland_RutlandCity_rev.geojson,Rutland City,F1F_Front_Setback,10,25
Rutland_RutlandCity_rev.geojson,Rutland City,F1F_Side_Setback,10,15
Rutland_RutlandCity_rev.geojson,Rutland City,F2F_Allowance,Allowed/Conditional,Prohibited
Rutland_RutlandCity_rev.geojson,Rutland City,District_Name,Gateway Business - State & West Streets,Single-Family Residential
Rutland_RutlandCity_rev.geojson,Rutland City,LAST_UPDATE,2024-02-12,2024-02-01
Rutland_RutlandCity_rev.geojson,Rutland City,Abbreviated_District_Name,GB-WA,SFR
Rutland_RutlandCity_rev.geojson,Rutland City,District_Type,Mixed with Residential,Primarily Residential
Rutland_RutlandCity_rev.geojson,Rutland City,F1F_Front_Setback,10,25
Rutland_RutlandCity_rev.geojson,Rutland City,F1F_Side_Setback,10,15
Rutland_RutlandCity_rev.geojson,Rutland City,F2F_Allowance,Allowed/Conditional,Prohibited
Rutland_RutlandCity_rev.geojson,Rutland City,District_Name,Gateway Business - Woodstock Ave,Single-Family Residential
Rutland_RutlandCity_rev.geojson,Rutland City,LAST_UPDATE,2024-02-05,2024-02-01
Rutland_RutlandCity_rev.geojson,Rutland City,Abbreviated_District_Name,I,SFR
Rutland_RutlandCity_rev.geojson,Rutland City,District_Type,Nonresidential,Primarily Residential
Rutland_RutlandCity_rev.geojson,Rutland City,ADU_Allowance,Prohibited,Allowed/Conditional
Rutland_RutlandCity_rev.geojson,Rutland City,ADU_Owner_Occupancy_Required,No,Yes
Rutland_RutlandCity_rev.geojson,Rutland City,PRD_Allowance,Prohibited,Allowed/Conditional
Rutland_RutlandCity_rev.geojson,Rutland City,PRD_Mobile_or_Manufactured_Home_Park,No,Yes
Rutland_RutlandCity_rev.geojson,Rutland City,F1F_Allowance,Prohibited,Allowed/Conditional
Rutland_RutlandCity_rev.geojson,Rutland City,District_Name,Industrial,Single-Family Residential
Rutland_RutlandCity_rev.geojson,Rutland City,LAST_UPDATE,2024-02-12,2024-02-01
Rutland_RutlandCity_rev.geojson,Rutland City,Abbreviated_District_Name,MR-1,SFR
Rutland_RutlandCity_rev.geojson,Rutland City,District_Type,Mixed with Residential,Primarily Residential
Rutland_RutlandCity_rev.geojson,Rutland City,F1F_Min_Lot,0.15,0.23
Rutland_RutlandCity_rev.geojson,Rutland City,F1F_Front_Setback,20,25
Rutland_RutlandCity_rev.geojson,Rutland City,F1F_Side_Setback,10,15
Rutland_RutlandCity_rev.geojson,Rutland City,F2F_Allowance,Allowed/Conditional,Prohibited
Rutland_RutlandCity_rev.geojson,Rutland City,District_Name,Mixed Residential 1,Single-Family Residential
Rutland_RutlandCity_rev.geojson,Rutland City,Abbreviated_District_Name,MR-2,SFR
Rutland_RutlandCity_rev.geojson,Rutland City,District_Type,Mixed with Residential,Primarily Residential
Rutland_RutlandCity_rev.geojson,Rutland City,F1F_Min_Lot,1,0.23
Rutland_RutlandCity_rev.geojson,Rutland City,F1F_Front_Setback,200,25
Rutland_RutlandCity_rev.geojson,Rutland City,F1F_Side_Setback,50,15
Rutland_RutlandCity_rev.geojson,Rutland City,F3F_Allowance,Allowed/Conditional,Prohibited
Rutland_RutlandCity_rev.geojson,Rutland City,F4F_Allowance,Allowed/Conditional,Prohibited
Rutland_RutlandCity_rev.geojson,Rutland City,District_Name,Mixed Residential 2,Single-Family Residential
Rutland_RutlandCity_rev.geojson,Rutland City,LAST_UPDATE,2024-02-12,2024-02-01
Rutland_RutlandCity_rev.geojson,Rutland City,Abbreviated_District_Name,MSP,SFR
Rutland_RutlandCity_rev.geojson,Rutland City,District_Type,Mixed with Residential,Primarily Residential
Rutland_RutlandCity_rev.geojson,Rutland City,F1F_Min_Lot,0.15,0.23
Rutland_RutlandCity_rev.geojson,Rutland City,F1F_Front_Setback,20,25
Rutland_RutlandCity_rev.geojson,Rutland City,F1F_Side_Setback,10,15
Rutland_RutlandCity_rev.geojson,Rutland City,F2F_Allowance,Allowed/Conditional,Prohibited
Rutland_RutlandCity_rev.geojson,Rutland City,District_Name,Main Street Park,Single-Family Residential
Rutland_RutlandCity_rev.geojson,Rutland City,LAST_UPDATE,2024-02-05,2024-02-01
Rutland_RutlandCity_rev.geojson,Rutland City,Abbreviated_District_Name,NB,SFR
Rutland_RutlandCity_rev.geojson,Rutland City,District_Type,Nonresidential,Primarily Residential
Rutland_RutlandCity_rev.geojson,Rutland City,ADU_Allowance,Prohibited,Allowed/Conditional
Rutland_RutlandCity_rev.geojson,Rutland City,ADU_Owner_Occupancy_Required,No,Yes
Rutland_RutlandCity_rev.geojson,Rutland City,PRD_Allowance,Prohibited,Allowed/Conditional
Rutland_RutlandCity_rev.geojson,Rutland City,PRD_Mobile_or_Manufactured_Home_Park,No,Yes
Rutland_RutlandCity_rev.geojson,Rutland City,F1F_Allowance,Prohibited,Allowed/Conditional
Rutland_RutlandCity_rev.geojson,Rutland City,District_Name,Neighborhood Business,Single-Family Residential
Rutland_RutlandCity_rev.geojson,Rutland City,LAST_UPDATE,2024-02-05,2024-02-01
Rutland_RutlandCity_rev.geojson,Rutland City,Abbreviated_District_Name,P,SFR
Rutland_RutlandCity_rev.geojson,Rutland City,District_Type,Mixed with Residential,Primarily Residential
Rutland_RutlandCity_rev.geojson,Rutland City,F1F_Min_Lot,1,0.23
Rutland_RutlandCity_rev.geojson,Rutland City,F1F_Side_Setback,20,15
Rutland_RutlandCity_rev.geojson,Rutland City,PRD_Mobile_or_Manufactured_Home_Park,No,Yes
Rutland_RutlandCity_rev.geojson,Rutland City,F1F_Frontage,100,50
Rutland_RutlandCity_rev.geojson,Rutland City,District_Name,Park,Single-Family Residential
Rutland_RutlandCity_rev.geojson,Rutland City,LAST_UPDATE,2024-02-12,2024-02-01
Rutland_RutlandCity_rev.geojson,Rutland City,Abbreviated_District_Name,POP,SFR
Rutland_RutlandCity_rev.geojson,Rutland City,District_Type,Mixed with Residential,Primarily Residential
Rutland_RutlandCity_rev.geojson,Rutland City,F1F_Side_Setback,20,15
Rutland_RutlandCity_rev.geojson,Rutland City,F1F_Frontage,20,50
Rutland_RutlandCity_rev.geojson,Rutland City,F2F_Allowance,Allowed/Conditional,Prohibited
Rutland_RutlandCity_rev.geojson,Rutland City,District_Name,Planned Office Park,Single-Family Residential
Rutland_Shrewsbury_rev.geojson,Shrewsbury,Abbreviated_District_Name,Brown Covered Bridge,Special Features Overlay
Rutland_Shrewsbury_rev.geojson,Shrewsbury,District_Mapped,Yes,No
Rutland_Shrewsbury_rev.geojson,Shrewsbury,Overlay_District,No,Yes
Rutland_Shrewsbury_rev.geojson,Shrewsbury,District_Type,Nonresidential,Mixed with Residential
Rutland_Shrewsbury_rev.geojson,Shrewsbury,Affordable_Housing_Allowance,Prohibited,Not Mentioned
Rutland_Shrewsbury_rev.geojson,Shrewsbury,ADU_Allowance,Prohibited,Public Hearing
Rutland_Shrewsbury_rev.geojson,Shrewsbury,ADU_Max_Size_as_Percent_of_Primary_Strcture,No,Yes
Rutland_Shrewsbury_rev.geojson,Shrewsbury,PRD_Allowance,Prohibited,Public Hearing
Rutland_Shrewsbury_rev.geojson,Shrewsbury,PRD_Mobile_or_Manufactured_Home_Park,No,Yes
Rutland_Shrewsbury_rev.geojson,Shrewsbury,F1F_Allowance,Prohibited,Public Hearing
Rutland_Shrewsbury_rev.geojson,Shrewsbury,F2F_Allowance,Prohibited,Public Hearing
Rutland_Shrewsbury_rev.geojson,Shrewsbury,F3F_Allowance,Prohibited,Public Hearing
Rutland_Shrewsbury_rev.geojson,Shrewsbury,F4F_Allowance,Prohibited,Public Hearing
Rutland_Shrewsbury_rev.geojson,Shrewsbury,District_Name,Historic D - Brown Covered Bridge,Special Features Overlay
Rutland_Shrewsbury_rev.geojson,Shrewsbury,LAST_UPDATE,2024-04-01,2024-04-02
Rutland_Shrewsbury_rev.geojson,Shrewsbury,Abbreviated_District_Name,Cuttingsville,Special Features Overlay
Rutland_Shrewsbury_rev.geojson,Shrewsbury,District_Mapped,Yes,No
Rutland_Shrewsbury_rev.geojson,Shrewsbury,Overlay_District,No,Yes
Rutland_Shrewsbury_rev.geojson,Shrewsbury,District_Type,Primarily Residential,Mixed with Residential
Rutland_Shrewsbury_rev.geojson,Shrewsbury,ADU_Allowance,Allowed/Conditional,Public Hearing
Rutland_Shrewsbury_rev.geojson,Shrewsbury,PRD_Allowance,Allowed/Conditional,Public Hearing
Rutland_Shrewsbury_rev.geojson,Shrewsbury,PRD_Mobile_or_Manufactured_Home_Park,No,Yes
Rutland_Shrewsbury_rev.geojson,Shrewsbury,Base_Density,1,0
Rutland_Shrewsbury_rev.geojson,Shrewsbury,F1F_Allowance,Allowed/Conditional,Public Hearing
Rutland_Shrewsbury_rev.geojson,Shrewsbury,District_Name,Historic Village B - Cuttingsville,Special Features Overlay
Rutland_Shrewsbury_rev.geojson,Shrewsbury,Abbreviated_District_Name,Flood Hazard Area Overlay,Special Features Overlay
Rutland_Shrewsbury_rev.geojson,Shrewsbury,District_Type,Nonresidential,Mixed with Residential
Rutland_Shrewsbury_rev.geojson,Shrewsbury,Affordable_Housing_Allowance,Prohibited,Not Mentioned
Rutland_Shrewsbury_rev.geojson,Shrewsbury,ADU_Allowance,Prohibited,Public Hearing
Rutland_Shrewsbury_rev.geojson,Shrewsbury,ADU_Max_Size_as_Percent_of_Primary_Strcture,No,Yes
Rutland_Shrewsbury_rev.geojson,Shrewsbury,PRD_Allowance,Prohibited,Public Hearing
Rutland_Shrewsbury_rev.geojson,Shrewsbury,PRD_Mobile_or_Manufactured_Home_Park,No,Yes
Rutland_Shrewsbury_rev.geojson,Shrewsbury,PUD_Allowance,f,t
Rutland_Shrewsbury_rev.geojson,Shrewsbury,F1F_Allowance,Prohibited,Public Hearing
Rutland_Shrewsbury_rev.geojson,Shrewsbury,F2F_Allowance,Prohibited,Public Hearing
Rutland_Shrewsbury_rev.geojson,Shrewsbury,F3F_Allowance,Prohibited,Public Hearing
Rutland_Shrewsbury_rev.geojson,Shrewsbury,F4F_Allowance,Prohibited,Public Hearing
Rutland_Shrewsbury_rev.geojson,Shrewsbury,District_Name,Flood Hazard Area Overlay,Special Features Overlay
Rutland_Shrewsbury_rev.geojson,Shrewsbury,Abbreviated_District_Name,High Elevation Residential,Special Features Overlay
Rutland_Shrewsbury_rev.geojson,Shrewsbury,District_Mapped,Yes,No
Rutland_Shrewsbury_rev.geojson,Shrewsbury,Overlay_District,No,Yes
Rutland_Shrewsbury_rev.geojson,Shrewsbury,PRD_Allowance,Prohibited,Public Hearing
Rutland_Shrewsbury_rev.geojson,Shrewsbury,PRD_Mobile_or_Manufactured_Home_Park,No,Yes
Rutland_Shrewsbury_rev.geojson,Shrewsbury,PUD_Allowance,f,t
Rutland_Shrewsbury_rev.geojson,Shrewsbury,F2F_Allowance,Prohibited,Public Hearing
Rutland_Shrewsbury_rev.geojson,Shrewsbury,F3F_Allowance,Prohibited,Public Hearing
Rutland_Shrewsbury_rev.geojson,Shrewsbury,F4F_Allowance,Prohibited,Public Hearing
Rutland_Shrewsbury_rev.geojson,Shrewsbury,District_Name,High Elevation Residential District,Special Features Overlay
Rutland_Shrewsbury_rev.geojson,Shrewsbury,Abbreviated_District_Name,Limited Residential,Special Features Overlay
Rutland_Shrewsbury_rev.geojson,Shrewsbury,District_Mapped,Yes,No
Rutland_Shrewsbury_rev.geojson,Shrewsbury,Overlay_District,No,Yes
Rutland_Shrewsbury_rev.geojson,Shrewsbury,District_Type,Primarily Residential,Mixed with Residential
Rutland_Shrewsbury_rev.geojson,Shrewsbury,ADU_Allowance,Allowed/Conditional,Public Hearing
Rutland_Shrewsbury_rev.geojson,Shrewsbury,PRD_Allowance,Prohibited,Public Hearing
Rutland_Shrewsbury_rev.geojson,Shrewsbury,PRD_Mobile_or_Manufactured_Home_Park,No,Yes
Rutland_Shrewsbury_rev.geojson,Shrewsbury,Base_Density,.1,0
Rutland_Shrewsbury_rev.geojson,Shrewsbury,PUD_Allowance,f,t
Rutland_Shrewsbury_rev.geojson,Shrewsbury,F1F_Allowance,Allowed/Conditional,Public Hearing
Rutland_Shrewsbury_rev.geojson,Shrewsbury,F3F_Allowance,Prohibited,Public Hearing
Rutland_Shrewsbury_rev.geojson,Shrewsbury,F4F_Allowance,Prohibited,Public Hearing
Rutland_Shrewsbury_rev.geojson,Shrewsbury,District_Name,Limited Residential,Special Features Overlay
Rutland_Shrewsbury_rev.geojson,Shrewsbury,LAST_UPDATE,2024-04-01,2024-04-02
Rutland_Shrewsbury_rev.geojson,Shrewsbury,Abbreviated_District_Name,Northam,Special Features Overlay
Rutland_Shrewsbury_rev.geojson,Shrewsbury,District_Mapped,Yes,No
Rutland_Shrewsbury_rev.geojson,Shrewsbury,Overlay_District,No,Yes
Rutland_Shrewsbury_rev.geojson,Shrewsbury,District_Type,Primarily Residential,Mixed with Residential
Rutland_Shrewsbury_rev.geojson,Shrewsbury,ADU_Allowance,Allowed/Conditional,Public Hearing
Rutland_Shrewsbury_rev.geojson,Shrewsbury,PRD_Mobile_or_Manufactured_Home_Park,No,Yes
Rutland_Shrewsbury_rev.geojson,Shrewsbury,Base_Density,1,0
Rutland_Shrewsbury_rev.geojson,Shrewsbury,F1F_Allowance,Allowed/Conditional,Public Hearing
Rutland_Shrewsbury_rev.geojson,Shrewsbury,District_Name,Historic Village C - Northam,Special Features Overlay
Rutland_Shrewsbury_rev.geojson,Shrewsbury,Abbreviated_District_Name,North Shrewsbury Village Residential,Special Features Overlay
Rutland_Shrewsbury_rev.geojson,Shrewsbury,District_Mapped,Yes,No
Rutland_Shrewsbury_rev.geojson,Shrewsbury,Overlay_District,No,Yes
Rutland_Shrewsbury_rev.geojson,Shrewsbury,District_Type,Primarily Residential,Mixed with Residential
Rutland_Shrewsbury_rev.geojson,Shrewsbury,ADU_Allowance,Allowed/Conditional,Public Hearing
Rutland_Shrewsbury_rev.geojson,Shrewsbury,PRD_Mobile_or_Manufactured_Home_Park,No,Yes
Rutland_Shrewsbury_rev.geojson,Shrewsbury,Base_Density,1,0
Rutland_Shrewsbury_rev.geojson,Shrewsbury,F1F_Allowance,Allowed/Conditional,Public Hearing
Rutland_Shrewsbury_rev.geojson,Shrewsbury,F2F_Allowance,Allowed/Conditional,Public Hearing
Rutland_Shrewsbury_rev.geojson,Shrewsbury,F3F_Allowance,Prohibited,Public Hearing
Rutland_Shrewsbury_rev.geojson,Shrewsbury,F4F_Allowance,Prohibited,Public Hearing
Rutland_Shrewsbury_rev.geojson,Shrewsbury,District_Name,North Shrewsbury Village Residential,Special Features Overlay
Rutland_Shrewsbury_rev.geojson,Shrewsbury,Abbreviated_District_Name,Preservation,Special Features Overlay
Rutland_Shrewsbury_rev.geojson,Shrewsbury,District_Mapped,Yes,No
Rutland_Shrewsbury_rev.geojson,Shrewsbury,Overlay_District,No,Yes
Rutland_Shrewsbury_rev.geojson,Shrewsbury,District_Type,Nonresidential,Mixed with Residential
Rutland_Shrewsbury_rev.geojson,Shrewsbury,PRD_Allowance,Prohibited,Public Hearing
Rutland_Shrewsbury_rev.geojson,Shrewsbury,PRD_Mobile_or_Manufactured_Home_Park,No,Yes
Rutland_Shrewsbury_rev.geojson,Shrewsbury,PUD_Allowance,f,t
Rutland_Shrewsbury_rev.geojson,Shrewsbury,F2F_Allowance,Prohibited,Public Hearing
Rutland_Shrewsbury_rev.geojson,Shrewsbury,F3F_Allowance,Prohibited,Public Hearing
Rutland_Shrewsbury_rev.geojson,Shrewsbury,F4F_Allowance,Prohibited,Public Hearing
Rutland_Shrewsbury_rev.geojson,Shrewsbury,District_Name,Preservation District,Special Features Overlay
Rutland_Shrewsbury_rev.geojson,Shrewsbury,Abbreviated_District_Name,Rural Residential,Special Features Overlay
Rutland_Shrewsbury_rev.geojson,Shrewsbury,District_Mapped,Yes,No
Rutland_Shrewsbury_rev.geojson,Shrewsbury,Overlay_District,No,Yes
Rutland_Shrewsbury_rev.geojson,Shrewsbury,District_Type,Primarily Residential,Mixed with Residential
Rutland_Shrewsbury_rev.geojson,Shrewsbury,ADU_Allowance,Allowed/Conditional,Public Hearing
Rutland_Shrewsbury_rev.geojson,Shrewsbury,Base_Density,.25,0
Rutland_Shrewsbury_rev.geojson,Shrewsbury,F1F_Allowance,Allowed/Conditional,Public Hearing
Rutland_Shrewsbury_rev.geojson,Shrewsbury,District_Name,Rural Residential,Special Features Overlay
Rutland_Shrewsbury_rev.geojson,Shrewsbury,LAST_UPDATE,2024-04-01,2024-04-02
Rutland_Shrewsbury_rev.geojson,Shrewsbury,Abbreviated_District_Name,Shrewsbury Center,Special Features Overlay
Rutland_Shrewsbury_rev.geojson,Shrewsbury,District_Mapped,Yes,No
Rutland_Shrewsbury_rev.geojson,Shrewsbury,Overlay_District,No,Yes
Rutland_Shrewsbury_rev.geojson,Shrewsbury,District_Type,Primarily Residential,Mixed with Residential
Rutland_Shrewsbury_rev.geojson,Shrewsbury,ADU_Allowance,Allowed/Conditional,Public Hearing
Rutland_Shrewsbury_rev.geojson,Shrewsbury,PRD_Mobile_or_Manufactured_Home_Park,No,Yes
Rutland_Shrewsbury_rev.geojson,Shrewsbury,Base_Density,1,0
Rutland_Shrewsbury_rev.geojson,Shrewsbury,F1F_Allowance,Allowed/Conditional,Public Hearing
Rutland_Shrewsbury_rev.geojson,Shrewsbury,District_Name,Historic Village A - Shrewsbury Center,Special Features Overlay
Rutland_Tinmouth_rev.geojson,Tinmouth,Abbreviated_District_Name,Agricultural,Rural Residential
Rutland_Tinmouth_rev.geojson,Tinmouth,District_Mapped,No,Yes
Rutland_Tinmouth_rev.geojson,Tinmouth,Overlay_District,Yes,No
Rutland_Tinmouth_rev.geojson,Tinmouth,District_Type,Mixed with Residential,Primarily Residential
Rutland_Tinmouth_rev.geojson,Tinmouth,F1F_Allowance,Overlay,Allowed/Conditional
Rutland_Tinmouth_rev.geojson,Tinmouth,District_Name,Agricultural,Rural Residential
Rutland_Tinmouth_rev.geojson,Tinmouth,Abbreviated_District_Name,Conservation,Rural Residential
Rutland_Tinmouth_rev.geojson,Tinmouth,District_Type,Mixed with Residential,Primarily Residential
Rutland_Tinmouth_rev.geojson,Tinmouth,F1F_Min_Lot,25,5
Rutland_Tinmouth_rev.geojson,Tinmouth,F2F_Min_Lot_Size,25,5
Rutland_Tinmouth_rev.geojson,Tinmouth,F2F_Max_Density,0.04,0.4
Rutland_Tinmouth_rev.geojson,Tinmouth,Base_Density,.04,.2
Rutland_Tinmouth_rev.geojson,Tinmouth,F1F_Frontage,400,250
Rutland_Tinmouth_rev.geojson,Tinmouth,F2F_Frontage,400,250
Rutland_Tinmouth_rev.geojson,Tinmouth,District_Name,Conservation,Rural Residential
Rutland_Tinmouth_rev.geojson,Tinmouth,LAST_UPDATE,2024-04-10,2024-04-05
Rutland_Tinmouth_rev.geojson,Tinmouth,Abbreviated_District_Name,Flood Hazard,Rural Residential
Rutland_Tinmouth_rev.geojson,Tinmouth,District_Mapped,No,Yes
Rutland_Tinmouth_rev.geojson,Tinmouth,Overlay_District,Yes,No
Rutland_Tinmouth_rev.geojson,Tinmouth,District_Type,Mixed with Residential,Primarily Residential
Rutland_Tinmouth_rev.geojson,Tinmouth,Base_Density,0,.2
Rutland_Tinmouth_rev.geojson,Tinmouth,District_Name,Flood Hazard,Rural Residential
Rutland_Tinmouth_rev.geojson,Tinmouth,Abbreviated_District_Name,Lakeshore,Rural Residential
Rutland_Tinmouth_rev.geojson,Tinmouth,F1F_Min_Lot,1,5
Rutland_Tinmouth_rev.geojson,Tinmouth,F2F_Min_Lot_Size,1,5
Rutland_Tinmouth_rev.geojson,Tinmouth,F2F_Max_Density,2,0.4
Rutland_Tinmouth_rev.geojson,Tinmouth,PRD_Allowance,Prohibited,Allowed/Conditional
Rutland_Tinmouth_rev.geojson,Tinmouth,PRD_Mobile_or_Manufactured_Home_Park,No,Yes
Rutland_Tinmouth_rev.geojson,Tinmouth,Base_Density,1,.2
Rutland_Tinmouth_rev.geojson,Tinmouth,F1F_Frontage,80,250
Rutland_Tinmouth_rev.geojson,Tinmouth,F2F_Frontage,80,250
Rutland_Tinmouth_rev.geojson,Tinmouth,PUD_Allowance,f,t
Rutland_Tinmouth_rev.geojson,Tinmouth,District_Name,Lakeshore,Rural Residential
Rutland_Tinmouth_rev.geojson,Tinmouth,Abbreviated_District_Name,Protection,Rural Residential
Rutland_Tinmouth_rev.geojson,Tinmouth,District_Type,Nonresidential,Primarily Residential
Rutland_Tinmouth_rev.geojson,Tinmouth,ADU_Allowance,Prohibited,Allowed/Conditional
Rutland_Tinmouth_rev.geojson,Tinmouth,ADU_Max_Size_as_Percent_of_Primary_Strcture,No,Yes
Rutland_Tinmouth_rev.geojson,Tinmouth,PRD_Allowance,Prohibited,Allowed/Conditional
Rutland_Tinmouth_rev.geojson,Tinmouth,PRD_Mobile_or_Manufactured_Home_Park,No,Yes
Rutland_Tinmouth_rev.geojson,Tinmouth,Base_Density,0,.2
Rutland_Tinmouth_rev.geojson,Tinmouth,PUD_Allowance,f,t
Rutland_Tinmouth_rev.geojson,Tinmouth,F1F_Allowance,Prohibited,Allowed/Conditional
Rutland_Tinmouth_rev.geojson,Tinmouth,F2F_Allowance,Prohibited,Allowed/Conditional
Rutland_Tinmouth_rev.geojson,Tinmouth,District_Name,Protection,Rural Residential
Rutland_Tinmouth_rev.geojson,Tinmouth,LAST_UPDATE,2024-04-10,2024-04-05
Rutland_Tinmouth_rev.geojson,Tinmouth,Abbreviated_District_Name,Ridgeline Protection,Rural Residential
Rutland_Tinmouth_rev.geojson,Tinmouth,District_Mapped,No,Yes
Rutland_Tinmouth_rev.geojson,Tinmouth,Overlay_District,Yes,No
Rutland_Tinmouth_rev.geojson,Tinmouth,District_Type,Mixed with Residential,Primarily Residential
Rutland_Tinmouth_rev.geojson,Tinmouth,PRD_Mobile_or_Manufactured_Home_Park,No,Yes
Rutland_Tinmouth_rev.geojson,Tinmouth,Base_Density,0,.2
Rutland_Tinmouth_rev.geojson,Tinmouth,District_Name,Ridgeline Protection,Rural Residential
Rutland_Wallingford_rev.geojson,Wallingford,Abbreviated_District_Name,ARR,R15
Rutland_Wallingford_rev.geojson,Wallingford,District_Type,Mixed with Residential,Primarily Residential
Rutland_Wallingford_rev.geojson,Wallingford,F1F_Min_Lot,1.0,0.13
Rutland_Wallingford_rev.geojson,Wallingford,F1F_Side_Setback,30.0,10.0
Rutland_Wallingford_rev.geojson,Wallingford,F1F_Rear_Setback,30.0,10.0
Rutland_Wallingford_rev.geojson,Wallingford,F2F_Min_Lot_Size,1,0.13
Rutland_Wallingford_rev.geojson,Wallingford,F2F_Side_Setback,30,10
Rutland_Wallingford_rev.geojson,Wallingford,F2F_Rear_Setback,30,10
Rutland_Wallingford_rev.geojson,Wallingford,F3F_Min_Lot_Size,1,0.13
Rutland_Wallingford_rev.geojson,Wallingford,F3F_Side_Setback,30,10
Rutland_Wallingford_rev.geojson,Wallingford,F3F_Rear_Setback,30,10
Rutland_Wallingford_rev.geojson,Wallingford,F4F_Min_Lot_Size,1,0.13
Rutland_Wallingford_rev.geojson,Wallingford,F4F_Side_Setback,30,10
Rutland_Wallingford_rev.geojson,Wallingford,F4F_Rear_Setback,30,10
Rutland_Wallingford_rev.geojson,Wallingford,ADU_Allowance,Prohibited,Allowed/Conditional
Rutland_Wallingford_rev.geojson,Wallingford,Notes,Multi-family housing allowed after conditional use and site plan approval.,Multiple-family housing is allowed after conditional use and site plan approval.
Rutland_Wallingford_rev.geojson,Wallingford,F1F_Frontage,150,50
Rutland_Wallingford_rev.geojson,Wallingford,F2F_Frontage,150,50
Rutland_Wallingford_rev.geojson,Wallingford,F3F_Frontage,150,50
Rutland_Wallingford_rev.geojson,Wallingford,F4F_Frontage,150,50
Rutland_Wallingford_rev.geojson,Wallingford,District_Name,Agricultural and Rural Residential,"Residential 15,000"
Rutland_Wallingford_rev.geojson,Wallingford,Abbreviated_District_Name,FR,R15
Rutland_Wallingford_rev.geojson,Wallingford,District_Type,Mixed with Residential,Primarily Residential
Rutland_Wallingford_rev.geojson,Wallingford,F1F_Min_Lot,1.0,0.13
Rutland_Wallingford_rev.geojson,Wallingford,F1F_Side_Setback,50.0,10.0
Rutland_Wallingford_rev.geojson,Wallingford,F1F_Rear_Setback,100.0,10.0
Rutland_Wallingford_rev.geojson,Wallingford,F1F_Frontage,150,50
Rutland_Wallingford_rev.geojson,Wallingford,F2F_Allowance,Prohibited,Allowed/Conditional
Rutland_Wallingford_rev.geojson,Wallingford,F3F_Allowance,Prohibited,Public Hearing
Rutland_Wallingford_rev.geojson,Wallingford,F4F_Allowance,Prohibited,Public Hearing
Rutland_Wallingford_rev.geojson,Wallingford,District_Name,Forest and Recreation,"Residential 15,000"
Rutland_Wallingford_rev.geojson,Wallingford,Abbreviated_District_Name,IN,R15
Rutland_Wallingford_rev.geojson,Wallingford,District_Type,Mixed with Residential,Primarily Residential
Rutland_Wallingford_rev.geojson,Wallingford,F1F_Min_Lot,0.25,0.13
Rutland_Wallingford_rev.geojson,Wallingford,F3F_Min_Lot_Size,0.25,0.13
Rutland_Wallingford_rev.geojson,Wallingford,F4F_Min_Lot_Size,0.25,0.13
Rutland_Wallingford_rev.geojson,Wallingford,F3F_Allowance,Allowed/Conditional,Public Hearing
Rutland_Wallingford_rev.geojson,Wallingford,F4F_Allowance,Allowed/Conditional,Public Hearing
Rutland_Wallingford_rev.geojson,Wallingford,District_Name,Industrial,"Residential 15,000"
Rutland_Wallingford_rev.geojson,Wallingford,Abbreviated_District_Name,MR,R15
Rutland_Wallingford_rev.geojson,Wallingford,F3F_Side_Setback,20,10
Rutland_Wallingford_rev.geojson,Wallingford,F4F_Side_Setback,20,10
Rutland_Wallingford_rev.geojson,Wallingford,F3F_Frontage,75,50
Rutland_Wallingford_rev.geojson,Wallingford,F4F_Frontage,75,50
Rutland_Wallingford_rev.geojson,Wallingford,F3F_Allowance,Allowed/Conditional,Public Hearing
Rutland_Wallingford_rev.geojson,Wallingford,F4F_Allowance,Allowed/Conditional,Public Hearing
Rutland_Wallingford_rev.geojson,Wallingford,District_Name,Multiple Residential,"Residential 15,000"
Rutland_Wallingford_rev.geojson,Wallingford,Abbreviated_District_Name,NC,R15
Rutland_Wallingford_rev.geojson,Wallingford,District_Type,Mixed with Residential,Primarily Residential
Rutland_Wallingford_rev.geojson,Wallingford,F3F_Allowance,Allowed/Conditional,Public Hearing
Rutland_Wallingford_rev.geojson,Wallingford,F4F_Allowance,Allowed/Conditional,Public Hearing
Rutland_Wallingford_rev.geojson,Wallingford,District_Name,Neighborhood Commercial,"Residential 15,000"
Washington_BarreCity_Overlay_rev.geoJSON,Barre City,Abbreviated_District_Name,ARO,HSO
Washington_BarreCity_Overlay_rev.geoJSON,Barre City,Abbreviated_District_Name,DRO,HSO
Washington_BarreCity_rev.geoJSON,Barre City,Abbreviated_District_Name,CIV,UC-3
Washington_BarreCity_rev.geoJSON,Barre City,Abbreviated_District_Name,CON,UC-3
Washington_BarreCity_rev.geoJSON,Barre City,Abbreviated_District_Name,GB,UC-3
Washington_BarreCity_rev.geoJSON,Barre City,Abbreviated_District_Name,IN,UC-3
Washington_BarreCity_rev.geoJSON,Barre City,Abbreviated_District_Name,MU-1,UC-3
Washington_BarreCity_rev.geoJSON,Barre City,Abbreviated_District_Name,MU-2,UC-3
Washington_BarreCity_rev.geoJSON,Barre City,Abbreviated_District_Name,MU-3,UC-3
Washington_BarreCity_rev.geoJSON,Barre City,Abbreviated_District_Name,R-12,UC-3
Washington_BarreCity_rev.geoJSON,Barre City,Abbreviated_District_Name,R-16,UC-3
Washington_BarreCity_rev.geoJSON,Barre City,Abbreviated_District_Name,R-4,UC-3
Washington_BarreCity_rev.geoJSON,Barre City,Abbreviated_District_Name,R-8,UC-3
Washington_BarreCity_rev.geoJSON,Barre City,Abbreviated_District_Name,UC-1,UC-3
Washington_BarreCity_rev.geoJSON,Barre City,Abbreviated_District_Name,UC-2,UC-3
Washington_Berlin_rev.geoJSON,Berlin,Abbreviated_District_Name,COM,UC
Washington_Berlin_rev.geoJSON,Berlin,Abbreviated_District_Name,HAM,UC
Washington_Berlin_rev.geoJSON,Berlin,Abbreviated_District_Name,IND,UC
Washington_Berlin_rev.geoJSON,Berlin,Abbreviated_District_Name,LI,UC
Washington_Berlin_rev.geoJSON,Berlin,Abbreviated_District_Name,MU,UC
Washington_Berlin_rev.geoJSON,Berlin,Abbreviated_District_Name,RES,UC
Washington_Berlin_rev.geoJSON,Berlin,Abbreviated_District_Name,RL-218,UC
Washington_Berlin_rev.geoJSON,Berlin,Abbreviated_District_Name,RL-40,UC
Washington_Berlin_rev.geoJSON,Berlin,Abbreviated_District_Name,SC,UC
Washington_Berlin_rev.geoJSON,Berlin,Abbreviated_District_Name,TC,UC
Washington_Cabot_rev.geoJSON,Cabot,Abbreviated_District_Name,LDRA,V
Washington_Cabot_rev.geoJSON,Cabot,Abbreviated_District_Name,LV,V
Washington_Cabot_rev.geoJSON,Cabot,Abbreviated_District_Name,SD,V
Washington_Calais_Overlay_rev.geoJSON,Calais,Abbreviated_District_Name,FHO,UPL
Washington_Calais_Overlay_rev.geoJSON,Calais,Abbreviated_District_Name,KCO,UPL
Washington_Calais_Overlay_rev.geoJSON,Calais,Abbreviated_District_Name,SHROD,UPL
Washington_Calais_Overlays_rev.geoJSON,Calais,Abbreviated_District_Name,FHO,UPL
Washington_Calais_Overlays_rev.geoJSON,Calais,Abbreviated_District_Name,KCO,UPL
Washington_Calais_Overlays_rev.geoJSON,Calais,Abbreviated_District_Name,SHROD,UPL
Washington_Calais_rev.geoJSON,Calais,Abbreviated_District_Name,RR2,VIL
Washington_Calais_rev.geoJSON,Calais,Abbreviated_District_Name,RR1,VIL
Washington_Duxbury_rev.geoJSON,Duxbury,Abbreviated_District_Name,Ecological Reserve,Village
Washington_Duxbury_rev.geoJSON,Duxbury,Abbreviated_District_Name,Forest Rec.,Village
Washington_Duxbury_rev.geoJSON,Duxbury,Abbreviated_District_Name,Rural Ag II Residential,Village
Washington_Duxbury_rev.geoJSON,Duxbury,Abbreviated_District_Name,Rural Ag I Residential,Village
Washington_Duxbury_rev.geoJSON,Duxbury,Abbreviated_District_Name,State Farm,Village
Washington_Duxbury_rev.geoJSON,Duxbury,Abbreviated_District_Name,Forest Mgmt.,Village
Washington_EastMontpelier_rev.geoJSON,East Montpelier,Abbreviated_District_Name,A,VRMD
Washington_EastMontpelier_rev.geoJSON,East Montpelier,Abbreviated_District_Name,B,VRMD
Washington_EastMontpelier_rev.geoJSON,East Montpelier,Abbreviated_District_Name,C,VRMD
Washington_EastMontpelier_rev.geoJSON,East Montpelier,Abbreviated_District_Name,D,VRMD
Washington_EastMontpelier_rev.geoJSON,East Montpelier,Abbreviated_District_Name,E,VRMD
Washington_EastMontpelier_rev.geoJSON,East Montpelier,Abbreviated_District_Name,VMU,VRMD
Washington_EastMontpelier_rev.geoJSON,East Montpelier,Abbreviated_District_Name,VR,VRMD
Washington_Fayston_rev.geoJSON,Fayston,Abbreviated_District_Name,FR,SW
Washington_Fayston_rev.geoJSON,Fayston,Abbreviated_District_Name,ID,SW
Washington_Fayston_rev.geoJSON,Fayston,Abbreviated_District_Name,IC,SW
Washington_Fayston_rev.geoJSON,Fayston,Abbreviated_District_Name,REC,SW
Washington_Fayston_rev.geoJSON,Fayston,Abbreviated_District_Name,RD,SW
Washington_Fayston_rev.geoJSON,Fayston,Abbreviated_District_Name,RR,SW
Washington_Marshfield_rev.geoJSON,Marshfield,Abbreviated_District_Name,ARRD,VRD
Washington_Marshfield_rev.geoJSON,Marshfield,Abbreviated_District_Name,FHOD,VRD
Washington_Marshfield_rev.geoJSON,Marshfield,Abbreviated_District_Name,FCD,VRD
Washington_Middlesex_rev.geoJSON,Middlesex,Abbreviated_District_Name,C,P
Washington_Middlesex_rev.geoJSON,Middlesex,Abbreviated_District_Name,I,P
Washington_Middlesex_rev.geoJSON,Middlesex,Abbreviated_District_Name,MDR,P
Washington_Middlesex_rev.geoJSON,Middlesex,Abbreviated_District_Name,MU,P
Washington_Middlesex_rev.geoJSON,Middlesex,Abbreviated_District_Name,RR,P
Washington_Middlesex_rev.geoJSON,Middlesex,Abbreviated_District_Name,V,P
Washington_Montpelier_rev.geoJSON,Montpelier,Abbreviated_District_Name,EG,WG
Washington_Montpelier_rev.geoJSON,Montpelier,Abbreviated_District_Name,MUN,WG
Washington_Montpelier_rev.geoJSON,Montpelier,Abbreviated_District_Name,MUR,WG
Washington_Montpelier_rev.geoJSON,Montpelier,Abbreviated_District_Name,RES 1.5,WG
Washington_Montpelier_rev.geoJSON,Montpelier,Abbreviated_District_Name,RES 3,WG
Washington_Montpelier_rev.geoJSON,Montpelier,Abbreviated_District_Name,RES 6,WG
Washington_Montpelier_rev.geoJSON,Montpelier,Abbreviated_District_Name,RES 9,WG
Washington_Montpelier_rev.geoJSON,Montpelier,Abbreviated_District_Name,RIV,WG
Washington_Montpelier_rev.geoJSON,Montpelier,Abbreviated_District_Name,RL,WG
Washington_Montpelier_rev.geoJSON,Montpelier,Abbreviated_District_Name,UC2,WG
Washington_Montpelier_rev.geoJSON,Montpelier,Abbreviated_District_Name,UC3,WG
Washington_Montpelier_rev.geoJSON,Montpelier,Abbreviated_District_Name,UC1,WG
Washington_Montpelier_rev.geoJSON,Montpelier,Abbreviated_District_Name,UR,WG
Washington_Moretown_rev.geoJSON,Moretown,Abbreviated_District_Name,AG_RES,VLG
Washington_Moretown_rev.geoJSON,Moretown,Abbreviated_District_Name,COM,VLG
Washington_Moretown_rev.geoJSON,Moretown,Abbreviated_District_Name,PRES,VLG
Washington_Plainfield_rev.geoJSON,Plainfield,Abbreviated_District_Name,FALD,VD
Washington_Plainfield_rev.geoJSON,Plainfield,Abbreviated_District_Name,RLD,VD
Washington_Plainfield_rev.geoJSON,Plainfield,Abbreviated_District_Name,RRD,VD
Washington_Waitsfield_rev.geoJSON,Waitsfield,Abbreviated_District_Name,AR,VR
Washington_Waitsfield_rev.geoJSON,Waitsfield,Abbreviated_District_Name,FR,VR
Washington_Waitsfield_rev.geoJSON,Waitsfield,Abbreviated_District_Name,IN,VR
Washington_Waitsfield_rev.geoJSON,Waitsfield,Abbreviated_District_Name,IV,VR
Washington_Waitsfield_rev.geoJSON,Waitsfield,Abbreviated_District_Name,LB,VR
Washington_Waitsfield_rev.geoJSON,Waitsfield,Abbreviated_District_Name,VB,VR
Washington_Warren_rev.geoJSON,Warren,Abbreviated_District_Name,AC,WVMU
Washington_Warren_rev.geoJSON,Warren,Abbreviated_District_Name,ARC,WVMU
Washington_Warren_rev.geoJSON,Warren,Abbreviated_District_Name,AVR,WVMU
Washington_Warren_rev.geoJSON,Warren,Abbreviated_District_Name,BMC,WVMU
Washington_Warren_rev.geoJSON,Warren,Abbreviated_District_Name,FR,WVMU
Washington_Warren_rev.geoJSON,Warren,Abbreviated_District_Name,GFC,WVMU
Washington_Warren_rev.geoJSON,Warren,Abbreviated_District_Name,RR,WVMU
Washington_Warren_rev.geoJSON,Warren,Abbreviated_District_Name,SVC,WVMU
Washington_Warren_rev.geoJSON,Warren,Abbreviated_District_Name,SVR,WVMU
Washington_Warren_rev.geoJSON,Warren,Abbreviated_District_Name,VR,WVMU
Washington_Warren_rev.geoJSON,Warren,Abbreviated_District_Name,WVC,WVMU
Washington_Warren_rev.geoJSON,Warren,Abbreviated_District_Name,WVR,WVMU
Washington_Woodbury_rev.geoJSON,Woodbury,Abbreviated_District_Name,AR,V
Washington_Woodbury_rev.geoJSON,Woodbury,Abbreviated_District_Name,S,V
Windham_Brattleboro_rev.geojson,Brattleboro,Abbreviated_District_Name,IN,WF
Windham_Brattleboro_rev.geojson,Brattleboro,Abbreviated_District_Name,IT,WF
Windham_Brattleboro_rev.geojson,Brattleboro,Abbreviated_District_Name,MU,WF
Windham_Brattleboro_rev.geojson,Brattleboro,Abbreviated_District_Name,NC,WF
Windham_Brattleboro_rev.geojson,Brattleboro,Abbreviated_District_Name,RN-36,WF
Windham_Brattleboro_rev.geojson,Brattleboro,Abbreviated_District_Name,RN-54,WF
Windham_Brattleboro_rev.geojson,Brattleboro,Abbreviated_District_Name,RL,WF
Windham_Brattleboro_rev.geojson,Brattleboro,Abbreviated_District_Name,RR,WF
Windham_Brattleboro_rev.geojson,Brattleboro,Abbreviated_District_Name,SC,WF
Windham_Brattleboro_rev.geojson,Brattleboro,Abbreviated_District_Name,UC,WF
Windham_Brattleboro_rev.geojson,Brattleboro,Abbreviated_District_Name,VC,WF
Windham_Dover_rev.geoJSON,Dover,Abbreviated_District_Name,COM,VIL
Windham_Dover_rev.geoJSON,Dover,Abbreviated_District_Name,CON,VIL
Windham_Dover_rev.geoJSON,Dover,Abbreviated_District_Name,IND,VIL
Windham_Dover_rev.geoJSON,Dover,Abbreviated_District_Name,PRO,VIL
Windham_Dover_rev.geoJSON,Dover,Abbreviated_District_Name,RES,VIL
Windham_Dover_rev.geoJSON,Dover,Abbreviated_District_Name,RST,VIL
Windham_Dover_rev.geoJSON,Dover,Abbreviated_District_Name,SWR,VIL
Windham_Dover_rev.geoJSON,Dover,Abbreviated_District_Name,TDR,VIL
Windham_Dover_rev.geoJSON,Dover,Abbreviated_District_Name,VAC,VIL
Windham_Dummerston_rev.geoJSON,Dummerston,Abbreviated_District_Name,CI,SA
Windham_Dummerston_rev.geoJSON,Dummerston,Abbreviated_District_Name,CN,SA
Windham_Dummerston_rev.geoJSON,Dummerston,Abbreviated_District_Name,PL,SA
Windham_Dummerston_rev.geoJSON,Dummerston,Abbreviated_District_Name,RC,SA
Windham_Dummerston_rev.geoJSON,Dummerston,Abbreviated_District_Name,RES,SA
Windham_Dummerston_rev.geoJSON,Dummerston,Abbreviated_District_Name,RO,SA
Windham_Dummerston_rev.geoJSON,Dummerston,Abbreviated_District_Name,RR,SA
Windham_Dummerston_rev.geoJSON,Dummerston,Abbreviated_District_Name,RUR,SA
Windham_Londonderry_Overlay_rev.geojson,Londonderry,Abbreviated_District_Name,RCO,FHO
Windham_Londonderry_rev.geojson,Londonderry,Abbreviated_District_Name,R1,VR
Windham_Londonderry_rev.geojson,Londonderry,Abbreviated_District_Name,R3,VR
Windham_Londonderry_rev.geojson,Londonderry,Abbreviated_District_Name,RC,VR
Windham_Londonderry_rev.geojson,Londonderry,Abbreviated_District_Name,S,VR
Windham_Londonderry_rev.geojson,Londonderry,Abbreviated_District_Name,SC,VR
Windham_Londonderry_rev.geojson,Londonderry,Abbreviated_District_Name,VC,VR
Windham_Marlboro_rev.geoJSON,Marlboro,Abbreviated_District_Name,AGR/F,COM-W
Windham_Marlboro_rev.geoJSON,Marlboro,Abbreviated_District_Name,COM-E,COM-W
Windham_Marlboro_rev.geoJSON,Marlboro,Abbreviated_District_Name,CONS,COM-W
Windham_Marlboro_rev.geoJSON,Marlboro,Abbreviated_District_Name,EDU,COM-W
Windham_Marlboro_rev.geoJSON,Marlboro,Abbreviated_District_Name,RUR,COM-W
Windham_Marlboro_rev.geoJSON,Marlboro,Abbreviated_District_Name,VIL,COM-W
Windham_Putney_rev.geojson,Putney,Abbreviated_District_Name,CN,VR
Windham_Putney_rev.geojson,Putney,District_Type,Mixed with Residential,Primarily Residential
Windham_Putney_rev.geojson,Putney,F1F_Min_Lot,27.0,1.0
Windham_Putney_rev.geojson,Putney,F1F_Front_Setback,40.0,10.0
Windham_Putney_rev.geojson,Putney,F1F_Side_Setback,40.0,10.0
Windham_Putney_rev.geojson,Putney,F1F_Rear_Setback,40.0,10.0
Windham_Putney_rev.geojson,Putney,F2F_Min_Lot_Size,27.0,1.0
Windham_Putney_rev.geojson,Putney,F2F_Front_Setback,40.0,10.0
Windham_Putney_rev.geojson,Putney,F2F_Side_Setback,40.0,10.0
Windham_Putney_rev.geojson,Putney,F2F_Rear_Setback,40.0,10.0
Windham_Putney_rev.geojson,Putney,F3F_Min_Lot_Size,37.0,1.0
Windham_Putney_rev.geojson,Putney,F3F_Front_Setback,40.0,10.0
Windham_Putney_rev.geojson,Putney,F3F_Side_Setback,40.0,10.0
Windham_Putney_rev.geojson,Putney,F3F_Rear_Setback,40.0,10.0
Windham_Putney_rev.geojson,Putney,PRD_Allowance,Prohibited,Public Hearing
Windham_Putney_rev.geojson,Putney,PRD_Mobile_or_Manufactured_Home_Park,No,Yes
Windham_Putney_rev.geojson,Putney,Notes,Building setback minimum from Town or State highway rights-of-way: 15 ft,"Minimum lot area changes based on sewage connectivity, info below reflects non-sewered lots. Sewered lot info: 1 family: 0.46 acre minimum lot size; 2 family: 0.46 acre minimum lot size; 3 family: 0.46 acre minimum lot size; 4 family: 0.69 acre minimum lot size; 5 family: 0.92 acre minimum lot size"
Windham_Putney_rev.geojson,Putney,PUD_Allowance,f,t
Windham_Putney_rev.geojson,Putney,F3F_Allowance,Public Hearing,Allowed/Conditional
Windham_Putney_rev.geojson,Putney,F4F_Allowance,Prohibited,Allowed/Conditional
Windham_Putney_rev.geojson,Putney,District_Name,Conservation,Village Residential
Windham_Putney_rev.geojson,Putney,Abbreviated_District_Name,MU,VR
Windham_Putney_rev.geojson,Putney,District_Type,Mixed with Residential,Primarily Residential
Windham_Putney_rev.geojson,Putney,F1F_Min_Lot,2.0,1.0
Windham_Putney_rev.geojson,Putney,F1F_Front_Setback,30.0,10.0
Windham_Putney_rev.geojson,Putney,F1F_Side_Setback,30.0,10.0
Windham_Putney_rev.geojson,Putney,F1F_Rear_Setback,30.0,10.0
Windham_Putney_rev.geojson,Putney,F2F_Min_Lot_Size,2.0,1.0
Windham_Putney_rev.geojson,Putney,F2F_Front_Setback,30.0,10.0
Windham_Putney_rev.geojson,Putney,F2F_Side_Setback,30.0,10.0
Windham_Putney_rev.geojson,Putney,F2F_Rear_Setback,30.0,10.0
Windham_Putney_rev.geojson,Putney,F3F_Min_Lot_Size,4.0,1.0
Windham_Putney_rev.geojson,Putney,F3F_Front_Setback,30.0,10.0
Windham_Putney_rev.geojson,Putney,F3F_Side_Setback,30.0,10.0
Windham_Putney_rev.geojson,Putney,F3F_Rear_Setback,30.0,10.0
Windham_Putney_rev.geojson,Putney,F4F_Min_Lot_Size,6,1.57
Windham_Putney_rev.geojson,Putney,F4F_Front_Setback,30,10
Windham_Putney_rev.geojson,Putney,F4F_Side_Setback,30,10
Windham_Putney_rev.geojson,Putney,F4F_Rear_Setback,30,10
Windham_Putney_rev.geojson,Putney,Notes,Building setback minimum from Town or State highway rights-of-way: 25 ft,"Minimum lot area changes based on sewage connectivity, info below reflects non-sewered lots. Sewered lot info: 1 family: 0.46 acre minimum lot size; 2 family: 0.46 acre minimum lot size; 3 family: 0.46 acre minimum lot size; 4 family: 0.69 acre minimum lot size; 5 family: 0.92 acre minimum lot size"
Windham_Putney_rev.geojson,Putney,F3F_Allowance,Public Hearing,Allowed/Conditional
Windham_Putney_rev.geojson,Putney,F4F_Allowance,Public Hearing,Allowed/Conditional
Windham_Putney_rev.geojson,Putney,District_Name,Multiple Use,Village Residential
Windham_Putney_rev.geojson,Putney,Abbreviated_District_Name,RR,VR
Windham_Putney_rev.geojson,Putney,F1F_Min_Lot,2.0,1.0
Windham_Putney_rev.geojson,Putney,F1F_Front_Setback,20.0,10.0
Windham_Putney_rev.geojson,Putney,F1F_Side_Setback,20.0,10.0
Windham_Putney_rev.geojson,Putney,F1F_Rear_Setback,20.0,10.0
Windham_Putney_rev.geojson,Putney,F2F_Min_Lot_Size,2.0,1.0
Windham_Putney_rev.geojson,Putney,F2F_Front_Setback,20.0,10.0
Windham_Putney_rev.geojson,Putney,F2F_Side_Setback,20.0,10.0
Windham_Putney_rev.geojson,Putney,F2F_Rear_Setback,20.0,10.0
Windham_Putney_rev.geojson,Putney,F3F_Min_Lot_Size,3.0,1.0
Windham_Putney_rev.geojson,Putney,F3F_Front_Setback,20.0,10.0
Windham_Putney_rev.geojson,Putney,F3F_Side_Setback,20.0,10.0
Windham_Putney_rev.geojson,Putney,F3F_Rear_Setback,20.0,10.0
Windham_Putney_rev.geojson,Putney,F4F_Min_Lot_Size,4,1.57
Windham_Putney_rev.geojson,Putney,F4F_Front_Setback,20,10
Windham_Putney_rev.geojson,Putney,F4F_Side_Setback,20,10
Windham_Putney_rev.geojson,Putney,F4F_Rear_Setback,20,10
Windham_Putney_rev.geojson,Putney,Notes,Building setback minimum from Town or State highway rights-of-way: 15 ft,"Minimum lot area changes based on sewage connectivity, info below reflects non-sewered lots. Sewered lot info: 1 family: 0.46 acre minimum lot size; 2 family: 0.46 acre minimum lot size; 3 family: 0.46 acre minimum lot size; 4 family: 0.69 acre minimum lot size; 5 family: 0.92 acre minimum lot size"
Windham_Putney_rev.geojson,Putney,F3F_Allowance,Public Hearing,Allowed/Conditional
Windham_Putney_rev.geojson,Putney,F4F_Allowance,Public Hearing,Allowed/Conditional
Windham_Putney_rev.geojson,Putney,District_Name,Rural Residential,Village Residential
Windham_Putney_rev.geojson,Putney,Abbreviated_District_Name,RS,VR
Windham_Putney_rev.geojson,Putney,District_Type,Mixed with Residential,Primarily Residential
Windham_Putney_rev.geojson,Putney,F1F_Min_Lot,10.0,1.0
Windham_Putney_rev.geojson,Putney,F1F_Front_Setback,40.0,10.0
Windham_Putney_rev.geojson,Putney,F1F_Side_Setback,40.0,10.0
Windham_Putney_rev.geojson,Putney,F1F_Rear_Setback,40.0,10.0
Windham_Putney_rev.geojson,Putney,F2F_Min_Lot_Size,10.0,1.0
Windham_Putney_rev.geojson,Putney,F2F_Front_Setback,40.0,10.0
Windham_Putney_rev.geojson,Putney,F2F_Side_Setback,40.0,10.0
Windham_Putney_rev.geojson,Putney,F2F_Rear_Setback,40.0,10.0
Windham_Putney_rev.geojson,Putney,F3F_Min_Lot_Size,15.0,1.0
Windham_Putney_rev.geojson,Putney,F3F_Front_Setback,40.0,10.0
Windham_Putney_rev.geojson,Putney,F3F_Side_Setback,40.0,10.0
Windham_Putney_rev.geojson,Putney,F3F_Rear_Setback,40.0,10.0
Windham_Putney_rev.geojson,Putney,F4F_Min_Lot_Size,20,1.57
Windham_Putney_rev.geojson,Putney,F4F_Front_Setback,40,10
Windham_Putney_rev.geojson,Putney,F4F_Side_Setback,40,10
Windham_Putney_rev.geojson,Putney,F4F_Rear_Setback,40,10
Windham_Putney_rev.geojson,Putney,Notes,Building setback minimum from Town or State highway rights-of-way: 15 ft,"Minimum lot area changes based on sewage connectivity, info below reflects non-sewered lots. Sewered lot info: 1 family: 0.46 acre minimum lot size; 2 family: 0.46 acre minimum lot size; 3 family: 0.46 acre minimum lot size; 4 family: 0.69 acre minimum lot size; 5 family: 0.92 acre minimum lot size"
Windham_Putney_rev.geojson,Putney,F3F_Allowance,Public Hearing,Allowed/Conditional
Windham_Putney_rev.geojson,Putney,F4F_Allowance,Public Hearing,Allowed/Conditional
Windham_Putney_rev.geojson,Putney,District_Name,Resource,Village Residential
Windham_Putney_rev.geojson,Putney,Abbreviated_District_Name,V,VR
Windham_Putney_rev.geojson,Putney,District_Type,Mixed with Residential,Primarily Residential
Windham_Putney_rev.geojson,Putney,F1F_Min_Lot,0.92,1.0
Windham_Putney_rev.geojson,Putney,F2F_Min_Lot_Size,0.92,1.0
Windham_Putney_rev.geojson,Putney,F3F_Min_Lot_Size,0.92,1.0
Windham_Putney_rev.geojson,Putney,F4F_Min_Lot_Size,1.49,1.57
Windham_Putney_rev.geojson,Putney,Notes,"Minimum lot area changes based on sewage and connectivity. Only Sewered lot info: 1 family: 0.34 acre minimum lot size; 2 family: 0.34 acre minimum lot size; 3 family: 0.34 acre minimum lot size; 4 family: 0.46 acre minimum lot size; 5 family: 0.57 acre minimum lot size

Town water and sewage: 1 family: 0.23 acre minimum lot size; 2 family: 0.23 acre minimum lot size; 3 family: 0.23 acre minimum lot size; 4 family: 0.34 acre minimum lot size; 5 family: 0.46 acre minimum lot size

Building setback minimum from Town or State highway rights-of-way: 0 ft, max 50 ft","Minimum lot area changes based on sewage connectivity, info below reflects non-sewered lots. Sewered lot info: 1 family: 0.46 acre minimum lot size; 2 family: 0.46 acre minimum lot size; 3 family: 0.46 acre minimum lot size; 4 family: 0.69 acre minimum lot size; 5 family: 0.92 acre minimum lot size"
Windham_Putney_rev.geojson,Putney,District_Name,Village,Village Residential
Windham_Rockingham_rev.geojson,Rockingham,Abbreviated_District_Name,AF,SR
Windham_Rockingham_rev.geojson,Rockingham,Abbreviated_District_Name,WD,SR
Windham_Rockingham_rev.geojson,Rockingham,Abbreviated_District_Name,CB-7,SR
Windham_Rockingham_rev.geojson,Rockingham,Abbreviated_District_Name,CBE-14,SR
Windham_Rockingham_rev.geojson,Rockingham,Abbreviated_District_Name,C-I 1,SR
Windham_Rockingham_rev.geojson,Rockingham,Abbreviated_District_Name,C-I 2,SR
Windham_Rockingham_rev.geojson,Rockingham,Abbreviated_District_Name,IND-14,SR
Windham_Rockingham_rev.geojson,Rockingham,Abbreviated_District_Name,MHHD,SR
Windham_Rockingham_rev.geojson,Rockingham,Abbreviated_District_Name,RC,SR
Windham_Rockingham_rev.geojson,Rockingham,Abbreviated_District_Name,R14,SR
Windham_Rockingham_rev.geojson,Rockingham,Abbreviated_District_Name,R-7,SR
Windham_Rockingham_rev.geojson,Rockingham,Abbreviated_District_Name,R-14,SR
Windham_Rockingham_rev.geojson,Rockingham,Abbreviated_District_Name,RB-14,SR
Windham_Rockingham_rev.geojson,Rockingham,Abbreviated_District_Name,RR-1,SR
Windham_Rockingham_rev.geojson,Rockingham,Abbreviated_District_Name,RR-5,SR
Windham_Stratton_rev.geoJSON,Stratton,Abbreviated_District_Name,CN,RES
Windham_Stratton_rev.geoJSON,Stratton,Abbreviated_District_Name,C/R,RES
Windham_Stratton_rev.geoJSON,Stratton,Abbreviated_District_Name,FH,RES
Windham_Stratton_rev.geoJSON,Stratton,Abbreviated_District_Name,G,RES
Windham_Stratton_rev.geoJSON,Stratton,Abbreviated_District_Name,P,RES
Windham_Stratton_rev.geoJSON,Stratton,Abbreviated_District_Name,REC,RES
Windham_Wardsboro_rev.geoJSON,Wardsboro,Abbreviated_District_Name,CN,V
Windham_Wardsboro_rev.geoJSON,Wardsboro,Abbreviated_District_Name,RR,V
Windham_Wardsboro_rev.geoJSON,Wardsboro,Abbreviated_District_Name,RsR,V
Windham_Westminster_rev.geoJSON,Westminster,Abbreviated_District_Name,COM/IND,V
Windham_Westminster_rev.geoJSON,Westminster,Abbreviated_District_Name,CR,V
Windham_Westminster_rev.geoJSON,Westminster,Abbreviated_District_Name,R,V
Windham_Westminster_rev.geoJSON,Westminster,Abbreviated_District_Name,RC,V
Windham_Westminster_rev.geoJSON,Westminster,Abbreviated_District_Name,Ru,V
Windham_Whitingham_rev.geoJSON,Whitingham,Abbreviated_District_Name,C,V
Windham_Whitingham_rev.geoJSON,Whitingham,Abbreviated_District_Name,RR,V
Windham_Whitingham_rev.geoJSON,Whitingham,Abbreviated_District_Name,Ru,V
Windham_Wilmington_rev.geoJSON,Wilmington,Abbreviated_District_Name,COM/RES,VIL
Windham_Wilmington_rev.geoJSON,Wilmington,Abbreviated_District_Name,CON,VIL
Windham_Wilmington_rev.geoJSON,Wilmington,Abbreviated_District_Name,HDRD,VIL
Windham_Wilmington_rev.geoJSON,Wilmington,Abbreviated_District_Name,R-COM/RES,VIL
Windham_Wilmington_rev.geoJSON,Wilmington,Abbreviated_District_Name,RES,VIL
Windham_Wilmington_rev.geoJSON,Wilmington,Abbreviated_District_Name,R-RES,VIL
Windham_Windham_rev.geoJSON,Windham,Abbreviated_District_Name,F,RR
Windham_Windham_rev.geoJSON,Windham,Abbreviated_District_Name,H,RR
Windham_Windham_rev.geoJSON,Windham,Abbreviated_District_Name,RC,RR
Windsor_Barnard_Overlay_rev.geoJSON,Barnard,Abbreviated_District_Name,FHO,SLO
Windsor_Barnard_Overlay_rev.geoJSON,Barnard,Abbreviated_District_Name,PVO,SLO
Windsor_Bethel_Overlay_rev.geoJSON,Bethel,Abbreviated_District_Name,FHD,WHPD
Windsor_Bethel_Overlay_rev.geoJSON,Bethel,Abbreviated_District_Name,RCOD,WHPD
Windsor_Bethel_rev.geoJSON,Bethel,Abbreviated_District_Name,CBD,VD
Windsor_Bethel_rev.geoJSON,Bethel,Abbreviated_District_Name,HD,VD
Windsor_Bethel_rev.geoJSON,Bethel,Abbreviated_District_Name,MDRD,VD
Windsor_Bethel_rev.geoJSON,Bethel,Abbreviated_District_Name,RCD,VD
Windsor_Bethel_rev.geoJSON,Bethel,Abbreviated_District_Name,RD,VD
Windsor_Chester_rev.geoJSON,Chester,Abbreviated_District_Name,A3,VG
Windsor_Chester_rev.geoJSON,Chester,Abbreviated_District_Name,CR,VG
Windsor_Chester_rev.geoJSON,Chester,Abbreviated_District_Name,F,VG
Windsor_Chester_rev.geoJSON,Chester,Abbreviated_District_Name,GB,VG
Windsor_Chester_rev.geoJSON,Chester,Abbreviated_District_Name,MU,VG
Windsor_Chester_rev.geoJSON,Chester,Abbreviated_District_Name,N,VG
Windsor_Chester_rev.geoJSON,Chester,Abbreviated_District_Name,OS,VG
Windsor_Chester_rev.geoJSON,Chester,Abbreviated_District_Name,R120,VG
Windsor_Chester_rev.geoJSON,Chester,Abbreviated_District_Name,R40,VG
Windsor_Chester_rev.geoJSON,Chester,Abbreviated_District_Name,SV,VG
Windsor_Chester_rev.geoJSON,Chester,Abbreviated_District_Name,VC,VG
Windsor_Hartford_Overlay_rev.geoJSON,Hartford,Abbreviated_District_Name,AOD,WCOD
Windsor_Hartford_Overlay_rev.geoJSON,Hartford,Abbreviated_District_Name,RLOD,WCOD
Windsor_Hartford_rev.geoJSON,Hartford,Abbreviated_District_Name,CB,VR-C
Windsor_Hartford_rev.geoJSON,Hartford,Abbreviated_District_Name,CB-2,VR-C
Windsor_Hartford_rev.geoJSON,Hartford,Abbreviated_District_Name,FC,VR-C
Windsor_Hartford_rev.geoJSON,Hartford,Abbreviated_District_Name,HC,VR-C
Windsor_Hartford_rev.geoJSON,Hartford,Abbreviated_District_Name,I-C,VR-C
Windsor_Hartford_rev.geoJSON,Hartford,Abbreviated_District_Name,I-C2,VR-C
Windsor_Hartford_rev.geoJSON,Hartford,Abbreviated_District_Name,QG,VR-C
Windsor_Hartford_rev.geoJSON,Hartford,Abbreviated_District_Name,QII,VR-C
Windsor_Hartford_rev.geoJSON,Hartford,Abbreviated_District_Name,R-1,VR-C
Windsor_Hartford_rev.geoJSON,Hartford,Abbreviated_District_Name,R-1M,VR-C
Windsor_Hartford_rev.geoJSON,Hartford,Abbreviated_District_Name,R-2,VR-C
Windsor_Hartford_rev.geoJSON,Hartford,Abbreviated_District_Name,R-3,VR-C
Windsor_Hartford_rev.geoJSON,Hartford,Abbreviated_District_Name,RC-2,VR-C
Windsor_Hartford_rev.geoJSON,Hartford,Abbreviated_District_Name,RL-1,VR-C
Windsor_Hartford_rev.geoJSON,Hartford,Abbreviated_District_Name,RL-10,VR-C
Windsor_Hartford_rev.geoJSON,Hartford,Abbreviated_District_Name,RL-3,VR-C
Windsor_Hartford_rev.geoJSON,Hartford,Abbreviated_District_Name,RL-5,VR-C
Windsor_Hartford_rev.geoJSON,Hartford,Abbreviated_District_Name,VB,VR-C
Windsor_Hartford_rev.geoJSON,Hartford,Abbreviated_District_Name,VR-1,VR-C
Windsor_Hartford_rev.geoJSON,Hartford,Abbreviated_District_Name,VR-2,VR-C
Windsor_LudlowTown_rev.geojson,Ludlow Town,Abbreviated_District_Name,Aquifer,R-C2
Windsor_LudlowTown_rev.geojson,Ludlow Town,Abbreviated_District_Name,Ind,R-C2
Windsor_LudlowTown_rev.geojson,Ludlow Town,Abbreviated_District_Name,JacG,R-C2
Windsor_LudlowTown_rev.geojson,Ludlow Town,Abbreviated_District_Name,Lakes,R-C2
Windsor_LudlowTown_rev.geojson,Ludlow Town,Abbreviated_District_Name,MtRec,R-C2
Windsor_LudlowTown_rev.geojson,Ludlow Town,Abbreviated_District_Name,PropMuni,R-C2
Windsor_LudlowTown_rev.geojson,Ludlow Town,Abbreviated_District_Name,Res,R-C2
Windsor_LudlowTown_rev.geojson,Ludlow Town,Abbreviated_District_Name,R-C1,R-C2
Windsor_LudlowVillage_rev.geojson,Ludlow Village,Abbreviated_District_Name,L-P,R-C
Windsor_LudlowVillage_rev.geojson,Ludlow Village,Abbreviated_District_Name,V-R,R-C
Windsor_Norwich_Overlay_rev.geoJSON,Norwich,Abbreviated_District_Name,APO,RLO
Windsor_Norwich_Overlay_rev.geoJSON,Norwich,Abbreviated_District_Name,FHO,RLO
Windsor_Norwich_rev.geojson,Norwich,Abbreviated_District_Name,VB,VRII
Windsor_Norwich_rev.geojson,Norwich,Abbreviated_District_Name,CI,VRII
Windsor_Norwich_rev.geojson,Norwich,Abbreviated_District_Name,RR,VRII
Windsor_Norwich_rev.geojson,Norwich,Abbreviated_District_Name,VRI,VRII
Windsor_Plymouth_Overlay_rev.geoJSON,Plymouth,Abbreviated_District_Name,FH,SL
Windsor_Plymouth_Overlay_rev.geoJSON,Plymouth,Abbreviated_District_Name,CHH,SL
Windsor_Plymouth_rev.geoJSON,Plymouth,Abbreviated_District_Name,CON,VR
Windsor_Plymouth_rev.geoJSON,Plymouth,Abbreviated_District_Name,MR,VR
Windsor_Plymouth_rev.geoJSON,Plymouth,Abbreviated_District_Name,RD10,VR
Windsor_Plymouth_rev.geoJSON,Plymouth,Abbreviated_District_Name,RD2,VR
Windsor_Plymouth_rev.geoJSON,Plymouth,Abbreviated_District_Name,RD5,VR
Windsor_Plymouth_rev.geoJSON,Plymouth,Abbreviated_District_Name,VIL,VR
Windsor_Pomfret_Overlays_rev.geoJSON,Pomfret,Abbreviated_District_Name,FHO,RHO
Windsor_Pomfret_rev.geoJSON,Pomfret,Abbreviated_District_Name,RD,VD
Windsor_Reading_Overlays_rev.geoJSON,Reading,Abbreviated_District_Name,RPO,SWHOD
Windsor_Reading_rev.geoJSON,Reading,Abbreviated_District_Name,IM,RC-25
Windsor_Reading_rev.geoJSON,Reading,Abbreviated_District_Name,R-1,RC-25
Windsor_Reading_rev.geoJSON,Reading,Abbreviated_District_Name,RC-B,RC-25
Windsor_Reading_rev.geoJSON,Reading,Abbreviated_District_Name,RC-A,RC-25
Windsor_Reading_rev.geoJSON,Reading,Abbreviated_District_Name,RR-10,RC-25
Windsor_Reading_rev.geoJSON,Reading,Abbreviated_District_Name,RR-5,RC-25
Windsor_Rochester_rev.geoJSON,Roochester,Abbreviated_District_Name,AG-RES,BUS-RES
Windsor_Rochester_rev.geoJSON,Roochester,Abbreviated_District_Name,Aquifer Recharge,BUS-RES
Windsor_Rochester_rev.geoJSON,Roochester,Abbreviated_District_Name,COM-AG,BUS-RES
Windsor_Rochester_rev.geoJSON,Roochester,Abbreviated_District_Name,CON-RES,BUS-RES
Windsor_Springfield_Overlays_rev.geojson,Springfield,Abbreviated_District_Name,Airport Protection Overlay District,RPD
Windsor_Springfield_Overlays_rev.geojson,Springfield,Abbreviated_District_Name,ARPA-P,RPD
Windsor_Springfield_Overlays_rev.geojson,Springfield,Abbreviated_District_Name,ARPA-S,RPD
Windsor_Springfield_Overlays_rev.geojson,Springfield,Abbreviated_District_Name,Downtown Design Control Overlay District,RPD
Windsor_Springfield_Overlays_rev.geojson,Springfield,Abbreviated_District_Name,Observatory protection overlay district,RPD
Windsor_Springfield_rev.geojson,Springfield,Abbreviated_District_Name,CB,RC
Windsor_Springfield_rev.geojson,Springfield,Abbreviated_District_Name,E7,RC
Windsor_Springfield_rev.geojson,Springfield,Abbreviated_District_Name,GB,RC
Windsor_Springfield_rev.geojson,Springfield,Abbreviated_District_Name,HDR,RC
Windsor_Springfield_rev.geojson,Springfield,Abbreviated_District_Name,IND,RC
Windsor_Springfield_rev.geojson,Springfield,Abbreviated_District_Name,IND/C,RC
Windsor_Springfield_rev.geojson,Springfield,Abbreviated_District_Name,LR-10,RC
Windsor_Springfield_rev.geojson,Springfield,Abbreviated_District_Name,LR-25,RC
Windsor_Springfield_rev.geojson,Springfield,Abbreviated_District_Name,MDR,RC
Windsor_Springfield_rev.geojson,Springfield,Abbreviated_District_Name,NRPD,RC
Windsor_Springfield_rev.geojson,Springfield,Abbreviated_District_Name,RA-2,RC
Windsor_Springfield_rev.geojson,Springfield,Abbreviated_District_Name,RA-5,RC
Windsor_Stockbridge_rev.geojson,Stockbridge,Abbreviated_District_Name,SSH,VR
Windsor_Stockbridge_rev.geojson,Stockbridge,Abbreviated_District_Name,MULI,VR
Windsor_Stockbridge_rev.geojson,Stockbridge,Abbreviated_District_Name,RR,VR
Windsor_Stockbridge_rev.geojson,Stockbridge,Abbreviated_District_Name,UC,VR
Windsor_Weathersfield_rev.geoJSON,Weathersfield,Abbreviated_District_Name,C-10,V
Windsor_Weathersfield_rev.geoJSON,Weathersfield,Abbreviated_District_Name,H,V
Windsor_Weathersfield_rev.geoJSON,Weathersfield,Abbreviated_District_Name,HC,V
Windsor_Weathersfield_rev.geoJSON,Weathersfield,Abbreviated_District_Name,I,V
Windsor_Weathersfield_rev.geoJSON,Weathersfield,Abbreviated_District_Name,RR-1,V
Windsor_Weathersfield_rev.geoJSON,Weathersfield,Abbreviated_District_Name,RRR 3-5,V
Windsor_WestWindsor_rev.geoJSON,West Windsor,Abbreviated_District_Name,IND/COM,SGR-5/4
Windsor_WestWindsor_rev.geoJSON,West Windsor,Abbreviated_District_Name,CON-30,SGR-5/4
Windsor_WestWindsor_rev.geoJSON,West Windsor,Abbreviated_District_Name,PGV-1,SGR-5/4
Windsor_WestWindsor_rev.geoJSON,West Windsor,Abbreviated_District_Name,R/C PUD,SGR-5/4
Windsor_WestWindsor_rev.geoJSON,West Windsor,Abbreviated_District_Name,R/R,SGR-5/4
Windsor_WestWindsor_rev.geoJSON,West Windsor,Abbreviated_District_Name,RR-5,SGR-5/4
Windsor_Weston_rev.geojson,Weston,Abbreviated_District_Name,Com,V
Windsor_Weston_rev.geojson,Weston,Abbreviated_District_Name,C,V
Windsor_Weston_rev.geojson,Weston,Abbreviated_District_Name,I,V
Windsor_Weston_rev.geojson,Weston,Abbreviated_District_Name,Re,V
Windsor_Weston_rev.geojson,Weston,Abbreviated_District_Name,R,V
Windsor_Weston_rev.geojson,Weston,Abbreviated_District_Name,RR,V
Windsor_Windsor_rev.geoJSON,Windsor,Abbreviated_District_Name,CB,VMU
Windsor_Windsor_rev.geoJSON,Windsor,Abbreviated_District_Name,HDR,VMU
Windsor_Windsor_rev.geoJSON,Windsor,Abbreviated_District_Name,IND,VMU
Windsor_Windsor_rev.geoJSON,Windsor,Abbreviated_District_Name,LDR,VMU
Windsor_Windsor_rev.geoJSON,Windsor,Abbreviated_District_Name,MDR,VMU
Windsor_Windsor_rev.geoJSON,Windsor,Abbreviated_District_Name,RES,VMU
Windsor_Windsor_rev.geoJSON,Windsor,Abbreviated_District_Name,RB,VMU
Windsor_Windsor_rev.geoJSON,Windsor,Abbreviated_District_Name,RUR,VMU
Windsor_WoodstockTown_Overlays_rev.geoJSON,Woodstock Town,Abbreviated_District_Name,APO,DRO
Windsor_WoodstockTown_Overlays_rev.geoJSON,Woodstock Town,Abbreviated_District_Name,SRO,DRO
Windsor_WoodstockTown_rev.geoJSON,Woodstock Town,Abbreviated_District_Name,BS/LI,R/O
Windsor_WoodstockTown_rev.geoJSON,Woodstock Town,Abbreviated_District_Name,C/LI,R/O
Windsor_WoodstockTown_rev.geoJSON,Woodstock Town,Abbreviated_District_Name,COM,R/O
Windsor_WoodstockTown_rev.geoJSON,Woodstock Town,Abbreviated_District_Name,FR,R/O
Windsor_WoodstockTown_rev.geoJSON,Woodstock Town,Abbreviated_District_Name,HC,R/O
Windsor_WoodstockTown_rev.geoJSON,Woodstock Town,Abbreviated_District_Name,I,R/O
Windsor_WoodstockTown_rev.geoJSON,Woodstock Town,Abbreviated_District_Name,LC/LI,R/O
Windsor_WoodstockTown_rev.geoJSON,Woodstock Town,Abbreviated_District_Name,LC/LI,R/O
Windsor_WoodstockTown_rev.geoJSON,Woodstock Town,Abbreviated_District_Name,R-1,R/O
Windsor_WoodstockTown_rev.geoJSON,Woodstock Town,Abbreviated_District_Name,R-3,R/O
Windsor_WoodstockTown_rev.geoJSON,Woodstock Town,Abbreviated_District_Name,R-5,R/O
Windsor_WoodstockTown_rev.geoJSON,Woodstock Town,Abbreviated_District_Name,RHD,R/O
Windsor_WoodstockTown_rev.geoJSON,Woodstock Town,Abbreviated_District_Name,RLD,R/O
Windsor_WoodstockTown_rev.geoJSON,Woodstock Town,Abbreviated_District_Name,RMD,R/O
Windsor_WoodstockVillage_Overlay_rev.geoJSON,Woodstock Village,Abbreviated_District_Name,DRO,SRO
